timestamp,fit_power_T @ 0x24000B18,power_res @ 0x24001018,fit_power_W @ 0x24000B1C
0.000000,-0.003406,2.851758,0.000000
0.005688,-0.003406,3.029435,0.000000
0.009604,0.000110,2.779145,0.000000
0.016104,0.000110,2.891346,0.000000
0.024819,-0.003516,2.958459,0.000000
0.028909,-0.003516,2.808553,0.000000
0.036467,-0.003516,2.997910,0.000000
0.041017,0.000110,2.868730,0.000000
0.046371,0.000110,2.695306,0.000000
0.054484,0.003790,2.926113,0.000000
0.058891,0.003790,2.761183,0.000000
0.073307,0.000220,2.761183,0.000000
0.077705,0.000220,2.761183,0.000000
0.084887,0.000110,2.761183,0.000000
0.090378,0.000110,2.761183,0.000000
0.097811,0.000110,2.761183,0.000000
0.105945,0.000110,2.761183,0.000000
0.111890,0.000110,2.761183,0.000000
0.119825,0.000220,2.761183,0.000000
0.133467,0.000220,2.938336,0.000000
0.140521,-0.003186,2.903624,0.000000
0.146334,-0.003186,2.894653,0.000000
0.150444,0.000330,2.872316,0.000000
0.157404,0.000330,2.947430,0.000000
0.163438,0.000220,2.800685,0.000000
0.174071,0.000220,2.764721,0.000000
0.178386,0.003790,2.954938,0.000000
0.185510,0.003790,2.722408,0.000000
0.196762,0.000110,2.773200,0.000000
0.204384,0.000110,2.894175,0.000000
0.211354,0.000110,2.949518,0.000000
0.216029,0.000110,2.774245,0.000000
0.222727,0.000110,2.858122,0.000000
0.230141,0.000110,2.808883,0.000000
0.235960,0.003680,2.846963,0.000000
0.243523,0.003680,2.941835,0.000000
0.247693,0.003680,2.943407,0.000000
0.252776,0.000110,2.860313,0.000000
0.256912,0.000110,3.144660,0.000000
0.261276,0.000110,3.091666,0.000000
0.266010,-0.003406,2.832440,0.000000
0.274685,-0.003406,2.999403,0.000000
0.279599,-0.003406,2.752382,0.000000
0.287079,-0.003406,2.995937,0.000000
0.292171,0.000220,3.017523,0.000000
0.296594,0.000220,2.951645,0.000000
0.300878,0.000220,2.812771,0.000000
0.313594,0.003680,2.823896,0.000000
0.318008,0.003680,2.826812,0.000000
0.325994,0.003680,2.918303,0.000000
0.335095,0.003680,2.872780,0.000000
0.342068,0.003680,2.786294,0.000000
0.346543,0.000110,2.986197,0.000000
0.356065,0.000110,2.908043,0.000000
0.360123,0.000110,2.936711,0.000000
0.364453,0.000110,2.936711,0.000000
0.374729,0.000110,2.936711,0.000000
0.379155,-0.003516,2.836549,0.000000
0.386419,0.000220,2.866765,0.000000
0.395436,0.000220,2.865558,0.000000
0.404601,0.000110,2.754447,0.000000
0.410363,0.000110,3.039806,0.000000
0.418879,0.003790,2.870284,0.000000
0.424082,0.003790,2.885843,0.000000
0.432912,0.000110,2.805130,0.000000
0.438569,0.000110,2.738282,0.000000
0.447800,0.003680,2.738282,0.000000
0.453383,0.003680,2.738282,0.000000
0.458719,0.000110,2.798846,0.000000
0.465109,0.000110,2.821678,0.000000
0.469697,0.000110,2.920043,0.000000
0.483422,0.003296,2.926901,0.000000
0.487634,0.000110,2.972041,0.000000
0.493283,0.000110,2.903205,0.000000
0.501168,0.000000,2.815325,0.000000
0.506253,0.000000,2.740831,0.000000
0.510386,0.000000,2.728804,0.000000
0.517501,-0.003406,2.728804,0.000000
0.525712,-0.003406,2.728804,0.000000
0.533638,0.000110,2.719851,0.000000
0.539062,0.000110,2.782881,0.000000
0.548700,0.000110,2.938580,0.000000
0.555321,0.000110,2.864890,0.000000
0.559597,0.000110,2.983363,0.000000
0.568844,0.000110,3.153284,0.000000
0.575015,-0.003406,2.922763,0.000000
0.583831,0.000110,3.078724,0.000000
0.594242,0.000110,2.924735,0.000000
0.598361,0.003680,2.826798,0.000000
0.604087,0.003680,2.796188,0.000000
0.614029,-0.003406,2.822423,0.000000
0.618032,-0.003406,2.884828,0.000000
0.624324,-0.003406,2.833503,0.000000
0.628474,0.000220,2.933874,0.000000
0.637381,0.000220,2.947817,0.000000
0.643427,0.000220,2.817488,0.000000
0.648593,0.000220,2.864946,0.000000
0.655271,0.003790,2.839567,0.000000
0.663173,0.003790,2.816583,0.000000
0.667339,0.003790,3.019711,0.000000
0.675658,0.003790,2.821564,0.000000
0.685171,0.003790,2.973909,0.000000
0.689583,0.003790,2.922678,0.000000
0.693963,0.003790,2.808535,0.000000
0.699406,0.003680,2.709246,0.000000
0.703490,0.003680,2.790364,0.000000
0.708737,0.003680,2.886399,0.000000
0.715701,-0.003406,2.915500,0.000000
0.720201,-0.003406,2.806928,0.000000
0.729398,-0.003406,2.927883,0.000000
0.736295,-0.003406,2.819021,0.000000
0.743254,-0.003406,3.026044,0.000000
0.748359,-0.003406,2.982278,0.000000
0.755173,-0.003296,3.049685,0.000000
0.760187,-0.003296,2.940711,0.000000
0.769479,0.003900,2.940711,0.000000
0.777235,0.003900,2.940711,0.000000
0.785020,-0.000110,2.940711,0.000000
0.792935,-0.000110,2.940711,0.000000
0.797730,-0.003406,2.940711,0.000000
0.802594,-0.003406,2.940711,0.000000
0.807768,-0.003406,2.887378,0.000000
0.814566,0.003680,2.969665,0.000000
0.820172,0.003680,2.958901,0.000000
0.827205,0.000110,2.951325,0.000000
0.832867,0.000110,3.007631,0.000000
0.837007,0.003680,2.884816,0.000000
0.845704,0.003680,3.008702,0.000000
0.849881,0.003680,2.909381,0.000000
0.854401,0.000330,3.041223,0.000000
0.859997,0.000330,2.940353,0.000000
0.865527,-0.000659,2.815660,0.000000
0.874637,-0.000659,2.765189,0.000000
0.878832,0.000110,2.847049,0.000000
0.892019,0.000220,2.847049,0.000000
0.899383,0.000220,2.847049,0.000000
0.905109,0.000220,2.936724,0.000000
0.909061,-0.003406,3.020795,0.000000
0.917276,-0.003406,2.886725,0.000000
0.923759,-0.003296,3.060870,0.000000
0.928345,-0.003296,2.799070,0.000000
0.940264,-0.003296,2.828178,0.000000
0.946624,0.000110,2.889533,0.000000
0.953751,0.000110,2.871396,0.000000
0.957728,0.000110,2.843984,0.000000
0.966097,0.000220,2.895824,0.000000
0.970244,0.000220,2.934557,0.000000
0.975721,0.000110,2.886665,0.000000
0.983372,0.000110,2.874828,0.000000
0.992412,0.003790,2.745003,0.000000
0.996649,0.003790,2.899751,0.000000
1.000729,0.003790,3.039369,0.000000
1.007843,0.003790,2.851896,0.000000
1.012272,0.003790,2.980824,0.000000
1.016274,0.003790,3.015006,0.000000
1.022896,0.000110,2.965352,0.000000
1.028706,0.000110,2.965352,0.000000
1.035297,0.000000,2.952938,0.000000
1.039795,0.000000,2.959017,0.000000
1.046372,0.000000,2.689668,0.000000
1.058114,-0.003406,2.910673,0.000000
1.063535,0.000110,2.894334,0.000000
1.068643,0.000110,2.818783,0.000000
1.077587,0.000110,3.011337,0.000000
1.081827,0.000110,3.076079,0.000000
1.086611,0.003680,3.011083,0.000000
1.094298,0.003680,2.976524,0.000000
1.103152,0.003680,2.791004,0.000000
1.107090,-0.003296,2.981288,0.000000
1.113538,0.000110,2.937338,0.000000
1.149116,0.003680,2.917534,0.000000
1.164019,0.000000,2.808064,0.000000
1.176926,0.000000,2.800832,0.000000
1.185359,0.000000,2.800832,0.000000
1.197795,0.000110,2.800832,0.000000
1.204052,0.003571,2.800832,0.000000
1.208262,0.003571,2.913616,0.000000
1.217260,0.000110,2.913616,0.000000
1.224724,0.000110,2.938704,0.000000
1.230759,0.000220,2.805409,0.000000
1.240055,0.000220,2.799505,0.000000
1.246269,0.000110,2.799505,0.000000
1.250342,0.000110,2.799505,0.000000
1.254762,0.000110,2.912952,0.000000
1.258936,0.003680,2.737976,0.000000
1.265822,0.003680,2.903047,0.000000
1.275710,-0.003296,2.893482,0.000000
1.282031,-0.003296,2.863635,0.000000
1.286092,-0.003406,2.917854,0.000000
1.291319,-0.003406,2.909742,0.000000
1.300028,0.000110,3.001729,0.000000
1.306991,0.000110,3.009333,0.000000
1.314227,0.003790,3.081342,0.000000
1.318383,0.003790,3.053871,0.000000
1.325969,-0.003296,3.053871,0.000000
1.337432,-0.003296,3.053871,0.000000
1.343740,0.000220,3.053871,0.000000
1.349718,0.000220,3.053871,0.000000
1.355645,0.000220,2.922535,0.000000
1.364235,0.000220,2.922535,0.000000
1.368296,-0.003406,2.818502,0.000000
1.383432,0.007251,2.804681,0.000000
1.400022,0.000110,2.942949,0.000000
1.407528,0.000110,2.789548,0.000000
1.413834,-0.003406,2.870390,0.000000
1.419304,-0.003406,2.956049,0.000000
1.427014,0.000110,2.864741,0.000000
1.432993,0.000110,2.932937,0.000000
1.437099,0.000110,3.000710,0.000000
1.447736,0.000110,2.670706,0.000000
1.457144,0.000110,2.879276,0.000000
1.462047,0.000110,2.756819,0.000000
1.466905,0.000110,2.756819,0.000000
1.473713,0.000110,2.756819,0.000000
1.478018,0.000110,2.756819,0.000000
1.484371,0.003680,2.756819,0.000000
1.492728,0.003680,2.756819,0.000000
1.497625,-0.003296,2.756819,0.000000
1.507423,-0.003296,2.756819,0.000000
1.512361,0.003680,2.756819,0.000000
1.522761,0.003680,2.756819,0.000000
1.526765,0.000330,2.756819,0.000000
1.533644,0.000330,2.756819,0.000000
1.538148,0.003680,2.756819,0.000000
1.552646,0.000110,2.756819,0.000000
1.556747,0.000110,2.726755,0.000000
1.562879,0.000110,2.718139,0.000000
1.567118,-0.003296,2.718139,0.000000
1.576013,-0.003296,2.718139,0.000000
1.584792,-0.003406,2.718139,0.000000
1.595063,0.000110,2.718139,0.000000
1.599715,0.000110,2.718139,0.000000
1.608715,0.003680,2.718139,0.000000
1.613904,0.003680,2.718139,0.000000
1.620132,0.000110,2.718139,0.000000
1.634740,-0.003296,2.916993,0.000000
1.644715,-0.003296,3.033512,0.000000
1.648779,0.000000,2.966197,0.000000
1.654992,0.000000,3.085948,0.000000
1.663294,0.000000,2.933686,0.000000
1.667432,0.000110,2.991505,0.000000
1.672921,0.000110,2.819809,0.000000
1.678767,0.000110,2.826257,0.000000
1.685450,0.000110,2.838691,0.000000
1.689408,0.000110,2.854618,0.000000
1.695806,0.000220,3.041655,0.000000
1.700077,0.000220,3.077714,0.000000
1.708011,0.000220,3.037928,0.000000
1.712390,0.000220,2.916964,0.000000
1.717443,0.003680,2.916964,0.000000
1.724426,0.003680,2.916964,0.000000
1.728802,0.003680,2.916964,0.000000
1.736550,0.004065,2.808721,0.000000
1.741127,0.004065,2.967797,0.000000
1.746163,0.004065,2.668862,0.000000
1.752939,-0.003296,2.811458,0.000000
1.757468,-0.003296,2.685029,0.000000
1.762750,0.000000,2.685029,0.000000
1.767048,0.000000,2.685029,0.000000
1.773817,0.000330,2.685029,0.000000
1.780900,0.000330,2.738114,0.000000
1.788722,-0.003406,2.798241,0.000000
1.794042,-0.003406,3.022835,0.000000
1.799547,-0.003406,2.908217,0.000000
1.808326,0.000220,2.908217,0.000000
1.813367,0.000220,2.908217,0.000000
1.817443,0.000110,2.908217,0.000000
1.825517,0.000110,2.908217,0.000000
1.829599,0.000110,2.908217,0.000000
1.835730,0.000110,2.908217,0.000000
1.840011,-0.003296,2.850909,0.000000
1.853905,-0.003296,2.850909,0.000000
1.858081,-0.003296,2.850909,0.000000
1.863508,0.000110,2.850909,0.000000
1.868719,0.000110,2.850909,0.000000
1.876725,0.000110,2.850909,0.000000
1.882880,0.000110,2.850909,0.000000
1.887118,0.000110,2.850909,0.000000
1.891573,-0.003516,2.850909,0.000000
1.897489,-0.003516,2.850909,0.000000
1.901531,0.000110,2.750277,0.000000
1.905838,0.000110,2.839878,0.000000
1.916897,0.003680,2.979769,0.000000
1.921943,0.003680,3.021221,0.000000
1.926488,0.003680,2.850876,0.000000
1.936335,0.003790,2.903765,0.000000
1.944750,0.000110,2.816684,0.000000
1.949024,0.000110,2.739486,0.000000
1.953479,0.000110,2.649043,0.000000
1.964039,0.003790,2.823576,0.000000
1.968042,0.000110,2.988716,0.000000
1.978083,0.000110,3.048286,0.000000
1.984468,0.003680,3.007652,0.000000
1.992580,0.003680,2.860509,0.000000
2.001457,0.000220,2.823258,0.000000
2.009146,0.000220,2.939563,0.000000
2.016889,0.000220,2.945891,0.000000
2.023464,0.000220,2.945891,0.000000
2.032988,0.000110,2.945891,0.000000
2.039129,0.000110,2.945891,0.000000
2.044179,0.000110,2.945891,0.000000
2.050378,0.000110,2.945891,0.000000
2.054983,0.000110,2.945891,0.000000
2.059317,0.000220,2.831073,0.000000
2.064388,0.000220,3.001984,0.000000
2.068393,-0.000275,2.904546,0.000000
2.074318,-0.000275,2.691068,0.000000
2.081108,-0.000275,2.704148,0.000000
2.087877,-0.003406,2.797028,0.000000
2.094560,-0.003406,2.813697,0.000000
2.100312,-0.003296,2.940312,0.000000
2.105744,-0.003296,2.781229,0.000000
2.110299,0.000220,2.789775,0.000000
2.118285,0.000220,2.710932,0.000000
2.126076,0.000220,2.956635,0.000000
2.134242,0.000220,3.019762,0.000000
2.139163,0.000110,2.841444,0.000000
2.149742,0.000110,3.022974,0.000000
2.156721,0.000220,2.922136,0.000000
2.161550,0.000220,2.839367,0.000000
2.166590,-0.003296,2.804441,0.000000
2.176565,-0.003296,2.797821,0.000000
2.183729,0.003790,2.797821,0.000000
2.188656,0.003790,2.797821,0.000000
2.194134,0.003790,2.830026,0.000000
2.199884,0.000220,2.767376,0.000000
2.204777,0.000220,2.777111,0.000000
2.212051,0.000220,2.894055,0.000000
2.220329,-0.003406,2.819270,0.000000
2.228053,-0.003406,3.012213,0.000000
2.233966,0.003680,2.994413,0.000000
2.242825,0.003680,2.843700,0.000000
2.247828,0.003680,2.798020,0.000000
2.254404,0.000110,2.676055,0.000000
2.258467,0.000110,2.935077,0.000000
2.267169,-0.003296,2.886419,0.000000
2.271195,-0.003296,2.805202,0.000000
2.278131,0.000220,2.805202,0.000000
2.289394,0.000220,2.805202,0.000000
2.295962,0.000110,2.798201,0.000000
2.304052,0.000110,2.794150,0.000000
2.308134,0.000000,2.701971,0.000000
2.313743,0.000000,2.772723,0.000000
2.323212,0.000110,2.831804,0.000000
2.327193,0.000110,2.838919,0.000000
2.332080,0.000110,2.788795,0.000000
2.337738,0.000220,2.938050,0.000000
2.342471,0.000220,2.812427,0.000000
2.347046,0.000220,2.974971,0.000000
2.358683,0.000220,2.850485,0.000000
2.365407,-0.003406,3.160605,0.000000
2.369381,-0.003406,2.952282,0.000000
2.378210,0.000110,3.023809,0.000000
2.383826,0.000110,2.923080,0.000000
2.390042,0.000110,2.809485,0.000000
2.394743,0.000110,2.805816,0.000000
2.405388,0.000110,2.858407,0.000000
2.411762,0.000110,2.777100,0.000000
2.417158,0.000110,2.907337,0.000000
2.424263,-0.003406,3.009013,0.000000
2.428988,-0.003406,2.907580,0.000000
2.437390,0.000220,3.039418,0.000000
2.442643,0.000220,3.128913,0.000000
2.446643,0.000110,2.962828,0.000000
2.453376,0.000110,2.905152,0.000000
2.457450,0.000110,2.977280,0.000000
2.463734,0.000110,3.140642,0.000000
2.470565,0.000110,2.879452,0.000000
2.480899,0.000220,2.980488,0.000000
2.485797,0.000220,2.967766,0.000000
2.492782,0.000220,2.892417,0.000000
2.497429,0.000220,2.987463,0.000000
2.503770,0.000220,2.904158,0.000000
2.507756,-0.003296,2.878789,0.000000
2.511866,-0.003296,2.813697,0.000000
2.515835,-0.003296,2.997537,0.000000
2.519888,0.000220,2.895568,0.000000
2.529378,0.000220,2.895568,0.000000
2.533656,-0.003516,2.895568,0.000000
2.537661,-0.003516,2.713773,0.000000
2.546306,0.000110,2.889443,0.000000
2.550500,0.000110,2.956621,0.000000
2.556889,0.000110,2.995469,0.000000
2.564165,0.000110,2.879583,0.000000
2.568318,0.000110,2.726999,0.000000
2.574005,-0.003186,2.803825,0.000000
2.578086,-0.003186,2.960486,0.000000
2.589611,0.003680,2.785086,0.000000
2.595750,0.003680,2.793668,0.000000
2.600878,-0.003406,2.852691,0.000000
2.607962,-0.003406,3.030093,0.000000
2.613740,-0.003406,3.012081,0.000000
2.617745,0.003680,3.008230,0.000000
2.628454,0.000220,2.838087,0.000000
2.638739,0.000220,2.983928,0.000000
2.645116,0.000220,2.815291,0.000000
2.649429,0.000220,2.722476,0.000000
2.656337,0.000220,2.833369,0.000000
2.660358,-0.003296,2.935073,0.000000
2.669338,-0.003296,2.956459,0.000000
2.673404,0.003680,3.065391,0.000000
2.680488,0.003680,2.712061,0.000000
2.688321,0.003790,2.763422,0.000000
2.695742,0.003790,2.964077,-0.523333
2.703028,0.000165,2.997332,-0.523333
2.707018,0.000165,2.985885,-1.151333
2.716102,-0.006702,3.008228,-1.151333
2.720697,-0.006702,2.730857,-1.151333
2.724985,-0.004779,3.101157,-7.326667
2.737401,-0.004779,2.870489,-11.199334
2.743773,-0.005328,3.296044,-11.199334
2.752290,-0.005328,3.296044,-11.199334
2.756328,-0.013898,3.296044,-7.745333
2.760381,-0.013898,3.296044,-7.745333
2.767118,-0.004724,3.296044,-13.397334
2.775293,-0.004724,2.853353,-13.397334
2.780299,-0.004724,2.889636,-13.397334
2.786282,-0.000824,6.790476,-9.420000
2.792639,-0.000824,3.191307,-9.420000
2.796736,-0.000824,2.918782,-21.038000
2.801197,-0.009778,3.262225,-21.038000
2.808075,-0.009778,3.040319,-21.038000
2.812582,-0.004834,2.910707,-26.585333
2.816655,-0.004834,3.697559,-26.585333
2.824330,-0.004834,2.886082,-30.667334
2.828739,-0.009613,3.332482,-30.667334
2.836057,-0.009613,3.036379,-30.667334
2.842252,-0.004999,4.075247,-37.680000
2.846160,-0.004999,3.116561,-37.680000
2.851514,-0.011810,3.074210,-46.681335
2.857084,-0.011810,4.134601,-46.681335
2.863242,-0.011810,3.579201,-46.681335
2.867329,-0.011810,3.579201,-49.298000
2.873847,-0.014392,3.579201,-49.298000
2.879833,-0.006976,3.579201,-54.636002
2.885646,-0.006976,3.371176,-54.636002
2.897512,-0.003241,3.434674,-57.043335
2.906053,-0.003241,3.162384,-57.043335
2.910074,-0.002252,7.549643,-65.730667
2.915519,-0.002252,3.684496,-65.730667
2.919884,-0.002252,3.371781,-65.730667
2.925029,-0.007086,3.206386,-64.474670
2.929108,-0.007086,3.174910,-73.685333
2.940194,-0.010876,8.398078,-73.685333
2.945749,-0.010876,3.545322,-73.685333
2.953772,-0.016754,3.990315,-85.931343
2.957818,-0.016754,3.696339,-85.931343
2.964848,-0.004999,4.331592,-81.116669
2.977218,-0.002582,4.331592,-83.105339
2.984760,-0.002582,4.331592,-83.105339
2.989012,-0.012744,3.793996,-88.548004
2.997024,-0.012744,3.793996,-88.548004
3.001475,-0.012744,3.793996,-88.548004
3.007869,-0.003406,3.793996,-92.734665
3.015742,-0.003406,3.793996,-92.734665
3.021497,-0.011646,3.793996,-91.583336
3.025619,-0.011646,3.437425,-91.583336
3.032437,-0.011646,3.260445,-84.989342
3.039788,-0.000494,5.458713,-84.989342
3.046855,-0.009119,4.475525,-93.153336
3.059521,-0.009119,3.513334,-93.153336
3.066429,-0.005219,8.837809,-97.340004
3.070417,-0.005219,4.461938,-97.340004
3.074496,-0.005219,3.681771,-97.340004
3.078569,-0.005988,6.588140,-99.956673
3.085743,-0.005988,3.817648,-99.956673
3.090563,-0.005988,3.890282,-103.201332
3.097134,-0.005988,5.299317,-103.201332
3.102641,-0.005988,3.819221,-105.399338
3.108970,-0.013568,4.196283,-105.399338
3.116408,-0.010931,4.211939,-107.388008
3.132888,-0.011151,3.671504,-111.051338
3.139953,-0.011151,3.900313,-111.051338
3.147299,-0.011151,3.771547,-111.365341
3.153018,0.003845,4.279004,-111.365341
3.160166,0.003845,3.820776,-117.226669
3.164154,0.002417,8.404043,-117.226669
3.168444,0.002417,3.890028,-117.226669
3.174648,0.002417,3.774939,-116.389336
3.179128,-0.007471,7.065255,-116.389336
3.187252,-0.019446,11.201870,-116.180008
3.197293,-0.019446,3.826716,-122.041344
3.207247,-0.007086,7.686490,-122.041344
3.211234,-0.007086,4.332737,-122.041344
3.216411,-0.011646,4.143468,-121.832008
3.223344,-0.011646,4.143468,-121.832008
3.227633,-0.011646,4.143468,-121.832008
3.234358,-0.006427,4.143468,-124.448677
3.238436,-0.006427,4.050534,-126.228004
3.247744,-0.006262,4.050534,-126.228004
3.252012,-0.006262,4.050534,-126.228004
3.258379,-0.014557,8.621733,-129.054001
3.267504,-0.014557,4.447538,-129.054001
3.273116,-0.012030,3.983971,-129.054001
3.277203,-0.012030,8.261618,-129.054001
3.281450,-0.012030,5.206854,-129.054001
3.286329,-0.012030,5.206854,-131.042664
3.291272,-0.012415,3.931528,-131.042664
3.297470,-0.012415,3.660616,-131.042664
3.302335,-0.007581,5.882213,-127.484001
3.306312,-0.007581,4.689106,-127.484001
3.312570,-0.007581,4.075138,-127.484001
3.316360,0.002417,4.006496,-129.682007
3.322411,0.002417,5.697668,-129.682007
3.326480,0.002417,4.346583,-129.682007
3.330762,-0.003406,8.695393,-136.066681
3.336484,-0.003406,4.814172,-136.066681
3.340904,-0.010492,3.852848,-137.846008
3.348485,-0.010492,5.190710,-137.846008
3.354319,-0.010492,4.103744,-137.427338
3.360098,-0.008899,5.520754,-137.427338
3.366667,-0.008899,4.341209,-137.427338
3.371047,-0.010327,3.771108,-138.892670
3.385395,-0.009558,3.730188,-130.833344
3.389325,-0.009558,6.440366,-130.833344
3.395406,-0.009558,4.225779,-139.311340
3.404097,-0.006866,6.467949,-139.311340
3.409847,-0.006866,4.413144,-139.311340
3.414991,-0.008844,5.638986,-143.079346
3.424337,-0.008844,4.573546,-143.079346
3.428406,-0.002142,5.513768,-138.264664
3.433177,-0.002142,7.300992,-138.264664
3.437181,-0.002142,4.924973,-143.288666
3.447043,-0.015875,4.210370,-143.288666
3.452955,-0.015875,4.208218,-143.288666
3.458397,-0.000879,4.073177,-142.870010
3.464050,-0.000879,3.925794,-142.870010
3.468164,-0.008734,3.947098,-135.648010
3.474089,-0.008734,7.738969,-135.648010
3.478115,-0.008734,3.987123,-135.648010
3.486023,-0.009778,6.536089,-139.311340
3.493663,-0.009778,4.567449,-139.311340
3.499565,-0.011865,5.039090,-145.277344
3.507120,-0.011865,4.163536,-145.277344
3.513442,-0.005823,11.101373,-145.905334
3.519085,-0.005823,4.298137,-145.905334
3.527199,-0.004834,5.620783,-148.522003
3.534194,-0.004834,4.802791,-148.522003
3.538482,-0.011041,4.358634,-147.056671
3.544243,-0.011041,18.904522,-147.056671
3.553551,-0.017084,9.197905,-169.978683
3.558438,-0.017084,5.670726,-169.978683
3.564382,-0.017084,5.670726,-169.978683
3.568776,0.002472,5.670726,-166.106003
3.572776,0.002472,5.670726,-166.106003
3.579387,0.002472,4.022213,-157.104675
3.586782,-0.003241,6.863889,-157.104675
3.593363,-0.003241,4.383080,-165.373337
3.599525,-0.013568,5.054052,-165.373337
3.605659,-0.013568,4.225910,-157.313995
3.614129,-0.014667,5.387260,-157.313995
3.619831,-0.014667,4.143324,-157.313995
3.625774,-0.014941,4.265404,-159.302673
3.633320,-0.014941,4.109802,-159.302673
3.637385,-0.005933,4.124688,-153.336670
3.646031,-0.005933,5.069684,-153.336670
3.653537,-0.014062,5.069684,-154.069336
3.657473,-0.014062,5.069684,-154.069336
3.663965,-0.014062,5.069684,-160.349335
3.668458,-0.010767,5.069684,-160.349335
3.673240,-0.010767,5.069684,-160.349335
3.679542,-0.012964,5.069684,-160.558670
3.688371,-0.012415,5.208592,-160.139999
3.697546,-0.012415,5.208592,-160.139999
3.701576,-0.012415,5.208592,-160.139999
3.706023,-0.012415,5.208592,-161.291336
3.712999,-0.002856,5.208592,-161.291336
3.717104,-0.012744,4.518049,-165.687332
3.737047,0.000110,9.200485,-151.871338
3.743605,0.000110,12.411869,-158.884003
3.755508,-0.005988,5.976604,-158.884003
3.759659,-0.005988,4.359741,-158.884003
3.765086,-0.009229,5.925734,-162.756668
3.769118,-0.009229,5.712564,-162.756668
3.774195,-0.009229,4.542510,-162.756668
3.778215,-0.005273,9.980742,-164.535995
3.783090,-0.005273,5.720215,-164.535995
3.787145,-0.021588,4.725883,-164.117340
3.797269,-0.021588,4.665006,-164.117340
3.806611,-0.010162,9.170343,-164.326675
3.811754,-0.021094,8.178526,-163.280014
3.825661,-0.021094,6.190489,-163.280014
3.829692,-0.021094,4.630905,-163.280014
3.835239,-0.007635,7.519727,-162.966003
3.842794,-0.007635,4.908035,-163.698669
3.856640,-0.010767,4.826565,-163.698669
3.863565,-0.007306,9.829088,-166.106003
3.870062,-0.007306,4.596004,-166.106003
3.875019,-0.007306,4.330188,-162.128677
3.879654,-0.005658,6.825420,-162.128677
3.886888,-0.005658,4.893865,-162.128677
3.890818,-0.019885,4.316730,-165.373337
3.898049,-0.019885,4.094621,-165.373337
3.903835,-0.008295,4.181489,-157.104675
3.908174,-0.008295,6.169526,-157.104675
3.915011,-0.008295,6.169526,-157.104675
3.919452,-0.017743,6.169526,-160.558670
3.926402,-0.017743,6.169526,-160.558670
3.930611,-0.017743,5.294463,-164.535995
3.935209,-0.002637,4.624331,-164.535995
3.939101,-0.002637,4.624331,-163.698669
3.948041,-0.010657,4.624331,-163.698669
3.955338,-0.001099,4.624331,-165.373337
3.964157,-0.001099,4.624331,-165.373337
3.968823,-0.001099,4.624331,-166.524673
3.975775,-0.016754,4.624331,-166.524673
3.979976,-0.016754,4.624331,-166.524673
3.984536,-0.016754,4.454451,-162.756668
3.993181,-0.004614,5.718563,-162.756668
3.997278,-0.004614,4.532681,-162.966003
4.004517,0.000110,9.259920,-162.966003
4.008494,0.000110,5.860605,-162.966003
4.013914,0.000110,4.778751,-162.966003
4.017859,-0.008899,6.465373,-164.535995
4.028158,-0.009503,4.901591,-159.512009
4.034597,-0.009503,5.101790,-159.512009
4.041773,-0.009503,4.620962,-159.512009
4.046446,-0.002911,9.749472,-162.128677
4.052506,-0.002911,4.987990,-162.128677
4.056454,-0.011810,11.441780,-164.117340
4.063626,-0.011810,5.124856,-164.117340
4.069356,-0.011810,4.477791,-164.117340
4.073818,-0.011206,7.473174,-162.756668
4.077793,-0.011206,6.146742,-162.756668
4.082188,-0.011206,4.445252,-163.280014
4.090161,-0.014172,6.892608,-163.280014
4.096160,-0.014172,4.776631,-164.117340
4.105069,-0.017029,6.444227,-164.117340
4.109763,-0.017029,4.530389,-163.908005
4.116594,-0.005109,9.084522,-163.908005
4.123140,-0.005109,5.759630,-163.908005
4.127786,-0.011700,6.991778,-162.756668
4.137351,-0.011700,4.827222,-165.896683
4.144507,-0.003735,11.063938,-165.896683
4.150762,-0.003735,4.328279,-163.908005
4.159314,-0.006042,4.781252,-163.908005
4.168477,-0.006042,4.408144,-165.896683
4.172937,-0.004120,6.630380,-165.896683
4.177437,-0.004120,4.662877,-165.896683
4.183094,-0.004120,4.391685,-164.535995
4.187506,-0.011151,9.814562,-164.535995
4.192616,-0.011151,4.681361,-164.535995
4.196701,-0.006097,7.245317,-163.698669
4.203243,-0.006097,6.159751,-163.698669
4.207386,-0.006097,4.311609,-163.698669
4.214429,-0.009668,11.250587,-162.128677
4.218454,-0.009668,5.177168,-162.128677
4.223831,-0.003790,4.466423,-167.152664
4.229402,-0.003790,4.204276,-167.152664
4.235131,-0.003790,4.376880,-157.732666
4.244497,0.004449,4.181485,-157.732666
4.248454,0.004449,4.181485,-148.731339
4.259932,-0.008569,4.181485,-148.731339
4.267240,-0.008569,4.181485,-155.953339
4.274656,-0.002692,5.344471,-155.953339
4.278766,-0.010657,5.344471,-165.164001
4.287637,-0.010657,5.253437,-165.164001
4.294300,-0.010657,4.441633,-159.721344
4.299792,-0.018457,5.619324,-159.721344
4.306523,-0.018457,4.771166,-159.721344
4.310605,-0.004230,7.544910,-162.547333
4.315181,-0.004230,4.832623,-162.547333
4.323272,-0.004230,4.383353,-161.082001
4.328379,-0.016150,10.152988,-161.082001
4.333688,-0.016150,5.223048,-161.082001
4.337771,-0.014557,9.534990,-163.698669
4.345285,-0.014557,9.534990,-163.698669
4.349275,-0.014557,9.534990,-165.373337
4.355124,-0.001538,9.534990,-165.373337
4.359603,-0.001538,9.534990,-165.373337
4.364770,-0.007526,9.534990,-163.908005
4.374959,-0.007526,9.534990,-163.908005
4.379043,-0.013074,6.977195,-163.280014
4.384334,-0.013074,6.977195,-163.280014
4.389429,-0.013074,6.977195,-165.687332
4.396196,-0.010437,6.977195,-165.687332
4.403105,-0.010437,6.977195,-165.687332
4.407138,-0.010437,6.977195,-164.745346
4.415794,-0.010876,5.209384,-164.745346
4.420214,-0.014667,4.457852,-166.524673
4.425682,-0.014667,7.076316,-166.524673
4.433690,-0.014667,4.559217,-166.524673
4.437703,-0.003790,6.185119,-164.954666
4.445520,-0.003790,4.674657,-166.315338
4.453512,-0.009943,10.137861,-166.315338
4.457448,-0.009943,5.154529,-166.315338
4.461655,-0.009943,4.426321,-165.896683
4.471076,-0.011865,4.588230,-166.524673
4.479782,-0.015436,10.767563,-166.524673
4.484252,-0.015436,5.617608,-166.524673
4.491557,-0.011426,4.292479,-161.082001
4.498473,-0.011426,4.252956,-161.082001
4.507268,0.004285,5.600640,-152.917999
4.515624,0.004285,4.711180,-152.917999
4.519664,-0.008459,9.734085,-160.139999
4.525660,-0.008459,6.359880,-160.139999
4.529871,-0.008459,4.537240,-164.326675
4.538025,-0.021533,6.639680,-164.326675
4.543847,-0.021533,5.031670,-164.326675
4.547968,-0.009283,6.621167,-166.524673
4.553796,-0.009283,4.289971,-163.908005
4.564336,-0.010712,4.854344,-163.908005
4.574081,-0.010712,4.476230,-163.908005
4.578162,-0.012250,7.323057,-164.117340
4.586589,-0.012250,5.044032,-164.117340
4.590566,-0.006647,9.798058,-162.337997
4.596819,-0.006647,6.054264,-162.337997
4.601046,-0.000549,4.825533,-163.489334
4.608013,-0.000549,4.825533,-163.489334
4.612533,-0.000549,4.825533,-163.489334
4.619032,-0.017303,4.577583,-165.687332
4.634202,0.006372,4.577583,-164.954666
4.640459,0.006372,4.577583,-164.954666
4.646853,-0.020160,4.577583,-163.280014
4.651706,-0.020160,4.577583,-163.280014
4.657264,-0.020160,4.577583,-163.280014
4.661656,0.000659,4.577583,-165.896683
4.665871,0.000659,4.577583,-163.280014
4.677366,-0.020599,4.497541,-163.280014
4.681688,-0.020599,4.497541,-163.280014
4.686106,-0.010492,6.900771,-154.069336
4.693562,-0.010492,8.807492,-154.069336
4.697618,-0.010492,5.574573,-161.710007
4.704086,-0.017853,10.039393,-161.710007
4.711999,-0.017853,10.039393,-161.710007
4.718078,-0.011755,8.709086,-164.326675
4.724838,-0.011755,4.846518,-164.326675
4.728826,-0.002362,8.267682,-167.362015
4.735644,-0.002362,5.368942,-167.362015
4.739630,-0.002362,4.447463,-164.535995
4.747830,-0.008624,5.957760,-164.535995
4.754736,-0.003296,4.247854,-162.128677
4.767166,-0.003296,4.235187,-162.128677
4.773320,-0.010657,12.906555,-157.313995
4.780438,-0.010657,4.653220,-157.313995
4.786220,-0.014667,6.627114,-159.930664
4.791148,-0.014667,5.999614,-159.930664
4.798781,-0.014667,4.646502,-161.710007
4.802848,-0.010822,9.556587,-161.710007
4.809260,-0.010822,4.782999,-162.547333
4.815780,-0.003241,5.498850,-162.547333
4.822090,-0.003241,5.498850,-162.547333
4.826097,-0.003241,4.958175,-162.547333
4.830396,-0.015271,4.958175,-161.082001
4.836046,-0.015271,4.958175,-161.082001
4.840040,-0.019226,4.958175,-161.710007
4.846952,-0.019226,4.958175,-161.710007
4.852933,-0.019226,4.958175,-160.558670
4.861830,0.000110,4.855783,-167.152664
4.872115,-0.015710,9.844780,-167.152664
4.880373,-0.015710,4.474654,-164.535995
4.887972,-0.009283,7.538558,-164.535995
4.893098,-0.009283,5.314014,-164.535995
4.897442,-0.016205,4.413789,-164.326675
4.901504,-0.016205,6.858894,-164.326675
4.908443,-0.016205,6.858894,-164.326675
4.912801,-0.009723,8.088761,-162.547333
4.921895,-0.009723,6.486681,-162.547333
4.926285,-0.008789,5.453040,-165.687332
4.932404,-0.008789,5.651692,-165.687332
4.936505,-0.008789,5.651692,-165.687332
4.940691,-0.014062,10.840197,-162.128677
4.945991,-0.014062,10.840197,-162.128677
4.951844,-0.000769,10.840197,-165.164001
4.958087,-0.000769,10.840197,-165.164001
4.962811,-0.000769,10.840197,-165.164001
4.969784,-0.012744,10.840197,-165.896683
4.974227,-0.012744,10.840197,-164.535995
4.984787,-0.002692,10.840197,-164.535995
4.992819,-0.002692,10.840197,-162.547333
4.999227,-0.009558,7.981918,-162.547333
5.004859,-0.009558,5.096527,-162.547333
5.008920,-0.012030,6.901902,-165.164001
5.015850,-0.012030,5.109931,-165.164001
5.021133,-0.010547,4.291255,-161.291336
5.030667,-0.010547,4.794397,-161.291336
5.039041,-0.012085,9.167774,-163.489334
5.046654,-0.012085,5.099422,-163.489334
5.053189,-0.002911,5.099422,-162.337997
5.060187,-0.002911,5.099422,-162.337997
5.065798,-0.017249,5.099422,-165.687332
5.069906,-0.017249,5.099422,-165.687332
5.076185,-0.017249,4.759411,-165.687332
5.080203,-0.007306,4.759411,-163.280014
5.087286,-0.007306,4.759411,-163.280014
5.092985,-0.013458,4.759411,-163.280014
5.102411,-0.013458,4.759411,-163.280014
5.106499,-0.003516,4.759411,-161.710007
5.124732,-0.009558,7.353753,-161.710007
5.132625,-0.009558,4.791659,-164.535995
5.142300,-0.009558,6.202185,-164.535995
5.147199,-0.002582,4.806446,-162.547333
5.154548,-0.002582,4.806446,-162.547333
5.161955,-0.002582,4.806446,-162.547333
5.167370,-0.009283,4.806446,-162.547333
5.173448,-0.009283,4.844473,-162.547333
5.178522,-0.019391,4.699168,-164.745346
5.189250,-0.019391,4.569433,-164.745346
5.193561,-0.012305,8.670359,-164.326675
5.197830,-0.012305,11.420329,-164.326675
5.204606,-0.003186,10.459816,-164.326675
5.212144,-0.003186,4.809591,-164.326675
5.216726,-0.014722,4.436024,-162.128677
5.225359,-0.014722,7.262040,-162.128677
5.230509,-0.012689,5.065480,-165.164001
5.240310,-0.012689,5.065480,-165.164001
5.244329,-0.012689,5.065480,-165.164001
5.248792,-0.000934,11.416617,-161.919342
5.257525,-0.015106,9.941291,-165.687332
5.267130,-0.015106,5.076628,-165.687332
5.273712,-0.015106,4.546752,-165.687332
5.277938,-0.003625,9.994759,-161.291336
5.283282,-0.003625,5.812289,-161.291336
5.290707,-0.018018,4.664901,-163.698669
5.294809,-0.018018,5.832637,-163.698669
5.299723,-0.018018,5.832637,-163.698669
5.305642,-0.005438,5.832637,-165.373337
5.309794,-0.005438,5.234284,-165.373337
5.315426,-0.005438,5.234284,-165.373337
5.319430,-0.014996,5.234284,-162.337997
5.327848,-0.014996,5.234284,-161.710007
5.336075,-0.008130,10.060335,-161.710007
5.342106,-0.008130,6.003584,-161.710007
5.346199,-0.001483,5.095192,-166.733994
5.352458,-0.001483,5.095192,-166.733994
5.356567,-0.011206,5.095192,-162.128677
5.364814,-0.011206,5.095192,-162.128677
5.370012,0.000000,4.757296,-164.535995
5.379557,0.000000,4.757296,-164.535995
5.385605,0.000000,4.757296,-163.489334
5.393633,-0.013184,4.757296,-163.489334
5.398413,-0.013184,4.757296,-163.489334
5.403408,-0.013513,4.757296,-161.500671
5.407347,-0.013513,4.820593,-161.500671
5.415843,-0.012140,12.415197,-162.966003
5.424452,-0.012140,5.621150,-162.966003
5.428533,-0.017303,4.508922,-162.756668
5.435234,-0.017303,4.508922,-162.756668
5.445930,-0.005383,8.346416,-163.280014
5.450795,-0.005383,5.104314,-163.280014
5.456238,-0.018347,7.919364,-164.117340
5.463342,-0.018347,5.354896,-164.117340
5.467456,-0.018347,4.310228,-164.117340
5.474486,-0.012360,10.959014,-164.326675
5.478990,-0.012360,5.022401,-164.326675
5.483393,0.001593,4.558442,-164.535995
5.490092,0.001593,4.787144,-164.535995
5.497790,0.001593,4.401817,-163.908005
5.502715,-0.015875,11.116426,-163.908005
5.507219,-0.015875,4.773223,-163.908005
5.515040,-0.010822,5.257966,-164.326675
5.519377,-0.010822,5.195267,-164.326675
5.523926,-0.010822,4.671516,-164.326675
5.528019,-0.018787,4.770740,-163.489334
5.536404,-0.018787,4.503373,-163.489334
5.547439,-0.012415,4.652427,-163.489334
5.557830,-0.004065,5.276381,-162.337997
5.566556,-0.004065,4.748470,-164.535995
5.572005,-0.013623,11.256497,-164.535995
5.577828,-0.013623,4.559265,-164.535995
5.583812,-0.013623,4.470192,-161.919342
5.587875,-0.012469,7.938731,-161.919342
5.592729,-0.012469,4.461204,-162.128677
5.599845,-0.014117,11.302099,-162.128677
5.605130,-0.014117,5.269194,-162.128677
5.609096,-0.014117,4.144908,-162.966003
5.615678,-0.023730,11.623744,-162.966003
5.619709,-0.023730,5.129992,-162.966003
5.624686,-0.012689,4.484743,-162.966003
5.635836,-0.012689,4.484743,-162.966003
5.640470,-0.016974,4.484743,-151.452667
5.649606,-0.016974,4.484743,-163.489334
5.656424,-0.013239,4.484743,-163.489334
5.663988,-0.013239,4.484743,-163.489334
5.668130,-0.002252,4.484743,-162.756668
5.678949,-0.002252,4.484743,-166.943344
5.684376,-0.012689,8.282291,-166.943344
5.688814,-0.012689,4.511295,-166.943344
5.695076,-0.008789,8.163916,-160.768005
5.704796,-0.008789,4.768482,-162.966003
5.711862,-0.006647,11.381088,-162.966003
5.716515,-0.006647,10.333418,-162.966003
5.722534,-0.021588,5.419039,-174.584000
5.728172,-0.021588,6.075640,-174.584000
5.732887,-0.021588,5.044784,-174.584000
5.737030,-0.014502,7.968446,-171.339340
5.744539,-0.014502,4.637215,-167.152664
5.755256,-0.006482,8.160877,-167.152664
5.759360,-0.005493,4.484552,-171.130020
5.773298,-0.005493,4.710778,-171.130020
5.777446,-0.005493,4.275387,-164.326675
5.784835,-0.012744,5.971591,-164.326675
5.790190,-0.012744,4.981398,-164.326675
5.795394,-0.000110,4.459874,-163.908005
5.802373,-0.000110,4.219713,-163.908005
5.806296,-0.000110,4.043482,-155.953339
5.811887,-0.001208,6.882088,-155.953339
5.817460,-0.001208,4.306637,-160.558670
5.825504,-0.002197,5.147808,-160.558670
5.832944,-0.002197,4.522338,-160.558670
5.836974,-0.009888,10.087440,-164.117340
5.843628,-0.009888,4.991090,-164.117340
5.847995,-0.009888,5.804831,-162.547333
5.854265,-0.009393,6.476971,-162.547333
5.862379,0.002802,4.233507,-162.128677
5.868577,0.002802,8.833132,-162.128677
5.874277,0.002802,5.170217,-163.489334
5.888261,-0.015546,11.220528,-156.895340
5.908167,-0.019336,5.057979,-161.500671
5.915246,-0.019336,4.633380,-161.500671
5.919512,-0.019336,4.446599,-165.373337
5.923823,-0.021973,5.421787,-165.373337
5.931298,-0.005548,6.943786,-165.687332
5.939032,-0.005548,4.937392,-165.687332
5.946682,-0.005548,4.346869,-162.337997
5.952657,-0.014612,4.346869,-162.337997
5.956713,-0.014612,4.526633,-165.164001
5.963803,-0.009888,8.790754,-165.164001
5.967801,-0.009888,5.050844,-165.164001
5.973168,-0.009888,4.529865,-165.373337
5.979311,-0.006921,5.733702,-165.373337
5.988419,-0.009723,5.435484,-159.512009
5.995459,-0.009723,8.207920,-159.512009
5.999436,-0.009723,4.700879,-164.745346
6.008920,-0.002966,6.582836,-164.745346
6.013908,-0.002966,4.712802,-164.745346
6.019685,-0.017358,11.616167,-164.745346
6.024074,-0.017358,5.172248,-164.745346
6.028148,-0.017358,4.697270,-164.745346
6.034358,-0.001428,11.583749,-163.698669
6.038968,-0.001428,4.629745,-163.698669
6.046697,-0.012909,5.419346,-163.908005
6.055803,-0.012909,4.631118,-163.908005
6.061584,-0.003680,4.319487,-164.326675
6.073562,-0.007361,4.146811,-154.069336
6.078524,-0.007361,6.271900,-154.069336
6.084643,-0.007361,4.881100,-154.069336
6.088729,-0.009723,5.986700,-158.884003
6.095069,-0.009723,7.361199,-158.884003
6.099299,-0.009723,4.343131,-162.966003
6.104469,0.002362,4.564113,-162.966003
6.118141,-0.019556,8.883173,-163.698669
6.124850,-0.019556,4.842417,-163.698669
6.128922,-0.011206,8.754663,-164.954666
6.135405,-0.011206,11.114031,-164.954666
6.144851,-0.014557,7.765765,-162.756668
6.152444,-0.014557,4.297012,-162.756668
6.156980,-0.027576,17.652893,-152.499329
6.166431,-0.027576,4.940939,-152.499329
6.172207,-0.008130,4.296348,-155.325348
6.176279,-0.008130,5.180386,-155.325348
6.183626,-0.008130,4.333731,-164.745346
6.189292,-0.003406,5.404504,-164.745346
6.195207,-0.003406,4.686188,-164.745346
6.200709,-0.008899,4.934933,-161.291336
6.215076,-0.012964,9.751622,-164.326675
6.219973,-0.012964,5.649133,-164.326675
6.224630,-0.009393,4.449998,-159.512009
6.233821,-0.009393,4.376887,-159.512009
6.237920,-0.011371,4.054365,-150.929352
6.245340,-0.011371,12.789873,-150.929352
6.251720,-0.011371,4.836023,-160.768005
6.258927,-0.014062,6.102374,-160.768005
6.267131,-0.014777,4.506480,-161.291336
6.273722,-0.014777,4.611235,-161.291336
6.283805,-0.014777,4.459396,-161.500671
6.288296,-0.000385,6.265297,-161.500671
6.294264,-0.000385,4.469815,-161.500671
6.298516,-0.012634,6.965788,-164.535995
6.303159,-0.012634,4.907279,-164.535995
6.308175,-0.011316,4.287600,-160.558670
6.316504,-0.011316,18.949049,-160.558670
6.323507,-0.011316,9.072181,-160.558670
6.327576,-0.022852,3.938634,-192.796005
6.336738,-0.022852,3.938634,-167.780685
6.343461,-0.006702,3.938634,-171.758011
6.355824,0.001538,3.938634,-171.758011
6.366240,-0.004449,3.938634,-165.373337
6.376436,-0.004449,4.179017,-165.896683
6.383721,-0.017523,8.792351,-165.896683
6.387934,-0.017523,4.677025,-165.896683
6.396100,-0.002472,7.457763,-159.302673
6.403737,-0.002472,4.756514,-159.302673
6.408275,-0.002472,4.385673,-162.756668
6.413228,-0.014117,4.115775,-162.756668
6.422470,-0.014117,4.140524,-162.756668
6.426517,-0.009009,6.947671,-150.929352
6.435156,-0.009009,6.344555,-154.906677
6.442858,-0.016589,5.704273,-154.906677
6.447172,-0.016589,4.280208,-158.360672
6.454955,-0.010822,10.694641,-158.360672
6.459672,-0.010822,4.781245,-158.151337
6.469169,-0.009888,5.488527,-158.151337
6.475089,-0.009888,4.464941,-158.151337
6.480833,-0.007416,6.313185,-156.476669
6.492865,-0.013898,4.519507,-153.546005
6.500192,-0.013898,4.066122,-153.546005
6.504857,-0.005988,9.523851,-145.696014
6.518840,-0.005933,6.513958,-152.708679
6.527172,-0.005933,4.746294,-152.708679
6.533508,-0.005933,4.246428,-150.092010
6.539011,-0.013019,4.779048,-150.092010
6.548262,-0.010382,4.250569,-151.138672
6.553679,-0.010382,5.785486,-151.138672
6.558334,-0.010382,4.488943,-151.138672
6.563692,-0.010382,4.275298,-151.662018
6.567688,-0.007141,4.944513,-151.662018
6.574127,-0.010657,4.115183,-149.464005
6.583924,-0.010657,4.018019,-139.102005
6.594890,-0.005823,7.384531,-139.102005
6.604434,-0.005823,7.384531,-148.522003
6.608608,-0.006262,7.384531,-148.522003
6.614093,-0.006262,7.384531,-148.522003
6.618180,-0.013843,5.951565,-142.660675
6.628969,0.006537,4.176288,-143.079346
6.637933,0.006537,4.541640,-143.079346
6.645094,0.006537,4.150240,-139.102005
6.655889,-0.012360,4.083735,-139.102005
6.663594,-0.006042,7.625096,-136.904007
6.670132,-0.006042,4.194906,-136.904007
6.677831,-0.010437,7.680722,-137.113327
6.686698,-0.010437,4.258595,-141.300003
6.692729,-0.011371,4.065025,-141.300003
6.698532,-0.011371,4.019170,-141.300003
6.702814,-0.011371,3.992446,-131.670670
6.706814,-0.000494,6.817470,-131.670670
6.711463,-0.000494,4.248661,-131.670670
6.716031,-0.000989,5.924997,-127.274673
6.725072,-0.000989,4.168312,-127.274673
6.729237,-0.000989,3.760656,-124.448677
6.755134,-0.000934,3.719469,-122.250664
6.770357,-0.011810,4.200678,-118.587334
6.780501,-0.011810,3.955635,-118.587334
6.785450,-0.011536,5.682135,-113.772675
6.796271,-0.011536,4.269884,-113.772675
6.801514,-0.007196,3.841796,-112.830673
6.806375,-0.007196,3.871078,-112.830673
6.814708,-0.007196,3.774555,-111.051338
6.818993,-0.005658,3.592582,-109.167336
6.832304,-0.012360,3.592582,-109.167336
6.837836,-0.012360,3.773391,-109.167336
6.844027,-0.009613,3.631195,-105.399338
6.848730,-0.009613,3.817062,-105.399338
6.858476,-0.008185,4.661135,-100.793999
6.863381,-0.008185,3.509899,-100.793999
6.874462,0.005988,4.740931,-101.422005
6.882716,0.005988,3.611364,-99.747337
6.888628,-0.011206,3.518906,-99.747337
6.897071,-0.011206,3.491716,-96.188675
6.902850,-0.003351,4.561227,-96.188675
6.907751,-0.003351,3.509788,-96.188675
6.913078,-0.005548,3.259474,-92.211334
6.917230,-0.005548,3.954584,-92.211334
6.923842,-0.005548,3.454081,-91.374001
6.931745,-0.005768,3.763917,-91.374001
6.937492,-0.005768,3.378116,-86.768669
6.947669,-0.003241,3.634750,-86.768669
6.952221,-0.003241,3.623331,-86.768669
6.956206,-0.011700,4.836061,-84.989342
6.966339,-0.011700,3.469252,-86.140663
6.971823,-0.004834,4.360203,-86.140663
6.975905,-0.004834,3.412612,-86.140663
6.982107,-0.004834,3.417637,-81.116669
6.987825,-0.003351,4.024407,-81.116669
6.992721,-0.003351,3.264962,-84.361336
7.001723,-0.006152,3.707597,-84.361336
7.008966,-0.006152,3.214106,-75.360001
7.016223,-0.001099,3.226378,-75.360001
7.021590,-0.001099,3.166497,-75.360001
7.027437,-0.002637,4.864056,-71.696671
7.038016,-0.002637,4.864056,-71.696671
7.042387,-0.009998,4.864056,-72.952667
7.046376,-0.009998,4.864056,-72.952667
7.051642,-0.007306,4.864056,-73.685333
7.062127,-0.007306,4.641727,-73.685333
7.066645,-0.004889,4.641727,-74.104004
7.076705,-0.004889,4.641727,-74.104004
7.082489,-0.008899,4.641727,-70.126671
7.086576,-0.008899,3.241916,-70.126671
7.093090,-0.008899,3.050740,-70.126671
7.097467,-0.009998,3.841692,-61.334667
7.104584,-0.009998,3.042003,-61.334667
7.110322,-0.012909,3.279078,-65.730667
7.115467,-0.012909,3.244680,-65.730667
7.119960,-0.012909,3.135568,-60.497334
7.126730,-0.006097,3.212018,-60.497334
7.134914,-0.009283,3.436887,-57.043335
7.143829,-0.009283,3.405670,-57.043335
7.151040,-0.009283,3.130577,-56.310669
7.155093,-0.006372,3.221102,-56.310669
7.162911,-0.006372,3.080919,-56.310669
7.167641,-0.008075,3.378365,-49.821335
7.175377,-0.008075,3.134648,-49.821335
7.180251,-0.004120,3.045265,-51.495998
7.184198,-0.004120,3.200770,-51.495998
7.191076,-0.008954,3.047871,-47.623337
7.199015,-0.008954,2.902764,-47.623337
7.207454,-0.006702,2.944101,-45.425335
7.213401,-0.006702,3.167766,-45.425335
7.217537,-0.006702,2.882687,-45.425335
7.223659,-0.002582,3.293168,-40.087334
7.227881,-0.002582,3.085248,-40.087334
7.232156,-0.006427,2.957207,-39.459335
7.243937,-0.006427,3.132225,-39.459335
7.251036,-0.005933,2.913279,-35.272667
7.255162,-0.005933,2.905815,-35.272667
7.262014,-0.005933,2.935031,-34.644669
7.267823,-0.002637,2.775771,-34.644669
7.275444,-0.006866,2.989953,-30.039335
7.283035,-0.006866,2.974830,-30.039335
7.290698,-0.006866,2.828363,-27.004002
7.295350,-0.001813,2.678273,-27.004002
7.299411,-0.001813,2.894984,-27.004002
7.306244,-0.003461,2.890596,-23.236000
7.314917,-0.003461,2.970781,-23.236000
7.320932,-0.005658,2.901473,-20.828669
7.324891,-0.005658,2.871079,-20.828669
7.333117,0.002417,2.997081,-16.432667
7.345409,0.005109,2.977629,-10.780667
7.354251,0.005109,2.848752,-10.780667
7.361929,-0.003406,2.980651,-9.420000
7.367618,-0.003406,2.951993,-9.420000
7.374127,0.000714,2.917330,-3.977334
7.382444,0.000714,2.963166,-3.977334
7.388207,0.001208,2.795393,-5.338000
7.395090,0.001208,2.906009,-5.338000
7.404523,-0.002472,2.849804,2.093333
7.412017,0.000934,2.820502,-1.570000
7.425767,0.000934,2.883938,-1.570000
7.429931,0.000934,2.813496,0.418667
7.435877,0.000934,2.859532,0.418667
7.442906,0.000934,2.860042,-0.523333
7.448830,-0.002472,2.829480,-0.523333
7.454458,-0.002472,2.866196,-0.523333
7.462182,-0.002362,2.869949,0.209333
7.466344,-0.002362,2.888918,0.209333
7.475361,-0.006042,2.841259,-0.314000
7.481203,-0.006042,2.841259,-0.314000
7.485192,0.000934,2.932529,0.000000
7.499360,0.000934,2.855491,0.000000
7.506145,0.000934,2.866921,0.000000
7.511100,0.000934,2.844998,0.000000
7.518488,0.000934,2.796120,0.000000
7.525866,0.000934,2.951907,0.000000
7.531711,0.004449,2.856447,0.000000
7.537281,0.004449,2.974897,0.000000
7.545289,-0.002472,3.002815,0.000000
7.552014,-0.002472,2.981132,0.000000
7.556112,-0.002472,2.839283,0.000000
7.562409,-0.002472,2.954315,0.000000
7.571779,-0.002472,2.687716,0.000000
7.575872,0.004449,3.077880,0.000000
7.583713,0.004449,3.006464,0.000000
7.591971,0.000934,2.958677,0.000000
7.597554,0.000934,2.871346,0.000000
7.603148,0.000934,3.034518,0.000000
7.607240,0.000934,2.924503,0.000000
7.615941,-0.002472,2.752651,0.000000
7.624378,-0.002472,2.693048,0.000000
7.630984,0.000934,2.882874,0.000000
7.638634,-0.002472,2.725733,0.000000
7.650327,-0.002472,2.968986,0.000000
7.655119,-0.002472,3.101476,0.000000
7.661962,0.004449,2.931971,0.000000
7.667847,0.000934,2.842246,0.000000
7.673397,0.000934,2.868701,0.000000
7.683868,0.000934,2.971294,0.000000
7.688849,0.004449,2.740631,0.000000
7.696104,0.004449,3.031872,0.000000
7.701504,0.000934,3.027768,0.000000
7.705872,0.000934,2.706171,0.000000
7.710982,0.000934,2.927571,0.000000
7.715645,0.000934,2.927571,0.000000
7.720482,0.000934,2.859385,0.000000
7.724849,-0.002472,2.859385,0.000000
7.735233,-0.002472,2.859385,0.000000
7.742630,0.000934,2.859385,0.000000
7.754846,0.000934,2.826493,0.000000
7.760523,0.000934,2.822956,0.000000
7.772029,0.000934,2.822956,0.000000
7.782770,0.000934,2.822956,0.000000
7.789378,0.000934,2.822956,0.000000
7.798294,0.000934,2.825444,0.000000
7.804245,0.000934,2.868990,0.000000
7.808270,0.000934,2.903962,0.000000
7.814202,0.000934,2.944872,0.000000
7.818177,0.004449,3.054710,0.000000
7.835363,-0.002472,2.955094,0.000000
7.845738,-0.002472,2.874347,0.000000
7.853334,-0.002472,2.874347,0.000000
7.857935,-0.002472,2.874347,0.000000
7.863559,-0.002472,2.874347,0.000000
7.871445,0.000934,2.874347,0.000000
7.875478,0.000934,2.874347,0.000000
7.881446,0.000934,2.988387,0.000000
7.885396,0.000934,3.020998,0.000000
7.891160,0.000934,2.826030,0.000000
7.896910,0.000934,2.834275,0.000000
7.905509,0.000934,2.804726,0.000000
7.916626,0.000934,2.811608,0.000000
7.925009,0.000934,2.908733,0.000000
7.933845,0.000934,2.922791,0.000000
7.939781,-0.002472,2.859424,0.000000
7.945556,-0.002472,3.000114,-0.314000
7.954163,-0.002472,2.935514,-0.314000
7.958619,-0.002472,2.867689,-0.314000
7.964896,-0.002472,2.867689,0.000000
7.969717,-0.002472,2.867689,0.000000
7.973745,-0.002472,2.867689,0.000000
7.979048,-0.002472,2.867689,0.000000
7.985157,-0.002472,2.867689,0.000000
7.990757,0.004449,2.867689,0.000000
8.000620,0.004449,2.830645,0.000000
8.005033,0.000934,2.830645,0.000000
8.011079,0.000934,2.830645,0.000000
8.017344,-0.002472,2.830645,0.000000
8.025864,-0.002472,2.779532,0.000000
8.031729,-0.002472,3.039042,0.000000
8.039214,-0.002472,3.011990,0.000000
8.043240,-0.002472,2.878149,0.000000
8.047256,-0.002472,2.883067,0.000000
8.055109,-0.002472,2.853018,0.000000
8.061076,0.004449,2.823628,0.000000
8.066499,0.004449,2.735688,0.000000
8.071015,0.004449,2.891018,0.000000
8.075066,0.004449,2.815285,0.000000
8.080923,0.000934,3.052342,0.000000
8.088666,-0.002472,2.849918,0.000000
8.093627,-0.002472,2.812586,0.000000
8.103052,0.000934,2.947206,0.000000
8.112043,0.000934,2.782994,0.000000
8.116059,0.000934,2.850474,0.000000
8.123555,-0.002472,2.915617,0.000000
8.128981,-0.002472,2.854609,0.000000
8.136656,0.000934,2.854609,0.000000
8.144567,-0.002472,2.854609,0.000000
8.150455,-0.002472,2.824104,0.000000
8.157914,-0.002472,2.824104,0.000000
8.161877,0.000934,2.824104,0.000000
8.165995,0.000934,2.824104,0.000000
8.171407,0.000934,2.824104,0.000000
8.176185,-0.002472,2.824104,0.000000
8.181757,-0.002472,2.824104,0.000000
8.189475,-0.002472,2.824104,0.000000
8.196381,-0.002472,2.824104,0.000000
8.203533,-0.005988,2.824104,0.000000
8.207472,-0.005988,2.824104,0.000000
8.211564,-0.005988,2.824104,0.000000
8.215494,-0.005988,2.824104,0.000000
8.219861,-0.002472,2.824104,0.000000
8.224292,0.000934,2.824104,0.000000
8.236512,0.000934,2.824104,0.000000
8.241548,0.000934,2.824104,0.000000
8.247757,-0.002472,2.808852,0.000000
8.254070,-0.002472,2.808852,0.000000
8.261038,-0.005988,2.808852,0.000000
8.265434,-0.005988,2.797413,0.000000
8.270281,-0.005988,3.055276,0.000000
8.275868,0.000934,2.923238,0.000000
8.280120,0.000934,2.923238,0.000000
8.284320,0.000934,2.923238,0.000000
8.289631,0.000934,2.923238,0.000000
8.295959,0.000934,2.923238,0.000000
8.301736,0.000934,2.857219,0.000000
8.306135,0.000934,2.975802,0.000000
8.310248,0.000934,2.861837,0.000000
8.314348,-0.002472,2.826519,0.000000
8.318507,-0.002472,2.826519,0.000000
8.322491,-0.002472,2.826519,0.000000
8.327017,-0.002472,2.826519,0.000000
8.333505,0.000934,2.912515,0.000000
8.339121,0.000934,2.937829,0.000000
8.343207,0.000934,3.028382,0.000000
8.347694,0.000934,2.851773,0.000000
8.357082,0.000934,2.989868,0.000000
8.364915,0.000934,2.965917,0.000000
8.369900,-0.002472,3.080820,0.000000
8.373885,-0.002472,2.840501,0.000000
8.377961,-0.002472,2.911631,0.000000
8.382115,-0.002472,2.918677,0.000000
8.388422,-0.002472,2.824869,0.000000
8.392616,-0.002472,2.859617,0.000000
8.396635,0.000934,2.984704,0.000000
8.402298,0.000934,2.984704,0.000000
8.408015,0.000934,2.984704,0.000000
8.414755,0.000934,2.984704,0.000000
8.420444,0.000934,2.984704,0.000000
8.424983,0.000934,2.984704,0.000000
8.429294,0.000934,2.984704,0.000000
8.435286,0.000934,2.984704,0.000000
8.439309,0.000934,2.984704,0.000000
8.443575,0.000934,2.898376,0.000000
8.449337,0.000934,2.898376,0.000000
8.453643,-0.002472,2.898376,0.000000
8.457701,-0.002472,2.898376,0.000000
8.465589,-0.002472,2.898376,0.000000
8.469892,-0.002472,2.898376,0.000000
8.473865,-0.002472,2.962388,0.000000
8.477854,-0.002472,2.712175,0.000000
8.484136,0.000934,2.845361,0.000000
8.488379,0.000934,2.867968,0.000000
8.492965,0.000934,2.782667,0.000000
8.500323,0.000934,2.719242,0.000000
8.505541,0.000934,2.872821,0.000000
8.510718,0.000934,2.928505,0.000000
8.514949,0.000934,2.928505,0.000000
8.519130,0.000934,2.928505,0.000000
8.525984,0.000934,2.928505,0.000000
8.530552,0.000934,2.928505,0.000000
8.534557,0.000934,2.861053,0.000000
8.540372,0.000934,2.861053,0.000000
8.547042,0.000934,2.861053,0.000000
8.551131,0.000934,2.861053,0.000000
8.560017,-0.002472,2.861053,0.000000
8.569086,0.000934,2.800231,0.000000
8.573131,0.000934,2.792841,0.000000
8.579901,0.004504,2.734102,0.209333
8.584290,0.004504,2.841941,0.209333
8.590344,0.004504,2.828743,0.209333
8.594729,0.007745,2.758104,2.616667
8.599543,0.007745,2.696858,2.616667
8.605215,0.007745,2.983907,2.616667
8.609230,0.001208,3.009872,-3.140000
8.613773,0.001208,3.024417,-3.140000
8.617771,0.009998,3.220532,1.465333
8.629261,0.009998,2.826123,1.465333
8.634596,0.011591,2.841796,-2.512000
8.640327,0.011591,3.246362,-2.512000
8.644274,0.011591,2.967398,-2.512000
8.648930,0.010382,3.104925,1.465333
8.655436,0.010382,2.899708,1.465333
8.661178,0.010382,2.835963,1.465333
8.665731,0.006976,3.058948,1.884000
8.673894,0.006976,3.058948,1.884000
8.678176,0.004559,3.092383,5.652000
8.686789,0.004559,2.860048,5.652000
8.690881,0.004559,2.860048,10.466666
8.694860,0.006592,2.860048,10.466666
8.700476,0.006592,2.860048,10.466666
8.704605,0.006592,2.860048,7.640666
8.709425,0.005328,3.178206,7.640666
8.713433,0.005328,3.034750,7.640666
8.717581,0.005328,3.024809,7.640666
8.721564,0.006647,3.040851,10.257334
8.726008,0.006647,3.143703,10.257334
8.730067,0.004834,2.887458,15.490666
8.737940,0.004834,3.189171,15.490666
8.744699,0.004834,3.038436,15.490666
8.750571,0.010876,3.549152,14.653334
8.754919,0.010876,3.019481,17.898001
8.765535,0.002856,3.243217,17.898001
8.772909,0.002856,2.861193,25.747999
8.779010,0.000769,3.205225,25.747999
8.783062,0.000769,3.036439,25.747999
8.787053,0.000769,2.821665,19.886667
8.792983,0.007251,3.843608,19.886667
8.797068,0.007251,3.018788,19.886667
8.801330,0.007251,2.865424,19.886667
8.806494,0.005658,3.885194,27.108667
8.810689,0.005658,3.092824,27.108667
8.814672,0.005658,2.801903,27.108667
8.818582,-0.000659,3.299855,24.910667
8.827956,-0.000659,3.205732,24.910667
8.832011,-0.000659,2.875708,26.062002
8.836083,0.008295,2.991046,32.341999
8.850629,0.005054,3.013254,32.341999
8.856545,0.005054,3.082257,32.341999
8.862114,0.008185,3.155364,26.899334
8.866226,0.008185,3.186771,35.168003
8.877067,0.004779,4.309786,35.168003
8.881233,0.004779,3.206536,35.168003
8.885142,0.004779,3.123559,38.307999
8.891192,0.007416,4.120379,38.307999
8.895530,0.007416,4.120379,38.307999
8.899592,0.007800,3.456990,40.296669
8.906270,0.007800,3.456990,40.296669
8.912221,0.007800,3.456990,40.296669
8.916255,0.003241,4.080565,39.564003
8.921744,0.003241,3.253080,39.564003
8.929213,0.008844,2.967435,39.354668
8.938052,0.008844,3.457802,39.354668
8.942371,0.008844,3.167625,39.354668
8.946447,0.009998,3.409306,41.133999
8.952431,0.009998,3.409306,41.133999
8.959768,0.005933,3.509216,48.356003
8.964318,0.005933,3.145154,48.356003
8.968277,0.003351,3.022436,42.703999
8.978005,0.003351,3.125752,42.703999
8.983912,0.013129,3.124774,42.390003
8.989994,0.013129,3.252437,42.390003
8.996996,0.013129,3.184313,42.390003
9.002563,0.008734,3.850744,45.530003
9.006516,0.008734,3.203911,45.530003
9.010872,0.007526,3.134818,44.588001
9.019087,0.007526,3.100132,44.588001
9.023520,0.007526,3.035291,44.588001
9.029641,-0.007965,4.434523,38.936001
9.034055,-0.007965,3.810133,38.936001
9.038155,-0.007965,3.277496,38.936001
9.043879,0.010931,4.671531,49.716667
9.047971,0.010931,3.417533,49.716667
9.052222,0.010931,3.066179,49.716667
9.056685,0.003845,3.084924,43.960003
9.060793,0.003845,4.874157,43.960003
9.065004,0.003845,3.518522,43.960003
9.069310,0.006921,3.098882,49.193336
9.073318,0.006921,3.170274,49.193336
9.082176,0.006921,3.076717,49.193336
9.086579,0.003406,6.008420,51.391338
9.092053,0.003406,3.245136,51.391338
9.097562,0.009723,3.185760,58.404003
9.101620,0.009723,3.431182,58.404003
9.109950,0.009723,3.226136,58.404003
9.113954,0.015326,5.608809,55.159336
9.118541,0.015326,3.738875,55.159336
9.123278,0.015326,3.346109,63.009335
9.130668,0.006702,3.474349,63.009335
9.137609,0.002856,3.109194,63.428001
9.143434,0.002856,3.410951,63.428001
9.150944,0.002856,3.319128,64.579330
9.159329,0.002911,3.721564,64.579330
9.164616,0.002911,3.227695,64.579330
9.169218,0.010162,6.511645,66.568001
9.176370,0.010162,3.098077,66.568001
9.184327,0.004065,6.415854,67.405334
9.191039,0.004065,3.848310,67.405334
9.195289,0.003241,3.339669,72.848007
9.199896,0.003241,3.207557,72.848007
9.205704,0.003241,3.305812,72.848007
9.212075,0.009119,9.247807,65.625999
9.219182,0.009119,3.452247,65.625999
9.225891,0.004285,3.452247,72.848007
9.229948,0.004285,3.452247,72.848007
9.234026,0.004285,3.452247,71.801338
9.240980,0.008624,3.452247,71.801338
9.247923,0.008624,3.306062,71.801338
9.253775,0.009723,3.306062,75.988007
9.257995,0.009723,3.397531,75.988007
9.262598,0.009723,3.485766,76.197342
9.268314,0.009174,7.152248,76.197342
9.272335,0.009174,3.964915,76.197342
9.276326,0.009174,3.270849,79.651337
9.285146,0.007306,3.257565,79.651337
9.289491,0.007306,3.257873,79.651337
9.295059,0.001154,3.228771,71.382668
9.299155,0.001154,5.506224,71.382668
9.305641,0.001154,3.524341,71.382668
9.310286,0.001154,3.308586,71.382668
9.314429,0.001154,3.359033,71.382668
9.322632,0.018896,3.074177,72.429337
9.327241,0.018896,6.318811,72.429337
9.331492,0.018896,3.959776,72.429337
9.335651,0.009229,3.724388,86.454674
9.339538,0.009229,3.490394,86.454674
9.345893,0.009229,3.490394,86.454674
9.349862,0.013239,3.490394,88.652672
9.353879,0.013239,3.490394,88.652672
9.361294,0.013239,3.489697,88.652672
9.365388,0.006976,3.604848,88.652672
9.372032,0.006976,3.430624,88.652672
9.379608,0.006921,3.691562,83.209999
9.389103,0.006921,3.596990,96.293335
9.395185,0.011920,8.608773,96.293335
9.399306,0.006812,3.541453,97.444672
9.409562,0.006812,5.349002,97.444672
9.415214,0.006812,8.785824,98.700668
9.435477,0.004395,9.525180,100.898674
9.442597,0.004395,3.583471,100.898674
9.449604,0.009558,7.461392,101.526665
9.453621,0.009558,4.077550,101.526665
9.459946,0.009558,3.816534,101.526665
9.463977,0.010327,6.182471,105.713341
9.468252,0.010327,4.081274,105.713341
9.474618,0.010327,3.730342,104.248009
9.478568,0.003296,7.702771,104.248009
9.483259,0.003296,3.984961,104.248009
9.490739,0.010382,3.738359,105.504005
9.495452,0.010382,4.295459,105.504005
9.501801,0.011646,3.616552,105.922676
9.507769,0.011646,6.184022,105.922676
9.512180,0.011646,3.890038,105.922676
9.516732,0.000934,3.676632,103.515343
9.522208,0.000934,6.490877,103.515343
9.529678,0.003241,3.721957,104.875999
9.535424,0.003241,6.074570,104.875999
9.540045,0.003241,3.845558,104.875999
9.544217,0.003241,3.745343,105.922676
9.550113,0.005823,6.642471,105.922676
9.554243,0.005823,4.063961,105.922676
9.559699,0.009283,3.712412,108.120674
9.563997,0.009283,4.033131,108.120674
9.573871,0.012250,6.852851,106.446007
9.584099,0.012250,5.170176,107.911339
9.592832,0.002362,4.166752,107.911339
9.598507,0.002362,3.778044,107.911339
9.602908,0.012744,4.755626,110.109337
9.611461,0.012744,4.755626,110.109337
9.615505,0.012085,4.755626,107.911339
9.622637,0.012085,4.354063,107.911339
9.627182,0.012085,4.037831,107.911339
9.631247,0.003845,4.037831,107.074005
9.635248,0.003845,3.878916,107.074005
9.639307,0.003845,3.878916,107.074005
9.645019,0.008405,3.878916,106.864670
9.649535,0.008405,3.878916,106.864670
9.656036,0.012909,3.703529,106.446007
9.661947,0.012909,4.536568,106.446007
9.667116,0.012909,3.685198,106.446007
9.671781,0.008514,3.457650,107.702003
9.675945,0.008514,4.002105,107.702003
9.683169,0.008514,3.849876,107.702003
9.687250,0.014612,5.155208,109.690674
9.694762,0.014612,3.868950,109.690674
9.698927,0.014612,3.799769,108.120674
9.702906,0.014117,7.067573,108.120674
9.709253,0.014117,3.799215,108.120674
9.713742,0.013678,3.698176,105.504005
9.717728,0.013678,3.691061,105.504005
9.722200,0.013678,3.575670,97.444672
9.731199,0.002856,7.305093,97.444672
9.738772,0.002856,3.710230,103.933998
9.745810,0.015436,7.352503,103.933998
9.751593,0.008240,3.718816,104.666664
9.760224,0.008240,7.493904,104.666664
9.766993,0.008240,7.493904,108.120674
9.772422,0.005713,7.493904,108.120674
9.777495,0.005713,4.837851,108.120674
9.784830,0.016754,3.912039,105.922676
9.789169,0.016754,4.648632,105.922676
9.799459,0.001263,3.559810,106.446007
9.809535,0.001263,3.702976,98.910004
9.813949,0.007361,6.779992,98.910004
9.820751,0.007361,3.673125,98.910004
9.824873,0.007361,3.629816,107.283333
9.829027,0.014008,6.867738,107.283333
9.833144,0.014008,4.092158,107.283333
9.837098,0.014008,3.622545,107.283333
9.841391,0.008789,7.873229,107.074005
9.845516,0.008789,3.844469,107.074005
9.854640,0.011096,5.064604,107.492668
9.859078,0.011096,3.774228,107.492668
9.866872,0.009998,3.699103,110.737335
9.871548,0.009998,4.734838,110.737335
9.880913,0.009998,3.638702,108.539337
9.885283,0.010822,6.159410,108.539337
9.889297,0.010822,4.004800,108.539337
9.893336,-0.002362,6.846753,105.922676
9.903361,-0.002362,4.003234,105.922676
9.907879,0.011206,3.705581,107.702003
9.914969,0.011206,9.239346,107.702003
9.920515,0.018567,9.239346,107.911339
9.927467,0.018567,9.239346,107.911339
9.933242,0.018567,6.480473,107.911339
9.937259,0.014722,3.879492,108.120674
9.942057,0.014722,3.998096,108.120674
9.949240,0.014722,3.756962,108.120674
9.953281,0.010602,3.497840,107.702003
9.957183,0.010602,4.015400,107.702003
9.962705,0.010602,3.885337,107.702003
9.967545,0.009174,3.688602,108.330002
9.980025,0.013458,3.719537,109.272003
9.983879,0.013458,4.212620,109.272003
9.990506,0.013458,3.844355,108.120674
9.996071,0.013458,4.523061,108.120674
10.005317,0.007031,3.863815,107.492668
10.017523,0.007031,3.863815,107.492668
10.024554,0.010822,3.863815,108.853340
10.032880,0.009668,3.792707,108.120674
10.044889,0.009668,3.792707,108.120674
10.052349,0.010986,3.792707,109.900002
10.058167,0.010986,3.613788,109.481339
10.066146,0.006921,6.024247,109.481339
10.070946,0.006921,4.415706,109.481339
10.076764,0.006921,3.752513,109.900002
10.080710,0.012085,8.516876,109.900002
10.084635,0.012085,5.152569,109.900002
10.088902,0.012085,3.929546,109.900002
10.093323,0.009064,5.028434,111.679337
10.097257,0.009064,4.268714,111.679337
10.103094,0.009064,3.916528,111.679337
10.107100,0.011206,4.642582,111.679337
10.111880,0.011206,4.165003,111.679337
10.120764,0.006702,7.646231,110.946671
10.125153,0.006702,4.591033,110.946671
10.129644,0.006702,3.946579,110.946671
10.133524,0.013293,3.805071,111.260666
10.139185,0.013293,4.332989,111.260666
10.146639,0.017249,3.710359,114.924004
10.152992,0.017249,3.656405,114.924004
10.159842,0.009613,3.712847,106.655342
10.165601,0.009613,5.525123,106.655342
10.171137,0.009613,3.834320,106.655342
10.175265,0.011371,11.304495,110.318672
10.184387,0.011371,3.949620,110.318672
10.188516,0.011371,3.574903,114.714676
10.192899,0.012415,5.294120,114.714676
10.198766,0.012415,4.167458,114.714676
10.203739,0.007471,9.545963,118.692001
10.212464,0.007471,4.103434,118.692001
10.216511,0.011041,3.748070,116.075333
10.221776,0.011041,4.055992,116.075333
10.231064,0.011041,3.852649,119.320000
10.235100,0.007526,7.977757,119.320000
10.239201,0.007526,4.263703,119.320000
10.243224,0.007526,4.008734,123.925331
10.248918,0.017578,5.870402,123.925331
10.254604,0.017578,4.304869,123.925331
10.261460,0.011041,10.637400,124.344002
10.266533,0.011041,3.904095,122.146004
10.276078,0.012469,7.609736,122.146004
10.280183,0.012469,4.701229,122.146004
10.284690,0.012469,4.029144,125.181343
10.290898,0.014612,8.648296,125.181343
10.295591,0.014612,4.656574,125.181343
10.299792,0.004669,4.013494,122.564674
10.308522,0.004669,4.013494,122.564674
10.312530,0.004669,4.013494,122.564674
10.316515,0.006592,4.013494,129.577332
10.320798,0.006592,4.013494,129.577332
10.324881,0.006592,9.201847,129.577332
10.331901,0.142163,9.201847,149.568665
10.343244,0.013184,9.201847,147.789337
10.354001,0.013184,9.201847,147.789337
10.357977,0.007581,4.975362,137.008682
10.362216,0.007581,3.894842,137.008682
10.370301,0.007581,3.790577,139.729996
10.374375,0.008954,4.393424,139.729996
10.378462,0.008954,3.892803,139.729996
10.382566,0.008954,3.957100,132.194000
10.392076,0.016864,4.331858,132.194000
10.396385,0.016864,3.660739,129.367996
10.404225,0.016644,4.980533,129.367996
10.412997,0.013733,9.130360,127.379341
10.419897,0.013733,4.205059,127.379341
10.426370,0.016150,10.143139,125.181343
10.436674,0.016150,4.316124,125.181343
10.440774,0.016370,5.568008,128.949341
10.450767,0.016370,4.471777,128.949341
10.456134,0.014392,7.352499,128.530670
10.464467,0.014392,4.407212,128.530670
10.468681,0.014392,4.066603,124.344002
10.475454,0.011041,4.109994,124.344002
10.482956,0.011041,3.973462,128.112000
10.487376,0.019995,6.280333,128.112000
10.491777,0.019995,4.069489,128.112000
10.496468,0.009503,4.001415,125.704674
10.502106,0.009503,6.395813,125.704674
10.506106,0.009503,4.178826,125.704674
10.514543,0.012524,8.916574,126.123337
10.519629,0.012524,4.205399,126.123337
10.523655,0.012524,3.940425,125.914009
10.528890,0.008295,9.281626,125.914009
10.532882,0.008295,4.592339,125.914009
10.536954,0.019391,3.993140,127.902672
10.543570,0.019391,6.480534,127.902672
10.547546,0.019391,4.243496,127.902672
10.551943,0.015051,3.913640,126.123337
10.558154,0.015051,8.181810,126.123337
10.562252,0.015051,5.011103,126.123337
10.566576,0.015051,4.202188,129.786667
10.570575,0.012579,5.812748,129.786667
10.577311,0.012579,4.331244,129.786667
10.581388,0.010327,4.048036,129.158661
10.588005,0.010327,4.048036,129.158661
10.592049,0.010327,4.048036,129.158661
10.596298,0.010052,4.048036,125.181343
10.601580,0.010052,4.048036,125.181343
10.608289,0.010052,4.048036,128.321335
10.612242,0.001428,4.048036,128.321335
10.622655,0.010162,4.309152,127.170006
10.633607,0.010162,4.018609,127.170006
10.637908,0.005933,4.535031,129.367996
10.649366,0.005933,3.870085,123.506676
10.657462,0.012744,5.815295,123.506676
10.661538,0.012744,4.244987,126.542000
10.668301,0.010162,3.956018,126.542000
10.674395,0.010162,3.781577,126.542000
10.678354,0.010162,3.619894,120.157341
10.683153,0.003955,6.521312,120.157341
10.691635,0.003955,4.158789,120.157341
10.695636,0.013074,9.907248,123.088005
10.699913,0.013074,4.515450,123.088005
10.706061,0.013074,3.913589,127.902672
10.713437,0.009009,7.511605,126.751335
10.724915,0.015381,10.376352,126.751335
10.728994,0.015381,10.376352,126.751335
10.733582,0.015381,10.376352,123.716011
10.738721,0.009119,10.376352,123.716011
10.742705,0.009119,10.376352,123.716011
10.746909,0.009119,10.376352,125.495338
10.752469,0.004285,10.376352,125.495338
10.756639,0.004285,10.376352,125.495338
10.765026,0.008954,10.376352,127.379341
10.769541,0.008954,10.376352,127.379341
10.775499,0.008954,4.786044,127.902672
10.783839,0.007800,6.089405,127.902672
10.787930,0.007800,4.249751,128.740005
10.794570,0.002856,7.734919,128.740005
10.798594,0.002856,5.131979,128.740005
10.803016,0.002856,3.984485,129.786667
10.809371,0.018622,5.931086,129.786667
10.816795,0.012469,4.045488,126.960670
10.824406,0.012469,4.803628,126.960670
10.833826,0.015051,4.234404,132.194000
10.846916,0.010712,4.234404,130.309998
10.858178,0.010712,4.024251,130.309998
10.862775,0.008240,6.749778,130.309998
10.867493,0.008240,4.410233,130.309998
10.874182,0.009064,6.037604,128.112000
10.885763,0.009064,4.389075,128.112000
10.889722,0.021753,3.995592,129.786667
10.893969,0.021753,9.443849,129.786667
10.897912,0.021753,4.608256,129.786667
10.902927,0.014008,5.752182,128.740005
10.908534,0.014008,6.780146,128.740005
10.912665,0.014008,4.835136,128.740005
10.919461,0.010217,4.733042,133.554672
10.926651,0.010217,4.256521,133.554672
10.931402,0.013074,14.031012,128.740005
10.939740,0.013074,4.355491,128.740005
10.943999,0.013074,4.080206,135.124680
10.947988,0.011316,10.988019,135.124680
10.953791,0.011316,4.066457,135.124680
10.961372,0.013788,9.343758,132.717331
10.968377,0.013788,9.343758,132.717331
10.975024,0.017468,10.545467,138.160004
10.979919,0.017468,4.960917,138.160004
10.984006,0.017468,4.379879,138.160004
10.987950,0.014777,4.292745,134.601334
10.991925,0.014777,8.331686,134.601334
10.997200,0.014777,8.331686,134.601334
11.002766,0.015820,8.331686,140.567337
11.007242,0.015820,8.331686,140.567337
11.011329,0.019885,8.331686,139.206680
11.020257,0.019885,8.331686,139.206680
11.027893,0.011536,8.331686,137.950668
11.034017,0.011536,8.331686,137.950668
11.040664,0.011536,8.331686,138.997330
11.046731,0.011975,8.331686,138.997330
11.051185,0.011975,8.331686,135.962006
11.062624,0.015051,8.331686,135.962006
11.066622,0.015051,8.331686,135.962006
11.070791,0.015051,8.331686,145.800674
11.074915,0.012524,8.331686,145.800674
11.079196,0.012524,6.142943,145.800674
11.087049,0.001868,6.142943,143.602676
11.091572,0.001868,6.142943,143.602676
11.095634,0.001868,4.791686,143.602676
11.099991,0.004285,4.239143,141.404678
11.103983,0.004285,3.740598,141.404678
11.110950,0.004285,3.752837,141.404678
11.115425,0.013074,15.713600,132.926666
11.121773,0.013074,4.545993,132.926666
11.129101,0.013129,6.402337,140.567337
11.133296,0.013129,9.101666,140.567337
11.143807,0.012524,5.873824,145.800674
11.147826,0.012524,7.277856,145.800674
11.154601,0.015161,5.082783,143.812012
11.160310,0.015161,6.758022,143.812012
11.164717,0.015161,4.492076,143.812012
11.170796,0.009338,4.758080,149.568665
11.174852,0.009338,4.758080,149.568665
11.182059,0.009338,4.758080,152.185333
11.186524,0.016315,4.758080,152.185333
11.193658,0.016315,4.758080,152.185333
11.198823,0.002527,4.758080,141.928009
11.206722,0.002527,4.758080,141.928009
11.210898,0.002802,4.471539,150.406006
11.215652,0.002802,5.118378,150.406006
11.225931,0.019006,12.739971,158.046677
11.233294,0.019006,5.185648,158.046677
11.237267,0.019006,4.319539,157.418671
11.242780,0.020764,13.373259,157.418671
11.246810,0.020764,5.855157,157.418671
11.250673,0.020764,4.521885,159.197998
11.256468,0.013843,10.656571,159.197998
11.260652,0.013843,6.151643,159.197998
11.264661,0.013843,4.967286,157.418671
11.270311,0.016425,4.249549,157.418671
11.275394,0.016425,4.202037,157.418671
11.279772,0.008624,4.189710,148.208008
11.285478,0.008624,4.189710,148.208008
11.290675,0.008624,4.189710,155.430008
11.298493,0.011865,4.189710,155.430008
11.302354,0.011865,4.189710,155.430008
11.306368,0.011865,4.189710,159.826004
11.312210,0.003680,4.189710,159.826004
11.318903,0.003680,4.189710,159.826004
11.323168,0.015326,6.174655,161.396011
11.333089,0.015326,4.915414,161.396011
11.337368,0.009778,8.234394,160.663345
11.347089,0.009778,5.605224,160.663345
11.351512,0.002252,4.714431,162.442673
11.355574,0.002252,7.334558,162.442673
11.361144,0.002252,5.030990,162.442673
11.365283,0.005933,4.841495,157.209335
11.369185,0.005933,4.513247,157.209335
11.375475,0.005933,4.513247,157.209335
11.379444,0.009503,4.513247,152.185333
11.383984,0.009503,13.044624,152.185333
11.393161,0.006647,4.972901,156.372009
11.397727,0.006647,5.072793,156.372009
11.405126,0.006647,4.431250,158.779343
11.411185,0.005493,4.362812,158.779343
11.415168,0.005493,4.362812,158.779343
11.419343,0.008130,4.506406,160.244675
11.425833,0.008130,4.506406,160.244675
11.435900,0.013293,4.461953,160.977341
11.439941,0.013293,6.539369,160.977341
11.445773,0.013293,5.007542,160.977341
11.450054,0.010052,4.713470,162.442673
11.454812,0.010052,4.451935,162.442673
11.460465,0.010052,4.451935,162.442673
11.464821,0.012140,15.979325,151.347992
11.469338,0.012140,5.250391,151.347992
11.475856,0.007855,5.934660,157.000000
11.483255,0.007855,5.945393,157.000000
11.488567,0.007855,4.427074,157.000000
11.492655,0.015326,5.698644,158.256012
11.496609,0.015326,7.577661,158.256012
11.501234,0.015326,4.871620,158.256012
11.506775,0.016534,4.923047,160.454010
11.511000,0.016534,5.702033,160.454010
11.515132,0.016534,4.665754,160.454010
11.521058,0.011591,9.631661,158.570007
11.528358,0.011591,4.860135,158.570007
11.532298,0.009943,4.472354,163.175339
11.545187,0.009943,4.472354,147.998672
11.550800,0.012195,4.580772,147.998672
11.560989,0.016534,4.429367,160.035339
11.566288,0.016534,5.505065,160.035339
11.573232,0.016534,4.525333,160.035339
11.577336,0.015820,7.083583,161.605331
11.581320,0.015820,5.681962,161.605331
11.585630,0.015820,4.575558,161.605331
11.589959,0.006097,13.491817,160.244675
11.597039,0.006097,5.218107,160.244675
11.601206,0.006097,4.662889,160.244675
11.605343,0.002087,5.874322,162.233337
11.609286,0.002087,5.961590,162.233337
11.615453,0.002087,4.669586,163.384674
11.620160,0.020874,11.730499,163.384674
11.626512,0.020874,4.740636,163.384674
11.630503,0.020874,4.392694,160.454010
11.635250,0.013513,4.625562,160.454010
11.645286,0.006866,4.243561,159.826004
11.649227,0.006866,11.268822,159.826004
11.653284,0.006866,5.064177,159.826004
11.657211,0.006866,4.503900,162.442673
11.663251,0.020160,9.908962,162.442673
11.667440,0.020160,5.219183,162.442673
11.672169,0.012579,4.440074,161.605331
11.678136,0.012579,5.500813,161.605331
11.683931,0.012579,4.641051,161.605331
11.687817,0.012964,8.588026,163.175339
11.696396,0.012964,4.564076,163.175339
11.700680,0.012964,4.291659,158.570007
11.705017,0.000824,11.225107,158.570007
11.710590,0.000824,5.268451,158.570007
11.714582,0.000824,4.746488,161.814667
11.718531,0.007416,9.336336,161.814667
11.724421,0.007416,5.996484,161.814667
11.728377,0.007416,5.996484,160.977341
11.732791,0.017358,5.996484,160.977341
11.743360,0.009229,5.996484,163.175339
11.747837,0.009229,5.669692,163.175339
11.751914,0.009229,4.894261,163.175339
11.756015,0.020215,4.644852,163.175339
11.762157,0.020215,4.644852,163.175339
11.766558,0.020215,4.644852,162.442673
11.774198,-0.000659,4.644852,162.442673
11.778220,-0.000659,4.644852,161.605331
11.788913,0.013239,4.644852,161.605331
11.793642,0.013239,4.723745,161.605331
11.797708,0.014062,4.322122,161.186676
11.803396,0.014062,8.053863,161.186676
11.807412,0.014062,5.075983,161.186676
11.811350,0.003625,4.461424,161.396011
11.817314,0.003625,6.356557,161.396011
11.822933,0.003625,4.434792,164.640671
11.832619,0.001373,4.890802,164.640671
11.839923,0.008459,5.411877,164.012680
11.847209,0.008459,5.769718,164.012680
11.851452,0.008459,4.467023,164.012680
11.857201,0.002856,10.813154,160.454010
11.861213,0.002856,5.102986,160.454010
11.867113,0.002856,4.533850,160.454010
11.871921,0.014886,13.127233,161.814667
11.877952,0.014886,4.760791,161.814667
11.882551,0.014886,4.663849,161.605331
11.886622,0.010876,10.066117,161.605331
11.890965,0.010876,4.812725,161.605331
11.895767,0.010876,4.612216,163.384674
11.902670,0.013678,6.049576,163.384674
11.906670,0.013678,4.898867,163.384674
11.910918,0.012415,12.337610,161.396011
11.917949,0.012415,5.608382,161.396011
11.921986,0.012415,4.625223,161.396011
11.927496,0.016479,10.404431,163.803329
11.931650,0.016479,4.648855,163.803329
11.938764,0.000824,5.156995,159.616669
11.950878,0.000824,4.638093,159.616669
11.954916,0.015546,9.822753,164.012680
11.959337,0.015546,4.976570,164.012680
11.965019,0.015546,4.547196,164.012680
11.968924,0.018127,10.133793,162.442673
11.975950,0.018127,4.850697,162.442673
11.980041,0.018127,4.416912,162.442673
11.983925,0.004120,9.715307,162.442673
11.990941,0.004120,7.111126,162.442673
11.995588,0.014941,7.111126,161.814667
11.999728,0.014941,7.111126,161.814667
12.003819,0.014941,7.111126,161.814667
12.010935,0.004175,7.111126,161.396011
12.018199,0.004175,7.111126,161.396011
12.022344,0.010437,10.722231,163.175339
12.030134,0.010437,4.854951,163.175339
12.034534,0.010437,4.444519,163.175339
12.039478,0.017908,11.205023,162.233337
12.043601,0.017908,5.392770,162.233337
12.050602,0.007910,4.392667,161.605331
12.060118,0.007910,4.220188,161.605331
12.064236,0.009723,5.470273,150.824677
12.070427,0.009723,6.607059,150.824677
12.077796,0.009723,4.634707,160.244675
12.082013,0.009503,10.144869,160.244675
12.086339,0.009503,4.892211,160.244675
12.090408,0.009503,4.477907,160.244675
12.094321,0.001703,4.393282,155.011337
12.098918,0.001703,6.722005,155.011337
12.102915,0.001703,4.446894,155.011337
12.106949,0.001703,4.361212,158.779343
12.110924,0.012964,5.219954,158.779343
12.117292,0.012964,4.366772,158.779343
12.121682,0.014172,7.202360,154.802002
12.130739,0.014172,5.056490,154.802002
12.134835,0.014172,6.145290,153.441345
12.140820,0.009338,10.870711,153.441345
12.144833,0.009338,5.456652,153.441345
12.151559,0.005988,5.666093,157.209335
12.156020,0.005988,4.349253,157.209335
12.160393,0.005988,4.327197,150.824677
12.166490,0.005878,6.842384,150.824677
12.170554,0.005878,4.540692,150.824677
12.174602,0.005878,4.221348,145.591339
12.181240,0.006921,7.791322,145.591339
12.186390,0.006921,4.362294,145.591339
12.190475,0.011426,4.031466,142.765335
12.195237,0.011426,4.877410,142.765335
12.201947,0.011426,4.142988,142.765335
12.205988,0.013953,4.272443,140.567337
12.210972,0.013953,4.372965,140.567337
12.217146,0.013953,3.923608,138.369339
12.222785,0.012030,7.468307,138.369339
12.228602,0.012030,3.972559,138.369339
12.232997,0.010382,3.902830,137.531998
12.237452,0.010382,6.736504,137.531998
12.243517,0.010382,6.736504,137.531998
12.247583,0.006812,6.736504,132.717331
12.255099,0.006812,4.301138,132.717331
12.259597,0.007910,3.943035,129.367996
12.266842,0.007910,4.897226,129.367996
12.271386,0.007910,4.201702,129.367996
12.277375,0.005219,7.297405,126.960670
12.284153,0.005219,4.414631,126.960670
12.291685,0.002637,4.557357,124.972008
12.295710,0.002637,4.726982,124.972008
12.299922,0.002637,4.021723,124.972008
12.304961,0.007800,5.410664,126.751335
12.310211,0.007800,4.019533,126.751335
12.314579,0.007800,3.861127,121.517998
12.320929,0.005823,7.639008,121.517998
12.325005,0.005823,4.156404,121.517998
12.329192,0.005823,3.952625,121.517998
12.333269,0.008954,5.916664,120.680672
12.337305,0.008954,4.482560,120.680672
12.346089,0.000000,3.816255,116.075333
12.350110,0.000000,5.382578,116.075333
12.357272,0.000000,3.801520,118.901337
12.367948,0.011316,3.779794,118.901337
12.376252,0.015161,7.518874,114.924004
12.381742,0.015161,4.049573,114.924004
12.385976,0.015161,3.821146,117.750000
12.389986,0.000879,5.385721,117.750000
12.394179,0.000879,4.115782,117.750000
12.398187,0.000879,3.945323,117.750000
12.402521,0.013568,4.186865,113.667999
12.406844,0.013568,4.710166,113.667999
12.411235,0.013568,3.910591,113.667999
12.417793,-0.012250,4.095324,108.120674
12.421941,-0.012250,4.095324,108.120674
12.426144,-0.012250,4.095324,108.120674
12.431920,0.009283,3.931281,107.911339
12.435924,0.009283,4.299798,107.911339
12.441299,0.009009,3.982449,108.853340
12.448841,0.009009,4.100278,108.853340
12.454712,0.009009,3.641819,107.074005
12.463732,0.011206,4.847310,107.074005
12.469495,0.011206,4.847310,107.074005
12.473778,0.006921,5.680055,102.887337
12.482280,0.006921,5.680055,102.887337
12.486253,0.009723,5.680055,100.480003
12.491355,0.009723,4.329214,100.480003
12.495399,0.009723,3.699053,100.480003
12.499483,-0.001923,3.327866,93.886002
12.504000,-0.001923,6.339216,93.886002
12.507976,-0.001923,3.943351,93.886002
12.512562,0.008899,4.503621,100.480003
12.518427,0.008899,5.504902,100.480003
12.522368,0.008899,3.616991,100.480003
12.526523,0.008624,6.884395,98.910004
12.533667,0.008624,3.967100,98.910004
12.538984,0.008624,3.526597,98.700668
12.544216,0.005768,7.551456,98.700668
12.548950,0.005768,4.091485,98.700668
12.552945,0.005768,5.317804,101.317337
12.561511,0.018073,3.782095,101.317337
12.571265,0.009283,6.195644,93.467331
12.575314,0.009283,4.486127,93.467331
12.579614,0.009283,3.668746,93.467331
12.583557,0.009338,3.456621,96.293335
12.587977,0.009338,4.605676,96.293335
12.591994,0.009338,3.587680,96.293335
12.596823,0.009338,5.322125,96.502670
12.604368,-0.002142,3.865114,96.502670
12.608336,-0.002142,3.557070,96.502670
12.612552,0.002417,4.234667,93.258003
12.616574,0.002417,4.058965,93.258003
12.622195,0.002417,3.590070,93.258003
12.626184,0.001373,3.379017,90.013336
12.630155,0.001373,3.810284,90.013336
12.635984,0.001373,3.537686,90.013336
12.640051,0.008020,3.710365,92.839340
12.645216,0.008020,3.955136,92.839340
12.650203,0.008020,3.446246,92.839340
12.654246,-0.000934,3.488689,86.664009
12.658332,-0.000934,3.619559,86.664009
12.665808,0.012689,3.519927,91.060005
12.671930,0.012689,4.232345,91.060005
12.675999,0.012689,3.552247,91.060005
12.680305,0.005768,3.552572,88.024666
12.685799,0.005768,4.393061,88.024666
12.693990,0.005768,4.393061,83.838005
12.698385,-0.001263,4.393061,83.838005
12.703593,-0.001263,4.393061,83.838005
12.707652,-0.001263,3.941030,83.838005
12.711957,0.013843,3.941030,83.000664
12.717931,0.013843,3.459102,83.000664
12.722839,0.006812,3.459102,82.791336
12.728005,0.006812,3.459102,82.791336
12.734567,0.006812,3.459102,82.791336
12.743778,0.008350,4.563094,83.628670
12.748128,0.008350,3.911147,83.628670
12.753567,0.011096,3.583773,86.245338
12.757650,0.011096,3.977893,86.245338
12.761705,0.012469,3.447568,81.221336
12.770283,0.012469,7.019492,81.221336
12.774604,0.012469,3.555668,81.221336
12.781027,0.010712,6.166238,88.443336
12.785948,0.010712,3.857288,88.443336
12.790353,0.010712,3.368395,85.617332
12.797063,0.011920,7.015006,85.617332
12.801717,0.011920,3.723538,85.617332
12.805630,0.011920,3.374130,90.222672
12.811811,0.005328,4.492408,90.222672
12.818060,0.005328,3.549210,90.222672
12.823951,0.004340,3.521838,91.269333
12.827949,0.004340,3.493104,91.269333
12.831945,0.004340,3.315063,91.269333
12.836434,0.004944,3.405616,81.640007
12.840584,0.004944,7.576338,81.640007
12.844937,0.004944,3.686308,81.640007
12.849501,0.008130,3.543139,97.654007
12.853989,0.008130,5.328473,97.654007
12.858195,0.008130,3.633109,97.654007
12.863254,0.003461,7.979295,96.502670
12.872602,0.003461,3.876201,96.502670
12.877502,0.010712,3.493831,95.456009
12.881884,0.010712,4.341835,95.456009
12.888209,0.010712,3.712107,95.456009
12.892597,-0.000055,8.229170,98.700668
12.899954,-0.000055,3.746011,98.700668
12.904038,-0.000055,3.577351,98.700668
12.908048,0.010931,3.524347,101.840675
12.912205,0.010931,4.187261,101.840675
12.916371,0.010657,3.377145,95.456009
12.926602,0.010657,3.410821,95.456009
12.930794,0.008459,3.298538,93.676666
12.936579,0.008459,7.716884,93.676666
12.941782,0.008459,3.680724,93.676666
12.945735,0.008459,3.595081,94.828003
12.949821,0.006866,8.115680,94.828003
12.954032,0.006866,3.748798,94.828003
12.958935,0.006866,3.697525,94.828003
12.962939,0.012195,7.599364,98.910004
12.966955,0.012195,3.601987,98.910004
12.974195,0.012195,3.516122,97.235336
12.978261,0.006866,5.349015,97.235336
12.984414,0.006866,5.349015,97.235336
12.988386,0.016754,5.349015,100.061333
12.992352,0.016754,5.349015,100.061333
12.996359,0.016754,3.956289,100.061333
13.001342,0.008899,3.976159,100.061333
13.007286,0.008899,9.095419,100.061333
13.011537,0.008899,4.463738,100.061333
13.015780,0.011481,3.827590,101.526665
13.021612,0.011481,3.681262,101.526665
13.029662,0.020929,3.502963,104.457344
13.035015,0.020929,4.825341,104.457344
13.040807,0.020929,3.740754,104.457344
13.044877,-0.005768,6.600130,100.480003
13.050188,-0.005768,4.626571,100.480003
13.054175,-0.005768,3.693330,105.504005
13.061478,0.006372,3.693330,105.504005
13.065474,0.006372,3.823765,105.504005
13.072553,0.013788,5.080391,104.457344
13.078321,0.013788,3.874167,104.457344
13.085126,0.013788,3.701591,104.457344
13.089206,0.009119,3.647662,104.457344
13.093353,0.009119,3.501227,104.457344
13.098124,0.009119,3.637128,99.433334
13.103433,-0.000879,4.554591,99.433334
13.107380,-0.000879,4.280068,99.433334
13.114259,0.010657,3.744917,105.085335
13.118457,0.010657,7.622029,105.085335
13.124061,0.010657,3.950308,108.120674
13.131150,0.005328,9.978444,108.120674
13.135937,0.005328,4.273236,108.120674
13.141951,0.017798,3.668852,111.888672
13.147965,0.017798,5.374491,111.888672
13.152157,0.017798,4.028330,111.888672
13.156173,0.017798,3.741870,108.539337
13.160155,0.011591,8.109904,108.539337
13.164131,0.011591,3.814316,108.539337
13.169160,0.008514,9.186348,112.098007
13.177037,0.008514,4.513053,112.098007
13.181398,0.006482,3.872828,112.516670
13.189068,0.006482,4.391656,112.516670
13.195381,0.006592,3.741739,115.133331
13.202276,0.006592,8.691147,115.133331
13.208520,0.006592,4.089758,115.133331
13.213139,0.012744,3.756239,114.714676
13.217386,0.012744,5.757555,114.714676
13.223406,0.012744,4.172439,114.714676
13.227406,0.012854,4.417402,118.692001
13.232240,0.012854,4.331581,118.692001
13.239413,0.006647,3.657693,115.552002
13.244439,0.006647,7.595949,115.552002
13.248677,0.006647,4.072462,115.552002
13.254354,0.008789,3.772604,116.284668
13.258389,0.008789,3.782938,116.284668
13.263050,0.008789,3.809783,116.284668
13.268119,0.010547,4.222680,108.330002
13.280942,0.012415,12.423044,116.494003
13.289623,0.012415,4.818478,116.494003
13.293661,0.012415,4.140642,116.494003
13.298737,0.000604,10.723528,122.564674
13.303524,0.000604,4.295463,122.564674
13.310651,0.010382,6.257316,126.751335
13.316510,0.010382,5.012138,126.751335
13.321086,0.010382,4.063821,123.506676
13.327051,0.008350,5.313928,123.506676
13.337687,0.008350,4.053240,128.949341
13.344445,0.009229,5.520882,128.949341
13.349244,0.009229,4.414255,128.949341
13.353723,0.009064,7.213963,130.728668
13.362197,0.009064,4.446966,130.728668
13.366304,0.009064,3.993105,135.124680
13.371018,0.002307,5.236844,135.124680
13.380948,0.013733,4.255514,138.369339
13.385687,0.013733,5.959344,138.369339
13.391750,0.013733,5.959344,138.369339
13.396439,0.024390,5.959344,143.602676
13.400504,0.024390,5.959344,143.602676
13.406064,0.024390,4.956772,143.602676
13.410312,0.003351,4.956772,140.776672
13.414452,0.003351,4.956772,140.776672
13.418960,0.003351,4.956772,140.776672
13.424785,0.008954,4.956772,144.963333
13.435724,0.022687,4.570886,149.568665
13.441205,0.022687,11.456348,149.568665
13.446449,0.022687,5.414606,143.602676
13.454031,0.018787,12.806412,143.602676
13.459746,0.018787,5.583314,143.602676
13.463842,0.018787,4.418614,155.011337
13.467997,0.017468,12.767570,155.011337
13.473964,0.017468,4.468951,155.011337
13.477941,0.009283,14.511337,154.174011
13.485297,0.009283,4.999660,154.174011
13.490873,0.009283,4.469366,154.174011
13.494942,0.002966,10.480610,156.162674
13.498943,0.002966,5.498894,156.162674
13.503414,0.002966,4.959146,156.162674
13.507323,0.010931,4.515218,159.197998
13.511781,0.010931,8.272030,159.197998
13.515825,0.010931,4.789664,159.197998
13.520277,0.011536,4.249027,157.837341
13.527374,0.011536,4.026631,157.837341
13.531418,0.011536,4.020504,148.626678
13.538314,0.011316,9.113501,148.626678
13.543434,0.011316,4.375194,148.626678
13.549023,0.003406,13.001730,158.570007
13.554810,0.003406,4.616290,158.570007
13.562839,0.009723,12.383760,160.454010
13.568447,0.009723,5.740123,160.454010
13.573326,0.017084,4.401928,163.594009
13.580413,0.017084,4.837722,163.594009
13.588356,0.017084,4.497603,158.570007
13.594636,0.001428,7.467617,158.570007
13.599877,0.001428,4.840632,158.570007
13.604024,0.014008,4.371539,163.384674
13.608394,0.014008,10.535051,163.384674
13.614448,0.014008,5.395403,163.384674
13.618797,0.000879,4.681560,167.466660
13.623267,0.000879,5.198214,167.466660
13.629295,0.000879,4.603726,167.466660
13.633221,0.013788,4.324791,168.199326
13.637713,0.013788,5.523468,168.199326
13.643270,0.013788,4.970484,168.199326
13.647344,0.013788,4.970484,163.384674
13.651600,0.013788,10.201635,163.384674
13.655698,0.013788,5.979784,163.384674
13.660297,0.013788,4.983946,164.431335
13.664955,0.011481,8.735336,164.431335
13.669777,0.011481,5.132079,164.431335
13.674964,0.002252,5.132079,163.175339
13.681450,0.002252,5.132079,161.814667
13.691409,0.014557,5.132079,161.814667
13.695428,0.014557,5.132079,161.814667
13.701038,0.014557,5.132079,161.814667
13.705019,0.006866,5.132079,161.814667
13.709059,0.006866,4.725224,161.814667
13.715810,0.006866,4.216526,164.850006
13.720349,0.022577,8.494751,164.850006
13.726093,0.022577,4.995639,164.850006
13.730022,0.004285,4.458151,163.175339
13.736746,0.004285,4.673666,163.175339
13.742690,0.004285,4.536690,163.175339
13.747855,0.017743,7.396773,164.222000
13.751883,0.017743,10.899687,164.222000
13.756053,0.017743,10.899687,164.222000
13.759966,0.017743,10.899687,164.222000
13.764690,0.017743,7.426943,164.222000
13.772577,0.007471,7.386060,152.185333
13.782603,0.007471,4.690972,157.418671
13.790141,0.013953,10.827871,157.418671
13.794179,0.013953,6.137293,157.418671
13.798529,0.013953,4.603862,164.431335
13.804027,0.003845,8.760139,164.431335
13.807998,0.003845,5.965960,164.431335
13.812623,0.003845,4.699695,163.384674
13.818504,0.019940,9.597049,163.384674
13.826665,0.007141,4.281296,162.861343
13.832976,0.007141,4.928248,162.861343
13.837292,0.007141,4.655981,162.861343
13.841328,0.007141,4.535245,162.861343
13.845386,0.004944,10.332380,160.244675
13.849550,0.004944,7.420785,160.244675
13.854065,0.004944,5.227896,160.244675
13.858565,0.005988,5.227896,160.977341
13.862657,0.005988,5.227896,160.977341
13.867831,0.005988,5.227896,160.977341
13.871777,0.012689,4.938948,162.861343
13.875978,0.012689,6.341830,162.861343
13.881427,0.012689,4.957208,162.861343
13.885639,0.014996,5.597724,162.233337
13.894730,0.014996,4.855653,162.233337
13.898953,0.008734,5.944517,165.792007
13.904027,0.008734,6.067557,165.792007
13.907951,0.008734,4.653544,165.792007
13.911869,0.008734,4.535586,165.792007
13.915951,0.013733,5.726247,162.861343
13.920372,0.013733,5.830280,162.861343
13.925065,0.005054,4.652960,163.384674
13.931494,0.005054,7.115732,163.384674
13.936439,0.005054,5.267383,163.384674
13.942776,0.005438,17.828815,160.977341
13.951569,0.005438,20.103703,160.977341
13.956501,0.037628,20.103703,192.481995
13.960811,0.037628,20.103703,192.481995
13.966364,0.037628,20.103703,192.481995
13.970455,-0.004999,10.661800,169.455338
13.978044,-0.004999,4.490956,169.455338
13.982674,-0.004999,6.606405,165.582672
13.989293,-0.010327,4.494596,165.582672
13.997710,-0.002362,5.963506,174.479340
14.002960,-0.002362,4.596365,174.479340
14.011204,-0.002362,4.351733,163.803329
14.016875,0.009778,6.316048,163.803329
14.020834,0.009778,4.681709,163.803329
14.027210,0.008899,10.473438,164.640671
14.031530,0.008899,5.113183,164.640671
14.035794,0.008899,4.548924,164.640671
14.041714,0.009009,4.339820,163.803329
14.047728,0.009009,4.236715,163.803329
14.052705,0.009064,12.133726,156.372009
14.059537,0.009064,5.427701,156.372009
14.063958,0.009064,4.312215,160.035339
14.070673,0.011481,4.276304,160.035339
14.077731,0.011481,4.463152,161.186676
14.083390,0.009009,4.463152,161.186676
14.088870,0.009009,4.463152,161.186676
14.097248,0.003021,4.324076,162.233337
14.105040,0.003021,4.324076,162.233337
14.109243,0.014612,4.324076,160.244675
14.113331,0.014612,4.324076,160.244675
14.117225,0.014612,4.324076,160.244675
14.121271,0.014612,4.324076,158.570007
14.127232,0.009778,6.207697,158.570007
14.133427,0.009778,6.207697,158.570007
14.137526,0.013403,5.080948,158.570007
14.141528,0.013403,4.445843,158.570007
14.147338,0.013403,4.102880,158.570007
14.151428,0.007306,3.933220,147.789337
14.155481,0.007306,4.297855,147.789337
14.159712,0.007306,4.126027,147.789337
14.164029,0.007306,4.126027,143.812012
14.168411,0.006812,3.220616,143.812012
14.172714,0.006812,3.421529,143.812012
14.177323,0.010492,3.683598,139.206680
14.183162,0.010492,3.683598,139.206680
14.187406,0.010492,3.683598,139.206680
14.191997,0.007745,3.585549,127.379341
14.202283,0.007745,3.585549,127.379341
14.206358,0.007745,3.585549,121.099342
14.210524,0.008405,3.304674,121.099342
14.218256,0.008405,3.304674,121.099342
14.222453,0.000989,3.304674,112.935333
14.226764,0.000989,2.979118,112.935333
14.233534,0.000989,3.106490,100.689339
14.237822,-0.003735,2.074661,100.689339
14.243900,-0.003735,3.188366,100.689339
14.252152,0.007690,1.561320,92.106674
14.257153,0.007690,2.758595,92.106674
14.261107,0.003131,2.906431,80.802666
14.267026,0.003131,2.626052,80.802666
14.270983,0.003131,2.782978,80.802666
14.275105,0.003131,3.005825,70.964005
14.281344,-0.004449,2.479063,70.964005
14.286465,-0.004449,2.716041,70.964005
14.290783,-0.004120,2.723079,57.357338
14.296858,-0.004120,2.654127,57.357338
14.304119,-0.003076,2.794683,51.600666
14.309432,-0.003076,3.011755,51.600666
14.313473,-0.003076,2.909084,51.600666
14.317438,-0.003076,3.003218,46.158001
14.322887,0.002637,2.340701,46.158001
14.327120,0.002637,2.952842,46.158001
14.335048,-0.002252,2.649113,37.366001
14.339118,-0.002252,2.511764,37.366001
14.343305,-0.002252,2.787145,31.923334
14.349111,-0.005054,2.907086,31.923334
14.353166,-0.005054,2.720486,31.923334
14.358791,-0.005054,2.757043,31.923334
14.362975,-0.002856,2.846930,21.142668
14.367973,-0.002856,2.748182,21.142668
14.371995,-0.002856,2.769691,21.142668
14.376539,0.003680,2.769691,18.107334
14.380553,0.003680,2.769691,18.107334
14.386544,-0.000989,2.964261,14.234667
14.394866,-0.000989,2.812833,14.234667
14.400363,-0.001923,2.882979,4.500667
14.407639,-0.001923,2.837090,4.500667
14.411645,-0.001923,2.837090,4.500667
14.415614,-0.001923,2.837090,4.500667
14.419618,0.000055,2.837090,3.663333
14.423586,0.000055,2.837090,3.663333
14.427656,0.000055,2.837090,-0.942000
14.433188,0.003186,2.837090,-0.942000
14.437521,0.003186,2.837090,-0.942000
14.442820,0.003186,2.930445,-0.942000
14.448555,-0.000275,2.930445,-0.942000
14.453769,-0.000275,2.930445,-0.942000
14.457719,0.003680,2.930445,0.418667
14.462966,0.003680,2.930445,0.418667
14.468424,0.003680,2.860822,0.418667
14.472378,0.003680,2.889853,-0.523333
14.477065,-0.000275,2.916016,-0.523333
14.483068,-0.000275,2.823604,-0.523333
14.487062,0.003571,2.742351,0.000000
14.491375,0.003571,2.845394,0.000000
14.499256,0.003571,2.935897,0.000000
14.506519,0.000165,2.801293,0.000000
14.511360,0.000165,2.736123,0.000000
14.517410,-0.000055,2.930015,0.000000
14.521869,-0.000055,2.944188,0.000000
14.528975,0.003516,2.981084,0.000000
14.536310,0.003516,2.789730,0.000000
14.541093,-0.003461,2.774527,0.000000
14.548783,-0.003735,2.825601,0.000000
14.566939,-0.003735,2.774644,0.000000
14.574533,-0.000055,2.849130,0.000000
14.578743,-0.000055,2.749282,0.000000
14.582849,-0.000055,2.873185,0.000000
14.588575,0.003241,2.947237,0.000000
14.593704,0.003241,2.971701,0.000000
14.599230,-0.003735,2.934919,0.000000
14.603309,-0.003735,2.927416,0.000000
14.612038,-0.003735,2.904463,0.000000
14.616791,0.003790,2.704916,0.000000
14.620826,0.003790,2.827779,0.000000
14.626412,-0.000330,2.971522,0.000000
14.630449,-0.000330,2.882561,0.000000
14.638236,-0.000330,2.882561,0.000000
14.642427,0.003516,2.838080,0.000000
14.646850,0.003516,2.838080,0.000000
14.652770,0.003516,2.838080,0.000000
14.658189,-0.000604,2.838080,0.000000
14.665418,-0.000604,2.838080,0.000000
14.670831,-0.000055,2.838080,0.000000
14.677501,-0.000055,2.838080,0.000000
14.682025,0.003241,2.815840,0.000000
14.689063,0.003241,2.815840,0.000000
14.696594,-0.003461,2.765205,0.000000
14.703655,-0.003461,2.959801,0.000000
14.711013,-0.000055,2.813044,0.000000
14.715458,-0.000055,2.898954,0.000000
14.721864,-0.000055,3.032634,0.000000
14.726724,0.003516,2.837164,0.000000
14.730753,0.003516,2.946937,0.000000
14.736518,0.002966,2.831334,0.000000
14.743608,0.002966,2.982696,0.000000
14.749402,0.002966,2.982696,0.000000
14.756299,-0.000055,2.982696,0.000000
14.762846,-0.000055,2.723374,0.000000
14.767752,-0.003735,2.784822,0.000000
14.771659,-0.003735,2.905611,0.000000
14.776225,-0.003735,2.905611,0.000000
14.782780,-0.000330,2.905611,0.000000
14.791437,-0.000330,2.967305,0.000000
14.796756,-0.003735,2.967305,0.000000
14.803166,-0.003735,2.967305,0.000000
14.808859,0.003241,2.967305,0.000000
14.817616,0.003241,2.879252,0.000000
14.822206,0.003241,2.739303,0.000000
14.827811,0.003241,2.864278,0.000000
14.831877,0.003241,2.927505,0.000000
14.838806,0.000220,2.942876,0.000000
14.843022,0.000220,2.810509,0.000000
14.849974,0.000220,3.201263,0.000000
14.854410,-0.003735,2.894316,0.000000
14.858410,-0.003735,2.951689,0.000000
14.864143,-0.003735,2.754061,0.000000
14.870698,0.000220,2.745979,0.000000
14.874698,0.000220,2.839895,0.000000
14.879058,-0.000055,2.839895,0.000000
14.885349,-0.000055,2.839895,0.000000
14.893735,0.003241,2.816747,0.000000
14.898717,0.003241,2.816747,0.000000
14.904744,0.003241,2.816747,0.000000
14.908845,-0.000055,2.816747,0.000000
14.916993,-0.000055,2.816747,0.000000
14.921190,-0.000055,2.816747,0.000000
14.925655,-0.000055,2.816747,0.000000
14.929607,-0.000055,2.816747,0.000000
14.933619,-0.000055,2.816747,0.000000
14.939031,-0.000055,2.816747,0.000000
14.943167,-0.000055,2.816747,0.000000
14.948351,-0.000055,2.816747,0.000000
14.953879,-0.000055,2.969143,0.000000
14.958102,-0.000055,2.861671,0.000000
14.962222,0.003021,2.803756,0.000000
14.974419,0.003021,2.797478,0.000000
14.978285,-0.003955,2.821060,0.000000
14.983006,-0.003955,2.852316,0.000000
14.989037,-0.003955,2.826370,0.000000
14.994575,-0.003735,2.873068,0.000000
15.000762,-0.003735,2.885317,0.000000
15.004740,0.003516,3.014607,0.000000
15.022624,-0.003735,2.750558,0.000000
15.039750,-0.003735,2.888479,0.000000
15.043850,-0.003735,2.723539,0.000000
15.049621,-0.000055,2.723539,0.000000
15.056690,-0.000055,2.833085,0.000000
15.063053,0.003241,2.681535,0.000000
15.067007,0.003241,2.706284,0.000000
15.071089,-0.000055,2.749942,0.000000
15.078904,-0.000055,2.749942,0.000000
15.083005,-0.000055,2.749942,0.000000
15.088011,-0.003461,2.772971,0.000000
15.094629,-0.003461,2.772971,0.000000
15.098643,-0.003461,2.899685,0.000000
15.106030,0.000165,2.899685,0.000000
15.110642,0.000165,2.899685,0.000000
15.114669,0.000165,2.899685,0.000000
15.124873,-0.000330,2.899685,0.000000
15.129684,-0.000330,2.899685,0.418667
15.134158,0.003241,2.899685,0.418667
15.139765,0.003241,2.961743,0.418667
15.143754,0.003241,2.961743,-0.314000
15.150187,0.000604,2.961743,-0.314000
15.155842,0.000604,2.961743,-0.314000
15.160177,0.006757,2.961743,3.454000
15.166000,0.006757,2.994071,3.454000
15.170155,0.006757,2.843718,3.454000
15.174351,0.007526,2.747929,3.663333
15.178346,0.007526,3.256295,3.663333
15.183988,0.007526,3.055137,14.234667
15.189713,0.000330,4.833034,14.234667
15.195683,0.000330,3.417958,14.234667
15.200152,0.006152,3.066790,20.514668
15.205762,0.006152,3.744995,20.514668
15.209697,0.006152,3.744995,20.514668
15.213786,0.006152,3.384397,29.097334
15.217815,0.008295,3.384397,29.097334
15.225678,0.008295,3.384397,29.097334
15.230033,0.006976,3.384397,43.332005
15.234018,0.006976,3.320399,43.332005
15.241257,0.012799,3.251656,59.974003
15.247481,0.012799,4.261163,59.974003
15.253102,0.012799,3.587020,59.974003
15.257314,0.012799,3.274000,64.788666
15.261982,0.014392,5.053380,64.788666
15.268063,0.014392,3.996395,64.788666
15.272433,0.009503,3.996395,79.232666
15.276595,0.009503,3.996395,79.232666
15.281163,0.009503,3.996395,89.699333
15.288087,0.004504,15.385498,89.699333
15.293371,0.004504,5.382899,89.699333
15.298562,0.006702,15.940182,107.911339
15.305357,0.006702,4.971705,107.911339
15.310529,0.006702,3.950503,107.911339
15.315715,0.014612,7.151525,112.725998
15.320569,0.014612,4.376558,125.704674
15.330332,0.009778,20.230185,125.704674
15.335135,0.009778,32.658669,125.704674
15.339143,0.009778,36.617920,192.900665
15.345535,0.371667,36.617920,192.900665
15.349715,0.371667,36.617920,192.900665
15.354215,0.371667,36.617920,228.592010
15.358598,0.022137,36.617920,228.592010
15.362586,0.022137,3.772686,192.063339
15.371522,-0.027136,3.281343,192.063339
15.376886,-0.027136,3.281343,192.063339
15.380984,-0.027136,3.281343,192.063339
15.385004,-0.008569,3.281343,180.445343
15.389098,-0.008569,3.281343,180.445343
15.394661,-0.008569,3.281343,180.445343
15.398900,0.015051,3.281343,170.397354
15.403332,0.015051,4.701271,170.397354
15.409524,0.015051,4.396246,170.397354
15.413414,0.009009,9.513308,166.210678
15.418745,0.009009,4.403384,164.222000
15.429009,0.017303,4.330725,164.222000
15.433328,0.017303,4.258762,164.222000
15.440813,0.014557,4.258762,154.383331
15.445984,0.014557,4.258762,154.383331
15.450107,0.014557,4.255045,164.012680
15.456559,0.010162,8.512040,164.012680
15.462205,0.010162,4.600053,164.012680
15.466274,0.010162,4.366658,161.396011
15.472021,0.001483,4.405314,161.396011
15.479984,0.001483,4.405314,163.803329
15.484852,0.013843,9.636257,163.803329
15.490405,0.013843,9.636257,163.803329
15.494460,0.013843,9.636257,158.988678
15.498400,0.008624,9.636257,158.988678
15.505034,0.008624,9.636257,158.988678
15.509141,0.011700,7.144129,162.442673
15.513296,0.011700,4.759041,162.442673
15.517289,0.011700,4.163090,162.442673
15.521359,0.011700,4.418211,162.442673
15.525542,0.005713,8.401201,148.208008
15.532642,0.005713,4.588980,160.454010
15.540490,-0.000824,6.735911,160.454010
15.545722,-0.000824,4.738381,160.454010
15.549690,0.013403,6.018755,159.407333
15.556726,0.013403,7.715939,159.407333
15.560830,0.013403,5.359309,159.407333
15.564872,0.019501,10.565033,161.605331
15.570464,0.019501,7.097417,161.605331
15.574369,0.019501,4.706285,155.639343
15.582292,0.003131,12.151819,155.639343
15.586436,0.003131,6.495064,155.639343
15.590643,0.003131,4.569677,164.640671
15.596896,0.009174,11.370284,164.640671
15.600898,0.009174,11.370284,164.640671
15.607375,0.004724,11.370284,167.466660
15.612644,0.004724,11.370284,167.466660
15.616624,0.004724,11.370284,167.466660
15.621050,0.014282,11.370284,167.990005
15.625833,0.014282,11.370284,167.990005
15.633010,0.014282,11.370284,167.990005
15.637116,0.014502,11.370284,163.175339
15.641039,0.014502,4.881805,163.175339
15.647773,0.014502,4.505550,161.186676
15.651704,0.009558,12.092134,161.186676
15.657807,0.009558,4.490324,161.186676
15.664667,0.009723,5.915695,161.186676
15.668990,0.009723,6.728943,161.186676
15.673217,0.009723,4.548834,161.186676
15.677199,0.000165,4.484690,163.175339
15.681205,0.000165,4.246871,163.175339
15.686697,0.000165,4.104155,163.175339
15.690717,0.005823,4.053640,157.000000
15.696425,0.005823,7.367453,157.000000
15.700992,0.005823,4.865009,157.000000
15.705083,0.001044,14.834858,158.988678
15.711310,0.001044,4.631693,158.988678
15.721464,0.014832,8.368443,162.861343
15.725583,0.014832,4.819949,162.861343
15.734997,0.014777,11.980896,162.442673
15.742060,0.014777,4.736920,162.442673
15.746074,0.014777,4.613605,157.209335
15.750820,0.011810,6.822312,157.209335
15.756695,0.011810,4.496520,157.209335
15.761538,0.011371,4.495380,159.826004
15.766107,0.011371,4.686840,159.826004
15.770057,0.011371,4.686840,159.826004
15.773985,0.011371,4.686840,161.605331
15.778418,0.016534,4.686840,161.605331
15.782667,0.016534,4.784670,161.605331
15.788064,0.016699,5.480583,164.012680
15.794990,0.016699,7.177646,164.012680
15.799011,0.016699,5.024081,164.012680
15.802899,0.014502,4.212008,162.233337
15.808379,0.014502,6.871619,162.233337
15.812383,0.014502,4.658570,162.233337
15.816816,0.013403,9.429552,161.814667
15.824944,0.013403,4.978009,161.814667
15.829016,0.013403,4.557840,162.652008
15.837774,0.004175,6.441190,162.652008
15.841805,0.004175,4.990398,159.826004
15.848319,0.003076,11.538399,159.826004
15.852374,0.003076,8.094199,159.826004
15.856995,0.003076,5.163200,159.826004
15.861016,0.013568,5.163200,162.024002
15.865013,0.013568,4.250700,162.024002
15.871709,0.013568,3.911600,156.790680
15.876673,0.008350,4.394950,156.790680
15.880895,0.008350,4.619119,156.790680
15.885010,0.008350,4.240089,156.790680
15.889254,0.006866,5.935861,156.162674
15.893451,0.006866,6.231045,156.162674
15.899749,0.006866,4.673256,162.861343
15.904231,0.005273,9.701364,162.861343
15.909777,0.005273,4.966960,162.861343
15.916580,0.014941,4.962890,161.814667
15.921562,0.014941,4.742212,161.814667
15.927069,0.014941,4.468413,161.396011
15.932000,0.010382,12.871019,161.396011
15.935918,0.010382,4.550862,161.396011
15.944767,0.004120,9.041269,160.663345
15.949167,0.004120,6.143029,160.663345
15.953276,0.004120,8.645585,162.442673
15.962460,0.019006,5.035117,162.442673
15.968918,0.019006,4.617545,162.442673
15.972914,0.006152,7.685334,160.977341
15.976840,0.006152,5.593901,160.977341
15.982993,0.006152,4.491975,161.186676
15.988555,0.007855,11.752298,161.186676
15.994073,0.007855,4.670658,161.186676
15.998760,0.007855,4.450332,160.663345
16.003247,0.013239,5.716943,160.663345
16.009822,0.013239,4.821202,160.663345
16.014552,0.011810,10.546894,163.384674
16.018522,0.011810,5.671774,163.384674
16.023001,0.011810,4.545702,163.384674
16.028081,0.025323,13.570830,160.663345
16.036860,0.025323,4.489951,165.059341
16.044515,0.010382,8.052159,165.059341
16.048717,0.010382,4.611505,165.059341
16.054006,0.002802,4.329279,161.605331
16.060670,0.002802,7.193536,161.605331
16.065013,0.002802,4.954558,161.605331
16.072418,0.000110,6.208664,161.396011
16.078291,0.000110,4.923416,161.396011
16.082357,0.013403,4.554208,160.663345
16.090118,0.013403,4.554208,160.663345
16.094290,0.013403,4.485854,162.442673
16.099992,0.006976,4.485854,162.442673
16.105079,0.006976,4.485854,162.442673
16.109764,0.006976,4.485854,162.442673
16.113744,0.013348,10.705263,160.244675
16.117992,0.013348,10.705263,160.244675
16.122017,0.013348,10.705263,160.244675
16.125994,0.012250,10.705263,161.396011
16.130027,0.012250,10.705263,161.396011
16.134024,0.012250,7.675632,161.396011
16.138020,0.012250,5.290158,165.582672
16.147952,-0.001428,4.616579,165.582672
16.152256,-0.001428,4.371818,162.652008
16.157150,0.014722,5.048549,162.652008
16.164079,0.014722,4.394511,162.652008
16.168807,0.010931,4.402357,161.814667
16.173161,0.010931,5.854093,161.814667
16.179047,0.010931,4.835723,161.814667
16.183328,0.002362,11.036597,164.012680
16.187787,0.002362,5.223337,164.012680
16.192100,0.002362,4.482996,162.442673
16.200820,0.022028,7.688874,162.442673
16.205379,0.022028,5.525969,162.442673
16.211025,0.010162,4.972684,162.024002
16.215254,0.010162,4.805271,162.024002
16.220996,0.010162,4.350621,162.024002
16.225266,0.006647,6.709958,162.652008
16.229213,0.006647,4.748452,162.652008
16.235674,0.006647,4.488406,162.024002
16.239760,0.005548,4.687350,162.024002
16.250175,0.005548,4.580403,163.594009
16.256523,0.019116,5.686742,163.594009
16.263548,0.014777,13.852909,159.826004
16.271709,0.014777,4.923047,159.826004
16.277140,0.014777,4.566585,159.826004
16.281120,0.001154,13.905045,160.454010
16.286506,0.001154,5.501547,160.454010
16.290374,0.001154,4.582995,162.024002
16.296356,0.010931,9.914156,162.024002
16.300422,0.010931,5.051666,162.024002
16.305188,0.010931,4.283590,161.814667
16.310894,0.001208,8.324898,161.814667
16.314884,0.001208,8.808449,161.814667
16.319023,0.010217,8.808449,163.384674
16.325569,0.010217,8.808449,163.384674
16.329660,0.010217,6.846524,163.384674
16.337794,0.012964,7.466006,163.175339
16.341778,0.012964,6.802826,163.175339
16.345753,0.013293,7.865328,163.803329
16.356681,0.013293,4.510416,163.803329
16.364700,0.008734,6.056614,159.407333
16.368791,0.008734,7.553754,159.407333
16.375670,0.008734,4.629359,161.605331
16.379623,0.011316,13.349020,161.605331
16.383925,0.011316,4.841766,161.605331
16.389149,0.011316,4.333984,162.652008
16.394385,0.005548,12.852636,162.652008
16.400036,0.010986,4.346877,165.268661
16.408660,0.010986,5.711948,165.268661
16.414780,0.010986,4.616484,165.268661
16.418999,0.006372,4.309457,163.175339
16.423925,0.006372,8.149707,163.175339
16.428062,0.006372,4.943338,163.175339
16.432238,0.006372,4.480496,162.024002
16.436260,0.004120,8.556324,162.024002
16.440258,0.004120,8.556324,162.024002
16.444205,0.007251,6.487862,162.024002
16.454403,0.007251,6.487862,162.024002
16.458361,0.007251,4.876966,164.012680
16.464196,0.014392,4.876966,164.012680
16.473059,0.014392,6.275308,164.012680
16.477299,0.010986,6.275308,173.642014
16.481912,0.010986,5.376288,173.642014
16.487193,0.010986,4.567836,170.083328
16.491368,0.005878,7.124834,170.083328
16.498073,0.005878,4.634615,170.083328
16.502397,0.005878,4.316432,163.594009
16.506579,0.013239,12.071201,163.594009
16.512100,0.013239,4.641753,163.594009
16.516112,0.001648,4.414281,166.838669
16.522039,0.001648,4.864210,166.838669
16.527867,0.001648,4.330901,166.838669
16.532165,-0.003790,4.325244,163.803329
16.538732,-0.003790,4.675345,163.803329
16.547084,0.012469,4.807175,164.431335
16.557394,0.012469,4.379022,163.594009
16.563386,0.001154,6.329303,163.594009
16.569384,0.001154,4.955026,163.594009
16.575101,0.020984,6.834853,162.652008
16.579659,0.020984,4.809942,162.652008
16.583754,0.020984,4.786493,161.186676
16.593778,0.011096,7.382406,161.186676
16.597787,0.011096,5.783703,162.652008
16.604307,0.020435,5.783703,162.652008
16.608438,0.020435,5.783703,162.652008
16.614385,0.020435,5.783703,158.988678
16.619904,0.008679,10.069287,158.988678
16.624010,0.008679,4.864115,158.988678
16.630080,0.023291,4.504488,164.012680
16.634576,0.023291,15.837727,164.012680
16.638831,0.023291,19.267807,164.012680
16.644100,0.035266,3.219463,191.644684
16.652080,0.035266,4.707397,191.644684
16.659120,0.015546,3.753425,182.224670
16.663012,0.015546,4.178891,182.224670
16.668702,0.015546,4.213749,182.224670
16.672722,0.011206,4.058097,173.014008
16.676735,0.011206,4.676203,173.014008
16.681276,0.011206,4.245663,173.014008
16.685905,0.000275,5.568302,174.688675
16.691263,0.000275,4.693613,174.688675
16.695563,0.000275,4.502453,174.688675
16.701750,0.009778,5.878374,167.990005
16.708727,0.009778,4.668899,167.990005
16.712808,0.009998,5.626225,164.012680
16.718288,0.009998,5.002577,164.012680
16.723817,0.009998,4.695072,164.012680
16.727725,0.006921,4.770517,163.175339
16.732729,0.006921,5.719738,163.175339
16.738634,0.006921,4.657808,163.175339
16.742664,0.006647,12.067128,163.384674
16.747488,0.006647,4.903438,163.384674
16.753225,0.006647,4.903438,160.663345
16.760616,0.016479,4.739805,160.663345
16.766170,0.016479,4.603876,160.663345
16.770146,0.009998,6.711838,161.605331
16.777496,0.009998,5.165460,161.605331
16.781822,0.009778,4.523823,162.442673
16.788185,0.009778,4.523823,162.442673
16.792579,0.009778,4.523823,162.442673
16.796652,0.000165,4.523823,162.442673
16.803339,0.000165,4.344753,162.442673
16.813807,0.018951,4.226288,163.384674
16.818224,0.018951,4.254822,163.384674
16.822621,0.018951,4.292707,151.033997
16.828447,-0.000549,13.258577,151.033997
16.836004,-0.000549,5.639810,151.033997
16.841097,0.006592,5.908901,158.046677
16.845387,0.006592,5.714431,158.046677
16.850248,0.006592,4.576237,164.012680
16.856051,0.001044,5.524546,164.012680
16.863107,0.001044,4.706159,164.012680
16.867179,0.001044,4.306135,160.977341
16.871205,0.014062,13.646564,160.977341
16.875401,0.014062,4.895002,160.977341
16.881812,0.012360,9.044600,161.396011
16.886346,0.012360,6.112775,161.396011
16.890428,0.012360,4.726892,161.396011
16.894807,0.012360,4.409543,159.616669
16.899263,0.006866,8.159123,159.616669
16.904878,0.000879,5.208214,162.024002
16.920043,0.000879,4.719777,162.024002
16.924055,0.012415,4.305723,159.407333
16.928525,0.012415,8.891396,159.407333
16.932599,0.012415,4.731240,163.175339
16.939467,0.015765,10.585946,163.175339
16.943648,0.015765,4.866452,163.175339
16.949031,0.015765,4.262720,159.826004
16.955914,0.000879,4.446603,163.803329
16.968246,0.011426,11.519588,163.803329
16.973766,0.011426,4.900495,163.803329
16.977777,0.011426,4.289431,161.814667
16.982598,0.016260,4.277204,161.814667
16.988929,0.016260,4.235126,161.814667
16.993602,0.005878,3.954235,151.766663
16.997780,0.005878,5.631857,151.766663
17.003420,0.005878,4.627919,151.766663
17.008139,0.006042,4.381442,157.628006
17.012479,0.006042,5.352489,157.628006
17.019352,0.006042,4.606718,162.442673
17.023482,0.018182,4.629359,162.442673
17.028506,0.018182,4.629359,162.442673
17.032624,0.018182,4.407180,162.442673
17.036769,0.017249,7.234772,162.024002
17.040959,0.017249,6.319898,162.024002
17.045017,0.017249,4.696468,162.024002
17.051076,0.005933,10.840551,164.431335
17.055965,0.005933,5.210485,164.431335
17.060001,0.005933,4.246834,159.826004
17.067198,0.017523,11.161808,159.826004
17.071091,0.017523,6.278952,159.826004
17.075138,0.017523,4.679494,161.814667
17.080434,0.017523,9.176687,161.814667
17.084762,0.017523,5.608197,161.814667
17.089180,0.017523,4.465761,164.431335
17.095017,0.003021,8.131026,164.431335
17.099321,0.003021,5.519257,164.431335
17.103590,0.000604,4.643407,159.826004
17.109717,0.000604,7.823969,159.826004
17.113733,0.000604,4.888140,159.826004
17.118406,0.009668,4.411836,162.652008
17.124561,0.009668,8.381490,162.652008
17.128619,0.009668,4.825093,162.652008
17.132673,0.018402,4.352912,158.570007
17.136730,0.018402,7.280456,158.570007
17.143226,0.018402,5.965228,158.570007
17.148538,0.007855,5.965228,162.233337
17.152709,0.007855,5.965228,162.233337
17.158583,0.007855,5.192314,162.233337
17.162670,0.014282,8.001560,156.790680
17.171478,0.014282,5.098770,156.790680
17.175381,0.017743,4.460079,160.244675
17.179662,0.017743,9.167068,160.244675
17.183659,0.017743,4.961379,160.244675
17.187685,0.017743,4.544559,164.640671
17.191723,0.012030,6.762717,164.640671
17.197944,0.012030,4.739451,164.640671
17.202686,0.002911,4.529849,163.803329
17.208453,0.002911,6.688447,163.803329
17.212588,0.002911,4.646622,163.803329
17.216547,0.010107,4.266297,161.814667
17.222075,0.010107,5.300003,161.814667
17.227393,0.010107,4.499001,161.814667
17.231400,0.016864,4.443294,162.652008
17.235797,0.016864,7.125390,162.652008
17.241700,0.016864,5.771445,162.652008
17.245666,0.006812,4.574778,162.652008
17.249696,0.006812,6.816672,162.652008
17.255405,0.006812,5.192168,162.652008
17.260480,0.010602,4.495392,162.652008
17.264514,0.010602,5.066500,162.652008
17.273187,0.010822,4.327993,164.012680
17.277760,0.010822,5.644762,164.012680
17.282037,0.010822,4.716220,164.012680
17.286793,0.010822,4.375930,161.186676
17.291431,0.009833,9.568632,161.186676
17.295567,0.009833,7.107316,161.186676
17.299633,-0.002417,7.107316,164.222000
17.307833,-0.002417,7.107316,164.222000
17.312229,-0.002417,7.107316,164.222000
17.317742,0.010162,10.993658,162.442673
17.322115,0.010162,10.993658,162.442673
17.326310,0.010162,4.544439,161.605331
17.332265,0.015271,4.192934,161.605331
17.336204,0.015271,4.231696,161.605331
17.340704,0.010382,4.068008,148.626678
17.348347,0.010382,9.569526,148.626678
17.352632,0.010382,4.272986,159.826004
17.359742,0.014667,11.768027,159.826004
17.364020,0.014667,5.022458,159.826004
17.368033,0.014667,4.444858,160.977341
17.375258,0.014117,11.629478,160.977341
17.379255,0.014117,4.547964,160.977341
17.385959,0.004614,7.259373,160.035339
17.389944,0.004614,6.596205,160.035339
17.393844,0.004614,4.830038,160.035339
17.397842,0.004614,4.266455,160.035339
17.402384,0.015106,11.085873,162.024002
17.407773,0.015106,4.885832,162.024002
17.413666,0.019116,6.118664,159.826004
17.417727,0.019116,5.210654,159.826004
17.426068,0.004449,5.120187,157.418671
17.433095,0.004449,8.053081,157.418671
17.437111,0.004449,6.351541,157.418671
17.441670,0.009943,6.351541,164.222000
17.445682,0.009943,5.248610,164.222000
17.449739,0.009943,5.065555,164.222000
17.454221,0.012250,5.065555,160.663345
17.459913,0.012250,8.583838,160.663345
17.464098,0.012250,4.736021,160.663345
17.469019,0.009613,7.246316,163.175339
17.479073,0.009613,5.241904,163.175339
17.484101,0.006757,4.725488,159.616669
17.488262,0.006757,7.532186,159.616669
17.495056,0.006757,5.197597,159.616669
17.499090,0.032410,7.517824,162.233337
17.503029,0.032410,4.815708,162.233337
17.509640,0.032410,4.496339,164.431335
17.516952,0.005988,4.881737,164.431335
17.526025,0.004944,6.045592,160.977341
17.531500,0.004944,6.245161,160.977341
17.535766,0.004944,5.448581,160.977341
17.539911,0.011810,4.676695,163.384674
17.544043,0.011810,7.149662,163.384674
17.548816,0.011810,4.749353,163.384674
17.552932,0.015051,9.304864,162.652008
17.558833,0.015051,5.434721,162.652008
17.563675,0.015051,4.257824,160.244675
17.571024,0.007416,13.486219,160.244675
17.578431,0.007416,4.655541,162.024002
17.584143,0.016095,8.778260,162.024002
17.588128,0.016095,4.822352,162.024002
17.592636,0.016095,4.265304,162.024002
17.598078,0.011975,12.320318,162.024002
17.602138,0.011975,5.665488,162.024002
17.606303,0.002856,11.465976,161.396011
17.614860,0.002856,6.516909,161.396011
17.619296,0.002856,4.577776,161.396011
17.623782,0.014337,4.544242,161.186676
17.628072,0.014337,8.280084,161.186676
17.632126,0.014337,4.801031,161.186676
17.638031,0.016534,6.201927,162.861343
17.642459,0.016534,5.676976,162.861343
17.647060,0.016534,4.584092,162.861343
17.651531,0.016534,4.613699,161.396011
17.655454,0.009778,7.214717,161.396011
17.661099,0.009778,4.767176,161.396011
17.666483,0.006921,10.902189,159.407333
17.670746,0.006921,5.145800,159.407333
17.676436,0.015271,4.449952,161.396011
17.684614,0.015271,7.218384,161.396011
17.688718,0.015271,4.782962,161.396011
17.693908,0.004504,4.368760,163.384674
17.697925,0.004504,7.886965,163.384674
17.701901,0.004504,4.642562,163.384674
17.710202,0.010822,13.091522,161.186676
17.714240,0.010822,9.103261,161.186676
17.718193,0.010822,6.992880,160.663345
17.723709,0.014777,6.992880,160.663345
17.727727,0.014777,6.992880,160.663345
17.733585,0.014777,4.782149,160.663345
17.737725,0.010107,12.127172,159.826004
17.744550,0.010107,4.423416,162.024002
17.751291,0.014447,11.080838,162.024002
17.755369,0.014447,4.826402,162.024002
17.761420,0.014447,4.579300,162.024002
17.765349,0.002527,7.763378,159.616669
17.774044,0.002527,4.778347,159.616669
17.778246,0.016260,4.597923,163.594009
17.786027,0.016260,4.597923,163.594009
17.790302,0.016260,4.597923,158.570007
17.794503,0.009229,4.597923,158.570007
17.799888,0.009229,4.597923,158.570007
17.804457,0.004230,4.597923,163.803329
17.810035,0.004230,4.624962,163.803329
17.818324,0.010327,4.624962,161.814667
17.824402,0.010327,4.624962,161.814667
17.828383,0.013184,4.624962,160.977341
17.838666,0.013184,4.624962,160.977341
17.842784,0.013184,4.624962,160.977341
17.849280,0.019995,4.624962,160.663345
17.854262,0.019995,4.624962,160.663345
17.858339,0.019995,4.560920,161.605331
17.864291,0.013953,10.997840,161.605331
17.868656,0.013953,5.030209,161.605331
17.873028,0.013953,4.573638,161.605331
17.877933,0.005933,9.323061,159.407333
17.886967,0.005933,4.909781,163.175339
17.894175,0.012854,5.664134,163.175339
17.899086,0.012854,4.609765,163.175339
17.903248,0.012854,4.488973,160.663345
17.907299,0.017468,7.049556,160.663345
17.913044,0.017468,4.772097,160.663345
17.917140,0.011975,4.397018,161.396011
17.921354,0.011975,6.109081,161.396011
17.926873,0.011975,4.814636,161.396011
17.930884,0.011975,4.287726,159.197998
17.935460,0.002966,4.326931,159.197998
17.939601,0.002966,4.256866,150.824677
17.947244,0.011481,10.938316,150.824677
17.951368,0.011481,8.710779,150.824677
17.955690,0.011481,5.665695,159.197998
17.963249,0.012744,11.768698,159.197998
17.967332,0.012744,11.768698,159.197998
17.971427,0.014117,11.768698,160.454010
17.977054,0.014117,6.611662,160.454010
17.984377,0.014117,4.518983,160.244675
17.991267,0.007416,5.436412,160.244675
18.005281,0.003845,6.376097,160.244675
18.011243,0.003845,4.642881,160.244675
18.015657,0.013678,4.374412,156.790680
18.020035,0.013678,4.185534,156.790680
18.026146,0.013678,4.186192,156.790680
18.030051,0.016260,20.113045,148.835999
18.036030,0.016260,5.270508,148.835999
18.041273,0.016260,4.451422,148.835999
18.045709,0.018732,5.708260,157.628006
18.054211,0.018732,4.470301,160.977341
18.060767,0.012030,5.416754,160.977341
18.067694,0.012030,4.727509,160.977341
18.073115,0.011536,8.104406,159.616669
18.077659,0.011536,8.620525,159.616669
18.082085,0.011536,4.810495,162.233337
18.090546,0.024335,5.670863,162.233337
18.094837,0.024335,4.699641,162.233337
18.098725,0.004340,4.454192,158.256012
18.104485,0.004340,4.279099,158.256012
18.108977,0.004340,4.232949,158.256012
18.114897,0.011810,6.803847,152.185333
18.118912,0.011810,9.007662,152.185333
18.126312,0.011810,4.747979,153.231995
18.131128,0.000330,4.747979,153.231995
18.135245,0.000330,4.747979,153.231995
18.139614,0.000330,4.747979,160.244675
18.143600,0.009778,4.747979,160.244675
18.149058,0.009778,4.603622,160.244675
18.154726,0.009778,4.673765,162.024002
18.158732,0.009723,6.433755,162.024002
18.164931,0.009723,4.776016,162.024002
18.169463,0.018732,4.425376,159.826004
18.173369,0.018732,6.569336,159.826004
18.179131,0.018732,5.015034,159.826004
18.183188,0.018732,4.492429,158.988678
18.187645,0.020874,4.492429,158.988678
18.195671,0.020874,4.492429,162.233337
18.199646,0.009503,4.455914,162.233337
18.203612,0.009503,4.455914,162.233337
18.207651,0.009503,4.436707,162.233337
18.213499,0.016754,6.366231,159.826004
18.217652,0.016754,6.138279,159.826004
18.224304,0.007086,5.022070,160.663345
18.229692,0.007086,7.364259,160.663345
18.235113,0.007086,5.096065,160.663345
18.239119,0.007086,4.414116,160.244675
18.243094,0.020160,7.866514,160.244675
18.249283,0.020160,5.023002,160.244675
18.253792,0.013403,9.615921,161.396011
18.262467,0.013403,5.444615,161.396011
18.266470,0.013403,5.444615,161.814667
18.270697,0.005988,5.444615,161.814667
18.276577,0.005988,5.444615,158.779343
18.283471,0.000824,5.444615,158.779343
18.287727,0.000824,4.576377,158.779343
18.296262,0.011371,8.036821,160.977341
18.303040,0.011371,5.076732,160.977341
18.307097,0.009943,4.445371,163.384674
18.313298,0.009943,6.684684,163.384674
18.317370,0.009943,4.690715,163.384674
18.325855,0.013239,12.199947,161.605331
18.330625,0.013239,5.165203,161.605331
18.334855,0.013239,4.624075,159.407333
18.340442,0.013458,13.408817,159.407333
18.344958,0.013458,5.112632,159.407333
18.349076,0.004834,4.280316,160.035339
18.356682,0.004834,4.210203,160.035339
18.360772,0.004834,4.216650,160.035339
18.364820,-0.004944,4.078595,150.196686
18.370541,-0.004944,4.078275,150.196686
18.375235,-0.004944,3.859756,142.556000
18.383258,0.012469,16.187967,142.556000
18.387737,0.012469,5.254623,142.556000
18.391742,0.012469,9.662625,158.779343
18.398953,0.005219,7.824778,158.779343
18.403098,0.005219,5.278797,158.779343
18.407059,0.020435,4.576099,148.417328
18.413222,0.020435,4.576099,158.256012
18.423406,0.012799,4.576099,158.256012
18.427449,0.012799,4.613050,158.256012
18.433354,0.012799,4.640762,158.256012
18.437415,0.010162,11.621923,162.442673
18.443065,0.010162,5.012826,162.442673
18.447514,0.010162,4.375666,161.605331
18.452586,0.014172,4.407042,161.605331
18.457106,0.014172,4.296921,161.605331
18.462049,0.012799,4.296921,151.766663
18.468177,0.012799,4.296921,151.766663
18.472138,0.012799,4.296921,151.766663
18.476302,0.013074,4.296921,153.441345
18.482187,0.013074,4.296921,153.441345
18.492549,0.016864,4.296921,157.837341
18.496510,0.016864,4.296921,157.837341
18.503796,0.016864,4.296921,163.594009
18.509806,0.010547,9.227510,163.594009
18.517958,0.010547,9.227510,163.594009
18.522094,0.007031,9.227510,159.197998
18.526053,0.007031,9.227510,159.197998
18.531667,0.007031,9.227510,160.244675
18.535712,0.002472,9.227510,160.244675
18.539769,0.002472,9.227510,160.244675
18.544222,0.002472,9.227510,151.033997
18.550420,0.012195,9.227510,151.033997
18.555247,0.012195,9.227510,151.033997
18.559245,0.006812,4.371641,155.848663
18.564953,0.006812,14.355155,155.848663
18.569346,0.006812,7.250664,155.848663
18.573617,0.006812,4.535349,158.779343
18.579040,0.015161,13.892372,158.779343
18.583099,0.015161,5.013130,158.779343
18.588732,0.014777,9.616863,160.035339
18.597093,0.014777,4.547086,160.035339
18.606134,0.015765,10.833993,160.244675
18.610122,0.015765,6.108562,160.244675
18.614073,0.015765,4.679337,160.244675
18.619922,0.010107,13.741471,160.244675
18.625493,0.010107,5.058118,160.244675
18.629598,0.010107,4.602863,160.244675
18.633795,0.010382,9.514866,158.046677
18.637888,0.010382,7.082216,158.046677
18.642983,0.010382,4.809190,158.046677
18.646997,-0.002307,8.417912,160.035339
18.651743,-0.002307,7.446777,163.594009
18.662361,0.014612,7.446777,163.594009
18.668107,0.014612,8.950138,163.594009
18.673474,0.013348,5.493935,160.244675
18.678267,0.013348,7.656142,160.244675
18.683839,0.013348,6.153071,160.244675
18.688053,0.012524,6.153071,161.396011
18.692735,0.012524,6.153071,161.396011
18.697092,0.012524,6.153071,158.779343
18.704996,0.020709,9.023493,158.779343
18.709073,0.020709,4.926137,158.779343
18.714142,0.004504,6.137126,160.977341
18.725795,0.004504,4.691528,160.454010
18.731692,0.014337,4.691528,160.454010
18.736045,0.014337,4.691528,160.454010
18.741523,0.014337,4.691528,159.407333
18.751760,0.013513,4.691528,159.407333
18.755828,0.013513,4.486957,161.814667
18.760005,0.015381,4.486957,161.814667
18.765963,0.015381,4.486957,161.814667
18.770041,0.015381,4.486957,161.814667
18.774298,0.014392,4.486957,159.616669
18.780080,0.014392,4.453178,159.616669
18.784086,0.014392,4.453178,159.616669
18.788054,-0.001154,11.394539,159.616669
18.792382,-0.001154,6.393209,159.616669
18.797126,-0.001154,6.393209,159.616669
18.801774,0.013348,6.393209,160.663345
18.808798,0.013348,6.393209,160.663345
18.813053,0.019720,6.393209,164.012680
18.820382,0.019720,6.393209,164.012680
18.824710,0.019720,6.393209,162.024002
18.830378,0.009393,6.393209,162.024002
18.834378,0.009393,6.393209,162.024002
18.842838,0.007910,6.393209,160.244675
18.848910,0.007910,4.865901,158.570007
18.860782,0.001813,5.550424,161.605331
18.874980,0.001813,5.550424,161.605331
18.878975,0.001813,5.550424,161.605331
18.883820,0.012360,5.550424,158.779343
18.888258,0.012360,11.951061,158.779343
18.892584,0.012360,8.182381,158.779343
18.896691,0.018457,5.300595,160.977341
18.901413,0.018457,11.541348,160.977341
18.906264,0.018457,5.482356,160.977341
18.913759,0.009888,5.771469,159.826004
18.917873,0.009888,6.122933,159.826004
18.923628,0.009888,5.270217,158.046677
18.927704,0.014557,11.944952,158.046677
18.931891,0.014557,6.530813,158.046677
18.937627,0.014557,5.004903,158.046677
18.941722,0.010382,5.004903,156.790680
18.945792,0.010382,5.004903,156.790680
18.949906,0.010382,5.004903,156.790680
18.954083,0.020490,4.827452,160.035339
18.958075,0.020490,4.827452,160.035339
18.962046,0.020490,4.827452,160.035339
18.966157,0.004669,4.827452,158.256012
18.971719,0.004669,4.827452,158.256012
18.975703,0.004669,4.827452,151.347992
18.984449,0.013953,4.827452,151.347992
18.990461,0.013953,4.827452,151.347992
18.994566,0.013953,4.827452,154.383331
18.998625,0.004230,4.827452,154.383331
19.004714,0.004230,4.827452,156.162674
19.012245,0.012250,9.015931,156.162674
19.018077,0.012250,5.166679,156.162674
19.022500,0.012250,4.435630,157.837341
19.026894,0.004724,13.713638,157.837341
19.032694,0.004724,5.302890,157.837341
19.037048,0.017633,4.697923,163.384674
19.041171,0.017633,9.881981,163.384674
19.045139,0.017633,5.957995,163.384674
19.049765,0.017633,5.957995,163.384674
19.053968,0.022467,11.537424,158.988678
19.058252,0.022467,6.254606,158.988678
19.062365,0.022467,4.416306,160.244675
19.068313,0.015601,13.829331,160.244675
19.072347,0.015601,4.705031,160.244675
19.078461,0.011865,4.544507,158.256012
19.084376,0.011865,7.904750,158.256012
19.088698,0.011865,4.838891,158.256012
19.092818,0.003351,8.303990,163.384674
19.101921,0.003351,8.303990,163.384674
19.106171,0.011920,6.361695,156.162674
19.116204,0.011920,5.077924,156.162674
19.123073,0.005988,5.077924,162.861343
19.127626,0.005988,4.872131,162.861343
19.132522,0.005988,4.706532,162.861343
19.136516,0.005328,4.489758,157.000000
19.140868,0.005328,12.109129,157.000000
19.146327,0.005328,12.109129,157.000000
19.150392,0.003900,12.109129,158.779343
19.154369,0.003900,13.713864,158.779343
19.159076,0.003900,13.713864,158.779343
19.163054,0.003900,13.713864,159.616669
19.167121,0.018018,7.810108,159.616669
19.172691,0.018018,5.103138,159.616669
19.176710,0.010767,5.103138,161.396011
19.180716,0.010767,5.103138,161.396011
19.186418,0.010767,4.877569,161.396011
19.190700,0.010767,4.877569,158.570007
19.194744,0.014886,4.877569,158.570007
19.198805,0.014886,4.877569,158.570007
19.203504,0.007086,4.877569,161.814667
19.209184,0.007086,4.877569,161.814667
19.216735,0.007086,4.877569,158.256012
19.222962,0.010272,4.877569,158.256012
19.228076,0.010272,4.877569,158.256012
19.232471,0.012140,4.877569,158.988678
19.239800,0.012140,4.877569,158.988678
19.245272,0.012140,4.877569,158.988678
19.249479,0.000000,4.647534,159.407333
19.253435,0.000000,4.663824,159.407333
19.262056,0.009998,6.542027,159.826004
19.265981,0.009998,7.057939,159.826004
19.271435,0.009998,5.854970,159.826004
19.275419,0.009998,4.626246,162.652008
19.279434,0.019006,5.900882,162.652008
19.286081,0.019006,4.583105,162.652008
19.290099,0.016425,4.878431,162.024002
19.294220,0.016425,7.082334,162.024002
19.298084,0.016425,4.500580,162.024002
19.304318,0.013403,4.703768,160.663345
19.308712,0.013403,7.467423,160.663345
19.312761,0.013403,4.544673,157.628006
19.320458,0.016864,4.393361,157.628006
19.325419,0.016864,4.193191,157.628006
19.334151,0.012854,11.278748,146.951996
19.338400,0.012854,8.621687,146.951996
19.342685,0.012854,4.723934,157.209335
19.348503,0.011700,12.715496,157.209335
19.352707,0.011700,5.371799,157.209335
19.356835,0.011700,4.656075,156.790680
19.362402,-0.000879,14.078671,156.790680
19.366388,-0.000879,5.894448,156.790680
19.370452,-0.000879,4.616826,160.244675
19.376455,0.004724,13.045820,160.244675
19.380427,0.004724,5.698927,160.244675
19.384377,0.004724,4.970357,160.244675
19.388428,0.010602,5.894589,158.256012
19.394774,0.010602,5.422987,158.256012
19.398847,0.010602,4.804749,158.256012
19.402871,0.019446,4.437069,161.396011
19.407247,0.019446,4.280546,161.396011
19.411876,0.019446,4.430443,161.396011
19.415945,-0.002856,8.866302,148.208008
19.425468,-0.002856,4.826331,148.208008
19.429773,0.014117,10.976723,157.628006
19.434222,0.014117,5.571797,157.628006
19.439909,0.007800,4.427441,154.592682
19.448159,0.007800,4.539721,154.592682
19.452460,0.007800,4.711110,154.592682
19.457164,0.020380,4.448055,160.454010
19.461178,0.020380,8.193764,160.454010
19.465841,0.020380,8.193764,160.454010
19.470619,0.007855,5.477816,158.570007
19.476257,0.007855,9.138438,158.570007
19.480339,0.007855,7.010469,158.570007
19.484479,0.017084,4.714209,158.256012
19.494492,0.017084,4.422700,158.256012
19.500520,0.005273,4.422700,147.370667
19.504464,0.005273,14.847625,147.370667
19.513811,0.012634,14.847625,154.383331
19.518062,0.012634,9.517212,154.383331
19.528865,0.012250,4.751713,157.418671
19.533248,0.012250,5.567931,157.418671
19.538756,0.012250,4.685951,162.442673
19.543923,0.014337,12.416884,162.442673
19.547961,0.014337,5.469236,162.442673
19.553085,0.014337,4.572927,157.418671
19.560389,0.001263,8.393871,157.418671
19.564420,0.001263,4.913054,157.418671
19.568634,0.002966,8.250864,158.988678
19.574614,0.002966,7.002560,158.988678
19.578640,0.002966,4.811566,158.988678
19.582606,0.010437,4.424132,156.790680
19.588466,0.010437,13.640003,156.790680
19.592548,0.010437,6.899001,156.790680
19.596410,0.020764,4.572831,164.222000
19.601872,0.020764,6.546657,164.222000
19.606200,0.020764,4.927335,164.222000
19.610299,0.020764,4.419910,157.628006
19.615914,0.016644,10.069062,157.628006
19.620797,0.016644,4.603327,163.175339
19.629406,0.015161,6.882215,163.175339
19.634280,0.015161,4.845763,163.175339
19.638286,0.015161,4.620498,158.256012
19.643247,0.020874,11.150178,158.256012
19.647847,0.020874,5.158717,158.256012
19.652475,0.020874,4.661880,161.605331
19.656712,0.017358,9.725180,161.605331
19.662532,0.017358,4.785296,161.605331
19.667474,0.017358,4.269400,158.988678
19.671878,0.004724,5.084070,158.988678
19.679381,0.004724,4.518235,159.826004
19.683463,0.003790,13.572008,159.826004
19.687644,0.003790,4.657931,159.826004
19.693540,0.003790,4.653482,159.826004
19.697538,0.016644,4.653482,158.988678
19.704658,0.016644,4.653482,158.988678
19.708632,0.016754,4.564960,161.814667
19.713107,0.016754,5.783729,161.814667
19.718726,0.016754,4.590551,161.814667
19.723064,0.010931,13.476443,159.407333
19.731592,0.010931,4.976292,159.407333
19.735637,0.011591,4.599212,159.616669
19.741372,0.011591,5.885067,159.616669
19.747770,0.011591,4.958767,159.616669
19.751701,0.010382,4.347227,157.418671
19.755896,0.010382,6.093744,157.418671
19.762198,0.010382,4.768771,157.418671
19.766179,0.007965,4.498199,159.407333
19.770201,0.007965,5.567869,159.407333
19.775858,0.007965,4.823133,159.407333
19.779778,0.005603,4.445604,162.442673
19.783779,0.005603,5.831611,162.442673
19.789494,0.005603,4.652389,162.442673
19.793555,0.005658,4.535137,159.616669
19.797984,0.005658,6.913568,159.616669
19.802066,0.005658,6.913568,159.616669
19.806067,0.005658,4.603729,159.616669
19.811003,0.008020,11.342053,159.616669
19.814931,0.008020,11.342053,159.616669
19.820305,0.009668,11.342053,157.000000
19.825868,0.009668,15.995026,157.000000
19.833016,0.013129,6.558627,158.256012
19.841424,0.013129,7.116251,158.256012
19.846153,0.013129,4.674310,162.442673
19.852095,0.017963,9.701628,162.442673
19.856163,0.017963,5.395204,162.442673
19.866086,0.020544,10.883620,160.244675
19.870102,0.020544,5.966301,160.244675
19.874776,0.023126,4.449416,160.035339
19.880998,0.023126,6.357656,160.035339
19.886791,0.023126,4.814854,160.035339
19.891200,0.023126,4.468119,158.779343
19.895131,0.013678,12.079328,158.779343
19.899539,0.013678,5.867691,158.779343
19.904109,0.010217,5.867691,162.442673
19.908878,0.010217,5.867691,162.442673
19.913750,0.010217,5.867691,162.442673
19.917813,0.010217,5.867691,162.442673
19.922064,0.017413,5.867691,155.011337
19.928238,0.017413,5.867691,155.011337
19.935271,0.013129,5.867691,146.428680
19.939641,0.013129,4.838173,146.428680
19.950189,0.006537,16.783735,150.824677
19.954322,0.006537,6.520308,150.824677
19.961403,0.016150,5.894828,160.663345
19.966345,0.016150,5.907157,160.663345
19.970809,0.016150,4.657391,160.663345
19.974750,0.012305,5.029243,159.407333
19.981009,0.012305,10.354375,161.186676
19.994838,0.021094,5.277018,161.186676
20.001192,0.021094,4.633766,161.186676
20.006099,0.012030,11.042736,156.581329
20.010098,0.012030,5.238380,156.581329
20.015400,0.012030,4.585318,159.197998
20.019333,0.024335,14.133357,159.197998
20.023483,0.024335,4.895876,159.197998
20.029882,0.024335,8.007139,159.407333
20.037484,0.018787,4.743012,159.407333
20.045264,0.013348,4.355806,159.197998
20.049418,0.013348,8.398337,159.197998
20.053752,0.013348,4.985727,159.197998
20.057816,0.013348,4.599802,159.197998
20.061722,0.014667,12.563375,159.616669
20.065925,0.014667,4.910627,159.616669
20.074936,0.017413,10.013677,160.454010
20.080584,0.017413,5.872769,160.454010
20.085318,0.017413,4.483871,160.977341
20.091577,0.007581,14.030884,160.977341
20.095504,0.007581,5.176480,160.977341
20.099955,0.003186,4.950051,158.988678
20.105444,0.003186,7.538665,158.988678
20.109419,0.003186,4.757885,158.988678
20.113426,0.006207,4.650874,159.616669
20.120752,0.006207,6.268143,159.616669
20.125726,0.006207,4.418379,162.024002
20.132479,0.017908,5.509564,162.024002
20.139803,0.017908,4.510227,162.024002
20.144357,0.013568,4.277152,157.000000
20.149073,0.013568,4.277152,157.000000
20.153449,0.013568,4.277152,157.000000
20.157493,0.009723,4.277152,159.616669
20.161841,0.009723,4.277152,159.616669
20.165752,0.009723,4.277152,159.616669
20.172540,0.015326,4.277152,158.570007
20.180888,0.015326,4.277152,158.570007
20.184977,0.008954,4.277152,147.370667
20.189068,0.008954,14.289238,147.370667
20.194633,0.008954,9.353369,147.370667
20.198787,0.008954,5.710542,154.802002
20.202694,0.013513,12.857685,154.802002
20.206941,0.013513,6.699921,154.802002
20.210897,0.013513,5.047180,158.046677
20.219077,0.013623,4.740858,158.046677
20.229096,0.019775,11.419821,157.837341
20.233551,0.019775,6.463464,157.837341
20.240823,0.007086,4.313937,158.988678
20.247071,0.007086,5.344993,158.988678
20.252645,0.007086,4.504531,158.988678
20.257188,0.009668,4.157551,157.628006
20.261348,0.009668,4.228636,157.628006
20.266866,0.009668,4.248777,157.628006
20.270896,0.011316,19.577789,147.580017
20.275471,0.011316,5.043859,147.580017
20.281314,0.011316,4.282722,147.580017
20.285519,0.015656,17.380405,150.824677
20.292521,0.015656,5.127484,150.824677
20.296657,0.013623,4.681123,158.570007
20.300711,0.013623,6.016141,158.570007
20.307551,0.013623,4.692871,158.570007
20.311525,0.013623,4.539559,155.639343
20.315509,0.004724,15.198273,155.639343
20.319439,0.004724,5.468848,155.639343
20.323520,0.004230,5.049141,160.035339
20.331454,0.004230,6.127079,160.035339
20.335405,0.004230,4.743318,160.035339
20.344482,0.012305,7.173767,156.162674
20.348520,0.012305,4.662548,156.162674
20.354944,0.014557,4.287847,158.256012
20.359211,0.014557,4.370805,158.256012
20.363899,0.014557,4.138825,147.998672
20.370468,0.029993,5.284606,147.998672
20.379162,0.019391,8.719228,157.418671
20.390300,0.019391,4.712023,157.418671
20.394387,0.012085,4.712023,157.628006
20.399792,0.012085,4.712023,157.628006
20.404081,0.012085,4.712023,157.628006
20.408165,0.012085,4.712023,159.197998
20.412092,0.012689,11.334755,159.197998
20.416076,0.012689,4.977835,159.197998
20.424844,0.019446,6.085979,159.826004
20.432096,0.019446,6.016322,159.826004
20.436133,0.019446,4.530641,158.046677
20.440114,0.012799,21.198486,158.046677
20.447913,0.012799,7.881406,173.642014
20.459099,0.023621,5.112700,173.642014
20.466889,0.015051,8.351326,166.419998
20.471137,0.015051,4.573831,168.408676
20.485925,0.014722,4.380316,165.059341
20.498644,0.014722,4.633395,165.059341
20.505782,0.014722,4.570284,158.256012
20.510550,0.009119,13.430011,158.256012
20.515754,0.009119,5.644444,158.256012
20.521962,0.014886,4.915622,159.407333
20.526106,0.014886,16.933355,159.407333
20.536230,0.042188,6.447201,183.899338
20.540308,0.042188,4.549277,183.899338
20.548959,0.017029,4.492097,167.048004
20.552999,0.017029,7.164968,167.048004
20.557081,0.017029,4.546952,167.048004
20.562080,0.017029,4.231144,172.490677
20.566493,0.006427,6.755492,172.490677
20.571101,0.006427,4.650575,172.490677
20.575630,0.005603,4.395947,164.012680
20.581187,0.005603,8.694296,164.012680
20.585285,0.005603,4.655724,164.012680
20.593439,0.002417,8.080070,161.186676
20.597597,0.002417,6.488829,161.186676
20.601913,0.002417,5.569415,161.186676
20.607846,0.014062,5.569415,161.186676
20.612145,0.014062,5.054228,161.186676
20.616197,0.014062,4.693932,161.186676
20.622269,0.020215,4.693932,159.407333
20.626147,0.020215,4.693932,159.407333
20.630117,0.026257,4.693932,159.826004
20.637081,0.026257,4.693932,159.826004
20.641338,0.026257,4.671966,159.826004
20.645850,0.011975,4.671966,159.407333
20.653743,0.011975,4.829866,159.407333
20.657966,0.011975,4.739933,159.407333
20.663265,0.015656,10.574791,159.826004
20.667713,0.015656,6.072022,159.826004
20.672594,0.015656,4.767838,160.454010
20.680871,0.017633,5.247522,160.454010
20.687241,0.017633,4.440314,159.616669
20.692721,0.019391,4.485360,159.616669
20.698401,0.019391,4.365243,159.616669
20.702599,0.019391,4.197728,147.161346
20.706626,0.004340,21.922295,147.161346
20.711006,0.004340,4.563211,147.161346
20.720202,0.016754,6.423075,158.256012
20.728305,0.016754,4.385486,156.790680
20.734463,0.012909,13.203197,156.790680
20.739972,0.012909,4.307622,162.024002
20.748584,0.019611,4.957043,162.024002
20.756249,0.019611,4.553815,162.024002
20.761431,0.010162,4.335329,159.826004
20.765506,0.010162,5.654541,159.826004
20.771533,0.010162,4.726760,158.988678
20.775443,0.014996,6.262180,158.988678
20.783085,0.014996,5.052045,158.988678
20.787464,0.014996,5.775568,158.046677
20.793119,0.013458,5.551893,158.046677
20.798766,0.013458,4.743575,161.605331
20.803869,0.006702,13.487880,161.605331
20.807912,0.006702,5.274736,161.605331
20.811871,0.006702,4.582092,161.605331
20.817853,0.011591,7.575617,159.616669
20.824892,0.011591,4.745613,159.616669
20.831094,0.006812,9.154663,160.035339
20.835298,0.006812,6.237579,160.035339
20.839339,0.006812,4.674347,160.035339
20.845105,0.016150,4.275230,159.826004
20.849085,0.016150,8.298864,159.826004
20.856181,0.007086,8.298864,159.197998
20.863292,0.007086,8.298864,159.197998
20.868208,0.007086,8.298864,160.454010
20.874424,0.016974,8.298864,160.454010
20.878476,0.016974,8.298864,160.454010
20.884552,0.010217,8.298864,160.663345
20.895685,0.010217,8.298864,160.663345
20.899716,0.016315,8.298864,161.396011
20.904475,0.016315,8.298864,161.396011
20.908470,0.016315,8.298864,161.396011
20.912910,0.013403,4.787321,157.418671
20.916991,0.013403,10.671700,157.418671
20.922508,0.013403,4.534617,157.418671
20.926691,0.013403,4.439738,159.197998
20.930875,0.018018,6.353815,159.197998
20.937361,0.018018,4.727426,159.197998
20.942657,0.012415,8.543814,163.384674
20.946936,0.012415,4.740634,163.384674
20.953359,0.007416,4.302592,157.837341
20.960464,0.007416,4.203656,157.837341
20.965470,0.007416,4.159382,146.219330
20.974719,0.000439,8.188641,146.219330
20.978707,0.000439,4.857765,146.219330
20.982747,0.017194,4.498110,157.209335
20.988477,0.017194,7.301019,157.209335
20.993241,0.007086,13.887026,158.256012
21.005779,0.007086,5.003560,158.256012
21.009748,0.007086,4.410772,158.256012
21.019782,0.011810,4.719155,158.779343
21.027117,0.018127,15.018217,158.779343
21.034348,0.018127,4.750168,158.779343
21.038286,0.018127,4.604396,157.209335
21.042504,0.016919,20.587967,157.209335
21.049607,0.016919,6.035273,157.209335
21.053637,0.018237,7.075588,171.653336
21.061013,0.018237,4.976236,171.653336
21.065084,0.002911,4.329228,159.197998
21.072097,0.002911,8.449157,159.197998
21.076130,0.002911,5.018229,159.197998
21.080330,0.022192,4.443657,164.222000
21.085803,0.022192,7.666084,164.222000
21.089748,0.022192,4.707977,164.222000
21.094276,0.009833,4.440803,161.186676
21.101001,0.009833,6.504328,161.186676
21.105143,0.009833,4.707891,161.186676
21.109089,0.009723,11.711388,162.024002
21.116084,0.009723,5.002374,162.024002
21.120265,0.009723,4.454436,162.024002
21.126089,0.015820,5.298909,162.652008
21.130442,0.015820,6.956952,162.652008
21.134372,0.014172,4.970431,161.396011
21.143402,0.014172,6.081553,161.396011
21.147469,0.014172,4.654570,161.396011
21.151699,0.013129,4.301910,161.186676
21.156207,0.013129,9.644707,161.186676
21.163273,0.013129,4.678967,159.616669
21.167472,0.006592,13.998948,159.616669
21.171635,0.006592,6.165869,159.616669
21.177021,0.006592,6.165869,159.616669
21.181513,0.009448,6.165869,161.605331
21.188101,0.009448,5.291684,161.605331
21.194242,0.005438,13.977971,159.197998
21.199406,0.005438,5.216993,159.197998
21.205986,0.005438,4.770669,159.826004
21.211405,0.011151,12.108904,159.826004
21.218018,0.011151,6.398976,159.826004
21.222279,0.006262,11.369810,155.220673
21.228407,0.006262,6.271828,155.220673
21.233237,0.006262,4.576989,158.570007
21.240096,0.012195,9.654043,158.570007
21.245183,0.012195,4.828424,158.570007
21.251109,0.006702,10.265453,161.605331
21.255482,0.006702,4.852773,161.605331
21.265223,0.016589,4.338692,161.814667
21.270111,0.016589,4.859226,161.814667
21.276556,0.016589,4.293732,159.197998
21.280836,0.012579,6.499766,159.197998
21.289207,0.012579,6.499766,160.663345
21.294675,0.013513,6.499766,160.663345
21.301721,0.013513,6.499766,160.663345
21.306787,0.009943,6.499766,158.988678
21.311884,0.009943,6.499766,158.988678
21.317107,0.009943,6.499766,158.988678
21.321834,0.011426,6.499766,146.219330
21.326556,0.011426,6.499766,146.219330
21.331750,0.011316,5.458633,157.628006
21.338371,0.011316,9.689317,157.628006
21.342350,0.011316,6.083154,157.628006
21.346713,0.016040,6.726536,155.430008
21.359165,0.008789,4.939630,158.256012
21.368096,0.008789,6.494351,158.256012
21.372098,0.008789,5.109088,158.256012
21.377779,0.010327,10.468612,159.826004
21.381814,0.010327,6.216482,159.826004
21.385769,0.010327,4.729810,157.000000
21.391613,0.012415,19.063078,157.000000
21.396409,0.012415,15.546028,157.000000
21.400386,0.012415,6.531608,157.000000
21.404363,0.018787,5.390769,176.049332
21.408477,0.018787,5.463192,176.049332
21.412437,0.018787,4.786012,176.049332
21.416597,0.018787,6.425985,170.606674
21.426051,0.019171,4.771321,170.606674
21.430111,0.019171,4.341773,166.838669
21.434971,0.000659,7.687797,166.838669
21.440551,0.000659,4.475669,165.059341
21.447409,0.012195,4.475669,165.059341
21.451559,0.012195,4.475669,165.059341
21.458874,0.012195,4.142717,158.256012
21.462742,0.002802,10.625340,158.256012
21.469942,0.002802,4.691874,158.256012
21.474309,0.004559,5.586934,157.628006
21.478260,0.004559,5.455032,157.628006
21.482770,0.004559,4.852258,157.628006
21.486790,0.002307,4.387616,156.790680
21.492377,0.002307,5.664578,156.790680
21.498155,0.002307,4.372049,154.383331
21.504019,0.013513,5.275027,154.383331
21.511721,0.013513,4.342882,157.837341
21.518365,0.025104,7.784442,157.837341
21.524513,0.025104,4.692872,157.837341
21.529103,0.002911,4.307059,151.557343
21.534102,0.002911,12.982140,151.557343
21.542423,0.002911,12.982140,151.557343
21.547212,0.023950,12.982140,151.557343
21.553642,0.023950,12.982140,151.557343
21.558295,0.013513,12.982140,154.174011
21.562854,0.013513,12.982140,154.174011
21.566832,0.013513,12.982140,154.174011
21.574219,0.001373,12.982140,138.997330
21.581141,0.001373,12.982140,138.997330
21.587132,0.014392,8.697920,148.208008
21.591475,0.014392,8.697920,148.208008
21.595413,0.014392,8.697920,148.208008
21.601444,0.009448,8.697920,147.789337
21.605806,0.009448,8.697920,147.789337
21.610000,0.009448,6.442360,141.613998
21.615761,0.008954,13.809639,141.613998
21.619835,0.008954,5.237859,141.613998
21.623908,0.014392,7.169973,147.370667
21.633924,0.014392,5.343892,147.370667
21.637932,0.014392,4.418156,144.544678
21.643743,0.013513,9.969947,144.544678
21.648191,0.013513,14.302147,144.544678
21.652536,0.013513,15.599648,144.544678
21.657280,0.033234,3812.550293,177.619339
21.663561,0.033234,242.426392,177.619339
21.667815,0.033234,19.133801,153.755341
21.674889,0.009393,4.739378,153.755341
21.679531,0.009393,4.265894,153.755341
21.683533,0.009393,3.876662,146.010010
21.687431,0.006647,4.761604,146.010010
21.693176,0.006647,4.134063,146.010010
21.698241,0.014008,4.386679,147.789337
21.702488,0.014008,4.331097,147.789337
21.709106,0.014008,4.319737,147.789337
21.713684,0.011481,8.021248,138.160004
21.718135,0.011481,4.990421,138.160004
21.722361,0.011481,4.295064,138.160004
21.726909,0.020215,6.822260,139.729996
21.731521,0.020215,4.858422,139.729996
21.735726,0.020215,4.301345,139.729996
21.741693,0.002856,7.914558,131.775345
21.746659,0.002856,4.540764,131.775345
21.751110,0.010382,4.015977,128.740005
21.757904,0.010382,5.089365,128.740005
21.764682,0.010382,4.061437,128.740005
21.769088,0.008295,4.018202,127.902672
21.773201,0.008295,4.198531,127.902672
21.780688,0.009833,3.896716,130.519333
21.784778,0.009833,6.434844,130.519333
21.790504,0.009833,4.127864,130.519333
21.794443,0.009833,3.939566,122.564674
21.798509,0.004779,5.228016,122.564674
21.804753,0.004779,5.373954,122.564674
21.808981,0.006427,3.824672,124.134666
21.813204,0.006427,5.005792,124.134666
21.817223,0.006427,4.073984,124.134666
21.823331,0.009229,6.363822,116.075333
21.832775,0.009229,4.556605,116.075333
21.838788,0.009613,4.022053,115.133331
21.842793,0.009613,5.732626,115.133331
21.847514,0.009613,5.732626,115.133331
21.853503,0.010272,5.732626,112.516670
21.860383,0.010272,5.732626,112.516670
21.864469,0.011810,5.732626,108.853340
21.871612,0.011810,5.732626,108.853340
21.879541,0.004669,4.842563,101.840675
21.884104,0.004669,4.820520,101.840675
21.888185,0.004669,3.935445,101.840675
21.892337,0.010272,3.626520,98.282005
21.898267,0.010272,4.251945,98.282005
21.902198,0.010272,3.725671,98.282005
21.906030,0.010272,3.489909,96.084000
21.911549,0.007526,3.576338,96.084000
21.916203,0.007526,3.510834,96.084000
21.920866,0.006262,3.317279,89.490005
21.924854,0.006262,4.259120,89.490005
21.930740,0.006262,3.440285,89.490005
21.937538,0.010767,4.330652,84.675331
21.941814,0.010767,3.587989,84.675331
21.947516,0.010767,3.297849,83.000664
21.951544,-0.008899,3.722095,83.000664
21.956037,-0.008899,3.245504,83.000664
21.962136,-0.008899,3.197594,78.395340
21.968113,-0.002911,3.568153,78.395340
21.972106,-0.002911,3.362411,78.395340
21.981621,-0.000934,4.306413,70.440666
21.986036,-0.000934,4.306413,64.788666
21.994424,0.006482,4.306413,64.788666
21.998424,0.006482,4.306413,64.788666
22.002458,0.006482,4.306413,70.022003
22.008391,0.011700,4.306413,70.022003
22.014425,0.011700,3.185751,70.022003
22.020881,0.003955,3.165084,62.800003
22.029140,0.003955,3.034743,62.800003
22.033539,0.000934,3.054593,54.008003
22.037423,0.000934,2.982762,54.008003
22.044039,0.000934,3.021398,55.159336
22.050861,0.004285,2.995375,55.159336
22.058285,0.004285,3.044419,46.158001
22.064210,0.004724,3.128251,46.158001
22.068581,0.004724,3.077558,46.158001
22.075239,0.004724,3.030520,41.133999
22.079270,0.006317,3.165436,41.133999
22.087193,0.009064,3.120227,40.296669
22.093459,0.009064,2.948482,40.296669
22.097502,0.009064,2.933330,40.296669
22.102000,0.006427,2.823946,29.934668
22.107784,0.006427,2.807784,29.934668
22.112113,0.006427,2.954211,29.934668
22.116410,-0.000659,2.732115,27.108667
22.126663,-0.000659,2.732115,27.108667
22.133192,0.006097,2.732115,25.329334
22.137475,0.006097,2.732115,25.329334
22.141987,0.006097,2.732115,19.258667
22.148190,0.000330,2.762857,19.258667
22.152360,0.000330,2.762857,19.258667
22.158949,-0.002966,2.791282,12.036667
22.165138,-0.002966,2.851505,12.036667
22.169496,-0.002966,2.838144,12.036667
22.173508,0.004614,2.942768,10.676000
22.177779,0.004614,2.984584,10.676000
22.182005,0.004175,2.935396,5.024000
22.192412,0.004175,2.842312,5.024000
22.198160,0.004175,2.913889,5.024000
22.202107,-0.000275,2.866536,2.826000
22.206140,-0.000275,2.794004,2.826000
22.211409,-0.000275,2.820925,2.826000
22.218118,0.003516,2.686267,0.418667
22.222173,0.003516,2.960191,0.418667
22.226201,0.003516,2.876896,0.418667
22.230172,-0.000385,2.876896,-1.360667
22.234415,-0.000385,2.876896,-1.360667
22.239722,-0.000385,2.876896,-1.360667
22.245454,-0.006812,2.876896,0.628000
22.249397,-0.006812,2.876896,0.628000
22.253844,-0.006812,2.876896,-0.942000
22.259646,0.001703,2.876896,-0.942000
22.266634,0.001703,2.876896,-0.942000
22.270685,0.001703,2.876896,0.000000
22.277607,0.001813,2.950348,0.000000
22.283148,0.001813,2.950348,-0.314000
22.290365,-0.000385,2.950348,-0.314000
22.296516,-0.000385,2.950348,-0.314000
22.300673,0.001758,2.950348,0.000000
22.304708,0.001758,2.947972,0.000000
22.310181,0.001758,3.006143,0.000000
22.314814,-0.004395,3.008484,0.000000
22.318780,-0.004395,3.009755,0.000000
22.322851,-0.004395,2.965260,0.000000
22.327168,-0.004395,2.813257,0.000000
22.331194,0.003680,2.851614,0.000000
22.335554,0.003680,2.925788,0.000000
22.340113,-0.002582,2.928006,0.000000
22.345945,-0.002582,2.641488,0.000000
22.350012,-0.002582,2.812268,0.000000
22.353962,0.001758,2.919667,0.000000
22.359865,0.001758,2.872267,0.000000
22.363778,0.001758,2.957479,0.000000
22.367834,0.001758,2.817492,0.000000
22.373941,0.001758,2.823886,0.000000
22.378851,0.001758,2.795886,0.000000
22.386320,-0.004449,2.909173,0.000000
22.393545,-0.004449,2.923146,0.000000
22.399119,-0.004449,3.011543,0.000000
22.403546,-0.004449,2.847486,0.000000
22.407498,-0.004449,2.805271,0.000000
22.412046,-0.002307,2.970468,0.000000
22.416009,-0.002307,2.953617,0.000000
22.420127,-0.002307,2.725202,0.000000
22.424179,-0.002307,2.658401,0.000000
22.428203,0.003955,2.668450,0.000000
22.432337,0.003955,2.974819,0.000000
22.442175,0.001758,2.906776,0.000000
22.447793,0.001758,2.800393,0.000000
22.452032,0.001758,3.026824,0.000000
22.456113,-0.002307,2.915388,0.000000
22.462431,-0.002307,2.863133,0.000000
22.469449,-0.000385,2.972396,0.000000
22.473505,-0.000385,2.827162,0.000000
22.478116,-0.000385,3.013947,0.000000
22.482999,-0.000385,2.899923,0.000000
22.490332,-0.000385,3.002820,0.000000
22.499427,0.003680,2.907053,0.000000
22.504256,0.003680,2.878313,0.000000
22.508678,0.001758,2.969172,0.000000
22.519020,0.001758,2.881386,0.000000
22.523249,0.001758,2.719993,0.000000
22.527353,-0.002582,2.719993,0.000000
22.533824,-0.002582,2.719993,0.000000
22.538315,-0.000385,2.719993,0.000000
22.543718,-0.000385,2.719993,0.000000
22.549465,-0.000385,2.719993,0.000000
22.556735,0.001758,2.719993,0.000000
22.563317,0.001758,2.719993,0.000000
22.567519,-0.000385,2.719993,0.000000
22.571510,-0.000385,2.719993,0.000000
22.576112,-0.000385,2.719993,0.000000
22.580145,-0.004449,2.719993,0.000000
22.588172,-0.004449,2.756796,0.000000
22.592377,-0.002582,2.756796,0.000000
22.600447,-0.002582,2.756796,0.000000
22.604816,-0.002582,2.756796,0.000000
22.610416,0.005823,2.756796,0.000000
22.614487,0.005823,2.756796,0.000000
22.618959,0.001758,2.773998,0.000000
22.624795,0.001758,2.788099,0.000000
22.629174,0.001758,2.938087,0.000000
22.637760,0.001758,2.927461,0.000000
22.642468,0.001758,2.941565,0.000000
22.646478,0.001758,2.844698,0.000000
22.652486,0.001758,3.057993,0.000000
22.656468,0.001758,2.895237,0.000000
22.661966,0.001758,3.016577,0.000000
22.666146,-0.000385,2.996693,0.000000
22.671126,-0.000385,2.849943,0.000000
22.675105,-0.000385,2.682843,0.000000
22.680305,-0.002582,2.989902,0.000000
22.684396,-0.002582,2.840876,0.000000
22.688727,-0.002582,2.933638,0.000000
22.693892,-0.000385,2.933638,0.000000
22.702844,-0.000385,2.933638,0.000000
22.707812,-0.000385,2.863619,0.000000
22.711702,-0.000385,2.829927,0.000000
22.717399,-0.000385,2.802682,0.000000
22.721373,0.005823,3.025835,0.000000
22.725599,0.005823,3.026117,0.000000
22.729550,0.005823,3.026117,0.000000
22.733639,0.001483,3.026117,0.000000
22.737732,0.001483,3.026117,0.000000
22.742540,0.001483,3.026258,0.000000
22.746589,0.003680,2.880882,0.000000
22.752913,0.003680,2.989370,0.000000
22.757312,0.003680,2.724442,0.000000
22.765534,0.001758,2.958601,0.000000
22.771670,0.001758,3.006162,0.000000
22.775577,0.001758,2.878135,0.000000
22.780404,-0.002582,2.745617,0.000000
22.788842,0.003955,2.745617,0.000000
22.795574,0.003955,2.745617,0.000000
22.804226,-0.002307,2.745617,0.000000
22.808609,-0.002307,2.884708,0.000000
22.814385,-0.002307,2.884708,0.000000
22.818449,-0.000385,2.884708,0.000000
22.823570,-0.000385,2.955554,0.000000
22.829543,-0.000385,2.955554,0.000000
22.833569,0.002087,2.873377,0.000000
22.837815,0.002087,2.873377,0.000000
22.842104,0.002087,2.873377,0.000000
22.848929,-0.002582,2.948588,0.000000
22.854622,-0.002582,2.948588,0.000000
22.858995,0.001758,2.948588,0.000000
22.864472,0.001758,2.987494,0.000000
22.868480,0.001758,2.987494,0.000000
22.874773,-0.002307,2.723974,0.000000
22.879715,-0.002307,2.957897,0.000000
22.885256,-0.002307,2.758248,0.000000
22.890124,-0.000385,2.758248,0.000000
22.894494,-0.000385,2.758248,0.000000
22.898945,-0.000385,2.758248,0.000000
22.906780,-0.000385,2.758248,0.000000
22.911492,-0.000385,2.758248,0.000000
22.916460,-0.002307,2.758248,0.000000
22.920574,-0.002307,2.775924,0.000000
22.925052,-0.002307,2.775924,0.000000
22.929770,-0.000385,2.775924,0.000000
22.934060,-0.000385,2.775924,0.000000
22.938183,-0.000385,2.775924,0.000000
22.942455,-0.000385,2.775924,0.000000
22.946847,-0.000385,2.775924,0.000000
22.952468,-0.000385,2.775924,0.000000
22.956503,-0.000385,2.775924,0.000000
22.962260,-0.000385,2.784762,0.000000
22.967969,-0.000385,2.615790,0.000000
22.971855,-0.000385,2.819795,0.000000
22.976282,-0.000385,2.819795,0.000000
22.980408,-0.000385,2.819795,0.000000
22.984534,-0.000385,2.915949,0.000000
22.988660,-0.000385,2.873534,0.000000
22.992560,-0.000385,2.971096,0.000000
22.996516,-0.000385,3.017982,0.000000
23.005702,0.003680,2.890820,0.000000
23.011313,0.003680,3.016788,0.000000
23.016763,0.003680,2.733537,0.000000
23.022676,0.003680,3.020849,0.000000
23.026679,0.003680,2.965281,0.000000
23.030715,0.001758,2.871760,0.000000
23.036289,0.001758,2.832680,0.000000
23.040265,0.005823,2.832680,0.000000
23.044884,0.005823,2.919770,0.000000
23.050766,0.005823,2.765543,0.000000
23.055514,0.005823,2.901117,0.000000
23.059717,0.003955,2.969285,0.000000
23.065524,0.003955,2.905455,0.000000
23.069570,0.005823,2.994214,0.000000
23.073700,0.005823,2.958253,0.000000
23.077815,0.005823,2.992327,0.000000
23.082173,0.005823,3.021491,0.000000
23.086213,0.001758,2.974021,0.000000
23.091452,0.001758,2.963139,0.000000
23.099448,0.001483,2.884598,0.000000
23.103489,0.001483,2.953309,0.000000
23.113880,0.003680,2.989854,0.000000
23.117819,0.003680,2.989854,0.000000
23.123301,-0.012305,3.021832,0.000000
23.129180,-0.012305,2.879902,0.000000
23.133147,-0.012305,2.885160,0.000000
23.141593,0.005823,2.822440,0.000000
23.150051,0.005823,2.861163,0.000000
23.155940,0.001758,2.853261,0.000000
23.160163,0.001758,2.882504,0.000000
23.164156,0.001758,2.768481,0.000000
23.168452,-0.000385,2.791730,0.000000
23.173223,-0.000385,2.902016,0.000000
23.177295,-0.000385,2.923202,0.000000
23.181450,0.003680,3.052887,0.000000
23.186691,0.003680,2.938028,0.000000
23.192028,0.003680,2.974952,0.000000
23.196252,0.005823,3.007609,0.000000
23.200506,0.005823,2.835909,0.000000
23.206155,-0.002307,2.957908,0.000000
23.213798,-0.002307,3.009277,0.000000
23.220131,-0.002307,2.901438,0.000000
23.224564,-0.000385,2.993860,0.000000
23.229839,-0.000385,2.993860,0.000000
23.233906,-0.000385,2.993860,0.000000
23.238161,0.008020,2.993860,0.000000
23.242215,0.008020,2.993860,0.000000
23.246262,0.008020,2.993860,0.000000
23.250192,-0.000385,2.993860,0.000000
23.255865,-0.000385,2.993860,0.000000
23.260022,-0.000385,2.993860,0.000000
23.264151,-0.002582,2.993860,0.000000
23.269857,-0.002582,2.843065,0.000000
23.275129,-0.002582,2.798583,0.000000
23.279310,-0.002582,3.053486,0.000000
23.283213,-0.000385,2.799721,0.000000
23.288134,-0.000385,2.799721,0.000000
23.293512,-0.000385,2.911761,0.000000
23.303522,-0.000385,2.967780,0.000000
23.307527,-0.002582,2.951645,0.000000
23.316069,-0.002582,3.009514,0.000000
23.320048,-0.002582,2.966089,0.000000
23.324153,-0.004449,3.051568,0.000000
23.328133,-0.004449,2.945386,0.000000
23.332863,-0.004449,2.959648,0.000000
23.336831,0.003680,3.016656,0.000000
23.341298,0.003680,2.950666,0.000000
23.345506,0.003680,2.899688,0.000000
23.352003,-0.000385,3.060355,0.000000
23.356160,-0.000385,3.056759,0.000000
23.360520,-0.000385,2.662174,0.000000
23.366492,-0.000385,2.620918,0.000000
23.370791,-0.000385,2.939904,0.000000
23.375583,0.003680,2.844511,0.000000
23.381452,0.003680,2.869119,0.000000
23.385900,0.003680,2.942520,0.000000
23.390056,-0.000385,2.907115,0.000000
23.402181,-0.000385,3.012786,0.000000
23.407729,-0.004449,2.803111,0.000000
23.422271,-0.000385,3.055412,0.000000
23.426223,-0.000385,2.981678,0.000000
23.433912,-0.002582,3.020810,0.000000
23.438015,-0.002582,2.948669,0.000000
23.444480,-0.002582,2.957121,0.000000
23.449793,-0.002307,2.959215,0.000000
23.453716,-0.002307,2.862319,0.000000
23.459512,-0.002307,2.899257,0.000000
23.463520,0.001758,2.973703,0.000000
23.467499,0.001758,2.886203,0.000000
23.473805,0.001758,2.834275,0.000000
23.478215,-0.000385,2.750280,0.000000
23.482267,-0.000385,2.877742,0.000000
23.486611,-0.000385,2.783171,0.000000
23.490781,0.001758,2.894085,0.000000
23.494824,0.001758,2.855780,0.000000
23.498906,0.001758,2.941086,0.000000
23.504917,0.001758,2.868021,0.000000
23.510012,0.001758,2.808900,0.000000
23.519952,-0.000385,2.764856,0.000000
23.523881,-0.000385,2.764856,0.000000
23.529200,-0.000385,2.764856,0.000000
23.536613,-0.000385,2.785814,0.000000
23.542218,-0.000385,2.904807,0.000000
23.546751,0.005823,2.848003,0.000000
23.550857,0.005823,2.840172,0.000000
23.556874,0.005823,2.977893,0.000000
23.560976,-0.000385,2.977893,0.000000
23.564863,-0.000385,2.724373,0.000000
23.570491,-0.000385,2.891393,0.000000
23.574954,0.005823,2.920024,0.000000
23.578884,0.005823,3.003252,0.000000
23.583405,0.005823,2.877603,0.000000
23.587666,-0.000385,2.914950,0.000000
23.592053,-0.000385,3.013454,0.000000
23.597463,-0.000385,2.965766,0.000000
23.603483,0.001758,2.882715,0.000000
23.607925,0.001758,2.874016,0.000000
23.612900,0.001758,2.958030,0.000000
23.621485,0.003680,2.929494,0.000000
23.628541,-0.002582,2.927659,0.000000
23.634171,-0.002582,2.787428,0.000000
23.638140,-0.002582,2.791564,0.000000
23.642771,0.003680,2.864436,0.000000
23.648759,0.003680,2.869509,0.000000
23.652745,0.003680,2.928977,0.000000
23.656748,-0.002307,3.101093,0.000000
23.662450,-0.002307,2.986873,0.000000
23.666615,-0.002307,2.889037,0.000000
23.673485,-0.000385,2.875009,0.000000
23.679704,-0.000385,2.949404,0.000000
23.683985,-0.000385,2.870326,0.000000
23.688142,-0.000385,2.809348,0.000000
23.693990,-0.000385,2.910192,0.000000
23.697995,-0.000385,2.866074,0.000000
23.702068,-0.002307,2.915351,0.000000
23.710695,-0.002307,2.750319,0.000000
23.715075,0.001758,3.076840,0.000000
23.719146,0.001758,2.923235,0.000000
23.730680,-0.002582,2.796676,0.000000
23.734752,-0.002582,2.873392,0.000000
23.741141,-0.002307,2.811769,0.000000
23.745911,-0.002307,2.765635,0.000000
23.749911,-0.002307,2.965502,0.000000
23.753954,-0.002307,2.828158,0.000000
23.759590,-0.000385,2.751460,0.000000
23.763758,-0.000385,2.879908,0.000000
23.768348,-0.004449,2.920788,0.000000
23.773819,-0.004449,2.941197,0.000000
23.779086,-0.004449,2.941197,0.000000
23.783051,-0.004449,2.811150,0.000000
23.787407,-0.004449,2.712667,0.000000
23.792607,-0.004449,2.861896,0.000000
23.796965,0.001758,2.867024,0.000000
23.801346,0.001758,3.000764,0.000000
23.807188,0.001758,2.920898,0.000000
23.813946,0.001483,2.891603,0.000000
23.817871,0.001483,3.018901,0.000000
23.827435,0.001758,3.009106,0.000000
23.831433,0.001758,2.937449,0.000000
23.837319,0.001758,3.002212,0.000000
23.841230,0.001758,2.813531,0.000000
23.846186,0.001758,2.872398,0.000000
23.850588,0.001758,2.852678,0.000000
23.857835,-0.000385,2.780346,0.000000
23.862727,-0.000385,2.849193,0.000000
23.866717,0.001758,2.683562,0.000000
23.872397,0.001758,3.004160,0.000000
23.879167,0.001758,3.007519,0.000000
23.884791,0.001758,2.966532,0.000000
23.888829,0.001758,2.931016,0.000000
23.892938,0.001758,2.924977,0.000000
23.902596,-0.002307,2.924977,0.000000
23.907724,-0.000385,2.946236,0.000000
23.914869,-0.000385,2.840580,0.000000
23.921436,0.001758,2.992878,0.000000
23.928970,0.001758,2.920505,0.000000
23.933402,0.001758,2.932019,0.000000
23.939236,0.001758,2.960676,0.000000
23.943592,0.001758,2.907837,0.000000
23.952193,0.001758,2.922980,0.000000
23.957791,0.001758,2.922980,0.000000
23.964423,0.001758,3.000545,0.000000
23.968490,0.005823,2.660559,0.000000
23.976625,0.005823,2.871268,0.000000
23.981351,-0.002307,2.889396,0.000000
23.985484,-0.002307,2.950474,0.000000
23.989802,-0.002307,2.956772,0.000000
24.000556,0.003680,2.802448,0.000000
24.004809,0.003680,2.912212,0.000000
24.011231,-0.002307,2.995903,0.000000
24.015762,-0.002307,2.785975,0.000000
24.020928,-0.002307,2.837209,0.000000
24.033532,-0.002307,2.868775,0.000000
24.038922,-0.000385,3.102149,0.000000
24.044153,-0.000385,2.940730,0.000000
24.048148,-0.000385,2.974996,-0.314000
24.052793,-0.004449,2.681654,-0.314000
24.060176,-0.004449,2.837157,-0.314000
24.064279,-0.004449,2.729417,-0.732667
24.068438,-0.004449,2.907694,-0.732667
24.074236,-0.004449,2.653106,-0.732667
24.078315,-0.000385,2.870219,0.209333
24.082522,-0.000385,2.728251,0.209333
24.086529,-0.000385,2.933566,0.209333
24.091742,-0.000385,2.752337,-1.151333
24.095877,-0.006702,3.108705,-1.151333
24.099944,-0.006702,2.710044,-1.151333
24.103908,-0.008295,2.906489,-0.732667
24.109822,-0.008295,2.944631,-0.732667
24.113834,-0.008295,2.861239,-0.732667
24.117972,-0.007635,2.826524,-3.349334
24.124433,-0.007635,2.976048,-3.349334
24.129404,-0.006537,2.986152,-6.594000
24.138696,-0.006537,2.979430,-6.594000
24.142979,-0.006537,3.019879,-6.594000
24.148815,-0.006976,3.184515,-7.745333
24.153204,-0.006976,3.043752,-7.745333
24.162826,-0.007416,3.265967,-13.397334
24.167547,-0.007416,2.800193,-13.397334
24.171541,-0.007416,2.969024,-13.397334
24.177055,-0.004724,3.150266,-13.188001
24.181815,-0.004724,2.989992,-13.188001
24.185786,-0.004724,2.934549,-13.188001
24.189709,-0.007690,2.919473,-12.350667
24.193757,-0.007690,2.950520,-12.350667
24.199604,-0.007690,2.985565,-12.350667
24.203754,-0.006372,2.985518,-22.608002
24.208879,-0.006372,2.915897,-22.608002
24.214422,-0.006372,2.854749,-21.770666
24.220451,-0.007471,2.854749,-21.770666
24.226181,-0.004504,2.854749,-20.828669
24.236095,-0.004504,2.854749,-20.828669
24.240151,-0.004504,2.854749,-20.828669
24.244552,-0.013568,2.854749,-29.620668
24.249773,-0.013568,2.854749,-29.620668
24.253972,-0.013568,2.854749,-29.620668
24.258090,-0.003680,3.171874,-25.015333
24.265323,-0.003680,4.107518,-25.015333
24.269845,-0.003680,3.178430,-29.411335
24.275508,-0.005988,7.414041,-29.411335
24.279857,-0.005988,3.357907,-29.411335
24.285427,-0.005988,3.211638,-29.411335
24.289807,-0.004340,5.094945,-40.087334
24.293815,-0.004340,3.359292,-40.087334
24.299449,-0.004340,3.015693,-40.087334
24.303380,-0.014392,6.568693,-44.692669
24.307388,-0.014392,3.199347,-44.692669
24.313335,-0.014392,3.121997,-44.692669
24.317896,-0.007910,4.454450,-49.298000
24.321884,-0.007910,3.360460,-49.298000
24.327443,-0.007910,3.146604,-50.030666
24.331656,-0.008350,3.069816,-50.030666
24.338898,-0.008350,3.031177,-50.030666
24.343039,-0.008350,3.085197,-46.472000
24.347473,-0.004120,6.929499,-46.472000
24.351515,-0.004120,4.115825,-46.472000
24.355621,-0.003571,3.569812,-57.462002
24.361064,-0.003571,3.569812,-57.462002
24.366775,-0.003571,3.569812,-57.462002
24.371018,-0.007910,3.530906,-60.288002
24.376405,-0.007910,7.393326,-60.288002
24.380482,-0.007910,3.889816,-60.288002
24.386760,-0.006427,7.117188,-66.882004
24.391023,-0.006427,4.151393,-66.882004
24.395220,-0.006427,3.531149,-66.882004
24.401057,-0.011591,3.448205,-72.534004
24.405147,-0.011591,4.733875,-72.534004
24.409543,-0.011591,3.377729,-72.534004
24.415088,-0.006702,3.301996,-69.080002
24.419867,-0.006702,3.461187,-69.080002
24.425417,-0.006702,3.165698,-69.080002
24.429788,-0.003680,8.374784,-66.463333
24.434244,-0.003680,3.803883,-66.463333
24.441450,-0.007855,3.477959,-79.337334
24.445633,-0.007855,4.144503,-79.337334
24.451430,-0.007855,3.687238,-79.337334
24.455479,-0.007855,3.429426,-78.290665
24.459569,-0.014502,5.294032,-78.290665
24.466085,-0.014502,5.294032,-78.290665
24.471436,-0.004944,5.294032,-84.361336
24.475570,-0.004944,5.294032,-84.361336
24.484105,-0.009998,3.940258,-88.338669
24.488298,-0.009998,7.031714,-88.338669
24.492498,-0.009998,4.549129,-88.338669
24.496507,-0.009998,3.650941,-90.746002
24.500576,-0.010052,3.650941,-90.746002
24.504565,-0.010052,9.795660,-90.746002
24.508634,-0.010052,4.441274,-90.746002
24.514365,-0.018951,4.666755,-104.562004
24.518269,-0.018951,3.844782,-104.562004
24.527160,-0.007910,5.210032,-101.212669
24.533795,-0.007910,3.710663,-101.212669
24.538044,-0.004779,4.907635,-99.538002
24.545748,-0.004779,3.688718,-99.538002
24.552641,-0.001483,3.330122,-98.596001
24.557523,-0.001483,4.430448,-98.596001
24.563206,-0.001483,3.678678,-98.596001
24.568288,0.003021,3.627660,-100.166000
24.572429,0.003021,4.053926,-100.166000
24.580848,-0.013898,6.100951,-99.224007
24.587643,-0.013898,4.794226,-99.224007
24.591704,-0.013898,4.794226,-99.224007
24.598858,-0.005493,4.794226,-99.747337
24.602937,-0.005493,4.141613,-99.747337
24.608854,-0.007086,3.878407,-100.166000
24.614626,-0.007086,4.805852,-100.166000
24.618614,-0.007086,3.526611,-99.747337
24.627468,-0.006372,4.238848,-99.747337
24.635787,-0.005383,3.462478,-100.793999
24.644291,-0.005383,3.839203,-100.793999
24.649433,-0.005383,3.751000,-100.375336
24.655280,-0.006152,5.878375,-100.375336
24.659462,-0.006152,3.872536,-100.375336
24.664453,-0.008514,7.944219,-98.386673
24.672396,-0.008514,4.159264,-98.386673
24.676369,-0.008514,3.750564,-98.386673
24.681073,-0.005768,6.193880,-101.003334
24.686464,-0.005768,5.036820,-101.003334
24.690461,-0.005768,3.624327,-101.003334
24.694490,-0.005823,3.558164,-102.573341
24.698684,-0.005823,5.034081,-102.573341
24.704950,-0.005823,4.145241,-102.573341
24.709439,-0.000879,4.145241,-101.945335
24.713511,-0.000879,3.827110,-101.945335
24.719742,-0.009723,3.800788,-101.945335
24.726712,-0.009723,3.679018,-101.945335
24.733241,-0.009723,3.437266,-97.968002
24.740032,-0.007086,3.708070,-97.968002
24.748029,-0.006812,4.403551,-102.364006
24.755094,-0.006812,3.763734,-102.364006
24.759195,-0.006812,3.549683,-102.364006
24.765082,-0.010492,3.520321,-98.596001
24.769236,-0.010492,3.315435,-98.596001
24.773885,-0.010492,3.266173,-92.944000
24.779831,-0.002582,4.483912,-92.944000
24.789216,-0.002582,3.516948,-92.944000
24.793224,-0.006372,4.180779,-90.118004
24.797223,-0.006372,3.677587,-90.118004
24.803045,-0.006372,3.560112,-91.792671
24.808818,-0.010327,3.381036,-91.792671
24.814762,-0.010327,3.589625,-91.792671
24.818823,-0.010327,3.306289,-89.385338
24.823716,-0.000275,2.976965,-89.385338
24.829879,-0.000275,2.959795,-89.385338
24.833903,0.000275,3.063937,-84.780006
24.839012,0.000275,2.999742,-84.780006
24.843173,0.000275,3.096112,-84.780006
24.850394,0.005823,2.924472,-75.360001
24.855025,0.005823,3.128334,-75.360001
24.859612,0.001318,2.881299,-73.894669
24.866741,0.001318,2.657866,-73.894669
24.871976,0.001318,3.105217,-73.894669
24.877513,0.006097,2.533222,-60.288002
24.881544,0.006097,2.747201,-60.288002
24.885869,0.006097,2.921412,-55.473335
24.891725,0.002472,1.971751,-55.473335
24.895718,0.002472,2.639434,-55.473335
24.899815,0.002472,2.754458,-43.646000
24.906742,-0.001263,2.789954,-43.646000
24.911172,-0.001263,2.789954,-43.646000
24.915418,0.003571,2.789954,-37.052002
24.921992,0.003571,2.789954,-37.052002
24.925991,0.003571,2.789954,-37.052002
24.931391,0.003571,2.789954,-21.980001
24.940439,-0.005383,2.789954,-21.980001
24.944455,-0.005383,2.789954,-10.362000
24.956505,0.001648,2.789954,-10.362000
24.961515,0.002911,3.053319,-5.756667
24.965800,0.002911,2.978345,-5.756667
24.972496,0.002911,3.007246,0.418667
24.976878,0.000934,3.000320,0.418667
24.983910,0.000934,2.907557,0.418667
24.989809,0.001318,2.839611,0.209333
24.993916,0.001318,2.838925,0.209333
24.997864,0.001318,2.710865,0.209333
25.001836,-0.000989,2.946254,-0.942000
25.006161,-0.000989,2.889641,-0.942000
25.010245,-0.000989,2.816626,-0.942000
25.014504,0.005328,2.954001,0.000000
25.020295,0.005328,2.959150,0.000000
25.024352,0.005328,2.950087,0.000000
25.030979,-0.000989,3.008665,-0.314000
25.035059,-0.000989,2.905608,-0.314000
25.041922,-0.000989,3.010326,-0.314000
25.045993,-0.000989,2.900763,0.000000
25.051808,-0.000989,2.845982,0.000000
25.059502,-0.000989,2.845982,0.000000
25.066175,-0.000989,3.062047,0.000000
25.071613,-0.000989,2.802512,0.000000
25.075595,0.002911,2.844353,0.000000
25.081486,0.002911,2.912868,0.000000
25.089404,0.002911,2.708377,0.000000
25.094303,0.002911,2.906037,0.000000
25.099211,0.002911,3.011354,0.000000
25.103279,-0.002692,2.906885,0.000000
25.107320,-0.002692,2.829305,0.000000
25.111529,0.002911,2.927445,0.000000
25.118493,0.002911,2.903540,0.000000
25.122502,0.002911,2.878735,0.000000
25.126767,0.002911,2.825896,0.000000
25.132555,0.002911,2.918674,0.000000
25.136648,0.002911,2.881868,0.000000
25.142836,-0.000989,2.991240,0.000000
25.146982,-0.000989,2.724910,0.000000
25.151564,-0.000989,2.754585,0.000000
25.159221,-0.002692,2.772892,0.000000
25.164192,-0.002692,2.729023,0.000000
25.168318,0.001208,2.729023,0.000000
25.174096,0.001208,2.729023,0.000000
25.178365,0.001208,2.729023,0.000000
25.182413,0.001208,2.729023,0.000000
25.187672,-0.002692,2.729023,0.000000
25.192380,-0.002692,2.729023,0.000000
25.197932,-0.000989,2.761312,0.000000
25.201947,-0.000989,2.952983,0.000000
25.209201,-0.000989,2.976061,0.000000
25.213672,-0.000989,3.093504,0.000000
25.219891,-0.000989,2.943561,0.000000
25.223972,-0.000989,3.019110,0.000000
25.228431,0.002911,2.822472,0.000000
25.234091,0.002911,2.829870,0.000000
25.238645,0.002911,2.985179,0.000000
25.242765,0.006976,2.922881,0.000000
25.247518,0.006976,2.788030,0.000000
25.251583,0.006976,2.821404,0.000000
25.259265,0.002911,2.812187,0.000000
25.263484,0.002911,2.999623,0.000000
25.269210,0.002911,2.752407,0.000000
25.273476,0.002911,2.931726,0.000000
25.277594,0.002911,2.826331,0.000000
25.283093,0.002911,2.808766,0.000000
25.287554,0.002911,2.808766,0.000000
25.293205,0.002911,2.808766,0.000000
25.298036,-0.000989,2.808766,0.000000
25.301904,-0.000989,2.910696,0.000000
25.307545,-0.000989,2.968548,0.000000
25.312971,-0.000989,2.803784,0.000000
25.318771,-0.000989,2.853796,0.000000
25.323315,-0.000989,2.824662,0.000000
25.327325,0.002911,2.857041,0.000000
25.334608,0.002911,2.985415,0.000000
25.340847,0.002911,2.950388,0.000000
25.345015,0.002911,2.856325,0.000000
25.349912,0.002911,2.975390,0.000000
25.354100,0.002911,2.993462,0.000000
25.361200,0.002911,2.941355,0.000000
25.367364,0.000659,2.829339,0.000000
25.371778,0.000659,2.829339,0.000000
25.375929,0.000659,2.829339,0.000000
25.381703,-0.000989,2.829339,0.000000
25.386064,-0.000989,2.829339,0.000000
25.390278,-0.000989,2.680767,0.000000
25.396201,-0.000989,2.821142,0.000000
25.400491,-0.000989,2.880785,0.000000
25.410515,0.004614,2.952293,0.000000
25.414536,0.004614,2.832073,0.000000
25.420991,0.001208,2.912909,0.000000
25.427176,0.001208,2.939227,0.000000
25.431639,0.001208,2.946407,0.000000
25.436506,0.004614,2.773000,0.000000
25.440550,0.004614,2.936294,0.000000
25.444995,0.004614,2.811437,0.000000
25.450218,-0.000989,2.997580,0.000000
25.454176,-0.000989,2.732231,0.000000
25.459029,-0.000989,2.889328,0.000000
25.466520,0.000659,2.809816,0.000000
25.472074,0.000659,2.946651,0.000000
25.476285,0.000659,2.782431,0.000000
25.483201,0.002911,2.946095,0.000000
25.488759,0.002911,2.861691,0.000000
25.493779,-0.000989,2.796505,0.000000
25.497901,-0.000989,2.792763,0.000000
25.501923,-0.000989,2.802175,0.000000
25.508945,-0.000989,2.866080,0.000000
25.513255,-0.000989,2.752567,0.000000
25.517215,-0.000989,2.887534,0.000000
25.523473,-0.000989,2.825336,0.000000
25.531735,-0.002692,2.897108,0.000000
25.538080,-0.002692,2.830935,0.000000
25.543122,-0.002692,2.795133,0.000000
25.547613,-0.002692,2.850791,0.000000
25.551790,-0.000989,2.793512,0.000000
25.557638,-0.000989,2.893432,0.000000
25.562059,0.005273,2.999743,0.000000
25.571224,0.005273,3.009209,0.000000
25.575556,0.005273,3.053001,0.000000
25.579480,-0.000989,2.809364,0.000000
25.586354,-0.000989,2.677770,0.000000
25.590267,-0.000989,2.835471,0.000000
25.594288,-0.000989,2.835471,0.000000
25.598719,-0.000989,2.814536,0.000000
25.603434,-0.000989,2.814536,0.000000
25.608684,-0.000989,2.814536,0.000000
25.613229,-0.000989,2.814536,0.000000
25.618824,0.002911,2.814536,0.000000
25.623085,0.002911,2.814536,0.000000
25.627197,0.002911,2.814536,0.000000
25.632785,0.004614,2.814536,0.000000
25.637882,0.004614,2.814536,0.000000
25.642238,0.004614,2.814536,0.000000
25.647821,0.000659,2.814536,0.000000
25.652247,0.000659,2.814536,0.000000
25.656588,0.000659,2.970817,0.000000
25.663596,-0.013129,2.747581,0.000000
25.670838,-0.013129,2.877549,0.000000
25.676860,0.006976,3.035193,0.000000
25.680834,0.006976,2.953724,0.000000
25.684891,0.006976,2.870965,0.000000
25.689244,-0.000989,2.723385,0.000000
25.693493,-0.000989,2.905461,0.000000
25.697477,-0.000989,2.813941,0.000000
25.701475,0.002911,3.086193,0.000000
25.705453,0.002911,2.751487,0.000000
25.710259,0.002911,2.885753,0.000000
25.717464,0.002911,2.956076,0.000000
25.721473,0.002911,2.989938,0.000000
25.728215,0.002911,2.989938,0.000000
25.732397,0.000659,2.989938,0.000000
25.738755,0.000659,2.989938,0.000000
25.742884,0.000659,2.989938,0.000000
25.747661,-0.002692,2.775369,0.000000
25.752893,-0.002692,2.899584,0.000000
25.757492,0.002911,2.819496,0.000000
25.761536,0.002911,2.970487,0.000000
25.765899,0.002911,2.820409,0.000000
25.774887,-0.000439,2.852825,0.000000
25.778868,-0.000439,2.927489,0.000000
25.783643,0.005273,3.152509,0.000000
25.789078,0.005273,2.901657,0.000000
25.795450,0.005273,2.840627,0.000000
25.799990,0.000659,2.926589,0.000000
25.808227,0.000659,2.926392,0.000000
25.812229,0.000659,3.013249,0.000000
25.816689,-0.002692,3.018524,0.000000
25.822090,-0.002692,2.895283,0.000000
25.827406,-0.002692,3.009685,0.000000
25.831809,0.000659,2.849710,0.000000
25.838447,0.002911,2.798514,0.000000
25.845947,0.002911,2.913757,0.000000
25.850114,0.002911,2.913757,0.000000
25.854474,0.002911,2.913757,0.000000
25.859954,-0.002692,2.913757,0.000000
25.864785,-0.002692,2.913757,0.000000
25.875576,-0.002692,2.913757,0.000000
25.879605,-0.002692,2.913757,0.000000
25.885107,0.002911,2.913757,0.000000
25.890780,0.002911,2.852479,0.000000
25.894872,0.002911,2.858860,0.000000
25.900180,-0.000989,3.028529,0.000000
25.904211,-0.000989,2.864333,0.000000
25.908220,-0.000989,2.993535,0.000000
25.914339,0.000659,2.921323,0.000000
25.918456,0.000659,3.018208,0.000000
25.922614,0.000659,2.922438,0.000000
25.928760,-0.000989,2.872902,0.000000
25.934358,-0.000989,2.924489,0.000000
25.938261,-0.000989,2.947130,0.000000
25.942672,-0.002692,2.853643,0.000000
25.949745,-0.002692,2.829280,0.000000
25.953917,-0.000989,2.989759,0.000000
25.957924,-0.000989,2.732510,0.000000
25.961998,-0.000989,2.763055,0.000000
25.969640,-0.000989,2.763055,0.000000
25.984266,-0.002692,2.763055,0.000000
25.997107,-0.000989,2.778327,0.000000
26.001033,0.008679,2.778327,0.000000
26.015467,0.008679,2.778327,0.000000
26.019826,0.008679,2.778327,0.000000
26.025703,-0.000989,2.778327,0.000000
26.029755,-0.000989,2.778327,0.000000
26.033828,-0.000989,2.962432,0.000000
26.039808,-0.000989,3.001201,0.000000
26.043966,-0.000989,2.952262,0.000000
26.049243,-0.000989,2.811333,0.000000
26.053207,0.002911,2.836371,0.000000
26.057404,0.002911,3.011886,0.000000
26.063298,0.002911,2.905171,0.000000
26.067242,-0.000989,2.865196,0.000000
26.071243,-0.000989,2.869225,0.000000
26.079925,0.004614,2.812506,0.000000
26.084752,0.004614,2.812506,0.000000
26.090932,0.004614,3.027163,0.000000
26.094963,0.002911,3.142341,0.000000
26.099453,0.002911,2.997185,0.000000
26.103597,0.002911,2.997185,0.000000
26.107637,0.002911,2.894193,0.000000
26.111565,0.012689,2.958996,0.000000
26.115863,0.012689,2.834949,0.000000
26.119916,0.006976,3.034737,0.000000
26.126188,0.006976,2.765242,0.000000
26.130119,0.006976,2.959810,0.000000
26.136811,-0.002692,2.959810,0.000000
26.140985,-0.002692,2.959810,0.000000
26.145029,-0.002692,2.959810,0.000000
26.150806,0.000659,2.959810,0.000000
26.157590,0.000659,2.959810,0.000000
26.162525,0.000659,2.959810,0.000000
26.167820,-0.005054,2.892703,0.000000
26.171748,-0.005054,2.814019,0.000000
26.176107,-0.003351,2.826217,0.000000
26.183876,-0.003351,2.984001,0.000000
26.188184,-0.003351,2.974075,0.000000
26.192445,0.001208,2.814959,0.000000
26.197650,0.001208,2.859111,0.000000
26.201771,0.001208,3.090439,0.000000
26.205622,0.002911,3.088327,0.000000
26.209576,0.002911,2.866082,0.000000
26.215238,0.002911,2.913180,0.000000
26.220301,-0.005054,2.881045,0.000000
26.224327,-0.005054,2.900315,0.000000
26.231551,-0.005054,2.994229,0.000000
26.235567,-0.002692,3.021403,0.000000
26.239589,-0.002692,2.705462,0.000000
26.246003,-0.002692,2.845841,0.000000
26.250191,0.000659,2.941290,0.000000
26.254266,0.000659,3.004106,0.000000
26.258462,0.000659,2.847488,0.000000
26.263892,0.002911,2.969434,0.000000
26.267994,0.002911,2.918453,0.000000
26.273880,-0.002692,2.824463,0.000000
26.282079,-0.002692,2.824463,0.000000
26.291127,-0.005054,2.925432,0.000000
26.295521,-0.005054,2.925432,0.000000
26.301237,-0.005054,2.925432,0.000000
26.305184,-0.000989,2.925432,0.000000
26.309225,-0.000989,2.824758,0.000000
26.315128,-0.000989,2.824758,0.000000
26.319536,0.002911,2.824758,0.000000
26.323632,0.002911,2.824758,0.000000
26.329129,0.002911,2.824758,0.000000
26.333630,0.005273,2.824758,0.000000
26.340712,0.005273,2.824758,0.000000
26.344647,0.005273,2.824758,0.000000
26.349592,-0.000989,2.824758,0.000000
26.353949,-0.000989,2.824758,0.000000
26.358186,-0.000989,2.824758,0.000000
26.363594,0.000659,2.824758,0.000000
26.367776,0.000659,2.824758,0.000000
26.372466,0.002911,2.824758,0.000000
26.378453,0.002911,2.824758,0.000000
26.389515,0.001208,2.824758,0.000000
26.393643,0.001208,2.924279,0.000000
26.397676,0.001208,2.924279,0.000000
26.403772,-0.000989,2.924279,0.000000
26.408756,-0.000989,2.924279,0.000000
26.412652,-0.000989,2.924279,0.000000
26.420757,0.002911,2.924279,0.000000
26.425525,0.002911,2.924279,0.000000
26.431077,0.002911,2.924279,0.000000
26.435112,0.002911,2.858939,0.000000
26.439122,0.002911,2.858939,0.000000
26.443584,0.002911,2.858939,0.000000
26.448193,0.004614,2.858939,0.000000
26.452131,0.004614,2.858939,0.000000
26.456847,0.004614,2.868135,0.000000
26.460884,0.004614,2.810434,0.000000
26.469932,0.004614,2.968576,0.000000
26.474801,-0.002692,2.966915,0.000000
26.482782,0.001208,2.977432,0.000000
26.489780,0.001208,2.849263,0.000000
26.495443,0.001208,2.752779,0.000000
26.500031,-0.003351,2.980198,0.000000
26.504234,-0.003351,2.949687,0.000000
26.508276,-0.003351,3.065422,0.000000
26.512473,-0.003351,2.919755,0.000000
26.516507,-0.002692,3.055939,0.000000
26.520549,-0.002692,3.032485,0.000000
26.526192,-0.002692,3.046253,0.000000
26.531829,0.001208,3.087563,0.000000
26.535862,0.001208,2.939382,0.000000
26.539988,0.004614,3.004645,0.000000
26.546231,0.004614,3.004645,0.000000
26.551968,0.004614,3.004645,0.000000
26.555955,0.002911,3.004645,0.000000
26.560227,0.002911,3.004645,0.000000
26.565463,0.002911,3.004645,0.000000
26.569846,-0.002692,2.899123,0.000000
26.573882,-0.002692,2.892190,0.000000
26.579476,-0.002692,2.855837,0.000000
26.583877,0.000659,2.785521,0.000000
26.593326,0.000659,2.908990,0.000000
26.597341,0.001208,2.878798,0.000000
26.601361,0.001208,3.122250,0.000000
26.606632,0.001208,3.074325,0.000000
26.612144,-0.000439,3.074325,0.000000
26.616438,-0.000439,3.074325,0.000000
26.620506,-0.000439,3.049062,0.000000
26.627085,0.000659,2.792071,0.000000
26.631362,0.000659,2.908917,0.000000
26.635546,0.000659,2.834574,0.000000
26.642530,-0.002692,2.940423,0.000000
26.646589,-0.002692,2.946501,0.000000
26.651019,-0.002692,2.833930,0.000000
26.656453,-0.000989,2.884966,0.000000
26.660500,-0.000989,2.862271,0.000000
26.670473,0.002911,2.862271,0.000000
26.674545,0.002911,2.862271,0.000000
26.679473,-0.006757,2.862271,0.000000
26.687095,-0.006757,2.693268,0.000000
26.694514,-0.006757,2.693268,0.000000
26.698984,0.002911,2.693268,0.000000
26.702965,0.002911,2.693268,0.000000
26.706935,0.002911,2.742234,0.000000
26.711246,-0.000989,2.780159,0.000000
26.715234,-0.000989,2.828053,0.000000
26.721076,-0.000989,3.001606,0.000000
26.725451,0.002911,2.994150,0.000000
26.729564,0.002911,2.768312,0.000000
26.738143,0.001208,2.950560,0.000000
26.743058,0.001208,2.785140,0.000000
26.748877,0.001208,2.967521,0.000000
26.753365,0.006976,2.726210,0.000000
26.757741,0.006976,2.803638,0.000000
26.761809,0.006976,2.937352,0.000000
26.766127,0.004614,2.914192,0.000000
26.770197,0.004614,3.033287,0.000000
26.774531,0.004614,2.808130,0.000000
26.778934,0.004614,2.851729,0.000000
26.784880,0.004614,2.981432,0.000000
26.788897,0.004614,2.747026,0.000000
26.797847,-0.000989,2.780756,0.000000
26.803368,-0.000989,2.790389,0.000000
26.807516,-0.000989,2.966399,0.000000
26.811946,0.001208,2.790700,0.000000
26.817862,0.001208,2.965709,0.000000
26.824789,-0.000989,2.774782,0.000000
26.831223,-0.000989,2.891322,0.000000
26.836482,-0.000989,2.946972,0.000000
26.840547,-0.000989,3.052637,0.000000
26.846458,-0.000989,3.052637,0.000000
26.850560,0.000659,3.029355,0.000000
26.855202,0.000659,2.951460,0.000000
26.859049,0.000659,2.903141,0.000000
26.863222,0.000659,2.878535,0.000000
26.867247,0.000659,3.122592,0.000000
26.871619,0.000659,2.932848,0.000000
26.875579,-0.000989,2.847789,0.000000
26.881204,-0.000989,2.970137,0.000000
26.885199,-0.000989,2.989617,0.000000
26.889831,-0.000989,3.139919,0.000000
26.898914,-0.000989,2.817622,0.000000
26.903929,0.008679,2.821576,0.000000
26.910846,0.008679,2.821576,0.000000
26.915392,0.008679,2.767997,0.000000
26.922205,-0.000989,2.820225,0.000000
26.928369,-0.000989,3.034276,0.000000
26.935100,-0.002692,2.864446,0.000000
26.940757,-0.002692,3.041999,0.000000
26.949335,0.000659,3.018562,0.000000
26.954297,0.000659,2.778805,0.000000
26.958496,0.000659,2.906851,0.000000
26.962816,-0.000989,3.014902,0.000000
26.968932,-0.000989,2.821741,0.000000
26.973249,-0.000989,2.808109,0.000000
26.977666,0.002911,2.796027,0.000000
26.981774,0.002911,2.793613,0.000000
26.987492,0.002911,2.880901,0.000000
26.991599,-0.000989,2.949687,0.000000
26.996104,-0.000989,2.772672,0.000000
27.003633,-0.000989,2.827452,0.000000
27.008006,-0.000989,2.916583,0.000000
27.013696,-0.000989,2.865023,0.000000
27.017962,0.002911,2.865023,0.000000
27.022698,0.002911,2.865023,0.000000
27.026848,0.002911,2.865023,0.000000
27.030964,-0.000989,2.828111,0.000000
27.036611,-0.000989,2.685228,0.000000
27.040626,-0.000989,2.903677,0.000000
27.045031,0.000659,2.787609,0.000000
27.050470,0.000659,2.908806,0.000000
27.055821,0.000659,2.886575,0.000000
27.061771,-0.002692,2.760049,0.000000
27.068335,-0.002692,2.931182,0.000000
27.072607,-0.002692,2.925898,0.000000
27.076894,-0.000989,2.960892,0.000000
27.082790,-0.000989,2.875606,0.000000
27.089702,0.002911,2.811194,0.000000
27.095838,0.002911,2.909437,0.000000
27.103592,0.004614,2.879459,0.000000
27.108031,0.004614,2.952929,0.000000
27.112070,0.004614,2.952929,0.000000
27.116210,-0.003351,2.872065,0.000000
27.120852,-0.003351,2.904607,0.000000
27.132575,-0.000989,3.032688,0.000000
27.136840,-0.000989,2.938286,0.000000
27.140951,-0.000989,2.829171,0.000000
27.146578,-0.000989,2.858893,0.000000
27.151106,-0.000989,3.003186,0.000000
27.155271,-0.000989,2.922199,0.000000
27.160861,0.001208,2.931987,0.000000
27.164858,0.001208,2.875899,0.000000
27.169110,0.001208,2.853972,0.000000
27.175209,-0.005054,2.912173,0.000000
27.179222,-0.005054,2.800861,0.000000
27.183239,0.004614,2.836789,0.000000
27.190442,0.004614,2.844431,0.000000
27.194770,0.004614,2.801782,0.000000
27.204260,0.002911,2.840572,0.000000
27.208909,0.002911,2.941885,0.000000
27.213286,0.004614,3.015834,0.000000
27.217797,0.004614,2.909039,0.000000
27.223086,0.004614,2.829440,0.000000
27.227344,0.004614,2.896570,0.000000
27.231996,0.002911,2.801090,0.000000
27.238317,0.002911,2.792718,0.000000
27.242533,-0.007416,2.734740,0.000000
27.247519,-0.007416,2.640467,0.000000
27.255585,-0.003351,2.640467,0.000000
27.261025,-0.003351,2.640467,0.000000
27.265376,-0.003351,2.717033,0.000000
27.270877,-0.000989,3.059620,0.000000
27.278317,-0.000989,2.986126,0.000000
27.285623,-0.005054,2.732560,0.000000
27.290131,-0.005054,2.849242,0.000000
27.294874,-0.005054,2.925289,0.000000
27.301237,0.002911,2.847627,0.000000
27.308261,0.002911,2.883252,0.000000
27.312614,0.001208,3.006239,0.000000
27.317828,0.001208,2.689935,0.000000
27.324221,0.001208,2.837242,0.000000
27.328263,0.004614,2.887214,0.000000
27.334431,0.004614,2.850525,0.000000
27.340221,-0.008459,2.850525,0.000000
27.344206,-0.008459,2.850525,0.000000
27.349953,-0.008459,2.938462,0.000000
27.353973,0.002911,2.828016,0.000000
27.357969,0.002911,2.828016,0.000000
27.364223,0.002911,2.828016,0.000000
27.368401,0.004614,2.828016,0.000000
27.372617,0.004614,2.828016,0.000000
27.376871,0.004614,2.828016,0.000000
27.385285,-0.000989,2.828016,0.000000
27.389266,-0.000989,2.828016,0.000000
27.393351,-0.000989,2.859204,0.000000
27.399919,0.002911,2.737000,0.000000
27.404245,-0.000989,2.932613,0.000000
27.413929,-0.000989,2.800038,0.000000
27.417983,-0.000989,2.895040,0.000000
27.422673,-0.002692,2.795757,0.000000
27.428289,-0.002692,2.900373,0.000000
27.432509,-0.002692,2.893046,0.000000
27.438870,0.001208,2.881383,0.000000
27.444038,0.001208,2.682386,0.000000
27.448332,0.001208,2.991174,0.000000
27.452956,-0.002692,2.774948,0.000000
27.457021,-0.002692,2.937609,0.000000
27.461052,-0.002692,2.931650,0.000000
27.465072,-0.000989,2.974578,0.000000
27.469579,-0.000989,2.955415,0.000000
27.474488,-0.000989,3.034388,0.000000
27.478557,-0.000989,2.953074,0.000000
27.482561,-0.000989,2.962692,0.000000
27.489006,-0.000989,2.833418,0.000000
27.495522,-0.000989,2.924309,0.000000
27.503942,0.001208,3.089382,0.000000
27.513215,0.001208,2.825299,0.000000
27.517795,0.001208,2.954844,0.000000
27.521883,-0.002692,2.817903,0.000000
27.526498,-0.002692,2.890410,0.000000
27.537551,-0.000989,2.939312,0.000000
27.541554,-0.000989,2.991857,0.000000
27.545578,-0.000989,2.963395,0.000000
27.551091,-0.000989,2.856581,0.000000
27.555228,-0.000989,2.872559,0.000000
27.560912,-0.000989,2.716170,0.000000
27.565297,-0.000989,2.935155,0.000000
27.569781,-0.000989,2.853299,0.000000
27.575786,-0.000989,2.926656,0.000000
27.580373,-0.002692,3.008002,0.000000
27.586106,-0.002692,2.836812,0.000000
27.590519,-0.002692,2.856551,0.000000
27.594668,0.001208,2.917169,0.000000
27.600884,0.001208,2.917169,0.000000
27.605244,-0.002692,2.855384,0.000000
27.614255,-0.002692,2.800723,0.000000
27.618364,-0.002692,2.911180,0.000000
27.622613,-0.000989,2.828374,0.000000
27.626580,-0.000989,2.866511,0.000000
27.630989,-0.000989,3.030807,0.000000
27.636465,-0.007416,2.850875,0.000000
27.640713,-0.007416,2.883642,0.000000
27.645791,-0.007416,2.809988,0.000000
27.651647,0.002911,2.792524,0.000000
27.655710,0.002911,2.895245,0.000000
27.659761,-0.000989,2.915452,0.000000
27.665245,-0.000989,3.076266,0.000000
27.669299,-0.000989,3.076266,0.000000
27.674026,0.004614,2.914933,0.000000
27.680788,0.004614,2.969367,0.000000
27.685243,0.004614,2.969367,0.000000
27.690830,0.002911,2.948185,0.000000
27.695348,0.002911,3.038506,0.000000
27.700144,0.002911,2.800578,0.000000
27.704240,-0.000989,2.908972,0.000000
27.708546,-0.000989,2.879993,0.000000
27.712545,-0.000989,2.814598,0.000000
27.720595,-0.005054,2.814598,0.000000
27.724797,-0.005054,2.919199,0.000000
27.729024,-0.005054,2.824399,0.000000
27.734283,-0.000989,2.867325,0.000000
27.739792,-0.000989,2.807115,0.000000
27.744285,-0.000989,3.027094,0.000000
27.749373,-0.000989,2.920805,0.000000
27.755463,-0.000989,2.872313,0.000000
27.759367,-0.000989,2.948939,0.000000
27.763594,-0.000989,2.962708,0.000000
27.767551,-0.000989,2.802069,0.000000
27.771722,-0.000989,2.967958,0.000000
27.775921,-0.000989,2.906672,0.000000
27.780895,-0.000989,2.691334,0.000000
27.785244,-0.000989,2.942633,0.000000
27.791038,-0.002692,2.904602,0.000000
27.795931,-0.002692,2.965501,0.000000
27.800452,0.000659,3.045938,0.000000
27.806093,0.000659,2.998142,0.000000
27.811843,0.000659,2.998142,0.000000
27.818938,-0.000989,2.998142,0.000000
27.824489,-0.000989,2.998142,0.000000
27.828651,-0.000989,3.010321,0.000000
27.832637,-0.005054,3.010321,0.000000
27.838867,-0.005054,3.010321,0.000000
27.843177,-0.005054,3.010321,0.000000
27.847290,-0.000989,2.908183,0.000000
27.853232,-0.000989,2.837023,0.000000
27.857274,0.000659,2.868114,0.000000
27.861542,0.000659,2.992610,0.000000
27.865902,0.000659,2.862738,0.000000
27.870279,0.000659,2.887692,0.000000
27.874426,-0.002692,2.855306,0.000000
27.878454,-0.002692,2.912857,0.000000
27.882431,-0.002692,2.963889,0.000000
27.888529,-0.002692,2.891718,0.000000
27.892626,-0.002692,3.076020,0.000000
27.896583,-0.002692,2.925051,0.000000
27.902170,-0.002692,3.053998,0.000000
27.908104,-0.002692,2.953750,0.000000
27.919481,-0.002692,2.912289,0.000000
27.931998,0.000659,2.800718,0.000000
27.936048,0.000659,2.880265,0.000000
27.939991,-0.013403,2.899342,0.000000
27.946042,-0.013403,2.863168,0.000000
27.950421,-0.013403,2.863168,0.000000
27.954927,-0.013403,2.863168,0.000000
27.959508,-0.002692,2.827184,0.000000
27.964271,-0.002692,2.941673,0.000000
27.968274,-0.002692,2.841209,0.000000
27.972364,-0.000989,2.869025,0.000000
27.977056,-0.000989,2.838607,0.000000
27.982253,-0.000989,2.883388,0.000000
27.986800,0.002911,2.899374,0.000000
27.992673,0.002911,2.844977,0.000000
27.997257,0.004614,3.013436,0.000000
28.001549,0.004614,2.931182,0.000000
28.007131,0.004614,2.902036,0.000000
28.011621,0.004614,2.805655,0.000000
28.015866,-0.000989,2.866153,0.000000
28.023473,-0.000989,2.942793,0.000000
28.028312,-0.002692,2.920024,0.000000
28.034379,-0.002692,2.941606,0.000000
28.038352,-0.002692,2.868151,0.000000
28.043804,-0.005054,2.868151,0.000000
28.048739,-0.005054,2.868151,0.000000
28.052841,0.008679,2.868151,0.000000
28.062735,0.008679,2.868151,0.000000
28.066651,0.008679,2.868151,0.000000
28.071273,-0.002692,2.868151,0.000000
28.077575,-0.002692,2.868151,0.000000
28.081597,-0.005054,2.868151,0.000000
28.085631,-0.005054,2.868151,0.000000
28.091287,-0.005054,2.868151,0.000000
28.095275,-0.005054,2.830819,0.000000
28.099370,0.001208,2.937781,0.000000
28.104828,0.001208,3.064036,0.000000
28.108981,0.002911,2.985988,0.000000
28.115805,0.002911,2.951124,0.000000
28.119887,0.002911,2.887099,0.000000
28.127377,0.002911,2.950051,0.000000
28.133962,0.002911,2.842856,0.000000
28.139924,0.001208,2.800813,0.000000
28.143851,0.001208,2.822226,0.000000
28.147846,0.001208,2.826553,0.000000
28.153479,-0.000989,2.913843,0.000000
28.157557,-0.000989,2.990265,0.000000
28.161632,-0.000989,2.992433,0.000000
28.167079,0.000659,2.996141,0.000000
28.171837,0.000659,2.922509,0.000000
28.175902,0.000659,2.901169,0.000000
28.181451,-0.000989,2.929373,0.000000
28.186143,-0.000989,2.828743,0.000000
28.190585,-0.000989,3.057243,0.000000
28.196409,-0.005054,2.911765,0.000000
28.200478,-0.005054,2.958648,0.000000
28.204578,-0.005054,3.046131,0.000000
28.208630,-0.000989,2.837008,0.000000
28.212697,-0.000989,3.011831,0.000000
28.217125,-0.000989,2.704479,0.000000
28.221326,-0.000989,2.786080,0.000000
28.229487,-0.000989,2.756711,0.000000
28.234070,-0.000989,2.904489,0.000000
28.238418,0.002911,2.946522,0.000000
28.246770,0.002911,2.822814,0.000000
28.251045,-0.002692,3.013513,0.000000
28.255566,-0.002692,2.949030,0.000000
28.261143,-0.002692,3.020589,0.000000
28.267836,-0.000989,2.803954,0.000000
28.276040,-0.000989,2.823022,0.000000
28.280226,-0.005054,2.940464,0.000000
28.284327,-0.005054,2.946716,0.000000
28.288748,-0.005054,2.758257,0.000000
28.295675,0.002911,3.007329,0.000000
28.300449,0.002911,3.007329,0.000000
28.304442,-0.000989,2.992666,0.000000
28.310339,-0.000989,2.958467,0.000000
28.315845,-0.000989,2.876033,0.000000
28.320226,0.002911,2.797252,0.000000
28.324305,0.002911,3.055270,0.000000
28.333370,0.002911,3.058009,0.209333
28.337482,0.002911,2.800081,0.209333
28.343229,0.002911,2.924792,0.209333
28.347675,0.002911,2.873837,0.209333
28.352344,0.002911,3.081728,0.209333
28.358427,0.002911,3.002916,0.209333
28.362434,0.005603,3.227164,1.256000
28.366486,0.005603,2.965448,1.256000
28.370527,0.005603,2.845865,1.256000
28.374971,0.005603,2.810054,6.070667
28.379586,0.005878,3.664003,6.070667
28.383548,0.005878,3.006588,6.070667
28.387590,0.007306,2.981061,5.652000
28.393008,0.007306,3.023566,5.652000
28.397028,0.007306,3.024421,5.652000
28.401325,0.007306,3.032913,4.500667
28.407254,-0.002142,3.032913,4.500667
28.411260,-0.002142,3.032913,4.500667
28.415253,0.000385,3.032913,2.826000
28.422510,0.000385,2.912056,2.826000
28.426482,0.000385,2.880214,2.826000
28.433296,0.012250,3.523400,22.294001
28.437409,0.012250,4.491800,22.294001
28.441273,0.012250,3.236925,22.294001
28.446803,0.009558,10.571572,34.958668
28.451035,0.009558,4.743017,34.958668
28.454974,0.009558,3.448232,34.958668
28.461832,0.004285,10.527470,48.774666
28.466104,0.004285,5.232935,48.774666
28.470256,0.004285,3.866834,48.774666
28.474267,0.015765,3.536229,66.986671
28.478241,0.015765,6.594883,66.986671
28.485231,0.015765,6.594883,66.986671
28.489505,0.010767,6.594883,70.022003
28.493445,0.010767,6.594883,89.490005
28.505261,0.007745,10.837441,89.490005
28.511855,0.007745,5.558285,89.490005
28.515939,0.007745,3.775386,98.491333
28.519914,0.009723,14.745747,98.491333
28.524789,0.009723,6.650811,98.491333
28.528918,0.009723,4.173589,117.750000
28.533231,0.018127,4.173589,117.750000
28.537236,0.018127,4.173589,117.750000
28.541266,0.018127,3.950447,122.146004
28.547795,0.014282,15.075236,122.146004
28.552077,0.014282,4.552483,122.146004
28.556055,0.012469,13.394532,136.799332
28.563348,0.012469,4.696908,136.799332
28.571975,0.012744,4.261488,137.950668
28.576262,0.012744,7.381582,137.950668
28.581879,0.012744,4.671998,137.950668
28.585888,0.014447,4.231318,147.580017
28.590375,0.014447,6.471484,147.580017
28.596142,0.014447,4.532243,147.580017
28.600538,0.009723,4.410615,151.557343
28.604664,0.009723,6.180150,151.557343
28.610783,0.009723,4.745259,151.557343
28.615135,0.010822,7.896897,159.407333
28.619487,0.010822,4.829082,159.407333
28.626744,0.010822,4.487067,161.814667
28.630979,0.000824,12.108410,161.814667
28.638037,0.000824,4.531661,163.175339
28.643704,0.006702,5.259790,163.175339
28.647612,0.006702,6.773997,163.175339
28.651643,0.006702,5.181999,163.175339
28.657081,0.017468,12.597862,163.384674
28.663018,0.017468,4.679782,163.384674
28.671508,0.014172,14.128102,161.814667
28.675915,0.014172,5.430088,161.814667
28.679861,0.014172,4.574086,161.814667
28.685600,0.003845,9.895164,162.442673
28.689700,0.003845,6.021573,162.442673
28.693692,0.003845,4.560734,158.046677
28.699697,0.004669,15.833564,158.046677
28.703596,0.004669,6.684520,158.046677
28.707610,0.004669,4.951670,158.046677
28.711695,0.004669,4.484271,160.244675
28.715705,0.014227,8.868385,160.244675
28.719795,0.014227,6.643892,160.244675
28.723826,0.014227,6.643892,164.640671
28.728710,0.015216,6.643892,164.640671
28.740179,0.016699,6.643892,162.652008
28.744325,0.016699,6.643892,162.652008
28.750523,0.016699,6.643892,162.652008
28.754987,0.014832,6.643892,161.814667
28.759241,0.014832,6.643892,161.814667
28.765564,0.014832,6.643892,161.814667
28.769649,0.009009,6.643892,162.442673
28.775094,0.009009,6.643892,162.442673
28.782314,0.013678,6.643892,164.012680
28.786561,0.013678,6.643892,164.012680
28.790562,0.013678,4.811524,164.012680
28.794584,0.010822,4.452285,162.652008
28.801514,0.010822,6.150832,162.652008
28.806291,0.010822,4.642083,165.059341
28.811830,0.007635,11.139117,165.059341
28.816013,0.007635,4.867378,165.059341
28.821066,0.007635,4.364683,162.233337
28.827973,0.019281,7.612646,162.233337
28.833441,0.019281,4.806103,162.233337
28.837680,0.011700,11.118109,163.175339
28.848260,0.011700,5.070038,163.175339
28.852657,0.003076,4.523910,162.024002
28.856735,0.003076,7.128689,162.024002
28.862984,0.003076,4.959836,162.024002
28.866958,0.014941,6.114392,163.175339
28.870980,0.014941,7.333598,163.175339
28.875102,0.014941,4.898762,163.175339
28.879341,0.013074,4.566045,160.663345
28.884628,0.013074,5.077550,160.663345
28.892272,0.014886,9.766155,164.222000
28.899648,0.014886,5.925747,164.222000
28.903673,0.014886,4.875047,164.222000
28.909494,0.017303,4.555907,160.454010
28.914015,0.017303,4.266532,160.454010
28.918058,0.017303,4.159598,154.383331
28.925603,0.011920,5.587399,154.383331
28.932489,0.011920,4.461444,154.383331
28.938404,-0.000110,9.021564,158.256012
28.945307,0.004120,4.398540,160.977341
28.953850,0.004120,8.781471,160.977341
28.957947,0.004120,5.566618,160.977341
28.961946,0.004120,4.620714,160.977341
28.966260,0.016974,6.737578,159.197998
28.970587,0.016974,7.895644,159.197998
28.974574,0.016974,4.881330,159.197998
28.978764,0.005933,5.581779,168.617996
28.983056,0.005933,6.159595,168.617996
28.988149,0.005933,4.853024,168.617996
28.992140,0.022852,4.472652,163.803329
28.996102,0.022852,7.469457,163.803329
29.001845,0.022852,5.354864,163.803329
29.006557,0.014502,4.768091,161.814667
29.010597,0.014502,4.447022,161.814667
29.016156,0.014502,4.447022,161.814667
29.020029,0.011041,4.447022,151.557343
29.024099,0.011041,4.447022,151.557343
29.028292,0.011041,4.447022,151.557343
29.034657,0.013788,4.447022,158.988678
29.038688,0.013788,4.447022,158.988678
29.043544,0.013788,4.447022,164.431335
29.050993,0.013513,11.854527,164.431335
29.055177,0.013513,5.287789,164.431335
29.059141,0.008130,7.221039,162.652008
29.066681,0.015601,6.256294,163.803329
29.085718,0.015601,5.337847,163.803329
29.089685,0.015765,4.877673,160.244675
29.093599,0.015765,6.275086,160.244675
29.099110,0.015765,6.275086,160.244675
29.103244,0.015765,6.275086,162.861343
29.107325,0.004504,6.275086,162.861343
29.113249,0.004504,6.275086,162.861343
29.117203,0.012140,11.290868,160.454010
29.123679,0.012140,5.932304,160.454010
29.127685,0.012140,4.687075,160.454010
29.132145,0.016644,10.147799,163.384674
29.138643,0.016644,6.153562,163.384674
29.142670,0.016644,8.424656,165.059341
29.151407,0.004285,11.871628,165.059341
29.155858,0.004285,11.871628,165.059341
29.161429,0.018292,11.871628,163.175339
29.165337,0.018292,11.871628,163.175339
29.169402,0.018292,8.142664,163.175339
29.175110,0.009119,8.142664,163.803329
29.179648,0.009119,8.142664,163.803329
29.183643,0.009119,8.142664,163.803329
29.189712,0.018622,8.142664,162.861343
29.193929,0.018622,8.142664,162.861343
29.198979,0.018622,8.142664,160.454010
29.204747,0.007086,8.142664,160.454010
29.208603,0.007086,8.142664,160.454010
29.212872,0.007086,8.142664,160.454010
29.217072,0.005823,6.280082,163.175339
29.221106,0.005823,6.280082,163.175339
29.225200,0.005823,6.280082,163.175339
29.229294,0.007471,6.280082,165.268661
29.234741,0.007471,5.348791,165.268661
29.239732,0.007471,4.739099,165.268661
29.243910,0.003735,4.409831,163.384674
29.248384,0.003735,5.430127,163.384674
29.255648,0.003735,4.690866,162.861343
29.260054,0.019885,12.616648,162.861343
29.265819,0.019885,4.796695,162.861343
29.269730,0.019885,4.407037,163.384674
29.276077,0.014777,8.036463,163.384674
29.280905,0.014777,5.554741,163.384674
29.286381,-0.000110,7.482329,163.384674
29.292047,-0.000110,6.634732,163.384674
29.296182,-0.000110,5.029933,163.384674
29.301677,0.010986,6.767996,162.024002
29.305803,0.010986,6.628124,162.024002
29.310544,0.010986,5.143531,163.594009
29.316435,0.013513,7.105515,163.594009
29.322629,0.013513,7.105515,163.594009
29.326716,0.013513,7.105515,159.826004
29.330852,0.011865,7.105515,159.826004
29.337839,0.011865,7.105515,159.826004
29.341816,0.017249,7.105515,166.210678
29.345829,0.017249,5.234004,166.210678
29.351383,0.014172,10.390331,160.244675
29.363827,0.014172,5.357360,160.244675
29.367833,0.014172,4.447795,164.640671
29.371984,0.011371,11.713200,164.640671
29.376073,0.011371,5.280519,164.640671
29.380358,0.011371,4.410502,164.640671
29.384351,0.008350,4.308834,162.442673
29.388722,0.008350,7.424358,162.442673
29.393045,0.008350,4.924616,162.442673
29.398989,0.019885,8.998900,160.035339
29.403019,0.019885,7.183950,160.035339
29.406979,0.019885,5.110063,160.035339
29.412834,0.010327,4.301457,162.652008
29.416817,0.010327,5.071957,162.652008
29.423922,0.006152,5.071957,165.268661
29.431939,0.006152,5.071957,165.268661
29.436248,0.006152,5.071957,165.268661
29.441847,0.012524,5.071957,161.814667
29.445806,0.012524,5.071957,161.814667
29.449829,0.008569,5.071957,150.406006
29.458632,0.008569,5.071957,150.406006
29.463063,0.008569,5.071957,150.406006
29.467074,0.008569,5.071957,158.256012
29.471812,-0.002307,5.071957,158.256012
29.475879,-0.002307,5.071957,158.256012
29.481195,0.016699,5.071957,162.652008
29.485265,0.016699,5.071957,162.652008
29.489425,0.016699,5.071957,162.652008
29.494089,0.016699,5.071957,159.407333
29.499672,0.010217,5.071957,159.407333
29.505499,0.010217,5.071957,159.407333
29.509922,0.005878,5.071957,164.012680
29.513824,0.005878,7.298128,164.012680
29.519887,0.005878,7.298128,161.396011
29.526687,0.014941,5.742464,161.396011
29.531113,0.014941,4.399991,161.396011
29.535172,0.014941,4.123348,161.396011
29.539145,0.005878,8.871812,151.347992
29.543136,0.005878,8.599453,151.347992
29.547491,0.005878,8.599453,151.347992
29.553119,0.011591,8.599453,160.035339
29.560168,0.011591,8.599453,160.035339
29.564686,0.005603,6.625727,160.035339
29.571487,0.005603,6.625727,160.035339
29.577273,0.005603,6.625727,160.035339
29.581712,0.022028,6.625727,160.035339
29.587791,0.022028,5.521613,160.035339
29.591822,0.022028,4.853307,155.639343
29.597361,0.009229,4.853307,155.639343
29.603423,0.009229,4.353427,155.639343
29.610034,0.015765,6.043239,149.359344
29.615969,0.015765,5.329171,149.359344
29.620156,0.015765,4.530543,154.592682
29.624339,0.014886,3.219396,154.592682
29.628483,0.014886,3.588356,154.592682
29.632527,0.014886,3.872322,154.592682
29.637601,-0.002527,3.774070,144.544678
29.641555,-0.002527,3.411433,144.544678
29.645554,-0.002527,3.738635,137.322678
29.652563,0.005054,2.516452,137.322678
29.656638,0.005054,3.370796,137.322678
29.665759,0.003186,2.892725,127.588669
29.669830,0.003186,2.469181,127.588669
29.673959,0.003186,2.469181,127.588669
29.679563,-0.000220,2.469181,114.924004
29.686790,-0.000220,2.630190,114.924004
29.690831,0.000989,3.411424,103.515343
29.697586,0.000989,3.411424,103.515343
29.701652,0.000989,3.411424,95.665337
29.707765,-0.002032,3.411424,95.665337
29.711583,-0.002032,3.411424,95.665337
29.716172,-0.002032,3.411424,95.665337
29.720829,-0.002527,3.411424,85.198677
29.724921,-0.002527,3.411424,85.198677
29.729416,-0.002527,3.411424,85.198677
29.734671,-0.003241,2.752412,69.603340
29.739057,-0.003241,2.740306,69.603340
29.745195,-0.003241,2.815438,69.603340
29.749264,-0.005713,2.609938,64.160667
29.757519,-0.005713,3.135128,54.531334
29.765692,-0.007910,2.848217,54.531334
29.771080,-0.007910,2.945927,54.531334
29.778295,-0.001154,2.932838,41.133999
29.782385,-0.001154,2.693205,41.133999
29.786320,-0.001154,2.924601,41.133999
29.790570,0.002966,2.924775,39.773335
29.794746,0.002966,2.924775,39.773335
29.799337,0.002966,2.924775,39.773335
29.804823,-0.004669,2.924775,28.888000
29.810419,-0.004669,2.974288,28.888000
29.814697,-0.004669,2.948668,17.479334
29.820639,-0.004065,2.758929,17.479334
29.825803,-0.004065,2.777971,17.479334
29.829957,-0.004065,2.847746,17.479334
29.834346,0.003186,2.853684,10.466666
29.840290,0.003186,2.943548,10.466666
29.844252,0.003186,2.868574,6.489334
29.848267,-0.000275,2.781093,6.489334
29.854720,-0.000275,2.820284,6.489334
29.859477,-0.000275,2.883260,1.046667
29.868113,0.002362,2.942329,1.046667
29.873083,-0.000494,2.875808,-2.721333
29.877119,-0.000494,3.005301,-2.721333
29.881102,-0.000494,2.893831,-2.721333
29.885129,-0.000494,2.979454,-2.721333
29.889279,-0.000439,2.963641,0.418667
29.893257,-0.000439,3.082639,0.418667
29.897521,-0.000439,2.985315,0.418667
29.903467,0.005933,2.760819,0.000000
29.907388,0.005933,2.785405,0.000000
29.912064,0.005933,2.880494,-0.314000
29.918830,0.003571,2.929823,-0.314000
29.924122,0.003571,2.819219,-0.314000
29.928188,-0.002856,2.880501,0.000000
29.933837,-0.002856,2.816697,0.000000
29.938261,-0.002856,2.896731,0.000000
29.942912,-0.002856,2.998348,0.000000
29.948676,-0.002856,2.833222,0.000000
29.952764,-0.002856,2.802572,0.000000
29.960099,-0.006866,2.823111,0.000000
29.965363,-0.006866,2.998949,0.000000
29.972400,0.001868,2.863009,-0.523333
29.976376,0.001868,2.926052,-0.523333
29.985316,-0.004449,2.941389,-0.942000
29.989279,-0.004449,2.941389,-0.942000
29.995839,-0.004449,2.941389,-0.942000
29.999888,-0.008405,2.941389,-0.523333
30.007852,-0.008405,2.918787,-0.523333
30.013376,-0.002692,3.131999,-1.779333
30.017502,-0.002692,3.045450,-1.779333
30.023153,-0.002692,2.707028,-1.779333
30.028547,-0.003406,2.955778,-6.175333
30.032965,-0.003406,2.948645,-6.175333
30.036996,-0.003406,2.948161,-6.175333
30.041066,-0.005548,2.812080,-7.012667
30.045730,-0.005548,2.939505,-7.012667
30.050459,-0.005548,2.960544,-7.012667
30.054950,-0.002911,2.863021,-4.186667
30.060750,-0.002911,2.830352,-4.186667
30.064668,-0.002911,2.925247,-6.384667
30.071813,-0.009723,3.304022,-6.384667
30.079150,-0.009723,2.954851,-6.384667
30.084513,-0.006976,2.891539,-11.618000
30.088918,-0.006976,3.269042,-11.618000
30.095174,-0.006976,2.881190,-11.618000
30.099201,-0.000989,3.451474,-17.374666
30.103281,-0.000989,2.930020,-17.374666
30.108854,-0.000989,2.955827,-17.374666
30.113092,-0.003461,2.918789,-19.782001
30.117042,-0.003461,2.796719,-19.782001
30.126078,-0.006537,2.793959,-19.363335
30.130298,-0.006537,2.793959,-19.363335
30.134541,-0.006537,2.793959,-19.363335
30.138584,-0.006537,2.793959,-19.363335
30.142526,-0.004999,2.793959,-27.841335
30.146962,-0.004999,2.793959,-27.841335
30.151127,-0.004999,2.793959,-24.387333
30.156948,-0.009723,4.071879,-24.387333
30.161364,-0.009723,3.222542,-24.387333
30.165724,-0.009723,2.857523,-26.794668
30.174221,-0.006702,3.264024,-26.794668
30.178318,-0.006702,3.040114,-34.644669
30.184207,-0.007416,4.289832,-34.644669
30.188343,-0.007416,3.117702,-34.644669
30.192266,-0.007416,3.132433,-30.458002
30.198838,0.002527,5.518177,-30.458002
30.202868,0.002527,3.312161,-30.458002
30.206970,0.002527,3.061795,-34.854000
30.212458,-0.014722,5.122274,-34.854000
30.217121,-0.014722,4.071269,-34.854000
30.222266,-0.014722,3.155058,-34.854000
30.226298,-0.008954,3.523515,-44.064671
30.230320,-0.008954,3.523515,-44.064671
30.234368,-0.008954,3.523515,-44.064671
30.238730,-0.004724,3.523515,-48.251335
30.242629,-0.004724,3.523515,-48.251335
30.247319,-0.004724,3.206879,-48.251335
30.251615,-0.004724,2.989135,-44.274002
30.255986,-0.013953,4.060783,-44.274002
30.261883,-0.013953,3.425992,-48.251335
30.268790,-0.004724,3.425992,-48.251335
30.276901,-0.004724,3.224896,-48.251335
30.280945,-0.008295,3.022481,-49.088669
30.284980,-0.008295,4.012268,-49.088669
30.288985,-0.008295,3.274742,-53.694004
30.296453,-0.003406,3.093186,-53.694004
30.300517,-0.003406,3.034949,-53.694004
30.305149,-0.003406,3.054572,-45.216003
30.310848,-0.007306,9.131636,-45.216003
30.314742,-0.007306,3.564160,-45.216003
30.320269,-0.013458,3.296580,-54.636002
30.325768,-0.013458,4.106849,-54.636002
30.331119,-0.013458,3.253453,-54.636002
30.335761,-0.013458,3.228166,-57.043335
30.339881,-0.011041,4.260655,-57.043335
30.345302,-0.011041,3.325007,-57.043335
30.349273,-0.009613,3.237438,-65.102669
30.353328,-0.009613,4.316014,-65.102669
30.359361,-0.009613,3.599026,-65.102669
30.363427,-0.009503,3.312141,-71.278000
30.368650,-0.009503,4.318867,-71.278000
30.374731,-0.016864,3.261927,-74.732002
30.382296,-0.016864,8.545441,-74.732002
30.386919,-0.016864,5.600730,-74.732002
30.391005,-0.016864,4.041720,-89.385338
30.394944,-0.004175,5.238170,-89.385338
30.398935,-0.004175,3.861810,-89.385338
30.403018,-0.004175,3.410913,-86.559334
30.408876,-0.011481,5.807807,-86.559334
30.412954,-0.011481,3.721150,-86.559334
30.417314,-0.013568,6.447698,-88.129341
30.426384,-0.013568,3.828325,-88.129341
30.430529,-0.013568,3.591065,-93.572006
30.436194,-0.000769,7.999660,-93.572006
30.440291,-0.000769,3.791893,-93.572006
30.445269,-0.011700,3.465976,-97.130669
30.452657,-0.011700,4.570655,-97.130669
30.457870,-0.011700,4.146128,-97.130669
30.463691,-0.003900,9.661905,-97.340004
30.467900,-0.003900,5.159238,-97.340004
30.471861,-0.003900,3.908059,-97.340004
30.476345,-0.015491,3.768215,-97.549332
30.484272,-0.015491,3.744907,-97.549332
30.488569,-0.015491,3.500654,-85.931343
30.492482,-0.008514,3.500654,-85.931343
30.499463,-0.008514,3.500654,-85.931343
30.503337,-0.008514,3.500654,-104.980675
30.507382,-0.004614,7.490163,-104.980675
30.512790,-0.004614,4.482745,-104.980675
30.516740,-0.004614,3.933893,-107.178673
30.520758,-0.017194,7.690717,-107.178673
30.526869,-0.017194,4.157476,-107.178673
30.531370,-0.017194,3.727405,-117.436005
30.536177,-0.007416,9.600124,-117.436005
30.540315,-0.007416,4.351820,-117.436005
30.544698,-0.007416,4.053605,-119.215340
30.549197,-0.011316,11.964115,-119.215340
30.553083,-0.011316,5.006176,-119.215340
30.557043,-0.011316,3.965162,-128.007339
30.563065,-0.018896,12.085022,-128.007339
30.567047,-0.018896,7.040369,-128.007339
30.571996,-0.025488,4.644055,-142.451340
30.577545,-0.025488,4.775273,-142.451340
30.584778,-0.025488,4.154083,-142.451340
30.589866,-0.012909,5.680568,-141.300003
30.593928,-0.012909,4.774755,-141.300003
30.599896,-0.012909,4.292398,-142.870010
30.604361,-0.001208,14.747712,-142.870010
30.610072,-0.001208,5.562964,-142.870010
30.614162,-0.001208,4.646691,-142.870010
30.618193,-0.010602,4.825786,-147.894012
30.623870,-0.010602,4.893999,-147.894012
30.628087,-0.010602,4.390349,-149.254669
30.632360,-0.010382,17.847321,-149.254669
30.636875,-0.010382,5.301619,-149.254669
30.641107,-0.010382,4.526965,-149.254669
30.645063,-0.009833,4.279848,-155.325348
30.649160,-0.009833,22.515015,-155.325348
30.653756,-0.009833,5.753753,-167.362015
30.659826,-0.024774,11.339034,-167.362015
30.663985,-0.024774,5.500577,-167.362015
30.668368,-0.024774,4.503693,-165.896683
30.675447,-0.020764,8.289686,-165.896683
30.680281,-0.020764,4.565190,-170.920670
30.688068,0.002087,6.198647,-170.920670
30.692082,0.002087,4.813568,-170.920670
30.696064,0.002087,4.618104,-170.920670
30.701718,-0.000879,6.116819,-167.152664
30.705723,-0.000879,6.188651,-167.152664
30.709729,-0.000879,5.419326,-167.152664
30.715685,-0.011810,5.380573,-168.722672
30.720075,-0.011810,5.524509,-168.722672
30.727949,-0.011810,5.524509,-166.943344
30.731977,-0.014282,5.552255,-166.943344
30.736035,-0.014282,8.900028,-196.040680
30.745992,-0.023456,3.507464,-196.040680
30.753523,-0.023456,4.552363,-196.040680
30.758552,-0.011755,6.645411,-175.107346
30.764100,-0.011755,4.655471,-175.107346
30.768340,-0.011755,4.418934,-167.362015
30.772840,-0.011975,5.814559,-167.362015
30.778875,-0.011975,4.722285,-167.362015
30.783042,-0.008624,6.151665,-169.769333
30.789852,-0.008624,5.542385,-169.769333
30.794477,-0.008624,4.416450,-169.769333
30.798670,-0.015820,6.306497,-170.711349
30.802650,-0.015820,5.971456,-170.711349
30.806939,-0.015820,4.601929,-170.711349
30.810852,-0.016040,4.565098,-167.152664
30.816693,-0.016040,11.412524,-167.152664
30.821279,-0.016040,11.412524,-167.152664
30.826826,-0.013403,11.412524,-176.991348
30.831144,-0.013403,11.412524,-176.991348
30.836972,-0.013403,11.412524,-176.991348
30.840984,-0.012744,11.412524,-170.711349
30.845541,-0.012744,11.412524,-170.711349
30.851871,-0.012744,7.915012,-169.769333
30.855993,-0.017578,11.329326,-169.769333
30.859924,-0.017578,5.048022,-169.769333
30.865497,-0.017578,4.340789,-169.769333
30.870161,-0.016864,9.818830,-165.896683
30.875847,-0.016864,4.925694,-165.896683
30.881208,-0.000549,4.539387,-168.931992
30.885295,-0.000549,4.986151,-168.931992
30.893618,-0.000549,4.512235,-168.931992
30.897922,0.002472,7.271665,-168.513351
30.901922,0.002472,5.929148,-168.513351
30.905881,0.002472,4.694143,-168.722672
30.912359,-0.015381,6.585285,-168.722672
30.919877,-0.015381,5.251121,-168.722672
30.925552,-0.007361,4.494040,-167.571335
30.929500,-0.007361,9.077810,-167.571335
30.933654,-0.007361,9.077810,-168.722672
30.939802,-0.012799,9.077810,-168.722672
30.944087,-0.012799,9.077810,-168.722672
30.948698,-0.012799,6.747655,-165.896683
30.955518,-0.006097,6.747655,-165.896683
30.963897,-0.011700,6.747655,-169.978683
30.970012,-0.011700,5.404714,-169.978683
30.974314,-0.011700,4.599764,-169.978683
30.979686,-0.011700,4.266146,-164.117340
30.984009,-0.015051,10.068076,-164.117340
30.993018,-0.009448,4.421092,-167.571335
30.997152,-0.009448,4.389730,-167.571335
31.001826,-0.009448,4.284620,-167.571335
31.006064,-0.009448,4.082502,-167.571335
31.010097,0.002637,9.526544,-157.523346
31.015861,0.002637,5.189308,-157.523346
31.019949,0.002637,4.515401,-163.280014
31.024475,-0.007086,4.811634,-163.280014
31.033471,-0.007086,4.439354,-163.280014
31.037861,-0.011975,6.890047,-162.756668
31.041774,-0.011975,6.656859,-162.756668
31.046207,-0.011975,4.293371,-162.756668
31.051398,-0.000385,9.824335,-167.362015
31.055780,-0.000385,5.379696,-167.362015
31.059724,-0.000385,4.712150,-167.362015
31.065655,-0.013568,5.891459,-163.489334
31.069875,-0.013568,6.886610,-163.489334
31.074155,-0.013568,4.675238,-168.094681
31.080492,-0.007141,4.482409,-168.094681
31.086998,-0.013129,6.462523,-155.325348
31.102079,-0.013129,4.818690,-155.325348
31.107990,-0.007855,12.848484,-162.966003
31.111964,-0.007855,4.581613,-162.966003
31.119623,-0.007855,4.356238,-163.280014
31.123720,-0.017249,7.149508,-163.280014
31.129595,-0.017249,4.749569,-163.280014
31.134140,0.003076,4.279673,-164.535995
31.138350,0.003076,7.516723,-164.535995
31.142448,0.003076,4.718051,-164.535995
31.147560,0.003076,4.407791,-165.687332
31.151558,-0.013568,10.265999,-165.687332
31.155619,-0.013568,5.293875,-165.687332
31.159949,-0.003186,6.731583,-162.547333
31.167784,-0.003186,7.315520,-162.547333
31.171926,-0.003186,6.099010,-162.547333
31.178086,-0.008954,4.781153,-165.687332
31.182283,-0.008954,4.781153,-165.687332
31.186643,-0.008954,4.781153,-163.698669
31.193432,-0.013678,4.781153,-163.698669
31.200917,-0.013678,4.599326,-163.698669
31.206346,-0.009283,4.393063,-164.954666
31.210599,-0.009283,4.522532,-164.954666
31.214589,-0.009283,4.228041,-165.896683
31.220679,-0.016479,4.323720,-165.896683
31.225009,-0.016479,4.373460,-165.896683
31.228987,-0.016479,4.407440,-165.896683
31.234507,-0.012085,8.733215,-163.908005
31.238653,-0.012085,5.561388,-163.908005
31.242639,-0.012085,4.762047,-163.908005
31.247010,-0.015820,7.221955,-167.152664
31.250955,-0.015820,5.290470,-167.152664
31.255596,-0.015820,4.731309,-167.152664
31.259840,-0.011096,7.030433,-167.780685
31.269145,-0.011096,4.536351,-167.780685
31.274204,-0.009064,6.027480,-161.710007
31.278377,-0.009064,5.470655,-161.710007
31.284285,-0.009064,4.471958,-161.710007
31.288351,-0.012524,4.392316,-164.745346
31.292567,-0.012524,5.187382,-164.745346
31.296674,-0.012524,4.288914,-164.745346
31.303488,-0.013623,4.315864,-159.512009
31.308003,-0.013623,4.450216,-159.512009
31.312040,-0.013623,4.013945,-159.512009
31.317768,-0.006866,3.375690,-153.860016
31.322696,-0.006866,3.568856,-153.860016
31.326623,-0.006866,3.668441,-145.905334
31.332110,-0.005933,2.061352,-145.905334
31.337869,-0.005933,3.416236,-145.905334
31.341930,-0.005933,3.687883,-145.905334
31.346447,-0.010986,2.672793,-134.078003
31.352412,-0.010986,2.804358,-134.078003
31.358878,0.001813,1.483972,-122.459999
31.363363,0.001813,955.867737,-122.459999
31.369211,0.001813,241.292938,-122.459999
31.373175,0.001648,15.953558,-107.178673
31.381155,0.001648,5.967189,-107.178673
31.385286,-0.000220,7629.500000,-91.792671
31.392219,-0.000220,121.945541,-91.792671
31.397633,-0.000714,4.887211,-77.139336
31.405047,-0.000714,2.356901,-77.139336
31.409426,-0.000714,2.457751,-77.139336
31.415092,0.002637,2.804780,-62.067333
31.419780,0.002637,2.649498,-62.067333
31.424357,0.002637,2.920762,-62.067333
31.430336,0.002856,2.920762,-51.705334
31.434328,0.002856,2.920762,-51.705334
31.438418,0.002856,2.823591,-44.483334
31.443802,-0.000165,2.435575,-44.483334
31.449033,-0.000165,3.076032,-34.016670
31.459600,-0.001154,3.347052,-34.016670
31.463705,-0.001154,2.984145,-34.016670
31.467752,-0.002307,2.760415,-15.595334
31.473494,-0.002307,2.788552,-15.595334
31.477421,-0.002307,2.850767,-15.595334
31.482375,-0.002307,2.884473,-7.012667
31.486776,0.003461,3.000705,-7.012667
31.490799,0.003461,2.816967,-7.012667
31.498294,0.004504,2.851410,-3.977334
31.505925,0.004504,2.840917,-3.977334
31.510061,0.004504,2.998157,-3.977334
31.514592,0.002087,2.863085,1.046667
31.536454,0.002692,2.752121,1.046667
31.540375,0.002582,2.752121,-0.523333
31.544742,0.002582,2.752121,-0.523333
31.551123,0.002582,2.771660,-0.523333
31.555634,-0.001373,2.965457,-0.523333
31.559607,-0.001373,2.973878,-0.523333
31.566785,0.002527,2.992110,0.418667
31.573796,0.002527,2.770378,0.418667
31.577963,0.002527,2.846747,0.628000
31.584616,0.005988,2.989246,0.628000
31.591482,0.005988,2.881863,0.628000
31.597106,0.005713,3.138202,-0.314000
31.608139,0.005713,2.877950,0.628000
31.612917,0.006482,2.834575,0.628000
31.620557,0.006482,2.834575,0.628000
31.625531,-0.000989,2.834575,-1.570000
31.635060,-0.000989,2.834575,-1.570000
31.639148,0.006921,2.834575,3.035333
31.643137,0.006921,2.834575,3.035333
31.647557,0.006921,2.929188,3.035333
31.652807,0.009174,2.929188,-3.140000
31.657893,0.009174,2.929188,-3.140000
31.663095,0.009174,2.976494,0.628000
31.669079,0.005988,2.941058,0.628000
31.674797,0.005988,2.803416,0.628000
31.680826,0.002362,3.031391,-1.151333
31.684963,0.002362,2.835287,-1.151333
31.689188,0.002362,2.694193,-1.151333
31.695067,0.006262,2.919606,0.000000
31.699037,0.006262,2.859375,0.000000
31.703047,0.006262,2.801822,0.000000
31.710149,0.002527,2.822332,-1.151333
31.714977,0.002527,2.940421,-1.151333
31.719005,0.002527,2.859876,0.628000
31.724785,0.005988,2.918596,0.628000
31.728709,0.005988,2.844737,0.628000
31.732667,0.005988,2.943267,0.628000
31.738553,-0.000934,2.842548,-0.732667
31.743928,-0.000934,2.895380,-0.732667
31.748090,-0.000934,2.972161,0.209333
31.752301,0.005878,2.805624,0.209333
31.757873,0.005878,2.895038,0.209333
31.761898,0.005878,2.827515,0.209333
31.766220,0.002472,2.845422,-0.314000
31.771880,0.002472,2.885853,-0.314000
31.776066,0.002472,2.784215,0.000000
31.780408,0.009448,2.879663,0.000000
31.786958,0.009448,2.988129,0.000000
31.791355,0.002472,2.776898,0.000000
31.796670,0.002472,2.834406,0.000000
31.802365,0.002472,2.954325,0.000000
31.812581,0.002472,2.986712,0.000000
31.817298,0.002472,2.856735,0.000000
31.823941,-0.000934,2.837260,0.000000
31.827968,-0.000934,2.838291,0.000000
31.831951,-0.000934,2.895247,0.000000
31.837670,-0.000934,2.897676,0.000000
31.843332,-0.000934,2.799055,0.000000
31.848175,-0.004449,2.966916,0.000000
31.852296,-0.004449,2.815264,0.000000
31.857796,-0.004449,3.030516,0.000000
31.861709,0.005988,2.880515,0.000000
31.869815,0.005988,2.720657,0.000000
31.874822,0.005988,2.720657,0.000000
31.878991,0.002472,2.720657,0.000000
31.893411,0.002472,2.639629,0.000000
31.901201,0.002472,2.639629,0.000000
31.905911,0.002472,2.639629,0.000000
31.909992,0.002472,2.639629,0.000000
31.914764,0.002472,2.639629,0.000000
31.921054,0.002472,2.639629,0.000000
31.932838,0.002472,2.639629,0.000000
31.937227,0.002472,2.639629,0.000000
31.941276,0.002472,2.639629,0.000000
31.947138,-0.000934,2.730088,0.000000
31.951337,-0.000934,2.730480,0.000000
31.955341,-0.000934,2.784210,0.000000
31.961135,-0.000934,2.850707,0.000000
31.965140,-0.000934,2.811419,0.000000
31.969623,-0.000934,2.917609,0.000000
31.975402,-0.000934,2.697475,0.000000
31.979514,-0.000934,2.768969,0.000000
31.983574,-0.000934,2.994135,0.000000
31.991302,0.002472,2.876567,0.000000
31.995977,0.002472,2.871891,0.000000
31.999946,0.002472,2.871243,0.418667
32.004438,0.002417,2.811810,0.418667
32.008414,0.002417,2.912652,0.418667
32.012690,0.002417,2.784991,-0.314000
32.020022,0.002527,2.803506,-0.314000
32.025767,0.002527,2.861545,0.628000
32.032515,0.006042,2.870596,0.628000
32.038508,0.006042,2.939715,0.628000
32.042603,0.006042,2.976032,-0.942000
32.046904,0.006152,2.861352,-0.942000
32.050958,0.006152,2.754291,-0.942000
32.054942,0.006152,2.904786,-0.942000
32.059044,-0.000934,2.892898,-0.523333
32.062977,-0.000934,2.818424,-0.523333
32.066959,-0.000934,2.798606,-0.523333
32.073554,0.008295,2.736026,0.209333
32.080462,0.008295,2.804252,0.209333
32.084512,-0.013074,2.822883,-0.523333
32.090116,-0.013074,3.046751,-0.523333
32.095972,-0.013074,2.940044,-0.523333
32.099950,-0.013074,2.931803,-0.314000
32.104323,-0.005273,3.032588,-0.314000
32.110903,-0.005273,3.055974,-0.314000
32.115199,0.006921,2.764230,0.837333
32.125682,0.006921,2.991354,0.837333
32.129642,0.007745,2.788669,2.093333
32.133612,0.007745,2.821435,2.093333
32.139500,0.007745,2.824054,2.093333
32.143690,0.003406,3.552207,5.233333
32.147699,0.003406,2.908488,5.233333
32.153569,0.003406,2.982561,5.233333
32.157685,0.004395,3.111786,11.827333
32.162175,0.004395,3.002074,11.827333
32.166220,0.004395,2.788759,11.827333
32.171741,0.006152,3.171122,18.107334
32.175731,0.006152,3.118781,18.107334
32.179734,0.006152,2.989395,18.107334
32.185597,0.006152,3.722943,18.735332
32.189641,0.006152,3.491018,18.735332
32.194343,0.006152,3.111877,20.724001
32.200063,0.004669,3.976869,20.724001
32.204443,0.004669,3.903117,20.724001
32.212163,0.010602,3.903117,30.876669
32.216489,0.010602,3.195564,30.876669
32.227521,0.005713,3.110982,27.946001
32.231632,0.005713,3.110982,27.946001
32.236404,0.005713,3.110982,27.946001
32.241040,0.009174,3.110982,41.343334
32.245001,0.009174,3.110982,41.343334
32.248912,0.009174,3.110982,41.343334
32.253090,0.005054,3.067391,52.333332
32.257759,0.005054,5.436337,52.333332
32.261679,0.005054,3.305796,52.333332
32.265628,0.005054,3.175999,52.333332
32.269649,0.004504,2.960775,48.774666
32.273693,0.004504,3.727181,48.774666
32.279503,0.004504,3.198947,48.774666
32.283532,0.010382,5.884447,63.009335
32.287566,0.010382,3.665799,63.009335
32.293353,0.010382,3.223837,63.009335
32.298702,0.010822,7.083809,62.590672
32.303185,0.010822,5.547327,62.590672
32.308201,0.010822,3.888031,73.790009
32.312567,0.004395,3.888031,73.790009
32.317320,0.004395,3.888031,73.790009
32.324838,0.014008,3.888031,78.814003
32.329685,0.014008,3.888031,78.814003
32.335065,0.014008,3.888031,87.815338
32.340603,0.009119,4.502616,87.815338
32.345949,0.009119,4.502616,87.815338
32.349957,0.009119,4.502616,83.419334
32.355059,0.005219,4.502616,83.419334
32.360720,0.005219,3.800154,83.419334
32.365885,0.010767,3.566788,98.491333
32.369982,0.010767,4.558520,98.491333
32.376340,0.010767,3.941465,98.491333
32.380374,0.009448,8.967307,100.689339
32.387823,0.009448,4.283257,100.689339
32.392039,0.009448,3.849157,109.062668
32.396116,0.008899,9.192130,109.062668
32.401469,0.008899,4.180883,109.062668
32.405563,0.008899,3.721230,109.062668
32.410334,0.010876,7.382607,110.737335
32.415330,0.010876,5.970676,110.737335
32.419405,0.011975,9.034942,111.470001
32.429778,0.011975,4.184415,111.470001
32.437152,0.012854,3.837304,118.692001
32.441627,0.012854,6.029763,118.692001
32.446569,0.012854,4.039985,120.157341
32.452310,0.007800,5.196796,120.157341
32.456354,0.007800,5.196796,120.157341
32.460590,0.007800,5.196796,120.157341
32.466442,0.006482,5.196796,118.482674
32.470389,0.006482,5.196796,118.482674
32.474747,0.006482,4.575498,124.344002
32.480387,0.004669,4.575498,124.344002
32.484784,0.004669,3.863043,124.344002
32.490349,0.004669,3.622780,124.344002
32.494426,-0.002582,13.295474,116.284668
32.498691,-0.002582,6.158617,116.284668
32.502713,-0.002582,4.267782,116.284668
32.506999,0.006592,10.736874,125.914009
32.511141,0.006592,5.289508,125.914009
32.515596,0.006592,4.380738,125.914009
32.519828,0.015820,4.323473,132.926666
32.524715,0.015820,4.882366,132.926666
32.532156,0.007965,9.143884,134.601334
32.538911,0.007965,5.102855,134.601334
32.545311,0.007965,4.272779,134.601334
32.549729,0.001813,7.678774,138.997330
32.553744,0.001813,7.168692,138.997330
32.557820,0.001813,4.762349,138.997330
32.561887,0.017743,4.189648,144.335342
32.566440,0.017743,4.304524,144.335342
32.571317,0.017743,4.304524,144.335342
32.577133,0.012634,4.304524,136.590012
32.581702,0.012634,4.304524,136.590012
32.588319,-0.002527,4.129362,145.172668
32.593979,-0.002527,4.129362,145.172668
32.599865,-0.002527,4.129362,145.172668
32.603826,-0.002527,4.129362,154.383331
32.607888,0.014612,4.129362,154.383331
32.617224,0.020435,4.129362,155.848663
32.621405,0.020435,4.129362,155.848663
32.627484,0.020435,4.129362,155.848663
32.634402,0.019940,4.129362,157.209335
32.640122,0.019940,7.748681,157.209335
32.644047,0.019940,7.748681,157.628006
32.648179,0.013403,7.748681,157.628006
32.652625,0.013403,7.748681,157.628006
32.656589,0.013403,7.748681,157.628006
32.660727,0.003735,7.748681,159.197998
32.665319,0.003735,10.373140,159.197998
32.669395,0.003735,7.741870,159.197998
32.675093,0.017358,7.741870,164.222000
32.681890,0.017358,5.964335,164.222000
32.689870,0.013678,6.142633,160.454010
32.693888,0.013678,7.630283,160.454010
32.697910,0.013678,6.024841,161.605331
32.704052,0.007965,5.285960,161.605331
32.708129,0.007965,8.230865,161.605331
32.712136,0.007965,4.952295,161.605331
32.717773,0.018512,4.699243,161.396011
32.721660,0.018512,6.289745,161.396011
32.726694,0.018512,9.090515,162.861343
32.735435,0.017249,7.203014,162.861343
32.739798,0.017249,4.925338,162.861343
32.744211,0.004669,4.376584,158.570007
32.748495,0.004669,4.513292,158.570007
32.752650,0.004669,4.513292,158.570007
32.757534,0.021918,4.513292,164.850006
32.761646,0.021918,4.513292,164.850006
32.765795,0.021918,4.467331,164.850006
32.770806,0.021918,4.453291,163.175339
32.774910,0.011975,7.037836,163.175339
32.780835,0.011975,4.775810,163.175339
32.785199,0.011096,4.641832,161.396011
32.789374,0.011096,6.838163,161.396011
32.795347,0.011096,4.924720,161.396011
32.799709,0.011096,4.364653,161.605331
32.803756,0.021259,10.494412,161.605331
32.807730,0.021259,6.169753,161.605331
32.811723,0.021259,4.972763,161.186676
32.816966,0.010327,4.972763,161.186676
32.821088,0.010327,4.972763,161.186676
32.825505,0.010327,4.972763,161.814667
32.831322,0.013843,4.381941,161.814667
32.839678,0.000824,4.297490,150.196686
32.845996,0.000824,7.083359,150.196686
32.851377,0.000824,4.686060,150.196686
32.855387,0.000824,4.422008,160.454010
32.860035,0.000879,8.125650,160.454010
32.865923,0.000879,5.578087,160.454010
32.870323,0.002362,4.824897,158.988678
32.874878,0.002362,4.824897,158.988678
32.880872,0.002362,4.824897,158.988678
32.884996,0.013348,4.824897,162.233337
32.889014,0.013348,4.824897,162.233337
32.894484,0.013348,4.621199,162.442673
32.901097,0.001099,11.369699,162.442673
32.905060,0.001099,8.240149,162.442673
32.908973,0.001099,8.240149,162.442673
32.912925,0.009998,8.240149,161.814667
32.916769,0.009998,8.240149,161.814667
32.920683,0.009998,8.240149,153.231995
32.927981,0.008130,8.240149,153.231995
32.932929,0.008130,8.240149,153.231995
32.941637,0.007251,8.240149,158.046677
32.945622,0.007251,8.240149,158.046677
32.951115,0.007251,8.240149,162.233337
32.958082,0.020874,8.240149,162.233337
32.963573,0.020874,8.240149,162.233337
32.969608,0.011591,14.444075,159.826004
32.974869,0.011591,5.595473,159.826004
32.979036,0.011591,4.680997,164.640671
32.984400,0.017249,11.641825,164.640671
32.989338,0.017249,4.918917,164.640671
32.993797,0.017249,4.539040,164.640671
32.997738,0.005823,8.583380,159.197998
33.004897,0.005823,6.794323,159.197998
33.008893,0.005823,5.606862,165.268661
33.012914,0.018842,5.606862,165.268661
33.019318,0.018842,5.606862,165.268661
33.024580,0.015875,5.012181,159.616669
33.033709,0.015875,4.714840,159.616669
33.038797,0.020599,4.714840,161.186676
33.048840,0.020599,4.714840,162.652008
33.055060,0.016644,4.714840,162.652008
33.059472,0.016644,4.714840,162.652008
33.063420,0.016644,4.714840,162.652008
33.067656,0.011865,4.714840,162.024002
33.072749,0.011865,4.745293,162.024002
33.076785,0.011865,4.754696,160.035339
33.082996,0.002692,12.007087,160.035339
33.087052,0.002692,5.238349,160.035339
33.091776,0.010107,4.516033,164.222000
33.097794,0.010107,5.368022,164.222000
33.103912,0.010107,4.624453,164.222000
33.108576,0.008954,4.414331,162.024002
33.113338,0.008954,7.058291,162.024002
33.118402,0.008954,5.854146,162.024002
33.123092,0.016534,7.765368,162.024002
33.127198,0.016534,7.167592,162.024002
33.132899,0.016534,7.167592,162.024002
33.136950,0.019171,7.167592,160.663345
33.144134,0.019171,12.759645,160.663345
33.148111,0.019171,12.759645,165.582672
33.153176,0.017139,12.759645,165.582672
33.157280,0.017139,12.759645,165.582672
33.162789,0.017139,12.759645,165.582672
33.166759,0.003625,12.759645,159.826004
33.170789,0.003625,12.759645,159.826004
33.175745,0.021478,12.759645,163.384674
33.181558,0.021478,12.759645,163.384674
33.185868,0.021478,5.230459,163.384674
33.190475,0.021478,4.406902,162.024002
33.196532,0.009338,10.683806,162.024002
33.200428,0.009338,5.172175,162.024002
33.204331,0.005988,4.601177,161.814667
33.209825,0.005988,8.184573,161.814667
33.214329,0.005988,5.208072,161.814667
33.222240,0.009503,7.867898,160.663345
33.226514,0.009503,5.728081,160.663345
33.230610,0.009503,4.610635,162.861343
33.236470,0.012305,5.029638,162.861343
33.247038,0.012305,4.499602,159.407333
33.251150,0.011316,13.795531,159.407333
33.255763,0.011316,5.380652,159.407333
33.259917,0.011316,4.578380,162.024002
33.264720,0.017139,15.549349,162.024002
33.269323,0.017139,9.937710,162.024002
33.277344,0.029938,6.781978,183.480682
33.281328,0.029938,6.781978,183.480682
33.287881,0.029938,6.781978,178.666000
33.293355,0.006702,6.781978,178.666000
33.299129,0.006702,6.781978,178.666000
33.303599,0.006702,6.781978,171.653336
33.307704,0.004999,6.781978,171.653336
33.311687,0.004999,6.781978,171.653336
33.315686,0.004999,5.599739,171.653336
33.319673,0.020325,7.910470,171.862686
33.325065,0.020325,4.685793,171.862686
33.329216,0.020325,4.477987,162.233337
33.335078,0.013293,13.327667,162.233337
33.339134,0.013293,11.189783,162.233337
33.343328,0.004395,7.803641,167.466660
33.353233,0.004395,7.803641,167.466660
33.360324,0.012634,4.783592,161.396011
33.364416,0.012634,4.783592,161.396011
33.369076,0.012634,4.741523,161.396011
33.373920,0.016699,4.556631,161.186676
33.383199,0.016699,4.719565,161.186676
33.387178,0.016699,4.568533,163.175339
33.391820,0.013458,4.841766,163.175339
33.398565,0.013458,4.581692,163.175339
33.403450,0.008240,4.581692,163.175339
33.407386,0.008240,4.615846,163.175339
33.411804,0.008240,4.632923,163.175339
33.415926,0.008240,4.301083,161.396011
33.420014,0.014062,10.352985,161.396011
33.423972,0.014062,5.019968,161.396011
33.427997,-0.000824,4.638371,164.640671
33.433650,-0.000824,9.565917,164.640671
33.441092,-0.000824,4.474473,161.605331
33.447114,0.012469,7.935451,161.605331
33.454264,0.012469,7.935451,161.605331
33.460081,0.020819,13.130916,162.233337
33.464237,0.020819,4.831899,162.233337
33.469642,0.020819,4.528850,162.233337
33.474500,0.010052,13.007010,160.244675
33.480352,0.010052,4.875685,160.244675
33.484492,0.018732,6.535256,163.594009
33.490328,0.018732,6.506553,163.594009
33.494743,0.018732,4.839691,163.594009
33.498985,0.018732,4.547537,159.616669
33.504010,0.007526,14.082058,159.616669
33.507993,0.007526,5.857545,159.616669
33.512010,0.014392,4.528405,167.466660
33.519219,0.014392,4.460425,167.466660
33.524673,0.014392,4.486856,167.466660
33.528653,-0.000055,4.539204,158.988678
33.532959,-0.000055,6.414793,158.988678
33.538774,-0.000055,4.673875,158.988678
33.542877,0.007581,4.450759,163.594009
33.546818,0.007581,4.805770,163.594009
33.555221,0.007581,4.516110,161.186676
33.559327,0.011481,6.399766,161.186676
33.565905,0.011481,4.928370,161.186676
33.569904,0.011536,4.405836,160.977341
33.573906,0.011536,8.230240,160.977341
33.578134,0.011536,4.831171,160.977341
33.582118,0.019501,4.436093,161.814667
33.588400,0.019501,11.874475,161.814667
33.592603,0.019501,8.378487,161.814667
33.596696,0.011151,12.199039,162.024002
33.603989,0.011151,5.341679,162.024002
33.609471,0.011151,4.766068,165.582672
33.615195,0.016315,9.665167,165.582672
33.620728,0.016315,11.215334,165.582672
33.624622,0.016315,11.215334,170.083328
33.628690,0.014941,11.215334,170.083328
33.634171,0.014941,11.215334,170.083328
33.639346,0.014941,11.215334,164.850006
33.643334,0.014008,11.215334,164.850006
33.649834,0.014008,6.001608,163.594009
33.657156,0.009778,9.620956,163.594009
33.661541,0.009778,4.828241,163.594009
33.665610,0.009778,4.412355,163.594009
33.669709,0.013898,4.359172,162.442673
33.673793,0.013898,6.036727,162.442673
33.678042,0.013898,4.577958,162.442673
33.683808,0.007581,12.852585,162.652008
33.687708,0.007581,5.467793,162.652008
33.691999,0.007581,4.531194,162.652008
33.698338,0.013843,7.912700,160.977341
33.702327,0.013843,6.766469,160.977341
33.706378,0.013843,4.869854,162.652008
33.711923,0.008734,11.850077,162.652008
33.715963,0.008734,6.851972,162.652008
33.720170,0.004285,4.473765,164.850006
33.728540,0.004285,9.947341,164.850006
33.733129,0.004285,6.091585,164.850006
33.738862,0.018512,5.981184,163.594009
33.744389,0.018512,5.240718,163.594009
33.748589,0.018512,4.624205,163.594009
33.752873,0.011096,10.245112,163.594009
33.760329,0.011096,5.466639,163.594009
33.764627,0.011096,4.454909,164.640671
33.768615,0.004449,12.184744,164.640671
33.772728,0.004449,5.223278,164.640671
33.776732,0.004449,4.547760,164.640671
33.780717,0.011481,4.514528,161.396011
33.784651,0.011481,6.194499,161.396011
33.791337,0.011481,4.341835,162.024002
33.798264,0.010272,5.606530,162.024002
33.804132,0.010272,4.711441,162.024002
33.808323,0.015710,4.450765,164.431335
33.812333,0.015710,7.578902,164.431335
33.817222,0.015710,4.687744,164.431335
33.821254,0.003735,4.335743,161.396011
33.825348,0.003735,11.980753,161.396011
33.829450,0.003735,5.046745,161.396011
33.833769,0.003735,4.503005,162.861343
33.839717,0.002747,9.373901,162.861343
33.843709,0.002747,5.830976,162.861343
33.847671,0.002747,4.596494,159.616669
33.853233,-0.006262,5.901997,159.616669
33.859362,-0.006262,5.901997,159.616669
33.864095,-0.006262,5.901997,161.605331
33.868027,0.013513,5.901997,161.605331
33.875652,0.013513,5.901997,161.605331
33.879675,0.012085,5.901997,162.024002
33.883710,0.012085,5.901997,162.024002
33.889437,0.012085,5.160698,162.024002
33.893735,0.016864,4.450593,161.396011
33.897811,0.016864,4.949987,161.396011
33.905023,0.016864,4.368286,164.431335
33.909005,0.015216,10.521380,164.431335
33.912993,0.015216,4.929249,164.431335
33.916966,0.015216,4.511731,164.431335
33.921113,0.011755,4.278327,162.652008
33.925336,0.011755,8.004401,162.652008
33.929688,0.011755,5.041238,162.652008
33.935117,0.013293,7.101263,161.605331
33.939335,0.013293,6.846448,161.605331
33.943283,0.013293,4.729653,161.605331
33.948898,0.013458,7.158772,162.652008
33.952942,0.013458,6.661348,162.652008
33.956903,0.013458,4.474336,161.814667
33.964998,0.026697,4.277458,161.814667
33.969105,0.026697,4.226757,161.814667
33.973652,0.009888,5.934645,154.802002
33.984940,0.001593,12.595322,158.046677
33.997942,0.001593,12.595322,158.046677
34.002164,0.010712,12.595322,161.605331
34.008732,0.010712,12.595322,161.605331
34.013001,0.010712,12.595322,161.605331
34.017361,0.010712,6.520081,161.396011
34.021770,0.019391,10.553753,161.396011
34.026168,0.019391,5.387469,161.396011
34.030567,0.019391,4.714121,163.384674
34.034476,0.017963,12.217689,163.384674
34.039841,0.017963,4.814100,163.384674
34.044120,0.005768,4.286024,161.814667
34.054133,0.005768,4.296125,161.814667
34.058044,0.005768,4.257015,152.185333
34.065488,0.013074,11.060740,152.185333
34.069472,0.013074,4.992546,152.185333
34.073789,0.013074,4.430356,157.628006
34.078105,0.012195,11.726539,157.628006
34.082055,0.012195,6.418135,157.628006
34.086007,0.011920,4.608154,161.186676
34.091677,0.011920,10.960763,161.186676
34.095729,0.011920,6.166615,161.186676
34.100096,0.011920,5.408308,159.197998
34.106013,0.018292,5.408308,159.197998
34.112097,0.018292,5.408308,159.197998
34.116470,0.005988,4.912904,164.850006
34.120548,0.005988,5.821902,164.850006
34.127916,0.005988,4.564213,164.850006
34.132051,0.011041,10.467251,159.826004
34.136067,0.011041,6.302203,159.826004
34.141409,0.011041,4.796750,159.826004
34.145721,0.009283,4.407231,166.210678
34.151842,0.009283,4.966604,166.210678
34.155788,0.009283,4.428013,166.210678
34.159859,0.006976,7.106438,164.012680
34.163728,0.006976,4.862898,164.012680
34.170992,0.006976,4.490118,161.605331
34.178111,0.000934,5.131656,161.605331
34.183699,0.000934,4.345292,160.977341
34.189132,0.014667,12.499206,160.977341
34.193206,0.014667,4.909709,160.977341
34.198439,0.015161,11.316587,162.442673
34.205961,0.015161,5.460352,162.442673
34.210389,0.015161,4.610520,162.442673
34.216111,0.010547,10.800215,162.024002
34.220138,0.010547,19.415995,162.024002
34.225206,0.010547,6.666456,162.024002
34.229523,0.032245,4.531374,183.480682
34.234206,0.032245,4.453680,183.480682
34.238558,0.032245,4.470340,183.480682
34.244387,0.007031,10.589482,167.466660
34.249445,0.007031,4.734178,167.466660
34.253929,0.007031,4.602872,166.629349
34.258120,0.009723,10.381317,166.629349
34.262138,0.009723,5.153145,166.629349
34.266343,-0.003900,6.999411,167.466660
34.274645,-0.003900,5.290727,167.466660
34.279200,-0.003900,4.778283,167.466660
34.285623,0.011700,10.352507,166.001328
34.289932,0.011700,5.020676,166.001328
34.295728,0.011700,4.551259,166.001328
34.299745,0.012634,11.216246,163.175339
34.306131,0.012634,5.553753,163.175339
34.311630,0.015051,4.560481,164.012680
34.316255,0.015051,5.921705,164.012680
34.322952,0.015051,5.285852,164.012680
34.327051,0.000824,5.285852,162.652008
34.331985,0.000824,5.285852,162.652008
34.336106,0.000824,5.285852,162.652008
34.342205,0.010052,5.285852,165.059341
34.346153,0.010052,5.285852,165.059341
34.350187,0.007361,5.285852,161.186676
34.358490,0.007361,4.921916,161.186676
34.364247,0.007361,4.539627,161.186676
34.368834,0.005438,6.633153,162.442673
34.377967,0.005438,4.559396,162.442673
34.383166,0.018018,8.562849,162.442673
34.387118,0.018018,4.790075,162.442673
34.393591,0.018018,4.465734,164.640671
34.398098,0.004340,5.506054,164.640671
34.406200,0.004340,4.690841,164.640671
34.412539,0.013623,11.819113,162.861343
34.417250,0.013623,5.135710,162.861343
34.423726,0.019611,10.481750,160.454010
34.431021,0.019611,5.291781,160.454010
34.436906,0.005713,7.261402,163.594009
34.446709,0.005713,4.860175,163.594009
34.453120,0.018292,9.387320,164.850006
34.457537,0.018292,4.956171,164.850006
34.463611,0.017413,4.549433,163.175339
34.470402,0.017413,4.749166,163.175339
34.478247,0.009064,4.381054,162.024002
34.483563,0.009064,4.249314,162.024002
34.488252,0.003955,4.079228,152.185333
34.498482,0.003955,7.043792,152.185333
34.503268,0.003955,4.862799,152.185333
34.507339,0.016919,4.359368,158.570007
34.511442,0.016919,8.792930,158.570007
34.516010,0.016919,4.619861,158.570007
34.520717,0.016919,4.269270,158.779343
34.525399,0.008679,12.928590,158.779343
34.529734,0.008679,5.223762,158.779343
34.533897,0.018457,5.694880,167.676010
34.540927,0.018457,6.022292,167.676010
34.546800,0.018457,4.760573,167.676010
34.551028,0.001813,5.667218,163.594009
34.555384,0.001813,5.907165,163.175339
34.565967,0.016974,4.905216,163.175339
34.570551,0.016974,4.905216,163.175339
34.578059,0.035651,5.588658,188.714020
34.582662,0.035651,3.724329,188.714020
34.586588,0.035651,4.504933,188.714020
34.590748,0.017249,4.435364,178.666000
34.596997,0.017249,4.628761,178.666000
34.601092,0.017249,4.415795,178.666000
34.606829,0.013293,3.974406,175.002670
34.611535,0.013293,4.529916,175.002670
34.618976,0.013293,4.431789,173.223343
34.625712,-0.000934,4.921987,173.223343
34.631413,-0.000934,4.492624,165.059341
34.636082,0.003241,10.796139,165.059341
34.640058,0.003241,4.847878,165.059341
34.645459,0.003241,4.474886,165.059341
34.649562,0.014008,11.221949,163.803329
34.653849,0.014008,4.982444,163.803329
34.660023,0.014008,4.373481,162.652008
34.664249,0.000879,10.090345,162.652008
34.669379,0.000879,7.368173,162.652008
34.673906,0.000879,6.009087,165.792007
34.681033,0.013513,6.009087,165.792007
34.685065,0.013513,6.009087,165.792007
34.689077,0.007965,6.009087,160.035339
34.694544,0.007965,6.009087,160.035339
34.698770,0.007965,6.009087,160.035339
34.705078,0.015710,6.009087,165.059341
34.709390,0.015710,5.050686,165.059341
34.713416,0.015710,4.718755,165.059341
34.719119,0.017578,8.979048,163.594009
34.723251,0.017578,5.992628,163.594009
34.727239,0.017578,4.850164,163.594009
34.733101,0.016809,10.500973,163.384674
34.739015,0.016809,4.913967,163.384674
34.743179,0.016809,4.484949,163.803329
34.749525,0.024609,6.434372,163.803329
34.754729,0.024609,4.559273,163.803329
34.758850,0.003296,4.397773,163.175339
34.763761,0.003296,7.791798,163.175339
34.767831,0.003296,5.064856,163.175339
34.772427,0.003296,4.585607,161.186676
34.777037,0.018018,6.094000,161.186676
34.785491,0.018018,4.598900,164.222000
34.791353,0.013678,6.961212,164.222000
34.797657,0.013678,5.286928,163.384674
34.804943,0.012469,13.447003,163.384674
34.810491,0.012469,4.637809,164.850006
34.818106,0.002747,4.643905,164.850006
34.824234,0.002747,4.559512,164.850006
34.828462,0.002747,4.193638,163.175339
34.833092,0.014832,4.033967,163.175339
34.837127,0.014832,4.110383,163.175339
34.841943,0.005438,4.110383,151.766663
34.848360,0.005438,4.110383,151.766663
34.852374,0.005438,4.110383,151.766663
34.859486,0.004449,5.224957,157.837341
34.868630,0.004449,4.780469,165.059341
34.874218,0.015216,10.559019,165.059341
34.884662,0.017139,4.349244,163.175339
34.890317,0.017139,5.776088,163.175339
34.897162,0.017139,4.363697,163.384674
34.903714,0.002966,5.587626,163.384674
34.909505,0.002966,4.913278,163.384674
34.913486,0.016095,4.564736,161.814667
34.917637,0.016095,4.494530,161.814667
34.922006,0.016095,4.261048,161.814667
34.928923,0.001978,4.408053,150.406006
34.933086,0.001978,4.917012,150.406006
34.940918,-0.002087,4.325444,161.396011
34.946938,-0.002087,5.857183,161.396011
34.951359,-0.002087,4.740980,159.407333
34.958012,0.014667,14.868831,159.407333
34.962405,0.014667,5.350979,159.407333
34.966899,0.014667,4.644080,166.001328
34.973243,0.017798,5.009195,166.001328
34.980772,0.017798,11.199399,163.594009
34.989934,0.000769,5.064485,163.594009
34.994504,0.000769,4.649603,164.012680
35.000137,0.014996,9.613476,164.012680
35.004231,0.014996,6.225947,164.012680
35.008287,0.014996,4.380461,164.012680
35.012761,0.020215,6.330995,162.652008
35.017236,0.020215,5.961699,162.652008
35.024466,0.007031,5.156116,160.454010
35.030695,0.007031,8.021929,160.454010
35.035019,0.007031,8.021929,160.454010
35.039028,0.007031,8.021929,162.861343
35.048501,0.015765,4.763350,162.861343
35.052617,0.005823,4.421167,165.059341
35.057376,0.005823,4.833755,165.059341
35.065639,0.005823,4.342747,163.175339
35.070605,0.009613,12.722359,163.175339
35.074619,0.009613,4.873524,163.175339
35.079373,0.009613,4.533103,163.175339
35.083501,0.004504,6.624146,164.222000
35.090536,0.004504,4.831759,164.222000
35.094414,0.015930,4.353932,160.454010
35.100936,0.015930,7.568666,160.454010
35.105132,0.015930,5.994033,160.454010
35.109085,0.014227,4.529004,163.803329
35.114398,0.014227,5.469994,163.803329
35.121718,0.014227,5.469994,163.803329
35.125775,0.012744,11.765247,162.024002
35.130363,0.012744,4.990030,162.024002
35.135980,0.012744,4.629158,162.024002
35.139920,0.003625,10.062891,165.268661
35.144022,0.003625,4.663075,165.268661
35.150705,0.003625,4.506954,163.803329
35.155464,0.019940,4.950592,163.803329
35.163485,0.019940,4.480355,163.803329
35.167668,0.011755,9.098994,164.222000
35.171674,0.011755,5.968837,164.222000
35.175670,0.011755,4.543771,164.222000
35.180714,0.003021,12.778872,162.861343
35.186087,0.003021,4.657357,162.861343
35.195602,0.009723,13.176583,162.024002
35.199915,0.009723,5.385349,162.024002
35.203915,0.009723,4.448928,162.024002
35.209785,0.006592,11.822639,163.594009
35.214150,0.006592,6.329217,163.594009
35.218257,0.006592,4.513632,164.431335
35.223965,0.017963,10.578577,164.431335
35.228434,0.017963,5.118015,164.431335
35.233158,0.017963,4.490345,164.431335
35.237762,0.004669,10.170327,165.268661
35.241865,0.004669,5.531564,165.268661
35.245823,0.004669,4.586071,165.268661
35.251617,0.011316,7.359164,164.222000
35.259447,0.011316,5.152916,164.222000
35.263497,0.012579,4.452939,162.024002
35.268284,0.012579,4.246093,162.024002
35.272175,0.012579,4.234118,162.024002
35.276661,0.005054,12.990620,154.592682
35.283876,0.005054,5.460826,154.592682
35.288193,0.004559,4.388075,158.570007
35.295776,0.004559,6.384782,158.570007
35.301523,0.004559,4.598580,158.570007
35.305590,0.001978,4.488130,161.814667
35.309711,0.001978,6.260944,161.814667
35.315732,0.001978,4.589890,161.814667
35.320109,0.013239,10.451473,164.640671
35.327649,0.013239,4.868429,164.640671
35.334761,0.007471,7.208578,163.175339
35.339423,0.007471,6.850995,163.175339
35.343378,0.007471,5.750497,163.175339
35.348833,0.023566,5.750497,162.861343
35.353322,0.023566,5.750497,162.861343
35.358689,0.023566,4.852348,150.196686
35.365142,-0.009064,7.194474,150.196686
35.374662,-0.009064,7.194474,162.652008
35.378888,0.001154,7.194474,162.652008
35.384706,0.001154,7.194474,162.652008
35.389083,0.001154,7.194474,163.384674
35.397853,0.006427,7.194474,163.384674
35.401791,0.006427,7.194474,163.384674
35.405678,0.013458,12.432238,160.244675
35.409707,0.013458,4.985089,160.244675
35.415631,0.013458,4.547073,162.024002
35.420168,0.011700,13.623210,162.024002
35.424082,0.011700,5.543007,162.024002
35.428216,0.011700,4.907201,162.024002
35.432578,0.008405,8.554178,161.396011
35.436962,0.008405,4.413489,161.396011
35.446834,0.013953,7.020650,163.384674
35.450906,0.013953,6.259684,163.384674
35.454986,0.013953,4.750606,163.384674
35.460849,0.004230,6.873326,162.442673
35.465372,0.004230,8.404415,162.442673
35.469747,0.004230,5.589104,162.442673
35.475820,0.017578,9.754395,164.431335
35.481058,0.017578,6.969697,164.431335
35.486107,0.017578,5.113674,162.442673
35.490419,0.010986,9.635818,162.442673
35.494872,0.010986,5.273227,166.210678
35.504641,0.008240,11.361727,166.210678
35.508930,0.008240,5.242558,166.210678
35.512955,0.008240,4.404382,166.210678
35.517257,0.011975,9.764179,161.605331
35.522833,0.011975,4.861340,161.605331
35.527156,0.011975,4.531105,161.605331
35.531071,0.005988,9.296347,163.175339
35.535455,0.005988,6.114853,163.175339
35.539431,0.005988,4.611272,163.175339
35.544518,0.011206,11.777178,164.431335
35.551841,0.011206,4.583253,164.431335
35.556760,0.004614,4.603091,163.175339
35.562703,0.004614,4.978882,163.175339
35.569860,0.004614,4.632960,161.814667
35.574459,0.015326,12.208605,161.814667
35.581900,0.015326,4.782841,161.814667
35.586212,0.014886,4.324321,164.640671
35.590367,0.014886,6.384463,164.640671
35.594684,0.014886,4.402735,161.605331
35.603450,0.007965,10.678108,161.605331
35.607579,0.007965,6.157027,161.605331
35.611600,0.007965,4.598402,164.222000
35.617243,0.006317,8.989897,164.222000
35.622446,0.006317,4.619038,164.222000
35.626767,0.013678,4.362761,163.175339
35.632644,0.013678,4.879231,163.175339
35.639931,0.013678,4.475692,164.640671
35.644045,0.017468,11.975793,164.640671
35.649856,0.017468,4.671811,164.640671
35.654009,0.017468,4.507914,162.861343
35.658057,0.019006,12.456581,162.861343
35.662034,0.019006,5.353493,162.861343
35.667606,0.019006,4.476356,160.663345
35.672193,0.011371,4.563178,160.663345
35.676401,0.011371,4.611034,160.663345
35.681957,0.011371,4.471704,162.652008
35.686802,0.008624,4.719576,162.652008
35.693434,0.008624,4.596223,162.652008
35.699420,0.018512,6.136226,164.850006
35.707038,0.018512,4.333554,164.222000
35.715292,0.012579,9.215488,164.222000
35.719597,0.012579,5.965747,164.222000
35.723951,0.013788,4.727281,165.268661
35.729487,0.013788,9.545920,165.268661
35.733742,0.013788,5.756730,165.268661
35.737677,0.013788,4.672591,162.861343
35.742549,0.013293,9.712523,162.861343
35.746521,0.013293,6.320206,162.861343
35.751327,0.013293,4.697738,161.814667
35.756840,0.016150,14.126409,161.814667
35.760791,0.016150,5.240425,161.814667
35.764759,0.016150,4.513001,161.814667
35.768717,0.021533,4.500950,163.594009
35.772765,0.021533,7.978087,163.594009
35.776922,0.021533,4.596443,163.594009
35.781028,0.011975,4.468930,160.663345
35.786259,0.011975,14.113432,160.663345
35.790259,0.011975,8.983808,160.663345
35.794615,0.011975,6.198452,170.606674
35.799001,0.013019,7.484644,170.606674
35.806626,0.013019,4.946706,170.606674
35.810911,0.018292,4.799353,168.199326
35.815118,0.018292,4.724676,168.199326
35.824717,0.005658,4.571088,165.792007
35.837566,0.002032,4.341022,166.419998
35.841934,0.002032,8.404655,166.419998
35.845945,0.002032,5.090507,166.419998
35.850141,0.011371,4.382455,167.048004
35.856063,0.011371,6.279820,167.048004
35.860383,0.011371,5.348660,167.048004
35.864421,0.011481,4.446258,163.384674
35.870075,0.011481,5.219676,163.384674
35.876509,0.011481,4.867572,163.384674
35.880706,0.003790,4.460161,165.268661
35.890114,0.003790,4.644209,165.268661
35.894105,0.014502,4.490294,163.594009
35.898288,0.014502,5.281878,163.594009
35.904108,-0.000824,4.599177,162.652008
35.911373,-0.000824,6.661121,162.652008
35.917320,-0.000824,4.921807,162.652008
35.921801,0.015601,4.333007,161.186676
35.925964,0.015601,7.394876,161.186676
35.930163,0.015601,4.778648,161.186676
35.934119,0.015601,4.551281,163.175339
35.938099,0.016919,11.503109,163.175339
35.943365,0.016919,5.151501,163.175339
35.947532,0.016919,4.452075,164.222000
35.953644,0.018347,9.768669,164.222000
35.958018,0.018347,5.289834,164.222000
35.962036,0.013843,4.713124,162.442673
35.968941,0.013843,5.906101,162.442673
35.973638,0.013843,4.492293,162.233337
35.980442,0.000989,9.523998,162.233337
35.985928,0.000989,4.824359,162.233337
35.991120,0.011096,4.336598,161.814667
35.996808,0.011096,6.226065,161.814667
36.000971,0.011096,4.763748,161.814667
36.004984,0.002856,9.497894,165.792007
36.013536,0.002856,4.915647,165.792007
36.017971,0.002856,4.538630,165.582672
36.022065,0.010217,11.219551,165.582672
36.026462,0.010217,5.094558,165.582672
36.031267,0.010217,4.619832,165.582672
36.035582,0.012360,6.967958,164.431335
36.040718,0.012360,6.505939,164.431335
36.045810,0.012360,6.505939,164.431335
36.049741,0.011700,6.505939,162.652008
36.053775,0.011700,5.346370,162.652008
36.061429,0.006262,5.346370,151.976013
36.067515,0.006262,5.346370,151.976013
36.074948,0.014117,5.346370,162.024002
36.080118,0.014117,5.346370,162.024002
36.084664,0.014117,5.346370,162.024002
36.089008,0.014117,5.346370,160.244675
36.093153,0.014172,5.346370,160.244675
36.097084,0.014172,4.707843,165.268661
36.106053,0.001868,8.112589,165.268661
36.110132,0.001868,4.517992,165.268661
36.119521,0.013513,8.018849,162.652008
36.123542,0.013513,4.739109,162.652008
36.130077,0.013513,4.423069,161.186676
36.136796,0.015436,4.194274,161.186676
36.143932,0.015436,4.244967,151.766663
36.149220,0.015051,6.216711,151.766663
36.155755,0.015051,4.558513,151.766663
36.161399,0.016040,13.654472,157.418671
36.167957,0.016040,5.343458,157.418671
36.172478,0.016040,4.534670,163.175339
36.177279,0.015930,9.724367,163.175339
36.182237,0.015930,5.860467,163.175339
36.186255,0.015930,4.952617,164.640671
36.190677,0.005988,9.413215,164.640671
36.195151,0.005988,5.957054,164.640671
36.199161,0.005988,4.725719,161.396011
36.205265,0.010437,10.060603,161.396011
36.210491,0.020160,5.415908,163.803329
36.225845,-0.001428,6.604293,159.407333
36.241218,-0.001428,4.608717,164.222000
36.247449,0.019116,7.583500,164.222000
36.252221,0.019116,4.860406,164.222000
36.256238,0.000879,7.665258,163.175339
36.263531,0.000879,5.002301,163.175339
36.268678,0.000879,4.666713,163.175339
36.273649,0.016534,10.275566,166.001328
36.277989,0.016534,5.348773,166.001328
36.282474,0.016534,4.621596,166.001328
36.286454,0.019501,6.373091,161.814667
36.291727,0.019501,7.341747,161.814667
36.295813,-0.000604,5.831476,162.024002
36.308543,-0.000604,5.390155,162.024002
36.312711,0.015546,4.790277,162.024002
36.321825,0.015546,4.790277,162.024002
36.328977,0.007965,4.604838,162.442673
36.332850,0.007965,5.703733,162.442673
36.337059,0.007965,4.694529,162.442673
36.341220,0.011536,4.450295,166.838669
36.346295,0.011536,5.576417,166.838669
36.351210,0.011536,4.519945,166.838669
36.357106,0.014117,9.300896,159.616669
36.361139,0.014117,11.895224,159.616669
36.365510,0.014117,6.404131,163.594009
36.372414,0.010986,8.076165,163.594009
36.378701,0.010986,4.834823,163.594009
36.383460,0.013239,4.626162,160.663345
36.387627,0.013239,9.139947,160.663345
36.393143,0.013239,4.945153,160.663345
36.397713,0.015491,4.450953,163.384674
36.401797,0.015491,6.630711,163.384674
36.408752,0.015491,4.971752,163.384674
36.413408,0.002747,5.834813,162.861343
36.420641,0.002747,10.228556,162.861343
36.424983,0.002747,10.228556,162.233337
36.429298,0.012195,10.228556,162.233337
36.434002,0.012195,10.228556,162.233337
36.438555,0.012195,5.870264,160.663345
36.442548,0.015491,8.803958,160.663345
36.447519,0.015491,4.895091,160.663345
36.452261,0.016919,4.389699,161.814667
36.458096,0.016919,10.271049,161.814667
36.462015,0.016919,5.205753,161.814667
36.469824,0.007581,9.449195,160.244675
36.473768,0.007581,6.121256,160.244675
36.477881,0.007581,5.250314,162.233337
36.488231,0.008734,11.677057,162.233337
36.493181,0.008734,11.677057,191.644684
36.498213,0.049548,11.677057,191.644684
36.502766,0.049548,8.163528,191.644684
36.507482,0.013843,5.941764,183.899338
36.515223,0.013843,4.217316,183.899338
36.523267,-0.018237,4.217316,181.910675
36.527444,-0.018237,3.205879,181.910675
36.531572,-0.018237,3.767119,181.910675
36.535554,-0.018237,3.743560,181.910675
36.539902,0.007416,4.081480,167.048004
36.544234,0.007416,4.081480,167.048004
36.548601,0.007416,4.081480,167.048004
36.552621,0.010162,4.365740,159.826004
36.557155,0.010162,8.692869,159.826004
36.562767,0.010162,8.692869,159.826004
36.566729,0.013513,4.597604,153.755341
36.570815,0.013513,4.369961,153.755341
36.576838,0.013513,4.180620,153.755341
36.580815,0.011041,4.185964,148.835999
36.584716,0.011041,8.115279,148.835999
36.588705,0.011041,4.620499,148.835999
36.592765,0.011041,4.298038,152.813339
36.596704,0.005878,11.358870,152.813339
36.603186,0.005878,4.625301,152.813339
36.608829,0.016479,6.879775,154.383331
36.612891,0.016479,5.975173,154.383331
36.616859,0.016479,4.703761,154.383331
36.620965,0.013953,5.816905,150.615326
36.632867,0.013953,4.825477,150.615326
36.636805,0.015381,5.682469,150.406006
36.640894,0.015381,5.048085,150.406006
36.646049,0.015381,4.400771,150.406006
36.650404,0.007251,5.317922,146.428680
36.654744,0.007251,6.779970,146.428680
36.662441,0.007251,4.773917,144.544678
36.666780,0.005493,14.091807,144.544678
36.672638,0.005493,4.643925,144.544678
36.676550,0.005493,4.287239,147.370667
36.680799,0.005273,10.632065,147.370667
36.684972,0.005273,4.800455,147.370667
36.689415,0.005273,4.350019,147.370667
36.693415,0.017358,7.639338,146.428680
36.697660,0.017358,4.771017,146.428680
36.702488,0.017358,4.326888,142.346664
36.709532,0.015106,9.291231,142.346664
36.713795,0.015106,4.403721,142.346664
36.717769,0.012799,4.271801,142.765335
36.723877,0.012799,4.488025,142.765335
36.734855,0.008899,4.145356,133.764008
36.738959,0.008899,4.145356,133.764008
36.742892,0.008899,4.145356,133.764008
36.748812,0.011536,4.145356,136.380676
36.753013,0.011536,6.025178,136.380676
36.757891,0.011536,6.025178,132.926666
36.764699,0.008679,6.025178,132.926666
36.768761,0.008679,6.025178,132.926666
36.773186,0.008679,6.025178,132.926666
36.777141,0.015436,6.025178,128.740005
36.781262,0.015436,6.025178,128.740005
36.785790,0.015436,6.025178,123.925331
36.792992,0.014062,6.025178,123.925331
36.797197,0.014062,6.025178,123.925331
36.801405,0.014062,6.025178,123.925331
36.805695,0.021918,6.025178,118.901337
36.810063,0.021918,3.893993,118.901337
36.817188,0.015051,3.743149,116.284668
36.822072,0.015051,3.960908,116.284668
36.832036,0.017194,3.765632,111.260666
36.836649,0.017194,3.577101,111.260666
36.840956,0.017194,3.669569,111.260666
36.845432,0.009558,3.482496,102.887337
36.849496,0.009558,4.666131,102.887337
36.853444,0.009558,3.460267,102.887337
36.857830,0.010876,3.530142,99.119339
36.865224,0.010876,3.324835,99.119339
36.869508,0.010876,3.447959,99.119339
36.875292,0.006317,3.134620,91.897339
36.879263,0.006317,3.008577,91.897339
36.885795,0.006317,2.903694,91.897339
36.889991,-0.000439,2.993448,83.628670
36.895792,-0.000439,2.993448,83.628670
36.899776,-0.000439,3.124924,83.628670
36.903726,0.000494,3.124924,74.208664
36.907891,0.000494,3.124924,74.208664
36.913477,0.000494,3.124924,57.357338
36.918407,-0.004779,3.124924,57.357338
36.924136,-0.004779,3.124924,57.357338
36.928077,-0.002747,3.124924,44.378666
36.935654,-0.002747,2.992831,44.378666
36.939690,-0.002747,2.878107,44.378666
36.945980,-0.004999,2.661077,32.760666
36.952984,-0.004999,2.825877,32.760666
36.958968,0.001428,3.112109,27.527334
36.963037,0.001428,2.838010,27.527334
36.968282,0.001428,3.056488,14.444000
36.974809,-0.000439,2.764670,14.444000
36.980417,-0.000439,3.002465,14.444000
36.984802,-0.000165,2.950529,9.838667
36.991129,-0.000165,2.947932,9.838667
36.995131,-0.000165,2.948583,9.838667
36.999404,-0.012469,2.773496,1.046667
37.003414,-0.012469,2.782348,1.046667
37.008228,-0.012469,2.782348,1.046667
37.012900,-0.004175,2.782348,-1.988667
37.018423,-0.004175,2.782348,-1.988667
37.025868,-0.004175,2.782348,-4.919333
37.030046,-0.004504,2.782348,-4.919333
37.037786,-0.004504,2.782348,-4.919333
37.041880,-0.003351,2.782348,-8.164001
37.046402,-0.003351,2.782348,-8.164001
37.051395,-0.003351,2.782348,-8.164001
37.055818,-0.009668,2.782348,-14.758000
37.060155,-0.009668,2.782348,-14.758000
37.069174,-0.009668,2.782348,-15.595334
37.073178,-0.011810,2.782348,-15.595334
37.080545,-0.011810,2.782348,-15.595334
37.084439,-0.004724,2.903074,-19.782001
37.088896,-0.004724,2.903074,-19.782001
37.092966,-0.004724,2.903074,-19.782001
37.098057,-0.010602,2.903074,-23.445335
37.102052,-0.010602,2.903074,-23.445335
37.106900,-0.010602,2.903074,-23.445335
37.110871,-0.009943,3.706509,-18.212002
37.116715,-0.009943,4.414127,-18.212002
37.121947,-0.009943,3.720263,-18.212002
37.127479,-0.007690,3.720263,-26.794668
37.134025,-0.007690,3.720263,-26.794668
37.140968,-0.009998,3.720263,-34.644669
37.146758,-0.009998,3.372032,-34.644669
37.151814,-0.009998,3.314216,-34.644669
37.155861,-0.011261,6.476644,-44.274002
37.161811,-0.011261,3.023239,-44.274002
37.166246,-0.004834,3.198851,-44.064671
37.172604,-0.004834,3.619519,-44.064671
37.178525,-0.004834,3.301790,-44.064671
37.182707,-0.006866,3.129524,-52.438000
37.186733,-0.006866,4.686333,-52.438000
37.190942,-0.006866,4.087667,-52.438000
37.195251,-0.006866,3.128008,-53.275333
37.199649,-0.009998,4.586504,-53.275333
37.203622,-0.009998,4.586504,-53.275333
37.207588,-0.009998,4.586504,-60.497334
37.213233,-0.009778,4.586504,-60.497334
37.217469,-0.009778,3.647076,-60.497334
37.222184,-0.010822,4.094917,-58.508667
37.232300,-0.010822,3.392994,-63.323338
37.240786,-0.007471,6.413574,-63.323338
37.244874,-0.007471,3.941797,-63.323338
37.250908,-0.006921,3.482148,-66.463333
37.256402,-0.006921,3.370674,-66.463333
37.264034,-0.013953,3.370674,-66.463333
37.270202,-0.013953,3.370674,-66.463333
37.274904,-0.013953,3.370674,-66.463333
37.279395,-0.008734,3.370674,-82.896004
37.284109,-0.008734,3.370674,-82.896004
37.291140,-0.008734,3.370674,-82.896004
37.296264,-0.000824,5.870337,-77.767334
37.301683,-0.000824,5.870337,-77.767334
37.307415,-0.008624,5.870337,-79.337334
37.311515,-0.008624,5.870337,-79.337334
37.317173,-0.008624,5.870337,-79.337334
37.321443,-0.009723,4.681169,-83.314674
37.325427,-0.009723,3.802021,-83.314674
37.331489,-0.009723,3.683555,-83.314674
37.335405,-0.006921,3.683555,-83.942665
37.343208,-0.006921,3.683555,-83.942665
37.347202,-0.006921,3.683555,-83.314674
37.352754,-0.008020,3.683555,-83.314674
37.356718,-0.008020,3.683555,-83.314674
37.360773,-0.008020,3.587778,-87.187340
37.366863,-0.014777,6.421194,-87.187340
37.375323,-0.014777,4.838797,-85.931343
37.380992,-0.034058,4.838797,-85.931343
37.387216,-0.034058,4.838797,-85.931343
37.391487,-0.006921,4.163898,-84.989342
37.396056,-0.006921,4.406949,-84.989342
37.402088,-0.006921,4.406949,-84.989342
37.406517,-0.013843,4.406949,-92.211334
37.410639,-0.013843,4.406949,-92.211334
37.416252,-0.013843,4.406949,-92.211334
37.420636,-0.004889,4.406949,-91.792671
37.424695,-0.004889,4.406949,-91.792671
37.430558,-0.004889,4.406949,-91.792671
37.434535,-0.014117,4.406949,-92.944000
37.438732,-0.014117,11.088430,-92.944000
37.445672,-0.022852,6.027107,-110.423340
37.453306,-0.022852,6.027107,-106.760002
37.467842,-0.011700,6.027107,-105.608665
37.478304,-0.009888,6.027107,-105.608665
37.482296,-0.009888,6.027107,-105.608665
37.486638,-0.009888,6.027107,-106.760002
37.492148,-0.012854,6.027107,-106.760002
37.496997,-0.012854,4.989803,-106.760002
37.501406,-0.012854,4.989803,-109.167336
37.506999,-0.007361,4.989803,-109.167336
37.511943,-0.007361,4.989803,-109.167336
37.516154,-0.004999,3.705300,-111.365341
37.523049,-0.004999,4.887118,-111.365341
37.528433,-0.004999,4.303559,-111.365341
37.532463,-0.009723,3.897779,-113.982010
37.536491,-0.009723,3.897779,-113.982010
37.540437,-0.009723,3.897779,-105.818001
37.548303,-0.005383,3.828110,-105.818001
37.553298,-0.005383,3.828110,-105.818001
37.557990,-0.005383,3.864527,-112.202667
37.563135,-0.010602,7.354382,-112.202667
37.569185,-0.010602,4.224861,-112.202667
37.573842,-0.001593,4.224861,-117.017334
37.578327,-0.001593,10.126781,-117.017334
37.584012,-0.001593,7.040490,-117.017334
37.588218,-0.017688,4.921061,-124.030006
37.592202,-0.017688,6.170890,-124.030006
37.596418,-0.017688,5.178845,-124.030006
37.600480,-0.007196,5.178845,-125.286003
37.604474,-0.007196,5.178845,-125.286003
37.608998,-0.007196,5.178845,-125.286003
37.612847,-0.010767,5.178845,-127.065338
37.618749,-0.010767,5.178845,-127.065338
37.626542,-0.010767,5.178845,-126.856003
37.632502,-0.009943,4.817698,-126.856003
37.639100,-0.009943,4.298919,-126.856003
37.644249,-0.005548,5.048009,-134.496674
37.653630,-0.005548,4.136207,-134.496674
37.657813,-0.007745,10.860363,-133.240677
37.663326,-0.007745,4.229224,-133.240677
37.669804,-0.007745,4.022106,-133.031342
37.673822,-0.012469,10.877556,-133.031342
37.677978,-0.012469,4.244802,-133.031342
37.684473,-0.016150,6.032619,-134.496674
37.690220,-0.016150,4.335255,-134.496674
37.697985,-0.016150,4.021628,-141.509338
37.702097,-0.017358,3.856277,-141.509338
37.711064,-0.010327,3.829074,-134.078003
37.716687,-0.010327,14.496835,-134.078003
37.720663,-0.010327,9.340918,-134.078003
37.724726,-0.010327,9.340918,-140.044006
37.730605,-0.006812,9.340918,-140.044006
37.738710,-0.006812,4.267080,-138.474014
37.744170,-0.007910,4.110640,-138.474014
37.748355,-0.007910,4.110640,-138.474014
37.755674,-0.017963,4.110640,-149.464005
37.760115,-0.017963,4.110640,-149.464005
37.764220,-0.017963,4.110640,-149.464005
37.768140,-0.010107,4.110640,-143.079346
37.774481,-0.010107,4.110640,-143.079346
37.779022,-0.010107,4.110640,-143.079346
37.783375,-0.012415,4.110640,-147.475342
37.788643,-0.012415,4.265019,-147.475342
37.793245,-0.012415,4.205005,-147.475342
37.798172,-0.015820,6.148632,-150.929352
37.803068,-0.015820,6.761508,-150.929352
37.807075,-0.015820,4.797688,-150.929352
37.812096,-0.004504,10.206419,-153.860016
37.816432,-0.004504,5.476007,-153.860016
37.822060,-0.004504,4.741702,-153.860016
37.826092,-0.022083,4.860906,-153.860016
37.830167,-0.022083,4.914658,-153.860016
37.835577,-0.022083,4.319166,-153.860016
37.839974,-0.000769,9.326643,-155.325348
37.844725,-0.000769,12.677671,-155.325348
37.848659,-0.000769,8.431335,-157.942001
37.855798,-0.010822,9.484410,-157.942001
37.860524,-0.010822,4.850669,-157.942001
37.864984,-0.010382,4.431155,-158.674667
37.870438,-0.010382,4.027197,-158.674667
37.874721,-0.010382,4.001300,-158.674667
37.878697,-0.003296,4.077080,-148.522003
37.884794,-0.003296,10.058567,-148.522003
37.890041,-0.003296,4.571033,-148.522003
37.895478,-0.010272,7.131733,-161.919342
37.899834,-0.010272,4.771214,-161.919342
37.908132,-0.005988,12.240704,-161.291336
37.915740,-0.005988,4.616489,-161.291336
37.921912,-0.005988,4.357968,-163.908005
37.926452,-0.010327,7.971880,-163.908005
37.932117,-0.010327,4.820199,-163.908005
37.936125,-0.004559,4.356119,-165.687332
37.942347,-0.004559,5.255494,-165.687332
37.946863,-0.004559,4.600656,-165.687332
37.951494,-0.000549,9.660709,-162.337997
37.959795,-0.000549,4.641880,-162.337997
37.966966,-0.014722,8.425333,-165.164001
37.972782,-0.014722,4.724385,-165.164001
37.976928,-0.009723,4.549775,-162.337997
37.983855,-0.009723,6.081912,-162.337997
37.988224,-0.009723,4.508394,-162.337997
37.994807,-0.020599,9.827250,-165.373337
37.999717,-0.020599,4.988110,-165.373337
38.003704,-0.020599,4.663939,-163.489334
38.009410,-0.002856,10.749634,-163.489334
38.013948,-0.002856,4.796633,-163.489334
38.019587,-0.012030,6.144735,-167.362015
38.025839,-0.012030,7.830418,-167.362015
38.030005,-0.012030,7.830418,-167.362015
38.034913,-0.017688,7.830418,-166.106003
38.040243,-0.017688,10.768059,-166.106003
38.044654,-0.017688,10.768059,-166.106003
38.049440,0.000604,10.768059,-168.304001
38.055098,0.000604,5.068557,-168.304001
38.062099,0.000934,11.790552,-159.093338
38.068990,0.000934,5.038427,-159.093338
38.074924,0.000934,5.038427,-161.919342
38.079280,-0.016370,5.038427,-161.919342
38.083533,-0.016370,4.727963,-161.919342
38.089280,-0.016370,4.727963,-165.373337
38.094583,-0.007965,4.727963,-165.373337
38.098958,-0.007965,4.688808,-165.373337
38.103110,-0.007965,4.602052,-169.769333
38.107173,0.000934,5.088318,-169.769333
38.114871,0.000934,4.648333,-164.535995
38.121138,-0.010547,11.640573,-164.535995
38.125066,-0.010547,5.739617,-164.535995
38.129025,-0.010547,4.457426,-168.931992
38.135132,-0.009778,9.316778,-168.931992
38.139224,-0.009778,5.008059,-168.931992
38.144091,-0.009778,4.462957,-168.931992
38.148053,-0.003186,6.049728,-168.722672
38.152124,-0.003186,4.661570,-168.931992
38.163438,-0.017029,5.408517,-168.931992
38.167462,-0.017029,5.442314,-168.931992
38.173279,-0.017029,4.732328,-167.780685
38.177416,-0.007251,6.746116,-167.780685
38.185326,-0.007251,5.174029,-167.780685
38.189423,-0.011700,4.552670,-170.188004
38.193693,-0.011700,5.242539,-170.188004
38.198876,-0.011700,4.667418,-170.188004
38.202858,-0.007141,4.419677,-166.733994
38.206807,-0.007141,4.934472,-166.733994
38.215020,-0.011261,4.246871,-163.908005
38.221235,-0.011261,7.686610,-163.908005
38.225335,-0.011261,4.709765,-163.908005
38.230537,-0.012634,6.403655,-171.130020
38.236354,-0.012634,5.385448,-171.130020
38.240437,-0.012634,4.567556,-171.130020
38.244474,0.004340,11.275883,-164.745346
38.250874,0.004340,4.615383,-164.745346
38.258595,-0.011920,9.977768,-167.362015
38.267091,-0.011920,4.585816,-167.362015
38.271964,-0.012579,5.912213,-166.106003
38.278227,-0.012579,6.338307,-166.106003
38.282358,-0.012579,5.072077,-166.106003
38.287515,-0.012469,5.109634,-167.780685
38.292358,-0.012469,6.738459,-167.780685
38.297159,-0.012469,5.695230,-167.780685
38.301599,0.002802,5.695230,-168.722672
38.306462,0.002802,5.695230,-168.722672
38.310961,0.002802,5.695230,-168.722672
38.316788,-0.001428,5.695230,-161.500671
38.321245,-0.001428,5.695230,-161.500671
38.329327,-0.009283,5.695230,-161.710007
38.335049,-0.009283,4.716577,-161.710007
38.340789,-0.009283,4.397897,-161.710007
38.344789,0.002087,9.158218,-168.513351
38.350192,0.002087,4.790707,-168.513351
38.354312,0.002087,4.696651,-168.513351
38.359454,-0.010931,10.649089,-165.164001
38.366348,-0.010931,6.167838,-165.896683
38.376498,-0.017743,5.465163,-165.896683
38.380765,-0.017743,4.381735,-165.896683
38.384906,-0.001099,6.371178,-165.896683
38.395842,-0.001099,4.293214,-166.943344
38.402446,-0.013293,7.869328,-166.943344
38.408338,-0.013293,4.994316,-166.943344
38.412319,-0.005383,8.784316,-165.687332
38.422007,-0.005383,4.934290,-165.687332
38.425999,-0.014502,4.512586,-167.571335
38.430576,-0.014502,4.512586,-167.571335
38.436538,-0.014502,4.465993,-164.535995
38.443696,-0.015381,9.242248,-164.535995
38.447648,-0.015381,6.947124,-164.535995
38.451652,-0.015381,4.991781,-167.571335
38.457119,-0.003790,9.263361,-167.571335
38.461219,-0.003790,4.494062,-162.756668
38.471879,-0.014008,7.886208,-162.756668
38.475915,-0.014008,5.098569,-162.756668
38.480052,-0.014008,4.794808,-165.373337
38.486138,-0.006592,4.284276,-165.373337
38.491501,-0.007635,3.990769,-158.151337
38.501252,-0.007635,7.263546,-158.151337
38.505265,-0.007635,4.773255,-158.151337
38.509164,-0.003241,4.452014,-162.128677
38.514761,-0.003241,9.355553,-162.128677
38.519020,-0.003241,4.343911,-162.547333
38.527805,-0.013568,10.025078,-162.547333
38.531738,-0.013568,5.993770,-162.547333
38.536423,-0.013568,4.871142,-162.547333
38.540679,-0.013678,11.184160,-164.535995
38.546550,-0.013678,11.184160,-164.535995
38.550597,-0.014557,11.184160,-165.896683
38.558230,-0.014557,5.609457,-165.896683
38.562220,-0.014557,4.696091,-165.896683
38.566274,-0.007196,9.729157,-164.535995
38.576627,-0.007196,4.656706,-164.535995
38.580536,-0.010712,4.592713,-162.756668
38.584609,-0.010712,10.896170,-162.756668
38.590747,-0.010712,4.613591,-162.756668
38.594870,0.002362,4.413174,-166.315338
38.599145,0.002362,5.839839,-166.315338
38.603709,0.002362,4.434215,-166.315338
38.607792,-0.014117,4.303789,-167.362015
38.613221,-0.014117,6.919174,-167.362015
38.617164,-0.014117,4.531880,-166.315338
38.625130,-0.013019,9.457195,-166.315338
38.629671,-0.013019,4.979487,-166.315338
38.633770,-0.013019,4.455949,-166.943344
38.639797,-0.010437,9.540546,-166.943344
38.646843,-0.010437,4.566942,-166.943344
38.650791,-0.017633,4.471784,-166.733994
38.655068,-0.017633,4.873126,-166.733994
38.661583,-0.017633,4.417278,-166.733994
38.665576,-0.012305,6.586920,-162.337997
38.675468,-0.012305,4.688915,-162.337997
38.680097,-0.012305,4.320682,-162.337997
38.684155,-0.012305,4.313375,-162.337997
38.689983,-0.006976,4.130628,-157.104675
38.697715,-0.006976,5.691026,-157.104675
38.702447,-0.006976,4.631102,-157.104675
38.707068,-0.009998,4.374269,-158.360672
38.711135,-0.009998,6.460904,-158.360672
38.715137,-0.009998,4.514469,-158.360672
38.719096,-0.009998,4.153427,-159.721344
38.724767,-0.005878,6.653452,-159.721344
38.728737,-0.005878,4.639606,-159.721344
38.733079,-0.014337,4.300426,-155.953339
38.738898,-0.014337,4.825112,-155.953339
38.743377,-0.014337,4.825112,-155.953339
38.747501,-0.013733,4.527476,-169.141342
38.753696,-0.013733,3.922169,-169.141342
38.757711,-0.013733,4.125429,-160.558670
38.765840,-0.002142,4.125429,-160.558670
38.770263,-0.002142,4.125429,-151.871338
38.779103,-0.010052,4.125429,-151.871338
38.784144,-0.010052,4.125429,-151.871338
38.788110,-0.010052,4.125429,-151.871338
38.792101,-0.009998,4.125429,-147.266006
38.796142,-0.009998,4.156115,-147.266006
38.800301,-0.009998,4.141270,-147.266006
38.805118,-0.000934,4.124954,-146.324005
38.809613,-0.000934,5.458884,-146.324005
38.813712,-0.000934,4.305974,-146.324005
38.817744,-0.000934,3.967847,-145.905334
38.822386,-0.006921,4.071793,-145.905334
38.831049,-0.006921,3.910749,-145.905334
38.835296,-0.010986,4.094144,-146.114670
38.839855,-0.010986,3.978848,-146.114670
38.845567,-0.010986,3.810165,-141.300003
38.850021,-0.010767,4.307685,-141.300003
38.854012,-0.010767,3.998385,-141.300003
38.858576,-0.010767,3.976293,-141.300003
38.863014,-0.004944,4.057131,-133.450012
38.867430,-0.004944,4.559908,-133.450012
38.871936,-0.004944,3.875757,-130.624008
38.879435,-0.005823,4.573139,-130.624008
38.883526,-0.005823,3.992635,-130.624008
38.887451,0.002747,3.598267,-130.205338
38.894596,0.002747,3.699354,-130.205338
38.900513,0.002747,3.722505,-120.785332
38.907683,-0.007361,4.003271,-120.785332
38.913592,-0.007361,3.815709,-120.785332
38.917524,-0.004999,3.586434,-118.587334
38.922128,-0.004999,3.491158,-115.238007
38.941047,-0.001263,3.460725,-106.236671
38.947297,-0.009448,3.168341,-106.236671
38.952754,-0.009448,3.274143,-106.236671
38.958118,-0.009448,3.086386,-101.631340
38.962219,-0.004999,3.512762,-101.631340
38.967279,-0.004999,3.374185,-101.631340
38.971516,-0.009174,3.261571,-96.607338
38.980795,-0.009174,2.879148,-96.607338
38.985317,-0.009174,3.065868,-86.559334
38.991963,0.002252,3.044834,-86.559334
38.995937,0.002252,3.044834,-86.559334
38.999774,0.001154,3.044834,-78.709335
39.005432,0.001154,3.044834,-78.709335
39.010537,0.001154,3.044834,-78.709335
39.018356,-0.006976,3.044834,-76.092667
39.022587,-0.006976,3.044834,-76.092667
39.026647,-0.006976,2.474304,-64.474670
39.034778,0.002637,2.844981,-64.474670
39.039235,0.002637,2.740973,-64.474670
39.043261,-0.002911,2.601415,-53.694004
39.049349,-0.002911,2.633619,-53.694004
39.054142,-0.002911,2.715402,-53.694004
39.058545,0.006647,2.093828,-43.646000
39.065005,0.006647,2.798557,-43.646000
39.069532,0.006647,2.617760,-43.646000
39.073596,0.005713,2.769820,-31.190668
39.077486,0.005713,2.871055,-31.190668
39.086506,0.002417,2.927678,-24.178001
39.090508,0.002417,2.877021,-24.178001
39.096129,0.002417,2.837982,-24.178001
39.100511,-0.005823,2.919195,-12.978667
39.104491,-0.005823,2.750249,-12.978667
39.108458,-0.005823,2.862141,-12.978667
39.112795,-0.003571,2.996254,-6.594000
39.118068,-0.003571,2.921216,-6.594000
39.122065,-0.003571,2.814626,-6.594000
39.126776,0.000385,2.739456,1.465333
39.132505,0.000385,2.766528,1.465333
39.136519,0.000385,2.766528,1.465333
39.142837,0.000439,2.766528,0.209333
39.147007,0.000439,2.766528,0.209333
39.153685,0.000439,2.766528,0.209333
39.157777,0.002252,2.766528,0.000000
39.162067,0.002252,2.950871,0.000000
39.168025,0.002252,3.005568,0.000000
39.172437,-0.000055,3.008923,0.000000
39.178144,-0.000055,3.002479,0.000000
39.182145,-0.007690,2.814888,0.000000
39.189158,-0.007690,3.014520,0.000000
39.194794,-0.007690,2.848790,0.000000
39.199144,-0.001813,2.940924,0.000000
39.203114,-0.001813,2.800258,0.000000
39.207091,-0.001813,2.880191,0.000000
39.211457,0.000439,2.716024,0.000000
39.215571,0.000439,2.783303,0.000000
39.219807,0.000439,2.790426,0.000000
39.224232,0.002252,2.981601,0.000000
39.230621,0.002252,2.846713,0.000000
39.234757,0.002252,2.942269,0.000000
39.242575,0.004504,2.831992,0.000000
39.246946,0.004504,2.831992,0.000000
39.251243,0.000439,2.831992,0.000000
39.256813,0.000439,2.831992,0.000000
39.261584,0.000439,3.061699,0.000000
39.266571,0.000439,2.800853,0.000000
39.271373,-0.001813,2.793227,0.000000
39.276142,-0.001813,2.763903,0.000000
39.280708,0.002252,2.807475,0.000000
39.290023,0.002252,2.910117,0.000000
39.294466,0.002252,2.822129,0.000000
39.298629,-0.001813,2.742535,0.000000
39.302652,-0.001813,2.818583,0.000000
39.306681,-0.001813,2.984311,0.000000
39.312256,0.000439,2.849007,0.000000
39.316212,0.000439,2.809350,0.000000
39.320078,0.000439,2.793984,0.000000
39.324125,-0.001813,2.901131,0.000000
39.328497,-0.001813,2.875241,0.000000
39.334512,-0.001813,2.803805,0.000000
39.338789,0.011371,2.793188,0.000000
39.342830,0.011371,2.828168,0.000000
39.348605,0.011371,2.910860,0.000000
39.352760,-0.003625,2.989779,0.000000
39.357231,-0.003625,2.920611,0.000000
39.361260,-0.003625,2.989688,0.000000
39.365827,0.000439,2.840600,0.000000
39.372601,0.000439,2.886734,0.000000
39.378473,0.000439,2.905358,0.000000
39.384120,0.000439,2.798485,0.000000
39.388896,0.000439,2.793155,0.000000
39.392879,-0.001813,2.814130,0.000000
39.402505,-0.001813,2.830755,0.000000
39.406699,-0.001813,2.881197,0.000000
39.410727,0.002197,2.891524,0.000000
39.416097,0.002197,2.794571,0.000000
39.422002,0.004449,2.981211,0.000000
39.426096,0.004449,3.082269,0.000000
39.432508,0.004449,2.771033,0.000000
39.436608,0.002197,2.891864,0.000000
39.441445,0.002197,2.862533,0.000000
39.447367,0.002197,2.622858,0.000000
39.451361,-0.000110,2.692714,0.000000
39.455615,-0.000110,2.897347,0.000000
39.461357,-0.000110,3.071429,0.000000
39.465340,0.002197,2.828029,0.000000
39.471897,0.002197,2.828029,0.000000
39.476001,0.000439,2.925914,0.000000
39.482034,0.000439,2.925914,0.000000
39.486117,0.000439,2.859757,0.000000
39.493736,-0.005823,2.859757,0.000000
39.498031,-0.005823,2.859757,0.000000
39.502097,-0.005823,2.859757,0.000000
39.507803,0.002197,2.859757,0.000000
39.511910,0.002197,2.859757,0.000000
39.516156,0.002197,2.859757,0.000000
39.521865,-0.001868,2.859757,0.000000
39.525894,-0.001868,2.967296,0.000000
39.534834,0.004449,2.943378,0.000000
39.540465,0.004449,2.949249,0.000000
39.544758,0.004449,2.929106,0.000000
39.550018,0.000439,2.974594,0.000000
39.554034,0.000439,2.780648,0.000000
39.558108,0.000439,2.964962,0.000000
39.562543,-0.001868,3.009090,0.000000
39.566784,-0.001868,2.788723,0.000000
39.570790,-0.001868,2.791780,0.000000
39.575624,0.006976,2.791573,0.418667
39.581216,0.006976,2.996998,0.418667
39.586804,0.006976,2.950087,0.418667
39.590769,0.003351,2.849226,1.256000
39.599651,0.003351,2.974203,1.256000
39.603783,0.010657,2.965806,6.280000
39.608018,0.010657,3.383313,6.280000
39.612015,0.010657,3.243889,6.280000
39.615854,0.010657,2.993486,15.909334
39.619810,0.008459,6.394530,15.909334
39.623878,0.008459,4.903821,15.909334
39.627840,0.008459,3.171467,32.132668
39.635086,0.012579,5.658033,32.132668
39.639279,0.012579,3.131677,32.132668
39.643742,0.010217,5.599448,46.158001
39.650240,0.010217,4.724122,46.158001
39.655900,0.010217,3.757661,46.158001
39.660038,0.007526,3.382415,48.356003
39.664448,0.007526,7.361677,48.356003
39.670287,0.007526,4.457169,48.356003
39.674773,0.016754,15.421771,65.416672
39.681893,0.016754,5.066472,65.416672
39.686170,0.016754,3.708918,85.198677
39.691176,0.016534,7.453257,85.198677
39.699187,0.016534,5.702878,97.444672
39.703158,0.014612,3.910735,97.444672
39.707106,0.014612,3.910735,97.444672
39.711140,0.014612,3.910735,97.444672
39.715160,0.014612,3.816167,92.630005
39.719135,0.009723,3.816167,92.630005
39.723260,0.009723,4.091655,92.630005
39.731140,0.019336,32.820686,123.088005
39.735149,0.019336,7.489955,123.088005
39.739159,0.019336,4.679785,123.088005
39.745147,0.021808,17.541380,130.938004
39.749709,0.021808,7.476437,130.938004
39.753951,0.021808,4.915592,155.220673
39.759518,0.025598,15.710503,155.220673
39.763732,0.025598,5.346228,155.220673
39.767812,0.025598,4.473141,155.220673
39.773378,0.010876,16.053673,152.813339
39.778801,0.010876,5.597683,152.813339
39.782770,0.017194,6.256129,160.244675
39.790502,0.017194,5.394910,160.244675
39.795710,0.017194,4.487265,160.244675
39.803220,0.012634,7.903383,160.244675
39.807956,0.012634,4.591524,160.244675
39.812107,0.012634,4.415672,160.454010
39.816572,-0.000220,5.166102,161.605331
39.835936,0.017963,4.723964,161.605331
39.839906,0.017963,4.723964,160.977341
39.843998,0.010107,4.723964,160.977341
39.847896,0.010107,4.723964,160.977341
39.854748,0.010107,4.723964,162.652008
39.858839,0.010437,4.723964,162.652008
39.863177,0.010437,4.747433,162.652008
39.867234,0.010437,4.575992,156.581329
39.871468,0.002527,8.866405,156.581329
39.875850,0.002527,4.870050,156.581329
39.880336,0.002527,4.308476,154.592682
39.888986,0.010492,4.959348,154.592682
39.893145,0.010492,4.437784,152.813339
39.902612,0.004779,3.577134,152.813339
39.909504,0.004779,3.742833,152.813339
39.913483,0.009998,3.261708,144.544678
39.917498,0.009998,3.140863,144.544678
39.923368,0.009998,3.576416,130.100662
39.927639,0.006372,2.046977,130.100662
39.931959,0.006372,3.018272,118.692001
39.942642,0.007635,3.022336,118.692001
39.948161,0.007635,3.022336,118.692001
39.952137,0.007635,3.022336,103.933998
39.956247,-0.002472,3.022336,103.933998
39.960211,-0.002472,3.022336,103.933998
39.964579,-0.002472,2.907968,103.933998
39.968536,0.001263,2.864246,78.604668
39.973034,0.001263,3.058440,78.604668
39.977005,0.001263,3.228488,75.778671
39.983614,0.009503,2.629705,75.778671
39.990886,0.009503,2.629705,75.778671
39.995040,-0.000275,2.710453,49.926003
40.000610,-0.000275,2.844603,49.926003
40.008604,-0.004724,2.817902,26.062002
40.014156,-0.004724,2.794069,26.062002
40.018159,-0.004724,2.617479,26.062002
40.022139,-0.002527,2.903896,15.909334
40.027521,-0.002527,3.125112,15.909334
40.031540,-0.002527,2.992878,15.909334
40.035496,-0.003461,3.008780,3.872667
40.041722,-0.003461,2.805349,3.872667
40.045805,-0.003461,2.923084,3.872667
40.049875,-0.003461,2.758030,3.872667
40.053804,-0.001099,2.818352,-1.988667
40.058132,-0.001099,2.803349,-1.988667
40.066751,-0.009723,2.770655,-8.373334
40.071698,-0.009723,2.806553,-8.373334
40.075847,-0.009119,2.879507,-4.186667
40.084353,-0.009119,2.978583,-4.186667
40.093758,-0.011096,2.952229,1.465333
40.098833,-0.011096,2.983047,1.465333
40.104533,-0.011096,3.019356,1.465333
40.108527,-0.002911,2.879997,0.000000
40.112572,-0.002911,2.704354,0.000000
40.120345,-0.006976,2.802109,-0.314000
40.125352,-0.006976,2.793041,-0.314000
40.130073,-0.006976,3.024915,-0.314000
40.134170,0.000989,2.923407,1.465333
40.141312,0.000989,2.838601,1.465333
40.146235,0.000989,2.969712,-0.314000
40.153640,0.000989,3.045153,-0.314000
40.159190,0.000989,2.967910,-0.314000
40.163795,0.002252,2.804344,0.000000
40.168166,0.002252,2.791668,0.000000
40.173867,0.002252,2.792159,0.000000
40.178642,0.007690,2.675920,0.000000
40.183232,0.007690,2.675920,0.000000
40.188790,0.007690,2.675920,0.000000
40.193679,-0.001593,2.675920,0.000000
40.201889,-0.001593,2.835590,0.000000
40.209257,0.000989,3.029857,0.000000
40.214021,0.000989,2.821032,0.000000
40.218901,0.000989,2.807316,0.000000
40.222981,-0.004120,2.912829,0.000000
40.227186,-0.004120,2.997357,0.000000
40.231194,0.000989,2.997357,0.000000
40.237015,0.000989,2.997357,0.000000
40.241040,0.000989,2.997357,0.000000
40.245484,0.000989,2.997357,0.000000
40.251583,-0.001593,2.997357,0.000000
40.255573,-0.001593,2.997357,0.000000
40.259647,0.002252,2.997357,0.000000
40.265489,0.002252,2.997357,0.000000
40.269364,0.002252,2.997357,0.000000
40.273646,0.002252,2.997357,0.000000
40.279246,-0.002856,2.997357,0.000000
40.283720,-0.002856,2.895478,0.000000
40.287790,-0.000275,2.926158,0.000000
40.293940,-0.000275,2.855468,0.000000
40.299773,-0.000275,2.810054,0.000000
40.303937,-0.002856,2.958374,0.000000
40.311938,-0.002856,2.960268,0.000000
40.319462,-0.006866,3.001858,0.000000
40.324800,-0.006866,2.848904,0.000000
40.328739,-0.006866,2.852956,0.000000
40.332934,0.002252,2.809760,0.000000
40.337115,0.002252,2.858877,0.000000
40.343228,0.002252,2.801459,0.000000
40.347581,-0.002856,3.068054,0.000000
40.351632,-0.002856,2.857477,0.000000
40.357913,-0.002856,2.825538,0.000000
40.361890,-0.000165,2.975534,0.209333
40.366119,-0.000165,2.902117,0.209333
40.371512,-0.000165,2.847858,0.000000
40.375468,0.000989,2.973682,0.000000
40.379877,0.000989,2.953721,0.000000
40.384012,0.000989,2.990060,0.000000
40.389685,0.000989,3.194032,0.000000
40.393680,0.000989,2.724704,0.000000
40.398138,0.000989,2.934644,0.209333
40.403776,0.000989,2.955105,0.209333
40.409839,0.000989,2.989453,0.209333
40.416831,-0.002637,2.890326,1.674667
40.420877,-0.002637,2.862391,1.674667
40.427522,-0.002637,2.767174,2.826000
40.431839,0.000824,3.139448,2.826000
40.435822,0.000824,3.004051,2.826000
40.442186,0.000824,2.937258,-2.512000
40.447468,0.007855,3.654539,-2.512000
40.453151,0.007855,3.009067,-2.512000
40.458943,0.008569,3.194664,7.222000
40.468106,0.008569,2.958827,7.222000
40.473886,0.013568,9.267629,15.281333
40.479192,0.013568,2.998583,15.281333
40.486848,0.008459,10.644361,25.747999
40.493648,0.008459,5.103040,25.747999
40.497733,0.008899,3.718060,41.762001
40.503476,0.008899,11.245113,41.762001
40.508250,0.008899,3.752853,41.762001
40.518014,0.009009,13.897678,63.637337
40.521949,0.009009,13.897678,63.637337
40.525890,0.009009,13.897678,76.406670
40.531113,0.003296,13.897678,76.406670
40.535035,0.003296,8.925089,76.406670
40.539043,0.003296,4.429761,92.839340
40.544461,0.007965,4.429761,92.839340
40.548883,0.007965,4.429761,92.839340
40.555975,0.011041,4.429761,107.702003
40.560243,0.011041,4.429761,107.702003
40.564189,0.011041,4.429761,107.702003
40.568198,0.011041,4.539881,121.727333
40.572333,0.021808,23.806973,121.727333
40.578642,0.021808,4.581884,121.727333
40.582844,0.021808,4.350861,137.950668
40.590048,0.014996,3.977545,137.950668
40.595474,0.014996,3.840818,126.123337
40.599662,0.010492,21.828129,126.123337
40.603684,0.010492,8.883457,126.123337
40.609375,0.010492,4.507716,151.347992
40.614276,0.017194,7.161479,151.347992
40.621485,0.017194,4.789699,151.347992
40.625483,0.010547,4.569625,149.778015
40.629491,0.010547,10.450829,149.778015
40.633603,0.010547,5.082683,149.778015
40.642165,0.023511,5.082683,154.802002
40.646462,0.023511,5.082683,154.802002
40.650290,0.023511,5.082683,160.244675
40.655770,0.020160,5.082683,160.244675
40.659961,0.020160,5.082683,160.244675
40.666706,0.020160,4.583796,161.186676
40.670661,0.006647,4.158536,161.186676
40.677459,0.006647,4.182592,161.186676
40.682364,0.005328,11.093999,150.615326
40.687012,0.005328,11.093999,150.615326
40.692620,0.005328,11.093999,150.615326
40.697046,0.013513,11.093999,155.639343
40.702114,0.013513,7.869999,155.639343
40.707969,0.013513,5.397400,159.616669
40.712384,0.010382,8.308712,159.616669
40.717675,0.010382,4.937294,159.616669
40.725242,0.008185,5.595098,160.244675
40.729374,0.008185,8.071924,160.244675
40.733635,0.008185,5.390181,163.803329
40.739550,0.012415,10.222335,163.803329
40.744031,0.012415,7.319918,163.803329
40.748305,0.012415,4.442560,163.803329
40.753959,0.010327,4.592777,160.663345
40.760067,0.010327,4.249609,160.663345
40.764706,0.003790,4.189488,150.406006
40.770723,0.003790,12.296036,150.406006
40.775172,0.003790,5.140540,150.406006
40.779536,0.002856,4.294783,157.418671
40.783796,0.002856,8.615040,157.418671
40.787858,0.002856,4.895565,157.418671
40.791915,-0.002197,4.593692,158.570007
40.797551,-0.002197,6.923946,158.570007
40.802160,-0.002197,4.455242,161.396011
40.811314,0.016205,11.984254,161.396011
40.815266,0.016205,5.352722,161.396011
40.820489,0.018732,7.483920,159.616669
40.827727,0.018732,5.032303,159.616669
40.834398,0.018732,4.396826,160.035339
40.838503,0.014172,4.354206,160.035339
40.844129,0.014172,4.323076,160.035339
40.848557,0.004230,4.113697,146.010010
40.852619,0.004230,14.587387,146.010010
40.858118,0.004230,4.873081,146.010010
40.862021,0.004230,4.475037,146.010010
40.866022,0.003845,11.993954,158.570007
40.870476,0.003845,8.434027,158.570007
40.875683,0.004504,8.434027,162.024002
40.881222,0.004504,8.434027,162.024002
40.885500,0.004504,8.434027,162.024002
40.893478,0.011206,8.434027,162.442673
40.898032,0.011206,8.434027,162.442673
40.903019,0.019611,4.977928,162.024002
40.909270,0.019611,6.691078,162.024002
40.915248,0.019611,6.691078,162.024002
40.920358,0.004230,20.010542,157.418671
40.930644,0.004230,20.010542,157.418671
40.935039,0.020435,20.010542,183.690002
40.942177,0.020435,20.010542,183.690002
40.947271,0.010712,20.010542,168.199326
40.953373,0.010712,20.010542,168.199326
40.960674,0.005658,20.010542,167.676010
40.966231,0.005658,20.010542,167.676010
40.974257,0.005658,20.010542,167.048004
40.978497,0.012854,20.010542,167.048004
40.983304,0.012854,20.010542,167.048004
40.989031,0.011261,20.010542,165.792007
40.996004,0.011261,20.010542,165.792007
41.000302,0.011261,20.010542,161.605331
41.006959,0.013348,7.380817,161.605331
41.012106,0.013348,4.617239,161.605331
41.016128,0.017798,4.154914,163.175339
41.022851,0.017798,4.294094,163.175339
41.030621,0.013129,4.182718,149.568665
41.036476,0.013129,7.571947,149.568665
41.041629,0.013129,4.450686,159.616669
41.048920,0.019226,7.192431,159.616669
41.054661,0.019226,4.540420,159.616669
41.060141,0.015546,6.928363,158.046677
41.065973,0.015546,5.410346,158.046677
41.071819,0.014447,9.408843,165.268661
41.081168,0.014447,5.245855,165.268661
41.086942,0.016150,4.682714,160.244675
41.092139,0.016150,11.265678,160.244675
41.099311,0.016150,11.265678,160.244675
41.104593,0.004504,11.265678,160.244675
41.111786,0.004504,8.306589,175.212006
41.119102,0.021643,8.306589,175.212006
41.125198,0.021643,4.735318,171.025345
41.132855,0.011700,5.685601,171.025345
41.137540,0.011700,4.813144,171.025345
41.145000,0.006976,11.612918,164.640671
41.149836,0.006976,5.213114,164.640671
41.154656,0.006976,4.355400,171.234665
41.160483,0.007635,7.662981,171.234665
41.166196,0.007635,4.414621,171.234665
41.170217,0.007635,4.621078,162.861343
41.174249,0.011920,10.984749,162.861343
41.178294,0.011920,4.971777,162.861343
41.184594,0.017303,8.877058,165.792007
41.193871,0.017303,5.206920,165.792007
41.197917,0.017303,4.695960,165.792007
41.202154,0.010437,4.441380,162.442673
41.206069,0.010437,4.441380,162.442673
41.211540,0.010437,4.441380,163.175339
41.215856,0.004449,4.441380,163.175339
41.221164,0.004449,4.441380,163.175339
41.225116,0.004449,4.441380,163.175339
41.229161,0.008020,4.441380,160.977341
41.236343,0.008020,4.441380,160.977341
41.240804,0.014008,4.441380,158.256012
41.246537,0.014008,4.441380,158.256012
41.251014,0.014008,4.441380,158.256012
41.255066,0.010327,4.441380,160.977341
41.264896,0.010327,4.441380,160.977341
41.270826,0.019940,4.441380,162.024002
41.275137,0.019940,4.543690,162.024002
41.279206,0.019940,4.623423,162.024002
41.283216,0.015271,4.483119,160.977341
41.288563,0.015271,6.860291,160.977341
41.292982,0.015271,5.755146,160.977341
41.298858,0.016425,5.921684,164.850006
41.303148,0.016425,5.648073,164.850006
41.309160,0.016425,4.841393,164.850006
41.313874,0.004724,5.111112,162.233337
41.317911,0.004724,7.720653,162.233337
41.321950,0.004724,5.185213,162.233337
41.326266,0.014722,4.958653,162.442673
41.330384,0.014722,7.115022,162.442673
41.338040,0.014722,4.578800,159.197998
41.343277,0.020490,4.690325,159.197998
41.348806,0.020490,4.690325,159.197998
41.352997,0.000110,4.690325,165.268661
41.357240,0.000110,4.690325,165.268661
41.362855,0.000110,4.438562,165.268661
41.367040,0.000110,4.248390,161.186676
41.371518,0.021368,4.477831,161.186676
41.375686,0.021368,4.116465,161.186676
41.379630,0.021368,3.944783,151.976013
41.383709,0.006812,4.064891,151.976013
41.387692,0.006812,4.064891,151.976013
41.391662,0.006812,4.064891,151.976013
41.397126,0.000934,4.214473,158.046677
41.401153,0.000934,8.424893,158.046677
41.405490,0.000934,5.651848,159.826004
41.411754,0.000989,13.100205,159.826004
41.415908,0.000989,5.193657,159.826004
41.421379,0.000989,4.572644,163.803329
41.426322,0.018787,9.511431,163.803329
41.433196,0.018787,4.729363,163.175339
41.440914,0.009064,10.120590,163.175339
41.446504,0.009064,5.391949,163.175339
41.450817,0.009064,4.788474,161.605331
41.454781,0.000165,4.788474,161.605331
41.460684,0.000165,13.288837,161.605331
41.464685,0.041034,13.288837,188.714020
41.471517,0.041034,13.288837,188.714020
41.475765,0.041034,13.288837,188.714020
41.480709,0.016974,13.288837,167.990005
41.484794,0.016974,13.288837,167.990005
41.490063,0.016974,13.288837,168.408676
41.496048,0.003296,3.737352,168.408676
41.500273,0.003296,3.844926,168.408676
41.504557,0.003296,3.899563,162.024002
41.510506,0.009558,2.079791,162.024002
41.514812,0.009558,2.900695,162.024002
41.519271,0.005658,3.557840,146.428680
41.525139,0.005658,2.258915,146.428680
41.529351,0.005658,2.890729,146.428680
41.533745,0.003845,7629.623535,135.543335
41.542614,0.003845,1909.732422,135.543335
41.546578,0.003845,62.696014,119.320000
41.552887,0.004285,3819.699219,119.320000
41.558222,0.004285,122.478355,119.320000
41.562287,0.004285,10.692884,106.446007
41.567171,-0.000385,11443.107422,106.446007
41.571179,-0.000385,360.397522,106.446007
41.575767,-0.000385,47.522266,88.024666
41.580102,-0.004614,7641.553223,88.024666
41.584367,-0.004614,957.609192,88.024666
41.588526,-0.004614,480.317810,88.024666
41.592509,-0.000769,241.554504,81.221336
41.596524,-0.000769,16.901257,81.221336
41.602254,-0.000769,16.901257,81.221336
41.606346,-0.003516,16.901257,54.740669
41.610272,-0.003516,9.846229,54.740669
41.615891,-0.003516,6.319914,54.740669
41.619779,-0.006976,3.790978,39.982666
41.623722,-0.006976,2.751945,39.982666
41.627698,-0.006976,2.790846,39.982666
41.633168,-0.000824,2.792356,29.097334
41.637152,-0.000824,2.733122,29.097334
41.644816,-0.000824,2.785740,12.455334
41.651322,-0.003406,2.937192,12.455334
41.658284,-0.003406,2.956724,12.036667
41.663896,-0.006207,2.956724,12.036667
41.668116,-0.006207,2.956724,12.036667
41.673511,-0.006207,2.956724,12.036667
41.677881,-0.006866,2.956724,7.640666
41.681821,-0.006866,2.956724,7.640666
41.686422,-0.006866,2.950781,7.640666
41.690515,0.001923,2.831695,3.244667
41.694780,0.001923,2.811448,3.244667
41.700754,0.001923,2.811448,3.244667
41.704925,0.006647,2.917624,-2.512000
41.709216,0.006647,2.854412,-2.512000
41.714830,0.000879,3.041603,-1.570000
41.721146,0.000879,2.822450,-1.570000
41.725356,0.000879,2.778778,-1.570000
41.730575,0.000879,2.877197,0.418667
41.734778,0.004614,2.951798,0.418667
41.738787,0.004614,3.020112,-0.523333
41.747617,0.004230,2.883669,-0.523333
41.751831,0.004230,2.794990,-0.523333
41.757333,0.004230,2.980587,0.209333
41.763159,0.004175,2.875724,0.209333
41.767580,0.004175,2.982829,0.209333
41.771801,-0.002362,2.797563,-0.314000
41.777651,-0.002362,2.907695,-0.314000
41.781685,-0.002362,2.943856,-0.314000
41.786568,0.000879,2.868896,0.000000
41.791840,0.000879,2.810756,0.000000
41.795839,0.000879,3.143347,0.000000
41.800162,0.001208,2.915946,0.000000
41.806090,0.001208,2.915946,0.000000
41.810131,0.001208,2.824186,0.000000
41.815048,0.001208,2.799447,0.000000
41.819196,-0.002362,2.795323,0.000000
41.823197,-0.002362,2.850381,0.000000
41.827579,-0.002362,2.824724,0.000000
41.831697,0.000879,2.684224,0.000000
41.837848,0.000879,2.904907,0.000000
41.841930,0.000879,2.805413,0.000000
41.849888,0.004559,2.766729,0.000000
41.856630,-0.002362,3.036681,0.000000
41.866570,-0.002362,2.957211,0.000000
41.870633,-0.002362,2.812551,0.000000
41.875084,0.000879,2.997684,0.000000
41.879079,0.000879,2.964780,0.000000
41.883283,0.000879,2.843173,0.000000
41.887495,0.004230,2.897411,0.000000
41.891609,0.004230,2.813588,0.000000
41.895651,0.004230,2.910298,0.000000
41.901142,0.001208,2.941572,0.000000
41.905239,0.001208,3.019148,0.000000
41.909752,0.001208,3.054293,0.000000
41.915499,-0.002362,3.054293,0.000000
41.919494,-0.002362,3.054293,0.000000
41.925503,-0.002362,3.054293,0.000000
41.930783,0.000879,3.054293,0.000000
41.935904,0.000879,3.054293,0.000000
41.939921,0.000879,3.054293,0.000000
41.943833,0.000604,3.054293,0.000000
41.950995,0.000604,3.054293,0.000000
41.954963,0.000604,3.054293,0.000000
41.958945,-0.002362,3.054293,0.000000
41.965054,-0.002362,3.054293,0.000000
41.969399,0.000879,3.054293,0.000000
41.973708,0.000879,2.856973,0.000000
41.977797,0.000879,2.916322,0.000000
41.982324,0.000879,2.836240,0.000000
41.986525,0.000879,2.983707,0.000000
41.991662,0.000879,2.920432,0.000000
41.995632,0.001208,2.802288,0.000000
42.002836,0.001208,2.981643,0.000000
42.006930,0.001208,3.052402,0.000000
42.013369,0.000879,2.829513,0.000000
42.017364,0.000879,2.750282,0.000000
42.021865,0.000879,2.832855,0.000000
42.027495,0.011700,2.854660,0.000000
42.031993,0.011700,3.010449,0.000000
42.038961,0.000604,2.856935,0.000000
42.045332,0.000604,2.839246,0.000000
42.049347,0.000604,2.881428,0.000000
42.055251,0.000879,2.837844,0.000000
42.059497,0.000879,2.955653,0.000000
42.063400,0.000879,3.103907,0.000000
42.067582,0.000549,2.972249,0.000000
42.072491,0.000549,2.744915,0.000000
42.076873,0.000549,2.962757,0.000000
42.080957,0.000879,2.818122,0.000000
42.084942,0.000879,2.967333,0.000000
42.089201,0.000879,2.963885,0.000000
42.093840,0.000879,2.900011,0.000000
42.097803,0.000879,2.914901,0.000000
42.101801,0.000879,2.833015,0.000000
42.107610,0.000879,2.882888,0.000000
42.111926,-0.001978,2.784193,0.000000
42.118140,-0.001978,3.025341,0.000000
42.122310,-0.001978,2.936768,-0.314000
42.126348,-0.002362,2.815598,-0.314000
42.130385,-0.002362,3.112550,-0.314000
42.134413,-0.002362,2.840834,-0.314000
42.138396,-0.002032,3.011175,0.000000
42.143714,-0.002032,2.848561,0.000000
42.147642,-0.002032,2.974120,0.000000
42.155247,-0.002362,2.735738,0.000000
42.159581,-0.002362,3.006284,0.000000
42.163661,-0.002362,2.864064,0.000000
42.170542,-0.002362,2.756945,0.000000
42.177995,-0.002362,2.836440,0.000000
42.182110,0.001208,2.837640,0.000000
42.190236,0.001208,2.737430,0.000000
42.194264,0.000604,2.875539,0.000000
42.198250,0.000604,2.976455,0.000000
42.203848,0.000604,3.019182,0.000000
42.207834,0.000604,2.936298,0.000000
42.211756,0.000604,2.827935,0.000000
42.217912,0.000604,2.970242,0.000000
42.221959,0.000604,2.880721,0.000000
42.226050,0.000604,2.813580,0.000000
42.230093,0.000604,2.921290,0.000000
42.234243,0.000604,2.924061,0.000000
42.238709,0.000879,3.059815,0.000000
42.243154,0.000879,3.034754,0.000000
42.247129,0.000879,3.018249,0.000000
42.252495,0.000604,2.890560,0.000000
42.259817,0.000604,2.978070,0.000000
42.265704,0.000879,2.980123,0.000000
42.270093,0.000879,2.928786,0.000000
42.275839,0.000879,2.721173,0.000000
42.282229,0.000879,2.872487,0.000000
42.286191,0.000879,2.872487,0.000000
42.290496,0.012030,2.872487,0.000000
42.296011,0.012030,2.831843,0.000000
42.299991,0.012030,2.983378,0.000000
42.304069,0.000879,2.951149,0.000000
42.309833,0.000879,3.022992,0.000000
42.314090,0.000879,2.908424,0.000000
42.318313,0.000879,2.902464,0.000000
42.323304,-0.002637,2.872854,0.000000
42.327223,-0.002637,3.000628,0.000000
42.331170,-0.002637,2.991828,0.000000
42.335274,0.000879,2.760289,0.000000
42.339361,0.000879,2.759786,0.000000
42.343802,0.000879,2.841496,0.000000
42.348636,-0.002362,2.920074,0.000000
42.352535,-0.002362,2.954214,0.000000
42.361498,-0.002362,2.832553,0.000000
42.367522,-0.002362,2.912969,0.000000
42.373200,-0.002362,2.953321,0.000000
42.377175,0.000604,3.021345,0.000000
42.381500,0.000604,2.858571,0.000000
42.386540,0.000604,3.035021,0.000000
42.391207,-0.002362,2.952414,0.000000
42.395160,-0.002362,2.917526,0.000000
42.399237,-0.002362,2.712670,0.000000
42.404872,0.000879,2.854090,0.000000
42.409085,0.000879,3.055265,0.000000
42.413117,0.000879,2.970883,0.000000
42.417121,0.001208,3.023014,0.000000
42.423143,0.001208,2.908185,0.000000
42.429836,0.001208,2.953423,0.000000
42.433792,0.000604,2.963938,0.000000
42.438085,0.000604,2.884833,0.000000
42.444561,0.000604,2.913502,0.000000
42.449504,0.000604,2.739920,0.000000
42.455256,0.000604,2.978932,0.000000
42.462432,0.000879,2.902349,0.000000
42.469277,0.000879,2.818987,0.000000
42.473327,-0.002362,2.853473,0.000000
42.477627,-0.002362,2.984242,0.000000
42.483591,-0.002362,3.019505,0.000000
42.487750,-0.002362,2.806669,0.000000
42.492927,-0.002362,3.070458,0.000000
42.496981,-0.002362,3.014313,0.000000
42.504896,-0.002362,2.921595,0.000000
42.508862,-0.002362,2.954174,0.000000
42.512953,-0.002362,2.990287,0.000000
42.518862,-0.002032,2.990287,0.000000
42.523550,-0.002032,2.959172,0.000000
42.528218,0.000879,2.854949,0.000000
42.533827,0.000879,2.913184,0.000000
42.537725,0.000879,3.005887,0.000000
42.541857,0.000879,2.908068,0.000000
42.547237,0.003900,3.003579,0.000000
42.551229,0.003900,2.993797,0.000000
42.555204,0.001208,2.733281,0.000000
42.564544,0.001208,2.940229,0.000000
42.568627,0.001208,2.844727,0.000000
42.573073,0.001318,2.898645,0.000000
42.577139,0.001318,2.796358,0.000000
42.581861,0.001318,2.966595,0.000000
42.586318,0.004010,3.029506,0.418667
42.590883,0.004010,2.944089,0.418667
42.598541,0.004010,2.816031,-0.942000
42.602769,0.007745,3.049608,-0.942000
42.608790,0.007745,2.967588,-0.942000
42.613273,0.007031,2.848518,3.244667
42.617573,0.007031,3.968529,3.244667
42.623282,0.007031,3.968529,3.244667
42.627275,0.007031,3.968529,8.059334
42.631261,0.003076,3.968529,8.059334
42.635531,0.003076,3.968529,8.059334
42.639979,0.003076,3.968529,10.885333
42.643941,0.009668,3.968529,10.885333
42.647976,0.009668,3.968529,10.885333
42.652896,0.009668,3.497465,13.292666
42.659979,0.006812,3.955408,13.292666
42.667027,0.006262,2.869817,17.898001
42.673298,0.006262,3.159500,17.898001
42.679379,0.006262,3.047494,17.898001
42.684266,0.009064,2.914623,24.282667
42.688838,0.009064,3.325610,24.282667
42.697386,0.009064,4.137951,34.330669
42.703082,0.009064,3.686031,34.330669
42.708796,0.009064,3.190658,34.330669
42.713803,0.007471,3.298114,40.715336
42.717986,0.007471,3.621563,40.715336
42.723553,0.007471,3.099170,48.146667
42.728304,0.009943,7.745090,48.146667
42.732509,0.009943,3.609537,48.146667
42.736506,0.009943,3.366821,48.146667
42.740507,0.015546,3.262951,59.346001
42.745021,0.015546,4.454701,59.346001
42.749970,0.015546,3.279397,64.998001
42.757038,0.013458,7.674225,64.998001
42.761642,0.013458,4.112851,64.998001
42.765800,0.005988,3.475702,74.417999
42.772906,0.005988,6.356550,74.417999
42.777170,0.005988,4.108068,74.417999
42.782864,0.011316,16.790583,89.280670
42.786828,0.011316,5.434161,89.280670
42.790976,0.011316,4.176898,89.280670
42.797095,0.013843,7.755353,98.282005
42.801593,0.013843,7.520234,98.282005
42.805892,0.013843,4.247715,109.481339
42.811532,0.010492,17.534607,109.481339
42.817405,0.010492,4.610647,109.481339
42.821866,0.010492,4.037453,118.273338
42.826626,0.003406,21.040989,118.273338
42.830844,0.003406,4.400534,118.273338
42.837818,0.004669,5.143108,128.530670
42.842976,0.004669,5.878142,128.530670
42.847641,0.004669,4.658442,128.530670
42.851580,0.004669,4.214590,134.182678
42.855680,0.016315,6.837843,134.182678
42.862052,0.016315,4.749105,134.182678
42.866151,0.016589,6.703039,147.789337
42.874856,0.016589,4.763783,147.789337
42.879145,0.016589,4.312972,145.172668
42.883127,0.000769,17.145449,145.172668
42.887183,0.000769,5.076299,145.172668
42.892742,0.016644,4.676394,150.824677
42.897420,0.016644,10.743405,150.824677
42.901770,0.016644,5.102944,150.824677
42.906105,0.012030,4.474397,156.162674
42.911925,0.012030,7.404322,156.162674
42.918430,0.012030,4.761790,161.396011
42.925594,0.019336,5.722298,161.396011
42.933514,0.019336,4.801774,158.570007
42.939268,0.000824,8.437097,158.570007
42.946235,0.000824,4.564481,164.640671
42.952227,0.012634,4.564481,164.640671
42.958697,0.012634,4.564481,161.814667
42.966512,0.014282,13.868179,161.814667
42.977818,0.002856,5.162727,163.175339
42.989030,0.002856,5.162727,163.175339
42.994045,0.020325,8.969614,162.442673
42.999562,0.020325,4.579397,160.454010
43.007939,0.010052,12.468153,160.454010
43.012639,0.010052,4.936757,160.454010
43.020872,0.008624,6.638446,164.012680
43.025253,0.008624,6.557159,164.012680
43.029512,0.008624,4.652947,164.012680
43.035107,0.013293,12.648589,160.454010
43.039097,0.013293,9.549297,160.454010
43.043122,0.013293,5.758574,160.454010
43.047024,0.009119,9.707061,163.803329
43.054709,0.009119,5.228128,163.803329
43.061051,0.004999,5.006320,163.384674
43.067208,0.004999,4.980022,163.384674
43.073008,0.012524,4.490102,162.652008
43.081175,0.012524,7.059925,162.652008
43.085117,0.012524,4.859795,162.652008
43.089118,0.016699,4.477056,160.663345
43.093098,0.016699,13353.263672,160.663345
43.096965,0.016699,837.602905,160.663345
43.100900,0.016699,55.112221,160.663345
43.104976,-0.002856,6.176914,128.949341
43.109299,-0.002856,1433.471436,128.949341
43.114761,-0.002856,92.253410,128.949341
43.118845,-0.008295,11.042870,88.652672
43.123204,-0.008295,2.707471,88.652672
43.129221,-0.008295,2.931017,88.652672
43.133424,-0.010382,2.858088,57.566666
43.137409,-0.010382,3.071780,57.566666
43.141366,-0.010382,3.029798,57.566666
43.145241,0.000989,3.053550,49.402668
43.149428,0.000989,2.925947,49.402668
43.153523,0.000989,2.814322,49.402668
43.157507,0.000989,2.866282,43.122669
43.163681,-0.000824,3.232018,43.122669
43.171513,-0.003625,2.841469,11.513334
43.183261,-0.003625,2.800154,11.513334
43.187757,-0.009613,2.966769,9.106001
43.191770,-0.009613,2.835692,9.106001
43.199594,-0.009613,2.813446,12.246000
43.203611,0.000824,2.813446,12.246000
43.207715,0.000824,2.813446,12.246000
43.214258,0.000824,2.813446,3.454000
43.218832,0.006317,2.813446,3.454000
43.224141,0.006317,2.912880,3.454000
43.228706,0.000165,2.933515,1.674667
43.233799,0.000165,2.902232,1.674667
43.237712,0.000165,2.756577,1.674667
43.241670,0.000165,2.774824,1.674667
43.245843,-0.003406,3.370953,-1.151333
43.250515,-0.003406,2.871947,-1.151333
43.254524,-0.003406,2.839098,6.908000
43.260220,0.003735,3.163879,6.908000
43.266161,0.003735,3.000646,6.908000
43.273752,0.007031,2.994554,8.478001
43.281658,0.007031,2.705510,2.407333
43.288186,-0.000934,2.873219,2.407333
43.292816,-0.000934,2.869176,2.407333
43.296832,-0.000934,2.927511,-1.779333
43.303678,-0.004889,3.148796,-1.779333
43.308596,-0.004889,2.901250,-1.779333
43.315473,0.005933,2.935612,6.489334
43.319881,0.005933,2.864606,6.489334
43.324236,0.005933,2.864606,6.489334
43.329681,0.008734,2.864606,-1.779333
43.333955,0.008734,2.864606,-1.779333
43.340346,0.008734,2.864606,-5.338000
43.344514,-0.000989,2.864606,-5.338000
43.348557,-0.000989,2.944203,-5.338000
43.352658,-0.000989,2.830050,-5.338000
43.357960,-0.000824,2.940203,3.454000
43.363830,-0.000824,2.966930,2.616667
43.372793,0.007196,2.803983,2.616667
43.378613,0.007196,2.874594,-1.360667
43.386356,0.003131,2.972662,-1.360667
43.390771,0.003131,2.964079,-1.360667
43.394773,0.003131,2.901335,-1.360667
43.398753,0.002856,2.930546,-3.977334
43.402871,0.002856,2.943536,-3.977334
43.406874,0.002856,3.005034,-3.977334
43.411032,0.004724,3.019108,1.884000
43.416699,0.004724,2.967288,1.884000
43.420725,0.004724,2.967288,1.884000
43.424805,-0.004889,2.967288,-3.977334
43.430880,-0.004889,2.967288,-3.977334
43.438282,-0.004889,2.967288,2.093333
43.443026,0.002582,2.879244,2.093333
43.449608,0.002582,2.879244,2.093333
43.453745,0.005603,2.879244,-0.942000
43.457700,0.005603,2.879244,-0.942000
43.463359,0.005603,2.879244,-0.942000
43.467243,-0.001154,2.861005,-1.151333
43.472516,-0.001154,2.955475,-1.151333
43.478153,-0.001154,2.891069,-1.151333
43.482276,0.002307,2.996998,1.465333
43.489085,0.002307,2.863781,1.465333
43.496154,0.006482,2.713268,-1.779333
43.501248,0.006482,2.729579,-1.779333
43.505375,0.006482,2.847649,-1.779333
43.510852,0.002472,2.953201,1.046667
43.514884,0.002472,2.774250,1.046667
43.519588,0.002472,2.688978,1.046667
43.525140,0.002472,2.847730,-0.732667
43.529159,0.002472,2.620983,-0.732667
43.533368,0.002472,2.933570,0.000000
43.541253,-0.000934,2.979468,0.000000
43.545927,-0.000934,2.892366,0.000000
43.549971,-0.000934,2.904755,-0.314000
43.555114,0.002417,3.004097,-0.314000
43.559425,0.002417,2.819668,-0.314000
43.563386,-0.001044,2.919229,-0.523333
43.569271,-0.001044,2.932077,-0.523333
43.573239,-0.001044,2.833021,-0.523333
43.578106,-0.001044,2.909857,0.000000
43.582611,0.002527,2.808276,0.000000
43.590282,0.002527,2.968084,0.000000
43.594284,-0.000934,2.814510,-0.314000
43.602663,-0.000934,2.774822,-0.314000
43.607365,-0.000934,2.732976,0.000000
43.611928,-0.000934,2.804828,0.000000
43.617445,-0.000934,2.909203,0.000000
43.621695,0.002472,2.821301,0.000000
43.625597,0.002472,2.882837,0.000000
43.630812,0.002472,2.860805,0.000000
43.635270,0.002472,2.772575,0.000000
43.639553,-0.000934,2.934947,0.000000
43.643821,-0.000934,2.802134,0.000000
43.649688,-0.000934,2.821642,0.000000
43.653795,-0.000934,2.953015,0.000000
43.657846,-0.000934,3.020676,0.000000
43.661846,-0.000934,2.967484,0.000000
43.667801,-0.000934,2.967484,0.000000
43.671926,-0.000934,2.967484,0.000000
43.677090,0.002472,2.879342,0.000000
43.683110,0.002472,2.879342,0.000000
43.692652,-0.008075,2.718971,0.000000
43.696741,-0.008075,2.718971,0.000000
43.704633,0.005988,2.718971,0.000000
43.709412,0.005988,2.718971,0.000000
43.715697,0.005988,2.718971,0.000000
43.719734,-0.000934,2.890743,0.000000
43.723951,-0.000934,2.863293,0.000000
43.729732,-0.000934,2.694023,0.000000
43.733726,-0.004449,2.826356,-0.314000
43.737898,-0.004449,2.976389,-0.314000
43.742402,-0.004449,2.903099,-0.314000
43.746794,-0.004449,2.776437,0.000000
43.753156,0.002472,2.903509,0.000000
43.757610,0.002472,2.937477,0.000000
43.763144,0.002472,2.839159,0.000000
43.768664,0.002472,3.040899,0.000000
43.777148,0.002472,2.821349,0.000000
43.781155,0.002472,2.954784,0.000000
43.785351,0.002472,3.094074,0.000000
43.793403,-0.000934,2.746500,0.000000
43.797527,-0.000934,2.905306,0.000000
43.801619,-0.000934,2.962028,0.000000
43.807155,-0.000934,2.870638,0.000000
43.811323,-0.000934,2.913065,0.000000
43.815379,0.002472,2.918354,0.000000
43.821528,0.002472,3.003647,0.000000
43.825756,0.002472,2.958391,0.000000
43.832138,-0.000934,3.121799,0.000000
43.836141,-0.000934,2.813062,0.000000
43.840230,-0.000934,3.127254,0.000000
43.844587,-0.000934,2.980807,0.000000
43.848668,0.002472,2.786151,0.000000
43.852705,0.002472,2.831515,0.000000
43.859946,0.002472,2.744879,0.000000
43.864190,0.002472,2.786910,0.000000
43.870097,0.002472,2.848827,0.000000
43.874694,-0.004449,2.981357,0.000000
43.878950,-0.004449,2.897539,0.000000
43.884702,-0.004449,2.897539,0.000000
43.889658,0.002472,2.845570,0.000000
43.897208,0.002472,2.845570,0.000000
43.901702,-0.000934,2.845570,0.000000
43.906182,-0.000934,2.806592,0.000000
43.910690,-0.000934,2.824324,0.000000
43.914806,0.005988,2.767690,0.000000
43.921283,0.005988,3.080411,0.000000
43.925692,0.005988,2.736588,0.000000
43.931817,-0.000934,2.843723,0.000000
43.935834,-0.000934,2.971023,0.000000
43.942185,-0.000934,2.989328,0.000000
43.946942,0.005988,2.863620,0.000000
43.953562,0.005988,2.870076,0.000000
43.957734,-0.000934,2.928730,0.000000
43.962204,-0.000934,3.091668,0.000000
43.968547,-0.000934,2.825279,0.000000
43.972710,-0.000934,2.924330,0.000000
43.976994,-0.000934,2.860449,0.000000
43.983690,-0.000934,2.898978,0.000000
43.987994,-0.000934,2.935744,0.000000
43.992681,-0.000934,2.902690,0.000000
43.999995,0.002472,3.089368,0.000000
44.004104,0.002472,2.923892,0.000000
44.008231,0.002472,2.923892,0.000000
44.012548,-0.000934,2.923892,0.000000
44.018338,-0.000934,2.923892,0.000000
44.022534,-0.000934,2.923892,0.000000
44.026995,-0.004449,2.923892,0.000000
44.032561,-0.004449,2.923892,0.000000
44.037019,-0.004449,2.923892,0.000000
44.043100,-0.004449,2.923892,0.000000
44.047720,-0.004449,2.923892,0.000000
44.052531,-0.004449,2.916643,0.000000
44.058003,0.002472,2.888265,0.000000
44.062534,0.002472,2.968683,0.000000
44.067209,-0.000934,2.973433,0.000000
44.075815,-0.000934,2.790176,0.000000
44.079968,-0.000934,2.791888,0.000000
44.084171,-0.000934,2.880036,0.000000
44.089007,-0.000934,2.802304,0.000000
44.093191,-0.000934,2.852776,0.000000
44.100706,0.002472,2.858897,0.000000
44.105378,0.002472,2.808124,0.000000
44.109709,0.002472,2.854231,0.000000
44.113792,0.002472,2.854231,0.000000
44.119947,0.002472,2.939015,0.000000
44.124558,0.002472,2.939015,0.000000
44.128805,-0.000934,2.939015,0.000000
44.134341,-0.000934,2.939015,0.000000
44.138627,-0.000934,2.865108,0.000000
44.142987,0.002472,2.865108,0.000000
44.147604,0.002472,2.865108,0.000000
44.152532,-0.004449,2.865108,0.000000
44.157744,-0.004449,2.865108,0.000000
44.161833,-0.004449,2.865108,0.000000
44.166573,0.002472,2.865108,0.000000
44.172993,0.002472,2.865108,0.000000
44.177091,0.002472,2.865108,0.000000
44.183171,-0.000934,2.865108,0.000000
44.187989,-0.000934,2.926577,0.000000
44.193697,-0.000934,2.825044,0.000000
44.197975,-0.000934,2.909765,0.000000
44.205530,-0.000934,2.880191,0.000000
44.209822,-0.000934,3.034924,0.000000
44.213979,-0.000934,2.911481,0.000000
44.219549,-0.000934,2.777435,0.000000
44.223799,0.002472,2.994665,0.000000
44.228182,0.002472,2.772735,0.000000
44.234356,0.002472,2.849846,0.000000
44.238535,0.002472,2.915131,0.000000
44.242709,0.002472,2.945071,0.000000
44.246855,0.002472,2.947417,0.000000
44.251194,-0.000934,2.744713,0.000000
44.255847,-0.000934,2.715607,0.000000
44.260611,-0.000934,2.859163,0.000000
44.264836,-0.004449,2.815374,0.000000
44.270714,-0.004449,2.909781,0.000000
44.275740,-0.004449,2.800411,0.000000
44.282003,0.002472,2.684156,0.000000
44.286566,0.002472,2.844810,0.000000
44.291874,0.002472,2.771925,0.000000
44.297700,0.002472,2.787581,0.000000
44.301982,0.002472,3.083139,0.000000
44.311538,0.002472,2.807135,0.000000
44.315713,0.002472,2.853333,0.000000
44.319830,0.005988,2.974066,0.000000
44.325827,0.005988,2.815258,0.000000
44.330993,0.005988,2.736357,0.000000
44.335849,0.005988,2.785395,0.000000
44.339994,0.005988,2.807024,0.000000
44.344182,0.005988,2.792639,0.000000
44.348368,0.005988,2.865390,0.000000
44.352796,-0.000934,3.028962,0.000000
44.357560,-0.000934,2.886180,0.000000
44.362376,-0.000934,2.956290,0.000000
44.366999,-0.000934,2.956290,0.000000
44.373182,-0.000934,2.956290,0.000000
44.377324,0.002472,2.956290,0.000000
44.382287,0.002472,2.956290,0.000000
44.388306,0.002472,2.873745,0.000000
44.392352,0.002472,2.873745,0.000000
44.397332,0.002472,2.873745,0.000000
44.401697,0.002472,2.873745,0.000000
44.408991,-0.000934,2.873745,0.000000
44.413539,-0.000934,2.873745,0.000000
44.417998,0.002417,2.873745,0.209333
44.424008,0.002417,2.873745,0.209333
44.428201,0.002417,2.873745,0.209333
44.432823,0.002417,2.873745,-0.314000
44.439564,0.002417,2.873745,-0.314000
44.445561,0.002417,2.873745,-0.314000
44.450102,0.009778,2.873745,2.407333
44.454327,0.009778,2.873745,2.407333
44.460177,0.004285,2.950072,6.698667
44.464988,0.004285,3.297379,6.698667
44.471215,0.004285,3.028922,6.698667
44.475544,0.004999,2.951433,11.513334
44.480234,0.004999,3.542122,11.513334
44.486158,0.004999,3.153380,11.513334
44.490539,0.013184,9.309549,20.724001
44.495573,0.013184,9.309549,20.724001
44.499855,0.013184,9.309549,20.724001
44.504028,0.001593,11.397274,32.551334
44.511712,0.001593,4.215684,32.551334
44.516010,0.011041,3.118907,45.948669
44.521956,0.011041,4.557878,45.948669
44.526302,0.011041,3.322505,45.948669
44.530536,0.009888,3.229391,51.391338
44.536713,0.009888,6.499524,51.391338
44.540991,0.009888,3.648026,51.391338
44.547568,0.017798,18.871380,66.358665
44.551954,0.017798,5.642235,66.358665
44.556536,0.017798,4.019204,66.358665
44.561835,0.007416,10.653901,78.604668
44.566338,0.007416,13.200275,78.604668
44.570987,0.016150,5.225572,96.293335
44.577012,0.016150,13.129358,96.293335
44.582981,0.016150,8.889679,96.293335
44.588812,0.017249,8.889679,119.529335
44.593177,0.017249,8.889679,119.529335
44.597337,0.017249,8.889679,119.529335
44.601348,0.008459,8.889679,129.786667
44.605976,0.008459,8.889679,129.786667
44.610213,0.008459,8.889679,129.786667
44.614552,0.008459,8.889679,143.812012
44.619227,0.023950,8.889679,143.812012
44.625567,0.023950,8.889679,143.812012
44.629877,0.012415,11.388330,152.813339
44.634559,0.012415,5.613505,152.813339
44.640180,0.012415,4.798976,152.813339
44.644542,0.024335,4.557592,154.802002
44.648694,0.024335,10.319274,154.802002
44.653018,0.024335,4.972102,154.802002
44.657541,0.016205,6.928075,162.024002
44.661842,0.016205,7.248594,162.024002
44.666093,0.016205,6.065547,162.024002
44.672868,0.017029,6.065547,160.035339
44.677544,0.017029,6.065547,160.035339
44.681824,0.017029,6.065547,164.431335
44.687808,0.010822,6.065547,164.431335
44.694575,0.010822,6.065547,164.431335
44.699562,0.013623,6.065547,159.197998
44.703994,0.013623,6.065547,159.197998
44.710189,0.016370,6.065547,163.384674
44.717990,0.016370,6.065547,163.384674
44.723619,0.016370,6.065547,163.384674
44.728547,0.003680,6.065547,160.454010
44.732720,0.003680,6.065547,160.454010
44.738965,0.003680,6.065547,164.012680
44.743550,0.021588,6.065547,164.012680
44.747803,0.021588,6.065547,164.012680
44.752694,0.021588,6.065547,164.012680
44.758308,0.013513,10.860762,159.197998
44.764001,0.013513,5.456907,159.197998
44.771143,0.006262,12.624187,165.792007
44.776997,0.006262,5.496634,165.792007
44.782662,0.011206,5.499564,167.990005
44.789860,0.011206,5.654683,167.990005
44.796720,0.019940,5.445798,166.001328
44.803697,0.019940,5.435706,166.001328
44.808324,0.019940,4.685263,164.431335
44.818558,0.014337,4.685263,164.431335
44.822987,0.007635,4.685263,160.977341
44.829175,0.007635,4.685263,160.977341
44.834213,0.007635,4.667631,160.977341
44.838548,0.007635,4.667631,162.442673
44.842846,0.013019,4.667631,162.442673
44.847254,0.013019,4.667631,162.442673
44.851588,0.013019,4.667631,164.431335
44.855851,0.020215,4.667631,164.431335
44.860370,0.020215,4.667631,164.431335
44.864725,0.020215,4.667631,164.431335
44.869231,0.011810,4.667631,160.977341
44.873739,0.011810,4.713532,160.977341
44.879666,0.011810,4.552252,166.419998
44.884722,0.027136,7.629253,166.419998
44.890542,0.027136,4.566520,166.419998
44.895318,0.008844,4.384357,162.652008
44.900988,0.008844,6.094282,162.652008
44.906630,0.008844,5.372141,162.652008
44.911324,0.015381,5.941071,161.814667
44.916370,0.015381,5.941071,161.814667
44.925997,0.011426,5.941071,161.605331
44.930951,0.011426,4.815279,161.605331
44.935020,0.012415,4.510227,163.594009
44.941750,0.012415,4.320978,163.594009
44.949445,0.012415,4.136662,154.383331
44.954655,0.008569,17.927416,154.383331
44.960583,0.008569,4.947865,154.383331
44.964690,0.007031,4.472139,162.024002
44.970914,0.007031,5.531935,162.024002
44.976631,0.007031,4.703367,162.024002
44.980767,0.012360,7.664354,161.605331
44.985125,0.012360,5.103679,161.605331
44.991217,0.012360,4.532335,161.605331
44.995608,0.004449,12.910221,161.605331
44.999720,0.004449,6.462865,161.605331
45.005158,0.004449,4.789946,161.605331
45.009607,0.015546,10.124443,163.803329
45.013986,0.015546,6.075686,163.803329
45.018258,0.017139,5.976601,160.663345
45.025862,0.017139,7.195075,160.663345
45.030389,0.017139,4.997197,160.663345
45.034417,0.005109,4.942473,162.024002
45.040460,0.005109,6.900567,162.024002
45.044559,0.005109,4.761223,162.024002
45.052331,0.019995,6.083591,162.652008
45.059292,0.019995,4.579624,162.652008
45.065129,0.011481,8.951735,162.861343
45.070276,0.011481,8.951735,164.222000
45.080197,0.015601,12.251217,164.222000
45.084344,0.015601,12.251217,164.222000
45.088260,0.015601,12.251217,164.222000
45.092489,0.024609,12.251217,162.861343
45.096984,0.024609,12.251217,162.861343
45.102005,0.004559,8.153741,161.396011
45.110663,0.004559,8.153741,161.396011
45.116832,0.004559,8.153741,161.396011
45.124636,0.019116,8.153741,164.012680
45.130308,0.019116,6.169371,164.012680
45.134209,0.004504,6.169371,162.442673
45.139096,0.004504,6.169371,162.442673
45.144119,0.004504,6.169371,162.442673
45.148119,0.010876,6.169371,163.384674
45.152198,0.010876,6.169371,163.384674
45.156547,0.010876,4.914542,163.384674
45.160840,0.020819,4.421505,159.826004
45.164927,0.020819,10.043563,159.826004
45.169433,0.020819,5.382320,159.826004
45.173497,0.004449,4.899910,163.175339
45.180261,0.004449,10.457405,163.175339
45.185238,0.004449,4.997219,163.175339
45.190943,0.014172,7.321702,159.407333
45.199129,0.014172,4.984962,159.407333
45.202970,0.014172,4.541022,161.396011
45.206943,0.011755,4.215880,161.396011
45.212554,0.011755,4.158811,161.396011
45.218484,0.010272,15.131443,156.162674
45.223375,0.010272,4.556280,156.162674
45.231934,-0.001758,4.254499,157.628006
45.235970,-0.001758,7.166993,157.628006
45.241492,-0.001758,4.633412,157.628006
45.245654,0.018182,4.503089,162.652008
45.249709,0.018182,6.421112,162.652008
45.253799,0.018182,4.760969,162.652008
45.257843,0.018182,4.286558,162.652008
45.262040,0.006317,9.548154,160.454010
45.265998,0.006317,6.218144,160.454010
45.270555,0.006317,4.370001,162.233337
45.276240,0.013623,6.922712,162.233337
45.281170,0.013623,4.503291,162.233337
45.285599,0.013623,4.234643,153.231995
45.291227,0.014172,4.197411,153.231995
45.295211,0.014172,4.108697,153.231995
45.303007,0.009888,9.782467,148.835999
45.307456,0.009888,4.840635,148.835999
45.311828,0.009888,4.413217,148.835999
45.317559,0.009119,6.575850,146.010010
45.321589,0.009119,5.146303,146.010010
45.325919,0.012085,6.498212,147.580017
45.335375,0.012085,4.562076,147.580017
45.339358,0.012085,4.290959,147.580017
45.343338,0.011536,4.057649,142.556000
45.348564,0.011536,5.413240,142.556000
45.352719,0.011536,4.277884,142.556000
45.356684,0.012250,4.167973,141.195343
45.360697,0.012250,4.758943,141.195343
45.364951,0.012250,4.032722,141.195343
45.369172,0.012250,3.847715,141.195343
45.373400,0.000879,6.107991,130.100662
45.385588,0.008569,3.718849,131.984665
45.397316,0.008569,3.779006,131.984665
45.401405,0.004999,3.725188,122.355339
45.405869,0.004999,3.722594,122.355339
45.410298,0.004999,3.722594,122.355339
45.415163,0.004779,3.722594,116.494003
45.419294,0.004779,3.722594,116.494003
45.423661,0.004779,3.722594,109.900002
45.433340,0.004944,3.722594,109.900002
45.437265,0.004944,3.722594,109.900002
45.443171,0.005823,2.849598,100.480003
45.447434,0.005823,3.076587,100.480003
45.452728,0.005823,3.246562,100.480003
45.456659,-0.000989,3.255785,93.258003
45.460670,-0.000989,3.042397,93.258003
45.466263,-0.000989,3.143825,93.258003
45.470310,0.007965,2.799514,87.606003
45.474406,0.007965,2.829481,87.606003
45.482734,0.007965,3.129518,74.417999
45.487746,0.006976,2.842677,74.417999
45.494819,0.006976,2.942685,74.417999
45.498664,0.002856,2.693886,69.812668
45.502606,0.002856,2.701296,69.812668
45.507557,0.002856,2.903931,69.812668
45.512021,0.009778,2.502999,58.613335
45.518390,0.009778,2.804819,58.613335
45.522709,0.009778,2.821977,51.182003
45.528429,0.000385,2.816984,51.182003
45.536158,0.000385,2.999573,51.182003
45.542223,-0.000934,2.732915,42.703999
45.546255,-0.000934,2.671823,42.703999
45.552960,-0.000055,2.841889,33.702667
45.558603,-0.000055,2.841889,33.702667
45.563629,-0.000055,2.978972,33.702667
45.569128,-0.002856,2.783839,29.516001
45.573401,-0.002856,2.763232,29.516001
45.579235,0.002966,2.899520,22.922001
45.585064,0.002966,2.755507,22.922001
45.589042,0.002966,2.789419,22.922001
45.593286,0.002966,2.966377,22.922001
45.597400,-0.004504,2.977248,15.072001
45.601603,-0.004504,2.805208,15.072001
45.606144,-0.004504,2.823776,15.072001
45.610159,0.000934,2.925436,10.257334
45.614185,0.000934,2.902090,10.257334
45.619368,0.000934,3.056715,10.257334
45.623469,0.000934,2.969764,7.850000
45.627465,0.003021,2.841264,7.850000
45.636888,0.001263,2.883032,2.093333
45.640909,0.001263,2.738689,2.093333
45.646562,0.001263,3.020686,2.093333
45.651071,0.001263,2.908310,-1.360667
45.655318,0.003296,2.799869,-1.360667
45.659342,0.003296,2.792192,-1.360667
45.663341,0.003296,2.909824,-1.779333
45.667573,0.003076,2.909824,-1.779333
45.671595,0.003076,2.909824,-1.779333
45.676277,0.003076,2.909824,-1.779333
45.681876,0.000494,2.909824,0.418667
45.685963,0.000494,2.849912,0.418667
45.689858,0.000494,3.091986,-0.523333
45.695863,0.001483,2.881756,-0.523333
45.699968,0.001483,2.948494,-0.523333
45.705464,0.001483,3.064424,-0.523333
45.709606,0.000494,2.882164,0.000000
45.713564,0.000494,2.812423,0.000000
45.718979,0.000494,2.792088,0.000000
45.730294,0.000494,2.979239,0.000000
45.735919,0.000494,2.801178,0.000000
45.745267,0.000494,2.889690,0.000000
45.751421,-0.003461,3.002181,0.000000
45.755598,-0.003461,3.082599,0.000000
45.759569,-0.003461,2.974900,0.000000
45.763689,0.000494,2.786287,0.000000
45.767972,0.000494,2.805430,0.000000
45.772003,0.000494,3.098427,0.000000
45.775987,0.000494,2.975303,0.000000
45.781641,0.000494,2.954126,0.000000
45.785813,0.000494,2.954126,0.000000
45.789797,0.000494,2.954126,0.000000
45.795616,-0.000989,2.833131,0.000000
45.799666,-0.000989,2.895583,0.000000
45.803827,0.002087,2.783290,0.000000
45.809126,0.002087,2.835680,0.000000
45.813158,0.002087,3.085830,0.000000
45.817384,0.002087,3.000664,0.000000
45.822370,0.002087,2.847604,0.000000
45.827822,0.002087,2.864651,0.000000
45.832374,0.000494,2.868478,0.000000
45.841701,0.000494,2.808990,0.000000
45.845765,0.000494,2.854447,0.000000
45.850577,0.000494,2.807612,0.000000
45.854697,0.000494,2.794151,0.000000
45.859580,0.000494,2.851569,0.000000
45.863569,0.001483,2.882561,0.000000
45.867762,0.001483,2.988448,0.000000
45.872012,0.001483,3.019381,0.000000
45.875998,-0.000989,2.877872,0.000000
45.880221,-0.000989,2.821704,0.000000
45.886035,-0.000989,2.822506,0.000000
45.892410,-0.001923,2.828603,0.000000
45.898877,-0.001923,2.997388,0.000000
45.903282,-0.001923,2.997388,0.000000
45.907405,-0.000989,2.997388,0.000000
45.911595,-0.000989,2.997388,0.000000
45.915593,-0.000989,2.997388,0.000000
45.919655,-0.000989,2.777994,0.000000
45.923680,-0.000989,2.789698,0.000000
45.927749,-0.000989,2.894351,0.000000
45.935214,0.000494,2.795548,0.000000
45.939886,-0.003461,2.945257,0.000000
45.950745,-0.003461,2.953619,0.000000
45.955919,-0.003461,2.811502,0.000000
45.960757,-0.003461,2.995994,0.000000
45.964628,-0.003461,2.846919,0.000000
45.971593,-0.003461,2.826665,0.000000
45.975622,-0.001923,2.692266,0.000000
45.981870,-0.001923,2.736563,0.000000
45.985910,-0.001923,2.958170,0.000000
45.990351,-0.001923,2.877933,0.000000
45.996824,-0.001923,2.935439,0.000000
46.002390,0.000549,2.889340,-0.314000
46.006484,0.000549,2.862817,-0.314000
46.010373,0.000549,2.882513,-0.314000
46.014313,0.000549,2.927744,0.000000
46.018589,-0.000989,2.887109,0.000000
46.022571,-0.000989,2.979239,0.000000
46.026759,-0.005109,2.773479,-0.523333
46.033182,-0.005109,2.921280,-0.523333
46.037577,-0.005109,2.843543,-0.523333
46.042591,-0.001538,2.959563,-1.779333
46.049645,-0.001538,2.978067,-1.779333
46.054180,-0.001538,2.818616,-8.373334
46.060156,-0.008624,3.409863,-8.373334
46.064580,-0.008624,2.989941,-8.373334
46.068581,-0.008624,2.874543,-6.175333
46.078192,-0.009723,2.998165,-6.175333
46.082248,-0.009723,2.964671,-5.756667
46.087814,-0.005878,4.382934,-5.756667
46.092115,-0.005878,3.364233,-5.756667
46.096130,-0.005878,2.934458,-5.756667
46.100154,-0.003900,2.827014,-14.548667
46.104148,-0.003900,5.994277,-14.548667
46.108575,-0.003900,3.365385,-14.548667
46.114004,-0.002472,3.365385,-21.561335
46.119720,-0.002472,3.365385,-21.561335
46.124134,-0.002472,3.078292,-21.561335
46.128273,-0.009723,3.078292,-30.248667
46.134070,-0.009723,3.078292,-30.248667
46.139598,-0.009723,3.078292,-35.586666
46.143763,-0.006976,3.167346,-35.586666
46.153407,-0.006976,3.100218,-35.586666
46.158172,-0.004944,4.848354,-43.436668
46.162121,-0.004944,3.298086,-43.436668
46.167272,-0.004944,2.968255,-48.670002
46.171492,-0.009668,3.010564,-48.670002
46.175894,-0.009668,3.342246,-48.670002
46.180076,-0.009668,3.261765,-48.670002
46.185830,-0.006152,4.448811,-53.484669
46.189762,-0.006152,3.896429,-53.484669
46.193790,-0.006152,3.358257,-64.893333
46.199590,-0.010822,5.385241,-64.893333
46.206572,-0.010822,3.462677,-64.893333
46.210768,-0.010822,3.398085,-64.056000
46.214876,-0.010382,8.229730,-64.056000
46.219851,-0.010382,3.625383,-64.056000
46.223920,-0.010382,3.360673,-67.928673
46.227859,0.013239,8.610416,-67.928673
46.233867,0.013239,3.453208,-67.928673
46.238158,0.013239,3.280476,-67.928673
46.242151,-0.008734,5.759005,-73.894669
46.251038,-0.008734,3.300896,-71.906006
46.256044,-0.000989,9.516568,-71.906006
46.260125,-0.000989,4.648084,-71.906006
46.265460,-0.000989,4.648084,-71.906006
46.269513,-0.003900,6.045642,-79.128006
46.273865,-0.003900,6.045642,-79.128006
46.278013,-0.003900,6.045642,-79.337334
46.283801,-0.011261,7.983016,-79.337334
46.288648,-0.011261,3.899726,-79.337334
46.292687,-0.011261,3.442935,-79.337334
46.298277,-0.007690,7.031220,-85.931343
46.302411,-0.007690,4.145732,-85.931343
46.306498,-0.007690,3.524060,-87.187340
46.312297,-0.004449,8.020117,-87.187340
46.316371,-0.004449,3.674163,-87.187340
46.321073,-0.004449,3.442329,-88.338669
46.326782,-0.007581,3.269829,-88.338669
46.330778,-0.007581,3.145627,-80.698006
46.340438,-0.005548,7.664676,-80.698006
46.345143,-0.005548,3.662286,-80.698006
46.349267,-0.011481,3.548679,-87.710670
46.356873,-0.011481,5.683117,-87.710670
46.361045,-0.011481,3.684282,-87.710670
46.365231,-0.010931,3.632042,-97.758667
46.369274,-0.010931,5.618096,-97.758667
46.373387,-0.010931,3.649628,-97.758667
46.377707,-0.010931,3.498852,-97.758667
46.381698,-0.011206,6.048213,-91.164673
46.385775,-0.011206,6.044006,-91.164673
46.391480,-0.011206,4.068501,-95.141998
46.395517,-0.014447,4.068501,-95.141998
46.399508,-0.014447,4.068501,-95.141998
46.404913,-0.014447,4.068501,-95.141998
46.409287,-0.007910,4.068501,-96.816666
46.413315,-0.007910,4.068501,-96.816666
46.417623,-0.007910,4.068501,-96.816666
46.422137,-0.006427,3.895051,-96.607338
46.426150,-0.006427,3.895051,-96.607338
46.430142,-0.006427,3.895051,-96.607338
46.434111,-0.013348,3.895051,-110.632675
46.440322,-0.013348,3.895051,-110.632675
46.444644,-0.013348,3.895051,-110.632675
46.448922,0.002802,3.462635,-100.793999
46.459210,0.002802,3.451695,-100.793999
46.463597,0.002802,3.355831,-95.351334
46.467674,-0.013953,3.266776,-95.351334
46.474629,-0.013953,3.141397,-95.351334
46.478672,0.001978,3.263750,-90.118004
46.483236,0.001978,3.321970,-90.118004
46.489884,0.001978,3.377148,-90.118004
46.494035,-0.002966,2.914497,-84.361336
46.497962,-0.002966,2.985736,-84.361336
46.504031,-0.002966,2.963383,-74.313339
46.507994,-0.011920,2.717824,-74.313339
46.512051,-0.011920,3.004839,-74.313339
46.516040,-0.011920,2.862615,-74.313339
46.520605,0.003241,2.670351,-71.696671
46.525321,0.003241,2.565747,-71.696671
46.530069,0.003241,2.774077,-59.450668
46.537060,-0.000220,2.203096,-59.450668
46.541192,-0.000220,2.760297,-48.251335
46.553175,0.004559,2.665772,-48.251335
46.561051,0.006097,2.796315,-34.644669
46.566330,0.006097,2.879045,-34.644669
46.570502,0.006097,2.947970,-34.644669
46.576791,0.000934,2.847580,-23.759335
46.580638,0.000934,2.663886,-23.759335
46.584576,0.000934,2.900593,-23.759335
46.591281,0.002582,2.960578,-12.141334
46.596378,0.002582,2.884393,-2.721333
46.606992,0.000110,2.796633,-2.721333
46.611261,0.000110,2.878765,-2.721333
46.615324,0.000110,3.014735,-2.721333
46.619291,-0.000110,2.994510,1.674667
46.623582,-0.000110,2.726616,1.674667
46.628579,-0.000110,2.962063,1.674667
46.632488,-0.003735,2.789335,-1.151333
46.636786,-0.003735,2.710860,-1.151333
46.645734,-0.000110,2.912789,0.418667
46.650231,-0.000110,2.954387,0.418667
46.656228,-0.000110,2.830093,-0.314000
46.663717,-0.000275,2.858473,-0.314000
46.668210,-0.000275,2.830809,-0.314000
46.672577,-0.000275,2.797051,0.000000
46.676673,-0.003516,2.908963,0.000000
46.681236,-0.003516,2.646191,0.000000
46.685833,-0.003516,2.646191,0.000000
46.691695,0.003461,2.646191,0.000000
46.695725,0.003461,2.646191,0.000000
46.699827,-0.000275,2.811286,0.000000
46.707217,-0.000275,2.828864,0.000000
46.712510,-0.000275,2.795054,0.000000
46.716716,0.003296,2.821681,0.000000
46.720789,0.003296,3.134641,0.000000
46.729315,0.003790,2.825401,0.209333
46.733273,0.003790,2.865875,0.209333
46.738786,0.003790,2.825267,0.209333
46.742737,0.003790,2.880554,0.418667
46.747054,0.003680,2.846838,0.418667
46.754170,0.003680,2.837519,0.418667
46.759094,0.006976,2.937374,0.837333
46.766378,0.006976,2.867922,0.837333
46.771315,0.008130,2.801029,1.465333
46.776089,0.008130,2.908714,1.465333
46.780907,0.008130,2.922789,1.256000
46.787839,-0.003790,3.564648,1.256000
46.792994,-0.003790,2.946981,1.256000
46.798239,0.008954,2.787499,8.059334
46.804877,0.008954,2.956714,8.059334
46.810047,0.008954,2.933282,14.653334
46.816405,0.006592,4.037043,14.653334
46.820383,0.006592,3.027039,14.653334
46.825194,0.006592,2.880030,18.107334
46.830492,0.006482,2.880030,18.107334
46.834404,0.006482,2.880030,18.107334
46.838487,0.006482,2.872207,19.049335
46.844591,0.008185,4.925103,19.049335
46.849057,0.008185,3.499126,19.049335
46.857718,0.009888,4.159341,31.923334
46.861807,0.009888,2.952878,31.923334
46.868727,0.009888,3.136480,30.876669
46.873314,0.007141,4.553284,30.876669
46.877442,0.007141,3.323105,30.876669
46.881442,0.007141,3.266138,30.876669
46.885946,0.007251,6.329535,38.726669
46.891852,0.007251,3.286929,38.726669
46.895837,0.007251,3.057016,43.541332
46.899868,0.007416,7.412469,43.541332
46.906166,0.007416,3.378833,45.320667
46.915028,0.001154,9.395579,45.320667
46.919182,0.001154,5.022995,45.320667
46.923336,0.001154,3.581749,57.776001
46.927420,0.015491,8.266367,57.776001
46.932049,0.015491,3.615686,57.776001
46.936588,0.015491,3.206168,57.776001
46.942258,0.007690,7.789660,57.148003
46.946257,0.007690,4.543322,57.148003
46.950220,0.007690,3.436363,65.835335
46.956921,0.013733,9.867220,65.835335
46.963028,0.013733,9.867220,65.835335
46.970291,0.003406,9.867220,70.231339
46.974806,0.003406,3.995340,70.231339
46.980068,0.003406,3.468479,81.012001
46.984104,0.000769,5.870308,81.012001
46.993300,0.000769,3.434909,81.012001
46.997315,0.012305,9.794853,83.419334
47.004010,0.012305,4.048313,83.419334
47.007949,0.012305,3.500764,90.641335
47.012066,0.009943,10.023260,90.641335
47.016106,0.009943,4.216310,90.641335
47.020359,0.009943,3.551639,90.641335
47.024457,0.008679,3.565415,93.886002
47.028443,0.008679,7.629276,93.886002
47.032406,0.008679,3.908674,93.886002
47.039172,0.010382,9.314646,98.910004
47.043157,0.010382,5.057815,98.910004
47.047143,0.010382,3.818744,98.910004
47.052917,0.006647,3.614951,101.317337
47.056912,0.006647,4.450196,101.317337
47.063513,0.011316,14.238224,108.539337
47.072458,0.011316,4.344429,108.539337
47.076654,0.011316,3.995185,108.539337
47.081516,0.004395,8.317610,114.296005
47.086219,0.004395,6.135055,114.296005
47.090822,0.004395,6.135055,116.075333
47.096439,0.010876,14.208326,116.075333
47.100472,0.010876,14.208326,116.075333
47.105040,0.010876,9.080413,116.075333
47.109854,0.010931,9.080413,127.588669
47.113901,0.010931,6.630906,127.588669
47.117960,0.010931,6.630906,127.588669
47.123185,0.016754,13.643904,126.751335
47.127996,0.016754,5.367813,126.751335
47.132662,0.016754,4.288676,126.751335
47.137530,0.000275,5.548219,132.926666
47.143860,0.000275,5.950302,132.926666
47.149030,0.000165,5.502825,137.950668
47.156022,0.000165,4.742866,137.950668
47.162014,0.000165,4.110696,141.195343
47.166473,0.017413,7.754298,141.195343
47.173682,0.017413,4.321743,141.195343
47.177900,0.009613,4.289493,144.021332
47.182010,0.009613,8.594255,144.021332
47.186278,0.009613,4.910532,144.021332
47.190460,0.003900,4.418851,149.149994
47.196335,0.003900,6.786963,149.149994
47.200376,0.003900,5.184240,149.149994
47.204594,0.018402,4.798970,153.441345
47.210515,0.018402,4.222242,153.441345
47.216593,0.018402,4.165373,153.441345
47.221008,-0.002802,4.182997,146.219330
47.228261,-0.002802,5.007218,146.219330
47.232486,-0.002802,4.316840,154.174011
47.236742,0.009778,16.262020,154.174011
47.242144,0.009778,4.532441,154.174011
47.246162,0.009778,4.287455,154.174011
47.250234,0.010602,11.893396,161.186676
47.256502,0.010602,6.772149,161.186676
47.260601,0.010602,4.915269,161.814667
47.264616,0.009723,10.305783,161.814667
47.269048,0.009723,4.698886,161.814667
47.276400,0.003625,4.464268,160.977341
47.280598,0.003625,7.127480,160.977341
47.284609,0.003625,4.644999,160.977341
47.288646,0.025214,9.830530,162.233337
47.295023,0.025214,6.045470,162.233337
47.299142,0.025214,4.940654,162.233337
47.303078,0.009833,4.426895,157.837341
47.308950,0.009833,5.204696,157.837341
47.316246,0.020599,4.466883,164.222000
47.321892,0.020599,7.292349,164.222000
47.326483,0.020599,4.754976,164.222000
47.330495,0.003186,4.366837,160.663345
47.336166,0.003186,8.761533,160.663345
47.340906,0.003186,4.877383,160.663345
47.345028,0.017194,6.410509,166.210678
47.350417,0.017194,6.193538,166.210678
47.354928,0.017194,4.802596,166.210678
47.359437,0.017194,4.515175,159.826004
47.363557,0.005933,14.579084,159.826004
47.367881,0.005933,4.808019,159.826004
47.372152,0.009613,10.817883,163.175339
47.380381,0.009613,6.616158,163.175339
47.385235,0.009613,5.070644,163.175339
47.389610,0.017249,4.908790,170.815994
47.393829,0.017249,4.838170,170.815994
47.399893,0.017249,4.838170,161.605331
47.403969,0.007910,4.648729,161.605331
47.408073,0.007910,4.403879,161.605331
47.414159,0.007910,4.288918,152.604004
47.418548,0.008954,2.118479,152.604004
47.422618,0.008954,2.687439,152.604004
47.427023,0.008954,2.687439,152.604004
47.430929,-0.002527,2.687439,151.557343
47.435319,-0.002527,2.687439,151.557343
47.439378,-0.002527,2.687439,151.557343
47.445473,0.006482,2.687439,125.704674
47.450205,0.006482,2.687439,125.704674
47.454138,0.006482,2.687439,107.911339
47.459818,-0.001154,11448.433594,107.911339
47.466047,-0.001154,360.388550,107.911339
47.470900,-0.001154,47.811344,91.688004
47.475389,-0.000824,1432.686157,91.688004
47.482310,-0.000824,181.646271,91.688004
47.486387,-0.004889,14.232865,70.650002
47.490593,-0.004889,2.727023,70.650002
47.496258,-0.004889,2.876139,70.650002
47.500825,-0.002747,3.036117,48.774666
47.504850,-0.002747,2.808079,48.774666
47.510508,-0.002747,2.852110,48.774666
47.515732,-0.005933,2.728095,29.097334
47.522194,-0.005933,2.788006,29.097334
47.526362,-0.005933,2.763151,29.097334
47.530425,-0.000055,3.109272,17.479334
47.534256,-0.000055,2.826079,17.479334
47.538418,-0.000055,2.766760,9.629333
47.544323,0.002856,3.022345,9.629333
47.548354,0.002856,2.865646,9.629333
47.552342,0.002856,2.807419,9.629333
47.557792,0.000879,3.811657,4.500667
47.562937,0.000879,2.870878,4.500667
47.567313,-0.006537,2.983297,-2.198000
47.573809,-0.006537,3.558931,-2.198000
47.577891,-0.006537,2.842815,-9.420000
47.586872,-0.007526,4.456638,-9.420000
47.591161,-0.007526,3.114002,-9.420000
47.595160,-0.007526,3.059813,-12.769334
47.600522,-0.009283,5.322976,-12.769334
47.605074,-0.009283,2.928468,-12.769334
47.609316,-0.009283,2.988929,-12.769334
47.613872,-0.007690,2.932216,-26.376001
47.618010,-0.007690,3.118404,-26.376001
47.622284,-0.007690,2.990001,-26.376001
47.627305,-0.007800,4.241050,-22.608002
47.631738,-0.007800,3.175631,-22.608002
47.635657,-0.007800,2.916989,-22.608002
47.639750,-0.006042,2.988699,-27.422668
47.644203,-0.006042,3.165217,-27.422668
47.649925,-0.006042,2.896402,-27.422668
47.653922,0.005054,2.935700,-30.248667
47.657970,0.005054,3.001775,-30.248667
47.663492,0.005054,3.001775,-30.248667
47.668303,-0.006976,3.001775,-30.667334
47.672618,-0.006976,3.001775,-30.667334
47.676662,-0.006976,3.001775,-30.667334
47.680656,-0.001208,3.001775,-21.247335
47.687602,-0.001208,3.001775,-21.247335
47.692056,-0.001208,3.067761,-21.247335
47.697783,-0.002856,2.925235,-23.759335
47.701803,-0.002856,2.991645,-23.759335
47.706384,-0.002856,3.107306,-21.561335
47.711851,-0.002856,2.825066,-21.561335
47.718114,-0.002856,2.807898,-21.561335
47.722207,-0.002856,2.793587,-16.432667
47.726613,0.001758,2.951375,-16.432667
47.732445,0.001758,2.977924,-16.432667
47.736388,0.001758,3.106590,-13.188001
47.740844,-0.001154,2.830731,-13.188001
47.746525,-0.001154,2.971618,-13.188001
47.750927,-0.001154,2.903477,-10.780667
47.755629,-0.001099,2.907921,-10.780667
47.761894,-0.001099,2.747640,-10.780667
47.767282,-0.004614,3.090138,-10.780667
47.772632,-0.004614,2.837567,-10.780667
47.777219,-0.004614,3.000521,-10.780667
47.782029,-0.001154,2.933965,2.093333
47.789730,-0.001154,2.933965,3.244667
47.796347,0.000989,2.933965,3.244667
47.800429,0.000989,2.933965,3.244667
47.804851,0.000989,2.933965,3.244667
47.810417,0.011755,2.980182,2.407333
47.814670,0.011755,2.886891,2.407333
47.818963,0.011755,2.839854,-4.919333
47.824365,-0.009668,2.852955,-4.919333
47.831894,-0.009668,3.072297,-4.919333
47.837488,0.000989,3.012634,1.465333
47.841515,0.000989,2.994676,1.465333
47.845929,0.000989,3.118033,4.814667
47.852909,0.004669,2.983782,4.814667
47.856999,0.004669,2.862336,4.814667
47.861099,0.004669,2.829167,4.814667
47.865206,0.001208,3.258186,-3.349334
47.870736,0.001208,3.038749,-3.349334
47.874617,0.001208,2.996569,-3.349334
47.878729,0.008679,3.051635,2.616667
47.883294,0.008679,2.807802,2.616667
47.890211,0.008679,2.823550,-1.360667
47.894759,0.020819,2.823550,-1.360667
47.901293,0.020819,2.823550,-1.360667
47.906081,0.010547,2.808575,1.884000
47.910422,0.010547,2.808575,1.884000
47.916452,0.010547,2.808575,1.884000
47.920653,0.003571,2.808575,4.814667
47.924934,0.003571,2.808575,4.814667
47.930476,0.003571,2.795172,11.094666
47.935739,0.006152,2.793797,11.094666
47.940290,0.006152,2.814750,11.094666
47.945430,0.006152,3.013496,8.896667
47.951709,0.002911,3.052887,8.896667
47.956774,0.002911,2.923244,8.896667
47.960750,0.011261,3.100505,6.489334
47.966835,0.011261,3.091538,6.489334
47.972818,0.011261,2.888392,6.489334
47.976883,0.003021,2.740774,9.106001
47.981022,0.003021,2.941934,9.106001
47.989267,0.004944,3.284475,11.513334
47.996094,0.004944,3.482608,11.513334
48.001525,0.004944,2.966169,11.513334
48.006111,0.007471,2.802461,15.281333
48.012179,0.007471,2.951540,15.281333
48.016390,0.007471,3.045792,13.502001
48.020302,0.006976,3.114062,13.502001
48.024914,0.006976,3.073654,13.502001
48.029284,0.006976,3.122551,13.502001
48.033787,-0.000330,2.958209,11.513334
48.037869,-0.000330,2.970869,11.513334
48.042540,-0.000330,3.002102,12.246000
48.048296,0.004889,2.893715,12.246000
48.052295,0.004889,2.929045,12.246000
48.056479,0.004889,2.974265,12.246000
48.062321,0.006262,2.964942,12.036667
48.066738,0.006262,2.787521,12.036667
48.070761,0.006262,3.016904,12.036667
48.077077,0.000275,2.834981,12.036667
48.081120,0.000275,2.862145,12.036667
48.085211,-0.005054,3.003918,6.489334
48.095679,-0.005054,3.003918,6.489334
48.099891,-0.000110,3.015159,6.698667
48.105694,-0.000110,2.847790,6.698667
48.109632,-0.000110,2.847790,6.698667
48.113607,-0.000110,2.847790,6.698667
48.117887,0.002637,2.711049,-3.349334
48.121882,0.002637,2.772362,-3.349334
48.126264,0.002637,2.782981,-3.349334
48.131038,0.002527,2.782981,0.837333
48.135179,0.002527,2.782981,0.837333
48.139174,0.002527,2.782981,0.837333
48.143636,0.002527,2.782981,-0.942000
48.147612,-0.000824,2.782981,-0.942000
48.153514,-0.000824,2.782981,-0.942000
48.157764,-0.000934,2.782981,0.209333
48.161713,-0.000934,2.949949,0.209333
48.167387,-0.000934,2.874922,0.209333
48.172004,0.002472,2.823566,-0.314000
48.176305,0.002472,2.910423,-0.314000
48.180492,0.002472,2.922703,-0.314000
48.184580,0.002472,2.838513,0.000000
48.188612,0.002527,2.862478,0.000000
48.193004,0.002527,2.945347,0.000000
48.201533,-0.004449,2.869818,-0.314000
48.205518,-0.004449,2.773427,-0.314000
48.209879,-0.004449,2.878378,0.000000
48.215566,0.002472,2.840261,0.000000
48.219664,0.002472,2.953979,0.000000
48.225611,0.002472,2.812147,0.000000
48.229709,0.005988,2.756461,0.000000
48.234356,0.005988,2.828733,0.000000
48.239300,0.005988,2.917483,0.000000
48.243483,-0.000934,2.924185,-0.314000
48.247646,-0.000934,3.063909,-0.314000
48.253939,-0.000934,2.982994,-0.314000
48.257916,-0.000934,2.963099,0.000000
48.261984,-0.000934,2.855758,0.000000
48.267634,-0.000934,2.811272,-0.314000
48.271844,-0.000934,2.866342,-0.314000
48.276410,-0.000934,2.854288,-0.314000
48.282425,-0.000934,2.707880,0.000000
48.291162,-0.000934,2.861217,0.000000
48.296349,-0.004449,2.978835,0.000000
48.303177,-0.004449,2.847465,0.000000
48.307406,-0.004449,2.795316,0.000000
48.314010,0.002472,2.952377,0.000000
48.318229,0.002472,2.899547,0.000000
48.322244,0.002472,2.951043,0.000000
48.327461,-0.000934,2.802598,0.000000
48.331843,-0.000934,2.793112,0.000000
48.336098,-0.000934,2.828378,0.000000
48.342233,-0.004449,2.881548,0.000000
48.346293,-0.004449,2.812584,0.000000
48.350277,-0.004449,2.801892,0.000000
48.355797,-0.000934,2.801892,0.000000
48.364864,-0.000934,2.801892,0.000000
48.369127,-0.000934,2.801892,0.000000
48.373557,-0.000934,2.801892,0.000000
48.377714,-0.000934,2.801892,0.000000
48.381744,0.013129,2.801892,0.000000
48.387222,0.013129,2.777468,0.000000
48.391300,0.013129,2.731333,0.000000
48.395513,0.013129,3.098129,0.000000
48.404520,-0.000934,2.809042,0.000000
48.408415,-0.000934,2.881540,0.000000
48.412382,-0.004449,2.869534,0.000000
48.417870,-0.004449,2.808785,0.000000
48.422064,-0.004449,2.799993,0.000000
48.426028,-0.004449,2.799993,0.000000
48.430119,-0.004449,2.851548,0.000000
48.434076,-0.004449,2.808087,0.000000
48.438204,-0.004449,2.908731,-0.314000
48.442245,-0.004449,2.931146,-0.314000
48.446226,-0.004449,2.976646,-0.314000
48.450518,0.002472,2.715490,0.000000
48.456303,0.002472,2.870945,0.000000
48.460986,0.002472,2.826447,0.000000
48.465072,0.002472,3.092162,0.000000
48.470631,0.002472,3.092162,0.000000
48.476327,0.002472,3.092162,0.000000
48.480493,-0.000934,3.092162,0.000000
48.484900,-0.000934,3.092162,0.000000
48.493522,-0.000934,3.092162,0.000000
48.502625,0.002472,3.057981,0.000000
48.512430,0.002472,2.858495,0.000000
48.518265,0.002472,2.869206,0.000000
48.522415,-0.004449,2.868681,0.000000
48.526328,-0.004449,2.897805,0.000000
48.530419,-0.004449,2.943713,0.000000
48.534355,-0.004449,2.926564,0.000000
48.539080,0.002472,2.854530,0.000000
48.544632,0.002472,3.043079,0.000000
48.550867,-0.000934,2.829910,0.000000
48.554950,-0.000934,2.924619,0.000000
48.558990,-0.000934,2.982002,0.000000
48.565128,-0.000934,3.007412,0.000000
48.569186,-0.000934,2.920938,0.000000
48.573720,-0.000934,2.929659,0.000000
48.578910,0.002472,2.974754,0.000000
48.582906,0.002472,2.989094,0.000000
48.587266,0.002472,3.006447,0.000000
48.593111,0.002472,3.006447,0.000000
48.599155,0.002472,3.006447,0.000000
48.603116,0.002472,3.015123,0.000000
48.610709,0.002472,3.015123,0.000000
48.614754,0.002472,3.015123,0.000000
48.618856,0.002472,3.015123,0.000000
48.623887,0.002472,3.015123,0.000000
48.627907,0.002472,3.015123,0.000000
48.631982,0.002472,2.963481,0.000000
48.638078,0.002472,2.958110,0.000000
48.642536,0.002472,2.958110,0.000000
48.647805,0.002472,2.958110,0.000000
48.651876,0.005988,2.992255,0.000000
48.657796,0.005988,2.992255,0.000000
48.661934,-0.000934,2.992255,0.000000
48.667003,-0.000934,2.726864,0.000000
48.672962,-0.000934,2.930758,0.000000
48.676962,-0.000934,2.932060,0.000000
48.680995,-0.000934,2.801204,0.000000
48.685096,-0.000934,2.879525,0.000000
48.689174,-0.004449,2.827920,0.000000
48.694730,-0.004449,2.763861,0.000000
48.700181,-0.004449,2.959914,0.000000
48.709523,-0.000934,2.853641,0.000000
48.719437,-0.004449,2.877928,0.000000
48.723923,-0.004449,2.810464,0.000000
48.732201,0.002472,2.735654,0.000000
48.736272,0.002472,2.877414,0.000000
48.740377,0.002472,2.884138,0.000000
48.744789,-0.004449,3.019679,0.000000
48.749371,-0.004449,3.080326,0.000000
48.756340,-0.004449,2.946841,0.000000
48.760984,0.002472,2.898389,0.000000
48.765229,0.002472,2.900400,0.000000
48.771220,0.002472,2.876650,0.000000
48.775462,0.002472,2.830956,0.000000
48.779866,0.002472,2.971269,0.000000
48.784194,0.002472,2.998835,0.000000
48.788338,0.005988,2.998835,0.000000
48.792397,0.005988,2.819254,0.000000
48.797624,0.005988,2.968053,0.000000
48.803255,0.002472,3.082777,0.000000
48.811474,0.002472,3.061181,0.000000
48.817158,0.002472,2.827047,0.000000
48.821027,0.002472,2.827047,0.000000
48.824965,0.002472,2.809124,0.000000
48.830822,-0.000934,2.809124,0.000000
48.834896,-0.000934,2.809124,0.000000
48.839456,-0.000934,2.809124,0.000000
48.845169,-0.000934,2.809124,0.000000
48.849563,-0.000934,2.800162,0.000000
48.854113,-0.000934,2.800162,0.000000
48.860645,-0.000934,2.800162,0.000000
48.864903,-0.000934,2.800162,0.000000
48.869029,-0.000934,2.800162,0.000000
48.875024,-0.004449,2.800162,0.000000
48.879333,-0.004449,2.800162,0.000000
48.883375,-0.004449,2.800162,0.000000
48.887789,-0.004449,2.800162,0.000000
48.891883,-0.004449,2.800162,0.000000
48.896883,-0.004449,2.800162,0.000000
48.901136,0.002472,3.029681,0.000000
48.907865,0.002472,3.029681,0.000000
48.915114,0.002472,3.029681,0.000000
48.919310,0.002472,3.029681,0.000000
48.925768,0.002472,2.795240,0.000000
48.931345,-0.000934,2.793505,0.000000
48.935399,-0.000934,2.909019,0.000000
48.939422,-0.000934,2.952227,0.000000
48.943621,-0.004449,2.957232,0.000000
48.947868,-0.004449,2.930454,0.000000
48.952008,-0.004449,3.107703,0.000000
48.957785,-0.000934,2.994366,0.000000
48.963357,-0.000934,2.804198,0.000000
48.969155,-0.000934,2.856906,0.000000
48.976006,-0.000934,2.957522,0.000000
48.982565,-0.000934,3.122220,0.000000
48.986627,-0.000934,3.002639,0.000000
48.995099,-0.000934,2.687045,0.000000
48.999646,0.002472,2.749980,0.000000
49.003638,0.002472,2.875849,0.000000
49.009308,0.002472,2.920281,0.000000
49.016633,0.002472,2.895365,0.000000
49.022531,0.002472,2.776670,0.000000
49.026474,-0.000934,2.965134,0.000000
49.030695,-0.000934,2.949754,0.000000
49.034820,-0.000934,2.869469,0.000000
49.038722,-0.000934,2.772233,0.000000
49.042719,0.005988,2.819240,0.000000
49.046735,0.005988,3.012558,0.000000
49.051027,-0.000934,2.964245,0.000000
49.057205,-0.000934,2.877722,0.000000
49.061416,-0.000934,2.877722,0.000000
49.065481,-0.000934,2.877722,0.000000
49.071167,-0.000934,2.877722,0.000000
49.075130,-0.000934,2.835661,0.000000
49.079288,-0.000934,2.802315,0.000000
49.084986,0.002472,2.912179,0.000000
49.089020,0.002472,2.981722,0.000000
49.093015,0.002472,2.914152,0.000000
49.098513,-0.000934,2.749369,0.000000
49.102382,-0.000934,2.903171,0.000000
49.107904,-0.000934,2.991105,0.000000
49.118643,-0.000934,3.020688,0.000000
49.124119,-0.000934,3.020688,0.000000
49.128178,-0.000934,2.907144,0.000000
49.132206,-0.000934,2.995286,0.000000
49.136378,-0.000934,2.844021,0.000000
49.140403,-0.000934,2.862555,0.000000
49.145083,-0.000934,2.710577,0.000000
49.149036,-0.000934,2.867189,0.000000
49.153205,-0.004449,2.917048,0.000000
49.157466,-0.004449,2.848882,0.000000
49.163766,-0.004449,2.820041,0.000000
49.167772,-0.000934,2.820041,0.000000
49.171916,-0.000934,2.820041,0.000000
49.178300,-0.000934,2.820041,0.000000
49.182405,-0.004449,2.820041,0.000000
49.186569,-0.004449,2.820041,0.000000
49.190767,-0.004449,2.820041,0.000000
49.194700,-0.004449,2.820041,0.000000
49.199117,-0.004449,2.820041,0.000000
49.203180,-0.004449,2.820041,0.000000
49.208859,-0.000934,2.820041,0.000000
49.213068,-0.000934,2.690420,0.000000
49.217193,-0.000934,2.690420,0.000000
49.225898,-0.000934,2.814451,0.000000
49.232552,-0.000934,2.920425,0.000000
49.236760,-0.004449,2.881656,0.000000
49.240744,-0.004449,2.717032,0.000000
49.245023,-0.004449,2.841279,0.000000
49.249633,-0.000934,2.824880,0.000000
49.254646,-0.000934,2.791989,0.000000
49.260222,-0.000934,2.879399,0.000000
49.264357,-0.000934,2.813512,0.000000
49.268496,-0.000934,2.893636,0.000000
49.274258,-0.000934,2.843618,0.000000
49.278500,0.002472,2.864305,0.000000
49.282535,0.002472,2.864305,0.000000
49.286970,0.002472,2.864305,0.000000
49.291068,0.002472,2.864305,0.000000
49.295442,-0.000934,2.827752,0.000000
49.299777,-0.000934,2.827752,0.000000
49.303930,-0.004449,2.827752,0.000000
49.310687,-0.004449,2.827752,0.000000
49.314644,-0.004449,2.827752,0.000000
49.318653,-0.000934,2.810676,0.000000
49.327692,-0.000934,2.917238,0.000000
49.331759,-0.000934,2.917238,0.000000
49.336919,-0.000934,2.917238,0.000000
49.340999,-0.000934,2.917238,0.000000
49.344988,-0.000934,2.917238,0.000000
49.350192,-0.000934,2.917238,0.000000
49.354395,-0.000934,2.855419,0.000000
49.358559,-0.000934,2.742177,0.000000
49.364212,-0.000934,2.815072,0.000000
49.369009,-0.000934,2.803136,0.000000
49.372988,-0.000934,2.803136,0.000000
49.380728,0.002472,2.803136,0.000000
49.384809,0.002472,2.803136,0.000000
49.388884,0.002472,2.803136,0.000000
49.393001,0.002472,2.797168,0.000000
49.397415,0.002472,2.797168,0.000000
49.401458,0.002472,2.797168,0.000000
49.405424,-0.000934,2.797168,0.000000
49.411901,-0.000934,2.797168,0.000000
49.415974,-0.000934,2.797168,0.000000
49.420061,-0.000934,2.795384,0.000000
49.427508,-0.000934,2.795384,0.000000
49.431646,-0.000934,2.795384,0.000000
49.435525,-0.000934,2.795384,0.000000
49.441268,-0.000934,2.910892,0.000000
49.445289,-0.000934,2.800631,0.000000
49.449373,-0.000934,2.879604,0.000000
49.453524,-0.000934,2.832850,0.000000
49.461146,-0.000934,2.984090,0.000000
49.465245,-0.000934,2.840622,0.000000
49.469420,-0.000934,2.815911,0.000000
49.475504,-0.000934,2.815911,0.000000
49.479535,-0.000934,2.815911,0.000000
49.485560,-0.000934,2.815911,0.000000
49.489662,-0.000934,2.815911,0.000000
49.494044,-0.000934,2.815911,0.000000
49.500395,-0.000934,2.739228,0.000000
49.505064,-0.000934,2.739228,0.000000
49.511408,-0.000934,2.739228,0.000000
49.515269,-0.000934,2.739228,0.000000
49.519306,-0.000934,2.739228,0.000000
49.529637,-0.004449,2.739228,0.000000
49.535033,-0.004449,2.739228,0.000000
49.539029,-0.004449,2.739228,0.000000
49.542949,-0.004449,2.881514,0.000000
49.547035,-0.000934,2.836357,0.000000
49.551191,-0.000934,2.688389,0.000000
49.555211,-0.000934,2.623495,0.000000
49.560944,-0.000934,2.923724,0.000000
49.564993,-0.000934,2.742262,0.000000
49.569082,-0.000934,2.742262,0.000000
49.574518,-0.000934,2.742262,0.000000
49.578699,-0.000934,2.742262,0.000000
49.584519,0.002472,2.742262,0.000000
49.590214,0.002472,2.742262,0.000000
49.594893,0.002472,2.742262,0.000000
49.599232,0.002472,2.742262,0.000000
49.605088,0.002472,2.742262,0.000000
49.609343,0.002472,2.742262,0.000000
49.614882,-0.000934,2.742262,0.000000
49.620031,-0.000934,2.742262,0.000000
49.624466,-0.000934,2.742262,0.000000
49.631746,0.002472,2.742262,0.000000
49.635691,0.002472,2.742262,0.000000
49.639696,0.002472,2.742262,0.000000
49.643699,-0.000934,2.955365,0.000000
49.647903,-0.000934,2.955365,0.000000
49.651972,-0.000934,2.955365,0.000000
49.657046,-0.000934,2.955365,0.000000
49.660980,-0.000934,2.955365,0.000000
49.667512,-0.000934,2.955365,0.000000
49.671515,0.002472,3.009291,0.000000
49.675635,0.002472,2.882520,0.000000
49.681215,0.002472,2.856907,0.000000
49.685689,-0.000934,2.855257,0.000000
49.690115,-0.000934,2.782303,0.000000
49.694200,-0.000934,2.791588,0.000000
49.698215,0.002472,2.951137,0.000000
49.703566,0.002472,3.006934,0.000000
49.707638,0.002472,2.877617,0.000000
49.714398,-0.000934,2.842013,0.000000
49.719248,-0.000934,2.793013,0.000000
49.723478,0.002472,2.769425,0.000000
49.729143,0.002472,2.899802,0.000000
49.739713,0.002472,3.002487,0.000000
49.744223,0.002472,2.915853,0.000000
49.749299,0.002472,3.009982,0.000000
49.754100,0.002472,3.009982,0.000000
49.759520,0.002472,2.904045,0.000000
49.765488,0.002472,2.916153,0.000000
49.769551,0.002472,2.945459,0.000000
49.773981,0.002472,2.945459,0.000000
49.779538,0.002472,2.636730,0.000000
49.784714,-0.004449,2.928611,0.000000
49.789338,-0.004449,2.897776,0.000000
49.793589,-0.004449,2.857811,0.000000
49.797544,-0.000934,2.913863,0.000000
49.803235,-0.000934,2.902552,0.000000
49.808757,0.002472,2.824305,0.000000
49.814879,0.002472,2.908430,0.000000
49.820208,0.002472,2.869126,0.000000
49.826928,0.002472,2.811882,0.000000
49.830966,0.002472,2.749746,0.000000
49.839849,-0.000934,2.932431,0.000000
49.843904,-0.000934,2.728927,0.000000
49.847961,-0.000934,2.899716,0.000000
49.853141,-0.004449,3.000541,0.000000
49.857317,-0.004449,2.775634,0.000000
49.861634,-0.004449,2.846108,0.000000
49.867683,-0.004449,2.846108,0.000000
49.871966,-0.004449,2.846108,0.000000
49.875932,-0.004449,2.846108,0.000000
49.880029,0.002472,2.846108,0.000000
49.884235,0.002472,2.846108,0.000000
49.888647,0.002472,2.846108,0.000000
49.892685,0.002472,2.846108,0.000000
49.897114,0.002472,2.846108,0.000000
49.901104,0.002472,2.846108,0.000000
49.905268,0.002472,2.934954,0.000000
49.909334,-0.000934,2.926769,0.000000
49.913310,-0.000934,2.942936,0.000000
49.918926,-0.000934,2.855592,0.000000
49.923923,-0.000934,2.838887,0.000000
49.929867,-0.000934,2.897305,0.000000
49.937647,-0.011481,2.936752,0.000000
49.952649,-0.000934,2.826098,0.000000
49.956811,-0.000934,2.896506,0.000000
49.961762,-0.000934,2.919441,0.000000
49.967228,0.002472,2.975565,0.000000
49.971358,0.002472,2.979480,0.000000
49.975909,-0.000934,2.873185,0.000000
49.981524,-0.000934,3.007509,0.000000
49.987092,-0.000934,2.805319,0.000000
49.991362,-0.000934,2.880840,0.000000
49.995433,0.002472,2.950403,0.000000
50.003052,0.002472,2.902913,0.000000
50.007062,-0.000934,2.894076,0.000000
50.011075,-0.000934,2.804659,0.000000
50.016639,-0.000934,2.804659,0.000000
50.021332,0.002472,2.967332,0.000000
50.026046,0.002472,2.901416,0.000000
50.031948,0.002472,2.947438,0.000000
50.036362,0.002472,2.907416,0.000000
50.044794,0.002472,2.880254,0.000000
50.048770,-0.000934,2.990483,0.000000
50.053056,-0.000934,2.987952,0.000000
50.058386,-0.000934,2.805967,0.000000
50.064814,0.002472,2.793173,0.000000
50.069811,0.002472,2.814211,0.000000
50.074050,0.002472,2.726500,0.000000
50.079899,0.002472,2.933131,0.000000
50.084027,0.002472,2.770042,0.000000
50.091518,0.005988,2.922051,0.000000
50.095788,0.005988,2.901791,0.000000
50.100120,0.005988,2.963006,0.000000
50.106076,-0.000934,2.818088,0.000000
50.110026,-0.000934,2.881780,0.000000
50.114286,-0.000934,2.832798,0.000000
50.119847,0.002472,2.813199,0.000000
