:020000040800F2
:10000000885F002499030008F9F9000871C300080B
:1000100009F90008E10A0008B92B010800000000F6
:10002000000000000000000000000000B10701080F
:10003000211C00080000000001010108210A01083C
:10004000B7030008B7030008B7030008B7030008A8
:10005000B7030008B7030008B7030008B703000898
:10006000B7030008B7030008B7030008F910000839
:100070000911000819110008B7030008B7030008A8
:10008000B7030008B7030008B7030008711C000895
:10009000911C0008811C0008A11C0008B70300087F
:1000A000B7030008B7030008B7030008B703000848
:1000B000810C0108B7030008B7030008B703000864
:1000C000B7030008B7030008B7030008B703000828
:1000D000C1050108B7030008B7030008B70300080B
:1000E000291C0008B703000800000000B70300083F
:1000F000B7030008B7030008B7030008B7030008F8
:10010000B7030008B7030008A10C0108B7030008F3
:10011000B703000849160108B7030008B703000831
:10012000B7030008B7030008B7030008B7030008C7
:10013000B7030008B7030008B7030008B11C0008A4
:1001400000000000000000000000000000000000AF
:10015000B7030008B7030008B7030008B703000897
:10016000B7030008B7030008B7030008B703000887
:10017000B7030008B7030008B70300080000000039
:10018000B7030008B7030008B7030008B703000867
:10019000B7030008B7030008B7030008B703000857
:1001A000B7030008B7030008B70300080000000009
:1001B000B7030008B7030008B7030008B703000837
:1001C000B7030008B70300080000000000000000AB
:1001D0000000000000000000B7030008000000005D
:1001E000000000000000000000000000000000000F
:1001F0000000000000000000B7030008B70300087B
:10020000B7030008B703000800000000B7030008A8
:10021000B7030008B7030008B7030008B7030008D6
:10022000B703000800000000B7030008000000004A
:10023000B7030008B703000800000000B703000878
:10024000B7030008B7030008B7030008B7030008A6
:10025000B7030008B7030008B7030008B703000896
:10026000B7030008B7030008B7030008B703000886
:10027000B7030008B7030008B70300080000000038
:10028000B7030008B7030008B7030008B703000866
:1002900000000000B7030008B703000800000000DA
:1002A00000000000B7030008B7030008B703000808
:1002B000B7030008B7030008B7030008B703000836
:1002C000B7030008B7030008B703000800F002F8FE
:1002D00000F052F814A696E8000CB244B344DA4594
:1002E00001D100F049F8BAE80F000FA696E83000F7
:1002F000A5EB040504EB0607AAEB0704A7F1010729
:100300004FEA15154FEA3414A4F10104AC4201D3AD
:1003100000F032F813F0010F18BFFB1A43F001038D
:1003200000F001F8DBE7184798960100B896010045
:10033000103A24BF78C878C1FAD8520724BF30C811
:1003400030C144BF04680C60704700007047000073
:100350000023002400250026103A28BF78C1FBD8CE
:10036000520728BF30C148BF0B6070471FB518F057
:1003700016FD1FBD10B510BD00F089F91146FFF73D
:10038000F5FF14F009F800F0A7F903B4FFF7F2FF46
:1003900003BC00F0ABF900000A4880470A488047D8
:1003A0000A480047FEE7FEE7FEE7FEE7FEE7FEE756
:1003B000FEE7FEE7FEE7FEE705480649064A074B6B
:1003C00070470000491C0008190B0108CD02000805
:1003D00088590024885F0024885B0024885B0024FF
:1003E00053EA020C00F069802DE9F04B4FF0000653
:1003F000002B1FBFB3FA83F503FA05F424FA05F6C0
:100400005E4012BF1643B2FA82F502FA05F4C5F156
:1004100020051EBF22FA05FC44EA0C04203556EAEA
:10042000044C4FEA144418BF641C4FF000084FF00E
:100430000009904271EB030C39D3002919BFB1FABE
:1004400081F701FA07F6B0FA80F700FA07F6C7F16C
:1004500020071EBF20FA07FC46EA0C062037B6FB31
:10046000F4FCA7EB0507103F07F01F0BCBF12006AC
:100470002CFA06F60CFA0BFB44BFB3460026202FDD
:10048000A4BF5E464FF0000B5BEA060C08BF4FF0BE
:10049000010B19EB0B0948EB0608ABFB027C06FBD2
:1004A00002CC0BFB03CCC01B71EB0C01C1E70B466C
:1004B000024641464846BDE8F08B13B5084318BFD5
:1004C0004FF0FF300146AFF30080BDE81C4070479D
:1004D000032A40F2308010F0030C00F0158011F870
:1004E000013BBCF1020F624498BF11F801CB00F848
:1004F000013B38BF11F8013BA2F1040298BF00F89C
:1005000001CB38BF00F8013B11F0030300F0258058
:10051000083AC0F0088051F8043B083A51F804CB7F
:10052000A0E80810F5E7121D5CBF51F8043B40F845
:10053000043BAFF30080D20724BF11F8013B11F850
:1005400001CB48BF11F8012B24BF00F8013B00F894
:1005500001CB48BF00F8012B704710B5203AC0F01E
:100560000B80B1E81850A0E81850B1E81850A0E886
:100570001850203ABFF4F5AF5FEA027C24BFB1E81F
:100580001850A0E8185044BF18C918C0BDE8104062
:100590005FEA827C24BF51F8043B40F8043B08BF6B
:1005A0007047D20728BF31F8023B48BF11F8012B32
:1005B00028BF20F8023B48BF00F8012B704702F02B
:1005C000FF0343EA032242EA024200F024B84FF05C
:1005D00000020429C0F0128010F0030C00F01B8010
:1005E000CCF1040CBCF1020F18BF00F8012BA8BF1E
:1005F00020F8022BA1EB0C0100F00DB85FEAC17CE2
:1006000024BF00F8012B00F8012B48BF00F8012B94
:1006100070474FF0000200B51346944696462039C5
:1006200022BFA0E80C50A0E80C50B1F12001BFF4AB
:10063000F7AF090728BFA0E80C5048BF0CC05DF811
:1006400004EB890028BF40F8042B08BF704748BF5F
:1006500020F8022B11F0804F18BF00F8012B7047D3
:1006600070477047704710B500F00CF8006810BD77
:1006700010B5044600F006F8046010BD004870474D
:10068000E000002400487047E000002470477546F1
:10069000FFF7F4FFAE4605006946534620F0070019
:1006A000854618B020B5FFF787FEBDE820404FF023
:1006B00000064FF000074FF000084FF0000BAC466B
:1006C000ACE8C009ACE8C009ACE8C009ACE8C009B6
:1006D00021F007018D46704710B50446AFF3008046
:1006E0002046BDE81040FFF750BE00000149182029
:1006F000ABBEFEE72600020080B540F60000C5F65E
:1007000002000122114606F07FFB80BD00000000C0
:1007100080B540F60000C5F602000121002206F077
:1007200073FB80BD00000000704700000000000067
:1007300080B540F60000C5F602000821012206F04F
:1007400063FB80BD0000000080B540F60000C5F6E8
:1007500002000821002206F057FB80BD00000000C7
:10076000704700000000000080B582B0ADF80600C0
:10077000FFE7BDF80600411EADF8061028B1FFE7FF
:100780004FF47A7000F004F8F3E702B080BD000087
:1007900086B0ADF8160000200490039002900190FE
:1007A00000904EF21400CEF2000000680090BDF8F8
:1007B0001600C0EB0010400104904EF21800CEF27B
:1007C000000000680390FFE74EF21800CEF2000030
:1007D000006802900298039988421ED0FFE70298B1
:1007E0000399884207D2FFE703980299411A0198BA
:1007F0000844019008E000980299401A03990144C6
:10080000019808440190FFE7029803900198049929
:10081000884201D3FFE701E0FFE7D5E706B0704764
:1008200080B582B000208DF80700FFF77DFFFFF74D
:1008300097FF13F0B5F901469DF8070008438DF8BE
:10084000070013F075FA01469DF8070008438DF87C
:1008500007009DF8070002B080BD00000000000006
:1008600080B588B007900691059200200090049012
:100870000390FFF74DFF922000F00AF9122003A920
:100880000191062200F0CCF8FFF736FF9DF80C002E
:100890009DF80D1040EA0120ADF80A00BDF90A00EC
:1008A00000EE100AB8EEC00A40F20000C2F20040AA
:1008B00090ED001A20EE010A069981ED000A9DF8DC
:1008C0000E109DF80F2041EA0221ADF80A10BDF983
:1008D0000A1000EE101AB8EEC00A90ED001A20EED1
:1008E000010A069981ED010A9DF810109DF811206A
:1008F00041EA0221ADF80A10BDF90A1000EE101A03
:10090000B8EEC00A90ED001A20EE010A069880EDBC
:10091000020AFFF719FF00980199082200F080F8F9
:10092000FFF706FF9DF80C000F2844D1FFE79DF864
:100930000E009DF80F1040EA0120ADF80A00BDF945
:100940000A0000EE100AB8EEC00A40F20400C2F23B
:10095000004090ED001A20EE010A079981ED000A8F
:100960009DF810109DF8112041EA0221ADF80A10FF
:10097000BDF90A1000EE101AB8EEC00A90ED001A88
:1009800020EE010A079981ED010A9DF812109DF8E9
:10099000132041EA0221ADF80A10BDF90A1000EE59
:1009A000101AB8EEC00A90ED001A20EE010A07985E
:1009B00080ED020AFFE7FFF7ABFEA22000F068F827
:1009C000222003A9022200F02BF8FFF795FE9DF8E4
:1009D0000C009DF80D10C00040EA5110ADF80A005F
:1009E000BDF90A00B0F5806F07DBFFE7BDF80A002C
:1009F000A0F50060ADF80A00FFE7BDF90A0000EEBF
:100A0000100AB8EEC01AB4EE002AB3EE070AA1EE3F
:100A1000020A059880ED000A08B080BD00000000C1
:100A200080B584B08DF80F0002918DF807209DF8F5
:100A30000F0040F0800000F02BF8FFE79DF8070062
:100A400070B1FFE7552000F023F802990870029872
:100A5000013002909DF8070001388DF80700EDE79E
:100A600004B080BD0000000080B582B08DF80700A2
:100A700000919DF8070040F0800000F009F8552033
:100A800000F006F80099087002B080BD0000000078
:100A900080B582B08DF8070069464FF47A7008601F
:100AA00040F68850C2F200400DF107010DF1060238
:100AB000012309F02DFB9DF8060002B080BD000067
:100AC00080B582B08DF807008DF806109DF80700FC
:100AD000FFF7DEFF9DF80600FFF7DAFF02B080BDEA
:100AE000FFE7FEE70000000080B582B00190022021
:100AF00001214FF0FF3213F0BBFDFFE713F038FD8B
:100B000040F24011C2F2004108604FF0FF3013F094
:100B1000EBFCF3E70000000080B59AB0199040F6B6
:100B20004440C2F2004001F093FA41F27B40C3F628
:100B30002E60169045F62940C3F68F50179000217D
:100B40000491189140F6C000C2F2004003902C308E
:100B500016AA9FED6F0A8DED050ADFED6E0ACDED49
:100B6000060A0FF0CDF8039804999DED050ADDED16
:100B7000060A4CF6CD42C3F6CC5213924CF6CD4247
:100B8000C3F64C52029214921591A43013AA0FF09E
:100B9000B7F8039804999DED050ADDED060A4CF2BD
:100BA0008F22C3F6F55210921191129100F58E70BA
:100BB00010AA0FF0A5F8029A039804999DED050A72
:100BC000DDED060A4DF20A73C3F6A3530D930E92A0
:100BD0000F9200F5CA700DAA0FF092F840F2505033
:100BE000C2F2004000F098F9022001214FF0FF32DC
:100BF00013F03EFDFFE713F0BBFC40F24411C2F2DC
:100C000000410191086013F0B3FC0146019840F6E1
:100C1000AC22C2F20042116000788007002861D542
:100C2000FFE713F081F940F24410C2F2004000786F
:100C30008006002836D5FFE740F69C70C2F20040DF
:100C400090ED000AB3EE0E1A20EE010AB7EEC00ACC
:100C50009FED2B2B30EE020BB7EEC00B8DED0A0A89
:100C600090ED010A20EE010AB7EEC00A9FED261BA7
:100C700030EE010BB7EEC00B8DED0B0A90ED020AC2
:100C80009FED261A20EE010A8DED0C0A40F6C001F8
:100C9000C2F2004140F68C02C2F200420AA800F003
:100CA0005FF81EE040F24410C2F200400078C00637
:100CB000002815D5FFE740F69C70C2F2004001689D
:100CC00007914068089040F25050C2F2004090ED09
:100CD000780A9FED111A20EE010A8DED090AFFE74F
:100CE000FFE702E013F0B8F9FFE76FF0004013F000
:100CF000FBFB012013F084FB7DE700BF00BF00BFBA
:100D0000A1D634EF3845B7BF6B48DC63E943973F62
:100D100000401C46000048449A99993F0000484210
:100D200081B0009040F2F820C2F2004090ED000B3C
:100D30009FED091B30EE010BB7EEC00B009880ED64
:100D4000000A009900204860009988600099C860F6
:100D500001B0704700BF00BF00000060B81E09C0AE
:100D600080B586B00590049103920598006840F61E
:100D7000B421C2F20041086000208DF80B00FFE7AB
:100D80009DF80B0003281ADCFFE704989DF80B1070
:100D9000C1EB011200EBC20090ED020BB7EEC00BED
:100DA00041F28450C2F2004000EB810080ED000A65
:100DB000FFE79DF80B0001308DF80B00E0E741F2F2
:100DC0008450C2F2004041F27851C2F200410091D9
:100DD00013F0EEF80099086840F6B022C2F2004223
:100DE000106004982C3091ED000A0599D1ED000AAD
:100DF0000EF03EFE009940F66400C2F20040019001
:100E000080ED000A0498A43091ED010A0599D1ED16
:100E1000010A0EF02DFE0099019880ED010A049858
:100E200000F58E7091ED020A0599D1ED020A0EF0DF
:100E30001FFE019880ED020A90ED000AD0ED010A34
:100E400090ED021A40F67000C2F2004000F078F80F
:100E500000208DF80A00FFE79DF80A0003284DDC0A
:100E6000FFE79DF80A2040F67000C2F2004000EB58
:100E7000820090ED000AB1EE081A80EE010A9FEDA3
:100E8000251A20EE010ABDEEC00A10EE101A40F637
:100E90008000C2F2004020F812109DF80A1030F9CC
:100EA0001100B0F5804F0BDDFFE79DF80A2040F6FA
:100EB0008001C2F200414FF4804021F81200FFE7A8
:100EC0009DF80A1040F68000C2F2004030F911008F
:100ED00010F5804F0BDAFFE79DF80A2040F68001FD
:100EE000C2F200414FF4404021F81200FFE7FFE753
:100EF0009DF80A0001308DF80A00ADE703980499C7
:100F0000496A40F68002C2F200420EF001FD06B0CE
:100F100080BD00BF0000804680B582B0019013F014
:100F20000FF813F019F8019800F5F070FFF7F8FECC
:100F3000019800F5F87000F093F802B080BD000051
:100F400084B08DED030ACDED020A8DED011A0090FB
:100F50009DED030AB7EEC00A9DED021AB7EEC11A65
:100F60009FED375B21EE051BA0EE051B9DED010AF1
:100F70009FED393A20EE030AB7EEC00A30EE010BBE
:100F80009FED311B80EE010BB7EEC00B009880ED9A
:100F9000030A9DED030AB7EEC02A9DED020AB7EEE3
:100FA000C00A9FED2B4B20EE040BA2EE050B9DED2E
:100FB000012A22EE032AB7EEC22A30EE020B80EE9F
:100FC000010BB7EEC00B009880ED020A9DED030AFD
:100FD000B7EEC00A9DED022AB7EEC22A22EE052B1B
:100FE000A0EE042B9DED010A20EE030AB7EEC00A25
:100FF00030EE020B80EE010BB7EEC00B009880EDD7
:10100000010A9DED030AB7EEC02A9DED020AB7EE74
:10101000C00A20EE040BA2EE040B9DED012A22EE85
:10102000032AB7EEC22A30EE020B80EE010BB7EEB8
:10103000C00B009880ED000A009804B0704700BF14
:101040001B0DE02D90A0E6BF000000A09999B93FCC
:101050001B0DE02D90A0E63F6666E63E0000000016
:1010600080B582B001900198DFED181ACDED001A1D
:10107000B0EE610AF0EE610AB0EE611A0EF080FE89
:10108000DDED001A01981030B0EE610AF0EE610A51
:10109000B0EE611A0EF074FEDDED001A01982030FA
:1010A000B0EE610AF0EE610AB0EE611A0EF068FE71
:1010B000DDED001A01983030B0EE610AF0EE610A01
:1010C000B0EE611A0EF05CFE02B080BD00000000C0
:1010D00084B00390029101928DF803300298039935
:1010E00008629DF80300039981F82800019803998C
:1010F000486204B07047000080B540F6CC30C2F2C0
:10110000004002F015F980BD80B540F65430C2F2BF
:10111000004002F00DF980BD80B540F6DC20C2F23F
:10112000004002F005F980BD83B00290029801688A
:1011300001201022C4F202029142009000F0A3802C
:10114000FFE70298016801202822C4F202029142BE
:10115000009000F09880FFE702980168012040228B
:10116000C4F202029142009000F08D80FFE70298E5
:10117000016801205822C4F202029142009000F05E
:101180008280FFE70298016801207022C4F2020207
:101190009142009077D0FFE70298016801208822F1
:1011A000C4F20202914200906DD0FFE702980168FC
:1011B0000120A022C4F202029142009063D0FFE716
:1011C000029801680120B822C4F202029142009004
:1011D00059D0FFE702980168012040F21042C4F2A2
:1011E0000202914200904ED0FFE702980168012070
:1011F00040F22842C4F202029142009043D0FFE73D
:1012000002980168012040F24042C4F20202914279
:10121000009038D0FFE702980168012040F2584260
:10122000C4F20202914200902DD0FFE702980168BB
:10123000012040F27042C4F202029142009022D09A
:10124000FFE702980168012040F28842C4F20202DE
:101250009142009017D0FFE702980168012040F208
:10126000A042C4F20202914200900CD0FFE7029823
:1012700000684FF64831CBF6FD710844B0FA80F0B3
:1012800040090090FFE70098C00740B3FFE70298CD
:10129000007810384AF6AB21CAF6AA21A0FB01104B
:1012A00000090190019800F0070148F66C70C0F643
:1012B0000100405C0299C8650198042807D3FFE744
:1012C00002990868042262F30900886506E0029921
:1012D000086840F2FF3290438865FFE705E0029915
:1012E000086820F0FF008865FFE70298806D03B072
:1012F000704700000000000084B00390039800686D
:10130000019003980168012045F20842C5F60202E7
:10131000914200904ED0FFE703980168012045F20A
:101320001C42C5F602029142009043D0FFE70398A9
:101330000168012045F23042C5F602029142009058
:1013400038D0FFE703980168012045F24442C5F612
:101350000202914200902DD0FFE70398016801201E
:1013600045F25842C5F602029142009022D0FFE7B2
:1013700003980168012045F26C42C5F602029142D1
:10138000009017D0FFE703980168012045F28042E2
:10139000C5F60202914200900CD0FFE70398006866
:1013A0004AF66C31CAF2FD710844B0FA80F0400987
:1013B0000090FFE70098C00710B3FFE7039800789C
:1013C00008384CF6CD41CCF6CC41A0FB0110000909
:1013D0000290029945F60000C5F6020000EB81007C
:1013E00003990866039945F68000C5F60200486631
:1013F000029800F01F01012088400399886635E0BB
:101400000398007810384AF6AB21CAF6AA21A0FB4F
:10141000011000090290019840F2B841C4F20201A3
:1014200088420CD8FFE7019840F21041C4F2020153
:10143000884204D3FFE7029808300290FFE7029940
:1014400040F60000C4F2020000EB81000399086638
:10145000039940F68000C4F202004866029800F04A
:101460001F010120884003998866FFE704B0704798
:1014700083B002900298007901900198002800F052
:101480008A80FFE70198082800F28580FFE702982C
:101490000168012045F20842C5F60202914200901F
:1014A0004ED0FFE702980168012045F21C42C5F6C4
:1014B00002029142009043D0FFE7029801680120A8
:1014C00045F23042C5F602029142009038D0FFE763
:1014D00002980168012045F24442C5F60202914299
:1014E00000902DD0FFE702980168012045F2584294
:1014F000C5F602029142009022D0FFE702980168EF
:10150000012045F26C42C5F602029142009017D0CC
:10151000FFE702980168012045F28042C5F6020209
:10152000914200900CD0FFE7029800684AF66C31B7
:10153000CAF2FD710844B0FA80F040090090FFE75C
:101540000098C00780B1FFE7019945F6FC00C5F699
:10155000020000EB81000299C866029945F640102E
:10156000C5F6020008670FE0019940F6FC00C4F2DE
:10157000020000EB81000299C866029940F6401013
:10158000C4F202000867FFE70198411E012088406D
:1015900002994867FFE703B07047000000000000B1
:1015A00085B0049000208DF80F000498806918BB66
:1015B000FFE70498806A029003281BD80299DFE8AD
:1015C00001F0020D0218049890F82F00C00720B116
:1015D000FFE701208DF80F00FFE70CE00498C06AD8
:1015E000B0F1C07F04D1FFE701208DF80F00FFE7C5
:1015F00001E000E0FFE747E004988069B0F5005F94
:1016000026D1FFE70498806A019003281ED801992B
:10161000DFE801F00206021101208DF80F0016E04C
:10162000049890F82F00C00720B1FFE701208DF843
:101630000F00FFE70BE00498C06AB0F1C07F04D14F
:10164000FFE701208DF80F00FFE700E0FFE71AE059
:101650000498806A0090032804D3FFE700980328C9
:1016600004D00EE001208DF80F000BE0049890F8F4
:101670002F00C00720B1FFE701208DF80F00FFE722
:1016800000E0FFE7FFE7FFE79DF80F0005B07047B8
:1016900089B008900791069205930898806D049090
:1016A0000898806D03900898016801201022C4F208
:1016B00002029142029000F00381FFE7089801685E
:1016C00001202822C4F202029142029000F0F88028
:1016D000FFE70898016801204022C4F2020291420B
:1016E000029000F0ED80FFE7089801680120582281
:1016F000C4F202029142029000F0E280FFE70898F3
:10170000016801207022C4F202029142029000F0AE
:10171000D780FFE70898016801208822C4F20202FE
:101720009142029000F0CC80FFE708980168012008
:10173000A022C4F202029142029000F0C180FFE7B1
:10174000089801680120B822C4F202029142029076
:1017500000F0B680FFE708980168012040F21042CF
:10176000C4F202029142029000F0AA80FFE70898BA
:101770000168012040F22842C4F202029142029024
:1017800000F09E80FFE708980168012040F2404287
:10179000C4F202029142029000F09280FFE70898A2
:1017A0000168012040F25842C4F2020291420290C4
:1017B00000F08680FFE708980168012040F270423F
:1017C000C4F20202914202907AD0FFE708980168C1
:1017D000012040F28842C4F20202914202906FD08E
:1017E000FFE708980168012040F2A042C4F202021B
:1017F0009142029064D0FFE708980168012040F20E
:10180000B842C4F202029142029059D0FFE7089810
:101810000168012045F20842C5F602029142029099
:101820004ED0FFE708980168012045F21C42C5F63A
:1018300002029142029043D0FFE70898016801201C
:1018400045F23042C5F602029142029038D0FFE7DD
:1018500008980168012045F24442C5F6020291420F
:1018600002902DD0FFE708980168012045F2584208
:10187000C5F602029142029022D0FFE70898016863
:10188000012045F26C42C5F602029142029017D047
:10189000FFE708980168012045F28042C5F6020280
:1018A000914202900CD0FFE7089800684AF66C312C
:1018B000CAF2FD710844B0FA80F040090290FFE7D7
:1018C0000298C00770B1FFE70898416E806E4860CB
:1018D0000898C06E28B1FFE70898016F406F486014
:1018E000FFE7FFE70898016801201022C4F2020216
:1018F0009142019000F0A380FFE708980168012061
:101900002822C4F202029142019000F09880FFE781
:101910000898016801204022C4F20202914201901D
:1019200000F08D80FFE70898016801205822C4F27A
:1019300002029142019000F08280FFE7089801685E
:1019400001207022C4F202029142019077D0FFE799
:101950000898016801208822C4F202029142019095
:101960006DD0FFE7089801680120A022C4F20202AE
:101970009142019063D0FFE7089801680120B822E6
:10198000C4F202029142019059D0FFE70898016821
:10199000012040F21042C4F20202914201904ED066
:1019A000FFE708980168012040F22842C4F20202D1
:1019B0009142019043D0FFE708980168012040F26E
:1019C0004042C4F202029142019038D0FFE70898E9
:1019D0000168012040F25842C4F202029142019093
:1019E0002DD0FFE708980168012040F27042C4F250
:1019F00002029142019022D0FFE70898016801207D
:101A000040F28842C4F202029142019017D0FFE7EF
:101A100008980168012040F2A042C4F202029142FB
:101A200001900CD0FFE7089800684FF64831CBF6DC
:101A3000FD710844B0FA80F040090190FFE7019879
:101A4000C00750B3FFE70898C06D00F01F013F20AA
:101A500088400499886008980168086820F480200C
:101A600008600598089909684860089880684028C7
:101A700009D1FFE7069808990968886007980899CE
:101A80000968C86008E0079808990968886006989E
:101A900008990968C860FFE782E00898016801209A
:101AA00045F20842C5F60202914200904ED0FFE78F
:101AB00008980168012045F21C42C5F602029142D5
:101AC000009043D0FFE708980168012045F23042BA
:101AD000C5F602029142009038D0FFE708980168ED
:101AE000012045F24442C5F60202914200902DD0F9
:101AF000FFE708980168012045F25842C5F6020246
:101B00009142009022D0FFE708980168012045F239
:101B10006C42C5F602029142009017D0FFE7089888
:101B20000168012045F28042C5F602029142009010
:101B30000CD0FFE7089800684AF66C31CAF2FD71D4
:101B40000844B0FA80F040090090FFE70098C00711
:101B500020B3FFE70898C06D00F01F010120884006
:101B60000399486005980899096848600898806852
:101B7000402809D1FFE70698089909688860079806
:101B800008990968C86008E007980899096888609A
:101B9000069808990968C860FFE700E0FFE7FFE7DB
:101BA00009B070470000000040F24811C2F2004145
:101BB0000888A0F5806000EE100AB8EEC00A9FED1C
:101BC000161A80EE010A40F69C70C2F2004080EDC9
:101BD000000A4A88A2F5806200EE102AB8EEC00A18
:101BE00080EE010A80ED010A8A88A2F5806200EE8B
:101BF000102AB8EEC00A80EE010A80ED020AC988F8
:101C0000A1F5806100EE101AB8EEC00A80EE010A5C
:101C100080ED030A704700BF0000A54400000000EB
:101C2000704700000000000080B54FF4806004F0B1
:101C3000EFFE4FF4805004F0EBFE80BD000000008A
:101C400072B6FFE7FEE7000044F60C01C5F602019C
:101C5000086840F002000860FFE744F60400C5F69B
:101C6000020000688004002801D4FFE7F5E7704710
:101C700080B540F64440C2F2004003F0B1FF80BDA1
:101C800080B540F64440C2F2004003F0A9FF80BD99
:101C900080B540F6E440C2F2004003F0A1FF80BDF1
:101CA00080B540F6E440C2F2004003F099FF80BDE9
:101CB00080B540F64440C2F2004003F091FF40F688
:101CC000E440C2F2004003F08BFF80BD0000000042
:101CD00084B002900298406B009002980068D0F89F
:101CE00084004FF6FC718843009940EA8100029914
:101CF0000968C1F8840002980068D0F8840020F4D4
:101D00007F00029A1168926B40EA0240C1F8840099
:101D10000298816B00980844009002980068D0F8FF
:101D200088006FF38F00009940EA810002990968EA
:101D3000C1F8880002980068D0F8880020F4FE00FE
:101D4000029A1168D26B40EA0240C1F888000298FA
:101D5000C16B009800EB4100009002980068D0F839
:101D6000A0006FF38F00009940EA81000299096892
:101D7000C1F8A00002980068D0F8A00020F4FE008E
:101D8000029A1168126C40EA0240C1F8A000029960
:101D9000086C496C009A00FB0120009002980068D2
:101DA000D0F8B0006FF38F00009940EA81000299EB
:101DB0000968C1F8B00002980068D0F8B00020F4BB
:101DC000FE00029A1168926C40EA0240C1F8B0002D
:101DD0000299886CC96C009A00FB0120009002985F
:101DE0000068D0F8AC006FF38F00009940EA8100E2
:101DF00002990968C1F8AC000299086D496D009A12
:101E000000FB0120009002980068D0F8F0006FF30A
:101E10008F00009940EA810002990968C1F8F0003A
:101E200002980068D0F8F00020F47C10029A116843
:101E3000926D40EA0240C1F8F0000298816D00986E
:101E400000EB4100009002980068D0F8C0006FF3EA
:101E50008F00009940EA810002990968C1F8C0002A
:101E600002980068D0F8C00020F47C10029A116833
:101E7000D26D40EA0240C1F8C00002980068D0F874
:101E8000C00020F07C50029A1168126E40EA026095
:101E9000C1F8C00002994A6B4AF60040C4F2000043
:101EA00000EB8200C86602998A6BC86E00EB820064
:101EB00008670299CA6B086F00EBC2004867029975
:101EC0000A6C4B6C486F5A4300EB8200886702999A
:101ED0008A6CCB6C886F5A4300EB8200C86702990A
:101EE0000A6D4B6DC86F5A4300EB8200C1F8800049
:101EF00002998A6DD1F8800000EBC200C1F884001D
:101F00000299CA6D8B6ED1F884005A4300EB8200AF
:101F1000C1F8880002990A6E8B6ED1F888005A4386
:101F200000EB8200C1F890000298D0F890004DF2CA
:101F3000FD31C4F2000188420FD3FFE70299D1F8C6
:101F40009C0040F02000C1F89C000299032081F819
:101F5000980001208DF80F0017E00298C06E0190E4
:101F6000FFE701980299D1F89010884208D2FFE764
:101F7000019900200860FFE7019804300190F0E724
:101F8000FFE700208DF80F00FFE79DF80F0004B079
:101F9000704700000000000088B00790069105928D
:101FA00004930698406848B9FFE70698016882687C
:101FB0000069104340EA8140039009E006980168F7
:101FC000826800691043084340F080400390FFE7B7
:101FD0000698D0F820C0C16842698369C06940EAA8
:101FE0000C601843104340EA014002900798826E4B
:101FF000D0F884000499514300EB810001900398CC
:1020000001990860019804300190029801990860D4
:1020100001980430019000200090FFE70098069995
:10202000CA6848F65C71C0F60101895C88420DD22D
:10203000FFE705980099405801990860019804301D
:102040000190FFE7009804300090E7E708B0704780
:1020500080B58EB00D90002004900590069002216E
:102060000291079101210391089109900A900D981E
:1020700005A903F061FB029A049B0D9869460B6069
:10208000114603F0E5FB0399049A0D9803F064FAF6
:102090000D9804F03DFC0EB080BD00000000000073
:1020A00080B582B0019000208DF80300FFE79DF815
:1020B00003000A2811DCFFE701990A4652F8280BB1
:1020C000043103F0C9FA08B9FFE706E0FFE79DF81D
:1020D000030001308DF80300E9E702B080BD000085
:1020E00082B0019000910098019908600199002048
:1020F00088600199C860019A0821116101994861BD
:10210000019988610199C861019908620199486241
:1021100002B070470000000082B00190009100986A
:102120000178407840EA012000B200EE100AB8EED3
:10213000C00A9FED291A80EE010AB7EEC01A9FED82
:10214000222B9FED230BA1EE020B019880ED000BDB
:1021500000988178C07840EA012000B200EE100AB1
:10216000B8EEC00A9FED1D1A20EE010A9FED1C1A61
:1021700080EE010AB7EEC00A019880ED020B0098CC
:102180000179407940EA012000B200EE100AB8EE71
:10219000C00A9FED141A20EE010AB7EEC00AB0EE95
:1021A000081B20EE010B019880ED040B009880794C
:1021B000019908760098C07901994876019802B093
:1021C000704700BF00BF00BF1F85EB51B81E19400C
:1021D0001F85EB51B81E09C000F8FF45C3F5C84084
:1021E000000070420000803882B001900091009899
:1021F0000178407840EA012000B200EE100AB8EE03
:10220000C00A9FED291A80EE010AB7EEC01A9FEDB1
:10221000222B9FED230BA1EE020B019880ED000B0A
:1022200000988178C07840EA012000B200EE100AE0
:10223000B8EEC00A9FED1D1A20EE010A9FED1C1A90
:1022400080EE010AB7EEC00A019880ED020B0098FB
:102250000179407940EA012000B200EE100AB8EEA0
:10226000C00A9FED141A20EE010AB0EE081A20EE03
:10227000010AB7EEC00A019880ED040B009880793E
:10228000019908760098C07901994876019802B0C2
:10229000704700BF00BF00BF1F85EB51B81E19403B
:1022A0001F85EB51B81E09C000F8FF45C3F5C840B3
:1022B000000070420000803840F27030C2F20040EE
:1022C00090ED690A7047000040F27030C2F20040A1
:1022D00090ED680A7047000040F27030C2F2004092
:1022E00090ED6A0A7047000080B582B001900198B5
:1022F00090ED000AB7EEC00A15F0F6FF30EE000BC5
:10230000B7EEC00B02B080BD80B58AB0089004F073
:1023100093FD0490089828B9FFE701208DF8270065
:1023200000F0AABC089890F8350002280ED0FFE70C
:10233000089980204865FFE70899002081F834005B
:10234000FFE701208DF8270000F096BC0898006890
:102350001021C4F20201884200F08180FFE7089852
:1023600000682821C4F20201884278D0FFE708986B
:1023700000684021C4F20201884270D0FFE708984B
:1023800000685821C4F20201884268D0FFE708982B
:1023900000687021C4F20201884260D0FFE708980B
:1023A00000688821C4F20201884258D0FFE70898EB
:1023B0000068A021C4F20201884250D0FFE70898CB
:1023C0000068B821C4F20201884248D0FFE70898AB
:1023D000006840F21041C4F2020188423FD0FFE79A
:1023E0000898006840F22841C4F20201884236D0C1
:1023F000FFE70898006840F24041C4F202018842B9
:102400002DD0FFE70898006840F25841C4F202015D
:10241000884224D0FFE70898006840F27041C4F277
:10242000020188421BD0FFE70898006840F288410B
:10243000C4F20201884212D0FFE70898006840F217
:10244000A041C4F20201884209D0FFE70898006861
:1024500040F2B841C4F20201884207D1FFE7089870
:102460000168086820F00100086006E0089801682B
:10247000086820F001000860FFE708980168012063
:102480001022C4F202029142039000F0A380FFE701
:102490000898016801202822C4F2020291420390A8
:1024A00000F09880FFE70898016801204022C4F2FC
:1024B00002029142039000F08D80FFE708980168C6
:1024C00001205822C4F202029142039000F082805F
:1024D000FFE70898016801207022C4F202029142CD
:1024E000039077D0FFE70898016801208822C4F2A2
:1024F0000202914203906DD0FFE708980168012025
:10250000A022C4F202029142039063D0FFE7089830
:1025100001680120B822C4F202029142039059D00E
:10252000FFE708980168012040F21042C4F202025D
:10253000914203904ED0FFE708980168012040F2D5
:102540002842C4F202029142039043D0FFE7089868
:102550000168012040F24042C4F20202914203901D
:1025600038D0FFE708980168012040F25842C4F2D1
:102570000202914203902DD0FFE7089801680120E4
:1025800040F27042C4F202029142039022D0FFE76F
:1025900008980168012040F28842C4F20202914288
:1025A000039017D0FFE708980168012040F2A0428D
:1025B000C4F20202914203900CD0FFE70898006831
:1025C0004FF64831CBF6FD710844B0FA80F040096F
:1025D0000390FFE70398C00780B1FFE70898016800
:1025E000086820F01E00086008980168486920F01B
:1025F0008000486108980068059009E00898016823
:10260000086820F00E000860089800680590FFE751
:102610000898016801201022C4F20202914202903F
:1026200000F00381FFE70898016801202822C4F226
:1026300002029142029000F0F880FFE708980168DA
:1026400001204022C4F202029142029000F0ED808B
:10265000FFE70898016801205822C4F20202914263
:10266000029000F0E280FFE70898016801207022E4
:10267000C4F202029142029000F0D780FFE708986E
:10268000016801208822C4F202029142029000F007
:10269000CC80FFE7089801680120A022C4F2020262
:1026A0009142029000F0C180FFE708980168012084
:1026B000B822C4F202029142029000F0B680FFE715
:1026C00008980168012040F21042C4F202029142CF
:1026D000029000F0AA80FFE708980168012040F20C
:1026E0002842C4F202029142029000F09E80FFE76D
:1026F00008980168012040F24042C4F2020291426F
:10270000029000F09280FFE708980168012040F2F3
:102710005842C4F202029142029000F08680FFE724
:1027200008980168012040F27042C4F2020291420E
:1027300002907AD0FFE708980168012040F28842B1
:10274000C4F20202914202906FD0FFE7089801683C
:10275000012040F2A042C4F202029142029064D0F1
:10276000FFE708980168012040F2B842C4F2020273
:102770009142029059D0FFE708980168012045F284
:102780000842C5F60202914202904ED0FFE7089837
:102790000168012045F21C42C5F6020291420290F6
:1027A00043D0FFE708980168012045F23042C5F6A2
:1027B00002029142029038D0FFE708980168012098
:1027C00045F24442C5F60202914202902DD0FFE745
:1027D00008980168012045F25842C5F6020291426C
:1027E000029022D0FFE708980168012045F26C4270
:1027F000C5F602029142029017D0FFE708980168DF
:10280000012045F28042C5F60202914202900CD0AE
:10281000FFE7089800684AF66C31CAF2FD71084477
:10282000B0FA80F040090290FFE70298C00738B183
:10283000FFE70898016E086820F480700860FFE7E1
:10284000FFE705980068C007C8B1FFE704F0F4FA95
:102850000499401A062811D3FFE7089920204865FB
:102860000899032081F83500FFE70899002081F8D6
:102870003400FFE701208DF82700FDE1E1E708982B
:10288000016801201022C4F202029142019000F07E
:10289000A380FFE70898016801202822C4F2020201
:1028A0009142019000F09880FFE7089801680120AC
:1028B0004022C4F202029142019000F08D80FFE7B5
:1028C0000898016801205822C4F202029142019046
:1028D00000F08280FFE70898016801207022C4F2AE
:1028E00002029142019077D0FFE708980168012029
:1028F0008822C4F20202914201906DD0FFE708984D
:1029000001680120A022C4F202029142019063D02A
:10291000FFE7089801680120B822C4F20202914240
:10292000019059D0FFE708980168012040F2104259
:10293000C4F20202914201904ED0FFE7089801686C
:10294000012040F22842C4F202029142019043D099
:10295000FFE708980168012040F24042C4F20202F9
:102960009142019038D0FFE708980168012040F2B9
:102970005842C4F20202914201902DD0FFE708981C
:102980000168012040F27042C4F2020291420190BB
:1029900022D0FFE708980168012040F28842C4F283
:1029A00002029142019017D0FFE7089801680120C8
:1029B00040F2A042C4F20202914201900CD0FFE723
:1029C000089800684FF64831CBF6FD710844B0FA1C
:1029D00080F040090190FFE70198C00760B1FFE770
:1029E0000898806D07900898C06D00F01F013F2087
:1029F0008840079988600BE00898806D06900898D9
:102A0000C06D00F01F010120884006994860FFE773
:102A10000898016801201022C4F20202914200903D
:102A200000F00381FFE70898016801202822C4F222
:102A300002029142009000F0F880FFE708980168D8
:102A400001204022C4F202029142009000F0ED8089
:102A5000FFE70898016801205822C4F2020291425F
:102A6000009000F0E280FFE70898016801207022E2
:102A7000C4F202029142009000F0D780FFE708986C
:102A8000016801208822C4F202029142009000F005
:102A9000CC80FFE7089801680120A022C4F202025E
:102AA0009142009000F0C180FFE708980168012082
:102AB000B822C4F202029142009000F0B680FFE713
:102AC00008980168012040F21042C4F202029142CB
:102AD000009000F0AA80FFE708980168012040F20A
:102AE0002842C4F202029142009000F09E80FFE76B
:102AF00008980168012040F24042C4F2020291426B
:102B0000009000F09280FFE708980168012040F2F1
:102B10005842C4F202029142009000F08680FFE722
:102B200008980168012040F27042C4F2020291420A
:102B300000907AD0FFE708980168012040F28842AF
:102B4000C4F20202914200906FD0FFE7089801683A
:102B5000012040F2A042C4F202029142009064D0EF
:102B6000FFE708980168012040F2B842C4F202026F
:102B70009142009059D0FFE708980168012045F282
:102B80000842C5F60202914200904ED0FFE7089835
:102B90000168012045F21C42C5F6020291420090F4
:102BA00043D0FFE708980168012045F23042C5F69E
:102BB00002029142009038D0FFE708980168012096
:102BC00045F24442C5F60202914200902DD0FFE743
:102BD00008980168012045F25842C5F60202914268
:102BE000009022D0FFE708980168012045F26C426E
:102BF000C5F602029142009017D0FFE708980168DD
:102C0000012045F28042C5F60202914200900CD0AC
:102C1000FFE7089800684AF66C31CAF2FD71084473
:102C2000B0FA80F040090090FFE70098C007A0B11B
:102C3000FFE70898416E806E48600898C06E58B1F2
:102C4000FFE70898C16E086820F480700860089853
:102C5000016F406F4860FFE7FFE70899012081F8A6
:102C60003500FFE70899002081F83400FFE7FFE70F
:102C700000208DF82700FFE79DF827000AB080BDEF
:102C800080B586B00490049820B9FFE701208DF844
:102C9000170046E3049890F83500022807D0FFE7B4
:102CA00004998020486501208DF8170039E30498C5
:102CB000016801201022C4F202029142029000F049
:102CC000A380FFE70498016801202822C4F20202D1
:102CD0009142029000F09880FFE70498016801207B
:102CE0004022C4F202029142029000F08D80FFE780
:102CF0000498016801205822C4F202029142029015
:102D000000F08280FFE70498016801207022C4F27D
:102D100002029142029077D0FFE7049801680120F7
:102D20008822C4F20202914202906DD0FFE704981B
:102D300001680120A022C4F202029142029063D0F5
:102D4000FFE7049801680120B822C4F20202914210
:102D5000029059D0FFE704980168012040F2104228
:102D6000C4F20202914202904ED0FFE7049801683B
:102D7000012040F22842C4F202029142029043D064
:102D8000FFE704980168012040F24042C4F20202C9
:102D90009142029038D0FFE704980168012040F288
:102DA0005842C4F20202914202902DD0FFE70498EB
:102DB0000168012040F27042C4F202029142029086
:102DC00022D0FFE704980168012040F28842C4F253
:102DD00002029142029017D0FFE704980168012097
:102DE00040F2A042C4F20202914202900CD0FFE7EE
:102DF000049800684FF64831CBF6FD710844B0FAEC
:102E000080F040090290FFE70298C007002800F018
:102E10009D80FFE70499042081F83500049800683C
:102E20001021C4F20201884200F08180FFE704987B
:102E300000682821C4F20201884278D0FFE7049894
:102E400000684021C4F20201884270D0FFE7049874
:102E500000685821C4F20201884268D0FFE7049854
:102E600000687021C4F20201884260D0FFE7049834
:102E700000688821C4F20201884258D0FFE7049814
:102E80000068A021C4F20201884250D0FFE70498F4
:102E90000068B821C4F20201884248D0FFE70498D4
:102EA000006840F21041C4F2020188423FD0FFE7BF
:102EB0000498006840F22841C4F20201884236D0EA
:102EC000FFE70498006840F24041C4F202018842E2
:102ED0002DD0FFE70498006840F25841C4F2020187
:102EE000884224D0FFE70498006840F27041C4F2A1
:102EF000020188421BD0FFE70498006840F2884135
:102F0000C4F20201884212D0FFE70498006840F240
:102F1000A041C4F20201884209D0FFE7049800688A
:102F200040F2B841C4F20201884207D1FFE7049899
:102F30000168086820F00100086006E00498016854
:102F4000086820F001000860FFE7E5E104980068E8
:102F50001021C4F20201884200F08180FFE704984A
:102F600000682821C4F20201884278D0FFE7049863
:102F700000684021C4F20201884270D0FFE7049843
:102F800000685821C4F20201884268D0FFE7049823
:102F900000687021C4F20201884260D0FFE7049803
:102FA00000688821C4F20201884258D0FFE70498E3
:102FB0000068A021C4F20201884250D0FFE70498C3
:102FC0000068B821C4F20201884248D0FFE70498A3
:102FD000006840F21041C4F2020188423FD0FFE78E
:102FE0000498006840F22841C4F20201884236D0B9
:102FF000FFE70498006840F24041C4F202018842B1
:103000002DD0FFE70498006840F25841C4F2020155
:10301000884224D0FFE70498006840F27041C4F26F
:10302000020188421BD0FFE70498006840F2884103
:10303000C4F20201884212D0FFE70498006840F20F
:10304000A041C4F20201884209D0FFE70498006859
:1030500040F2B841C4F20201884207D1FFE7049868
:103060000168086820F00100086006E00498016823
:10307000086820F001000860FFE70498016808680C
:1030800020F00E0008600498016801201022C4F2AC
:1030900002029142019000F00381FFE70498016869
:1030A00001202822C4F202029142019000F0F8802F
:1030B000FFE70498016801204022C4F20202914215
:1030C000019000F0ED80FFE704980168012058228C
:1030D000C4F202029142019000F0E280FFE70498FE
:1030E000016801207022C4F202029142019000F0B6
:1030F000D780FFE70498016801208822C4F2020209
:103100009142019000F0CC80FFE704980168012013
:10311000A022C4F202029142019000F0C180FFE7B8
:10312000049801680120B822C4F202029142019081
:1031300000F0B680FFE704980168012040F21042D9
:10314000C4F202029142019000F0AA80FFE70498C5
:103150000168012040F22842C4F20202914201902B
:1031600000F09E80FFE704980168012040F2404291
:10317000C4F202029142019000F09280FFE70498AD
:103180000168012040F25842C4F2020291420190CB
:1031900000F08680FFE704980168012040F2704249
:1031A000C4F20202914201907AD0FFE704980168CC
:1031B000012040F28842C4F20202914201906FD095
:1031C000FFE704980168012040F2A042C4F2020225
:1031D0009142019064D0FFE704980168012040F219
:1031E000B842C4F202029142019059D0FFE704981C
:1031F0000168012045F20842C5F6020291420190A1
:103200004ED0FFE704980168012045F21C42C5F644
:1032100002029142019043D0FFE704980168012027
:1032200045F23042C5F602029142019038D0FFE7E4
:1032300004980168012045F24442C5F60202914219
:1032400001902DD0FFE704980168012045F2584213
:10325000C5F602029142019022D0FFE7049801686E
:10326000012045F26C42C5F602029142019017D04E
:10327000FFE704980168012045F28042C5F602028A
:10328000914201900CD0FFE7049800684AF66C3137
:10329000CAF2FD710844B0FA80F040090190FFE7DE
:1032A0000198C00728B3FFE70498016E086820F46E
:1032B000807008600498806D03900498C06D00F0E1
:1032C0001F0101208840039948600498416E806E78
:1032D00048600498C06E58B1FFE70498C16E086852
:1032E00020F4807008600498016F406F4860FFE729
:1032F000FFE70499012081F83500FFE704990020D9
:1033000081F83400FFE70498006D20B1FFE70498CE
:10331000016D8847FFE7FFE7FFE700208DF8170002
:10332000FFE79DF8170006B080BD00000000000018
:1033300080B590B00F9000200B9040F29800C2F240
:103340000040006848F2B511C1F64E31A0FB0110F3
:10335000800A0A900F98806D09900F98806D0890F0
:10336000099800680E90089800680D900F98016801
:1033700001201022C4F202029142079000F0A380C3
:10338000FFE70F98016801202822C4F2020291424F
:10339000079000F09880FFE70F9801680120402215
:1033A000C4F202029142079000F08D80FFE70F986F
:1033B000016801205822C4F202029142079000F0F5
:1033C0008280FFE70F98016801207022C4F2020298
:1033D0009142079077D0FFE70F980168012088227B
:1033E000C4F20202914207906DD0FFE70F98016886
:1033F0000120A022C4F202029142079063D0FFE7AD
:103400000F9801680120B822C4F20202914207908D
:1034100059D0FFE70F980168012040F21042C4F232
:103420000202914207904ED0FFE70F9801680120F9
:1034300040F22842C4F202029142079043D0FFE7D3
:103440000F980168012040F24042C4F2020291420A
:10345000079038D0FFE70F980168012040F25842EA
:10346000C4F20202914207902DD0FFE70F98016845
:10347000012040F27042C4F202029142079022D031
:10348000FFE70F980168012040F28842C4F202026F
:103490009142079017D0FFE70F980168012040F292
:1034A000A042C4F20202914207900CD0FFE70F98AD
:1034B00000684FF64831CBF6FD710844B0FA80F051
:1034C00040090790FFE70798C007002800F0138520
:1034D000FFE70E980F99C96D01F01F01C840000762
:1034E000002840F1B080FFE70F9800681021C4F277
:1034F0000201884200F08180FFE70F9800682821D0
:10350000C4F20201884278D0FFE70F98006840219A
:10351000C4F20201884270D0FFE70F98006858217A
:10352000C4F20201884268D0FFE70F98006870215A
:10353000C4F20201884260D0FFE70F98006888213A
:10354000C4F20201884258D0FFE70F980068A0211A
:10355000C4F20201884250D0FFE70F980068B821FA
:10356000C4F20201884248D0FFE70F98006840F299
:103570001041C4F2020188423FD0FFE70F98006873
:1035800040F22841C4F20201884236D0FFE70F988A
:10359000006840F24041C4F2020188422DD0FFE7AA
:1035A0000F98006840F25841C4F20201884224D0CA
:1035B000FFE70F98006840F27041C4F202018842B0
:1035C0001BD0FFE70F98006840F28841C4F2020167
:1035D000884212D0FFE70F98006840F2A041C4F281
:1035E0000201884209D0FFE70F98006840F2B84115
:1035F000C4F20201884207D1FFE70F980068006813
:1036000000F00400069006E00F980068006800F0E3
:1036100008000690FFE70698A0B1FFE70F98016841
:10362000086820F0040008600F98C06D00F01F01CA
:1036300008208840099988600F99486D40F0010082
:103640004865FFE7FFE70E980F99C96D01F01F016C
:10365000C840C007002800F0A980FFE70F98006865
:103660001021C4F20201884200F08180FFE70F9828
:1036700000682821C4F20201884278D0FFE70F9841
:1036800000684021C4F20201884270D0FFE70F9821
:1036900000685821C4F20201884268D0FFE70F9801
:1036A00000687021C4F20201884260D0FFE70F98E1
:1036B00000688821C4F20201884258D0FFE70F98C1
:1036C0000068A021C4F20201884250D0FFE70F98A1
:1036D0000068B821C4F20201884248D0FFE70F9881
:1036E000006840F21041C4F2020188423FD0FFE777
:1036F0000F98006840F22841C4F20201884236D097
:10370000FFE70F98006840F24041C4F2020188428E
:103710002DD0FFE70F98006840F25841C4F2020133
:10372000884224D0FFE70F98006840F27041C4F24D
:10373000020188421BD0FFE70F98006840F28841E1
:10374000C4F20201884212D0FFE70F98006840F2ED
:10375000A041C4F20201884209D0FFE70F98006837
:1037600040F2B841C4F20201884207D1FFE70F9846
:103770000068406900F08000059005E00F9800683F
:10378000006800200590FFE7059870B1FFE70F98EB
:10379000C06D00F01F0101208840099988600F99D1
:1037A000486D40F002004865FFE7FFE70E980F996B
:1037B000C96D01F01F01C8404007002840F1A980F1
:1037C000FFE70F9800681021C4F20201884200F060
:1037D0008180FFE70F9800682821C4F20201884227
:1037E00078D0FFE70F9800684021C4F202018842B8
:1037F00070D0FFE70F9800685821C4F20201884298
:1038000068D0FFE70F9800687021C4F20201884277
:1038100060D0FFE70F9800688821C4F20201884257
:1038200058D0FFE70F980068A021C4F20201884237
:1038300050D0FFE70F980068B821C4F20201884217
:1038400048D0FFE70F98006840F21041C4F202012F
:1038500088423FD0FFE70F98006840F22841C4F249
:103860000201884236D0FFE70F98006840F24041DD
:10387000C4F2020188422DD0FFE70F98006840F2A1
:103880005841C4F20201884224D0FFE70F98006833
:1038900040F27041C4F2020188421BD0FFE70F984A
:1038A000006840F28841C4F20201884212D0FFE76A
:1038B0000F98006840F2A041C4F20201884209D08A
:1038C000FFE70F98006840F2B841C4F20201884255
:1038D00007D1FFE70F980068006800F0020004902D
:1038E00005E00F980068006800200490FFE7049846
:1038F00070B1FFE70F98C06D00F01F0104208840F1
:10390000099988600F99486D40F004004865FFE709
:10391000FFE70E980F99C96D01F01F01C840C0065E
:10392000002840F1DE80FFE70F9800681021C4F204
:103930000201884200F08180FFE70F98006828218B
:10394000C4F20201884278D0FFE70F980068402156
:10395000C4F20201884270D0FFE70F980068582136
:10396000C4F20201884268D0FFE70F980068702116
:10397000C4F20201884260D0FFE70F9800688821F6
:10398000C4F20201884258D0FFE70F980068A021D6
:10399000C4F20201884250D0FFE70F980068B821B6
:1039A000C4F20201884248D0FFE70F98006840F255
:1039B0001041C4F2020188423FD0FFE70F9800682F
:1039C00040F22841C4F20201884236D0FFE70F9846
:1039D000006840F24041C4F2020188422DD0FFE766
:1039E0000F98006840F25841C4F20201884224D086
:1039F000FFE70F98006840F27041C4F2020188426C
:103A00001BD0FFE70F98006840F28841C4F2020122
:103A1000884212D0FFE70F98006840F2A041C4F23C
:103A20000201884209D0FFE70F98006840F2B841D0
:103A3000C4F20201884207D1FFE70F9800680068CE
:103A400000F00800039006E00F980068006800F09E
:103A500004000390FFE70398002841D0FFE70F9888
:103A6000C06D00F01F0110208840099988600F98F0
:103A700000680068400300281AD5FFE70F98006827
:103A800000680003002809D4FFE70F98006C20B1FC
:103A9000FFE70F98016C8847FFE708E00F98806CFC
:103AA00020B1FFE70F98816C8847FFE7FFE716E03A
:103AB0000F9800680068C005002807D4FFE70F983A
:103AC0000168086820F008000860FFE70F98006CA4
:103AD00020B1FFE70F98016C8847FFE7FFE7FFE79A
:103AE000FFE70E980F99C96D01F01F01C8408006CD
:103AF000002840F12681FFE70F9800681021C4F2EA
:103B00000201884200F08180FFE70F9800682821B9
:103B1000C4F20201884278D0FFE70F980068402184
:103B2000C4F20201884270D0FFE70F980068582164
:103B3000C4F20201884268D0FFE70F980068702144
:103B4000C4F20201884260D0FFE70F980068882124
:103B5000C4F20201884258D0FFE70F980068A02104
:103B6000C4F20201884250D0FFE70F980068B821E4
:103B7000C4F20201884248D0FFE70F98006840F283
:103B80001041C4F2020188423FD0FFE70F9800685D
:103B900040F22841C4F20201884236D0FFE70F9874
:103BA000006840F24041C4F2020188422DD0FFE794
:103BB0000F98006840F25841C4F20201884224D0B4
:103BC000FFE70F98006840F27041C4F2020188429A
:103BD0001BD0FFE70F98006840F28841C4F2020151
:103BE000884212D0FFE70F98006840F2A041C4F26B
:103BF0000201884209D0FFE70F98006840F2B841FF
:103C0000C4F20201884207D1FFE70F9800680068FC
:103C100000F01000029006E00F980068006800F0C5
:103C200002000290FFE70298002800F08980FFE779
:103C30000F98C06D00F01F0120208840099988600E
:103C40000F9890F83500042837D1FFE70F980168E6
:103C5000086820F0160008600F980168486920F095
:103C6000800048610F98006C20B9FFE70F98806CC6
:103C700038B1FFE70F980168086820F00800086075
:103C8000FFE70F98C06D00F01F013F2088400999A1
:103C900088600F99012081F83500FFE70F99002017
:103CA00081F83400FFE70F98006D20B1FFE70F980F
:103CB000016D8847FFE700F019BC0F9800680068A5
:103CC000400300281AD5FFE70F980068006800033A
:103CD000002809D5FFE70F98406C20B1FFE70F9847
:103CE000416C8847FFE708E00F98C06B20B1FFE701
:103CF0000F98C16B8847FFE7FFE720E00F98006847
:103D00000068C005002811D4FFE70F980168086813
:103D100020F0100008600F99012081F83500FFE7BE
:103D20000F99002081F83400FFE7FFE70F98C06B80
:103D300020B1FFE70F98C16B8847FFE7FFE7FFE778
:103D4000FFE70F98406D002800F0D480FFE70F9840
:103D5000406DC007002800F0C480FFE70F990420E1
:103D600081F835000F9800681021C4F202018842E2
:103D700000F08180FFE70F9800682821C4F202015B
:103D8000884278D0FFE70F9800684021C4F2020112
:103D9000884270D0FFE70F9800685821C4F20201F2
:103DA000884268D0FFE70F9800687021C4F20201D2
:103DB000884260D0FFE70F9800688821C4F20201B2
:103DC000884258D0FFE70F980068A021C4F2020192
:103DD000884250D0FFE70F980068B821C4F2020172
:103DE000884248D0FFE70F98006840F21041C4F2C3
:103DF000020188423FD0FFE70F98006840F2284157
:103E0000C4F20201884236D0FFE70F98006840F202
:103E10004041C4F2020188422DD0FFE70F980068AC
:103E200040F25841C4F20201884224D0FFE70F98C3
:103E3000006840F27041C4F2020188421BD0FFE7E3
:103E40000F98006840F28841C4F20201884212D003
:103E5000FFE70F98006840F2A041C4F202018842D7
:103E600009D0FFE70F98006840F2B841C4F20201A0
:103E7000884207D1FFE70F980168086820F0010029
:103E8000086006E00F980168086820F001000860EB
:103E9000FFE7FFE70B9801300B900A99884201D9A0
:103EA000FFE707E0FFE70F9800680068C0070028F9
:103EB000F0D1FFE70F9800680068C00728B1FFE75E
:103EC0000F99032081F8350004E00F99012081F853
:103ED0003500FFE7FFE70F99002081F83400FFE786
:103EE000FFE70F98C06C20B1FFE70F98C16C8847BF
:103EF000FFE7FFE7FAE20F980168012045F2084268
:103F0000C5F60202914201904ED0FFE70F9801687A
:103F1000012045F21C42C5F602029142019043D0B5
:103F2000FFE70F980168012045F23042C5F6020212
:103F30009142019038D0FFE70F980168012045F2C7
:103F40004442C5F60202914201902DD0FFE70F983E
:103F50000168012045F25842C5F6020291420190E3
:103F600022D0FFE70F980168012045F26C42C5F6A8
:103F700002029142019017D0FFE70F9801680120DB
:103F800045F28042C5F60202914201900CD0FFE753
:103F90000F9800684AF66C31CAF2FD710844B0FA15
:103FA00080F040090190FFE70198C007002800F069
:103FB0009B82FFE70F98006800680C900D980F999E
:103FC000C96D01F01F01C8404007002840F1D780AB
:103FD000FFE79DF830004007002840F1D080FFE760
:103FE0000F98C06D00F01F010420884008994860B8
:103FF0009DF831000006002818D5FFE79DF8320033
:10400000C00748B1FFE70F98806C20B1FFE70F9819
:10401000816C8847FFE708E00F98006C20B1FFE74C
:104020000F98016C8847FFE7FFE7A7E09DF8300095
:104030008006002800F19980FFE70F9800681021A2
:10404000C4F20201884200F08180FFE70F98006807
:104050002821C4F20201884278D0FFE70F98006857
:104060004021C4F20201884270D0FFE70F98006837
:104070005821C4F20201884268D0FFE70F98006817
:104080007021C4F20201884260D0FFE70F980068F7
:104090008821C4F20201884258D0FFE70F980068D7
:1040A000A021C4F20201884250D0FFE70F980068B7
:1040B000B821C4F20201884248D0FFE70F98006897
:1040C00040F21041C4F2020188423FD0FFE70F984E
:1040D000006840F22841C4F20201884236D0FFE76E
:1040E0000F98006840F24041C4F2020188422DD08E
:1040F000FFE70F98006840F25841C4F2020188427D
:1041000024D0FFE70F98006840F27041C4F202012A
:1041100088421BD0FFE70F98006840F28841C4F244
:104120000201884212D0FFE70F98006840F2A041D8
:10413000C4F20201884209D0FFE70F98006840F2FC
:10414000B841C4F20201884207D1FFE70F98016825
:10415000086820F00800086006E00F980168086809
:1041600020F004000860FFE7FFE70F98006C20B123
:10417000FFE70F98016C8847FFE7FFE7B3E10D9871
:104180000F99C96D01F01F01C8408007002840F158
:10419000E180FFE79DF830008007002840F1DA80D9
:1041A000FFE70F98C06D00F01F01022088400899BA
:1041B00048609DF831000006002818D5FFE79DF8FB
:1041C0003200C00748B9FFE70F98406C20B1FFE705
:1041D0000F98416C8847FFE708E00F98C06B20B14B
:1041E000FFE70F98C16B8847FFE7FFE7B1E09DF855
:1041F00030008006002800F1A380FFE70F980068D8
:104200001021C4F20201884200F08180FFE70F987C
:1042100000682821C4F20201884278D0FFE70F9895
:1042200000684021C4F20201884270D0FFE70F9875
:1042300000685821C4F20201884268D0FFE70F9855
:1042400000687021C4F20201884260D0FFE70F9835
:1042500000688821C4F20201884258D0FFE70F9815
:104260000068A021C4F20201884250D0FFE70F98F5
:104270000068B821C4F20201884248D0FFE70F98D5
:10428000006840F21041C4F2020188423FD0FFE7CB
:104290000F98006840F22841C4F20201884236D0EB
:1042A000FFE70F98006840F24041C4F202018842E3
:1042B0002DD0FFE70F98006840F25841C4F2020188
:1042C000884224D0FFE70F98006840F27041C4F2A2
:1042D000020188421BD0FFE70F98006840F2884136
:1042E000C4F20201884212D0FFE70F98006840F242
:1042F000A041C4F20201884209D0FFE70F9800688C
:1043000040F2B841C4F20201884207D1FFE70F989A
:104310000168086820F01400086006E00F98016842
:10432000086820F00A000860FFE70F99012081F873
:104330003500FFE70F99002081F83400FFE7FFE721
:104340000F98C06B20B1FFE70F98C16B8847FFE75C
:10435000FFE7C7E00D980F99C96D01F01F01C84034
:104360000007002840F1BC80FFE79DF830000007FF
:10437000002840F1B580FFE70F9800681021C4F2D3
:104380000201884200F08180FFE70F980068282131
:10439000C4F20201884278D0FFE70F9800684021FC
:1043A000C4F20201884270D0FFE70F9800685821DC
:1043B000C4F20201884268D0FFE70F9800687021BC
:1043C000C4F20201884260D0FFE70F98006888219C
:1043D000C4F20201884258D0FFE70F980068A0217C
:1043E000C4F20201884250D0FFE70F980068B8215C
:1043F000C4F20201884248D0FFE70F98006840F2FB
:104400001041C4F2020188423FD0FFE70F980068D4
:1044100040F22841C4F20201884236D0FFE70F98EB
:10442000006840F24041C4F2020188422DD0FFE70B
:104430000F98006840F25841C4F20201884224D02B
:10444000FFE70F98006840F27041C4F20201884211
:104450001BD0FFE70F98006840F28841C4F20201C8
:10446000884212D0FFE70F98006840F2A041C4F2E2
:104470000201884209D0FFE70F98006840F2B84176
:10448000C4F20201884207D1FFE70F98016808686B
:1044900020F01C00086006E00F980168086820F012
:1044A0000E000860FFE70F98C06D00F01F010120AB
:1044B00000FA01F1089A51600F9948650F9981F847
:1044C0003500FFE70F99002081F83400FFE70F98CF
:1044D000C06C20B1FFE70F98C16C8847FFE700E090
:1044E000FFE7FFE7FFE700E0FFE7FFE710B080BD71
:1044F00010B58EB00C9002F09FFC0A900C9828B971
:10450000FFE701208DF8370000F09EBC0C98016891
:1045100001201022C4F202029142079000F0A38011
:10452000FFE70C98016801202822C4F202029142A0
:10453000079000F09880FFE70C9801680120402266
:10454000C4F202029142079000F08D80FFE70C98C0
:10455000016801205822C4F202029142079000F043
:104560008280FFE70C98016801207022C4F20202E9
:104570009142079077D0FFE70C98016801208822CC
:10458000C4F20202914207906DD0FFE70C980168D7
:104590000120A022C4F202029142079063D0FFE7FB
:1045A0000C9801680120B822C4F2020291420790DF
:1045B00059D0FFE70C980168012040F21042C4F284
:1045C0000202914207904ED0FFE70C98016801204B
:1045D00040F22842C4F202029142079043D0FFE722
:1045E0000C980168012040F24042C4F2020291425C
:1045F000079038D0FFE70C980168012040F258423C
:10460000C4F20202914207902DD0FFE70C98016896
:10461000012040F27042C4F202029142079022D07F
:10462000FFE70C980168012040F28842C4F20202C0
:104630009142079017D0FFE70C980168012040F2E3
:10464000A042C4F20202914207900CD0FFE70C98FE
:1046500000684FF64831CBF6FD710844B0FA80F09F
:1046600040090790FFE70798C007002800F078810D
:10467000FFE70C98406A08B1FFE7FFE70C990220BA
:1046800081F83500FFE70C99002081F83400FFE73E
:104690000C9800681021C4F20201884200F0818069
:1046A000FFE70C9800682821C4F20201884278D004
:1046B000FFE70C9800684021C4F20201884270D0E4
:1046C000FFE70C9800685821C4F20201884268D0C4
:1046D000FFE70C9800687021C4F20201884260D0A4
:1046E000FFE70C9800688821C4F20201884258D084
:1046F000FFE70C980068A021C4F20201884250D064
:10470000FFE70C980068B821C4F20201884248D043
:10471000FFE70C98006840F21041C4F202018842A1
:104720003FD0FFE70C98006840F22841C4F2020134
:10473000884236D0FFE70C98006840F24041C4F24E
:10474000020188422DD0FFE70C98006840F25841E2
:10475000C4F20201884224D0FFE70C98006840F2BE
:104760007041C4F2020188421BD0FFE70C98006838
:1047700040F28841C4F20201884212D0FFE70C984F
:10478000006840F2A041C4F20201884209D0FFE76C
:104790000C98006840F2B841C4F20201884207D187
:1047A000FFE70C980168086820F00100086006E047
:1047B0000C980168086820F001000860FFE7FFE737
:1047C0000C9800680068C00798B1FFE702F034FB5E
:1047D0000A99401A06280BD3FFE70C992020486558
:1047E0000C99032081F8350001208DF837002BE368
:1047F000E6E70C98006800680B900B9848F23F01C0
:10480000CFF6106108400B900C998868D1F80CC065
:104810000B694A6940EA0C00184310438A69104347
:10482000CA691043096A01430B9808430B900C981E
:10483000406A042808D1FFE70C99C86A096B014354
:104840000B9808430B90FFE70C984068292807D382
:10485000FFE70C98416801202F29069036D3FFE727
:104860000C9840683F2807D3FFE70C984168012067
:10487000432906902AD3FFE70C984068472807D3BE
:10488000FFE70C9841680120492906901ED3FFE7F5
:104890000C9840684F2807D3FFE70C984168012027
:1048A0005329069012D3FFE70C9841680020742921
:1048B000059008D3FFE70C9841680020782938BF9D
:1048C00001200590FFE705980690FFE70698C007CE
:1048D00028B1FFE70B9840F480100B90FFE70B988E
:1048E0000C99096808600C98006840690B900B9857
:1048F00020F007000B900C98416A0B9808430B902E
:104900000C98406A04281AD1FFE70C98816A0B982A
:1049100008430B900C98C06A80B1FFE70C98FCF735
:104920003FFE50B1FFE70C99402048650C990120EB
:1049300081F835008DF8370086E2FFE7FFE70B9836
:104940000C99096848610C98FCF7EEFB09900C98EB
:10495000C06D00F01F013F2088400999886026E162
:104960000C980168012045F20842C5F60202914206
:1049700004904ED0FFE70C980168012045F21C42DC
:10498000C5F602029142049043D0FFE70C980168FB
:10499000012045F23042C5F602029142049038D01F
:1049A000FFE70C980168012045F24442C5F6020277
:1049B000914204902DD0FFE70C980168012045F248
:1049C0005842C5F602029142049022D0FFE70C98AB
:1049D0000168012045F26C42C5F602029142049042
:1049E00017D0FFE70C980168012045F28042C5F618
:1049F0000202914204900CD0FFE70C9800684AF63E
:104A00006C31CAF2FD710844B0FA80F0400904909C
:104A1000FFE70498C007002800F0BD80FFE70C986E
:104A20000168012045F20842C5F602029142039056
:104A30004ED0FFE70C980168012045F21C42C5F6F4
:104A400002029142039043D0FFE70C9801680120D5
:104A500045F23042C5F602029142039038D0FFE79A
:104A60000C980168012045F24442C5F602029142C9
:104A700003902DD0FFE70C980168012045F25842C1
:104A8000C5F602029142039022D0FFE70C9801681C
:104A9000012045F26C42C5F602029142039017D004
:104AA000FFE70C980168012045F28042C5F602023A
:104AB000914203900CD0FFE70C9800684AF66C31E5
:104AC000CAF2FD710844B0FA80F040090390FFE794
:104AD0000398C00708B1FFE7FFE70C99022081F8AF
:104AE0003500FFE70C99002081F83400FFE70C98AF
:104AF000006800680B900B986FF310100B900C98E7
:104B00008068402803D1FFE71020029008E00C984D
:104B100080688038B0FA80F0400980030290FFE797
:104B200002980C99CA680B69D1F814C0D1F818E042
:104B3000CC694EEA040E4CEA0E0C43EA0C031A430D
:104B400040EAD200096A40EA11110B9808430B9021
:104B50000B980C99096808600C9908684AF6F832B5
:104B6000CAF2FD7210444CF6CD42CCF6CC42A0FB0A
:104B700002026FF0030000EA9200C8650C98FCF78F
:104B8000D3FA08900C98C06D00F01F0101208840F6
:104B9000089948600AE00C99402048650C99032068
:104BA00081F8350001208DF837004DE1FFE70C98C2
:104BB000016801201022C4F202029142019000F02B
:104BC0000381FFE70C98016801202822C4F2020249
:104BD0009142019000F0F880FFE70C9801680120F5
:104BE0004022C4F202029142019000F0ED80FFE702
:104BF0000C98016801205822C4F2020291420190EF
:104C000000F0E280FFE70C98016801207022C4F2F6
:104C100002029142019000F0D780FFE70C980168F2
:104C200001208822C4F202029142019000F0CC805F
:104C3000FFE70C9801680120A022C4F20202914211
:104C4000019000F0C180FFE70C9801680120B822B4
:104C5000C4F202029142019000F0B680FFE70C9886
:104C60000168012040F21042C4F202029142019018
:104C700000F0AA80FFE70C980168012040F228426A
:104C8000C4F202029142019000F09E80FFE70C986E
:104C90000168012040F24042C4F2020291420190B8
:104CA00000F09280FFE70C980168012040F2584222
:104CB000C4F202029142019000F08680FFE70C9856
:104CC0000168012040F27042C4F202029142019058
:104CD0007AD0FFE70C980168012040F28842C4F2C4
:104CE0000202914201906FD0FFE70C980168012009
:104CF00040F2A042C4F202029142019064D0FFE768
:104D00000C980168012040F2B842C4F202029142BC
:104D1000019059D0FFE70C980168012045F2084244
:104D2000C5F60202914201904ED0FFE70C9801684F
:104D3000012045F21C42C5F602029142019043D087
:104D4000FFE70C980168012045F23042C5F60202E7
:104D50009142019038D0FFE70C980168012045F29C
:104D60004442C5F60202914201902DD0FFE70C9813
:104D70000168012045F25842C5F6020291420190B5
:104D800022D0FFE70C980168012045F26C42C5F67D
:104D900002029142019017D0FFE70C9801680120B0
:104DA00045F28042C5F60202914201900CD0FFE725
:104DB0000C9800684AF66C31CAF2FD710844B0FAEA
:104DC00080F040090190FFE70198C00790B3FFE72A
:104DD0000C98FCF791FA0C988068802804D1FFE7C2
:104DE0000C9900204860FFE70C990879096E08606B
:104DF0000C98416E806E48600C98406888B1FFE75F
:104E00000C98406808280CD8FFE70C98FCF730FB9A
:104E10000C98C16E002008600C98016F406F4860CC
:104E200007E00C990020C8660C9908670C99486740
:104E3000FFE7FFE70C99002048650C9A012182F8F2
:104E400035108DF83700FFE79DF837000EB010BD24
:104E500080B588B0069005910492039300208DF8E8
:104E60000B00069820B9FFE701208DF81F006CE3C6
:104E7000FFE7069890F83400012804D1FFE70220EC
:104E80008DF81F0061E30699012081F83400FFE7E7
:104E9000FFE7069890F83500012840F04383FFE7CC
:104EA0000699022081F83500069900204865069889
:104EB00000681021C4F20201884200F08180FFE7FF
:104EC000069800682821C4F20201884278D0FFE7E2
:104ED000069800684021C4F20201884270D0FFE7C2
:104EE000069800685821C4F20201884268D0FFE7A2
:104EF000069800687021C4F20201884260D0FFE782
:104F0000069800688821C4F20201884258D0FFE761
:104F100006980068A021C4F20201884250D0FFE741
:104F200006980068B821C4F20201884248D0FFE721
:104F30000698006840F21041C4F2020188423FD056
:104F4000FFE70698006840F22841C4F20201884257
:104F500036D0FFE70698006840F24041C4F20201F3
:104F600088422DD0FFE70698006840F25841C4F20D
:104F70000201884224D0FFE70698006840F27041A1
:104F8000C4F2020188421BD0FFE70698006840F295
:104F90008841C4F20201884212D0FFE706980068F7
:104FA00040F2A041C4F20201884209D0FFE706980E
:104FB000006840F2B841C4F20201884207D1FFE71D
:104FC00006980168086820F00100086006E006986D
:104FD0000168086820F001000860FFE7069805995D
:104FE000049A039BFCF754FB0698016801201022E9
:104FF000C4F202029142019000F0A380FFE70698FC
:10500000016801202822C4F202029142019000F0BE
:105010009880FFE70698016801204022C4F202024E
:105020009142019000F08D80FFE706980168012011
:105030005822C4F202029142019000F08280FFE700
:105040000698016801207022C4F202029142019088
:1050500077D0FFE70698016801208822C4F2020297
:10506000914201906DD0FFE7069801680120A022CF
:10507000C4F202029142019063D0FFE706980168F2
:105080000120B822C4F202029142019059D0FFE7F8
:1050900006980168012040F21042C4F202029142D7
:1050A00001904ED0FFE706980168012040F22842A7
:1050B000C4F202029142019043D0FFE706980168D2
:1050C000012040F24042C4F202029142019038D0E5
:1050D000FFE706980168012040F25842C4F202023C
:1050E000914201902DD0FFE706980168012040F21F
:1050F0007042C4F202029142019022D0FFE706986A
:105100000168012040F28842C4F2020291420190FB
:1051100017D0FFE706980168012040F2A042C4F2D0
:105120000202914201900CD0FFE7069800684FF60A
:105130004831CBF6FD710844B0FA80F04009019087
:10514000FFE70198C007A8B1FFE70698006800686C
:105150000B2161F344000699096808600698006C09
:1051600038B1FFE706980168086840F00800086059
:10517000FFE714E0069800680068052161F343002A
:105180000699096808600698006C38B1FFE7069830
:105190000168086840F004000860FFE7FFE7069830
:1051A000016801201022C4F202029142009000F036
:1051B0000381FFE70698016801202822C4F2020259
:1051C0009142009000F0F880FFE706980168012006
:1051D0004022C4F202029142009000F0ED80FFE70D
:1051E0000698016801205822C4F202029142009000
:1051F00000F0E280FFE70698016801207022C4F207
:1052000002029142009000F0D780FFE70698016803
:1052100001208822C4F202029142009000F0CC806A
:10522000FFE7069801680120A022C4F20202914221
:10523000009000F0C180FFE7069801680120B822C5
:10524000C4F202029142009000F0B680FFE7069897
:105250000168012040F21042C4F202029142009023
:1052600000F0AA80FFE706980168012040F228427A
:10527000C4F202029142009000F09E80FFE706987F
:105280000168012040F24042C4F2020291420090C3
:1052900000F09280FFE706980168012040F2584232
:1052A000C4F202029142009000F08680FFE7069867
:1052B0000168012040F27042C4F202029142009063
:1052C0007AD0FFE706980168012040F28842C4F2D4
:1052D0000202914200906FD0FFE70698016801201A
:1052E00040F2A042C4F202029142009064D0FFE773
:1052F00006980168012040F2B842C4F202029142CD
:10530000009059D0FFE706980168012045F2084255
:10531000C5F60202914200904ED0FFE70698016860
:10532000012045F21C42C5F602029142009043D092
:10533000FFE706980168012045F23042C5F60202F7
:105340009142009038D0FFE706980168012045F2AD
:105350004442C5F60202914200902DD0FFE7069824
:105360000168012045F25842C5F6020291420090C0
:1053700022D0FFE706980168012045F26C42C5F68D
:1053800002029142009017D0FFE7069801680120C1
:1053900045F28042C5F60202914200900CD0FFE730
:1053A000069800684AF66C31CAF2FD710844B0FAFA
:1053B00080F040090090FFE70098C007D0B1FFE7F8
:1053C0000698006E0068C003002807D5FFE706981E
:1053D000016E086840F480700860FFE70698C06EB0
:1053E00038B1FFE70698C16E086840F48070086025
:1053F000FFE7FFE7069800681021C4F20201884227
:1054000000F08180FFE7069800682821C4F20201BD
:10541000884278D0FFE7069800684021C4F2020174
:10542000884270D0FFE7069800685821C4F2020154
:10543000884268D0FFE7069800687021C4F2020134
:10544000884260D0FFE7069800688821C4F2020114
:10545000884258D0FFE706980068A021C4F20201F4
:10546000884250D0FFE706980068B821C4F20201D4
:10547000884248D0FFE70698006840F21041C4F225
:10548000020188423FD0FFE70698006840F22841B9
:10549000C4F20201884236D0FFE70698006840F265
:1054A0004041C4F2020188422DD0FFE7069800680F
:1054B00040F25841C4F20201884224D0FFE7069826
:1054C000006840F27041C4F2020188421BD0FFE73D
:1054D0000698006840F28841C4F20201884212D066
:1054E000FFE70698006840F2A041C4F2020188423A
:1054F00009D0FFE70698006840F2B841C4F2020103
:10550000884207D1FFE706980168086840F001006B
:10551000086006E006980168086840F0010008602D
:10552000FFE70DE006994FF400604865FFE7069934
:10553000002081F83400FFE701208DF80B00FFE721
:105540009DF80B008DF81F00FFE79DF81F0008B0C5
:1055500080BD00000000000085B003900291019220
:10556000039890F898008DF803009DF80300012837
:1055700005D0FFE79DF8030002285DD1FFE7029800
:1055800003990968896D084207D1FFE7039801680C
:10559000C86D40F00100C86515E0029803990968DC
:1055A000896D08400299884207D1FFE70398016896
:1055B000C86D40F00200C86504E00398016803204C
:1055C000C865FFE7FFE79DF809008007002809D5B7
:1055D000FFE7019A03980168D1F8E0001043C1F891
:1055E000E000FFE79DF809004007002809D5FFE724
:1055F000019A03980168D1F8E4001043C1F8E4006F
:10560000FFE7FFE702984FF6FF71C3F6CF7100EA9C
:10561000010203980168486D10434865029A4AF6F2
:105620001401C4F20001086840EA92700860FFE7C4
:1056300000208DF813000AE00399D1F89C0040F097
:105640000200C1F89C0001208DF81300FFE79DF8CF
:10565000130005B07047000080B586B00490039138
:1056600002920398406808B9FFE700E0FFE704985A
:1056700090F89800022845D1FFE704980068D0F818
:10568000C00010F07C5F0BD1FFE70499D1F89C00BB
:1056900040F02000C1F89C0001208DF817003CE08C
:1056A00004980068D0F8C400800200280BD5FFE7FA
:1056B0000499D1F89C0040F40070C1F89C000120CE
:1056C0008DF8170029E004980068D0F8C400C0F3F2
:1056D0000440019004980399029A019BFCF75CFC3A
:1056E0000199012000FA01F1049A1268C2F8D01061
:1056F000019988400499C1F89400FFE700208DF8D3
:1057000017000AE00499D1F89C0040F00800C1F8A5
:105710009C0001208DF81700FFE79DF8170006B0E8
:1057200080BD00000000000082B00190009102B036
:10573000704700000000000087B0059004910598B4
:1057400090F898008DF803009DF80300012805D01B
:10575000FFE79DF8030002286AD1FFE70498C068BC
:10576000072801D1FFE7FFE70498006878BBFFE74F
:105770000498C068072801D0FFE7FFE70498C068D5
:1057800007280CD1FFE7049A10699169D2690004D7
:1057900040EA0220084340F0605003900CE0049976
:1057A0008868CB680A694969800740EAC36040EAB3
:1057B000024008430390FFE70598C06E04994968CA
:1057C00000EB810001900398019908602CE0049897
:1057D000C068072801D0FFE7FFE70498C1680069A7
:1057E00040EA417003900498C068072804D1FFE79D
:1057F00004988069029006E004988168406940EA54
:1058000081700290FFE70598006F0499496800EBEA
:10581000C10001900398019908600198043001903B
:10582000029801990860FFE700208DF81B000AE04C
:105830000599D1F89C0040F00200C1F89C000120BD
:105840008DF81B00FFE79DF81B0007B070470000B4
:1058500085B0DDF814C00390029101920093039883
:1058600090F89800012812D1FFE7029800010199F1
:1058700040EA8100009940EA4100059908430399F4
:105880000968C1F8800000208DF813000AE0039930
:10589000D1F89C0040F00400C1F89C0001208DF874
:1058A0001300FFE79DF8130005B0704700000000EB
:1058B00081B0009001B0704782B00190009102B0B9
:1058C00070470000000000008AB00890079106921F
:1058D000059300200190089890F898008DF8030037
:1058E0009DF80300022840F06881FFE707984028F0
:1058F00057D1FFE708980068D0F8A00010F4FE0F19
:105900000BD1FFE70899D1F89C0040F02000C1F8C6
:105910009C0001208DF827005AE108980068D0F813
:10592000A400400658B9FFE70899D1F89C0040F45C
:105930008070C1F89C0001208DF8270048E108988C
:105940000068D0F8A400C0F3052001900898006812
:10595000D0F8A40000F080710120B0EB116F16D1D7
:10596000FFE708980068D0F8A0100120B0EBD17FC5
:105970000CD1FFE70198013008990968D1F8A0100F
:1059800001F4FE0100EA11400190FFE7FFE70898EB
:10599000426C406F0199514300EB81000490FFE796
:1059A00076E00798412857D1FFE708980068D0F8BB
:1059B000B00010F4FE0F0BD1FFE70899D1F89C005E
:1059C00040F02000C1F89C0001208DF82700FFE086
:1059D00008980068D0F8B400400658B9FFE7089965
:1059E000D1F89C0040F48070C1F89C0001208DF833
:1059F0002700EDE008980068D0F8B400C0F3052057
:105A0000019008980068D0F8B40000F0807101207F
:105A1000B0EB116F16D1FFE708980068D0F8B0100E
:105A20000120B0EBD17F0CD1FFE70198013008993C
:105A30000968D1F8B01001F4FE0100EA11400190AC
:105A4000FFE7FFE70898C26C806F0199514300EBB4
:105A500081000490FFE71AE007980899096D8842D1
:105A60000BD3FFE70899D1F89C0040F02000C1F863
:105A70009C0001208DF82700AAE00898426DC06FB5
:105A80000799514300EB81000490FFE7FFE7FFE730
:105A90000498006800F080400699486006984068C5
:105AA00038B9FFE704980068C0F38A400699086097
:105AB00006E00498006820F0604006990860FFE75F
:105AC0000498006800F00050069988600498006807
:105AD00000F000400699086104980430049004988E
:105AE00000880699C86104980068C0F303400699CD
:105AF000C8600498006800F4801006994861049812
:105B0000006800F400100699886104980068C0F3EA
:105B100006600699086204980068C00F06994862FA
:105B20000498043004900498039000200290FFE74A
:105B300002980699CA6848F65C71C0F60101895C52
:105B400088420AD2FFE70398029A805C059988543C
:105B5000FFE7029801300290EAE70798402806D153
:105B6000FFE7019808990968C1F8A80021E00798A3
:105B7000412806D1FFE7019808990968C1F8B800E3
:105B800016E007981F2808D8FFE7079901208840EA
:105B900008990968C1F8980009E0079800F01F010A
:105BA0000120884008990968C1F89C00FFE7FFE7D9
:105BB000FFE700208DF827000AE00899D1F89C0043
:105BC00040F00800C1F89C0001208DF82700FFE795
:105BD0009DF827000AB0704781B0009001B070476F
:105BE00080B594B013904AF61000C4F2000000682B
:105BF000800712904AF61400C4F20000016812985F
:105C000000EA8170129013980068006D00F47040F3
:105C1000119013980068416D1198084011901398E5
:105C20000068006D00F00F00109013980068416D3F
:105C300010980840109013980068006D00F0F00074
:105C40000F9013980068416D0F9808400F901398BB
:105C50000068006D00F071500E9013980068416D5F
:105C60000E9808400E9013980068006D00F0607068
:105C70000D9013980068416D0D9808400D90139891
:105C80000068406D039013980068006D01909DF8C6
:105C90000D00C007B8B1FFE79DF80500C00788B147
:105CA000FFE7FFE7139801684FF4807008654AF634
:105CB0001001C4F2000100200860FFE71398FFF70D
:105CC0008BFFFFE7FFE79DF80D0000F004010020C7
:105CD000B0EB910F28D0FFE79DF8050000F004011C
:105CE0000020B0EB910F1ED0FFE713980068D0F8AA
:105CF000DC000B9013980068D0F8E4100B98084073
:105D00000B90FFE7139801684FF4806008654AF62E
:105D10001001C4F2000100200860FFE713980B99FE
:105D200000F046FEFFE7FFE71298B8B1FFE7FFE794
:105D300012984FF6FF71C3F6CF71084013990968A6
:105D400008651298800F4AF61001C4F2000108603D
:105D5000FFE713981299FFF7E7FCFFE71198B8B136
:105D6000FFE7FFE711984FF6FF71C3F6CF710840C8
:105D70001399096808651198800F4AF61001C4F25A
:105D800000010860FFE71398119900F021FEFFE77A
:105D90001098B8B1FFE7FFE710984FF6FF71C3F610
:105DA000CF7108401399096808651098800F4AF66A
:105DB0001001C4F200010860FFE71398109900F089
:105DC000C7FCFFE70F98B8B1FFE7FFE70F984FF662
:105DD000FF71C3F6CF7108401399096808650F98E1
:105DE000800F4AF61001C4F200010860FFE7139823
:105DF0000F9900F04DFDFFE79DF80D0000F0080140
:105E00000020B0EBD10F1BD0FFE79DF8050000F09C
:105E100008010020B0EBD10F11D0FFE7FFE7139886
:105E200001684FF4006008654AF61001C4F20001F1
:105E300000200860FFE7139800F0D2FDFFE7FFE7BE
:105E40009DF80D0000F002010020B0EB510F28D0AA
:105E5000FFE79DF8050000F002010020B0EB510FB4
:105E60001ED0FFE713980068D0F8D8000C90139864
:105E70000068D0F8E0100C9808400C90FFE71398E9
:105E800001684FF4007008654AF61001C4F2000181
:105E900000200860FFE713980C9900F091FDFFE7E0
:105EA000FFE79DF80E0000F008010020B0EBD10FD5
:105EB0001BD0FFE79DF8060000F008010020B0EBC2
:105EC000D10F11D0FFE7FFE7139801684FF40020CE
:105ED00008654AF61001C4F2000100200860FFE7DF
:105EE000139800F031FCFFE7FFE79DF80E00C007B4
:105EF000B8B1FFE79DF80600C00788B1FFE7FFE7EC
:105F0000139801684FF4803008654AF61001C4F216
:105F1000000100200860FFE7139800F045FDFFE74F
:105F2000FFE79DF80E0000F004010020B0EB910F98
:105F30001BD0FFE79DF8060000F004010020B0EB45
:105F4000910F11D0FFE7FFE7139801684FF480200D
:105F500008654AF61001C4F2000100200860FFE75E
:105F6000139800F01DFDFFE7FFE79DF80E0000F01D
:105F700002010020B0EB510F1FD0FFE79DF8060093
:105F800000F002010020B0EB510F15D0FFE7FFE752
:105F9000139801684FF4003008654AF61001C4F206
:105FA000000100200860FFE71399D1F89C0040F041
:105FB0008000C1F89C00FFE7FFE70D98B8B1FFE74C
:105FC000FFE70D984FF6FF71C3F6CF7108401399A4
:105FD000096808650D98800F4AF61001C4F20001A7
:105FE0000860FFE713980D99FFF766FCFFE70E982E
:105FF000D0B1FFE7FFE70E984FF6FF71C3F6CF7100
:1060000008401399096808650E98800F4AF6100138
:10601000C4F200010860FFE70E9A1399D1F89C00C2
:106020001043C1F89C00FFE7139800684AF2000192
:10603000C4F20001884240F0B980FFE7139840683D
:1060400080688007002800F0B080FFE71398406860
:10605000006A00F00F000A9013984068416A0A989D
:1060600008400A9013984068006A00F030000990D8
:1060700013984068416A099808400990139840684D
:10608000006A00F4C070089013984068416A08984C
:106090000840089013984068006A00F4FC4007909C
:1060A00013984068416A0798084007901398406821
:1060B000006A00F4F020069013984068416A069840
:1060C0000840069013984068406A02901398406810
:1060D000006A00900A9848B1FFE70A981399496846
:1060E000086213980A9900F043FCFFE7099848B149
:1060F000FFE709981399496808621398099900F015
:1061000047FCFFE79DF8080000F040010020B0EBDD
:10611000911F1FD0FFE79DF8000000F04001002014
:10612000B0EB911F15D0FFE713984068C06B000CCF
:10613000059013984068C06B00F03F0004901398DE
:1061400041684020086213980599049A00F018FCF1
:10615000FFE7FFE7089848B1FFE7089813994968F7
:1061600008621398089900F0FBFBFFE7079860B1FD
:10617000FFE70798139949680862079A1399D1F8BD
:106180009C001043C1F89C00FFE7069860B1FFE750
:106190000698139949680862069A1399D1F89C00E9
:1061A0001043C1F89C00FFE7FFE7FFE71398D0F822
:1061B0009C0020B1FFE71398FFF77AFBFFE714B0CC
:1061C00080BD00000000000080B598B0169048F631
:1061D0000071C0F6010101A84C22FAF7BEF9169829
:1061E00020B9FFE701208DF85F00D9E1169800681B
:1061F0004AF20001C4F20001884206D1FFE7169975
:10620000086800F580704860FFE716988068B0F570
:10621000407F01D1FFE7FFE71698006C08B1FFE768
:10622000FFE71698806C08B1FFE7FFE71698006D4E
:1062300008B1FFE7FFE71698006E08B1FFE7FFE738
:106240001699C86D096E084408B1FFE7FFE7169874
:1062500090F8980040B9FFE71699002081F899005E
:10626000169800F0A1F9FFE716980168886920F0F8
:106270001000886100F0E0FD1590FFE716980068B7
:1062800080690007002817D5FFE700F0D5FD1599B4
:10629000401A0B280FD3FFE71699D1F89C0040F065
:1062A0000100C1F89C001699032081F89800012094
:1062B0008DF85F0074E1E1E716980168886940F0A5
:1062C0000100886100F0B8FD1590FFE7169800689E
:1062D0008069C007B8B9FFE700F0AEFD1599401A14
:1062E0000B280FD3FFE71699D1F89C0040F001006E
:1062F000C1F89C001699032081F8980001208DF8C0
:106300005F004DE1E2E716980168886940F00200FD
:1063100088611698007C012807D1FFE7169801686C
:10632000886920F04000886106E016980168886955
:1063300040F040008861FFE71698407C012807D1B3
:10634000FFE716980168886940F48040886106E09C
:1063500016980168886920F480408861FFE71698E4
:10636000807C012807D1FFE716980168886920F42E
:106370008050886106E016980168886940F4805072
:106380008861FFE716980068806920F44070169ACB
:10639000116892681043886116980168886920F036
:1063A000A400886116980168086920F0100008614F
:1063B0001698C068012807D1FFE716980168886918
:1063C00040F0040088612BE01698C06830B3FFE706
:1063D0001698C068022819D0FFE7169801688869E6
:1063E00040F08000886116980168086940F010004C
:1063F00008611698C068032807D1FFE7169801685E
:10640000886940F020008861FFE706E0169801687F
:10641000886940F020008861FFE700E0FFE7FFE7C0
:10642000169A116853699069D2F81CE0A0F1010C2A
:106430006FF0FF0000EB0E2040EA4C60126A013A58
:1064400010430022CFF6FF7202EB03421043C861F3
:1064500016988068B0F5407F1CD1FFE7169A116846
:10646000536A906AD2F82CE001386FF0FF0C0CEB05
:106470000E2C40EA0C00D2F830C06FF00F0202EB95
:106480000C1210430022CFF6FF7202EB03421043BE
:10649000C860FFE71698006E48B1FFE716980168DC
:1064A000426ED1F8C0001043C1F8C000FFE7169952
:1064B000C86D096E084480B1FFE716980068D0F8EF
:1064C000C80020F00700169A1168936E01AA52F8CE
:1064D00023201043C1F8C800FFE71698006C80B174
:1064E000FFE716980068D0F8BC0020F00700169A65
:1064F0001168536C01AA52F823201043C1F8BC0064
:10650000FFE71698806C88B1FFE716980068D0F80E
:10651000BC0020F07000169A1168D36C01AA52F8E2
:10652000232040EA0210C1F8BC00FFE71698006D76
:1065300088B1FFE716980068D0F8BC0020F4E0604E
:10654000169A1168536D01AA52F8232040EA0220DE
:10655000C1F8BC00FFE7169800684AF20001C4F2D7
:106560000001884207D1FFE716984168886820F04B
:1065700003008860FFE716990020C1F8940016997F
:10658000C1F89C001699012081F898001698FBF735
:106590009FFB8DF853009DF853008DF85F00FFE7D7
:1065A0009DF85F0018B080BD80B594B013900020B6
:1065B0001290119010900F900E90139800684AF26C
:1065C0000001C4F20001884258D1FFE740F2C01038
:1065D000C2F200400168013101600068012810D159
:1065E000FFE7FFE744F2EC40C5F60200016841F422
:1065F00080710160006800F480700D900D98FFE7D5
:10660000FFE7FFE744F2E040C5F60200016841F011
:1066100008010160006800F008000C900C98FFE78A
:1066200003200E9002200F900020089010901190EF
:106630000920129040F60040C5F602000EA900F0B5
:1066400003FA089A132005900521079100F0E0FC59
:10665000059800F0D1FC0799089A1520069000F0E3
:10666000D7FC069800F0C8FC0799089A3F200990CB
:1066700000F0CEFC099800F0BFFC61E013980068C0
:106680004AF20041C4F20001884258D1FFE740F2CB
:10669000C010C2F2004001680131016000680128A9
:1066A00010D1FFE7FFE744F2EC40C5F602000168B5
:1066B00041F480710160006800F480700B900B98C9
:1066C000FFE7FFE7FFE744F2E040C5F6020001689C
:1066D00041F002010160006800F002000A900A988F
:1066E000FFE760200E9002200F9000200390109092
:1066F00011900920129040F20040C5F602000EA948
:1067000000F0A2F9039A142000900521029100F0F4
:106710007FFC009800F070FC0299039A162001900B
:1067200000F076FC019800F067FC0299039A3F2084
:10673000049000F06DFC049800F05EFCFFE7FFE7BA
:1067400014B080BD0000000081B0009001B070471F
:1067500080B598B017901691179840F64441C2F250
:106760000041884240F06780FFE7179841F24053AC
:10677000C2F2004340210CAAFFF7A6F80C98A0F241
:1067800001200146019112284ED80199DFE801F05D
:106790000A15212D3A4C4C4C4C4C4C4C4C4C4C4C0E
:1067A0004C4C450040F6C000C2F2004041F240515E
:1067B000C2F20041FBF7B0FC37E040F6C000C2F285
:1067C0000040783041F24051C2F20041FBF7A4FC96
:1067D0002BE040F6C000C2F20040F03041F24051E0
:1067E000C2F20041FBF798FC1FE040F6C000C2F285
:1067F000004000F5B47041F24051C2F20041FBF795
:106800008BFC12E040F2F820C2F2004041F240510D
:10681000C2F20041FBF7E8FC07E041F24050C2F24F
:1068200000400DF029FB00E0FFE71798012100224E
:10683000FEF792FE29E0179840F6E441C2F20041CB
:10684000884221D1FFE7179841F24053C2F200433A
:10685000402102AAFFF738F8029840F20621884248
:106860000BD1FFE740F28020C2F2004041F24051DC
:10687000C2F20041FBF7B8FC00E0FFE717980121E6
:106880000022FEF769FEFFE7FFE718B080BD0000B9
:1068900080B58EB00D900C910D9840F64441C2F237
:1068A0000041884222D1FFE70D9841F24053C2F2E5
:1068B0000043402102AAFFF707F80298A0F2012046
:1068C0000146019104280AD80199DFE801F0030488
:1068D0000506070004E003E002E001E000E0FFE756
:1068E0000D9801210022FEF737FE0EE00D9840F6CC
:1068F000E441C2F20041884206D1FFE70D98012130
:106900000022FEF729FEFFE7FFE70EB080BD000082
:1069100082B00090009890F89800012811D1FFE70C
:106920000099022081F8980000980168886920F099
:106930000100886100990020C1F89C008DF80700D3
:106940000AE00099D1F89C0040F00400C1F89C00D6
:1069500001208DF80700FFE79DF8070002B070479F
:1069600082B00190009102B070470000000000006A
:1069700082B00190009102B070470000000000005A
:1069800083B002900191009203B0704700000000B4
:1069900082B00190009102B070470000000000003A
:1069A00081B0009001B0704781B0009001B0704795
:1069B00082B00190009102B070470000000000001A
:1069C00082B00190009102B070470000000000000A
:1069D00082B00190009102B07047000000000000FA
:1069E00081B0009001B0704781B0ADF80200BDF8F1
:1069F0000200B0F5806F01D1FFE707E0BDF80200AB
:106A0000B0F5005F01D1FFE7FFE7FFE701B0704796
:106A100080B582B0ADF806008820C5F60000006899
:106A2000BDF8061008420BD0FFE7BDF8060088212C
:106A3000C5F600010860BDF80600FFF7D5FFFFE7C7
:106A400002B080BD000000008FB00E900D910020BC
:106A50000C908020C5F600000990FFE70D980068B3
:106A60000C99C840002800F0CD81FFE70D98006820
:106A70000C9A0121914008400B900B98002800F0DF
:106A8000BD81FFE70D98406800F00300012807D0A2
:106A9000FFE70D98406800F0030002282FD1FFE7C0
:106AA0000E9880680A900C984100032000FA01F1CA
:106AB0000A9888430A900D98C0680C99490000FA1A
:106AC00001F10A9808430A900A980E9988600E9876
:106AD00040680A900C99012000FA01F10A98884355
:106AE0000A900D984068C0F300100C9900FA01F16B
:106AF0000A9808430A900A980E994860FFE70D9893
:106B0000406800F0030003280CD1FFE70D984068AF
:106B100000F0030003281DD1FFE70D9880680128CD
:106B200018D0FFE70E98C0680A900C984100032027
:106B300000FA01F10A9888430A900D9880680C9930
:106B4000490000FA01F10A9808430A900A980E9940
:106B5000C860FFE70D98406800F00300022826D1C6
:106B6000FFE70E980C996FF0030202EA5101084406
:106B7000006A0A900C9800F0070081000F2000FACC
:106B800001F10A9888430A900D9800690C9901F068
:106B90000701890000FA01F10A9808430A900A984F
:106BA0000E990C9B02EA530211440862FFE70E980B
:106BB00000680A900C984100032000FA01F10A983D
:106BC00088430A900D98406800F003000C99490032
:106BD00000FA01F10A9808430A900A980E99086091
:106BE0000D9880798007002800F00781FFE7FFE714
:106BF00044F2F440C5F60200016841F00201016070
:106C0000006800F0020008900898FFE70C9820F058
:106C1000030040F20841C5F6000140580A900C9864
:106C200000F0030081000F2000FA01F10A98884368
:106C30000A900E980021C5F60201884203D1FFE7B1
:106C4000002007906CE00E9840F20041C5F602016A
:106C5000884203D1FFE7012006905EE00E9840F6DF
:106C60000001C5F60201884203D1FFE7022005902A
:106C700050E00E9840F60041C5F60201884203D16B
:106C8000FFE70320049042E00E9841F20001C5F6B0
:106C90000201884203D1FFE70420039034E00E98FC
:106CA00041F20041C5F60201884203D1FFE7052009
:106CB000029026E00E9841F60001C5F602018842D6
:106CC00003D1FFE70620019018E00E9841F600413D
:106CD000C5F60201884203D1FFE7072000900AE0D1
:106CE0000E9942F20042C5F602020A20914208BF04
:106CF00009200090FFE700980190FFE701980290BB
:106D0000FFE702980390FFE703980490FFE70498D9
:106D10000590FFE705980690FFE706980790FFE7C4
:106D200007980C9901F00301890000FA01F10A9813
:106D300008430A900A980C9921F0030140F2084296
:106D4000C5F6000288504FF0B04000680A900B99D9
:106D50000A9888430A900D988079C006002805D5C6
:106D6000FFE70B990A9808430A90FFE70A984FF04B
:106D7000B04108600420C5F6000000680A900B9935
:106D80000A9888430A900D9880798006002805D5D6
:106D9000FFE70B990A9808430A90FFE70A98042135
:106DA000C5F600010860099840680A900B990A9896
:106DB00088430A900D9880798007002805D5FFE761
:106DC0000B990A9808430A90FFE70A9809994860C6
:106DD000099800680A900B990A9888430A900D98C0
:106DE0008079C00728B1FFE70B990A9808430A90F9
:106DF000FFE70A9809990860FFE7FFE70C98013060
:106E00000C902BE60FB0704782B00190ADF80210E5
:106E10008DF801209DF8010028B1FFE7BDF80200C0
:106E20000199886105E0BDF80200000401998861BC
:106E3000FFE702B07047000045F2A410C2F2004024
:106E4000006870470000000040F2AC00C2F2004051
:106E5000027845F2A411C2F20041086810440860AB
:106E6000704700000000000080B582B0032000F0F1
:106E7000E7F801F0C9FE44F21842C5F602021168B3
:106E8000C1F3032348F64C71C0F60101CB5C03F05B
:106E90001F03D84000900098126802F00F02895C2E
:106EA00001F01F01C84040F29C01C2F2004108609D
:106EB000009840F29801C2F2004108600F2000F0F3
:106EC00013F820B1FFE701208DF8070005E000F07E
:106ED00077F800208DF80700FFE79DF8070002B063
:106EE00080BD00000000000080B590B00E900E98AC
:106EF0000F2810D8FFE70E991C200090002200F008
:106F000087F8009800F078F80E9840F2B001C2F2CD
:106F10000041086003E001208DF83F004CE0FFE7EE
:106F200044F2E840C5F60200016841F00101016049
:106F3000006800F0010001900198FFE706A802A98F
:106F400001F0CAFD0B980490049820B9FFE701F006
:106F500033FE059004E001F02FFE40000590FFE7AE
:106F600005984DF68361C4F21B31A0FB01014FF07F
:106F7000FF3000EB9140039040F61060C2F20040F9
:106F80004FF08041016040F2E731C16003994160F8
:106F900000210161816003F023FD48B9FFE740F65D
:106FA0001060C2F2004003F08FFD8DF83F0003E057
:106FB00001208DF83F00FFE79DF83F0010B080BD35
:106FC00080B582B0FFE744F2F440C5F602000168E4
:106FD00041F002010160006800F002000190019898
:106FE000FFE76FF001000F21002200F011F802B05E
:106FF00080BD00000000000080B582B0ADF8060042
:10700000BDF906000BF0F0FD02B080BD00000000ED
:1070100080B586B0ADF81600049103920BF014FE13
:107020000290BDF91600019002980499039A08F0A5
:10703000E7FC014601980BF00FFE06B080BD000092
:1070400080B582B0019001980BF072FE02B080BD55
:1070500080B584B0029044F60C00C5F602000068CA
:1070600000F004010020B0EB910F13D1FFE744F6CC
:107070000C00C5F60200006800F007000299884283
:1070800004D0FFE701208DF80F002EE000208DF8DE
:107090000F002AE044F60C01C5F60201086820F052
:1070A0000700029A10430860FFF7C6FE0190FFE751
:1070B00044F60400C5F60200006800F40051002008
:1070C000B0EB513F0DD1FFE7FFF7B6FE0199401A33
:1070D000B0F57A7F04D9FFE701208DF80F0004E0B6
:1070E000E6E700208DF80F00FFE79DF80F0004B0E1
:1070F00080BD00000000000080B501F031FD44F2C9
:107100002041C5F602010968C1F3021248F64C712C
:10711000C0F60101895C01F01F01C84080BD00007C
:1071200088B0079044F22840C5F60200016801F0DB
:10713000030106910068C0F30530059044F22C402D
:10714000C5F602000068C0F300100490049844F2F1
:107150003C41C5F60201096889B2C908484300EEFE
:10716000100AB8EE400A8DED020A0598002800F0DA
:107170001181FFE70698009048B1FFE700980128C9
:1071800065D0FFE70098022800F08380A3E044F276
:107190000040C5F60200006800F020010020B0EBBE
:1071A000511F31D0FFE744F20040C5F602000068ED
:1071B000C0F3C10149F20000C0F2D030C8400390D2
:1071C0009DED030AB8EE400A9DED051AB8EE411A8E
:1071D00080EE010A44F23840C5F6020000686FF301
:1071E0005F2001EE100AB8EE411A9DED022A9FEDD4
:1071F0006F3A02EE031AB7EE002A31EE021A20EEC1
:10720000010A8DED010A21E09DED050AB8EE401A54
:107210009FED680A80EE010A44F23840C5F602008C
:1072200000686FF35F2001EE100AB8EE411A9DED81
:10723000022A9FED5E3A02EE031AB7EE002A31EE03
:10724000021A20EE010A8DED010AFFE765E09DEDCF
:10725000050AB8EE401A9FED560A80EE010A44F284
:107260003840C5F6020000686FF35F2001EE100A97
:10727000B8EE411A9DED022A9FED4C3A02EE031A38
:10728000B7EE002A31EE021A20EE010A8DED010A56
:1072900043E09DED050AB8EE401A9FED430A80EEEB
:1072A000010A44F23840C5F6020000686FF35F201F
:1072B00001EE100AB8EE411A9DED022A9FED3B3A0D
:1072C00002EE031AB7EE002A31EE021A20EE010A8E
:1072D0008DED010A21E09DED050AB8EE401A9FED03
:1072E000340A80EE010A44F23840C5F60200006814
:1072F0006FF35F2001EE100AB8EE411A9DED022AED
:107300009FED2A3A02EE031AB7EE002A31EE021A76
:1073100020EE010A8DED010AFFE79DED010A44F21E
:107320003840C5F60200016889B2490A01EE101A18
:10733000B8EE411AB7EE002A31EE021A80EE010AC9
:107340000799BCEEC00A81ED000A9DED010A0168B3
:10735000C1F3064101EE101AB8EE411A31EE021ADD
:1073600080EE010A0799BCEEC00A81ED010A9DED8D
:10737000010A0068C0F3066001EE100AB8EE411A77
:1073800031EE021A80EE010A0798BCEEC00A80EDC9
:10739000020A07E0079900200860079948600799EA
:1073A0008860FFE708B07047001BB74B000000394A
:1073B0000024744A0024744C88B0079044F228409A
:1073C000C5F60200016801F0030106910068C0F3F0
:1073D0000550059044F22C40C5F602000068C0F349
:1073E00000200490049844F24441C5F60201096863
:1073F00089B2C908484300EE100AB8EE400A8DED84
:10740000020A0598002800F01181FFE70698009015
:1074100048B1FFE70098012865D0FFE700980228EF
:1074200000F08380A3E044F20040C5F6020000684B
:1074300000F020010020B0EB511F31D0FFE744F2F3
:107440000040C5F602000068C0F3C10149F2000027
:10745000C0F2D030C84003909DED030AB8EE400A58
:107460009DED051AB8EE411A80EE010A44F2404043
:10747000C5F6020000686FF35F2001EE100AB8EE57
:10748000411A9DED022A9FED6F3A02EE031AB7EE04
:10749000002A31EE021A20EE010A8DED010A21E0E8
:1074A0009DED050AB8EE401A9FED680A80EE010ACC
:1074B00044F24040C5F6020000686FF35F2001EE21
:1074C000100AB8EE411A9DED022A9FED5E3A02EED7
:1074D000031AB7EE002A31EE021A20EE010A8DEDF2
:1074E000010AFFE765E09DED050AB8EE401A9FED41
:1074F000560A80EE010A44F24040C5F602000068D8
:107500006FF35F2001EE100AB8EE411A9DED022ADA
:107510009FED4C3A02EE031AB7EE002A31EE021A42
:1075200020EE010A8DED010A43E09DED050AB8EE5B
:10753000401A9FED430A80EE010A44F24040C5F62E
:10754000020000686FF35F2001EE100AB8EE411AE6
:107550009DED022A9FED3B3A02EE031AB7EE002A98
:1075600031EE021A20EE010A8DED010A21E09DEDB7
:10757000050AB8EE401A9FED340A80EE010A44F283
:107580004040C5F6020000686FF35F2001EE100A6C
:10759000B8EE411A9DED022A9FED2A3A02EE031A37
:1075A000B7EE002A31EE021A20EE010A8DED010A33
:1075B000FFE79DED010A44F24040C5F60200016874
:1075C00089B2490A01EE101AB8EE411AB7EE002A44
:1075D00031EE021A80EE010A0799BCEEC00A81ED75
:1075E000000A9DED010A0168C1F3064101EE101A7F
:1075F000B8EE411A31EE021A80EE010A0799BCEE8C
:10760000C00A81ED010A9DED010A0068C0F3066021
:1076100001EE100AB8EE411A31EE021A80EE010AAC
:107620000798BCEEC00A80ED020A07E00799002027
:1076300008600799486007998860FFE708B07047BD
:10764000001BB74B000000390024744A0024744C1E
:1076500080B59AB0189000208DF857008DF856002C
:107660001898C0780007002848D5FFE71898406EA2
:10767000149078B1FFE71498B0F5801F13D0FFE79E
:107680001498B0F5001F16D0FFE71498B0F5401F0E
:1076900019D019E044F22C41C5F60201086840F403
:1076A0000030086014E018980830022108F0A4FDAA
:1076B0008DF857000CE018982830022108F084FE5D
:1076C0008DF8570004E003E001208DF85700FFE734
:1076D0009DF8570060B9FFE744F25041C5F602013A
:1076E000086820F44010189A526E1043086004E0B5
:1076F0009DF857008DF85600FFE7FFE7189840788F
:10770000C007002840D0FFE71898806D1390042828
:1077100020D81399DFE801F0030C141C1D0044F27B
:107720002C41C5F60201086840F40030086015E0FD
:1077300018980830002108F05FFD8DF857000DE023
:1077400018982830002108F03FFE8DF8570005E01A
:1077500004E003E001208DF85700FFE79DF8570093
:1077600060B9FFE744F25041C5F60201086820F015
:107770000700189A926D1043086004E09DF85700C6
:107780008DF85600FFE7FFE718984078400700287B
:1077900056D5FFE71898D0F8A4001290C8B1FFE7BB
:1077A0001298B0F5001F1DD0FFE71298B0F5800FBA
:1077B00020D0FFE71298B0F5C00F23D0FFE7129852
:1077C000B0F5000F1FD0FFE71298B0F5200F1BD0C7
:1077D0001BE044F22C41C5F60201086840F4003079
:1077E000086016E018980830002108F005FD8DF8B3
:1077F00057000EE018982830002108F0E5FD8DF8BC
:10780000570006E005E004E003E001208DF8570092
:10781000FFE79DF8570068B9FFE744F25841C5F605
:107820000201086820F46000189AD2F8A4201043DE
:10783000086004E09DF857008DF85600FFE7FFE769
:10784000189840780007002856D5FFE71898D0F818
:10785000A8001190C8B1FFE71198B0F1807F1DD04A
:10786000FFE71198B0F1007F20D0FFE71198B0F149
:10787000407F23D0FFE71198B0F1806F1FD0FFE762
:107880001198B0F1A06F1BD01BE044F22C41C5F65B
:107890000201086840F40030086016E018980830CB
:1078A000002108F0A9FC8DF857000EE01898283048
:1078B000002108F089FD8DF8570006E005E004E09E
:1078C00003E001208DF85700FFE79DF8570068B9E5
:1078D000FFE744F25841C5F60201086820F0E06075
:1078E000189AD2F8A8201043086004E09DF85700C9
:1078F0008DF85600FFE7FFE71898C078800700284A
:107900003ED5FFE71898C06C1090F0B1FFE71098D3
:10791000102808D0FFE7109820280DD0FFE7109816
:10792000302811D012E044F22C41C5F6020108685B
:1079300040F4003008600DE018980830022108F08B
:107940005BFC8DF8570005E004E003E001208DF8B2
:107950005700FFE79DF8570060B9FFE744F24C413C
:10796000C5F60201086820F03000189AD26C104366
:10797000086004E09DF857008DF85600FFE7FFE728
:1079800018984078C00600284ED5FFE71898C06DBB
:107990000F90A0B1FFE70F98B0F5805F18D0FFE718
:1079A0000F98B0F5005F1BD0FFE70F98B0F5405F70
:1079B0001ED0FFE70F98B0F5804F1AD01AE044F2BE
:1079C0002C41C5F60201086840F40030086015E05B
:1079D00018980830002108F00FFC8DF857000DE0D2
:1079E00018982830002108F0EFFC8DF8570005E0CA
:1079F00004E003E001208DF85700FFE79DF85700F1
:107A000060B9FFE744F25041C5F60201086820F46E
:107A1000E040189AD26D1043086004E09DF85700CA
:107A20008DF85600FFE7FFE7189840788006002899
:107A30004CD5FFE71898006E0E90C8B1FFE70E987E
:107A4000B0F5803F15D0FFE70E98B0F5003F18D095
:107A5000FFE70E98B0F5403F1BD0FFE70E98B0F55A
:107A6000802F17D0FFE70E98B0F5A02F13D013E0AA
:107A700016E018980830012108F0BEFB8DF8570079
:107A80000EE018982830012108F09EFC8DF8570070
:107A900006E005E004E003E001208DF85700FFE771
:107AA0009DF8570060B9FFE744F25041C5F6020166
:107AB000086820F4E020189A126E1043086004E071
:107AC0009DF857008DF85600FFE7FFE718984078BB
:107AD000400600284ED5FFE71898D0F8AC000D906E
:107AE000C8B1FFE70D98B0F1805F15D0FFE70D98A2
:107AF000B0F1005F18D0FFE70D98B0F1405F1BD0E8
:107B0000FFE70D98B0F1804F17D0FFE70D98B0F167
:107B1000A04F13D013E016E018980830012108F0A8
:107B20006BFB8DF857000EE018982830012108F003
:107B30004BFC8DF8570006E005E004E003E001206F
:107B40008DF85700FFE79DF8570068B9FFE744F24A
:107B50005841C5F60201086820F0E040189AD2F8B2
:107B6000AC201043086004E09DF857008DF85600E3
:107B7000FFE7FFE718984078000600283BD5FFE7AD
:107B80001898C06E0C90D8B1FFE70C98B0F1805FE8
:107B900005D0FFE70C98B0F1005F09D011E044F286
:107BA0002C41C5F60201086840F4003008600CE082
:107BB00018980830012108F01FFB8DF8570004E0E9
:107BC00003E001208DF85700FFE79DF8570060B9EA
:107BD000FFE744F25041C5F60201086820F040502A
:107BE000189AD26E1043086004E09DF857008DF893
:107BF0005600FFE7FFE71898C078C007002837D085
:107C0000FFE71898806C0B90032817D80B99DFE8D2
:107C100001F014020B1344F22C41C5F6020108686E
:107C200040F4003008600DE018980830022108F098
:107C3000E3FA8DF8570005E004E003E001208DF839
:107C40005700FFE79DF8570060B9FFE744F24C4149
:107C5000C5F60201086820F00300189A926C1043E0
:107C6000086004E09DF857008DF85600FFE7FFE735
:107C7000189880784006002840F1B480FFE744F669
:107C80000001C5F60201086840F480700860FFF743
:107C9000D3F81690FFE744F60000C5F6020000682E
:107CA000C00500280CD4FFE7FFF7C6F81699401A64
:107CB000652804D3FFE703208DF8570000E0EAE7CA
:107CC0009DF85700002840F08780FFE744F270409D
:107CD000C5F60200006800F440701899D1F8B010A1
:107CE00001F44071884213D0FFE744F27041C5F6B9
:107CF0000201086820F440701790086840F4803052
:107D00000860086820F48030086017980860FFE772
:107D10001898D0F8B000B0F5807F1FD1FFE7FFF7CB
:107D20008BF81690FFE744F27040C5F60200006839
:107D300000F002010020B0EB510F0ED1FFE7FFF77A
:107D40007BF81699401A41F28931884204D3FFE743
:107D500003208DF8570000E0E5E7FFE79DF85700A6
:107D6000A0BBFFE7FFE71898D0F8B00000F4407020
:107D7000B0F5407F13D1FFE744F21041C5F6020190
:107D8000086820F47C50189AD2F8B0204FF6F043DF
:107D9000C0F6FF731A4040EA1210086008E044F28F
:107DA0001041C5F60201086820F47C500860FFE726
:107DB0001898D0F8B0206FF31F3244F27041C5F626
:107DC0000201086810430860FFE704E09DF85700CF
:107DD0008DF85600FFE704E09DF857008DF8560037
:107DE000FFE7FFE718980068C007002800F04C8004
:107DF000FFE71898806F0A9028282BD80A99DFE8A7
:107E000001F015292929292929291629292929296A
:107E100029291E29292929292929262929292929E0
:107E200029292729292929292929280016E01898EC
:107E30000830012108F0E0F98DF857000EE018989D
:107E40002830012108F0C0FA8DF8570006E005E05F
:107E500004E003E001208DF85700FFE79DF857008C
:107E600060B9FFE744F25441C5F60201086820F00A
:107E70003800189A926F1043086004E09DF857008C
:107E80008DF85600FFE7FFE7189800788007002874
:107E900039D5FFE71898406F0990052819D8099936
:107EA000DFE801F003040C14151616E018980830EA
:107EB000012108F0A1F98DF857000EE0189828303C
:107EC000012108F081FA8DF8570006E005E004E092
:107ED00003E001208DF85700FFE79DF8570060B9D7
:107EE000FFE744F25441C5F60201086820F007009C
:107EF000189A526F1043086004E09DF857008DF8FF
:107F00005600FFE7FFE718980078400700283BD5A8
:107F1000FFE71898D0F890000890052819D808991C
:107F2000DFE801F003040C14151616E01898083069
:107F3000012108F061F98DF857000EE018982830FB
:107F4000012108F041FA8DF8570006E005E004E051
:107F500003E001208DF85700FFE79DF8570068B94E
:107F6000FFE744F25841C5F60201086820F0070017
:107F7000189AD2F890201043086004E09DF857004A
:107F80008DF85600FFE7FFE7189800788006002874
:107F90004ED5FFE71898D0F88C000790C8B1FFE7DE
:107FA0000798B0F1805F15D0FFE70798B0F1005F48
:107FB00018D0FFE70798B0F1405F1BD0FFE70798A4
:107FC000B0F1804F17D0FFE70798B0F1A04F13D062
:107FD00013E016E018980830002108F00DF98DF82C
:107FE00057000EE018982830022108F0EDF98DF8BE
:107FF000570006E005E004E003E001208DF857009B
:10800000FFE79DF8570068B9FFE744F25441C5F611
:108010000201086820F0E040189AD2F88C20104342
:10802000086004E09DF857008DF85600FFE7FFE771
:1080300018980078400600284ED5FFE71898D0F829
:1080400098000690C8B1FFE70698B0F5806F15D08C
:10805000FFE70698B0F5006F18D0FFE70698B0F577
:10806000406F1BD0FFE70698B0F5805F17D0FFE7A1
:108070000698B0F5A05F13D013E016E0189808300A
:10808000002108F0B9F88DF857000EE01898283054
:10809000022108F099F98DF8570006E005E004E0A8
:1080A00003E001208DF85700FFE79DF8570068B9FD
:1080B000FFE744F25841C5F60201086820F4E05099
:1080C000189AD2F898201043086004E09DF85700F1
:1080D0008DF85600FFE7FFE71898007800060028A3
:1080E0004ED5FFE71898D0F89C000590C8B1FFE77F
:1080F0000598B0F5005F15D0FFE70598B0F5804F03
:1081000018D0FFE70598B0F5C04F1BD0FFE70598E2
:10811000B0F5004F17D0FFE70598B0F5204F13D00A
:1081200013E016E018980830002108F065F88DF883
:1081300057000EE018982830022108F045F98DF814
:10814000570006E005E004E003E001208DF8570049
:10815000FFE79DF8570068B9FFE744F25841C5F6BC
:108160000201086820F46040189AD2F89C2010435D
:10817000086004E09DF857008DF85600FFE7FFE720
:10818000189800780007002820D5FFE71898D0F845
:108190008000B0F5805F0CD1FFE7189828300221ED
:1081A00008F012F920B1FFE701208DF85600FFE733
:1081B000FFE744F25441C5F60201086820F440503C
:1081C000189AD2F8802010430860FFE718980078CA
:1081D000C006002820D5FFE71898D0F89400B0F525
:1081E000807F0CD1FFE718982830022108F0ECF8C6
:1081F00020B1FFE701208DF85600FFE7FFE744F2CA
:108200005841C5F60201086820F44070189AD2F867
:10821000942010430860FFE7189880780007002832
:108220003CD5FFE71898D0F8A000049050B1FFE7C4
:108230000498B0F5803F0DD0FFE70498B0F5003FFB
:1082400010D010E018980830002107F0D5FF8DF805
:1082500057000CE018982830022108F0B5F88DF886
:10826000570004E003E001208DF85700FFE79DF878
:10827000570068B9FFE744F25841C5F602010868A3
:1082800020F44030189AD2F8A0201043086004E08F
:108290009DF857008DF85600FFE7FFE718988078A3
:1082A000400700283FD5FFE71898D0F884000390D6
:1082B000B0F5801F0AD0FFE70398B0F5001F0ED07D
:1082C000FFE70398B0F5401F11D011E044F22C41B4
:1082D000C5F60201086840F4003008600CE0189808
:1082E0002830012108F070F88DF8570004E003E011
:1082F00001208DF85700FFE79DF8570068B9FFE7A8
:1083000044F25441C5F60201086820F44010189A5E
:10831000D2F884201043086004E09DF857008DF8DF
:108320005600FFE7FFE718988078C007A8B3FFE77B
:108330001898006D029028B1FFE70298B0F5803FD1
:1083400009D010E044F22C41C5F60201086840F45F
:10835000003008600BE018980830022107F04CFF4D
:108360008DF8570003E001208DF85700FFE79DF8D6
:10837000570060B9FFE744F24C41C5F602010868B6
:1083800020F48030189A126D1043086004E09DF8C4
:1083900057008DF85600FFE7FFE71898C078800671
:1083A00000280CD5FFE718982830022108F00CF8B7
:1083B00020B1FFE701208DF85600FFE7FFE718988E
:1083C0008078800700283AD5FFE71898C06F0190A1
:1083D000D0B1FFE70198B0F5807F0AD0FFE70198A0
:1083E000B0F5007F0ED0FFE70198B0F5407F0AD0CE
:1083F0000BE044F22C41C5F60201086840F400305D
:10840000086006E005E004E003E001208DF8570075
:10841000FFE79DF8570060B9FFE744F25441C5F605
:108420000201086820F44070189AD26F1043086067
:1084300004E09DF857008DF85600FFE7FFE7189815
:108440008078C00600280CD5FFE744F25041C5F6FD
:108450000201086820F00040189A126F104308606B
:10846000FFE718988078800600280CD5FFE744F2D3
:108470005041C5F60201086820F08070189A926E8B
:1084800010430860FFE71898C0784006002811D50F
:10849000FFE7FFE744F21041C5F60201086820F447
:1084A000004008601898D0F8B420086810430860AD
:1084B000FFE7FFE71898C078000600280CD5FFE713
:1084C00044F24C41C5F60201086820F04050189A69
:1084D000526D10430860FFE7189880780006002866
:1084E0000DD5FFE744F25441C5F60201086820F4B7
:1084F0004000189AD2F8882010430860FFE71898C7
:108500000079C00790B1FFE718980830002107F004
:1085100073FE8DF857009DF8570008B9FFE704E097
:108520009DF857008DF85600FFE7FFE7189800798F
:108530008007002812D5FFE718980830012107F0BE
:108540005BFE8DF857009DF8570008B9FFE704E07F
:108550009DF857008DF85600FFE7FFE7189800795F
:108560004007002812D5FFE718980830022107F0CD
:1085700043FE8DF857009DF8570008B9FFE704E067
:108580009DF857008DF85600FFE7FFE7189800792F
:108590000007002812D5FFE718982830002107F0BF
:1085A00013FF8DF857009DF8570008B9FFE704E066
:1085B0009DF857008DF85600FFE7FFE718980079FF
:1085C000C006002812D5FFE718982830012107F0CF
:1085D000FBFE8DF857009DF8570008B9FFE704E04F
:1085E0009DF857008DF85600FFE7FFE718980079CF
:1085F0008006002812D5FFE718982830022107F0DE
:10860000E3FE8DF857009DF8570008B9FFE704E036
:108610009DF857008DF85600FFE7FFE79DF85600DC
:1086200020B9FFE700208DF8670003E001208DF8F6
:108630006700FFE79DF867001AB080BD00000000EA
:1086400080B586B004900391049820B9FFE701201B
:108650008DF817003CE2039842F20001C5F20021B8
:10866000096801F00F01884216D9FFE742F20000C5
:10867000C5F20020016821F00F01039A1143016047
:10868000006800F00F000399884204D0FFE7012042
:108690008DF817001CE2FFE70498007840070028D7
:1086A00019D5FFE70498006944F21841C5F60201A4
:1086B000096801F0700188420CD9FFE744F21841C3
:1086C000C5F60201086820F07000049A1269104390
:1086D0000860FFE7FFE7049800780007002819D535
:1086E000FFE70498406944F21C41C5F6020109689D
:1086F00001F0700188420CD9FFE744F21C41C5F635
:108700000201086820F07000049A52691043086062
:10871000FFE7FFE704980078C006002819D5FFE7B7
:108720000498806944F21C41C5F60201096801F40D
:10873000E06188420CD9FFE744F21C41C5F6020112
:10874000086820F4E060049A926910430860FFE72B
:10875000FFE7049800788006002819D5FFE7049801
:10876000C06944F22041C5F60201096801F07001B8
:1087700088420CD9FFE744F22041C5F6020108689F
:1087800020F07000049AD26910430860FFE7FFE709
:10879000049800788007002819D5FFE70498C0687E
:1087A00044F21841C5F60201096801F00F01884240
:1087B0000CD9FFE744F21841C5F60201086820F021
:1087C0000F00049AD26810430860FFE7FFE704989F
:1087D0000078C007002800F08C80FFE744F21841C1
:1087E000C5F60201086820F47060049A926810438C
:1087F000086004984068022811D1FFE744F2004065
:10880000C5F60200006800F400310020B0EB514FC3
:1088100004D1FFE701208DF8170059E13EE00498EC
:108820004068032811D1FFE744F20040C5F602007A
:10883000006800F000710020B0EB516F04D1FFE739
:1088400001208DF8170043E127E0049840680128D3
:1088500011D1FFE744F20040C5F60200006800F4C1
:1088600080710020B0EB112F04D1FFE701208DF8BB
:1088700017002DE110E044F20040C5F60200006848
:1088800000F004010020B0EB910F04D1FFE70120BC
:108890008DF817001CE1FFE7FFE7FFE744F2104106
:1088A000C5F60201086820F00700049A52681043D8
:1088B0000860FEF7C1FA0190FFE744F21040C5F6E8
:1088C0000200006800F0380004994968B0EBC10F5D
:1088D0000ED0FFE7FEF7B0FA0199401A41F2893154
:1088E000884204D3FFE703208DF81700F0E0E4E7A7
:1088F000FFE7049800788007002819D5FFE704985F
:10890000C06844F21841C5F60201096801F00F0180
:1089100088420CD2FFE744F21841C5F6020108680C
:1089200020F00F00049AD26810430860FFE7FFE7C9
:10893000039842F20001C5F20021096801F00F011D
:10894000884216D2FFE742F20000C5F2002001681B
:1089500021F00F01039A11430160006800F00F003D
:108960000399884204D0FFE701208DF81700AFE09B
:10897000FFE7049800784007002819D5FFE704981E
:10898000006944F21841C5F60201096801F070015E
:1089900088420CD2FFE744F21841C5F6020108688C
:1089A00020F07000049A126910430860FFE7FFE7A7
:1089B000049800780007002819D5FFE7049840695B
:1089C00044F21C41C5F60201096801F070018842B9
:1089D0000CD2FFE744F21C41C5F60201086820F002
:1089E0007000049A526910430860FFE7FFE704989B
:1089F0000078C006002819D5FFE70498806944F282
:108A00001C41C5F60201096801F4E06188420CD2FC
:108A1000FFE744F21C41C5F60201086820F4E0605B
:108A2000049A926910430860FFE7FFE70498007812
:108A30008006002819D5FFE70498C06944F2204158
:108A4000C5F60201096801F0700188420CD2FFE707
:108A500044F22041C5F60201086820F07000049A33
:108A6000D26910430860FFE7FFE700F0CDF844F259
:108A70001842C5F602021168C1F3032348F64C718F
:108A8000C0F60101CB5C03F01F03D84000900098B2
:108A9000126802F00F02895C01F01F01C84040F229
:108AA0009C01C2F200410860009840F29801C2F2B5
:108AB0000041086040F2B000C2F200400068FEF7DA
:108AC00013FA8DF80B009DF80B008DF81700FFE7E7
:108AD0009DF8170006B080BD82B001900091019909
:108AE0003F20086044F21040C5F60200006800F024
:108AF00007000199486044F21840C5F60200016879
:108B000001F47061019A9160016801F00F01019A0E
:108B1000D160006800F070000199086144F21C40C7
:108B2000C5F60200016801F07001019A5161006808
:108B300000F4E0600199886144F22040C5F602002B
:108B4000006800F070000199C86142F20000C5F2AF
:108B50000020006800F00F000099086002B0704724
:108B600080B582B000F050F844F21842C5F6020217
:108B70001168C1F3032348F64C71C0F60101CB5CC8
:108B800003F01F03D84001900198126802F00F0211
:108B9000895C01F01F0120FA01F140F29C00C2F251
:108BA00000400160019940F29802C2F20042116057
:108BB000006802B080BD000080B5FFF7D1FF44F22D
:108BC0001C41C5F602010968C1F3021248F64C7156
:108BD000C0F60101895C01F01F01C84080BD0000A2
:108BE00080B5FFF7BDFF44F21C41C5F602010968DC
:108BF000C1F3022248F64C71C0F60101895C01F014
:108C00001F01C84080BD00008AB044F21040C5F684
:108C10000200006800F0380001460191182800F2B7
:108C20005F810199DFE811F019005C015C015C01D2
:108C30005C015C015C015C013A005C015C015C016F
:108C40005C015C015C015C0140005C015C015C0159
:108C50005C015C015C015C01460044F20040C5F629
:108C60000200006800F020010020B0EB511F0ED080
:108C7000FFE744F20040C5F602000068C0F3C101FE
:108C800049F20000C0F2D030C840029005E049F23D
:108C90000000C0F2D0300290FFE727E140F600105C
:108CA000C0F23D00029021E143F20060C0F26E107C
:108CB00002901BE144F22840C5F60200016801F071
:108CC000030108910068C0F30510079044F22C409E
:108CD000C5F60200006800F001000690069844F214
:108CE0003441C5F60201096889B2C908484300EE5B
:108CF000100AB8EE400A8DED040A0798002800F02B
:108D0000EB80FFE70898009048B1FFE70098012842
:108D100065D0FFE70098022800F08380A3E044F2CA
:108D20000040C5F60200006800F020010020B0EB12
:108D3000511F31D0FFE744F20040C5F60200006841
:108D4000C0F3C10149F20000C0F2D030C840059024
:108D50009DED050AB8EE400A9DED071AB8EE411ADE
:108D600080EE010A44F23040C5F6020000686FF35D
:108D70005F2001EE100AB8EE411A9DED042A9FED26
:108D80005E3A02EE031AB7EE002A31EE021A20EE26
:108D9000010A8DED030A21E09DED070AB8EE401AA5
:108DA0009FED570A80EE010A44F23040C5F60200FA
:108DB00000686FF35F2001EE100AB8EE411A9DEDD6
:108DC000042A9FED4D3A02EE031AB7EE002A31EE67
:108DD000021A20EE010A8DED030AFFE765E09DED22
:108DE000070AB8EE401A9FED450A80EE010A44F2E8
:108DF0003040C5F6020000686FF35F2001EE100AF4
:108E0000B8EE411A9DED042A9FED3B3A02EE031A9B
:108E1000B7EE002A31EE021A20EE010A8DED030AA8
:108E200043E09DED070AB8EE401A9FED320A80EE4E
:108E3000010A44F23040C5F6020000686FF35F207B
:108E400001EE100AB8EE411A9DED042A9FED2A3A70
:108E500002EE031AB7EE002A31EE021A20EE010AE2
:108E60008DED030A21E09DED070AB8EE401A9FED53
:108E7000230A80EE010A44F23040C5F60200006881
:108E80006FF35F2001EE100AB8EE411A9DED042A3F
:108E90009FED193A02EE031AB7EE002A31EE021ADC
:108EA00020EE010A8DED030AFFE744F23040C5F6DB
:108EB0000200006881B2012000EB512009909DED75
:108EC000030A9DED091AB8EE411A80EE010ABCEEC4
:108ED000C00A8DED020A02E000200290FFE705E0E3
:108EE00040F60010C0F23D000290FFE702980AB081
:108EF000704700BF001BB74B000000390024744AC4
:108F00000024744C0000000080B58CB00A900A98D0
:108F100028B9FFE701208DF82F0000F001BD0A9865
:108F20000078C007002800F0B980FFE744F2104045
:108F3000C5F60200006800F03800069044F22840B0
:108F4000C5F6020000680590069810280AD0FFE7D1
:108F5000069818281CD1FFE7059800F003000228A6
:108F600016D1FFE744F20040C5F60200006800F4A5
:108F700000310020B0EB514F09D0FFE70A9840685C
:108F800028B9FFE701208DF82F0000F0C9BC84E06C
:108F9000FFE70A984068B0F5803F09D1FFE744F247
:108FA0000041C5F60201086840F48030086032E0F4
:108FB0000A98406868B9FFE744F20041C5F602012B
:108FC000086820F480300860086820F48020086079
:108FD00020E00A984068B0F5A02F0DD1FFE744F2D9
:108FE0000041C5F60201086840F480200860086866
:108FF00040F4803008600CE044F20041C5F6020104
:10900000086820F480300860086820F48020086038
:10901000FFE7FFE7FFE7FFE70A984068F0B1FFE7E7
:10902000FDF70AFF0990FFE744F20040C5F6020091
:10903000006800F400310020B0EB514F0DD1FFE784
:10904000FDF7FAFE0999401A652805D3FFE70320CA
:109050008DF82F0000F064BCE6E71DE0FDF7ECFEA4
:109060000990FFE744F20040C5F60200006800F4F2
:1090700000310020B0EB514F0DD0FFE7FDF7DCFED3
:109080000999401A652805D3FFE703208DF82F00C2
:1090900000F046BCE6E7FFE7FFE7FFE70A98007845
:1090A0008007002840F1C580FFE744F21040C5F674
:1090B0000200006800F03800049044F22840C5F631
:1090C000020000680390049850B1FFE70498182844
:1090D00050D1FFE79DF80C00800700284AD1FFE738
:1090E00044F20040C5F60200006800F004010020D0
:1090F000B0EB910F09D0FFE70A98C06828B9FFE7E5
:1091000001208DF82F0000F00BBC44F20041C5F6A1
:109110000201086820F019000A9AD268104308601A
:10912000FDF78AFE0990FFE744F20040C5F6020011
:10913000006800F004010020B0EB910F0CD1FFE7B4
:10914000FDF77AFE0999401A032804D3FFE70320AC
:109150008DF82F00E4E3E7E744F20441C5F602018D
:10916000086820F0FE400A9A126940EA026008602E
:10917000FFE75DE00A98C068A0B3FFE744F2004152
:10918000C5F60201086820F019000A9AD268104357
:109190000860FDF751FE0990FFE744F20040C5F674
:1091A0000200006800F004010020B0EB910F0CD128
:1091B000FFE7FDF741FE0999401A032804D3FFE7B2
:1091C00003208DF82F00ABE3E7E744F20441C5F636
:1091D0000201086820F0FE400A9A126940EA026023
:1091E000086024E044F20041C5F60201086820F05E
:1091F00001000860FDF720FE0990FFE744F20040FF
:10920000C5F60200006800F004010020B0EB910FE9
:109210000CD0FFE7FDF710FE0999401A032804D38C
:10922000FFE703208DF82F007AE3E7E7FFE7FFE78A
:10923000FFE70A980078C006002840F1A080FFE709
:1092400044F21040C5F60200006800F038000290B9
:1092500044F22840C5F602000068019002980828F0
:109260000AD0FFE7029818282BD1FFE7019800F0F9
:109270000300012825D1FFE744F20040C5F60200B3
:10928000006800F480710020B0EB112F09D0FFE7D7
:109290000A98C069802804D0FFE701208DF82F00CC
:1092A0003EE3FFE744F20C41C5F60201086820F0F6
:1092B0007C500A9A126A40EA02600860FFE7FFE702
:1092C0005CE00A98C06998B3FFE744F20041C5F634
:1092D0000201086840F080000860FDF7ADFD0990CC
:1092E000FFE744F20040C5F60200006800F4807118
:1092F0000020B0EB112F0CD1FFE7FDF79DFD099980
:10930000401A032804D3FFE703208DF82F0007E35A
:10931000E7E7FFE744F20C41C5F60201086820F0D8
:109320007C500A9A126A40EA02600860FFE724E073
:1093300044F20041C5F60201086820F08000086090
:10934000FDF77AFD0990FFE744F20040C5F6020000
:10935000006800F480710020B0EB112F0CD0FFE703
:10936000FDF76AFD0999401A032804D3FFE703209B
:109370008DF82F00D4E2E7E7FFE7FFE7FFE70A9861
:109380000078000700284FD5FFE70A98406928B306
:10939000FFE744F27441C5F60201086840F001009D
:1093A0000860FDF749FD0990FFE744F27440C5F6F7
:1093B0000200006800F002010020B0EB510F0CD158
:1093C000FFE7FDF739FD0999401A032804D3FFE7A9
:1093D00003208DF82F00A3E2E7E724E044F2744174
:1093E000C5F60201086820F001000860FDF724FDC1
:1093F0000990FFE744F27440C5F60200006800F0EF
:1094000002010020B0EB510F0CD0FFE7FDF714FD77
:109410000999401A032804D3FFE703208DF82F0091
:109420007EE2E7E7FFE7FFE70A980078800600287A
:109430004FD5FFE70A98806928B3FFE744F200415F
:10944000C5F60201086840F480500860FDF7F4FC9E
:109450000990FFE744F20040C5F60200006800F4FE
:1094600000510020B0EB513F0CD1FFE7FDF7E4FCC9
:109470000999401A032804D3FFE703208DF82F0031
:109480004EE2E7E724E044F20041C5F60201086835
:1094900020F480500860FDF7CFFC0990FFE744F20C
:1094A0000040C5F60200006800F400510020B0EB57
:1094B000513F0CD0FFE7FDF7BFFC0999401A032884
:1094C00004D3FFE703208DF82F0029E2E7E7FFE749
:1094D000FFE70A9800784007002840F1A780FFE7DF
:1094E00044F60001C5F60201086840F48070086087
:1094F000FDF7A2FC0990FFE744F60000C5F6020064
:109500000068C00500280CD4FFE7FDF795FC099919
:10951000401A652804D3FFE703208DF82F00FFE1F0
:10952000EAE7FFE70A988068012809D1FFE744F2DB
:109530007041C5F60201086840F00100086031E0A2
:109540000A98806868B9FFE744F27041C5F60201E5
:10955000086820F001000860086820F00400086036
:109560001FE00A98806805280DD1FFE744F270419A
:10957000C5F60201086840F004000860086840F081
:10958000010008600CE044F27041C5F60201086871
:1095900020F001000860086820F004000860FFE780
:1095A000FFE7FFE7FFE70A988068F8B1FFE7FDF7FC
:1095B00043FC0990FFE744F27040C5F602000068E2
:1095C00000F002010020B0EB510F0ED1FFE7FDF7D4
:1095D00033FC0999401A41F28931884204D3FFE7EC
:1095E00003208DF82F009BE1E5E71EE0FDF724FC4A
:1095F0000990FFE744F27040C5F60200006800F0F1
:1096000002010020B0EB510F0ED0FFE7FDF714FC74
:109610000999401A41F28931884204D3FFE70320B7
:109620008DF82F007CE1E5E7FFE7FFE70A98406A45
:10963000002800F07181FFE744F21040C5F60200F7
:10964000006800F03800182800F0E080FFE70A9872
:10965000406A022840F0B480FFE744F20041C5F6BA
:109660000201086820F080700860FDF7E5FB0990B2
:10967000FFE744F20040C5F60200006800F0007108
:109680000020B0EB516F0CD0FFE7FDF7D5FB099937
:10969000401A032804D3FFE703208DF82F003FE191
:1096A000E7E7FFE744F22841C5F60201086840F207
:1096B000F33290430A9B9A6ADB6A42EA0312104330
:1096C00008600A99086BD1F834C08B6BCA6B0138FB
:1096D0006FF35F204FF60061CFF6FF7101EB4C2175
:1096E00089B208440021CFF6FF7101EB034101F478
:1096F000FE0108444FF07F4101EB026101F0FE41A1
:10970000084444F23041C5F602010860FFE744F224
:109710002C41C5F602010091086820F001000860A4
:1097200044F23442C5F6020210684FF6F8739843CB
:109730000A9B9B6C40EAC3001060086820F00C0094
:109740000A9A126C10430860086820F002000A9A16
:10975000526C10430860086840F480300860086864
:1097600040F400300860086840F480200860086811
:1097700040F00100086044F20041C5F602010868AB
:1097800040F080700860FDF757FB0990FFE744F256
:109790000040C5F60200006800F000710020B0EB48
:1097A000516F0CD1FFE7FDF747FB0999401A0328D9
:1097B00004D3FFE703208DF82F00B1E0E7E724E0B2
:1097C00044F20041C5F60201086820F0807008608C
:1097D000FDF732FB0990FFE744F20040C5F60200B6
:1097E000006800F000710020B0EB516F0CD0FFE773
:1097F000FDF722FB0999401A032804D3FFE7032051
:109800008DF82F008CE0E7E7FFE784E044F2284082
:10981000C5F602000068089044F23040C5F6020028
:10982000006807900A98406A012837D0FFE7089837
:1098300000F003000A99896A88422FD1FFE708984F
:1098400000F47C710A98C06AB0EB111F26D1FFE7C3
:1098500007986FF35F200A99096B013988421DD17F
:10986000FFE7BDF81C100A98406B0138B0EB512F90
:1098700014D1FFE7079800F4FE010A98806B0138C5
:10988000B0EB114F0AD1FFE7079800F0FE410A98AC
:10989000C06B0138B0EB116F04D0FFE701208DF8E9
:1098A0002F003DE044F23440C5F60200006880B26B
:1098B000C00808900A98806C0899884229D0FFE770
:1098C00044F22C41C5F60201086820F0010008604E
:1098D000FDF7B2FA0990FFE7FDF7AEFA0999401AD1
:1098E00008B9FFE7F8E744F23441C5F60201086819
:1098F0004FF6F87290430A9A926C40EAC2000860F0
:1099000044F22C41C5F60201086840F001000860ED
:10991000FFE7FFE7FFE7FFE700208DF82F00FFE7F5
:109920009DF82F000CB080BD81B0009001B0704751
:1099300080B588B00790079800680069069007987E
:1099400000684069059006980599084004900798BA
:1099500000688068039000200290079890F88100CA
:109960008DF8070007980068303000909DF81500CA
:109970000007002810D5FFE79DF818000007002811
:109980000AD5FFE707980168886940F4006088619C
:10999000079800F0B9FB91E19DF8100040060028FF
:1099A00015D4FFE79DF81000800600280FD4FFE7CC
:1099B0009DF810004007002809D5FFE70798416F80
:1099C00088470798016F884701200290FFE79DF8BC
:1099D00010004006002811D4FFE79DF81000C007D2
:1099E00060B1FFE79DF810004007002806D4FFE7AC
:1099F0000798016F884701200290FFE79DF810004B
:109A00008006002812D4FFE79DF810008007002888
:109A10000CD5FFE79DF810004007002806D4FFE7AB
:109A20000798416F884701200290FFE7029808B12C
:109A3000FFE743E19DF810000007002840F189800E
:109A4000FFE707980168886940F008008861079877
:109A50000168886940F0100088610798016888698A
:109A600040F40060886107980168086920F00800E8
:109A7000086107980068806810F4404F3AD1FFE70A
:109A8000FFE70798B0F86A0098B3FFE70798C06847
:109A900010280BD3FFE707980068006B0799496E01
:109AA00008600799486E043048661BE00798C06854
:109AB00008280AD3FFE7009800880799496E0880B4
:109AC0000799486E023048660BE00798006890F8E6
:109AD00030000799496E08700799486E0130486652
:109AE000FFE7FFE70799B1F86A000138A1F86A00BB
:109AF000C7E7FFE7079806F06BFD0799012081F89B
:109B000081000798D0F8840020B1FFE70798FFF79D
:109B10000BFFD3E09DF80700052804D1FFE7079865
:109B200000F07EFE14E09DF80700042804D1FFE752
:109B3000079800F0E5FA0AE09DF80700032804D131
:109B4000FFE7079800F068FE00E0FFE7FFE7FFE7A8
:109B5000B4E0BDF8100010F4587F00F0AF80FFE7CC
:109B60009DF81000400600280ED5FFE70799D1F8B0
:109B7000840040F00400C1F88400079801688869F7
:109B800040F040008861FFE79DF811008007002841
:109B90000ED5FFE70799D1F8840040F00100C1F825
:109BA000840007980168886940F400708861FFE7C5
:109BB0009DF81100C00770B1FFE70799D1F8840044
:109BC00040F00800C1F8840007980168886940F4F3
:109BD00080708861FFE79DF81000800600280ED590
:109BE000FFE70799D1F8840040F08000C1F88400B5
:109BF00007980168886940F020008861FFE70798AE
:109C0000D0F88400002858D0FFE70798016808685A
:109C100020F00100086007980168086940F26B3283
:109C200090430861039800F44040B0F5404F3BD1A9
:109C3000FFE707980168886820F44040886007982B
:109C4000C06FB0B1FFE70798C16F40F2E960C0F69E
:109C5000010008650798C06FF9F712F840B1FFE7F7
:109C60000799D1F8840040F04000C1F88400FFE774
:109C7000FFE70798806FB0B1FFE70798816F40F268
:109C8000E960C0F6010008650798806FF8F7F8FFF3
:109C900040B1FFE70799D1F8840040F04000C1F8D7
:109CA0008400FFE7FFE707E00799012081F88100C2
:109CB0000798FFF739FEFFE7FFE7FFE708B080BD31
:109CC00080B586B00490049820B9FFE701208DF894
:109CD00017003AE10498406A08B9FFE7FFE70499E2
:109CE000002088620498006843F20001C4F2010178
:109CF00088421BD0FFE70498006843F60001C4F2D5
:109D00000001884212D0FFE70498006843F6004142
:109D1000C4F20001884209D0FFE70498C068102807
:109D200004D3FFE701208DF817000EE1049806F038
:109D3000F3FC02900498006843F20001C4F20101B0
:109D4000884216D0FFE70498006843F60001C4F289
:109D5000000188420DD0FFE70498006843F60041F7
:109D6000C4F20001884204D0FFE7029808281FD8F7
:109D7000FFE70498006843F20001C4F20101884241
:109D800012D0FFE70498006843F60001C4F2000116
:109D9000884209D0FFE70498006843F60041C4F206
:109DA0000001884208D1FFE70298112804D3FFE799
:109DB00001208DF81700C8E0049890F8810040B9A0
:109DC000FFE70499002081F88000049800F0C4F8AF
:109DD000FFE70499022081F881000498016808686F
:109DE00020F00100086004980068806800F4F81012
:109DF000039004988069B0F1806F1BD1FFE704984D
:109E00004068B0F5800F04D1FFE70498806B50B133
:109E1000FFE70498406868B9FFE70498806BB0F1E9
:109E2000805F07D1FFE704980168086840F480501C
:109E30000860FFE7049880794006002810D5FFE706
:109E40000498C06807280BD3FFE7049800680068EF
:109E500020F48070049A1168126D1043086006E0C7
:109E600004980168086820F480700860FFE7049B8C
:109E70001968DA68D869D3F828C040EA0C00DDF820
:109E80000CC040EA0C00DB6B184310438860049A56
:109E90000192506B516A0843916B084391690843E2
:109EA0001168D2F804C09368D2F810E040EA0E00BE
:109EB000D2F814E040EA0E00D2F820E040EA0E00AA
:109EC00040EA0C00D2F84CC040EA0C001843936CF6
:109ED0001843926D1043C8600498406898B9FFE732
:109EE000049800688068012161F3CC200499096816
:109EF0008860049800688068022161F34A20049910
:109F000009688860FFE704980168086D20F0010087
:109F1000086504988079400600280BD5FFE704986F
:109F20000068C06820F00040049A1168526D104328
:109F3000C860FFE704990020C1F88400049A012159
:109F400082F881108DF81700FFE79DF8170006B022
:109F500080BD00000000000080B5BEB03D90002034
:109F60003C903B903A90399038900AA8B821F6F787
:109F700050FB3D98006843F60001C4F2000188429E
:109F800040F0BB80FFE700200B904FF480510A9116
:109F900021900AA8FDF75CFB18B1FFE7F7F750FE28
:109FA000FFE7FFE744F2E840C5F60200016841F42C
:109FB00080410160006800F4804009900998FFE743
:109FC000FFE744F2E040C5F60200016841F00401F9
:109FD0000160006800F0040008900898FFE7FFE7C0
:109FE00044F2E040C5F60200016841F00201016060
:109FF000006800F0020007900798FFE706203890FD
:10A00000022002903990002005903A903B90052064
:10A0100003903C9040F60000C5F6020038A9049178
:10A02000FCF712FD029B03980499059A4FF4005C1B
:10A03000CDF8E0C039933A923B923C9040F2004018
:10A04000C5F60200FCF700FD059940F65430C2F257
:10A05000004006902822C4F20202026028224260D8
:10A0600040228260C1604FF480620261416181617F
:10A07000C16101624162FAF73BFA18B1FFE7F7F7F5
:10A08000DFFDFFE7FFE73D9840F65431C2F20041A3
:10A0900081673D988863FFE740F6DC20C2F200400C
:10A0A00001904021C4F2020101602721416000219A
:10A0B0008160C1604FF48062026141618161C16170
:10A0C00001624162FAF714FA18B1FFE7F7F7B8FD39
:10A0D000FFE7FFE73D9840F6DC21C2F20041C1678F
:10A0E0003D988863FFE72420009005210022FCF7BB
:10A0F0008FFF0098FCF780FFFFE73EB080BD0000B7
:10A1000081B0009001B0704781B0009001B07047FD
:10A1100080B590B0DDF848C00E900D910C92ADF86E
:10A120002E300E98006820300A900E98006830306B
:10A1300009900E98C16B012000EB5110ADF8120090
:10A14000FCF77AFE0890BDF82E00ADF81600BDF8B9
:10A150002E00ADF814000E9890F88100012804D06C
:10A16000FFE702208DF83F0050E30D9838B1FFE77C
:10A170000C9820B1FFE7BDF82E0020B9FFE70120C1
:10A180008DF83F0042E3FFE70E9890F88000012829
:10A1900004D1FFE702208DF83F0037E30E9901203C
:10A1A00081F88000FFE7FFE70E99052081F8810024
:10A1B0000E990020C1F884000C990E9A5166BDF8E2
:10A1C0002E100E9AA2F86A10BDF82E100E9AA2F860
:10A1D00068100D990E9AD165BDF82E100E9AA2F84E
:10A1E0006210BDF82E100E9AA2F860100E99086742
:10A1F0000E9948670E980068C06820F4C0200E9938
:10A200000968C8600E98006843F20001C4F20101B9
:10A21000884212D0FFE70E98006843F60001C4F2AE
:10A220000001884209D0FFE70E98006843F600411C
:10A23000C4F20001884203D1FFE71020079002E03A
:10A2400008200790FFE70E98006840684FF6FF71FE
:10A250008843BDF82E1008440E99096848600E988E
:10A260000168086840F0010008600E984068B0F589
:10A27000800F07D1FFE70E980168086840F400706E
:10A280000860FFE70E98C0681028C0F0B580FFE7AF
:10A29000079880080790FFE7BDF81610012003908B
:10A2A00039B9FFE7BDF81400002818BF012003905A
:10A2B000FFE70398C007002800F09D80FFE70E9895
:10A2C000006840698007002822D5FFE7BDF8160026
:10A2D000F0B1FFE7BDF81400BDF81610079A11445D
:10A2E000884215D2FFE70E980168C06D00680862C9
:10A2F0000E99C86D0430C8650E99B1F86200013836
:10A30000A1F862000E98B0F86200ADF81600FFE701
:10A310000E98006840690690BDF81400002869D0C6
:10A32000FFE70E9800684069C007B0B1FFE70E98DC
:10A330000068006B0E99496E08600E99486E0430F3
:10A3400048660E99B1F86A000138A1F86A000E98C3
:10A35000B0F86A00ADF814004BE0BDF81400BDF889
:10A36000121088421CDAFFE79DF819000006002849
:10A3700016D5FFE70E980068006B0E99496E0860CD
:10A380000E99486E043048660E99B1F86A0001389B
:10A39000A1F86A000E98B0F86A00ADF8140027E042
:10A3A000FCF74AFD0899401A1299884204D3FFE746
:10A3B0001298013018B9FFE71298C0B9FFE70E985C
:10A3C00006F006F90E99D1F8840040F48070C1F8C7
:10A3D00084000E99012081F88100FFE70E9900208A
:10A3E00081F88000FFE703208DF83F000EE2FFE7D1
:10A3F000FFE7FFE750E7DCE10E98C0680828C0F0EF
:10A40000DE80FFE7079840080790FFE7BDF81610C9
:10A410000120029039B9FFE7BDF81400002818BFE9
:10A4200001200290FFE70298C007002800F0C680D4
:10A43000FFE70E98006840698007002822D5FFE7F3
:10A44000BDF81600F0B1FFE7BDF81400BDF8161016
:10A45000079A1144884215D2FFE70E98C06D008814
:10A460000A9908800E99C86D0230C8650E99B1F836
:10A4700062000138A1F862000E98B0F86200ADF8F1
:10A480001600FFE70E98006840690690BDF81400BA
:10A49000002800F09280FFE70E9800684069C0072E
:10A4A000A8B1FFE7099800880E99496E08800E99B7
:10A4B000486E023048660E99B1F86A000138A1F87A
:10A4C0006A000E98B0F86A00ADF8140074E0BDF8A8
:10A4D0001400BDF81210884224DAFFE79DF8190035
:10A4E000000600281ED5FFE7099800880E99496EDE
:10A4F00008800E99486E02304866099800880E99C7
:10A50000496E08800E99486E023048660E99B1F87F
:10A510006A000238A1F86A000E98B0F86A00ADF837
:10A52000140048E0BDF8140001281BD1FFE79DF896
:10A5300019008006002815D5FFE7099800880E99B4
:10A54000496E08800E99486E023048660E99B1F83F
:10A550006A000138A1F86A000E98B0F86A00ADF8F8
:10A56000140027E0FCF768FC0899401A1299884209
:10A5700004D3FFE71298013018B9FFE71298C0B969
:10A58000FFE70E9806F024F80E99D1F8840040F405
:10A590008070C1F884000E99012081F88100FFE7E6
:10A5A0000E99002081F88000FFE703208DF83F001E
:10A5B0002CE1FFE7FFE7FFE7FFE727E7F8E0FFE72A
:10A5C000BDF816100120019039B9FFE7BDF814005D
:10A5D000002818BF01200190FFE70198C00700285C
:10A5E00000F0E580FFE70E980068406980070028CA
:10A5F00023D5FFE7BDF81600F8B1FFE7BDF814005A
:10A60000BDF81610079A1144884216D2FFE70E983B
:10A610000168C06D007881F820000E99C86D013086
:10A62000C8650E99B1F862000138A1F862000E9871
:10A63000B0F86200ADF81600FFE70E9800684069B8
:10A640000690BDF81400002800F0B080FFE70E98D7
:10A6500000684069C007B8B1FFE70E98006890F83D
:10A6600030000E99496E08700E99486E01304866A8
:10A670000E99B1F86A000138A1F86A000E98B0F896
:10A680006A00ADF8140090E0BDF81400BDF8121097
:10A6900088423EDAFFE79DF819000006002838D509
:10A6A000FFE70E98006890F830000E99496E087028
:10A6B0000E99486E013048660E98006890F8300098
:10A6C0000E99496E08700E99486E013048660E98D2
:10A6D000006890F830000E99496E08700E99486E27
:10A6E000013048660E98006890F830000E99496E67
:10A6F00008700E99486E013048660E99B1F86A00EC
:10A700000438A1F86A000E98B0F86A00ADF8140099
:10A710004AE0BDF8140003281DD8FFE79DF8190092
:10A7200010F0600F17D0FFE70E98006890F8300027
:10A730000E99496E08700E99486E013048660E9960
:10A74000B1F86A000138A1F86A000E98B0F86A0002
:10A75000ADF8140027E0FCF76FFB0899401A129936
:10A76000884204D3FFE71298013018B9FFE7129826
:10A77000C0B9FFE70E9805F02BFF0E99D1F88400C1
:10A7800040F48070C1F884000E99012081F88100A6
:10A79000FFE70E99002081F88000FFE703208DF885
:10A7A0003F0033E0FFE7FFE7FFE7FFE708E7FFE7EA
:10A7B000FFE70E98129B08996A4611600821002253
:10A7C00005F0C2FF40B1FFE70E99D1F8840040F0D8
:10A7D0002000C1F88400FFE70E9805F0F9FE0E99FD
:10A7E000012081F88100FFE70E99002081F88000A8
:10A7F000FFE70E98D0F8840020B1FFE701208DF824
:10A800003F0003E000208DF83F00FFE79DF83F0088
:10A8100010B080BD0000000081B0009001B0704712
:10A8200081B0009001B0704782B00190009140F279
:10A830000441C5F600010868019A9043009A10434C
:10A84000086002B07047000081B0009001B070470E
:10A8500081B0009001B0704781B0009001B07047A6
:10A8600085B003900291FFE7039890F83C0001281F
:10A8700004D1FFE702208DF81300ABE0039901201B
:10A8800081F83C00FFE7FFE70399022081F83D00D3
:10A890000398006840680190039800688068009001
:10A8A000039800680021C4F20101884209D0FFE743
:10A8B0000398006840F20041C4F2010188420AD1C5
:10A8C000FFE7019820F47000019002984168019818
:10A8D00008430190FFE7019820F070000190029872
:10A8E000016801980843019001980399096848603C
:10A8F000039800680021C4F2010188424ED0FFE7AE
:10A9000003980068B0F1804F48D0FFE703980068D3
:10A9100040F20041C4F2000188423FD0FFE70398B3
:10A92000006840F60001C4F20001884236D0FFE71B
:10A930000398006840F60041C4F2000188422DD01F
:10A94000FFE70398006840F20041C4F20101884229
:10A9500024D0FFE70398006841F60001C4F200012B
:10A9600088421BD0FFE70398006844F20001C4F25C
:10A970000101884212D0FFE7039800684EF20001FF
:10A98000C4F20001884209D0FFE7039800684EF244
:10A990000041C4F2000188420ED1FFE7009820F088
:10A9A0008000009002988168009808430090009809
:10A9B000039909688860FFE70399012081F83D0049
:10A9C000FFE70399002081F83C00FFE700208DF8A5
:10A9D0001300FFE79DF8130005B07047000000006A
:10A9E00080B582B00090009820B9FFE701208DF873
:10A9F000070045E0009890F83D0040B9FFE7009956
:10AA0000002081F83C00009800F03EF8FFE7009934
:10AA1000022081F83D00009951F8040B06F0B4F9CA
:10AA20000099012081F84800FFE70099012081F892
:10AA30003E00009981F83F00009981F8400000999C
:10AA400081F84100009981F84200009981F84300A3
:10AA5000FFE7FFE70099012081F84400009981F8A1
:10AA60004500009981F84600009981F84700FFE70A
:10AA70000099012081F83D0000208DF80700FFE7D4
:10AA80009DF8070002B080BD82B001900198006877
:10AA900041F20001C4F20001884210D1FFE7FFE754
:10AAA00044F2E840C5F60200016841F0100101607F
:10AAB000006800F0100000900098FFE7FFE702B088
:10AAC000704700000000000083B00190019890F8EA
:10AAD0003D00012804D0FFE701208DF80B0083E042
:10AAE0000199022081F83D0001980168C86840F092
:10AAF0000100C860019800680021C4F20101884289
:10AB00004ED0FFE701980068B0F1804F48D0FFE7D2
:10AB10000198006840F20041C4F2000188423FD031
:10AB2000FFE70198006840F60001C4F20001884286
:10AB300036D0FFE70198006840F60041C4F20001FA
:10AB400088422DD0FFE70198006840F20041C4F22E
:10AB50000101884224D0FFE70198006841F6000116
:10AB6000C4F2000188421BD0FFE70198006844F25C
:10AB70000001C4F20101884212D0FFE70198006889
:10AB80004EF20001C4F20001884209D0FFE70198AB
:10AB900000684EF20041C4F20001884219D1FFE77B
:10ABA0000198006880680721C0F201010840009008
:10ABB000009806280CD0FFE70098B0F5803F07D03A
:10ABC000FFE701980168086840F001000860FFE7AE
:10ABD00006E001980168086840F001000860FFE79E
:10ABE00000208DF80B00FFE79DF80B0003B07047C5
:10ABF00081B0009001B0704780B584B00390039895
:10AC00000068C068029003980068006901909DF890
:10AC100004008007002824D5FFE79DF8080080077E
:10AC200000281DD5FFE7039801686FF00200086156
:10AC3000039901200877039800688069800720B194
:10AC4000FFE70398FFF7D4FF06E0039800F030F920
:10AC5000039800F07DFAFFE7039900200877FFE7EB
:10AC6000FFE79DF804004007002825D5FFE79DF881
:10AC70000800400700281ED5FFE7039801686FF021
:10AC8000040008610399022008770398006880692E
:10AC900010F4407F04D0FFE70398FFF7A9FF06E018
:10ACA000039800F005F9039800F052FAFFE70399C2
:10ACB00000200877FFE7FFE79DF804000007002861
:10ACC00024D5FFE79DF80800000700281DD5FFE701
:10ACD000039801686FF00800086103990420087761
:10ACE00003980068C069800720B1FFE70398FFF769
:10ACF0007FFF06E0039800F0DBF8039800F028FAE5
:10AD0000FFE7039900200877FFE7FFE79DF80400BD
:10AD1000C006002825D5FFE79DF80800C0060028DA
:10AD20001ED5FFE7039801686FF0100008610399D2
:10AD30000820087703980068C06910F4407F04D0A9
:10AD4000FFE70398FFF754FF06E0039800F0B0F820
:10AD5000039800F0FDF9FFE7039900200877FFE76B
:10AD6000FFE79DF80400C00778B1FFE79DF80800F1
:10AD7000C00748B1FFE7039801686FF00100086160
:10AD8000039800F03DFBFFE7FFE7019800F080002B
:10AD9000802806D0FFE79DF805008006002810D522
:10ADA000FFE79DF808000006002809D5FFE7039893
:10ADB00001686FF4025008610398FFF749FDFFE74F
:10ADC000FFE79DF80500C00780B1FFE79DF8080088
:10ADD0000006002809D5FFE7039801686FF480702A
:10ADE00008610398FFF730FDFFE7FFE79DF80400D7
:10ADF0004006002810D5FFE79DF80800400600280F
:10AE000009D5FFE7039801686FF0400008610398D7
:10AE100000F006FBFFE7FFE79DF80400800600282E
:10AE200010D5FFE79DF808008006002809D5FFE748
:10AE3000039801686FF0200008610398FFF70CFD8C
:10AE4000FFE7FFE704B080BD80B588B00790002021
:10AE5000069005900490039002900798006840F2D5
:10AE60000041C4F2000188421ED1FFE7FFE744F22F
:10AE7000E040C5F60200016841F00201016000688F
:10AE800000F0020001900198FFE702200290039079
:10AE9000002104910591069040F20040C5F60200A1
:10AEA00002A9FBF7D1FDFFE708B080BD000000005C
:10AEB00081B0009001B0704780B586B004900391D6
:10AEC000029200208DF80700FFE7049890F83C00FC
:10AED000012804D1FFE702208DF81700C0E0049993
:10AEE000012081F83C00FFE7FFE70298009014285A
:10AEF00000F2A7800099DFE801F00BA4A4A424A429
:10AF0000A4A43EA4A4A457A4A4A471A4A4A48A00A5
:10AF100004980068039906F037F804980168886976
:10AF200040F00800886104980168886920F00400F6
:10AF300088610398026904980168886910438861F0
:10AF400083E004980068039906F0CAF80498016841
:10AF5000886940F40060886104980168886920F479
:10AF6000806088610398026904980168886940EAF2
:10AF70000220886169E004980068039906F068F986
:10AF800004980168C86940F00800C8610498016825
:10AF9000C86920F00400C861039802690498016838
:10AFA000C8691043C86150E004980068039906F02E
:10AFB00007FA04980168C86940F40060C861049801
:10AFC0000168C86920F48060C86103980269049828
:10AFD0000168C86940EA0220C86136E00498006848
:10AFE000039906F05DFA04980168486D40F0080086
:10AFF000486504980168486D20F00400486503988E
:10B00000026904980168486D104348651DE0049882
:10B010000068039906F0ACFA04980168486D40F4A2
:10B020000060486504980168486D20F480604865B8
:10B030000398026904980168486D40EA0220486557
:10B0400003E001208DF80700FFE7FFE704990020E7
:10B0500081F83C00FFE79DF807008DF81700FFE737
:10B060009DF8170006B080BD80B582B000900098B2
:10B0700020B9FFE701208DF8070045E0009890F81F
:10B080003D0040B9FFE70099002081F83C0000989E
:10B0900000F03EF8FFE70099022081F83D0000999A
:10B0A00051F8040B05F070FE0099012081F848006A
:10B0B000FFE70099012081F83E00009981F83F00E8
:10B0C000009981F84000009981F84100009981F8C9
:10B0D0004200009981F84300FFE7FFE70099012053
:10B0E00081F84400009981F84500009981F84600F4
:10B0F000009981F84700FFE70099012081F83D00A1
:10B1000000208DF80700FFE79DF8070002B080BD22
:10B1100082B001900198006840F20041C4F2000141
:10B12000884210D1FFE7FFE744F2E840C5F602008D
:10B13000016841F002010160006800F00200009027
:10B140000098FFE7FFE702B0704700000000000032
:10B1500081B0009001B0704780B590B00E900D9115
:10B160000D9828B9FFE70E9890F83E000B9034E058
:10B170000D98042805D1FFE70E9890F83F000A903B
:10B1800028E00D98082805D1FFE70E9890F84000B8
:10B1900009901CE00D980C2805D1FFE70E9890F857
:10B1A0004100089010E00D98102805D1FFE70E9897
:10B1B00090F84200079004E00E9890F84300079042
:10B1C000FFE707980890FFE708980990FFE70998BC
:10B1D0000A90FFE70A980B90FFE70B98012804D02C
:10B1E000FFE701208DF83F0003E10D9828B9FFE744
:10B1F0000E99022081F83E0038E00D98042806D10F
:10B20000FFE70E99022081F83F0006902CE00D9890
:10B21000082806D1FFE70E99022081F8400005902A
:10B220001FE00D980C2806D1FFE70E99022081F847
:10B230004100049012E00D98102806D1FFE70E9906
:10B24000022081F84200039005E00E99022081F867
:10B2500043000390FFE703980490FFE704980590EC
:10B26000FFE705980690FFE70698FFE70E9800684D
:10B270000D990122019205F06BFE01980E99096863
:10B280000022C4F20102914202902DD0FFE70E98F5
:10B290000168012040F20042C4F201029142029092
:10B2A00022D0FFE70E980168012044F20002C4F2A8
:10B2B00001029142029017D0FFE70E980168012029
:10B2C00044F20042C4F20102914202900CD0FFE726
:10B2D0000E9800684BF60001CBF6FE710844B0FAF8
:10B2E00080F040090290FFE70298C00738B1FFE7FD
:10B2F0000E980168486C40F400404864FFE70E98DF
:10B3000000680021C4F2010188424ED0FFE70E9888
:10B310000068B0F1804F48D0FFE70E98006840F217
:10B320000041C4F2000188423FD0FFE70E98006858
:10B3300040F60001C4F20001884236D0FFE70E98C3
:10B34000006840F60041C4F2000188422DD0FFE7BA
:10B350000E98006840F20041C4F20101884224D0F6
:10B36000FFE70E98006841F60001C4F20001884230
:10B370001BD0FFE70E98006844F20001C4F20101FF
:10B38000884212D0FFE70E9800684EF20001C4F226
:10B390000001884209D0FFE70E9800684EF2004194
:10B3A000C4F20001884219D1FFE70E980068806856
:10B3B0000721C0F2010108400C900C9806280CD01F
:10B3C000FFE70C98B0F5803F07D0FFE70E980168C3
:10B3D000086840F001000860FFE706E00E98016889
:10B3E000086840F001000860FFE700208DF83F008A
:10B3F000FFE79DF83F0010B080BD00000000000096
:10B4000080B582B0019001980068B0F1804F03D1FF
:10B41000FFE7FBF719FDFFE702B080BD0000000069
:10B4200081B0009001B0704783B00190FFE70198B0
:10B4300090F88400012804D1FFE702208DF80B006A
:10B440002CE00199012081F88400FFE7FFE70199D2
:10B450002420C1F8880001980068006800900198D5
:10B460000168086820F001000860009820F0005092
:10B4700000900199002048660098019909680860C9
:10B4800001992020C1F88800FFE70199002081F888
:10B490008400FFE700208DF80B00FFE79DF80B000C
:10B4A00003B070470000000080B586B0049003919F
:10B4B000ADF80A200498D0F88C00202844D1FFE78A
:10B4C000039820B1FFE7BDF80A0020B9FFE701208B
:10B4D0008DF817003CE004990120C866049900200B
:10B4E000086704980399BDF80A2007F045FA8DF81B
:10B4F00009009DF8090010BBFFE70498C06E012801
:10B5000018D1FFE70498016810200862FFE7FFE701
:10B510000498006850E8000F40F010000190FFE729
:10B5200001990498026842E800100028F0D1FFE772
:10B53000FFE703E001208DF80900FFE7FFE79DF832
:10B5400009008DF8170003E002208DF81700FFE7CF
:10B550009DF8170006B080BD80B584B00390ADF8AB
:10B560000A100398006845F20001C4F20001884205
:10B5700040F0E280FFE740F6F460C2F2004040F2A3
:10B580000001C3F6000101913222FFF78DFF0198FF
:10B5900008F0DEFD40F6CC30C2F200400068102119
:10B5A000C4F20201884200F0B280FFE740F6CC30DE
:10B5B000C2F2004000682821C4F20201884200F073
:10B5C000A680FFE740F6CC30C2F200400068402180
:10B5D000C4F20201884200F09A80FFE740F6CC30C6
:10B5E000C2F2004000685821C4F20201884200F013
:10B5F0008E80FFE740F6CC30C2F200400068702138
:10B60000C4F20201884200F08280FFE740F6CC30AD
:10B61000C2F2004000688821C4F20201884276D05C
:10B62000FFE740F6CC30C2F200400068A021C4F22F
:10B63000020188426BD0FFE740F6CC30C2F20040F6
:10B640000068B821C4F20201884260D0FFE740F6EA
:10B65000CC30C2F20040006840F21041C4F2020156
:10B66000884254D0FFE740F6CC30C2F20040006878
:10B6700040F22841C4F20201884248D0FFE740F678
:10B68000CC30C2F20040006840F24041C4F20201F6
:10B6900088423CD0FFE740F6CC30C2F20040006860
:10B6A00040F25841C4F20201884230D0FFE740F630
:10B6B000CC30C2F20040006840F27041C4F2020196
:10B6C000884224D0FFE740F6CC30C2F20040006848
:10B6D00040F28841C4F20201884218D0FFE740F6E8
:10B6E000CC30C2F20040006840F2A041C4F2020136
:10B6F00088420CD0FFE740F6CC30C2F20040006830
:10B7000040F2B841C4F2020188420AD1FFE740F694
:10B71000CC30C2F200400168086820F008000860E0
:10B7200009E040F6CC30C2F200400168086820F021
:10B7300004000860FFE7FFE704B080BD00000000E0
:10B7400081B0009001B0704780B584B00290019143
:10B75000FFE7029890F88400012804D1FFE7022057
:10B760008DF80F0032E00299012081F88400FFE794
:10B77000FFE702992420C1F8880002980068006859
:10B78000009002980168086820F0010008600298A3
:10B790000068806820F06060019908430299096898
:10B7A0008860029805F058FF0098029909680860BF
:10B7B00002992020C1F88800FFE70299002081F853
:10B7C0008400FFE700208DF80F00FFE79DF80F00D1
:10B7D00004B080BD0000000080B584B002900191EB
:10B7E000FFE7029890F88400012804D1FFE70220C7
:10B7F0008DF80F0032E00299012081F88400FFE704
:10B80000FFE702992420C1F88800029800680068C8
:10B81000009002980168086820F001000860029812
:10B820000068806820F06040019908430299096827
:10B830008860029805F010FF009802990968086076
:10B8400002992020C1F88800FFE70299002081F8C2
:10B850008400FFE700208DF80F00FFE79DF80F0040
:10B8600004B080BD0000000081B0009001B07047BE
:10B8700081B0009001B0704780B584B00390039808
:10B88000006845F20001C4F20001884215D1FFE7CB
:10B89000FFE70399002081F88400FFE740F20000F1
:10B8A000C3F60000019032210291F4F790FE019955
:10B8B000029A0398FFF7F8FDFFE704B080BD00008F
:10B8C00080B592B0119011980068C06910901198DD
:10B8D000006800680F901198006880680E901098BA
:10B8E00040F60F0108400D900D98E0B9FFE79DF874
:10B8F00040008006002815D5FFE79DF83C00800633
:10B90000002806D4FFE79DF83B00C006002809D5B3
:10B91000FFE71198406F20B1FFE71198416F88470A
:10B92000FFE74AE3FFE70D98002800F00C81FFE7EE
:10B930000E980121C1F20001084209D1FFE70F98DA
:10B9400040F22011C0F20041084200F0FC80FFE705
:10B950009DF84000C00788B1FFE79DF83D00C00793
:10B9600060B1FFE711980168012008621199D1F8D0
:10B97000900040F00100C1F89000FFE79DF8400002
:10B980008007002811D5FFE79DF83800C00760B197
:10B99000FFE711980168022008621199D1F8900020
:10B9A00040F00400C1F89000FFE79DF84000400718
:10B9B000002811D5FFE79DF83800C00760B1FFE708
:10B9C00011980168042008621199D1F8900040F0A4
:10B9D0000200C1F89000FFE79DF840000007002832
:10B9E00019D5FFE79DF83C008006002807D4FFE743
:10B9F0000E980121C1F2000108420CD0FFE7119816
:10BA00000168082008621199D1F8900040F0080000
:10BA1000C1F89000FFE79DF841000007002813D50A
:10BA2000FFE79DF83F00400700280DD5FFE711987C
:10BA300001684FF4006008621199D1F8900040F05D
:10BA40002000C1F89000FFE71198D0F8900000287E
:10BA500078D0FFE79DF840008006002815D5FFE765
:10BA60009DF83C008006002806D4FFE79DF83B00C7
:10BA7000C006002809D5FFE71198406F20B1FFE705
:10BA80001198416F8847FFE7FFE71198D0F89000C1
:10BA90000C9011980068806800F04000402806D0A3
:10BAA000FFE79DF8300010F0280F42D0FFE7119813
:10BAB00006F096F91198006880684006002833D592
:10BAC000FFE7FFE7FFE71198006850E8020F20F05A
:10BAD00040000B90FFE70B991198026842E80210B2
:10BAE0000028F0D1FFE7FFE71198D0F88000B0B14F
:10BAF000FFE71198D0F8801041F67110C0F60100F0
:10BB000008651198D0F88000F7F7BAF830B1FFE770
:10BB10001198D0F88000016D8847FFE703E0119885
:10BB2000FFF7AAFEFFE703E01198FFF7A5FEFFE786
:10BB300007E01198FFF7A0FE11990020C1F89000CE
:10BB4000FFE7FFE739E21198C06E012840F0D68187
:10BB5000FFE79DF84000C006002840F1CF81FFE7D5
:10BB60009DF83C00C006002840F1C881FFE711980D
:10BB7000016810200862119800688068400600285B
:10BB800040F15A81FFE71198D0F880000068102139
:10BB9000C4F20201884200F0A280FFE71198D0F8B9
:10BBA000800000682821C4F20201884200F09780DA
:10BBB000FFE71198D0F8800000684021C4F202012C
:10BBC000884200F08C80FFE71198D0F88000006870
:10BBD0005821C4F20201884200F08180FFE71198E9
:10BBE000D0F8800000687021C4F20201884276D04B
:10BBF000FFE71198D0F8800000688821C4F20201A4
:10BC000088426CD0FFE71198D0F880000068A0212E
:10BC1000C4F20201884262D0FFE71198D0F8800098
:10BC20000068B821C4F20201884258D0FFE7119899
:10BC3000D0F88000006840F21041C4F2020188424E
:10BC40004DD0FFE71198D0F88000006840F22841FD
:10BC5000C4F20201884242D0FFE71198D0F8800078
:10BC6000006840F24041C4F20201884237D0FFE749
:10BC70001198D0F88000006840F25841C4F20201E7
:10BC800088422CD0FFE71198D0F88000006840F27D
:10BC90007041C4F20201884221D0FFE71198D0F828
:10BCA0008000006840F28841C4F20201884216D048
:10BCB000FFE71198D0F88000006840F2A041C4F27C
:10BCC000020188420BD0FFE71198D0F8800000688D
:10BCD00040F2B841C4F20201884207D1FFE711984F
:10BCE000D0F8800000684068019006E01198D0F814
:10BCF0008000006840680190FFE70198ADF82A00D5
:10BD0000BDF82A0000287BD0FFE7BDF82A00119972
:10BD1000B1F85C10884273DAFFE7BDF82A00119988
:10BD2000A1F85E001198D0F88000C069B0F5807F5E
:10BD300059D0FFE7FFE7FFE71198006850E8000FD0
:10BD400020F480700990FFE709991198026842E891
:10BD500000100028F0D1FFE7FFE7FFE7FFE71198A9
:10BD6000006850E8020F20F001000890FFE70899F2
:10BD70001198026842E802100028F0D1FFE7FFE7BF
:10BD8000FFE7FFE71198006850E8020F20F040003D
:10BD90000790FFE707991198026842E8021000280F
:10BDA000F0D1FFE7FFE711992020C1F88C0011992D
:10BDB0000020C866FFE7FFE71198006850E8000F11
:10BDC00020F010000690FFE706991198026842E8FB
:10BDD00000100028F0D1FFE7FFE71198D0F88000AD
:10BDE000F6F792FAFFE71199022008671198B0F868
:10BDF0005C10B0F85E20891A89B2FFF7ADFB1AE03B
:10BE0000BDF82A001199B1F85C10884212D1FFE701
:10BE10001198D0F88000C069B0F5807F09D1FFE7A4
:10BE20001199022008671198B0F85C10FFF794FB95
:10BE3000FFE7FFE7FFE7C0E01199B1F85C00B1F858
:10BE40005E10401AADF816001198B0F85E00002898
:10BE500053D0FFE7BDF8160000284ED0FFE7FFE7FC
:10BE6000FFE71198006850E8000F20F490700490EC
:10BE7000FFE704991198026842E800100028F0D109
:10BE8000FFE7FFE7FFE7FFE71198006850E8020FC0
:10BE90004FF6FE71CEF6FF7108400390FFE703995D
:10BEA0001198026842E802100028EDD1FFE7FFE791
:10BEB00011992020C1F88C0011990020C8661199B1
:10BEC0004867FFE7FFE71198006850E8000F20F08F
:10BED00010000290FFE702991198026842E80010F2
:10BEE0000028F0D1FFE7FFE71199022008671198B9
:10BEF000BDF81610FFF730FBFFE75EE09DF842004B
:10BF0000C00600280FD5FFE79DF83A00400600283C
:10BF100009D5FFE7119801684FF480100862119865
:10BF2000FFF7A6FC49E09DF840000006002815D563
:10BF3000FFE79DF83C000006002806D4FFE79DF8C7
:10BF40003A000006002809D5FFE71198806F20B15C
:10BF5000FFE71198816F8847FFE72EE09DF84000CA
:10BF6000400600280AD5FFE79DF83C00400600285F
:10BF700004D5FFE7119805F083FF1EE09DF842000D
:10BF8000000600280AD5FFE79DF83F00400600287C
:10BF900004D5FFE71198FFF767FC0EE09DF843001A
:10BFA000C00750B1FFE79DF83F000006002804D508
:10BFB000FFE71198FFF7C4FBFFE712B080BD000058
:10BFC00080B582B00090009820B9FFE701208DF87D
:10BFD000070046E00098806908B1FFE700E0FFE74E
:10BFE0000098D0F8880040B9FFE70099002081F858
:10BFF0008400009800F03CF8FFE700992420C1F885
:10C00000880000980168086820F001000860009826
:10C01000806A20B1FFE7009805F062FBFFE7009817
:10C0200005F082FF012804D1FFE701208DF8070009
:10C0300017E000980168486820F490404860009834
:10C040000168886820F02A00886000980168086804
:10C0500040F001000860009805F0E6FB8DF807004D
:10C06000FFE79DF8070002B080BD0000000000005F
:10C0700080B5BEB03D9000203C903B903A90399006
:10C0800038900AA8B821F4F7C4FA3D98006845F240
:10C090000001C4F20001884240F09480FFE70020D4
:10C0A0000B9002210A9127900AA8FBF7D1FA18B148
:10C0B000FFE7F5F7C5FDFFE7FFE744F2E840C5F607
:10C0C0000200016841F480110160006800F48010F2
:10C0D00009900998FFE7FFE744F2E040C5F6020047
:10C0E000016841F004010160006800F0040008905C
:10C0F0000898FFE7FFE744F2E040C5F60200016858
:10C1000041F008010160006800F0080007900798FE
:10C11000FFE74FF4805038900220029039900020C1
:10C1200005903A903B90082003903C9040F6000028
:10C13000C5F6020038A90491FAF786FC029B039821
:10C140000499059A4FF0040CCDF8E0C039933A9267
:10C150003B923C9040F60040C5F60200FAF774FCB2
:10C16000059940F6CC30C2F2004006901022C4F28D
:10C1700002020260412242608160C1604FF480622D
:10C18000026141618161C16101624162F8F7B0F908
:10C1900018B1FFE7F5F754FDFFE7FFE73D9840F6DC
:10C1A000CC31C2F20041C0F880103D988863FFE7AF
:10C1B0003520019005210022FAF72AFF0198FAF7AD
:10C1C0001BFFFFE73EB080BD81B0009001B070471B
:10C1D00081B0009001B0704781B0009001B070470D
:10C1E00080B584B003900399002001900874039BEC
:10C1F000D3F8F400596841F27452C2F2004200923E
:10C2000012889B7B5A43F4F7A8F90099039A506867
:10C210000988927B5143F4F7FCF90099039AD2F80C
:10C2200018010988927B51435143F4F7F2F90099C0
:10C23000039AD2F80C010988137B927B594351432E
:10C24000F4F7E7F901988DF80B00FFE79DF80B0074
:10C250000399897B884243DAFFE70398D0F8F4001A
:10C260009DF80B1000EB810090ED000AB5EE400A3E
:10C27000F1EE10FA2DD0FFE7039AD2F8F4109DF8F2
:10C280000B0051F82000127C41F822009DF80B00B1
:10C29000039A516A127C8854DDF80CC0DCF818004F
:10C2A0009DF80BE050F82E00DCF80C119CF80C20E7
:10C2B0009CF81030DCF814C01CF80EC012FB03C24E
:10C2C00001EB820141F8040C0399087C01300874E9
:10C2D000FFE7FFE79DF80B0001308DF80B00B5E795
:10C2E00000208DF80A00FFE79DF80A000399097CF9
:10C2F000884216DAFFE7039BD869596A9DF80A203D
:10C30000895C50F82100D3F818111B7C12FB032222
:10C3100041F82200FFE79DF80A0001308DF80A007D
:10C32000E2E70399087CA1F878000399087BA1F85B
:10C330007A000399087BA1F880000399087CA1F892
:10C3400082000399087CA1F890000399087CA1F869
:10C3500092000399087BA1F898000399087CA1F842
:10C360009A000399087CA1F8480004B080BD000041
:10C37000FFE7FEE70000000080B58AB004A9029143
:10C380000146029809910999D1F8EC1009680891C1
:10C390000999D1F8EC10496807910999D1F8EC1086
:10C3A000896806910999D1F8EC10C968059190ED5A
:10C3B000041A90ED042A90ED030A90ED033A20EE62
:10C3C000030AA1EE020A90ED021A90ED022AA1EEF4
:10C3D000020A90ED011A90ED012AA1EE020A07F07F
:10C3E0000FFF029880ED000A00208DF80F00FFE794
:10C3F0009DF80F00032817DCFFE7029890ED001A64
:10C400000998D0F8EC009DF80F1000EB810090ED3A
:10C41000000A20EE010A80ED000AFFE79DF80F00F8
:10C4200001308DF80F00E3E7029991ED030A40F225
:10C430007030C2F20040019090ED6F1A20EE010AB8
:10C44000B6EE002A20EE020A099AD2F8002182ED07
:10C45000040A91ED020A90ED6F1A20EE010A20EE17
:10C46000020A099AD2F8002182ED050A91ED040A28
:10C4700090ED6F1A20EE010ABEEE001A20EE010ABE
:10C48000099AD2F8002182ED0A0A91ED010A90ED95
:10C490006F3A20EE030A20EE020A099AD2F8002130
:10C4A00082ED0B0A91ED010A90ED6F3A20EE030A3E
:10C4B00020EE010A099AD2F8002182ED100A91EDCE
:10C4C000040A90ED6F3A20EE030A20EE010A099A61
:10C4D000D2F8002182ED110A91ED020A90ED6F3A37
:10C4E00020EE030A20EE020A099AD2F8002182ED1A
:10C4F000160A91ED030A90ED6F2A20EE020A20EE53
:10C50000010A0999D1F8001181ED170A90ED741A0A
:10C510000999D1F8F81091ED1C0A80EE010A81ED1D
:10C520001C0A90ED741A0998D0F8F80090ED230ACF
:10C5300080EE010A80ED230A0998D0F8F80090ED0A
:10C540001C0A9FED151AB4EE410AF1EE10FA09DD4E
:10C55000FFE70998D0F8F81044F20000C4F21C601C
:10C560000867FFE70998D0F8F80090ED230A9FEDDF
:10C570000A1AB4EE410AF1EE10FA0ADDFFE7099853
:10C58000D0F8F81044F20000C4F21C60C1F88C002E
:10C59000FFE70AB080BD00BF00401C46000000005D
:10C5A00080B58CB08DED0B0ACDED0A0A8DED091A20
:10C5B000CDED081A8DED072ACDED062A40F2703137
:10C5C000C2F200410591012008700B98C1F8B0013A
:10C5D0000A98C1F8B4010998C1F8B8014CF677403F
:10C5E000C3F22B20C1F8CC01002081F83801C1F83A
:10C5F0004401C1F84001C1F84C01C1F84801079855
:10C60000C1F8BC019DED080AB7EE001AB4EE410A6C
:10C61000F1EE10FA04DDFFE74FF07E500890FFE7DF
:10C62000089940F27030C2F200400390C0F8D01177
:10C630000430062100220192032301F001F803993E
:10C6400001F5E07001F5E47301220292114606F053
:10C65000AFFE019A02990398D0F8ECC04FF07E53D8
:10C66000CCF80030D0F8EC305A60D0F8EC309A605A
:10C67000D0F8EC30DA604CF2E162C0F60002C0F8AB
:10C68000D0204CF27932C0F60002C0F8D4204CF22F
:10C690002972C0F60002C0F8D8204CF69152C0F6BC
:10C6A0000002C0F8DC2080F82E1080F82F10D0F89F
:10C6B000040148F67471C0F6010190220492F3F768
:10C6C0004CFF0398049AD0F8FC0040F20801C2F233
:10C6D0000041F3F742FF0CB080BD000000000000F5
:10C6E00080B582B001900198D0F8F81040F20800AF
:10C6F000C2F200409022F3F730FF0198D0F81C11ED
:10C7000040F20C20C2F2004048220092F3F725FFCD
:10C71000009A0198D0F80C1140F2C410C2F2004007
:10C72000F3F71BFF02B080BD80B586B00590059879
:10C73000D0F8EC0090ED000A30EE000A8DED040A0E
:10C740000598D0F8EC0090ED010A30EE000A8DED6E
:10C75000030A0598D0F8EC0090ED020A30EE000ACA
:10C760008DED020A0598D0F8EC0090ED030A30EE4A
:10C77000000A8DED010A059BD3F80C0141F27451BA
:10C78000C2F2004109881A7B9B7B59435143F3F75E
:10C7900040FF9DED020AB1EE400A0598D0F80C0169
:10C7A00080ED000A01980599D1F80C1148609DEDC3
:10C7B000040AB1EE400A0598D0F80C0180ED020A97
:10C7C00003980599D1F80C11C86003980599D1F820
:10C7D0000C11886104980599D1F80C11C861019871
:10C7E0000599D1F80C11086202980599D1F80C113D
:10C7F000486204980599D1F80C1108639DED030A6D
:10C80000B1EE400A0598D0F80C0180ED0D0A9DEDBF
:10C81000020AB1EE400A0598D0F80C0180ED0E0A2C
:10C8200001980599D1F80C11C86306B080BD0000CD
:10C8300080B592B08DED0F0ACDED0E0A8DED0D1A7B
:10C84000CDED0C1A8DED0B2ACDED0A2A9DED0F0AC8
:10C8500040F27030C2F20040059090ED581A30EE70
:10C86000410A80ED5B0A9DED0E0A90ED591A30EEFB
:10C87000410A80ED5C0A9DED0D0A90ED5A1A30EEEA
:10C88000410A80ED5D0A90ED5B0A90ED6F1AB6EEFD
:10C89000002A20EE020A20EE010A8DED090A90ED31
:10C8A0005C0A90ED6F1A20EE020A20EE010A8DED6F
:10C8B000080A90ED5D0A90ED6F1A20EE020A20EE54
:10C8C000010A8DED070AD0F8040148F67471C0F62C
:10C8D00001019022F3F741FE05999DED090AB1EEA1
:10C8E000400AD1F8040180ED010A9DED080AB1EE7D
:10C8F000400AD1F8040180ED020A9DED070AB1EE6D
:10C90000400AD1F8040180ED030A0998D1F8042106
:10C9100090610798D1F8042110629DED080AB1EEEC
:10C92000400AD1F8040180ED090A0898D1F80421E1
:10C9300010639DED070AB1EE400AD1F8040180EDC5
:10C940000D0A0998D1F80421D0630798D1F8042181
:10C9500090640898D1F80421D0649DED090AB1EEE5
:10C96000400AD1F8040180ED140AD1F84801D1F849
:10C970004C110843C8B9FFE70C9840F27031C2F27D
:10C980000041C1F878010B98C1F87C010A98C1F800
:10C990008001D1F84821D1F84C01013240F100006A
:10C9A000C1F84821C1F84C01FFE740F27030C2F2F3
:10C9B0000040049090ED5E0A90ED641A90ED6F3A9D
:10C9C00020EE010A33EE012A80EE020A9DED0C1AD8
:10C9D00021EE031A81EE021A30EE010A80ED5E0AA2
:10C9E00090ED5F0A90ED641A90ED6F3A20EE010A27
:10C9F00033EE012A80EE020A9DED0B1A21EE031A96
:10CA000081EE021A30EE010A80ED5F0A90ED600AB5
:10CA100090ED641A90ED6F3A20EE010A33EE012A90
:10CA200080EE020A9DED0A1A21EE031A81EE021A27
:10CA300030EE010A80ED600A90ED5E2A90ED5F0A0B
:10CA400090ED601A20EE000AA2EE020AA1EE010AA1
:10CA50008DED110A9DED110AB1EEC00A8DED110A9E
:10CA60001199C0F8981190ED661AB7EE000A80EEA1
:10CA7000010A8DED060A90ED5E0A9DED061A20EE84
:10CA8000010A816881ED000A90ED5F0A9DED061AAA
:10CA900020EE010A816881ED010A90ED600A9DEDAA
:10CAA000061A20EE010A816881ED020A90ED5B2AE8
:10CAB00090ED5C0A90ED5D1A20EE000AA2EE020AEB
:10CAC000A1EE010A8DED100A9DED100AB1EEC00A2B
:10CAD0008DED100A1099C0F8941190ED650A9FED44
:10CAE000A51AB4EE410AF1EE10FA24DAFFE740F29B
:10CAF0007030C2F2004090ED660A9FED9F1AB4EECE
:10CB0000410AF1EE10FA16DDFFE740F27030C2F292
:10CB1000004090ED660A9FED991AB4EE410AF1EEDD
:10CB200010FA08DAFFE740F27031C2F2004101204A
:10CB300081F8390107E040F27031C2F20041002073
:10CB400081F83901FFE740F27031C2F200410391F0
:10CB500091ED6C0A91ED6F1A20EE010A081DD1F8D3
:10CB6000182182ED000A91ED6C0A91ED6F1A20EE0A
:10CB7000010AD1F8182182ED070A91ED6C0A91EDB6
:10CB80006F1A20EE010AD1F8182182ED0E0A91EDFC
:10CB90006C0A91ED6F1A20EE010AD1F8182182ED8E
:10CBA000150A91ED6D0A91ED6F1A20EE010AD1F888
:10CBB000182182ED1C0A91ED6D0A91ED6F1A20EE9D
:10CBC000010AD1F8182182ED230AD1F81C31D1F8DD
:10CBD000B8211A60D1F81C31D1F8B8211A61D1F806
:10CBE0001C21D1F8B811116201F086F9039841684F
:10CBF0000968C0F8501141684968C0F8541141688B
:10CC00008968C0F858114168C968C0F85C1190ED96
:10CC1000543A90ED552A90ED561A90ED570A21EEB0
:10CC2000000AA3EE020AF6EE000ACDED010AE2EEDA
:10CC3000420AE1EE410A00F5D07006F099F8039837
:10CC400090ED680A9FED4E1A8DED021A20EE010A52
:10CC500080ED680A90ED540A90ED551A90ED563A21
:10CC600090ED572A20EE030A91EE020AB8EE001A60
:10CC700020EE010A0BF04AF9DDED010A9DED021AE2
:10CC8000039820EE010A80ED690A90ED540A90EDB8
:10CC9000553A90ED562A90ED571A20EE010AA3EE70
:10CCA000020AE2EE420AE1EE410A00F5D47006F013
:10CCB0005FF89DED021A039890ED6A0A20EE010AD2
:10CCC00080ED6A0A41680969C0F8601141684969E4
:10CCD000C0F864110021C0F8681190ED6A0A90ED67
:10CCE000761A30EE410A9FED271AB4EE410AF1EEB2
:10CCF00010FA0ADDFFE740F27031C2F20041B1F8EC
:10CD0000D4010138A1F8D4011CE040F27030C2F225
:10CD1000004090ED6A0A90ED761A30EE410A9FEDE0
:10CD20001A1AB4EE410AF1EE10FA0ADAFFE740F2FD
:10CD30007031C2F20041B1F8D4010130A1F8D40140
:10CD4000FFE7FFE740F27031C2F20041B1F9D401D0
:10CD500000EE100AB8EEC01A91ED6A0A9FED0B2A98
:10CD6000A1EE020A81ED6B0AD1F8A801C1F8D80141
:10CD700012B080BD9A99993ECDCC1441CDCC2441BE
:10CD8000E12E654200003443000034C30000B44388
:10CD900080B58CB007A904910B900B9901F1780034
:10CDA000803106F0B5FE0B9981F8C8000B99B1F8F7
:10CDB0007800A1F8A8000B99B1F85A00A1F8AA00D0
:10CDC0000B9A02F1780002F15801A83206F0E4FD56
:10CDD0000B9981F8C8000B99B1F8A800A1F8B00030
:10CDE0000B99B1F88200A1F8B2000B9A02F1A800E9
:10CDF00002F18001B03206F0CFFD0B9981F8C80036
:10CE00000B99B1F89000A1F8A0000B99B1F892002D
:10CE1000A1F8A2000B9A02F1B00002F19001A03239
:10CE200006F092FA0B9981F8C8000B9901F1A00065
:10CE3000B03106F0D1FA014604980B9A82F8C81076
:10CE40000B99D1F8EC1009680A910B99D1F8EC1004
:10CE5000496809910B99D1F8EC10896808910B99F0
:10CE6000D1F8EC10C96807910B9AB2F87810A2F8C3
:10CE7000B8100B9A0121A2F8BA1090ED021A90EDA9
:10CE8000002A90ED030A90ED013A20EE030A91EE9C
:10CE9000020A30EE000A0B99D1F82C1181ED000A3C
:10CEA00090ED031A90ED022A90ED010A90ED003A00
:10CEB00020EE030AA1EE020A30EE000A0B99D1F827
:10CEC0002C1181ED010A90ED031A90ED032A90EDEB
:10CED000020A90ED023A20EE030A91EE020A90ED6A
:10CEE000011A90ED012AA1EE420A90ED001A90ED90
:10CEF000002AA1EE020A0B98D0F82C0180ED020A5C
:10CF000000208DF81B00FFE79DF81B0002281EDCA7
:10CF1000FFE70B98D0F82C019DF81B1000EB810067
:10CF200090ED000AB0EEC00A06F08EF99DF81B10D5
:10CF300040F27030C2F2004000EB810080ED610AE7
:10CF4000FFE79DF81B0001308DF81B00DCE70B9913
:10CF5000B1F84800A1F8C0000B9901200290A1F897
:10CF6000C2000B9A02F1480002F1B801C03206F08B
:10CF70009BFD014602980B9A82F8C8100B9AB2F8F2
:10CF8000C010A2F8A8100B99A1F8AA000B9A02F100
:10CF9000B00002F1C001A83206F0FEFC0146029882
:10CFA0000B9A82F8C8100B99A1F8B8000B99B1F848
:10CFB000C000A1F8BA000B9901F1C000B83106F029
:10CFC000A7FD0B9981F8C8000B9901F1B800A831B1
:10CFD00040F27032C2F20042039202F5E07206F0B3
:10CFE000DBFC014603980B9A82F8C81090ED720A98
:10CFF00090ED731AB6EE002A21EE021AB4EE410A41
:10D00000F1EE10FA08DAFFE740F27031C2F20041A7
:10D01000012081F83801FFE740F27030C2F2004091
:10D0200090ED720A90ED731AB4EE410AF1EE10FA27
:10D0300064DDFFE740F27030C2F2004090F8380142
:10D0400000285BD0FFE740F27030C2F2004090F859
:10D05000390180B1FFE740F27031C2F20041D1F8EE
:10D060004021D1F84401013240F10000C1F84021D3
:10D07000C1F8440109E040F27031C2F200410020E1
:10D08000C1F84401C1F84001FFE740F27030C2F23C
:10D090000040D0F84011D0F84401333970F100005D
:10D0A0000BD3FFE740F27031C2F20041002081F85B
:10D0B00038010B9981F82C001FE00B9BD3F8E80096
:10D0C000D3F8EC1041F27452C2F20042019212887D
:10D0D0001B7B5A43F3F741FA019A0B9BD3F8F800F4
:10D0E000D3F8FC1012881B7B5A435A43F3F735FAE6
:10D0F0000B99012081F82C0063E142E040F270308E
:10D10000C2F2004090ED720A90ED731A9FEDAE2AC4
:10D1100021EE021AB4EE410AF1EE10FA1BDDFFE730
:10D1200040F27030C2F2004090F8380198B1FFE749
:10D1300040F27030C2F2004090ED720A90ED731A26
:10D1400031EE400A9FEDA12A21EE021A80EE010A7B
:10D1500080ED670A08E040F27031C2F200414FF002
:10D160007E50C1F89C01FFE740F27031C2F20041ED
:10D170000020C1F84401C1F840010B9981F82C004E
:10D18000FFE70B99B1F85800A1F8A8000B99B1F886
:10D190008200A1F8AA000B9A02F1580002F1800166
:10D1A000A83206F0F9FB0B9981F8C8000B9A02F13E
:10D1B000A80002F1B001983206F0EEFB0B9981F85D
:10D1C000C80000208DF81A00FFE79DF81A000B9A9E
:10D1D000B2F89810B2F89A20514388421ADAFFE761
:10D1E00040F27030C2F2004090ED671A0B98D0F810
:10D1F0001C019DF81A1000EB810090ED000A20EE52
:10D20000010A80ED000AFFE79DF81A0001308DF851
:10D210001A00DAE704208DF81900FFE79DF81900DD
:10D22000052835DCFFE700208DF81800FFE79DF8A2
:10D230001800022825DCFFE79DF8191040F2703035
:10D24000C2F2004000EB810090ED5D0A9FED621A92
:10D2500080EE011A0B98D0F81C0101EB41019DF8FA
:10D260001820114400EB810090ED000A20EE010A25
:10D2700080ED000AFFE79DF8180001308DF81800D6
:10D28000D5E7FFE79DF8190001308DF81900C5E7D3
:10D290000B99B1F89800A1F8B8000B990120A1F8FA
:10D2A000BA000B9A02F1980002F1C001B83206F000
:10D2B00073FB0B9981F8C80040F27030C2F2004055
:10D2C00090F8380100286BD0FFE704208DF8170094
:10D2D000FFE79DF81700052861DCFFE70B98D0F801
:10D2E000BC009DF8171000EB810090ED000A40F2A1
:10D2F0007030C2F2004090ED6F1A9FED352A21EE9A
:10D30000021AB4EE410AF1EE10FA14DDFFE740F222
:10D310007030C2F2004090ED6F0A9FED2D1A20EEA2
:10D32000010A0B98D0F8BC009DF8171000EB8100A3
:10D3300080ED000AFFE70B98D0F8BC009DF81710AD
:10D3400000EB810090ED000A40F27030C2F2004024
:10D3500090ED6F1A9FED1F2A21EE021AB4EE410ADA
:10D36000F1EE10FA14DAFFE740F27030C2F200403A
:10D3700090ED6F0A9FED171A20EE010A0B98D0F876
:10D38000BC009DF8171000EB810080ED000AFFE75C
:10D39000FFE79DF8170001308DF8170099E7FFE7C8
:10D3A0000B98D0F8BC100020C8600B9A02F138002E
:10D3B00002F1B801303205F0C7FF0B9981F8C800BF
:10D3C000FFE70CB080BD00BFCDCCCC3D6666663FAC
:10D3D0000AD7233C0AD723BCDA0FC93F000000005C
:10D3E00080B582B0019000F007F8FFE700F040F848
:10D3F000012007F005F8F9E780B5B2EE040A9FEDC9
:10D40000161AF7EE001A9FED152ADFED152AF0EE39
:10D41000420AFFF7C5F840F61000C2F2004040F2A1
:10D42000A002C2F2004200219FED0E0ADFED0E0ABB
:10D4300002F066FC9FED0D0A01F0BAFD40F65C605B
:10D44000C2F200400C21FDF787FEFFE7F3F7E8F991
:10D4500008B1FFE7FAE780BD8096184B6F12833A58
:10D46000000000000000FA440000484300007A4435
:10D4700080B582B00020002840F0AC80FFE740F685
:10D48000C420C2F2004040F65801C2F2004141F20D
:10D490009452C2F20042F3F7E3F940F6BC20C2F224
:10D4A00000400078D0B9FFE740F6BC21C2F200414D
:10D4B00008780130087040F65800C2F2004090ED44
:10D4C000000AD0ED010A90ED021ADFED472AF0EED6
:10D4D000621AB0EE622A01F07FF9FFE740F6D02130
:10D4E000C2F2004191ED001A40F6C420C2F20040A1
:10D4F00090ED000A30EE410A80ED000A91ED011A2C
:10D5000090ED010A30EE410A80ED010A91ED021A18
:10D5100090ED020A30EE410A80ED020A90ED020A17
:10D52000B0EEC00A9FED311AB4EE410AF1EE10FAE6
:10D5300007DAFFE740F6C421C2F20041002088600C
:10D54000FFE740F6C420C2F20040009090ED000AD0
:10D55000D0ED010A90ED021A40F65800C2F20040E8
:10D560000190D0ED001A90ED012AD0ED022AFFF7CC
:10D570005FF90099019891ED000AD1ED010A91ED52
:10D58000021AD0ED001A90ED012AD0ED022A9FED8B
:10D59000164AB0EE443AF0EE443A01F019FE01F0BA
:10D5A0004BFDF4F789FE40F6B070C2F2004080ED0A
:10D5B000000AF4F789FE41F23850C2F2004080EDD3
:10D5C000000AF4F789FE45F67C10C2F2004080EDB7
:10D5D000000AFFE740F25421C2F20041086801301E
:10D5E000086002B080BD00BF00000000A69B443B65
:10D5F00080B586B000200290EFF305800590059875
:10D6000018B1FFE70120029017E00AF001F801903D
:10D610000198012810D0FFE7EFF3108003900398E2
:10D6200030B9FFE7EFF311800490049818B1FFE7D9
:10D6300001200290FFE7FFE7FFE7029806B080BDF8
:10D6400080B58AB009908DF823108DF822208DF8CE
:10D65000213041F27451C2F2004106910420088049
:10D6600041F27251C2F20041082008809DF8230067
:10D67000099908739DF82200099948739DF82100C3
:10D68000099988730999002008749DF8210008F011
:10D690000FFB09994861099840699DF82110F2F73C
:10D6A00096FF069800889DF82110484308F000FB7B
:10D6B0000699099A90610998806909889DF8212046
:10D6C0005143F2F7A6FF069800889DF821104843C1
:10D6D00008F0EEFA0699099AD0610998C06909889C
:10D6E0009DF821205143F2F794FF069800889DF899
:10D6F0002310484308F0DCFA0699099A1062099849
:10D70000006A09889DF823205143F2F782FF9DF8B3
:10D71000210008F0CDFA099948620998406A9DF8FD
:10D720002110F2F754FF069800889DF82310484313
:10D7300008F0BEFA0699099A1060099800680988ED
:10D740009DF823205143F2F764FF069800889DF866
:10D750002110484308F0ACFA0699099A50600998DC
:10D76000406809889DF821205143F2F752FF06983E
:10D7700000889DF82210484308F09AFA0699099A01
:10D7800090600998806809889DF822205143F2F73B
:10D7900040FF069800889DF82310484308F088FA57
:10D7A0000699099AC2F8E8000998D0F8E8000988B3
:10D7B0009DF823205143F2F72CFF099A02F1300023
:10D7C000117BD2F8E8300122079205F0F1FD0698AE
:10D7D00000889DF82310484308F06AFA0699099AD0
:10D7E000C2F8EC000998D0F8EC0009889DF82320D5
:10D7F0005143F2F70EFF079A099B03F13800197B9A
:10D80000D3F8EC3005F0D4FD9DF8220010B3FFE70B
:10D8100041F27450C2F20040059000889DF8221039
:10D82000484308F045FA0599099AC2F8F0000998AA
:10D83000D0F8F00009889DF822205143F2F7E9FE64
:10D84000099A02F14000517BD2F8F030012205F034
:10D85000AFFDFFE741F27450C2F20040049000882F
:10D860009DF82110484308F023FA0499099AC2F858
:10D87000F4000998D0F8F40009889DF8212051435C
:10D88000F2F7C7FE099A02F14800917BD2F8F43012
:10D89000012205F08DFD049800889DF8231048436F
:10D8A000484308F005FA0499099AC2F8F800099863
:10D8B000D0F8F80009889DF8232051435143F2F72E
:10D8C000A8FE099901F150000A7BD1F8F830114601
:10D8D00005F06EFD049800889DF8231048434843E6
:10D8E00008F0E6F90499099AC2F8FC000998D0F802
:10D8F000FC0009889DF8232051435143F2F789FE2B
:10D90000099901F158000A7BD1F8FC30114605F065
:10D910004FFD049800889DF823104843484308F0C1
:10D92000C7F901460498099AC2F8001100889DF8C9
:10D9300023104843484308F0BBF90499099AC2F8F8
:10D9400004010998D0F8000109889DF8232051436B
:10D950005143F2F75EFE04990998D0F80401098852
:10D960009DF8232051435143F2F753FE099901F1E9
:10D9700060000A7BD1F80031114605F019FD0999C4
:10D9800001F168000A7BD1F80431114605F010FD61
:10D990009DF8220040B3FFE741F27450C2F200400C
:10D9A000039000889DF8231048439DF822104843B7
:10D9B00008F07EF90399099AC2F808010998D0F88D
:10D9C000080109889DF8232051439DF822205143E6
:10D9D000F2F71FFE099B03F17000197B5A7BD3F805
:10D9E000083105F0E5FCFFE741F27450C2F2004057
:10D9F000019000889DF8211048439DF8231048436A
:10DA000008F056F901460198099AC2F80C110088ED
:10DA10009DF8231048439DF82110484308F048F929
:10DA20000199099AC2F810010998D0F80C010988E7
:10DA30009DF8212051439DF823205143F2F7E9FD41
:10DA400001990998D0F8100109889DF823205143C5
:10DA50009DF821205143F2F7DCFD099B03F178008A
:10DA60001A7B997BD3F80C3105F0A2FC099B03F1DA
:10DA70008000197B9A7BD3F8103105F099FC01984E
:10DA800000889DF823104843484308F011F9019994
:10DA9000099AC2F814010998D0F8140109889DF870
:10DAA000232051435143F2F7B4FD099901F1880055
:10DAB0000A7BD1F81431114605F07AFC01980088F0
:10DAC0009DF821104843484308F0F2F80199099A5B
:10DAD000C2F818010998D0F8180109889DF821208A
:10DAE00051435143F2F795FD099901F190008A7B6A
:10DAF000D1F81831114605F05BFC019800889DF8BB
:10DB0000231048439DF82110484308F0D1F80199AB
:10DB1000099AC2F81C010998D0F81C0109889DF8DF
:10DB2000232051439DF821205143F2F772FD099BB8
:10DB300003F19800197B9A7BD3F81C3105F038FC6F
:10DB4000019800880999097B4843484308F0B0F8D8
:10DB50000199099AC2F82001099AD2F8200109888E
:10DB6000127B51435143F2F754FD01980088099903
:10DB7000097B4843484308F09BF80199099AC2F889
:10DB80002401099AD2F824010988127B5143514398
:10DB9000F2F73FFD019800880999097B4843484303
:10DBA00008F086F80199099AC2F82801099AD2F872
:10DBB00028010988127B51435143F2F72AFD01984D
:10DBC00000880999097B484308F072F80199099A7D
:10DBD000C2F82C01099AD2F82C010988127B514312
:10DBE000F2F717FD019800880999097B484308F06E
:10DBF0005FF80199099AC2F83001099AD2F82C010C
:10DC00000988127B5143F2F704FD099901F1A00044
:10DC10000A7BD1F82031114605F0CAFB099901F1C0
:10DC2000A8000A7BD1F82431114605F0C1FB0999FF
:10DC300001F1B0000A7BD1F82831114605F0B8FB9C
:10DC4000099A02F1B800117BD2F82C31012202921C
:10DC500005F0AEFB029A099B03F1C000197BD3F8D3
:10DC6000303105F0A5FB0999002081F828000999B9
:10DC700081F82900099981F82A00099981F82B0077
:10DC8000099981F82C000AB080BD00000000000056
:10DC900080B582B001900198C07B20B1FFE7019868
:10DCA000FEF79EFA16E0019BD3F8F400596841F2A2
:10DCB0007452C2F20042009212889B7B5A43F2F7E0
:10DCC0004CFC0099019A50680988927B5143F2F705
:10DCD000A0FCFFE7019BD3F8F000996841F2745271
:10DCE000C2F2004212885B7B5A43F2F736FC02B064
:10DCF00080BD00000000000080B582B00190019856
:10DD000090F82C00B0BBFFE70199B1F89800A1F89A
:10DD1000A8000199B1F87A00A1F8AA000199B1F818
:10DD2000A800A1F8B0000199B1F85A00A1F8B2001A
:10DD3000019A02F1980002F17801A83205F02CFE58
:10DD4000019981F8C800019A02F1A80002F1580176
:10DD5000B03205F021FE019981F8C800019A02F164
:10DD6000580002F1B001503205F09EFE019981F891
:10DD7000C800FFE702B080BD80B582B00190019875
:10DD800090F82900A8BBFFE7019901F16000683114
:10DD900005F0BEFE019981F8C800019A02F1600009
:10DDA00002F15001583205F0F7FD019981F8C800E1
:10DDB0000199B1F85800A1F8A8000199B1F86A00DA
:10DDC000A1F8AA00019A02F1580002F16801A832F4
:10DDD00005F0E2FD019981F8C800019A02F1A8005E
:10DDE00002F18801583205F0AFFA019981F8C800B4
:10DDF000FFE702B080BD000080B582B001900198BD
:10DE000090F82A00002872D1FFE7019901F178000B
:10DE1000803105F07DFE019981F8C8000199B1F8C3
:10DE20007800A1F8A8000199B1F85A00A1F8AA0059
:10DE3000019A02F1780002F15801A83205F0ACFD18
:10DE4000019981F8C8000199B1F8A800A1F8B000C3
:10DE50000199B1F88200A1F8B200019A02F1A8007C
:10DE600002F18001B03205F097FD019981F8C800F8
:10DE70000199B1F89000A1F8A0000199B1F89200C1
:10DE8000A1F8A200019A02F1B00002F19001A032C3
:10DE900005F05AFA019981F8C800019901F1A00032
:10DEA000B03105F099FA019981F8C8000199B1F8EB
:10DEB0005800A1F8A8000199B1F88200A1F8AA00C1
:10DEC000019A02F1580002F18001A83205F064FDC8
:10DED000019981F8C800019A02F1A80002F1B0018D
:10DEE000983205F059FD019981F8C800FFE702B0AA
:10DEF00080BD00000000000080B584B0039003984E
:10DF0000FFF7C6FE0398D0F8CC0028B1FFE70398CE
:10DF1000D0F8CC108847FFE7039800F0B5F80398D5
:10DF2000D0F8D00028B1FFE70398D0F8D010884788
:10DF3000FFE70398FFF720FF0398D0F8D40028B13B
:10DF4000FFE70398D0F8D4108847FFE70398007CD8
:10DF500020B9FFE70398C07BF0B9FFE70398FFF70C
:10DF60004BFF0398D0F8D80028B1FFE70398D0F80A
:10DF7000D8108847FFE7039800F0DAF80398D0F844
:10DF8000DC0028B1FFE70398D0F8DC108847FFE7F2
:10DF90000398FFF7B1FE1BE0039BD3F8E800D3F82A
:10DFA000EC1041F27452C2F20042019212881B7BC3
:10DFB0005A43F2F7D2FA019A039BD3F8F800D3F848
:10DFC000FC1012881B7B5A435A43F2F7C6FAFFE74C
:10DFD0000398D0F8E00028B1FFE70398D0F8E010EC
:10DFE0008847FFE700208DF80B00FFE79DF80B0046
:10DFF0000399097B88422CDAFFE70398D0F8F820D0
:10E000009DF80B10037B11FB031302EB830292EDCF
:10E01000000A006A00EB810090ED001AB4EE410A9C
:10E02000F1EE10FA0EDAFFE7039B186A9DF80B2059
:10E0300050F82200D3F8F8101B7B12FB032241F8A2
:10E040002200FFE7FFE79DF80B0001308DF80B0081
:10E05000CCE7039B1868D3F8E81041F27452C2F27F
:10E06000004212881B7B5A43F2F777FA0398D0F8E4
:10E07000E40028B1FFE70398D0F8E4108847FFE7F1
:10E080000398006804B080BD80B582B0019001980B
:10E0900090F82800002846D1FFE70198407B01282E
:10E0A00034DBFFE70199087BA1F8B8000199012052
:10E0B0000090A1F8BA00019A02F1600002F130016B
:10E0C000B83205F069FC01460098019A82F8C81040
:10E0D000019A117BA2F8C0100199A1F8C200019A1F
:10E0E00002F1700002F14001C03205F055FC0199C7
:10E0F00081F8C800019A02F1B80002F1C00138327B
:10E1000005F022F9019981F8C8000BE0019A02F1AB
:10E11000600002F13001383205F03EFC019981F8CF
:10E12000C800FFE7FFE702B080BD0000000000006C
:10E1300080B582B00190019890F82B0000284BD157
:10E14000FFE70199B1F87800A1F8B8000199012022
:10E150000090A1F8BA00019A02F1780002F13801AA
:10E16000B83205F019FC01460098019A82F8C810EF
:10E17000019AB2F84810A2F8C0100199A1F8C200A3
:10E18000019A02F1480002F1B801C03205F08CFC9E
:10E1900001460098019A82F8C810019AB2F89810C6
:10E1A000A2F8B8100199A1F8BA00019A02F19800FA
:10E1B00002F1C001B83205F0EFFB019981F8C80007
:10E1C000019A02F1380002F1B801303205F0BCF8D2
:10E1D000019981F8C800FFE702B080BD000000008F
:10E1E00080B586B0FFE744F2D840C5F6020001686A
:10E1F00041F001010160006800F001000590059800
:10E20000FFE70B2000900521029100220392F8F70E
:10E21000FFFE0098F8F7F0FE0299039A0C20019097
:10E22000F8F7F6FE0198F8F7E7FE0299039A0D2039
:10E230000490F8F7EDFE0498F8F7DEFE06B080BD16
:10E2400080B582B040F64440C2F2004000904AF2ED
:10E250000001C4F200010160002201928260C260EC
:10E2600002744274012181744FF0030EC0F814E06F
:10E27000052383614FF00E0CC0F81CC00362C0F888
:10E2800024E08362C0F82CC0036342638163C263ED
:10E290000421016441648264C16402654165826550
:10E2A000C2650223036642668166F7F78DFF18B1E7
:10E2B000FFE7F3F7C5FCFFE702B080BD00000000F8
:10E2C00080B582B040F6E440C2F2004000904AF2CD
:10E2D0000041C4F200010160002201928260C2602C
:10E2E0000274427482744FF0030CC0F814C005210C
:10E2F0008161C1610E230362C0F824C08162C362E0
:10E3000001634FF4A061416301218163C263042171
:10E31000016441648264C164026541658265C265CD
:10E320000223036642668166F7F74EFF18B1FFE7E6
:10E33000F3F786FCFFE702B080BD0000000000009C
:10E3400080B582B040F2E970C0F6010049F22C12AB
:10E35000C0F601020021019106F01AFA019940F677
:10E36000B822C2F2004210604FF6B150C0F6000071
:10E3700049F27002C0F6010206F00AFA019940F66D
:10E380000402C2F20042106040F61930C0F60000EC
:10E3900049F22802C0F6010206F0FAF9019940F2AA
:10E3A000FC72C2F20042106040F6E920C0F60000A4
:10E3B00049F20402C0F6010206F0EAF9019940F2BE
:10E3C000F872C2F20042106040F2B910C0F60100CB
:10E3D00049F29402C0F6010206F0DAF9019940F61A
:10E3E0000802C2F20042106040F2F970C0F601006B
:10E3F00049F2B802C0F6010206F0CAF9019940F6E6
:10E400000C02C2F2004210604DF2E130C0F6000092
:10E4100049F24C02C0F6010206F0BAF940F60001DA
:10E42000C2F20041086002B080BD000000000000A0
:10E4300080B594B0002013901290119010900F901E
:10E44000FFE744F2E040C5F60200016841F0040134
:10E450000160006800F004000E900E98FFE7FFE7EF
:10E4600044F2E040C5F60200016841F0800101601D
:10E47000006800F080000D900D98FFE7FFE744F280
:10E48000E040C5F60200016841F00101016000684A
:10E4900000F001000C900C98FFE7FFE744F2E04029
:10E4A000C5F60200016841F002010160006800F059
:10E4B00002000B900B98FFE7FFE744F2E040C5F63F
:10E4C0000200016841F010010160006800F01000D6
:10E4D0000A900A98FFE7FFE744F2E040C5F6020021
:10E4E000016841F008010160006800F0080009902F
:10E4F0000998FFE740F60000C5F60200019042F2DD
:10E500000901009100220792F8F77EFC079A00208B
:10E51000C5F60200029001210491F8F775FC079AF4
:10E5200041F20000C5F6020005904FF4005103913E
:10E53000F8F76AFC009B0198049A07990F931092D0
:10E54000119112910FA90691F8F77EFA0298049B97
:10E550000699079A0F93109311921292F8F774FA92
:10E5600005980699079A4FF4A0530F934FF4881318
:10E5700010931192F8F768FADDF80CC0049B059827
:10E580000699079ACDF83CC0109311921292F8F7B1
:10E590005BFA07994FF00060FCF746F907994FF0D6
:10E5A0008070FCF741F9079A282008900521F8F7B8
:10E5B0002FFD0898F8F720FD14B080BD0000000082
:10E5C00080B582B040F68850C2F20040009043F619
:10E5D0000001C4F2000101604FF48001416000219C
:10E5E000019181600722C2604FF0007202614FF01A
:10E5F000807242614FF0806282614FF08042C2615E
:10E60000016241628162C16242638163C1630164EC
:10E6100041648164C164016541658165FBF750FB1C
:10E6200018B1FFE7F3F70CFBFFE702B080BD000075
:10E6300080B58CB0002101910B910A91099108914C
:10E6400007910691059104910391029140F65C6057
:10E65000C2F2004040F20042C4F2000202601722FF
:10E660004260816040F2E732C260016180218161D5
:10E67000FCF7FAFC18B1FFE7F3F7E2FAFFE7002036
:10E6800009900B9040F65C60C2F2004009A9FCF7CB
:10E69000E7F818B1FFE7F3F7D3FAFFE7602002903D
:10E6A000002003900490069040F65C60C2F20040A7
:10E6B00002A90C22FCF700FC18B1FFE7F3F7C0FA3F
:10E6C000FFE740F65C60C2F20040FCF7BDFB0CB017
:10E6D00080BD00000000000080B584B000210391DF
:10E6E0000291019140F6A860C2F2004041F200029E
:10E6F000C4F20002026040F22522426081604FF6BF
:10E70000FF72C2608161FCF76BF918B1FFE7F3F7A4
:10E7100097FAFFE700200190039040F6A860C2F24C
:10E72000004001A9FCF79CF818B1FFE7F3F788FA5D
:10E73000FFE704B080BD000080B582B040F6F46011
:10E74000C2F20040019045F20001C4F200010160F4
:10E7500048F2A061C0F2010141604FF48051816034
:10E760004FF40051C1604FF4806101610C2141619F
:10E7700000218161C161016241628162FDF720FC7B
:10E7800018B1FFE7F3F75CFAFFE740F6F460C2F276
:10E7900000400021FDF720F818B1FFE7F3F750FA29
:10E7A000FFE740F6F460C2F200400021FCF7CCFF26
:10E7B00018B1FFE7F3F744FAFFE740F6F460C2F25E
:10E7C0000040FCF731FE18B1FFE7F3F739FAFFE735
:10E7D00002B080BD0000000080B59CB08DED1B0A2A
:10E7E000CDED1A0A8DED191ACDED181A8DED172AF7
:10E7F000CDED162A9DED1B1A9DED1A0A20EE000A9A
:10E80000A1EE010A9DED191AA1EE010A05F0DCFC4A
:10E810008DED150A9DED151A9DED1B0A20EE010ADE
:10E820008DED1B0A9DED151A9DED1A0A20EE010AC9
:10E830008DED1A0A9DED151A9DED190A20EE010ABB
:10E840008DED190A9DED180AB5EE400AF1EE10FAA9
:10E8500039D0FFE79DED170AB5EE400AF1EE10FA48
:10E8600031D0FFE79DED160AB5EE400AF1EE10FA41
:10E8700029D0FFE79DED181A9DED170A20EE000A3A
:10E88000A1EE010A9DED161AA1EE010A05F09CFC0D
:10E890008DED150A9DED151A9DED180A20EE010A61
:10E8A0008DED180A9DED151A9DED170A20EE010A4F
:10E8B0008DED170A9DED151A9DED160A20EE010A41
:10E8C0008DED160AFFE79DED1B0AB1EE400ADDED66
:10E8D000190A09F0B1FB8DED130A9DED1A0ADDED61
:10E8E000190A09F0A9FB8DED120A9DED120A09F033
:10E8F000FBFD8DED0B0A9DED120A09F04DFD8DED2E
:10E900000A0A9DED130A09F047FD8DED080A9DEDF9
:10E91000130A09F0E9FD8DED090A9DED180AB5EE1F
:10E92000400AF1EE10FA43D0FFE79DED170AB5EE6D
:10E93000400AF1EE10FA3BD0FFE79DED160AB5EE66
:10E94000400AF1EE10FA33D0FFE79DED181A9DED65
:10E95000083A9DED170A9DED092A20EE020A9DED69
:10E960000B4A20EE040AA1EE030A9DED161A21EED1
:10E97000021A9DED0A2AA1EE020A8DED070A9DED0D
:10E98000171A9DED0A2A9DED160A9DED0B3A20EE11
:10E99000030A91EE020A8DED060A9DED060AB1EE1C
:10E9A000400ADDED070A09F047FB8DED140A02E08D
:10E9B00000201490FFE79DED120AB6EE001A8DEDCF
:10E9C000011A20EE010A09F0E7FC9DED011A8DED18
:10E9D000110A9DED130A20EE010A09F0DDFC9DED00
:10E9E000011A8DED100A9DED140A20EE010A09F0BE
:10E9F000D3FC9DED011A8DED0F0A9DED120A20EE5C
:10EA0000010A09F071FD9DED011A8DED0E0A9DEDD3
:10EA1000130A20EE010A09F067FD9DED011A8DED44
:10EA20000D0A9DED140A20EE010A09F05DFD8DED41
:10EA30000C0A9DED110A9DED101A20EE011A9DEDB4
:10EA40000F2A9DED0E0A9DED0D3A20EE030A9DED75
:10EA50000C3A20EE030AA1EE020A41F22853C2F258
:10EA60000043029383ED000A9DED0E0A9DED101AFE
:10EA700020EE011A9DED0F2A9DED110A9DED0D3A34
:10EA800020EE030A9DED0C3A20EE030A91EE020AF5
:10EA900041F22C52C2F20042039282ED000A9DED37
:10EAA000110A9DED0D1A20EE011A9DED0F2A9DED24
:10EAB0000E0A9DED103A20EE030A9DED0C3A20EE71
:10EAC000030AA1EE020A41F23051C2F20041049160
:10EAD00081ED000A9DED110A9DED101A20EE011A3C
:10EAE0009DED0C2A9DED0E0A9DED0D3A20EE030AD8
:10EAF0009DED0F3A20EE030A91EE020A41F23450E6
:10EB0000C2F20040059080ED000A93ED001A92EDEC
:10EB1000000A20EE000AA1EE010A91ED001AA1EE12
:10EB2000010A90ED001AA1EE010A00F015FB029B0C
:10EB3000039A049905988DED150A9DED151A93ED2C
:10EB4000000A20EE010A83ED000A9DED151A92EDF0
:10EB5000000A20EE010A82ED000A9DED151A91EDE2
:10EB6000000A20EE010A81ED000A9DED151A90EDD4
:10EB7000000A20EE010A80ED000A1CB080BD0000F2
:10EB800080B594B08DED130ACDED120A8DED111AFA
:10EB9000CDED101A8DED0F2ACDED0E2A9DED100A48
:10EBA000B5EE400AF1EE10FA11D1FFE79DED0F0A24
:10EBB000B5EE400AF1EE10FA09D1FFE79DED0E0A1D
:10EBC000B5EE400AF1EE10FA00F01881FFE79DED76
:10EBD000101A9DED0F0A20EE000AA1EE010A9DED2C
:10EBE0000E1AA1EE010A05F0EFFA8DED0D0A9DED6A
:10EBF0000D1A9DED100A20EE010A8DED100A9DED13
:10EC00000D1A9DED0F0A20EE010A8DED0F0A9DED04
:10EC10000D1A9DED0E0A20EE010A8DED0E0A41F24D
:10EC20002C53C2F2004393ED001A41F23450C2F269
:10EC3000004090ED002A41F22851C2F2004191EDCE
:10EC4000000A41F23052C2F2004292ED003A20EE48
:10EC5000030A91EE020A8DED0C0A91ED001A93ED74
:10EC6000002A92ED000A90ED003A20EE030AA1EE90
:10EC7000020A8DED0B0A91ED001ABEEE000AA1EE1C
:10EC8000010A90ED001AA1EE010A8DED0A0A9DED30
:10EC90000F1A9DED0A2A9DED0E0A9DED0B3A20EE0E
:10ECA000030A91EE020A8DED090A9DED0E1A9DED03
:10ECB0000C2A9DED100A9DED0A3A20EE030A91EE12
:10ECC000020A8DED080A9DED101A9DED0B2A9DEDAF
:10ECD0000F0A9DED0C3A20EE030A91EE020A8DED2B
:10ECE000070A41F29850C2F2004090ED000AB5EEDA
:10ECF000400AF1EE10FA57DDFFE741F29853C2F2F5
:10ED0000004393ED000A9DED091A20EE011A40F62A
:10ED10009470C2F2004090ED002A40F68872C2F270
:10ED2000004292ED000AA1EE020A82ED000A93ED84
:10ED3000000A9DED081A20EE011A90ED002A40F617
:10ED40008C71C2F2004191ED000AA1EE020A81ED40
:10ED5000000A93ED000A9DED071A20EE011A90EDCE
:10ED6000002A40F69070C2F2004090ED000AA1EE39
:10ED7000020A80ED000A92ED001A9DED130A30EEB2
:10ED8000010A8DED130A91ED001A9DED120A30EE85
:10ED9000010A8DED120A90ED001A9DED110A30EE78
:10EDA000010A8DED110A10E040F68871C2F20041AF
:10EDB0000020086040F68C71C2F20041086040F605
:10EDC0009071C2F200410860FFE79DED090A9DEDD8
:10EDD000131A30EE010A8DED130A9DED080A9DED20
:10EDE000121A30EE010A8DED120A9DED070A9DED13
:10EDF000111A30EE010A8DED110AFFE740F694700A
:10EE0000C2F2004090ED000AB6EE001A20EE012A90
:10EE10009DED130A20EE020A8DED130A90ED000A13
:10EE200020EE012A9DED120A20EE020A8DED120A53
:10EE300090ED000A20EE011A9DED110A20EE010A64
:10EE40008DED110A41F22853C2F200430093186875
:10EE5000069041F22C52C2F20042019210680590D5
:10EE600041F23051C2F200410291086804909DEDD8
:10EE7000050A9DED132A9DED041A9DED123A21EE2F
:10EE8000031AA0EE021A41F23450C2F2004003907D
:10EE900090ED000A9DED112AA0EE021A93ED000AF2
:10EEA00030EE410A83ED000A9DED060A9DED132A1E
:10EEB0009DED041A9DED113A21EE031AA0EE021AFF
:10EEC00090ED000A9DED122AA0EE421A92ED000A82
:10EED00030EE010A82ED000A9DED060A9DED122A30
:10EEE0009DED051A9DED113A21EE031A90EE021ADE
:10EEF00090ED000A9DED132AA0EE021A91ED000A92
:10EF000030EE010A81ED000A9DED060A9DED112A01
:10EF10009DED051A9DED123A21EE031AA0EE021A9C
:10EF20009DED040A9DED132AA0EE421A90ED000A11
:10EF300030EE010A80ED000A93ED001A92ED000A0E
:10EF400020EE000AA1EE010A91ED001AA1EE010ADD
:10EF500090ED001AA1EE010A05F036F9009B019A26
:10EF6000029903988DED0D0A9DED0D1A93ED000A9F
:10EF700020EE010A83ED000A9DED0D1A92ED000AC4
:10EF800020EE010A82ED000A9DED0D1A91ED000AB6
:10EF900020EE010A81ED000A9DED0D1A90ED000AA8
:10EFA00020EE010A80ED000A14B080BD00000000D0
:10EFB00081B08DED000A41F29851C2F2004100206B
:10EFC000086041F22852C2F200424FF07E511160B7
:10EFD00041F22C51C2F20041086041F23051C2F2BC
:10EFE0000041086041F23451C2F20041086040F62D
:10EFF0008871C2F20041086040F68C71C2F2004193
:10F00000086040F69071C2F20041086040F6880145
:10F01000C2F2004108709DED001AB7EE000A80EEC2
:10F02000010A40F69470C2F2004080ED000A01B07F
:10F03000704700000000000080B588B041F2285001
:10F04000C2F20040039090ED003A41F22C50C2F21F
:10F050000040019090ED002A41F23050C2F2004091
:10F06000029090ED001A41F23450C2F20040049038
:10F0700090ED000A21EE000AA3EE020AF6EE000A65
:10F08000CDED050AE2EE420AE1EE410A41F23C50C2
:10F09000C2F20040009003F06BFEDDF800C0019B5F
:10F0A0000399049A02989CED000A9FED291A8DEDB0
:10F0B000061A20EE010A8CED000A93ED001A92ED7B
:10F0C000002A91ED000A90ED003A20EE030A91EE3D
:10F0D000020AB8EE001A20EE010A08F017FF019BA1
:10F0E000029A03990498DDED050A9DED061A20EEBB
:10F0F000010A40F6B47CC2F2004C8CED000A93ED9C
:10F10000003A92ED002A91ED000A90ED001A20EEEF
:10F11000010AA3EE020AE2EE420AE1EE410A45F6D6
:10F120008010C2F20040079003F022FE9DED061A07
:10F13000079890ED000A20EE010A80ED000A40F6E3
:10F140008801C2F200410120087008B080BD00BFF4
:10F15000E12E65420000000084B08DED030A9DEDB4
:10F16000030AB6EE001A20EE010A8DED020A03989A
:10F17000019001980090009945F6DF10C5F63770B0
:10F18000A0EB61000090009801909DED010A9DEDBB
:10F19000021A21EE003AB7EE081AB0EE412AA3EEA9
:10F1A000402A20EE020A8DED010A9DED010A9DED37
:10F1B000022A22EE002AA2EE401A20EE010A8DED6C
:10F1C000010A9DED010A04B0704700000000000034
:10F1D00080B5AAB08DED290ACDED280A8DED271A4C
:10F1E000CDED261A8DED252ACDED242A8DED233A7D
:10F1F000CDED223A8DED214A9DED230AB5EE400A70
:10F20000F1EE10FA1FD1FFE79DED220AB5EE400A9C
:10F21000F1EE10FA17D1FFE79DED210AB5EE400A95
:10F22000F1EE10FA0FD1FFE79DED290ADDED280A76
:10F230009DED271ADDED261A9DED252ADDED242A08
:10F24000FFF79EFC5CE39DED260AB5EE400AF1EE69
:10F2500010FA11D1FFE79DED250AB5EE400AF1EE57
:10F2600010FA09D1FFE79DED240AB5EE400AF1EE50
:10F2700010FA00F06882FFE79DED261A9DED250A41
:10F2800020EE000AA1EE010A9DED241AA1EE010A6A
:10F2900004F09AFF8DED200A9DED201A9DED260ABF
:10F2A00020EE010A8DED260A9DED201A9DED250A1E
:10F2B00020EE010A8DED250A9DED201A9DED240A10
:10F2C00020EE010A8DED240A9DED231A9DED220A00
:10F2D00020EE000AA1EE010A9DED211AA1EE010A1D
:10F2E00004F072FF8DED200A9DED201A9DED230A9A
:10F2F00020EE010A8DED230A9DED201A9DED220AD4
:10F3000020EE010A8DED220A9DED201A9DED210AC5
:10F3100020EE010A8DED210A41F22850C2F2004090
:10F3200090ED000A20EE000A8DED1F0A90ED000A14
:10F3300041F22C52C2F2004292ED001A20EE010A74
:10F340008DED1E0A90ED000A41F23051C2F20041EB
:10F3500091ED001A20EE010A8DED1D0A90ED000AD4
:10F3600041F23450C2F2004090ED001A20EE010A42
:10F370008DED1C0A92ED000A20EE000A8DED1B0AAD
:10F3800092ED000A91ED001A20EE010A8DED1A0AA5
:10F3900092ED000A90ED001A20EE010A8DED190A97
:10F3A00091ED000A20EE000A8DED180A91ED000A99
:10F3B00090ED001A20EE010A8DED170A90ED000A7B
:10F3C00020EE000A8DED160A9DED231A9DED180A18
:10F3D000B6EE003A8DED053A33EE400A9DED162A61
:10F3E00030EE422A9DED220A9DED1A4A9DED1C5AEF
:10F3F00034EE454A20EE040AA1EE020A9DED211AE0
:10F400009DED192A9DED1D4A32EE042AA1EE020A55
:10F4100030EE000A8DED150A9DED231A9DED1A0AB6
:10F420009DED1C2A30EE022A9DED220A9DED1B4A1D
:10F4300033EE443A9DED164A33EE443A20EE030A89
:10F44000A1EE020A9DED211A9DED172A9DED1E3AAF
:10F4500032EE432AA1EE020A30EE000A8DED140AC4
:10F460009DED151A9DED140A20EE000AA1EE010A89
:10F4700009F002F99DED053A8DED130A9DED231A71
:10F480009DED190A9DED1D2A30EE422A9DED220ABE
:10F490009DED174A9DED1E5A34EE054A20EE040AF2
:10F4A000A1EE020A9DED211A9DED1B2A33EE422AA0
:10F4B0009DED184A32EE442AA1EE020A30EE000A0F
:10F4C0008DED120A9DED190A9DED1D1A30EE410ACF
:10F4D0008DED110A9DED1E0A9DED171A30EE010A01
:10F4E0008DED100A9DED1F0A30EE430A9DED161AB0
:10F4F00030EE010A8DED0F0A9DED131A9DED180AED
:10F5000033EE400A9DED162A30EE422A9DED120A96
:10F510009DED194A9DED1D5A34EE454A20EE040A30
:10F52000A1EE020A8DED0E0A9DED131A9DED1A0A49
:10F530009DED1C2A30EE422A9DED120A9DED1E4AD9
:10F540009DED175A34EE054A20EE040AA1EE020A98
:10F550008DED0D0A9DED131A9DED1D0A9DED192AE5
:10F5600030EE022A9DED120A9DED1B4A33EE443A1D
:10F570009DED184A33EE443A20EE030AA1EE020A4A
:10F580008DED0C0A9DED251A9DED0F2A9DED240AA7
:10F590009DED103A20EE030A91EE020A9DED222A1B
:10F5A0009DED0C3A9DED211A9DED0D4A21EE041AB8
:10F5B00092EE031A30EE010A8DED0B0A9DED241A2E
:10F5C0009DED112A9DED260A9DED0F3A20EE030ACE
:10F5D00091EE020A9DED212A9DED0E3A9DED231A32
:10F5E0009DED0C4A21EE041A92EE031A30EE010A48
:10F5F0008DED0A0A9DED261A9DED102A9DED250A36
:10F600009DED113A20EE030A91EE020A9DED232AA8
:10F610009DED0D3A9DED221A9DED0E4A21EE041A44
:10F6200092EE031A30EE010A8DED090A41F298506C
:10F63000C2F2004090ED000AB5EE400AF1EE10FA79
:10F6400057DDFFE741F29853C2F2004393ED000A01
:10F650009DED0B1A20EE011A40F69470C2F20040A4
:10F6600090ED002A40F68872C2F2004292ED000A44
:10F67000A1EE020A82ED000A93ED000A9DED0A1A3E
:10F6800020EE011A90ED002A40F68C71C2F2004182
:10F6900091ED000AA1EE020A81ED000A93ED000A45
:10F6A0009DED091A20EE011A90ED002A40F69070A7
:10F6B000C2F2004090ED000AA1EE020A80ED000ABD
:10F6C00092ED001A9DED290A30EE010A8DED290A0E
:10F6D00091ED001A9DED280A30EE010A8DED280A01
:10F6E00090ED001A9DED270A30EE010A8DED270AF4
:10F6F00010E040F68871C2F200410020086040F638
:10F700008C71C2F20041086040F69071C2F2004173
:10F710000860FFE79DED0B0A9DED291A30EE010A06
:10F720008DED290A9DED0A0A9DED281A30EE010A99
:10F730008DED280A9DED090A9DED271A30EE010A8C
:10F740008DED270AFFE740F69470C2F2004090ED7D
:10F75000000AB6EE001A20EE012A9DED290A20EEDD
:10F76000020A8DED290A90ED000A20EE012A9DED96
:10F77000280A20EE020A8DED280A90ED000A20EEFC
:10F78000011A9DED270A20EE010A8DED270A41F2AC
:10F790002853C2F2004301931868089041F22C529A
:10F7A000C2F2004202921068079041F23051C2F258
:10F7B00000410391086806909DED070A9DED292AF6
:10F7C0009DED061A9DED283A21EE031AA0EE021ACD
:10F7D00041F23450C2F20040049090ED000A9DEDD9
:10F7E000272AA0EE021A93ED000A30EE410A83EDBB
:10F7F000000A9DED080A9DED292A9DED061A9DED52
:10F80000273A21EE031AA0EE021A90ED000A9DEDB0
:10F81000282AA0EE421A92ED000A30EE010A82ED8B
:10F82000000A9DED080A9DED282A9DED071A9DED21
:10F83000273A21EE031A90EE021A90ED000A9DED90
:10F84000292AA0EE021A91ED000A30EE010A81ED9C
:10F85000000A9DED080A9DED272A9DED071A9DEDF2
:10F86000283A21EE031AA0EE021A9DED060A9DED3C
:10F87000292AA0EE421A90ED000A30EE010A80ED2E
:10F88000000A93ED001A92ED000A20EE000AA1EEA4
:10F89000010A91ED001AA1EE010A90ED001AA1EE05
:10F8A000010A04F091FC019B029A039904988DEDE2
:10F8B000200A9DED201A93ED000A20EE010A83ED47
:10F8C000000A9DED201A92ED000A20EE010A82ED59
:10F8D000000A9DED201A91ED000A20EE010A81ED4B
:10F8E000000A9DED201A90ED000A20EE010A80ED3D
:10F8F000000A40F68801C2F2004100200870FFE7CC
:10F900002AB080BD00000000FFE7FEE70000000015
:10F9100080B584B0039002910192029803994860E7
:10F9200001984078039981F828000198007803999C
:10F9300081F829000198C078039981F82A0001987C
:10F940008078039981F82B0001984079039981F818
:10F950002C0001980079039981F82D000198C07955
:10F96000039981F82E0001988079039981F82F007E
:10F970000398F2F795FB04B080BD00000000000082
:10F9800080B584B003900291ADF806200398406AD8
:10F990000299486000208DF80500FFE79DF80500FA
:10F9A00007280EDCFFE702989DF8051001440020AF
:10F9B00081F82800FFE79DF8050001308DF805006B
:10F9C000ECE79DF807000299039A92F8282001EBD2
:10F9D000420181F828009DF806000299039A92F8E6
:10F9E000282001EB420181F829000298F2F758FB28
:10F9F00004B080BD00000000FFE7FEE7000000004B
:10FA000088B0079006910592079800F007000490CF
:10FA10000498C0F10700052803D3FFE704200190F4
:10FA200004E00498C0F107000190FFE701980390FB
:10FA300004980430062803D8FFE70020009003E074
:10FA4000049803380090FFE7009802900698039905
:10FA5000012202FA01F101390840029B9840059900
:10FA60009A40013A1140084308B070470000000076
:10FA700084B002908DED010ACDED000A029818B90C
:10FA8000FFE70020039013E10299086C4864029993
:10FA9000C86B086400980299886101980299C8614E
:10FAA0009DED000A9DED011A30EE410A029880EDAD
:10FAB0000F0A02980078002840F08580FFE702983E
:10FAC00090ED010A90ED0F1A20EE010A80ED090A6F
:10FAD000029890ED021A90ED0A0A90ED0F2AA1EE1D
:10FAE000020A80ED0A0A0299486B88630299086B42
:10FAF0004863029890ED0F0A90ED101A30EE410A1B
:10FB000080ED0C0A029890ED030A90ED0C1A20EE9D
:10FB1000010A80ED0B0A029890ED051A90ED0A0A91
:10FB2000B4EE410AF1EE10FA04DDFFE702994869EC
:10FB3000886215E0029890ED051A90ED0A0AB1EE80
:10FB4000411AB4EE410AF1EE10FA08DAFFE7029822
:10FB500090ED050AB1EE400A80ED0A0AFFE7FFE7E3
:10FB6000029890ED090A90ED0A2A90ED0B1A30EEFA
:10FB7000020A30EE010A80ED080A029890ED041A9C
:10FB800090ED080AB4EE410AF1EE10FA04DDFFE749
:10FB900002990869086215E0029890ED041A90ED48
:10FBA000080AB1EE411AB4EE410AF1EE10FA08DA91
:10FBB000FFE7029890ED040AB1EE400A80ED080AD2
:10FBC000FFE7FFE770E00298007801286BD1FFE7BC
:10FBD000029890ED010A90ED0F1A90ED102A31EE87
:10FBE000421A20EE010A80ED090A029890ED020AFD
:10FBF00090ED0F1A20EE010A80ED0A0A0299486B77
:10FC000088630299086B4863029890ED0F0A90EDA3
:10FC1000102A90ED111AB8EE003AA2EE030A30EE67
:10FC2000010A80ED0C0A029890ED030A90ED0C1A7F
:10FC300020EE010A80ED0B0A029890ED080A90ED83
:10FC4000091A90ED0A3A90ED0B2A31EE031A31EEC3
:10FC5000021A30EE010A80ED080A029890ED041AAB
:10FC600090ED080AB4EE410AF1EE10FA04DDFFE768
:10FC700002990869086215E0029890ED041A90ED67
:10FC8000080AB1EE411AB4EE410AF1EE10FA08DAB0
:10FC9000FFE7029890ED040AB1EE400A80ED080AF1
:10FCA000FFE7FFE7FFE7FFE70298006A0390FFE73F
:10FCB0009DED030A04B0704782B00190019808B925
:10FCC000FFE71AE001990020009048640199086458
:10FCD0000199C86301998863019948630199086390
:10FCE0000199C86201998862019948620199086284
:10FCF000019988610199C861FFE702B0704700006F
:10FD000086B005908DF8131003928DED020ACDEDAB
:10FD1000010A059818B1FFE7039808B9FFE72CE03E
:10FD20009DF81300059908700398006805994860CC
:10FD30000398406805998860039880680599C860B1
:10FD40000298059908610198059948610599002074
:10FD500000908863059948630599086305990862CE
:10FD60000599C862059988620599486205994864B1
:10FD7000059908640599C863FFE706B0704700005D
:10FD800085B004908DED030ACDED020A8DED011AC8
:10FD9000CDED001A03980499086002980499486010
:10FDA00001980499886000980499C86005B070476C
:10FDB00080B582B0019040F28070C2F2004000F045
:10FDC0003BF8022001214FF0FF3204F051FCFFE725
:10FDD00004F0CEFB00909DF800008007002822D59B
:10FDE000FFE700F041F99DF800008006002811D5DA
:10FDF000FFE740F69C70C2F20040D0ED000A90EDA3
:10FE0000011A90ED020AB1EE082A20EE020A00F073
:10FE100093F807E09DF80000C006002801D5FFE731
:10FE2000FFE7FFE700E0FFE76FF0004004F05CFB56
:10FE3000012004F0E5FACBE780B58EB00D9040F6D6
:10FE4000B070C2F2004090ED000A9FED372A20EE1C
:10FE5000020A9FED361A80EE010A0D9880ED000A25
:10FE600045F67C10C2F2004090ED000A20EE020A36
:10FE700080EE010A0D9880ED020A00F029F90D9834
:10FE80000C3004F075F946F26660C3F6E6600A903D
:10FE9000002105910B910C9140F28020C2F20040AC
:10FEA00004902C300AAAB2EE040A8DED010ADFEDAF
:10FEB000200ACDED020AFFF723FF9DED010ADDEDDB
:10FEC000020A059907910891099140F2F820C2F2BF
:10FED000004006902C3007AAFFF712FF049840F26A
:10FEE000062140F2FF1203920123F1F7F1F8039A81
:10FEF000059B069840F20521F1F7EAF8049A059966
:10FF0000069892ED000BB7EEC00B0D9A82ED060A33
:10FF10000D9AD16190ED000BB7EEC00B0D9880EDFE
:10FF2000080A0EB080BD00BFC3F54840000034434E
:10FF30001F85AB3F0000000080B58EB08DED0D0A2F
:10FF4000CDED0C0A8DED0B1A40F28020C2F200407C
:10FF5000089090ED000BB7EEC00BDDED0C0A2C30D5
:10FF6000FFF786FD8DED010A40F28070C2F200407D
:10FF7000F2F7BAF9B0EE401A9DED010A30EE010A2F
:10FF80009FED371A8DED021A20EE010A9FED351A0A
:10FF90008DED031A20EE010AB7EEC00A9FED2A1B71
:10FFA0008DED041B80EE010B9FED291B8DED061BD3
:10FFB00080EE010BBDEEC00B10EE100AADF82A006A
:10FFC00040F2F820C2F20040099090ED000B9FED46
:10FFD000221B30EE010BB7EEC00BDDED0B0A2C300F
:10FFE000FFF746FD9DED024A9DED033A9DED042B82
:10FFF0009DED061B08989DED0D5A30EE050A20EE8A
:020000040801F1
:10000000040A20EE030AB7EEC00A80EE020B80EE6F
:10001000010BBDEEC00B10EE101AADF82810BDF9A3
:100020002A2040F26011C2F20041FFF7A9FC0998B2
:10003000BDF9282040F29011C2F20041FFF7A0FC68
:100040000EB080BD00BF00BF1F85EB51B81E194028
:10005000000000000000744000000080EB510040F0
:10006000000070420050C34680B500F009F840F22D
:100070008070C2F200400C3004F07AF880BD0000BD
:1000800040F6B070C2F2004090ED000A9FED0D2ADC
:1000900020EE020A9FED0C1A80EE010A40F28070F9
:1000A000C2F2004080ED000A45F67C11C2F2004128
:1000B00091ED000A20EE020A80EE010A80ED020AAC
:1000C000704700BFC3F54840000034430000000003
:1000D00080B540F26010C2F2004040F6E441C2F246
:1000E0000041F1F7FDFF40F29010C2F2004040F6EF
:1000F0004441C2F20041F1F7F3FF80BD000000006F
:10010000EFF30980BFF36F8F154B1A681EF0100FC5
:1001100008BF20ED108A20E9F04F10602DE909009A
:100120004FF0500080F31188BFF34F8FBFF36F8FF4
:1001300006F07EF94FF0000080F31188BDE8090059
:1001400019680868B0E8F04F1EF0100F08BFB0EC57
:10015000108A80F30988BFF36F8F704700BF00BF1C
:10016000B01000240000000080B5B0B002A80190DB
:10017000B821F0F74EFA0198002103914FF40042A4
:100180000292102204927822059202220692032300
:1001900007930892099120220A920B914FF0005187
:1001A0001D91F7F755FA18B1FFE7F1F749FDFFE7A1
:1001B00030B080BD0000000080B582B00190022008
:1001C00001214FF0FF3204F053FAFFE704F0D0F9B9
:1001D000014640F6AC70C2F2004001600078800732
:1001E000002801D5FFE700E0FFE76FF0004004F0D2
:1001F0007BF9EBE70000000080B586B00490039126
:1002000000208DF8070044F22840C5F6020000687F
:1002100000F00300032804D1FFE701208DF8170048
:10022000CBE044F20041C5F60201086820F080608E
:100230000860F6F701FE0290FFE744F20040C5F6C1
:100240000200006800F000610020B0EBD16F0CD01C
:10025000FFE7F6F7F1FD0299401A032804D3FFE700
:1002600003208DF81700A8E0E7E7FFE744F22841F4
:10027000C5F60201086820F47C30049A126840EA4E
:100280000230086004994868D1F808C0CB680A6950
:1002900001386FF35F204FF60061CFF6FF7101EB7D
:1002A0004C2189B208440021CFF6FF7101EB0341D4
:1002B00001F4FE0108444FF07F4101EB026101F0BF
:1002C000FE41084444F23841C5F602010860FFE7E8
:1002D00044F22C41C5F602010091086820F0C000EC
:1002E000049A526910430860086820F02000049ABC
:1002F000926910430860086820F01000086044F21A
:100300003C42C5F6020210684FF6F8739843049B0E
:10031000DB6940EAC3001060086840F01000086024
:10032000039848B9FFE744F22C41C5F6020108687A
:1003300040F40020086016E00398012809D1FFE787
:1003400044F22C41C5F60201086840F480100860B0
:1003500008E044F22C41C5F60201086840F40010A0
:100360000860FFE7FFE744F20041C5F602010868B4
:1003700040F080600860F6F75FFD0290FFE744F20E
:100380000040C5F60200006800F000610020B0EBFC
:10039000D16F0CD1FFE7F6F74FFD0299401A032801
:1003A00004D3FFE703208DF8170006E0E7E7FFE737
:1003B0009DF807008DF81700FFE79DF8170006B0BD
:1003C00080BD00000000000080B586B0049003915D
:1003D00000208DF8070044F22840C5F602000068AE
:1003E00000F00300032804D1FFE701208DF8170077
:1003F000CBE044F20041C5F60201086820F08050CD
:100400000860F6F719FD0290FFE744F20040C5F6D8
:100410000200006800F000510020B0EB517F0CD0CA
:10042000FFE7F6F709FD0299401A032804D3FFE716
:1004300003208DF81700A8E0E7E7FFE744F2284122
:10044000C5F60201086820F07C70049A126840EA40
:100450000250086004994868D1F808C0CB680A695E
:1004600001386FF35F204FF60061CFF6FF7101EBAB
:100470004C2189B208440021CFF6FF7101EB034102
:1004800001F4FE0108444FF07F4101EB026101F0ED
:10049000FE41084444F24041C5F602010860FFE70E
:1004A00044F22C41C5F602010091086820F4406036
:1004B000049A526910430860086820F40070049A96
:1004C000926910430860086820F48070086044F264
:1004D0004442C5F6020210684FF6F8739843049B35
:1004E000DB6940EAC3001060086840F4807008606F
:1004F000039848B9FFE744F22C41C5F602010868A9
:1005000040F48000086016E00398012809D1FFE755
:1005100044F22C41C5F60201086840F4000008606E
:1005200008E044F22C41C5F60201086840F08070F2
:100530000860FFE7FFE744F20041C5F602010868E2
:1005400040F080500860F6F777FC0290FFE744F235
:100550000040C5F60200006800F000510020B0EB3A
:10056000517F0CD1FFE7F6F767FC0299401A032888
:1005700004D3FFE703208DF8170006E0E7E7FFE765
:100580009DF807008DF81700FFE79DF8170006B0EB
:1005900080BD00000000000080B5012006F098F842
:1005A000014640F25C20C2F200400160006818B9C8
:1005B000FFE7FFF7F1FFFFE780BD0000000000004C
:1005C00080B540F68850C2F20040F9F7B1F980BD1D
:1005D00082B001900198006840690090019801681C
:1005E000886940F00800886101980168886940F0D6
:1005F0001000886101980168086820F00100086017
:1006000001980168086940F26F32904308610198CF
:100610000168886820F440408860019890F8810063
:10062000042815D0FFE79DF80000800600280ED5AD
:10063000FFE70199D1F8840040F08000C1F8840000
:1006400001980168886940F020008861FFE7FFE7B2
:10065000019890F88100032815D0FFE79DF800006D
:10066000400600280ED5FFE70199D1F8840040F03C
:100670000400C1F8840001980168886940F04000D6
:100680008861FFE7FFE79DF80100800700280ED58D
:10069000FFE70199D1F8840040F00100C1F884001F
:1006A00001980168886940F400708861FFE79DF84F
:1006B0000100C00770B1FFE70199D1F8840040F054
:1006C0000800C1F8840001980168886940F48070CE
:1006D0008861FFE701990020A1F862000199A1F863
:1006E0006A0002B07047000080B582B001900198A6
:1006F000806B009000990020A1F86A000099A1F891
:1007000062000099012081F881000098F9F70CF946
:1007100002B080BD0000000083B002900298C16B5F
:10072000012000EB511001900298C0680130009048
:1007300000980730C008009000980199484303B022
:10074000704700000000000080B586B0DDF820C0D2
:10075000049003918DF80B200193FFE70498006843
:10076000406903990840401AB0FA80F040099DF8AA
:100770000B10884214D1FFE7F6F75EFB0899401A88
:100780000199884204D3FFE70198013018B9FFE7C7
:10079000019820B9FFE703208DF8170004E0DDE79A
:1007A00000208DF81700FFE79DF8170006B080BD08
:1007B000074B19680868B0E8F04F80F30988BFF369
:1007C0006F8F4FF0000080F31188704700BF00BFAB
:1007D000B01000240000000080B56FF0040000217C
:1007E00002F05EFA80BD000080B582B00190FFE7A4
:1007F000012003F005FEFBE780B584B003900020E4
:10080000029000F071FA01214FF0FF32084603F028
:100810002FFF0290FFE740F6A021C2F200410878C6
:10082000013008709DF80800C007002800F0D38050
:10083000FFE703F09DFE014640F6C020C2F20040F3
:1008400001600078C00788B3FFE740F2F071C2F2A0
:1008500000410120087040F6C020C2F2004000783C
:10086000800700280DD5FFE740F6C020C2F2004007
:100870000068012105F0E0F86FF0004003F034FE5D
:1008800013E040F6C020C2F20040006800F0030010
:10089000012809D1FFE70021084605F0CDF86FF0E7
:1008A000004003F021FEFFE7FFE793E040F6C020A1
:1008B000C2F200400068002840F08B80FFE740F261
:1008C000F070C2F200400078012818D1FFE700F074
:1008D000DFF940F2F471C2F20041086040F6845042
:1008E000C2F20040006840F2EC71C2F200410860C0
:1008F00040F2F071C2F2004100200870FFE740F2C0
:10090000EC70C2F20040006840F68451C2F200412F
:100910000968884219D1FFE700F0BAF940F2F47192
:10092000C2F200410968401A4AF22111C0F20701DF
:10093000884209D3FFE70021084605F07DF86FF0F3
:10094000004003F0D1FDFFE742E040F2EC70C2F25C
:100950000040006840F68451C2F200410968013944
:1009600088422BD1FFE700F093F940F2F471C2F214
:1009700000410968401A44F24021C0F20F010844C6
:100980004AF21F11C0F2070188420DD8FFE740F676
:10099000C020C2F200400068012105F04DF86FF060
:1009A000004003F0A1FD08E00021084605F044F8EE
:1009B0006FF0004003F098FDFFE708E000210846D3
:1009C00005F03AF86FF0004003F08EFDFFE7FFE717
:1009D000FFE7FFE71AE00021084605F02DF803F0D5
:1009E000C7FD01909DF80400C00770B1FFE7012129
:1009F000029140F6C020C2F20040006805F01CF8E9
:100A00006FF0004003F070FDFFE7FFE76FF000407C
:100A100003F06AFD012003F0F3FCFCE60000000097
:100A200080B54EF21000CEF20000006806F0F0FD36
:100A3000012803D0FFE705F02BFEFFE780BD000093
:100A400080B59EB00BA84C21EFF7E3FD002001908C
:100A50000A900990089007900690059004900390E2
:100A60000220F6F7F5FAFFE70020029044F618009E
:100A7000C5F60200016821F440410160006800F4FD
:100A8000404002900298FFE7FFE744F61800C5F6E1
:100A90000200006800F40050B0F5005F01D0FFE7ED
:100AA000F3E701210B914FF480300C900220149059
:100AB000159003221692442217921891042119913D
:100AC0001A900C201B9000201C904FF4C0501D90D9
:100AD0000BA8F8F719FA18B1FFE7F1F7B1F8FFE73B
:100AE0003F200390032104910020059008200690E8
:100AF0004020079008904FF4806209920A9003A862
:100B0000F7F79EFD18B1FFE7F1F79AF8FFE71EB07F
:100B100080BD0000000000004EF68851CEF20001BA
:100B2000086840F47000086042F20000C5F200203E
:100B3000006800F00F0006280AD8FFE742F2000123
:100B4000C5F200210868072262F303000860FFE78E
:100B500044F20041C5F60201086840F00100086057
:100B600044F21042C5F602020020106008684EF6FA
:100B70007F52CEF6F6221040086042F20000C5F225
:100B80000020006800F00F0008280AD3FFE742F2B7
:100B90000001C5F200210868072262F30300086023
:100BA000FFE744F21841C5F602010020086044F254
:100BB0001C41C5F60201086044F22041C5F602015D
:100BC000086044F22842C5F6020240F20021C0F259
:100BD0000221116044F22C42C5F602020021C0F24B
:100BE000FF11116044F23042C5F6020240F280214A
:100BF000C0F20111116044F23442C5F602021060E5
:100C000044F23842C5F60202116044F23C42C5F695
:100C10000202106044F24042C5F60202116044F242
:100C20004441C5F60201086044F20042C5F60202E2
:100C3000116821F48021116044F26041C5F602017F
:100C4000086044F2D440C5F602000068C0040028E1
:100C500014D4FFE744F2D441C5F60201086840F419
:100C60008050086044F20002C5F2002243F2D20034
:100C70001060086820F480500860FFE770470000AB
:100C800080B540F61060C2F20040F9F7B5FF80BDB4
:100C900040F62440C4F200000068704700000000E5
:100CA00040F62440C4F20000006840F6A421C2F2DD
:100CB0000041086040F61040C4F200000068C00720
:100CC00080B1FFE740F61041C4F20001086820F04F
:100CD0000100086040F68451C2F20041086801300A
:100CE0000860FFE77047000080B582B044F2E84139
:100CF000C5F60201086840F00800086040F60041AF
:100D0000C4F200010191086820F00100086040F67B
:100D10002842C4F200024FF48970106040F62C4261
:100D2000C4F2000244F23F20C0F20F0010600868D5
:100D300040F08000086040F61441C4F200010868E9
:100D400040F00100086040F60C41C4F20001086860
:100D500040F00100086040F61041C4F2000108684C
:100D600020F00100086032200090052101F0BCFF56
:100D7000009801F051FF0199086840F001000860F7
:100D800002B080BD0000000083B002900191029883
:100D90000068009002980021C4F20101884225D029
:100DA000FFE70298B0F1804F20D0FFE7029840F2B1
:100DB0000041C4F20001884218D0FFE7029840F6D3
:100DC0000001C4F20001884210D0FFE7029840F60B
:100DD0000041C4F20001884208D0FFE7029840F2C7
:100DE0000041C4F2010188420AD1FFE7009820F0D7
:100DF0007000009001984168009808430090FFE758
:100E000002980021C4F2010188424DD0FFE7029808
:100E1000B0F1804F48D0FFE7029840F20041C4F2A1
:100E20000001884240D0FFE7029840F60001C4F27A
:100E30000001884238D0FFE7029840F60041C4F232
:100E40000001884230D0FFE7029840F20041C4F22E
:100E50000101884228D0FFE7029844F20001C4F261
:100E60000101884220D0FFE7029844F20041C4F219
:100E70000101884218D0FFE7029844F60001C4F24D
:100E80000101884210D0FFE702984EF20001C4F23F
:100E90000001884208D0FFE702984EF20041C4F2F8
:100EA000000188420AD1FFE7009820F440700090CA
:100EB0000198C168009808430090FFE7009820F06F
:100EC000800001994969084300900198806802995F
:100ED000C862019800680299886202980021C4F2F1
:100EE0000101884220D0FFE7029840F20041C4F29D
:100EF0000101884218D0FFE7029844F20001C4F2D1
:100F00000101884210D0FFE7029844F20041C4F288
:100F10000101884208D0FFE7029844F60001C4F2BC
:100F20000101884205D1FFE7019800690299086331
:100F3000FFE70299086840F0040008600299012068
:100F4000486100980299086003B0704700000000F3
:100F500084B0039002910192029800F01F010120D9
:100F600088400090009A0399086A904308620198AB
:100F7000029901F01F0100FA01F20399086A104377
:100F8000086204B07047000085B004900391049893
:100F9000006A01900499086A20F001000862049830
:100FA0004068009004988069029002984FF68F7113
:100FB000CFF6FE7108400290029820F003000290E4
:100FC00003980168029808430290019820F00200FB
:100FD00001900398816801980843019004980021CA
:100FE000C4F20101884220D0FFE7049840F200419A
:100FF000C4F20101884218D0FFE7049844F20001CE
:10100000C4F20101884210D0FFE7049844F2004185
:10101000C4F20101884208D0FFE7049844F60001B9
:10102000C4F2010188420FD1FFE70499086A20F059
:1010300004000862019820F0080001900398C1683C
:10104000019808430190FFE704980021C4F20101D0
:10105000884220D0FFE7049840F20041C4F2010129
:10106000884218D0FFE7049844F20001C4F201015D
:10107000884210D0FFE7049844F20041C4F2010115
:10108000884208D0FFE7049844F60001C4F2010149
:10109000884213D1FFE7009820F4807000900098F8
:1010A00020F4007000900398416900980843009074
:1010B00003988169009808430090FFE7009804991D
:1010C00048600298049988610398406804994863CD
:1010D00001980499086205B0704700000000000004
:1010E00085B0049003910498006A01900499086AFD
:1010F00020F010000862049840680090049880690D
:101100000290029848F6FF71CFF6FF610840029006
:10111000029820F44070029003980168029840EA17
:1011200001200290019820F020000190039881682E
:10113000019840EA0110019004980021C4F20101D5
:10114000884229D0FFE7049840F20041C4F201012F
:10115000884221D0FFE7049844F20001C4F2010163
:10116000884203D1FFE70020B0B9FFE7049844F2BA
:101170000041C4F20101884203D1FFE7002058B9C1
:10118000FFE7049844F60001C4F20101884213D13C
:10119000FFE7012080B9FFE70499086A20F04000CA
:1011A0000862019820F0800001900398C1680198BE
:1011B00040EA01100190FFE704980021C4F2010108
:1011C000884220D0FFE7049840F20041C4F20101B8
:1011D000884218D0FFE7049844F20001C4F20101EC
:1011E000884210D0FFE7049844F20041C4F20101A4
:1011F000884208D0FFE7049844F60001C4F20101D8
:10120000884215D1FFE7009820F480600090009894
:1012100020F40060009003984169009840EA810042
:10122000009003988169009840EA81000090FFE7F0
:10123000009804994860029804998861039840686E
:101240000499886301980499086205B0704700000A
:1012500085B0049003910498006A01900499086A8B
:1012600020F4807008620498406800900498C06977
:10127000029002984FF68F71CFF6FE7108400290EF
:10128000029820F003000290039801680298084336
:101290000290019820F400700190039881680198F1
:1012A00040EA0120019004980021C4F20101884223
:1012B00029D0FFE7049840F20041C4F201018842BE
:1012C00021D0FFE7049844F20001C4F201018842F2
:1012D00003D1FFE70020B0B9FFE7049844F20041D2
:1012E000C4F20101884203D1FFE7002058B9FFE7AB
:1012F000049844F60001C4F20101884213D1FFE7CB
:10130000012080B9FFE70499086A20F48060086230
:10131000019820F4006001900398C168019840EAA8
:1013200001200190FFE704980021C4F201018842E6
:1013300020D0FFE7049840F20041C4F20101884246
:1013400018D0FFE7049844F20001C4F2010188427A
:1013500010D0FFE7049844F20041C4F20101884232
:1013600008D0FFE7049844F60001C4F20101884266
:1013700015D1FFE7009820F480500090009820F4E9
:101380000050009003984169009840EA01100090D5
:1013900003988169009840EA01100090FFE70098E7
:1013A0000499486002980499C861039840680499B8
:1013B000C86301980499086205B0704700000000F6
:1013C00085B0049003910498006A01900499086A1A
:1013D00020F4805008620498406800900498C06926
:1013E0000290029848F6FF71CFF6FF610840029024
:1013F000029820F44070029003980168029840EA35
:1014000001200290019820F4005001900398816817
:10141000019840EA0130019004980021C4F20101D2
:10142000884220D0FFE7049840F20041C4F2010155
:10143000884218D0FFE7049844F20001C4F2010189
:10144000884210D0FFE7049844F20041C4F2010141
:10145000884208D0FFE7049844F60001C4F2010175
:1014600088420BD1FFE7009820F480400090039859
:101470004169009840EA81100090FFE700980499C4
:10148000486002980499C861039840680499086408
:1014900001980499086205B0704700000000000040
:1014A00085B0049003910498006A01900499086A39
:1014B00020F4803008620498406800900498406DE1
:1014C000029002984FF68F71CFF6FE71084002909D
:1014D00003980168029808430290019820F40030B4
:1014E000019003988168019840EA014001900498B6
:1014F0000021C4F20101884220D0FFE7049840F2A5
:101500000041C4F20101884218D0FFE7049844F278
:101510000001C4F20101884210D0FFE7049844F2B0
:101520000041C4F20101884208D0FFE7049844F664
:101530000001C4F2010188420BD1FFE7009820F4BA
:101540008030009003984169009840EA01200090A3
:10155000FFE7009804994860029804994865039849
:1015600040680499886501980499086205B070473D
:1015700085B0049003910498006A01900499086A68
:1015800020F4801008620498406800900498406D30
:101590000290029848F6FF71CFF6FF610840029072
:1015A00003980168029840EA01200290019820F413
:1015B0000010019003988168019840EA0150019061
:1015C00004980021C4F20101884220D0FFE704986A
:1015D00040F20041C4F20101884218D0FFE70498AC
:1015E00044F20001C4F20101884210D0FFE70498E0
:1015F00044F20041C4F20101884208D0FFE7049898
:1016000044F60001C4F2010188420BD1FFE70098C3
:1016100020F48020009003984169009840EA8120DE
:101620000090FFE700980499486002980499486583
:10163000039840680499C86501980499086205B048
:10164000704700000000000080B540F6F460C2F270
:101650000040FAF735F980BD82B001900198406EE4
:1016600040B9FFE701990120A1F86A000199A1F8AA
:10167000680032E010208DF803008DF80200019818
:1016800000688068C0F342608DF80100019800682E
:101690008068400F8DF800009DF802009DF8002042
:1016A00049F2E403C0F60103995C484349F2DC01C6
:1016B000C0F601018A5CB0FBF2F0019AA2F86A0060
:1016C0009DF803009DF801209B5C5843895CB0FBAA
:1016D000F1F00199A1F86800FFE702B0704700003F
:1016E00081B00090009890F82800000700280BD5E2
:1016F000FFE700980068406820F40040009A1168F5
:10170000926B10434860FFE7009890F82800C007EC
:1017100058B1FFE700980068406820F40030009A54
:101720001168D26A10434860FFE7009890F82800DB
:10173000800700280BD5FFE700980068406820F478
:101740008030009A1168126B10434860FFE70098E0
:1017500090F82800400700280BD5FFE700980068A4
:10176000406820F48020009A1168526B1043486052
:10177000FFE7009890F82800C00600280BD5FFE787
:1017800000980068806820F48050009A1168D26B3D
:1017900010438860FFE7009890F828008006002832
:1017A0000BD5FFE700980068806820F40050009A8D
:1017B0001168126C10438860FFE7009890F82800C9
:1017C000400600281CD5FFE700980068406820F418
:1017D0008010009A1168526C104348600098406C69
:1017E000B0F5801F0BD1FFE700980068406820F437
:1017F000C000009A1168926C10434860FFE7FFE751
:10180000009890F82800000600280BD5FFE7009804
:101810000068406820F40020009A1168D26C1043E0
:101820004860FFE701B0704780B588B00690069920
:101830000020C1F89000F5F7FFFA059006980068BF
:101840000068000700282FD5FFE70698059B6A4629
:101850006FF07E4111604FF40011002201F024F975
:1018600008B3FFE7FFE7FFE70698006850E8000FBE
:1018700020F080000490FFE704990698026842E88F
:1018800000100028F0D1FFE7FFE706992020C1F8FB
:101890008800FFE70699002081F88400FFE7032015
:1018A0008DF81F005FE0FFE70698006800684007BA
:1018B000002842D5FFE70698059B6A466FF07E41F7
:1018C00011604FF48001002201F0EEF8A0B3FFE7B1
:1018D000FFE7FFE70698006850E8000F20F49070DB
:1018E0000390FFE703990698026842E80010002879
:1018F000F0D1FFE7FFE7FFE7FFE70698006850E851
:10190000020F20F001000290FFE70299069802689A
:1019100042E802100028F0D1FFE7FFE706992020F7
:10192000C1F88C00FFE70699002081F88400FFE7EA
:1019300003208DF81F0016E0FFE706992020C1F86C
:1019400088000699C1F88C0006990020C86606999F
:101950000867FFE70699002081F88400FFE7002070
:101960008DF81F00FFE79DF81F0008B080BD000044
:1019700080B582B001900198806B00900098F9F7D3
:101980007BFF02B080BD000080B584B00390039857
:10199000806B02900298D0F8880001900298D0F8ED
:1019A0008C0000900298006880680006002808D526
:1019B000FFE70198212804D1FFE7029800F084FA9C
:1019C000FFE70298006880684006002808D5FFE716
:1019D0000098222804D1FFE7029800F001FAFFE7FF
:1019E0000299D1F8900040F01000C1F890000298E0
:1019F000F9F742FF04B080BD80B588B00790079822
:101A0000806B06900798C069B0F5807F5BD0FFE7D8
:101A100006990020A1F85E00FFE7FFE7069800683E
:101A200050E8000F20F480700590FFE705990698B4
:101A3000026842E800100028F0D1FFE7FFE7FFE767
:101A4000FFE70698006850E8020F20F001000490BC
:101A5000FFE704990698026842E802100028F0D1D6
:101A6000FFE7FFE7FFE7FFE70698006850E8020F8F
:101A700020F040000390FFE703990698026842E8CF
:101A800002100028F0D1FFE7FFE706992020C1F8F7
:101A90008C000698C06E012814D1FFE7FFE7FFE72E
:101AA0000698006850E8000F20F010000290FFE751
:101AB00002990698026842E800100028F0D1FFE77A
:101AC000FFE7FFE7FFE70699002008670698C06E6A
:101AD000012840F0B380FFE706990020A1F85E00DE
:101AE000079800681021C4F20201884200F081804A
:101AF000FFE7079800682821C4F20201884278D0E5
:101B0000FFE7079800684021C4F20201884270D0C4
:101B1000FFE7079800685821C4F20201884268D0A4
:101B2000FFE7079800687021C4F20201884260D084
:101B3000FFE7079800688821C4F20201884258D064
:101B4000FFE707980068A021C4F20201884250D044
:101B5000FFE707980068B821C4F20201884248D024
:101B6000FFE70798006840F21041C4F20201884282
:101B70003FD0FFE70798006840F22841C4F2020115
:101B8000884236D0FFE70798006840F24041C4F22F
:101B9000020188422DD0FFE70798006840F25841C3
:101BA000C4F20201884224D0FFE70798006840F29F
:101BB0007041C4F2020188421BD0FFE70798006819
:101BC00040F28841C4F20201884212D0FFE7079830
:101BD000006840F2A041C4F20201884209D0FFE748
:101BE0000798006840F2B841C4F20201884205D16A
:101BF000FFE7079800684068009004E007980068D5
:101C000040680090FFE70098ADF80600BDF80600B8
:101C10000699B1F85C10884206DAFFE7BDF80600C5
:101C20000699A1F85E00FFE70698B0F85C10B0F8DE
:101C30005E20891A89B2F9F78FFC03E00698FAF75B
:101C4000C3FAFFE708B080BD80B584B00390039865
:101C5000806B02900299012008670298C06E0128EB
:101C600040F0B580FFE70299B1F85C004008A1F8A8
:101C70005E00039800681021C4F20201884200F05F
:101C80008180FFE7039800682821C4F2020188429E
:101C900078D0FFE7039800684021C4F2020188422F
:101CA00070D0FFE7039800685821C4F2020188420F
:101CB00068D0FFE7039800687021C4F202018842EF
:101CC00060D0FFE7039800688821C4F202018842CF
:101CD00058D0FFE703980068A021C4F202018842AF
:101CE00050D0FFE703980068B821C4F2020188428F
:101CF00048D0FFE70398006840F21041C4F20201A7
:101D000088423FD0FFE70398006840F22841C4F2C0
:101D10000201884236D0FFE70398006840F2404154
:101D2000C4F2020188422DD0FFE70398006840F218
:101D30005841C4F20201884224D0FFE703980068AA
:101D400040F27041C4F2020188421BD0FFE70398C1
:101D5000006840F28841C4F20201884212D0FFE7D5
:101D60000398006840F2A041C4F20201884209D001
:101D7000FFE70398006840F2B841C4F202018842CC
:101D800005D1FFE7039800684068009004E00398DD
:101D9000006840680090FFE70098ADF80600BDF8C5
:101DA00006000299B1F85C10884206DCFFE7BDF836
:101DB00006000299A1F85E00FFE70298B0F85C10F7
:101DC000B0F85E20891A89B2F9F7C6FB03E00298E1
:101DD000FAF7FEF9FFE704B080BD00000000000044
:101DE00084B00390FFE7FFE70398006850E8000F16
:101DF00020F490700290FFE702990398026842E88D
:101E000000100028F0D1FFE7FFE7FFE7FFE70398A6
:101E1000006850E8020F4FF6FE71CEF6FF710840E1
:101E20000190FFE701990398026842E80210002838
:101E3000EDD1FFE7FFE70398C06E012814D1FFE75B
:101E4000FFE7FFE70398006850E8000F20F010005C
:101E50000090FFE700990398026842E8001000280C
:101E6000F0D1FFE7FFE7FFE703992020C1F88C00DE
:101E700003990020C8660399486704B070470000C2
:101E800080B582B00190FFE7FFE70198006850E855
:101E9000000F20F040000090FFE7009901980268D1
:101EA00042E800100028F0D1FFE7FFE70199202069
:101EB000C1F888000199002088670198FAF78CF929
:101EC00002B080BD0000000083B00290FFE7FFE792
:101ED0000298006850E8000F20F0C0000190FFE772
:101EE00001990298026842E800100028F0D1FFE74B
:101EF000FFE7FFE7FFE70298006850E8020F20F4D1
:101F000000000090FFE700990298026842E8021082
:101F10000028F0D1FFE7FFE702992020C1F88800F0
:101F200003B070470000000080B59EB01D900020F7
:101F30008DF867001D98006840F60041C5F6000165
:101F4000884201D1FFE700E0FFE71D9988680B692F
:101F50004A69C9691843104308431C901D980068DA
:101F6000006846F6F311CCF6FF7108401C9908434F
:101F70001D99096808601D980068406820F4405069
:101F80001D9A1168D268104348601D9880691C90A2
:101F90001D98006840F60041C5F60001884206D051
:101FA000FFE71D98016A1C9808431C90FFE71D98E5
:101FB000006880684FF2FF41C1F2FF1108401C9990
:101FC00008431D99096888601D980068C06A20F060
:101FD0000F001D9A1168526A1043C862FFE71D98EE
:101FE000006841F20001C4F20101884240F04180E2
:101FF000FFE744F25440C5F60200006800F03800E4
:102000000146109128282FD81099DFE801F0152DEE
:102010002D2D2D2D2D2D192D2D2D2D2D2D2D1D2D14
:102020002D2D2D2D2D2D212D2D2D2D2D2D2D252DF4
:102030002D2D2D2D2D2D290001208DF86D0017E05F
:1020400004208DF86D0013E008208DF86D000FE07E
:1020500010208DF86D000BE020208DF86D0007E05A
:1020600040208DF86D0003E080208DF86D00FFE7C3
:102070006CE21D98006844F20041C4F200018842FD
:102080002ED1FFE744F25440C5F60200006800F08C
:10209000070001460F9105281DD80F99DFE801F0D0
:1020A00003070B0F131700208DF86D0017E00420B5
:1020B0008DF86D0013E008208DF86D000FE0102002
:1020C0008DF86D000BE020208DF86D0007E04020BA
:1020D0008DF86D0003E080208DF86D00FFE734E29D
:1020E0001D98006844F60001C4F2000188422ED118
:1020F000FFE744F25440C5F60200006800F0070014
:1021000001460E9105281DD80E99DFE801F003075E
:102110000B0F131700208DF86D0017E004208DF8C9
:102120006D0013E008208DF86D000FE010208DF891
:102130006D000BE020208DF86D0007E040208DF849
:102140006D0003E080208DF86D00FFE7FCE11D9835
:10215000006844F60041C4F2000188422ED1FFE736
:1021600044F25440C5F60200006800F00700014642
:102170000D9105281DD80D99DFE801F003070B0F1D
:10218000131700208DF86D0017E004208DF86D0006
:1021900013E008208DF86D000FE010208DF86D0021
:1021A0000BE020208DF86D0007E040208DF86D00D9
:1021B00003E080208DF86D00FFE7C4E11D98006802
:1021C00045F20001C4F2000188422ED1FFE744F23B
:1021D0005440C5F60200006800F0070001460C916B
:1021E00005281DD80C99DFE801F003070B0F131722
:1021F00000208DF86D0017E004208DF86D0013E0CD
:1022000008208DF86D000FE010208DF86D000BE0B8
:1022100020208DF86D0007E040208DF86D0003E070
:1022200080208DF86D00FFE78CE11D98006841F279
:102230000041C4F20101884240F04180FFE744F2CE
:102240005440C5F60200006800F0380001460B91CA
:1022500028282FD80B99DFE801F0152D2D2D2D2DD5
:102260002D2D192D2D2D2D2D2D2D1D2D2D2D2D2DC2
:102270002D2D212D2D2D2D2D2D2D252D2D2D2D2DA2
:102280002D2D290001208DF86D0017E004208DF818
:102290006D0013E008208DF86D000FE010208DF820
:1022A0006D000BE020208DF86D0007E040208DF8D8
:1022B0006D0003E080208DF86D00FFE741E11D987F
:1022C000006847F60001C4F2000188422ED1FFE702
:1022D00044F25440C5F60200006800F007000146D1
:1022E0000A9105281DD80A99DFE801F003070B0FB2
:1022F000131700208DF86D0017E004208DF86D0095
:1023000013E008208DF86D000FE010208DF86D00AF
:102310000BE020208DF86D0007E040208DF86D0067
:1023200003E080208DF86D00FFE709E11D9800684B
:1023300047F60041C4F2000188422ED1FFE744F283
:102340005440C5F60200006800F0070001460991FC
:1023500005281DD80999DFE801F003070B0F1317B3
:1023600000208DF86D0017E004208DF86D0013E05B
:1023700008208DF86D000FE010208DF86D000BE047
:1023800020208DF86D0007E040208DF86D0003E0FF
:1023900080208DF86D00FFE7D1E01D98006841F6C0
:1023A0000001C4F20101884240F04180FFE744F29D
:1023B0005440C5F60200006800F03800014608915C
:1023C00028282FD80899DFE801F0152D2D2D2D2D67
:1023D0002D2D192D2D2D2D2D2D2D1D2D2D2D2D2D51
:1023E0002D2D212D2D2D2D2D2D2D252D2D2D2D2D31
:1023F0002D2D290001208DF86D0017E004208DF8A7
:102400006D0013E008208DF86D000FE010208DF8AE
:102410006D000BE020208DF86D0007E040208DF866
:102420006D0003E080208DF86D00FFE786E01D98C9
:10243000006841F60041C4F20101884240F0418049
:10244000FFE744F25440C5F60200006800F038008F
:102450000146079128282FD80799DFE801F0152DAC
:102460002D2D2D2D2D2D192D2D2D2D2D2D2D1D2DC0
:102470002D2D2D2D2D2D212D2D2D2D2D2D2D252DA0
:102480002D2D2D2D2D2D290001208DF86D0017E00B
:1024900004208DF86D0013E008208DF86D000FE02A
:1024A00010208DF86D000BE020208DF86D0007E006
:1024B00040208DF86D0003E080208DF86D00FFE76F
:1024C0003BE01D98006840F60041C5F600018842D7
:1024D0002ED1FFE744F25840C5F60200006800F034
:1024E00007000146069105281DD80699DFE801F08E
:1024F00003070B0F131702208DF86D0017E004205F
:102500008DF86D0013E008208DF86D000FE01020AD
:102510008DF86D000BE020208DF86D0007E0402065
:102520008DF86D0003E080208DF86D00FFE703E07B
:1025300080208DF86D00FFE7FFE7FFE7FFE7FFE78B
:10254000FFE7FFE7FFE7FFE7FFE7FFE7FFE71D988C
:10255000006840F60041C5F60001884240F0B480B2
:10256000FFE79DF86D0001460591022814D0FFE7B2
:102570000598042814D0FFE70598082816D0FFE72F
:102580000598102818D0FFE70598202835D0FFE7D8
:102590000598402837D03AE0F4F7AEFD11903CE0C2
:1025A00015A8F4F7BDFD1698119036E012A8F4F7BF
:1025B00003FF1398119030E044F20040C5F602008A
:1025C000006800F020010020B0EB511F0ED0FFE7A3
:1025D00044F20040C5F602000068C0F3C10149F2B0
:1025E0000000C0F2D030C840119005E049F2000070
:1025F000C0F2D0301190FFE70FE040F60010C0F2BB
:102600003D00119009E04FF40040119005E00020DA
:10261000119001208DF86700FFE71198002852D033
:10262000FFE711981D994A6A49F2EC01C0F60101D1
:1026300031F81210B0FBF1F0189018981D99496804
:1026400001EB4101884207D3FFE718981D994968BB
:10265000B0EB013F04D9FFE701208DF8670031E0BE
:1026600011981D994A6803924A6A49F2EC01C0F632
:10267000010131F81220002304931946EDF7B0FE52
:10268000039A049B090241EA1061000210EB520018
:1026900041F10001EDF7A4FE1A901A98B0F5407FC1
:1026A0000BD3FFE71A990020B0EB115F05D1FFE7CC
:1026B0001A981D990968C86003E001208DF8670029
:1026C000FFE7FFE7FFE746E11D98C069B0F5004F5F
:1026D00040F0A880FFE79DF86D0001460291402878
:1026E00000F263800299DFE801F021256060296033
:1026F00060602F6060606060606035606060606036
:1027000060606060606060606060566060606060D3
:1027100060606060606060606060606060606060B9
:10272000606060606060606060605C00F6F744FA62
:10273000119040E0F6F754FA11903CE015A8F4F738
:10274000EFFC1698119036E012A8F4F735FE1398B6
:10275000119030E044F20040C5F60200006800F03D
:1027600020010020B0EB511F0ED0FFE744F20040E3
:10277000C5F602000068C0F3C10149F20000C0F2D2
:10278000D030C840119005E049F20000C0F2D030CE
:102790001190FFE70FE040F60010C0F23D001190ED
:1027A00009E04FF40040119005E000201190012055
:1027B0008DF86700FFE7119898B3FFE711981D9A0D
:1027C0005168536A49F2EC02C0F6010232F8132054
:1027D000B0FBF2F0400000EB5100B0FBF1F01A90BA
:1027E0001A98102818D3FFE7BDF86A00A0B9FFE7D0
:1027F0001A9820F00F00ADF86E001A9800F00E0144
:10280000BDF86E0040EA5100ADF86E00BDF86E00F4
:102810001D990968C86003E001208DF86700FFE793
:10282000FFE797E09DF86D0001460191402800F216
:1028300063800199DFE801F0212560602960606014
:102840002F606060606060603560606060606060E4
:102850006060606060606060566060606060606082
:102860006060606060606060606060606060606068
:1028700060606060606060605C00F6F79DF91190D8
:1028800040E0F6F7ADF911903CE015A8F4F748FCEC
:102890001698119036E012A8F4F78EFD1398119057
:1028A00030E044F20040C5F60200006800F020016C
:1028B0000020B0EB511F0ED0FFE744F20040C5F6F8
:1028C00002000068C0F3C10149F20000C0F2D0303C
:1028D000C840119005E049F20000C0F2D0301190DC
:1028E000FFE70FE040F60010C0F23D00119009E054
:1028F0004FF40040119005E00020119001208DF868
:102900006700FFE7119820B3FFE711981D9A5168FF
:10291000536A49F2EC02C0F6010232F81320B0FB10
:10292000F2F000EB5100B0FBF1F01A901A98102869
:102930000AD3FFE7BDF86A0030B9FFE7BDF86800C9
:102940001D990968C86003E001208DF86700FFE762
:10295000FFE7FFE7FFE71D990120A1F86A001D9935
:10296000A1F868001D99002048671D9988679DF8A7
:1029700067001EB080BD000080B588B0069005914C
:10298000ADF81220059806998865BDF812000699E1
:10299000A1F85C0006990020C1F890000699222059
:1029A000C1F88C000698D0F88000B0B3FFE7069815
:1029B000D0F8801041F6F910C0F60100C8630698FF
:1029C000D0F8801041F64940C0F60100086406982E
:1029D000D0F8801041F68910C0F60100C86406984E
:1029E000D0F880100020086506980168826DD0F844
:1029F00080002431BDF81230F2F72AFA60B1FFE707
:102A000006991020C1F8900006992020C1F88C008A
:102A100001208DF81F0042E0FFE706980069A0B191
:102A2000FFE7FFE7FFE70698006850E8000F40F473
:102A300080700390FFE703990698026842E800104F
:102A40000028F0D1FFE7FFE7FFE7FFE7FFE7069881
:102A5000006850E8020F40F001000290FFE7029981
:102A60000698026842E802100028F0D1FFE7FFE76D
:102A7000FFE7FFE70698006850E8020F40F04000CB
:102A80000190FFE701990698026842E802100028C9
:102A9000F0D1FFE7FFE700208DF81F00FFE79DF86A
:102AA0001F0008B080BD000080B586B0DDF820C0F2
:102AB000049003918DF80B200193FFE704980068C0
:102AC000C06903990840401AB0FA80F040099DF8A7
:102AD0000B10884266D1FFE708980130002860D0CB
:102AE000FFE7F4F7A9F90199401A0899884203D839
:102AF000FFE7089820B9FFE703208DF8170055E09D
:102B00000498006800684007002849D5FFE703984B
:102B1000802845D0FFE70398402841D0FFE704987C
:102B20000068C06900F008010120B0EBD10F16D198
:102B3000FFE7049801680820009008620498FFF7F6
:102B40004FF900980499C1F89000FFE7049900201C
:102B500081F88400FFE701208DF8170026E0049833
:102B60000068C06900F400610120B0EBD12F16D1DC
:102B7000FFE7049801684FF4006008620498FFF7CB
:102B80002FF904992020C1F89000FFE70499002054
:102B900081F88400FFE703208DF8170006E0FFE7C7
:102BA000FFE78BE700208DF81700FFE79DF817007F
:102BB00006B080BD00000000FFE7FEE70000000057
:102BC00082B041EC100B8DED000B0198C00F02B0EC
:102BD000704700000000000081B000EE100A009075
:102BE0000098C00F01B0704781B0ADF80200BDF988
:102BF000020000280ED4FFE7BDF9021001F01F0209
:102C0000012090404A094EF20011CEF2000141F835
:102C10002200FFE701B0704781B0ADF80200BDF9B6
:102C2000020000280ED4FFE7BDF9021001F01F02D8
:102C3000012090404A094EF20011CEF2000141F805
:102C40002200FFE701B070474EF60C50CEF20000B4
:102C50000068C0F30220704782B0ADF80600009112
:102C6000BDF9060000280AD4FFE700980001BDF96D
:102C700006104EF20042CEF2000288540BE000989B
:102C80000001BDF8061001F00F014EF61452CEF20D
:102C900000028854FFE702B0704700000000000007
:102CA00082B0ADF806000091BDF9060000280AD4F4
:102CB000FFE700980001BDF906104EF20042CEF287
:102CC000000288540BE000980001BDF8061001F0E6
:102CD0000F014EF61452CEF200028854FFE702B004
:102CE000704700000000000082B0ADF806000091BF
:102CF000BDF9060000280AD4FFE700980001BDF9DD
:102D000006104EF20042CEF2000288540BE000980A
:102D10000001BDF8061001F00F014EF61452CEF27C
:102D200000028854FFE702B0704700000000000076
:102D300083B00290029800F0070000904EF60C510C
:102D4000CEF200010868019001984FF6FF02104092
:102D500001900198009A40EA02200022C0F2FA5243
:102D6000104301900198086003B070470000000014
:102D700080B5A0B08DED030ACDED020A01909DED66
:102D8000020AB5EE400AF1EE10FA40F39E80FFE72A
:102D90009DED030A9DED021A80EE010A8DED0D0AEC
:102DA00000200C900B909DED0D0AB5EE400AF1EE5F
:102DB00010FA09DAFFE701200C909DED0D0AB1EE43
:102DC000400A8DED0D0AFFE79DED0D0AB7EE001AE2
:102DD000B4EE410AF1EE10FA37DDFFE79DED0D1A72
:102DE000B7EE000A80EE010A8DED0D0A0D981090E5
:102DF00049F2A520CBF604500F9001200E900E90C2
:102E0000FFE70E98092817DCFFE79DED101A9DEDEE
:102E10000F2A0E98C0F1090149F20410C0F6010012
:102E200000EB810090ED000AA1EE020A8DED0F0A81
:102E30000E9801300E90E4E79DED0F1A9FEDDD0A2C
:102E400030EE410A8DED0B0A2EE00D98139049F2F9
:102E5000A520CBF604501290012011901190FFE7AD
:102E60001198092817DCFFE79DED131A9DED122A32
:102E70001198C0F1090149F20410C0F6010000EBFD
:102E8000810090ED000AA1EE020A8DED120A119860
:102E900001301190E4E79DED121A9DED0B0A30EE22
:102EA000010A8DED0B0AFFE70C9838B1FFE79DEDA5
:102EB0000B0AB1EE400A8DED0B0AFFE70B98019962
:102EC000086000208DF81300B4E19DED020AB5EE14
:102ED000400AF1EE10FA80F27C81FFE79DED030AD3
:102EE000B5EE400AF1EE10FA40F3A180FFE79DED48
:102EF000030A9DED021A80EE010A8DED0A0A0020F8
:102F0000099008909DED0A0AB5EE400AF1EE10FA1C
:102F100009DAFFE7012009909DED0A0AB1EE400AA7
:102F20008DED0A0AFFE79DED0A0AB7EE001AB4EE2E
:102F3000410AF1EE10FA37DDFFE79DED0A1AB7EE10
:102F4000000A80EE010A8DED0A0A0A98169049F2ED
:102F5000A520CBF604501590012014901490FFE7A3
:102F60001498092817DCFFE79DED161A9DED152A28
:102F70001498C0F1090149F20410C0F6010000EBF9
:102F8000810090ED000AA1EE020A8DED150A149859
:102F900001301490E4E79DED151A9FEDA80A30EE7C
:102FA000410A8DED080A2EE00A98199049F2A520F1
:102FB000CBF604501890012017901790FFE7179850
:102FC000092817DCFFE79DED191A9DED182A1798BF
:102FD000C0F1090149F20410C0F6010000EB8100C4
:102FE00090ED000AA1EE020A8DED180A1798013043
:102FF0001790E4E79DED181A9DED080A30EE010ADE
:103000008DED080AFFE7099838B1FFE79DED080A42
:10301000B1EE400A8DED080AFFE79DED080A9FED2D
:10302000891A30EE010A019880ED000ACDE09DED8D
:10303000030AB5EE400AF1EE10FA80F2A180FFE734
:103040009DED030A9DED021A80EE010A8DED070A3F
:103050000020069005909DED070AB5EE400AF1EEBE
:1030600010FA09DAFFE7012006909DED070AB1EE9C
:10307000400A8DED070AFFE79DED070AB7EE001A3B
:10308000B4EE410AF1EE10FA37DDFFE79DED071AC5
:10309000B7EE000A80EE010A8DED070A07981C9032
:1030A00049F2A520CBF604501B9001201A901A90EB
:1030B000FFE71A98092817DCFFE79DED1C1A9DED24
:1030C0001B2A1A98C0F1090149F20410C0F6010048
:1030D00000EB810090ED000AA1EE020A8DED1B0AC3
:1030E0001A9801301A90E4E79DED1B1A9FED530AE0
:1030F00030EE410A8DED050A2EE007981F9049F247
:10310000A520CBF604501E9001201D901D90FFE7D6
:103110001D98092817DCFFE79DED1F1A9DED1E2A5B
:103120001D98C0F1090149F20410C0F6010000EB3E
:10313000810090ED000AA1EE020A8DED1E0A1D9895
:1031400001301D90E4E79DED1E1A9DED050A30EE5D
:10315000010A8DED050AFFE7069838B1FFE79DEDFE
:10316000050AB1EE400A8DED050AFFE79DED050A5F
:103170009FED331A30EE010A019880ED000A23E03A
:10318000002028B9FFE70398FFF726FD50B913E0A8
:103190009DED030AB7EEC00A51EC100BFFF710FDCE
:1031A00050B1FFE7019940F6DB70CCF249000860AE
:1031B00009E000BFDB0FC93F019940F6DB70C4F2A4
:1031C00049000860FFE7FFE7FFE700208DF81300E4
:1031D00030E09DED020AB5EE400AF1EE10FA25D17D
:1031E000FFE79DED030AB5EE400AF1EE10FA0ADDA5
:1031F000FFE7019940F6DB70C3F6C9700860002054
:103200008DF8130016E09DED030AB5EE400AF1EECD
:1032100010FA0ADAFFE7019940F6DB70CBF6C970C5
:10322000086000208DF8130004E0FFE7FC208DF813
:103230001300FFE79DF9130020B080BDDB0FC93FED
:10324000DB0F49C0DB0F494089B08DED080A9DEDC9
:10325000081A9FED3A2AB5EE000AA1EE020A8DED9A
:10326000050A9DED050ABDEEC00A8DED010A9DED32
:10327000050AB5EE400AF1EE10FA04DAFFE701980C
:1032800001380190FFE79DED050A9DED011AB8EEAA
:10329000C11A30EE410A8DED050A9DED050A9FED3C
:1032A000281A20EE010A8DED000A9DED000ABCEE01
:1032B000C00A10EE100AADF81200BDF81200B0F509
:1032C000007F0CDBFFE70020ADF812009DED000A47
:1032D0009FED1C1A30EE010A8DED000AFFE79DED0F
:1032E000000ABDF8120001EE100AB8EE411A30EEE5
:1032F000410A8DED060ABDF8121049F25010C0F6D1
:10330000010050F821100391BDF8121000EB81006C
:10331000406802909DED060AB7EE001A31EE401AA1
:103320009DED032A9DED023A20EE030AA1EE020A6A
:103330008DED070A9DED070A09B0704783F9223E1B
:1033400000000044000000C489B008900791069274
:10335000089840680590079840680490069840686F
:103360000390089908884988484302900298019080
:10337000FFE70198A8B1FFE70598011D059190EDC1
:10338000000A0498011D049190ED001A30EE010A24
:103390000398011D039180ED000A01980138019006
:1033A000E7E700208DF803009DF9030009B070479E
:1033B00083B00290ADF80610ADF804200093BDF87C
:1033C000060002990880BDF8040002994880009820
:1033D0000299486003B07047BBB039903891399872
:1033E0004068379038984068369039980088349013
:1033F0003998408833900020329031902B90369845
:10340000359034982C90FFE72C9858B3FFE7349808
:103410002C99401A2A90FFE72A9848B1FFE735997E
:10342000081D3590002008602A9801382A90F3E79B
:103430003599081D35904FF07E5008602C98013862
:103440002A90FFE72A9848B1FFE73599081D359083
:10345000002008602A9801382A90F3E72C98013858
:103460002C90D1E700202990FFE7299833998842D2
:1034700080F04D82FFE700202B9029982F903999FA
:1034800048684988299A01FB022100EB81003590A8
:1034900035980068329029983090299801302D9005
:1034A000FFE72D983499884225D2FFE7399948687B
:1034B00049882D9A299B01FB023100EB8100359050
:1034C0003598006831909DED310AB0EEC00A9DED4F
:1034D000321AB0EEC11AB4EE410AF1EE10FA05DD6F
:1034E000FFE72D98309031983290FFE7FFE72D9855
:1034F00001302D90D5E79DED320AB5EE400AF1EE90
:1035000010FA76D0FFE730982999884271D0FFE70A
:1035100039984068259039984068249039984088B7
:10352000239023982999401A22902F982399299A19
:1035300000FB0121259800EB81002590309823990C
:10354000299A00FB0121249800EB8100249000209F
:103550002790FFE727982299884213DAFFE72598FA
:10356000006826902498006825990A1D2592086015
:10357000269824990A1D24920860FFE727980130B5
:103580002790E7E7389840681F90389840681E9069
:10359000389840881D901D981C902F981D99414384
:1035A0001F9800EB81001F9030981D9941431E9891
:1035B00000EB81001E9000202190FFE721981C99CC
:1035C000884213DAFFE71F98006820901E98006871
:1035D0001F990A1D1F92086020981E990A1D1E92AD
:1035E0000860FFE7219801302190E7E701202B9048
:1035F000FFE72B9801280CD0FFE79DED320AB5EECE
:10360000400AF1EE10FA04D1FFE7FB208DF8EB0041
:10361000BCE19DED321AB7EE000A80EE010A8DED95
:10362000320A399840681A90399840881990199848
:103630002999401A18902F981999299A00FB01216D
:103640001A9800EB81001A9000201B90FFE71B984E
:103650001899884210DAFFE79DED321A1A98011D79
:103660001A9190ED000A20EE010A80ED000AFFE7B2
:103670001B9801301B90EAE73898406816903898FC
:1036800040881590159814902F98159941431698D5
:1036900000EB8100169000201790FFE7179814990F
:1036A000884210DAFFE79DED321A1698011D169137
:1036B00090ED000A20EE010A80ED000AFFE717985E
:1036C00001301790EAE700202D90FFE72D982F9901
:1036D000884280F08780FFE73999486849882D9AA9
:1036E000299B01FB023100EB810035903598006881
:1036F0003290399840681290399840681190399802
:103700004088109010982999401A0F9012982D997E
:10371000109A514300EB8100299900EB810012902F
:1037200011982F99109A514300EB8100299900EBD1
:103730008100119000201390FFE713980F998842A1
:1037400015DAFFE79DED321A1198011D119190EDE8
:10375000002A1298011D129190ED000AA1EE420A72
:1037600080ED000AFFE7139801301390E5E73898E1
:1037700040680D90389840680C90389840880B90BD
:103780000B980A900D982D990B9A514300EB8100EC
:103790000D900C982F990B9A514300EB81000C90DF
:1037A00000200E90FFE70E980A99884215DAFFE78D
:1037B0009DED321A0C98011D0C9190ED002A0D9888
:1037C000011D0D9190ED000AA1EE420A80ED000A64
:1037D000FFE70E9801300E90E5E7FFE72D980130E6
:1037E0002D9073E72F9801302D90FFE72D98349995
:1037F000884280F08780FFE73999486849882D9A88
:10380000299B01FB023100EB81003590359800685F
:1038100032903998406808903998406807903998F4
:103820004088069006982999401A059008982D9985
:10383000069A514300EB8100299900EB8100089022
:1038400007982F99069A514300EB8100299900EBC4
:103850008100079000200990FFE7099805998842A8
:1038600015DAFFE79DED321A0798011D079190EDDB
:10387000002A0898011D089190ED000AA1EE420A65
:1038800080ED000AFFE7099801300990E5E73898D4
:1038900040680390389840680290389840880190BA
:1038A0000198009003982D99019A514300EB8100F3
:1038B000039002982F99019A514300EB81000290E6
:1038C00000200490FFE704980099884215DAFFE78A
:1038D0009DED321A0298011D029190ED002A039885
:1038E000011D039190ED000AA1EE420A80ED000A4D
:1038F000FFE7049801300490E5E7FFE72D980130D9
:103900002D9073E7FFE7299801302990ADE500205D
:103910008DF8A3002B98012833D0FFE79DED320AE4
:10392000B5EE400AF1EE10FA2BD1FFE73998406866
:10393000379000202E90FFE72E983499339A514308
:10394000884212D2FFE737982E9900EB810090ED64
:10395000000AB5EE400AF1EE10FA01D0FFE704E0EC
:10396000FFE72E9801302E90E6E72E983499339A8F
:103970005143884204D1FFE7FB208DF8A300FFE705
:10398000FFE79DF8A3008DF8EB00FFE79DF9EB0042
:103990003BB070470000000092B008AB009311905C
:1039A00010910F92119840680E90109840680D90F9
:1039B000119840680C90109840680B900F984068E0
:1039C0000A9011980088ADF81E0010984088ADF854
:1039D0001C0011984088ADF81A0000200490BDF832
:1039E0001E000390FFE70A98049900EB81000990FC
:1039F000BDF81C000590109840680D90FFE700206E
:103A000008900C980E90BDF81A000290FFE70298FB
:103A1000C8B1FFE700980E990A1D0E9291ED001AA9
:103A20000D9991ED002A90ED000AA1EE020A80EDB9
:103A3000000ABDF81C100D9800EB81000D90029853
:103A400001380290E3E7089809990A1D0992086075
:103A50000598013805900B98BDF81C10059A891A35
:103A600000EB81000D90FFE705980028C7D1FFE724
:103A70000498BDF81C10084404900C98BDF81A1066
:103A800000EB81000C90039801380390FFE7039846
:103A90000028A8D1FFE700208DF807009DF9070056
:103AA00012B070470000000089B00890079106929C
:103AB0000898406805900798406804900698406808
:103AC0000390089908884988484302900298019019
:103AD000FFE70198A8B1FFE70598011D059190ED5A
:103AE000000A0498011D049190ED001A30EE410A7D
:103AF0000398011D039180ED000A0198013801909F
:103B0000E7E700208DF803009DF9030009B0704736
:103B10008AB0099008910998406807900898406811
:103B2000069009980088ADF8120009984088ADF811
:103B30001000BDF81200029000200190FFE70698E7
:103B4000019900EB81000590BDF810000390FFE79C
:103B5000039880B1FFE70798011D07910068059958
:103B60000860BDF81210059800EB810005900398DD
:103B700001380390ECE70198013001900298013878
:103B80000290FFE702980028D9D1FFE700208DF8C6
:103B900003009DF903000AB0704700000000000018
:103BA00080B588B000208DF81E008DF81D00ECF760
:103BB000AFFD80200490ECF76BFF55200590ECF7EB
:103BC00067FF0598ECF764FF8DF81E00ECF794FD95
:103BD00096200690ECF7DCFDECF79AFD0498ECF7E4
:103BE00057FF0598ECF754FF0598ECF751FF8DF857
:103BF0001E00ECF781FD0698ECF7CAFDECF788FD96
:103C00007E20B621ECF75CFFECF776FD5020ECF758
:103C1000ABFDECF77DFD0498ECF73AFF0598ECF767
:103C200037FF0598ECF734FF8DF81E00ECF764FDC4
:103C30000698ECF7ADFDECF76BFD0498ECF728FF68
:103C40000598ECF725FF0598ECF722FF8DF81E008C
:103C5000ECF752FD0698ECF79BFD9DF81E001E2820
:103C600004D0FFE7FF208DF81F005CE000208DF8F6
:103C70001D00FFE79DF81D00052850DCFFE7ECF76D
:103C800047FD9DF81D0000EB400240F2B800C2F273
:103C9000004003908118805C4978ECF711FFECF745
:103CA0002BFD96200290ECF773FDECF731FD0398A5
:103CB0009DF81D1001EB4101405C40F08000ECF7E5
:103CC000E7FE55200190ECF7E3FE0198ECF7E0FEEB
:103CD0008DF81E00ECF710FD0298ECF759FD0399E2
:103CE0009DF81E009DF81D2002EB42021144497808
:103CF00088420DD0FFE79DF81D0000EB400140F227
:103D0000B800C2F20040084480788DF81F000AE035
:103D1000FFE79DF81D0001308DF81D00AAE7002087
:103D20008DF81F00FFE79DF81F0008B080BD000060
:103D300080B586B0002002908DF816008DF8150031
:103D4000ECF702FD02980DF115010391ECF78CFEE2
:103D5000ECF7EEFC96200490ECF71AFDECF7F4FC7F
:103D600002980399ECF780FEECF7E2FC0498ECF77C
:103D70000FFDECF7E9FC1420B621ECF7A1FEECF7FF
:103D8000D7FC5020ECF7F0FCECF7DEFC029803992E
:103D9000ECF76AFEECF7CCFC0498ECF7F9FCECF7D6
:103DA000D3FC02980399ECF75FFEECF7C1FC049892
:103DB000ECF7EEFC9DF815000F2804D0FFE7FF207C
:103DC0008DF8170053E000208DF81600FFE79DF8EE
:103DD0001600052847DCFFE7ECF7B6FC9DF8160057
:103DE00000EB400240F2CA00C2F20040019081188C
:103DF000805C4978ECF764FEECF79AFC9620009022
:103E0000ECF7C6FCECF7A0FC01989DF8161001EB4E
:103E10004101405C0DF11501ECF726FEECF788FC42
:103E20000098ECF7B5FC01999DF815009DF8162057
:103E300002EB42021144497888420DD0FFE79DF819
:103E4000160000EB400140F2CA00C2F200400844F4
:103E500080788DF817000AE0FFE79DF81600013022
:103E60008DF81600B3E700208DF81700FFE79DF8E6
:103E7000170006B080BD000082B00190019908785B
:103E8000497840EA0120ADF8020001998878C978A4
:103E900040EA0120ADF8000040F6B870C2F20040E0
:103EA00090ED000AB7EEC01ABDF80210BDF8002070
:103EB000514300EE101AB8EEC00A9FED0A2A20EE18
:103EC000020AB6EE002A20EE020AB7EEC00AB6EEEB
:103ED000002BA1EE020BB7EEC00B80ED000A02B082
:103EE000704700BF17B7D13880B540F24810C2F212
:103EF0000040407A022809D1FFE740F60C00C2F2E8
:103F000000400068102100F057FB0AE040F2481022
:103F1000C2F20040407A032801D1FFE700E0FFE74A
:103F2000FFE780BD0000000040F28070C2F2004058
:103F3000406940F25051C2F20041C1F8E0017047BF
:103F400080B540F68C00C2F2004040F64441C2F217
:103F50000041EEF7C5F880BD80B582B040F6C000E4
:103F6000C2F20040009040F201214FF40072019231
:103F70000023EDF7ADF80098019A783040F2022165
:103F80000123EDF7A5F80098019AF03040F20321E3
:103F90000223EDF79DF80098019A00F5B4704FF4F4
:103FA00001710323EDF794F802B080BD000000001A
:103FB00082B001900091019890ED000A90ED013AD5
:103FC00090ED021A90ED032A30EE030A31EE021A48
:103FD00030EE410A9FED1D1A20EE010A9FED1C2ACA
:103FE00080EE020A009880ED000A019890ED000A28
:103FF00090ED015A90ED023A90ED034A30EE450AF9
:1040000033EE443A30EE030A20EE010A80EE020A53
:10401000009880ED010A019890ED000A90ED014AA8
:1040200090ED023A90ED032A30EE040A30EE030AD6
:1040300030EE020A20EE010A9FED061A80EE010A18
:10404000009880ED020A009802B07047CDCCCC3DBC
:10405000810435406666E63F80B584B00020039059
:10406000029040F6C000C2F200400190416A40F662
:104070008C00C2F2004002AAFBF74AFC01982C30E7
:10408000FBF71AFE0198A430FBF716FE019800F525
:104090008E70FBF711FE019800F5CA70FBF70CFE5D
:1040A00004B080BD0000000081B000900099087845
:1040B000497801F0070140EA012040F24811C2F2BC
:1040C00000410880009A50789278C00802F03F02C0
:1040D00040EA42104880009A9078D378127980099B
:1040E00040EA830002F0010240EA82208880009AC0
:1040F00010795279400802F00F0240EAC210C880DD
:1041000000984079C0F30110087200984079800946
:104110004872009A9079D27940EA02204881009A48
:10412000107A527A40EA02208881009A907AD27AF4
:1041300040EA0220C8810098007B4882009A107CE7
:10414000527C40EA0220888201B0704700000000E3
:1041500080B582B001900198FFF7A6FF00F06CF8DF
:1041600001F066FCFFF7C0FEEDF71EFD02B080BD5A
:1041700081B0009040F28020C2F2004090ED000B30
:104180009FED0D1B30EE010BB7EEC00B009880EDDC
:10419000000A40F2F820C2F2004090ED000B9FEDC3
:1041A000081B30EE010BB7EEC00B009880ED020A41
:1041B00001B0704700BF00BF00000000000090C0C9
:1041C00000000080EB51004083B08DED010A4FF0FC
:1041D0007E500090019802909DED020AB1EEC00A57
:1041E0008DED020A9DED021A9DED000A80EE010A96
:1041F0008DED000A9DED000A03B07047000000003D
:1042000083B08DED010A4FF07E500090019802902E
:104210009DED020AB1EEC00A8DED020A9DED021A73
:104220009DED000A80EE010A8DED000A9DED000A69
:1042300003B070470000000080B582B040F2481023
:10424000C2F20040007A02281CD1FFE740F2481079
:10425000C2F20040407A022814D1FFE740F698717C
:10426000C2F200410020087040F60C00C2F200408B
:104270000068012100F0A0F940F6A821C2F2004137
:10428000086043E040F69870C2F200400078C00732
:1042900070B1FFE740F60C00C2F200400068032155
:1042A00000F08AF940F6A821C2F2004108602CE033
:1042B00040F69870C2F200400078C00720BBFFE7CC
:1042C00040F24810C2F20040007A022808D1FFE70D
:1042D00040F24810C2F20040407A022814D0FFE7B2
:1042E00040F69871C2F200410120087040F60C00BF
:1042F000C2F200400068032100F05EF940F6A821F8
:10430000C2F200410860FFE7FFE7FFE740F6B82090
:10431000C2F20040006801F0FBFC40F26021C2F2F2
:1043200000410191086040F60400C2F200400068BC
:1043300001F0EEFC0199486040F2FC70C2F20040CE
:10434000006801F0E5FC0199886040F2F870C2F263
:104350000040006801F0DCFC0199C86040F60800EC
:10436000C2F20040006801F0D3FC0199086140F6F8
:104370000C00C2F20040006801F0CAFC01994861DB
:1043800040F60000C2F20040006801F0C1FC019953
:10439000886102B080BD000080B582B0002001902D
:1043A000F2F762FDFCF74CFBFBF7DEFEFAF740F894
:1043B000F9F716FFF9F744FFF9F782FFFAF7BCF9AE
:1043C000FAF7FEF8FAF734F9FAF786F940F6F460EE
:1043D000C2F2004001F08CFB40F64440C2F20040C3
:1043E000EDF736FE40F6E440C2F20040EDF730FE55
:1043F00000F01EF8F9F7A4FF00F046F8FFE7FEE72B
:1044000080B582B00190F9F7F3F820B1FFE76FF0C3
:104410000500009009E000200090019820B1FFE71E
:10442000019801F0D1FEFFE7FFE7009802B080BDE0
:1044300080B582B0F9F7DCF820B1FFE76FF0050036
:1044400001901BE003F0E4F800900098012810D1DF
:10445000FFE740F25820C2F20040006848B9FFE789
:1044600040F25821C2F20041012008600020019072
:1044700003E04FF0FF300190FFE7FFE7019802B043
:1044800080BD00000000000080B582B0F9F7B0F8F0
:1044900020B1FFE76FF00500019020E003F0B8F8CD
:1044A00000900098012815D1FFE740F25820C2F291
:1044B0000040006801280DD1FFE7FCF78DF940F2BC
:1044C0005821C2F200410220086001F035FF0020AF
:1044D000019003E04FF0FF300190FFE7FFE7019804
:1044E00002B080BD0000000080B586B00590F9F7ED
:1044F0007FF820B1FFE76FF00500039034E09DF8EE
:1045000017000006002804D5FFE76FF003000390B2
:1045100029E003F071F8049004986A4602A911603A
:10452000002319461A4602F057FD012816D1FFE76D
:104530000298039005990298884302900498029A81
:104540006B4600211960032302F046FD012804D0C8
:10455000FFE74FF0FF300390FFE703E04FF0FF303D
:104560000390FFE7FFE7FFE7039806B080BD000078
:1045700080B584B0F9F73CF820B1FFE76FF0050093
:10458000029013E003F038F8039003986A4602A9FA
:104590001160002319461A4602F01EFD012804D0BE
:1045A000FFE74FF0FF300290FFE7FFE7029804B00B
:1045B00080BD00000000000080B58AB0099008911D
:1045C00009980790079830B1FFE79DF8230000068F
:1045D000002804D5FFE76FF00300069044E04FF099
:1045E000FF300690F9F704F850B3FFE7002104917B
:1045F00005910798089A6B460DF1140CC3F804C096
:104600001960012302F00CFE049B07986A46536070
:1046100006A9116019461A4602F002FEFFE7059846
:1046200060B1FFE74EF60451CEF200014FF080502A
:104630000860BFF34F8FBFF36F8FFFE7FFE712E014
:104640000798089A6B46002103911960012302F034
:10465000C3FC039B07986A4606A9116019461A46CF
:1046600002F0BAFCFFE7FFE706980AB080BD000041
:1046700080B58CB00B900A910992F8F7B9FF20B180
:10468000FFE76FF0050008907EE09DF82F00000620
:10469000002804D5FFE76FF00300089073E09DF851
:1046A00028008007002803D5FFE70020069002E0DD
:1046B0000B980690FFE7002008900998039002F0FD
:1046C000C3FF0590FFE7069A03986946086000213A
:1046D00007AB084602F004FF0290029801283FD180
:1046E000FFE70B9908980840089007990898084335
:1046F00008909DF82800C00780B1FFE70B99089843
:104700000840884201D1FFE73CE0099820B9FFE763
:104710006FF00200089035E0FFE70EE00B98089973
:10472000084201D0FFE72DE0099820B9FFE76FF0BC
:104730000200089026E0FFE7FFE702F085FF0599F9
:10474000401A049004980999884203D9FFE7002091
:10475000039004E009980499401A0390FFE70BE0E6
:10476000099820B9FFE76FF00200089003E06FF0AE
:1047700001000890FFE7FFE7FFE7029800287FF4B9
:10478000A2AFFFE7FFE7FFE708980CB080BD00008D
:10479000B0B58CB00A900991089200200590F8F706
:1047A00027FF002840F09980FFE70A98002800F0D2
:1047B0009480FFE780200690182004900020079046
:1047C0004FF0FF300390089800284DD0FFE708987D
:1047D000006820B1FFE7089800680790FFE7089895
:1047E000806920B1FFE7089880690490FFE704988A
:1047F00048B1FFE70498382805D8FFE70898007902
:10480000C00718B1FFE700200B9069E008984069E5
:1048100028B1FFE70898406980080690FFE70898EC
:10482000806880B1FFE70898C0685C280BD3FFE779
:104830000898006938B1FFE70898406918B1FFE7A8
:10484000012003900FE00898806858B9FFE70898A6
:10485000C06838B9FFE70898006918B9FFE7002079
:104860000390FFE7FFE702E000200390FFE70398D3
:10487000012817D1FFE70A980799069A099BDDF8E6
:1048800010C0DDF820E0DEF80850DEF81040EE46FB
:10489000CEF80850CEF80440CEF800C002F030FB4D
:1048A000059019E00398B0B9FFE70A980799BDF899
:1048B0001820099BDDF810C0EE4605ACCEF8044088
:1048C000CEF800C002F0C8FA012803D0FFE70020AC
:1048D0000590FFE7FFE7FFE7FFE705980B90FFE78D
:1048E0000B980CB0B0BD000080B586B00590049167
:1048F00045F66C10C2F200400068029041F2B00030
:10490000C2F200400068043001F0DEF908B9FFE7A8
:1049100000E0FFE70598013028BBFFE7049810B3DB
:10492000FFE7FFE745F64411C2F2004148680190F5
:10493000019A41F2B000C2F2004003689A60019A05
:1049400092680368DA6002680432019B9B685A60CF
:1049500002680432019B9A60006841610868013076
:104960000860FFE73DE0029805990844039003982A
:1049700041F2B001C2F2004109684860039802990F
:1049800088420ED2FFE741F2C000C2F20040006848
:1049900041F2B001C2F200410968043101F024FA89
:1049A0001EE041F2B800C2F20040006841F2B001DE
:1049B000C2F200410968043101F016FA039845F685
:1049C000D001C2F200410968884207D2FFE703988C
:1049D00045F6D001C2F20041086000E0FFE7FFE7C2
:1049E000FFE706B080BD000080B582B0019001F005
:1049F0003FFA45F2A811C2F2004108680130086090
:104A000041F2B000C2F20040006898B9FFE7019897
:104A100041F2B001C2F20041086045F2A810C2F2B2
:104A200000400068012803D1FFE700F039FB00E0F7
:104A3000FFE71CE045F63810C2F200400068A0B95C
:104A4000FFE741F2B000C2F200400068C06A01997D
:104A5000C96A884207D8FFE7019841F2B001C2F263
:104A60000041086000E0FFE700E0FFE7FFE745F2F4
:104A7000B410C2F200400168013101600068019980
:104A80004864FFE7FFE70198C06A45F2B811C2F237
:104A900000410968884208D9FFE70198C06A45F2D9
:104AA000B811C2F200410860FFE7FFE7FFE7019895
:104AB000C06A00EB800041F2C801C2F2004101EB84
:104AC0008000406800900098019A9060009880688B
:104AD000019AD06001980430009A92685060019861
:104AE0000430009A9060019AD06A00EB800001EBDC
:104AF000800050610198C06A00EB800251F82200EA
:104B0000013041F82200FFE7FFE701F0DDF945F64B
:104B10003810C2F200400068C8B1FFE741F2B000AF
:104B2000C2F200400068C06A0199C96A88420CD28A
:104B3000FFE74EF60451CEF200014FF080500860BE
:104B4000BFF34F8FBFF36F8F00E0FFE700E0FFE799
:104B500002B080BD0000000080B584B001F088F98B
:104B600045F67010C2F200400068002840D1FFE70F
:104B700045F67400C2F20040029001F015F945F6C6
:104B80008800C2F20040039001F00EF902990398E8
:104B900041F2B402C2F20042116041F2C401C2F219
:104BA0000041086069460020086040F6BC72C2F20D
:104BB000004241F25C03C2F200430A20102101F0DE
:104BC000EFFD014645F67010C2F20040016000683A
:104BD00060B1FFE745F67010C2F20040006849F688
:104BE000AE11C0F6010101F05FFA00E0FFE700E05E
:104BF000FFE701F069F904B080BD0000000000008B
:104C000080B582B0FFE745F2AC10C2F20040006808
:104C100008B3FFE701F02CF945F65810C2F2004046
:104C2000C068C06801900198043001F04DF845F269
:104C3000A811C2F2004108680138086045F2AC11C1
:104C4000C2F2004108680138086001F03DF901989E
:104C500000F092F8D7E702B080BD0000000000002D
:104C600080B582B0019000910198006CB8B1FFE767
:104C70000199C8680A6C1044C86001988168C068CE
:104C8000884204D3FFE701990868C86000E0FFE7A5
:104C90000098019AD168126CEBF71AFCFFE702B09A
:104CA00080BD00000000000080B586B00590049132
:104CB0000392002002900598806B01900598006C8B
:104CC00078B9FFE70598006848B9FFE7059880685C
:104CD00002F00AFE029005990020886000E0FFE7DC
:104CE00041E00398B8B9FFE7059A04995068126C3F
:104CF000EBF7EEFB059948680A6C1044486005998B
:104D000048688968884204D3FFE7059908684860C5
:104D100000E0FFE726E0059A0499D068126CEBF7F3
:104D2000D7FB0599C8680A6C801AC86005980168A5
:104D3000C068884206D2FFE7059988680A6C801A25
:104D4000C86000E0FFE70398022809D1FFE7019857
:104D500020B1FFE701980138019000E0FFE700E093
:104D6000FFE7FFE7FFE701980130059988630298A4
:104D700006B080BD0000000080B582B000900098B1
:104D800090F8590040B9FFE70098006B01F0C4F8B3
:104D9000009801F0C1F81CE0009890F85900012833
:104DA00004D1FFE7009801F0B7F811E0009890F8FF
:104DB000590002280BD0FFE74FF0500080F3118814
:104DC000BFF36F8FBFF34F8F0190FFE7FEE7FFE761
:104DD000FFE702B080BD000082B0019041F2B40054
:104DE000C2F2004000680068B0FA80F04009019902
:104DF00008600198006848B9FFE741F2B400C2F2C8
:104E000000400068C0680068009002E00020009048
:104E1000FFE7009802B0704784B04FF470500090E4
:104E200041F29C50C2F2004001909DF804004007FE
:104E300088B1FFE7019807300190019820F0070042
:104E40000190019A41F29C51C2F200410098891AE6
:104E500008440090FFE701980290029945F63C1043
:104E6000C2F200400160002141600298009A1044A3
:104E70000190019808380190019820F007000190F6
:104E8000019A41F2BC00C2F2004002600268516027
:104E900002681160029903910199039A891A51607D
:104EA0000068039908600398406845F6CC01C2F297
:104EB000004108600398406845F6C401C2F2004111
:104EC000086004B07047000080B582B00190FFE731
:104ED000FFF796FE41F2C800C2F2004000680228C7
:104EE0000CD3FFE74EF60451CEF200014FF0805094
:104EF0000860BFF34F8FBFF36F8F00E0FFE7E7E776
:104F000080B582B00190019868B1FFE70198002355
:104F10008360019803600198C360019819461A469E
:104F200001F026FD00E0FFE702B080BD00000000B8
:104F300080B584B0DDF818C00390029101928DF81D
:104F40000330029818B9FFE70698006003E0019863
:104F500006990860FFE703980699C86302980699C6
:104F600008640698012101F07FFC9DF80300069972
:104F700081F84C0004B080BD80B588B0DDF834C045
:104F8000DDF830C0DDF82CC0DDF828C005900491B4
:104F9000039202930C98006B03998900A522EBF70A
:104FA0000EFB0C98006B039900EB81000438019014
:104FB000019820F0070001909DF80400400758B1C7
:104FC000FFE74FF0500080F31188BFF36F8FBFF3FE
:104FD0004F8F0790FFE7FEE70498F8B1FFE7002046
:104FE0000090FFE700980F2813D8FFE70498009A75
:104FF000805C0C99114481F8340004980099405C5D
:1050000008B9FFE705E0FFE7FFE7009801300090EF
:10501000E8E70C99002081F8430000E0FFE70A98D8
:1050200038280BD3FFE74FF0500080F31188BFF30F
:105030006F8FBFF34F8F0690FFE7FEE70A9838287F
:1050400003D3FFE737200A9000E0FFE70A980C99A6
:10505000C8620A980C99C8640C98043000F0BCFE31
:105060000C98183000F0B8FE0C9800610A98C0F156
:1050700038000C9988610C98406201980599029A51
:1050800000F0A6FC0C9908600B9820B1FFE70C9883
:105090000B99086000E0FFE708B080BD0000000049
:1050A00080B584B000200390FFE70398372810D81C
:1050B000FFE7039800EB800141F2C800C2F2004014
:1050C00000EB810000F070FEFFE7039801300390D1
:1050D000EBE745F69C00C2F20040019000F064FE50
:1050E00045F6B000C2F20040029000F05DFE45F6C9
:1050F000E400C2F2004000F057FE45F65810C2F23C
:10510000004000F051FE45F64410C2F2004000F0AD
:105110004BFE0199029841F2B802C2F200421160BE
:1051200041F2C001C2F20041086004B080BD00003D
:1051300083B0029045F63C10C2F200400190FFE7B8
:10514000019800680299884205D2FFE7FFE70198BD
:1051500000680190F4E7019800900098019949686F
:1051600008440299884209D1FFE7029842680199F0
:105170004868104448600198029000E0FFE70298F8
:10518000009000980299496808440199096888428A
:1051900020D1FFE70198006841F2BC01C2F2004152
:1051A000096888420DD0FFE70198006842680299BB
:1051B00048681044486001980068006802990860D7
:1051C00007E041F2BC00C2F20040006802990860AA
:1051D000FFE704E00198006802990860FFE7019882
:1051E0000299884204D0FFE702980199086000E024
:1051F000FFE703B07047000080B586B005900491CA
:105200000392029300200190049805994860059844
:10521000006104980399884216D8FFE70398029921
:10522000401A05998969884203D3FFE7012001905C
:1052300009E041F2C400C2F200400068059904315F
:1052400000F0D2FDFFE717E003980299884208D2E8
:10525000FFE704980299884203D3FFE701200190F9
:1052600009E041F2B400C2F200400068059904313F
:1052700000F0BAFDFFE7FFE7019806B080BD00002F
:1052800080B582B0019000F0F3FD0198806B18B9F1
:10529000FFE70120009002E000200090FFE700F00F
:1052A00013FE009802B080BD80B582B0019000F07E
:1052B000DFFD0198806B0199C96B884203D1FFE73C
:1052C0000120009002E000200090FFE700F0FCFDCC
:1052D000009802B080BD000008480068006880F3B4
:1052E00008884FF0000080F3148862B661B6BFF3FF
:1052F0004F8FBFF36F8F00DF00BF000008ED00E0AD
:1053000080B584B00390029141F2B400C2F2004033
:105310000068C068C06801900198043000F0D4FCB7
:10532000019890F828004007002806D5FFE701986B
:105330000399029A00F020F907E0019991F82800FA
:1053400000F0FE0081F82800FFE70198016A884715
:1053500004B080BD0000000080B58CB0FFE745F6CA
:105360007010C2F20040006806A9002201F018FC8B
:10537000002800F0AF80FFE70698B0F1FF3F17DC90
:10538000FFE706A804300290029858B9FFE74FF0F3
:10539000500080F31188BFF36F8FBFF34F8F0B90D6
:1053A000FFE7FEE702990A6848688968904700E0CD
:1053B000FFE70698002800F18C80FFE70898059029
:1053C0000598406928B1FFE70598043000F07CFC9F
:1053D00000E0FFE704A800F00BF9039006980138FD
:1053E00001460191082800F272800199DFE801F07E
:1053F0000505323A5B0505323A00059991F8280017
:1054000040F0010081F828000598079B8169194444
:10541000039AFFF7F1FED8B1FFE7059890F828004E
:105420004007002808D5FFE70598079982691144CD
:10543000039A00F0A1F807E0059991F8280000F020
:10544000FE0081F82800FFE70598016A884700E020
:10545000FFE73DE0059991F8280000F0FE0081F893
:10546000280035E0059991F8280040F0010081F806
:1054700028000798059988610598806958B9FFE761
:105480004FF0500080F31188BFF36F8FBFF34F8F41
:105490000A90FFE7FEE70598039B816919441A46C5
:1054A000FFF7AAFE14E0059890F82800800700286E
:1054B00004D4FFE7059800F02FFD07E0059991F867
:1054C000280000F0FE0081F82800FFE700E0FFE779
:1054D000FFE744E70CB080BD80B584B00390029133
:1054E00000F09EFF684600F083F801900098D8BB5A
:1054F000FFE7029860B9FFE703980199884207D84F
:10550000FFE702F069FB03980199FFF7F9FE2AE033
:10551000029858B1FFE741F2C400C2F200400068AF
:105520000068B0FA80F040090290FFE745F670107D
:10553000C2F2004000680399019A891A029A00F0A9
:105540000FFE02F049FB60B9FFE74EF60451CEF2C0
:1055500000014FF080500860BFF34F8FBFF36F8F93
:1055600000E0FFE7FFE702E002F036FBFFE704B0F0
:1055700080BD00000000000080B584B0039002915F
:105580000192FFE70398029B81691944019AFFF792
:1055900033FE48B1FFE703988169029808440290FE
:1055A0000398016A8847EDE704B080BD0000000061
:1055B00041F2B800C2F200400068006840B9FFE75D
:1055C00045F6D001C2F200414FF0FF3008600CE018
:1055D00041F2B800C2F200400068C068006845F6B9
:1055E000D001C2F200410860FFE7704700000000F0
:1055F00080B582B0019002F027F80090009841F247
:10560000AC01C2F200410968884206D2FFE700F00F
:1056100013F801990120086003E001990020086057
:10562000FFE7009841F2AC01C2F200410860009827
:1056300002B080BD0000000080B582B0FFE741F2FB
:10564000B400C2F200400068006870B1FFE741F2A8
:10565000B400C2F200400068C06800680190019880
:105660004FF0FF31FFF74CFEE9E741F2B402C2F21E
:1056700000421068009041F2C401C2F20041086883
:1056800010600098086002B080BD000000000000BB
:1056900082B0019000200090FFE701980078A528D3
:1056A00007D1FFE701980130019000980130009088
:1056B000F3E7009880080090BDF8000002B0704742
:1056C00083B00020009040F2B400C2F200400068B5
:1056D000013058B1FFE74FF0500080F31188BFF35D
:1056E0006F8FBFF34F8F0290FFE7FEE74FF0500040
:1056F00080F31188BFF36F8FBFF34F8F0190FFE7E7
:10570000009808B9FFE7FBE703B07047000000000E
:1057100080B584B00390FFE701A8FFF75DFB02901E
:1057200002980199FFF7D8FEFFF716FEF4E7000094
:1057300080B582B0019000F09BFB019890F8450085
:105740008DF80300FFE79DF90300012816DBFFE752
:105750000198406A58B1FFE70198243002F064F9DB
:1057600018B1FFE700F07CFD00E0FFE700E005E096
:105770009DF8030001388DF80300E4E70199FF204C
:1057800081F8450000F0A0FB00F072FB019890F852
:1057900044008DF80200FFE79DF90200012816DBA6
:1057A000FFE70198006980B1FFE70198103002F02F
:1057B0003BF918B1FFE700F053FD00E0FFE79DF86B
:1057C000020001388DF8020000E000E0E4E70199F2
:1057D000FF2081F8440000F077FB02B080BD00009C
:1057E00080B58AB007900020039000F019FE41F2C6
:1057F000BC00C2F20040006818B9FFE7FFF70CFBDD
:1058000000E0FFE7079840B3FFE7079810F1090FA2
:105810001FD8FFE70798083007909DF81C00400745
:10582000A8B1FFE7079800F00700C0F10800029058
:1058300007980299C943884205D8FFE7029907985B
:105840000844079002E000200790FFE700E0FFE730
:1058500002E000200790FFE700E0FFE79DF81F004F
:105860000006002800F19D80FFE70798002800F05F
:105870009680FFE7079845F6C401C2F20041096827
:10588000884200F28C80FFE745F63C10C2F20040EF
:10589000059000680690FFE706984168079A002087
:1058A0009142019007D2FFE706980068002818BFD0
:1058B00001200190FFE70198C00730B1FFE706988B
:1058C0000590069800680690E6E7069841F2BC014C
:1058D000C2F20041096888425FD0FFE7059800687E
:1058E000083003900698006805990860069840689B
:1058F0000799401A112821D3FFE706980799084411
:1059000004909DF81000400758B1FFE74FF0500099
:1059100080F31188BFF36F8FBFF34F8F0990FFE7BC
:10592000FEE7069840680799401A0499486007986E
:10593000069948600498FFF7FBFB00E0FFE7069834
:10594000426845F6C400C2F200400168891A01604D
:10595000006845F6CC01C2F20041096888420BD2CA
:10596000FFE745F6C400C2F20040006845F6CC01EE
:10597000C2F20041086000E0FFE70699486840F085
:105980000040486006990020086045F6D801C2F240
:10599000004108680130086000E0FFE700E0FFE731
:1059A00000E0FFE702F018F99DF80C00400758B13D
:1059B000FFE74FF0500080F31188BFF36F8FBFF304
:1059C0004F8F0890FFE7FEE703980AB080BD000004
:1059D00083B00290019100920298043802900299DB
:1059E0004FF080700860029804380290019820F00F
:1059F000010002990860029804380290029945F269
:105A0000C160C0F601000860029814380290009846
:105A10000299086002980438029002996FF002001F
:105A20000860029820380290029803B07047000086
:105A3000704700000000000080B586B005908DF82A
:105A400013109DF81300C00700284DD0FFE79DF804
:105A50001400C006002823D5FFE740F60400C2F278
:105A60000040006812210291FEF7A6FD029940F263
:105A7000FC70C2F200400068FEF79EFD40F2F87034
:105A8000C2F20040006802210391FEF795FD0399E0
:105A900040F60800C2F200400068FEF78DFD22E0EB
:105AA00040F60400C2F20040006822210091FEF797
:105AB00083FD009940F2FC70C2F200400068FEF7DE
:105AC0007BFD40F2F870C2F20040006802210191B3
:105AD000FEF772FD019940F60800C2F2004000682E
:105AE000FEF76AFDFFE700E0FFE706B080BD0000BB
:105AF00080B582B00190019840F20001C3F6000128
:105B00003222F5F7D1FC40F6CC30C2F200400068FA
:105B10001021C4F20201884200F0B280FFE740F693
:105B2000CC30C2F2004000682821C4F20201884251
:105B300000F0A680FFE740F6CC30C2F200400068DB
:105B40004021C4F20201884200F09A80FFE740F64B
:105B5000CC30C2F2004000685821C4F202018842F1
:105B600000F08E80FFE740F6CC30C2F200400068C3
:105B70007021C4F20201884200F08280FFE740F603
:105B8000CC30C2F2004000688821C4F20201884291
:105B900076D0FFE740F6CC30C2F200400068A0218A
:105BA000C4F2020188426BD0FFE740F6CC30C2F26B
:105BB00000400068B821C4F20201884260D0FFE7CB
:105BC00040F6CC30C2F20040006840F21041C4F20E
:105BD0000201884254D0FFE740F6CC30C2F20040C8
:105BE000006840F22841C4F20201884248D0FFE731
:105BF00040F6CC30C2F20040006840F24041C4F2AE
:105C0000020188423CD0FFE740F6CC30C2F20040AF
:105C1000006840F25841C4F20201884230D0FFE7E8
:105C200040F6CC30C2F20040006840F27041C4F24D
:105C30000201884224D0FFE740F6CC30C2F2004097
:105C4000006840F28841C4F20201884218D0FFE7A0
:105C500040F6CC30C2F20040006840F2A041C4F2ED
:105C6000020188420CD0FFE740F6CC30C2F200407F
:105C7000006840F2B841C4F2020188420AD1FFE74D
:105C800040F6CC30C2F200400168086820F00800FD
:105C9000086009E040F6CC30C2F2004001680868B4
:105CA00020F004000860FFE7FAF776FC02B080BD40
:105CB00080B582B00190002000900198FFF790FD20
:105CC0000090009802B080BD82B0019001980069F8
:105CD00000900198416880688860019948688968E7
:105CE0004860009840680199884205D1FFE7019813
:105CF00080680099486000E0FFE701990020086192
:105D000000990868013808600098006802B0704780
:105D100080B586B00590059838B9FFE741F2B0002C
:105D2000C2F200400068019002E005980190FFE790
:105D3000019804900498006B03900398FFF7A8FC67
:105D40000290029806B080BD83B00290019100924B
:105D5000029945F2BC30C2F200400860019945F258
:105D6000BC10C2F20040086000998020086003B0B7
:105D7000704700000000000083B002900191009283
:105D8000029945F61800C2F200400860019945F2F8
:105D90001840C2F20040086000994FF4807008601B
:105DA00003B070470000000081B00090009901F13D
:105DB0000800486000994FF0FF308860009901F1B9
:105DC0000800C860009901F10800086100990020EE
:105DD000086001B07047000081B000900099002079
:105DE000086101B07047000084B0039002910298EE
:105DF000006800900098013020B9FFE7039800691F
:105E0000019010E0039808300190FFE70198406886
:105E100000680099884205D8FFE7FFE701984068CD
:105E20000190F3E7FFE70198406802994860029803
:105E300041688860019802998860029801994860D9
:105E4000039802990861039908680130086004B05A
:105E50007047000000000000DFF80C00016841F40A
:105E6000700101607047000088ED00E00000000054
:105E700082B04FF0500080F31188BFF36F8FBFF3F3
:105E80004F8F019040F2B400C2F20040016801312E
:105E900001600068012814D1FFE74EF60450CEF2ED
:105EA00000000068000658B1FFE74FF0500080F393
:105EB0001188BFF36F8FBFF34F8F0090FFE7FEE7AE
:105EC000FFE702B07047000082B040F2B400C2F2B7
:105ED0000040006858B9FFE74FF0500080F3118888
:105EE000BFF36F8FBFF34F8F0090FFE7FEE740F2E5
:105EF000B400C2F20040016801390160006830B9A5
:105F0000FFE700200190019880F31188FFE702B0BD
:105F1000704700000000000080B586B00390039831
:105F200002900398002852D0FFE7029808380290A8
:105F3000029801900198C1790020B0EBD11F0BD1DC
:105F4000FFE74FF0500080F31188BFF36F8FBFF36E
:105F50004F8F0590FFE7FEE70198006858B1FFE713
:105F60004FF0500080F31188BFF36F8FBFF34F8F56
:105F70000490FFE7FEE70198C1790020B0EBD11F44
:105F800023D0FFE701980068E8B9FFE70199486866
:105F900020F00040486000F043FA0198426845F65E
:105FA000C401C2F200410868104408600198FFF77C
:105FB000BFF845F6DC01C2F2004108680130086014
:105FC00001F00AFE00E0FFE700E0FFE7FFE706B0B0
:105FD00080BD0000000000004EF21001CEF2000172
:105FE000002008604EF21802CEF20002106040F26B
:105FF0009800C2F20040006844F6D352C1F2620237
:10600000A0FB02024FF0FF3000EB92104EF21402A0
:10601000CEF2000210600720086070470000000008
:1060200084B0EFF305800190019810281ED3FFE79C
:1060300001984EF2F031CEF20001405C8DF8030081
:106040009DF8030045F29C11C2F200410978884294
:106050000BDAFFE74FF0500080F31188BFF36F8F2A
:10606000BFF34F8F0390FFE7FEE7FFE74EF60C50BC
:10607000CEF20000006800F4E06045F2A011C2F228
:106080000041096888420BD9FFE74FF0500080F3C8
:106090001188BFF36F8FBFF34F8F0290FFE7FEE7CA
:1060A00004B070470000000085B00390029100200A
:1060B0000090039858B9FFE74FF0500080F3118823
:1060C000BFF36F8FBFF34F8F0490FFE7FEE7029897
:1060D000C8B3FFE700200190FFE70198072831D8F7
:1060E000FFE70398019A45F6F801C2F2004101EB7F
:1060F000C2014968884209D1FFE7019945F6F800D5
:10610000C2F2004000EBC10000901BE0009890B983
:10611000FFE7019945F6F800C2F2004050F831005F
:1061200048B9FFE7019945F6F800C2F2004000EBDC
:10613000C100009000E0FFE7FFE7FFE701980130B2
:106140000190CAE7FFE7009838B1FFE7029800998D
:106150000860039800994860FFE705B070470000A9
:1061600080B584B003900291019203980090FFF7EC
:106170007FFE009890F94400013028B9FFE70099AC
:10618000002081F84400FFE7009890F945000130B5
:1061900028B9FFE70099002081F84500FFE7FFF7E5
:1061A00093FE0098806B38B9FFE70098243002997D
:1061B000019A00F081F800E0FFE70098FFF7B8FAD5
:1061C00004B080BD0000000080B584B002900020C3
:1061D00001900298E0B1FFE745F2B010C2F2004032
:1061E000006858B1FFE74FF0500080F31188BFF30B
:1061F0006F8FBFF34F8F0390FFE7FEE700F010F9BA
:1062000002980021FEF770FB01F0E6FC019000E02F
:10621000FFE7019860B9FFE74EF60451CEF20001A6
:106220004FF080500860BFF34F8FBFF36F8F00E0D7
:10623000FFE704B080BD000081B0009045F6D400B7
:10624000C2F2004000680099086045F66C10C2F286
:10625000004000680099486001B0704700000000ED
:1062600045F67811C2F20041012008607047000035
:1062700080B584B002900191029858B9FFE74FF0C1
:10628000500080F31188BFF36F8FBFF34F8F0390DF
:10629000FFE7FEE7029841F2B001C2F2004109684F
:1062A0001831FFF7A1FD01980121FEF71DFB04B095
:1062B00080BD00000000000080B586B0049003910E
:1062C0000292049858B9FFE74FF0500080F311880C
:1062D000BFF36F8FBFF34F8F0590FFE7FEE7FFE738
:1062E000049840680190019841F2B001C2F2004167
:1062F0000A68D061019880680A68106208681830DE
:10630000019A9268506008681830019A9060049869
:10631000096888620499086801300860FFE70298FC
:1063200020B1FFE74FF0FF300390FFE70398029999
:10633000FEF7DAFA06B080BD80B58AB0002003907F
:106340000690059006A805A904AAFFF7FDFC039B8B
:10635000049A0599DDF818C06846C0F808C0416085
:10636000036044F6C960C0F6010049F6A911C0F601
:10637000010100F0C5FD014645F6C800C2F200402B
:106380000160006818B1FFE70120079002E00020DB
:106390000790FFE70798012804D1FFE701F040FDCF
:1063A000079000E0FFE7079801281FD1FFE74FF0B3
:1063B000500080F31188BFF36F8FBFF34F8F0990A8
:1063C00045F6D001C2F200414FF0FF30086045F6BB
:1063D0003811C2F200410120086045F66C11C2F28A
:1063E00000410020086000F08BF80FE007980130B2
:1063F00058B9FFE74FF0500080F31188BFF36F8F5B
:10640000BFF34F8F0890FFE7FEE7FFE749F6BC10A8
:10641000C0F6010000680AB080BD00000000000066
:1064200045F2B011C2F200410868013008607047BF
:1064300083B045F2B010C2F20040006838B1FFE707
:1064400045F67811C2F200410120086054E045F69B
:106450007811C2F2004100200860FFE745F2B81051
:10646000C2F2004000680190FFE7019800EB800154
:1064700041F2C800C2F2004050F8210090B9FFE795
:10648000019858B9FFE74FF0500080F31188BFF32F
:106490006F8FBFF34F8F0290FFE7FEE7019801383F
:1064A0000190E2E7FFE7019800EB800141F2C800AC
:1064B000C2F2004000EB81000090009948684068FB
:1064C0004860009948680831884204D1FFE7009984
:1064D000C8684860FFE700984068C06841F2B001B2
:1064E000C2F200410860FFE7019845F2B811C2F21C
:1064F00000410860FFE7FFE703B0704700000000BD
:1065000080B58AB04EF60050CEF2000000684CF222
:106510007121C4F20F1188420BD1FFE74FF05000F8
:1065200080F31188BFF36F8FBFF34F8F0990FFE7A0
:10653000FEE74EF60050CEF2000000684CF27021EB
:10654000C4F20F1188420BD1FFE74FF0500080F3E7
:106550001188BFF36F8FBFF34F8F0890FFE7FEE7FF
:10656000002004904EF20040CEF20000039001782B
:106570008DF81710FF21017000788DF80B009DF841
:106580000B0000F0500145F29C10C2F20040017077
:10659000007858B9FFE74FF0500080F31188BFF33F
:1065A0006F8FBFF34F8F0790FFE7FEE79DF80B005B
:1065B000C04310F0500F0BD0FFE74FF0500080F3B6
:1065C0001188BFF36F8FBFF34F8F0690FFE7FEE791
:1065D000FFE79DF80B000006002809D5FFE70498A7
:1065E000013004909DF80B0040008DF80B00F0E79F
:1065F0000498082807D1FFE745F2A011C2F2004134
:106600000020086008E00498C0F1070045F2A011DE
:10661000C2F200410860FFE745F2A011C2F200415A
:10662000086800020860086800F4E06008609DF8EF
:1066300017004EF20041CEF2000108704EF62051D4
:10664000CEF20001086840F47F000860086840F05E
:106650007F400860FFF7C0FC40F2B401C2F2004185
:10666000002001900860FFF7F7FB4EF63471CEF280
:106670000001086840F040400860FEF72DFEFFF77B
:10668000D7FEFFF71DF801980AB080BD000000009A
:1066900080B582B04FF0500080F31188BFF36F8F48
:1066A000BFF34F8F009000F0DBFF40B1FFE74EF6E5
:1066B0000451CEF200014FF080500860FFE7002047
:1066C0000190019880F3118802B080BD00000000A5
:1066D00080B584B08DF80F00012001900021009159
:1066E0009DF80F2000F008F802900298FEF708FCD1
:1066F000029804B080BD000080B588B00690059176
:106700008DF81320002003900698A0B3FFE70699A8
:106710004FF0FF30B0FBF1F0059988422BD3FFE733
:1067200006980599484310F1510F24D8FFE70698C1
:1067300005994843029002985030FFF751F80390B2
:106740000398B0B1FFE70398019001985030019091
:106750000399002081F8460006980599019A9DF852
:106760001330DDF80CC0EE46CEF800C0FEF7E0FBBB
:1067700000E0FFE70EE0039858B9FFE74FF0500044
:1067800080F31188BFF36F8FBFF34F8F0790FFE740
:10679000FEE7FFE7039808B080BD0000000000009E
:1067A00080B58CB084460E98CDF820C00791069233
:1067B00005938DF8130000200390059858B9FFE762
:1067C0004FF0500080F31188BFF36F8FBFF34F8FEE
:1067D0000B90FFE7FEE70898A0B3FFE7059888B3A2
:1067E000FFE7069818B1FFE7079858B3FFE7069848
:1067F00018B9FFE7079828BBFFE7502002900298DE
:1068000050280BD0FFE74FF0500080F31188BFF302
:106810006F8FBFF34F8F0A90FFE7FEE7029805984E
:1068200003900399012081F8460008980799069A79
:106830009DF81330DDF80CC0EE46CEF800C0FEF730
:1068400077FB0EE0039858B9FFE74FF0500080F354
:106850001188BFF36F8FBFF34F8F0990FFE7FEE7FB
:10686000FFE703980CB080BD80B586B0039002911D
:106870000120019003980090009858B9FFE74FF06D
:10688000500080F31188BFF36F8FBFF34F8F0590D7
:10689000FFE7FEE70098002856D0FFE70098C06B9E
:1068A000002851D0FFE70098C26B016C4FF0FF3019
:1068B000B0FBF2F0884247D3FFE7FFF7D9FA00991F
:1068C0000B68C86B0A6C00FB0230886000990020DE
:1068D000886300990868486000990B68C86B0A6C67
:1068E000013800FB0230C8600099FF2081F84400A5
:1068F000009981F845000298D0B9FFE70098006937
:10690000A0B1FFE70098103001F08EF860B1FFE70A
:106910004EF60451CEF200014FF080500860BFF3F4
:106920004F8FBFF36F8F00E0FFE700E0FFE708E065
:1069300000981030FFF738FA00982430FFF734FA47
:10694000FFE7FFF7C1FA02E000200190FFE701989E
:1069500058B9FFE74FF0500080F31188BFF36F8FF5
:10696000BFF34F8F0490FFE7FEE7019806B080BDAC
:1069700080B592B00C900B910A9209930020089078
:106980000C980490049858B9FFE74FF0500080F33A
:106990001188BFF36F8FBFF34F8F1190FFE7FEE7B2
:1069A0000B990020039039B9FFE70498006C002888
:1069B00018BF01200390FFE70398C00758B1FFE715
:1069C0004FF0500080F31188BFF36F8FBFF34F8FEC
:1069D0001090FFE7FEE7099900200229029007D1F5
:1069E000FFE70498C06B013818BF01200290FFE751
:1069F0000298C00758B1FFE74FF0500080F31188AC
:106A0000BFF36F8FBFF34F8F0F90FFE7FEE700F0EC
:106A1000FFFD01460020019031B9FFE70A980028E8
:106A200018BF01200190FFE70198C00758B1FFE7A8
:106A30004FF0500080F31188BFF36F8FBFF34F8F7B
:106A40000E90FFE7FEE7FFE7FFF712FA0498806B6E
:106A50000499C96B884204D3FFE70998022834D10E
:106A6000FFE704980B99099AFEF71EF9079004981E
:106A7000406AA0B1FFE70498243000F0D5FF60B170
:106A8000FFE74EF60451CEF200014FF0805008604F
:106A9000BFF34F8FBFF36F8F00E0FFE710E0079861
:106AA00060B1FFE74EF60451CEF200014FF0805086
:106AB0000860BFF34F8FBFF36F8F00E0FFE7FFE782
:106AC000FFF702FA01200D9065E00A9828B9FFE768
:106AD000FFF7FAF900200D905DE0089830B9FFE764
:106AE00005A8FFF7A9FB0120089000E0FFE7FFE7FA
:106AF000FFE7FFF7E9F9FFF793FCFFF7B9F904980F
:106B000090F94400013028B9FFE70499002081F88A
:106B10004400FFE7049890F94500013028B9FFE7E9
:106B20000499002081F84500FFE7FFF7CDF905A89B
:106B30000AA900F025F928BBFFE70498FEF7B4FB8B
:106B4000C8B1FFE7049810300A99FFF791FB049849
:106B5000FEF7EEFD01F040F860B9FFE74EF6045194
:106B6000CEF200014FF080500860BFF34F8FBFF3AB
:106B70006F8FFFE705E00498FEF7DAFD01F02CF8CF
:106B8000FFE707E00498FEF7D3FD01F025F80020A9
:106B90000D9000E058E70D9812B080BD0000000095
:106BA00080B58EB009900891079200200690099850
:106BB0000390039858B9FFE74FF0500080F3118815
:106BC000BFF36F8FBFF34F8F0D90FFE7FEE708997C
:106BD0000020019039B9FFE70398006C002818BF26
:106BE00001200190FFE70198C00758B1FFE74FF07F
:106BF000500080F31188BFF36F8FBFF34F8F0C905D
:106C0000FFE7FEE700F004FD01460020009031B9E7
:106C1000FFE70798002818BF01200090FFE70098C1
:106C2000C00758B1FFE74FF0500080F31188BFF361
:106C30006F8FBFF34F8F0B90FFE7FEE7FFE7FFF784
:106C400017F90398806B0290029830B3FFE703981E
:106C50000899FEF705F802980138039988630398AC
:106C60000069A0B1FFE70398103000F0DDFE60B1CD
:106C7000FFE74EF60451CEF200014FF0805008605D
:106C8000BFF34F8FBFF36F8F00E0FFE700E0FFE738
:106C9000FFF71AF901200A906DE0079828B9FFE77D
:106CA000FFF712F900200A9065E0069830B9FFE777
:106CB00004A8FFF7C1FA0120069000E0FFE7FFE714
:106CC000FFE7FFF701F9FFF7ABFBFFF7D1F80398F8
:106CD00090F94400013028B9FFE70399002081F8BA
:106CE0004400FFE7039890F94500013028B9FFE719
:106CF0000399002081F84500FFE7FFF7E5F804A8B5
:106D000007A900F03DF830BBFFE70398FEF7B8FA9B
:106D1000D0B1FFE7039824300799FFF7A9FA039849
:106D2000FEF706FD00F058FF60B9FFE74EF604518C
:106D3000CEF200014FF080500860BFF34F8FBFF3D9
:106D40006F8F00E0FFE705E00398FEF7F1FC00F02D
:106D500043FFFFE70EE00398FEF7EAFC00F03CFF7C
:106D60000398FEF78DFA18B1FFE700200A9002E0C1
:106D7000FFE7FFE763E70A980EB080BD0000000060
:106D800080B588B005900491059858B9FFE74FF099
:106D9000500080F31188BFF36F8FBFF34F8F0790C0
:106DA000FFE7FEE7049858B9FFE74FF0500080F383
:106DB0001188BFF36F8FBFF34F8F0690FFE7FEE799
:106DC000FFF756F845F66C10C2F2004000680290DA
:106DD000029805994968401A0190049800680130AA
:106DE00018B9FFE7002003902EE045F6D400C2F268
:106DF000004000680599096888420CD0FFE70298B6
:106E000005994968884206D3FFE701200390049959
:106E10000020086017E001980499096888420BD2A5
:106E2000FFE7019A04990868801A08600598FFF73F
:106E300003FA0020039005E0049900200860012077
:106E40000390FFE7FFE7FFE7FFF73EF8039808B07E
:106E500080BD00000000000070B58CB0DDF844C0BB
:106E6000DDF840C00B900A91ADF826200893BDF8DC
:106E700026008000FEF7B4FC05900598A0B1FFE75E
:106E80005C20FEF7ADFC0790079840B1FFE707983C
:106E90005C21E9F79CFB05980799086303E00598D6
:106EA000FFF73AF8FFE702E000200790FFE70798B6
:106EB000F0B1FFE70798002680F859600B980A990F
:106EC000BDF82620089BDDF840C0119C079DEE46CA
:106ED000CEF80C60CEF80850CEF80440CEF800C0D2
:106EE000FEF74AF80798FDF77FFD0120069003E0C2
:106EF0004FF0FF300690FFE706980CB070BD000021
:106F0000B0B58EB0DDF850C0DDF84CC0DDF848C03B
:106F10000A90099108920793139858B9FFE74FF028
:106F2000500080F31188BFF36F8FBFF34F8F0D9028
:106F3000FFE7FEE7149858B9FFE74FF0500080F3E1
:106F40001188BFF36F8FBFF34F8F0C90FFE7FEE701
:106F50005C20049004985C280BD0FFE74FF05000B1
:106F600080F31188BFF36F8FBFF34F8F0B90FFE754
:106F7000FEE70498149840B3FFE7139828B3FFE79F
:106F80001498069006985C21E9F721FB139806995E
:106F900008630699022081F859000A980999089A0D
:106FA000079BDDF848C0069CEE460025CEF80C5045
:106FB000CEF8084005ACCEF80440CEF800C0FDF78E
:106FC000DBFF0698FDF710FD02E000200590FFE7CB
:106FD00005980EB0B0BD000080B58EB0DDF840C0A1
:106FE0000990089107928DF81B30012004900898B1
:106FF00058B1FFE74FF0500080F31188BFF36F8F57
:10700000BFF34F8F0D90FFE7FEE7099858B9FFE7F0
:107010004FF0500080F31188BFF36F8FBFF34F8F95
:107020000C90FFE7FEE709980590FEF721FF109806
:1070300040B1FFE70598089900EB8100406D109979
:107040000860FFE705980899084490F858008DF803
:107050000F00059808990144022081F858009DF816
:107060001B000146009104282ED80099DFE801F0AA
:107070002B030C141B00079A0598089900EB81015B
:10708000486D1043486532E00598089900EB81018E
:10709000486D013048652AE007980599089A01EB88
:1070A0008201486523E09DF80F00022807D0FFE722
:1070B00007980599089A01EB8201486502E00020D3
:1070C0000490FFE713E012E045F66C10C2F20040B6
:1070D000006858B1FFE74FF0500080F31188BFF30C
:1070E0006F8FBFF34F8F0B90FFE7FEE7FFE79DF831
:1070F0000F00012840F08D80FFE7FFE70598406909
:10710000029005988168C068886005998868C96898
:1071100048600298406805990431884205D1FFE72C
:107120000598C06802994860FFE70599002048610A
:107130000299086801380860FFE7FFE7FFE7059854
:10714000C06A45F2B811C2F200410968884208D904
:10715000FFE70598C06A45F2B811C2F20041086025
:10716000FFE7FFE7FFE70598C06A00EB800041F208
:10717000C801C2F2004101EB800040680190019813
:10718000059A906001988068059AD060059804304F
:10719000019A9268506005980430019A9060059AAF
:1071A000D06A00EB800001EB800050610598C06A56
:1071B00000EB800251F82200013041F82200FFE785
:1071C000FFE70598806A58B1FFE74FF0500080F361
:1071D0001188BFF36F8FBFF34F8F0A90FFE7FEE771
:1071E0000598C06A41F2B001C2F200410968C96A5B
:1071F00088420CD9FFE74EF60451CEF200014FF061
:1072000080500860BFF34F8FBFF36F8F00E0FFE740
:1072100000E0FFE7FEF758FE04980EB080BD0000C6
:1072200080B594B0DDF85CC0DDF858C00C900B91CF
:107230000A928DF82730012006900C9858B9FFE784
:107240004FF0500080F31188BFF36F8FBFF34F8F63
:107250001090FFE7FEE70B9858B1FFE74FF05000A2
:1072600080F31188BFF36F8FBFF34F8F0F90FFE74D
:10727000FEE7FEF7D5FE0C980890EFF311814FF072
:10728000500080F31188BFF36F8FBFF34F8F1291BF
:10729000119012980590169840B1FFE708980B9945
:1072A00000EB8100406D16990860FFE708980B9984
:1072B000084490F858008DF81F0008980B99014475
:1072C000022081F858009DF827000146019104280A
:1072D0002ED80199DFE801F02B030C141B000A9A49
:1072E00008980B9900EB8101486D1043486532E026
:1072F00008980B9900EB8101486D013048652AE040
:107300000A9808990B9A01EB8201486523E09DF8E1
:107310001F00022807D0FFE70A9808990B9A01EB93
:107320008201486502E000200690FFE713E012E0CA
:1073300045F66C10C2F20040006858B1FFE74FF00C
:10734000500080F31188BFF36F8FBFF34F8F0E9003
:10735000FFE7FEE7FFE79DF81F00012840F0B68039
:10736000FFE70898806A58B1FFE74FF0500080F3BC
:107370001188BFF36F8FBFF34F8F0D90FFE7FEE7CC
:1073800045F2B010C2F200400068002865D1FFE766
:10739000FFE708984069049008988168C068886091
:1073A00008998868C9684860049840680899043159
:1073B000884205D1FFE70898C06804994860FFE754
:1073C0000899002048610499086801380860FFE7BF
:1073D000FFE7FFE70898C06A45F2B811C2F2004122
:1073E0000968884208D9FFE70898C06A45F2B811D1
:1073F000C2F200410860FFE7FFE7FFE70898C06AB4
:1074000000EB800041F2C801C2F2004101EB8000B4
:10741000406803900398089A906003988068089ADF
:10742000D06008980430039A92685060089804303D
:10743000039A9060089AD06A00EB800001EB80000C
:1074400050610898C06A00EB800251F822000130B8
:1074500041F82200FFE7FFE71DE0FFE745F6E40102
:10746000C2F20041486802900298089AD0610298DE
:107470008068089A106208981830029A92685060E2
:1074800008981830029A9060089881620868013064
:107490000860FFE7FFE70898C06A41F2B001C2F256
:1074A00000410968C96A88420ED9FFE7179820B1E0
:1074B000FFE7179901200860FFE745F67811C2F24F
:1074C00000410120086000E0FFE7FFE70598139006
:1074D000139880F31188069814B080BD0000000056
:1074E00080B586B0DDF820C004900391029201932C
:1074F000049858B1FFE74FF0500080F31188BFF3B4
:107500006F8FBFF34F8F0590FFE7FEE7FEF7B0FCEC
:1075100041F2B000C2F2004000680499084490F8BB
:107520005800022827D0FFE7039B41F2B000C2F2C7
:1075300000400168049A01EB8202516D9943516544
:10754000006804990144012081F85800089880B12E
:10755000FFE708980121FDF7C7F94EF60451CEF276
:1075600000014FF080500860BFF34F8FBFF36F8F63
:1075700000E0FFE700E0FFE7FEF7A6FCFEF778FC7F
:10758000019860B1FFE741F2B000C2F2004000682C
:10759000049900EB8100406D01990860FFE741F21A
:1075A000B000C2F2004000680499084490F8580006
:1075B000022803D0FFE7002000900EE0029A41F27B
:1075C000B000C2F200400068049900EB8101486DF0
:1075D0009043486501200090FFE741F2B000C2F2FD
:1075E0000040006804990144002081F85800FEF72B
:1075F0006BFC009806B080BD81B041F2B000C2F2D1
:10760000004000680090009801B070470000000042
:1076100081B045F63810C2F20040006818B9FFE7A3
:10762000012000900DE045F2B010C2F20040006869
:1076300018B9FFE70220009002E000200090FFE769
:10764000FFE7009801B0704781B045F66C10C2F2B8
:10765000004000680090009801B0704700000000F2
:1076600080B58AB00020069045F2B010C2F200400A
:107670000068002840F02B81FFE745F66C11C2F24C
:10768000004108680130059005980860059868BBBE
:10769000FFE7FFE741F2B800C2F20040006800686F
:1076A00058B1FFE74FF0500080F31188BFF36F8FA0
:1076B000BFF34F8F0990FFE7FEE741F2B802C2F235
:1076C00000421068049041F2C001C2F20041086813
:1076D00010600498086045F6D401C2F200410868C1
:1076E00001300860FDF764FFFFE700E0FFE7059861
:1076F00045F6D001C2F2004109688842C0F0C68058
:10770000FFE7FFE741F2B800C2F2004000680068FE
:1077100040B9FFE745F6D001C2F200414FF0FF301B
:107720000860B2E041F2B800C2F200400068C068F0
:10773000C0680890089840680790059807998842A3
:1077400007D2FFE7079845F6D001C2F20041086072
:107750009BE0FFE7FFE7089840690390089881687D
:10776000C068886008998868C9684860039840685C
:1077700008990431884205D1FFE70898C068039949
:107780004860FFE7089900204861039908680138BC
:107790000860FFE70898806A08B3FFE7FFE70898EA
:1077A000806A02900898C169006A88600899C8696F
:1077B000096A48600298406808991831884205D1E2
:1077C000FFE70898006A02994860FFE708990020DF
:1077D00088620299086801380860FFE700E0FFE767
:1077E000FFE7FFE70898C06A45F2B811C2F200410E
:1077F0000968884208D9FFE70898C06A45F2B811BD
:10780000C2F200410860FFE7FFE7FFE70898C06A9F
:1078100000EB800041F2C801C2F2004101EB8000A0
:10782000406801900198089A906001988068089AD1
:10783000D06008980430019A92685060089804302B
:10784000019A9060089AD06A00EB800001EB8000FA
:1078500050610898C06A00EB800251F822000130A4
:1078600041F82200FFE7FFE70898C06A41F2B00143
:10787000C2F200410968C96A884203D9FFE70120C2
:10788000069000E0FFE7FFE73CE7FFE741F2B000CA
:10789000C2F200400068C06A00EB800141F2C800FB
:1078A000C2F2004050F82100022803D3FFE7012074
:1078B000069000E0FFE745F67810C2F2004000684D
:1078C00018B1FFE70120069000E0FFE707E045F66A
:1078D000E001C2F20041086801300860FFE7069845
:1078E0000AB080BD0000000080B586B00390039808
:1078F0000290002001900398002800F08E80FFE79E
:10790000029841F2B001C2F20041096888420BD0EE
:10791000FFE74FF0500080F31188BFF36F8FBFF384
:107920004F8F0590FFE7FEE70298006D58B9FFE71B
:107930004FF0500080F31188BFF36F8FBFF34F8F6C
:107940000490FFE7FEE70299086D01380865029987
:10795000C86AC96C88425ED0FFE70298006D0028B3
:1079600057D1FFE702980430FEF7AEF908B9FFE7F8
:1079700000E0FFE70299C86CC8620299C86AC0F1CA
:1079800038008861FFE7FFE70298C06A45F2B81146
:10799000C2F200410968884208D9FFE70298C06A2C
:1079A00045F2B811C2F200410860FFE7FFE7FFE7C8
:1079B0000298C06A00EB800041F2C801C2F20041A7
:1079C00001EB8000406800900098029A9060009857
:1079D0008068029AD06002980430009A92685060E1
:1079E00002980430009A9060029AD06A00EB8000FE
:1079F00001EB800050610298C06A00EB800251F8F0
:107A00002200013041F82200FFE7FFE7012001904A
:107A100000E0FFE700E0FFE700E0FFE7019806B0C5
:107A200080BD00000000000088B006900698C06885
:107A3000C0680590059858B9FFE74FF0500080F3F3
:107A40001188BFF36F8FBFF34F8F0790FFE7FEE7FB
:107A5000FFE70598806A03900598C169006A88600D
:107A60000599C869096A4860039840680599183102
:107A7000884205D1FFE70598006A03994860FFE74F
:107A80000599002088620399086801380860FFE7BB
:107A900045F2B010C2F200400068002865D1FFE74F
:107AA000FFE705984069029005988168C068886082
:107AB00005998868C968486002984068059904314A
:107AC000884205D1FFE70598C06802994860FFE742
:107AD0000599002048610299086801380860FFE7AD
:107AE000FFE7FFE70598C06A45F2B811C2F200410E
:107AF0000968884208D9FFE70598C06A45F2B811BD
:107B0000C2F200410860FFE7FFE7FFE70598C06A9F
:107B100000EB800041F2C801C2F2004101EB80009D
:107B2000406801900198059A906001988068059AD4
:107B3000D06005980430019A92685060059804302E
:107B4000019A9060059AD06A00EB800001EB8000FA
:107B500050610598C06A00EB800251F822000130A4
:107B600041F82200FFE7FFE71DE0FFE745F6E401EB
:107B7000C2F20041486800900098059AD0610098D0
:107B80008068059A106205981830009A92685060D3
:107B900005981830009A9060059881620868013055
:107BA0000860FFE7FFE70598C06A41F2B001C2F242
:107BB00000410968C96A884208D9FFE7012004909A
:107BC00045F67811C2F20041086002E000200490FE
:107BD000FFE7049808B0704780B588B00020069091
:107BE000059045F2B010C2F20040006858B9FFE7B6
:107BF0004FF0500080F31188BFF36F8FBFF34F8FAA
:107C00000790FFE7FEE7FEF733F945F2B010C2F246
:107C100000400168013901600068002840F0F780E9
:107C2000FFE745F2A810C2F200400068002800F00B
:107C3000ED80FFE7FFE745F6E400C2F20040006890
:107C4000002800F0A080FFE745F6E400C2F2004003
:107C5000C068C0680690FFE70698806A049006989E
:107C6000C169006A88600699C869096A4860049811
:107C7000406806991831884205D1FFE70698006AE6
:107C800004994860FFE70699002088620499086813
:107C900001380860FFE7FFE70698406903900698FF
:107CA0008168C068886006998868C96848600398D8
:107CB000406806990431884205D1FFE70698C068FC
:107CC00003994860FFE70699002048610399086816
:107CD00001380860FFE7FFE7FFE70698C06A45F252
:107CE000B811C2F200410968884208D9FFE7069836
:107CF000C06A45F2B811C2F200410860FFE7FFE731
:107D0000FFE70698C06A00EB800041F2C801C2F2AA
:107D1000004101EB8000406802900298069A906052
:107D200002988068069AD06006980430029A926899
:107D3000506006980430029A9060069AD06A00EB70
:107D4000800001EB800050610698C06A00EB800261
:107D500051F82200013041F82200FFE7FFE70698C2
:107D6000C06A41F2B001C2F200410968C96A8842A2
:107D700007D9FFE745F67811C2F2004101200860FB
:107D800000E0FFE757E7069818B1FFE7FDF710FCA2
:107D9000FFE745F6E000C2F200400068019001985C
:107DA000E0B1FFE7FFE7FFF75BFC38B1FFE745F61F
:107DB0007811C2F200410120086000E0FFE701985D
:107DC00001380190FFE701980028ECD1FFE745F664
:107DD000E001C2F200410020086000E0FFE745F644
:107DE0007810C2F20040006870B1FFE701200590F2
:107DF0004EF60451CEF200014FF080500860BFF300
:107E00004F8FBFF36F8F00E0FFE7FFE700E0FFE772
:107E1000FEF75AF8059808B080BD00000000000089
:107E200080B58AB000200890FCF796FE45F67010E9
:107E3000C2F20040006858B3FFE7002004900790AA
:107E4000069007A806A905AAFDF796FF049B059AC8
:107E50000698DDF81CC06946C1F808C048600220D9
:107E6000086045F21170C0F6010049F6B311C0F682
:107E70000101FFF745F8014645F67410C2F20040D3
:107E80000160006818B1FFE701200890FFE700E0FB
:107E9000FFE7089858B9FFE74FF0500080F31188CA
:107EA000BFF36F8FBFF34F8F0990FFE7FEE708988E
:107EB0000AB080BD03B401984100009850EAC12087
:107EC00018BF04204A0D18BF40F0010040F2FF72B5
:107ED000B2EB515F08BF40F00200012808BF052047
:107EE00002B070474100080218BF04200A0E18BFF4
:107EF00040F001004FF07F4232EA010108BF40F03C
:107F00000200012808BF05207047000010B54FF09F
:107F10000E402DED028BB0EE408A18EE104A00EBB9
:107F20004400B0F1506F4AD84FF0FC40B0EB440F22
:107F300022D2B0EEC80AF7EE000A30EEC00AF6EE22
:107F4000000A60EE208A18EE900A00F009FF01EEA8
:107F5000100A14F0004F1DBFDFED2D0A9FED2D0A12
:107F6000B1EE411ADFED2C0A08BF9FED2C0AF8EEA6
:107F7000001A21EE218A05E0DFED290A68EE088A61
:107F8000B0EE600A9FED271ADFED271A30EE080ADF
:107F900048EE811A9FED251A08EEA11ADFED241A8A
:107FA00048EE811A9FED231A08EEA11A68EE281AEE
:107FB000BDEC028B01EE810A30EE200A10BD4FF0BD
:107FC000E440B0EB440F0CD918EE100AFFF78AFF1B
:107FD000042808BF00F006FEB0EE480ABDEC028B94
:107FE00010BD4FF07F40B0EB440F07D2B0EE480A0F
:107FF000BDEC028BBDE8104000F0E6BD0120E8F7C3
:1080000037FBBDEC028BBDE8104000F0E3BD000083
:108010000000C9BF22AAFDB90000C93F22AAFD394C
:108020000000000024FE1C3DC78AD83C1E67383D76
:108030001B93993DAFAA2A3E70B54FF068422DEDD3
:10804000048BF0EE408A18EE900AB0EE608A18EECB
:10805000101A02EB4003B3F1654F3CBF02EB410243
:10806000B2F1654F7DD200BFC0F3C753C1F3C75211
:108070009A1A1B2A09DD10F0004F14BF9FED830AE6
:108080009FED830ABDEC048B70BD12F11A0F36DA36
:1080900011F0004F09D010F0004F0CBF9FED7D0A8A
:1080A0009FED7D0ABDEC048B70BD88EE889A19EEB9
:1080B000100AFFF717FF042808BF00F093FD18EE21
:1080C000900AFFF70FFF054618EE100AFFF70AFFA8
:1080D000044619EE100AFFF705FF042D18BF052D01
:1080E00008D1042C18BF052C04D1002804BF02209D
:1080F000E8F7BEFAB0EE490ABDEC048B70BD420051
:10810000B2EB410F3AD910F0004F19BFDFED630A0F
:108110009FED630ADFED630A9FED630AB0EE481A34
:108120000A46B1EE688A80F00041F0EE418A1046BE
:108130000A1A5200B2F1807F34D2484010F0004F4A
:10814000DFED5A1A9FED5A2A1DBFBEEE001A70EEDF
:10815000E10A30EE420AB6EE001A08BF70EEA10A3C
:1081600000E040E008BF30EE020AB0EE682A01EEFF
:10817000482A08EE818AC2EE081A15E011F0004F75
:1081800004BF9FED4C0AF0EE400AD1D010F0004F32
:1081900019BFDFED490A9FED490ADFED490A9FED5E
:1081A000490AC5E7C8EE881A21EEA11A9FED462AB2
:1081B000DFED462A41EE022A9FED452A01EE222AF2
:1081C000DFED442A41EE022A9FED432ABDEC048BE9
:1081D00001EE222A21EE811A01EE020A30EE210A76
:1081E00030EE200A70BD4FF07F42B2EB400F28BF47
:1081F000B2EB410F09D2F0EE480AB0EE680ABDECCE
:10820000048BBDE8704000F0E2BC40EA01035B0073
:1082100008BF41F0FF410BD0B2EB400F08BFB2EBFB
:10822000410F08D120F0804008EE900A21F08041F3
:1082300008EE101A18E7B2EB400F12BF5FEA4103D5
:1082400040F0FF4001F000413FF40EAFB2EB410FB0
:1082500012BF5FEA400200F0004041F0FF413FF4EE
:1082600003AF4A0092EA40033FF5FEAE002AACBFDE
:108270009FED1A0A9FED1A0A68EE808A28EE008A9E
:1082800018EE900A18EE101AEEE60000DB0FC9BFD8
:10829000DB0FC93FDB0F4940DB0F49C00000C9BFFE
:1082A00022AAFDB90000C93F22AAFD390060ED3EB7
:1082B000C30ACE3700000000000049C022AA7DBAE0
:1082C0000000494022AA7D3A2DAD65BD8FB8D53D4D
:1082D0000FB511BE61C84C3EA8AAAABE0000804FCF
:1082E0000000802F0000000010B529499FED261BDB
:1082F0002DED020B84B0059820F000408842D8BFD5
:108300009DED040B2DDD2349884209D1049840B925
:108310004FF00100E8F7ACF900F03EFC06B010BDEC
:1083200005DB9DED040B30EE000B06B010BD68467A
:108330009DED040B00F0C0F910F0030004BF9DEDAB
:10834000021B9DED000B0CD001280ED09DED021BF1
:108350009DED000B022810D0012000F0CDFB06B0EF
:1083600010BD00F02DFB06B010BD9DED021B9DED74
:10837000000B012000F0C0FB01E000F021FBB1EE9A
:10838000400B06B010BD000000000000000000001F
:10839000FB21E93F0000F07F10EE101A08B5444AB7
:1083A0006846B2EB410F28D94FF0E640B0EB410FE1
:1083B00094BF00204FF0FF3000900098002861DB50
:1083C00060EE000A10F0010F45D010F0020FDFED53
:1083D000391A9FED391A00EEA11ADFED381A40EE76
:1083E000811A21EEA01AF0EE400A40EE010A08BF01
:1083F000F1EE600AB0EE600A08BD314B21F0004298
:1084000093423CD911F0004FDFED2E0A20EE201AE6
:10841000DFED2D0A19BF31EE601A71EE200A31EE40
:10842000201A71EE600ABDEEE01A11EE100A9FEDFF
:10843000271A00F0030000EEC10A9FED251A0090F4
:1084400000EEC10A9FED231A00EEC10A9FED221A29
:1084500000EEC10AB1E79FED211A9FED210A10F04D
:10846000020F00EE810A9FED1F1A00EE801AB7EE90
:10847000000A00EE810A18BFB1EE400A08BD00F004
:10848000B9FB9AE710EE100A4000B0F17F4F3CBFF5
:10849000B7EE000A08BD07D14FF00100E8F7E8F891
:1084A000BDE8084000F096BBBDE8084000F08CBB7A
:1084B000B61F927E336D4CB9DA82083CA0AA2ABE60
:1084C000490E494683F9223F0000004B0000C93F96
:1084D00000A0FD390020A2331A61342CB93AB2BA97
:1084E000CA9F2A3DDDFFFFBE00B510EE101A2DED2C
:1084F000028B81B0524A6846B2EB410F2ED94FF041
:10850000E640B0EB410F94BF00204FF0FF300090E9
:108510000098B0EE408A00286ADB10F0010F4BD0C3
:1085200068EE080A9FED471A9FED470A00EE810AA0
:108530009FED461A10F0020F00EE801AB7EE000A07
:1085400000EE810A02BF01B0BDEC028B00BD00BF8E
:1085500001B0B1EE400ABDEC028B00BD3C4B21F0F6
:108560000042934241D911F0004FDFED3A0A20EE6C
:10857000201ADFED390A19BF31EE601A71EE200AB8
:1085800031EE201A71EE600ABDEEE01A11EE100A0B
:108590009FED321A00F0030000EEC10A9FED301A81
:1085A000009000EEC10A9FED2F1A00EEC10A9FED68
:1085B0002E1A00EEC10AABE728EE080A9FED2B1A2F
:1085C000DFED2B0A10F0020F40EE010A9FED291A91
:1085D00000EE201A61EE000AB0EE480A08EE200A0A
:1085E000B6D101B0BDEC028B00BD00F003FB8FE7FC
:1085F00018EE100A4000B0F17F4F0DD218EE100AAD
:10860000FFF770FC042808BF00F0ECFAB0EE480A4F
:1086100001B0BDEC028B00BD09D10120E8F728F8BC
:1086200001B0BDEC028B5DF804EB00F0D3BA01B0F1
:10863000B0EE480ABDEC028B5DF804EB00F0C4BA62
:10864000B61F927EB93AB2BACA9F2A3DDDFFFFBE7D
:10865000490E494683F9223F0000004B0000C93F04
:1086600000A0FD390020A2331A61342C336D4CB9BF
:10867000DA82083CA0AA2ABE10B52DED028BB1EE1D
:10868000C08A18EE100A20F00040C0F1FF40C00F71
:108690000AD010EE100A20F00040C0F1FF40C00FD9
:1086A00004BF0120E7F7E4FFB0EE480ABDEC028BFF
:1086B00010BD0000000000002DE9F14F04462DED33
:1086C000020B2DED048B94B09FED9D0B80ED020B02
:1086D000199E9D4826F0004585420ADC9DED180B49
:1086E000002084ED000B14B0BDEC048B03B0BDE89A
:1086F000F08F96489FED969B9FED978BA84225DDC6
:1087000097489FED991B9FED9A2B9DED180B002E1E
:108710000DDD30EE490B854212BF30EE480B30EED6
:10872000410B30EE420B84ED000B0120DBE730EE15
:10873000090B854212BF30EE080B30EE010B30EE14
:10874000020B84ED000B4FF0FF30CCE78A48A842C3
:1087500053DB9DED180B51EC100B00F0F5FA41ECDA
:10876000100BB0EE401B9FED862BB6EE000B01EE1A
:10877000020BFDEEC00B10EE903A00EE903AB8EE10
:10878000E02BB0EE410B02EE490B22EE081BDFF8A6
:10879000F8C1290D0120FC4430EE411B84ED001B83
:1087A00003281DD011EE902A00EB4015113DC2F3B5
:1087B0000A528A1A954213DAB0EE403B0CEB0012D3
:1087C00092ED000B20EE021B33EE410B33EE403BEB
:1087D00033EE411B92ED023B12EE031B401CDBE724
:1087E000002EA8BF1846BFF67EAF94ED000BB1EE89
:1087F000400B84ED000B584275E7C6F3130040F4BC
:10880000801EC6F30A50A0F2F530471100F01F0594
:10881000C5F12000DDF860B01390002008900990A9
:1088200005200DF1080C5949002D07EB0002794491
:1088300008BF51F8221009D051F8223001EB820113
:10884000AB404A68139922FA01F11943A1FB0E26A5
:10885000A1FB0B131A449A4234BF0123002303EBFC
:1088600006080CEB8003D3E901A60E448E4234BF08
:108870000121002192448A4411B1924502D903E0BA
:10888000924501D2012100E00021C3E901A6414443
:108890004CF82010011EA0F10100C4DC04989DEDED
:1088A000050A00F10050810F0498DDED060A8000F2
:1088B0009DED072A01EE100AB8EEC13BB8EE401B51
:1088C0009FED334B21EE041BB8EE600B9FED324B56
:1088D00020EE040BB8EE422B9FED314B22EE042B21
:1088E00030EE024B34EE014B34EE034B8DED004B7A
:1088F000002000909DED004B34EE433B33EE411BD6
:1089000031EE400B32EE401B9DED000B9FED262B10
:1089100020EE020B9FED262B01EE020B9DED001BBE
:108920009FED252B01EE020B199810F0004F1CBF94
:108930004942B1EE400B84ED000B0846D3E600003F
:108940000000000000000000FB21E93F7CD902404C
:1089500000004054FB21F93F3163621A61B4D03DFD
:10896000FB21F93F000000000000601A61B4D03D17
:108970007370032E8A19A33BFB21394100000000CC
:1089800083C8C96D305FE43F4E060000E605000075
:10899000000000000000103E000000000000103C3D
:1089A000000000000000103A3326A611460B113CCF
:1089B000182D4454FB21F93D00000054FB21F93DE2
:1089C00010B52DED040B2DED048B82B0B0EE419B64
:1089D000079820F00044B4F1795F0FDA9DED060BA3
:1089E000BDEEC00B10EE100A002801BFB7EE000B61
:1089F00002B0BDEC048B04B008BF10BD9DED060BAA
:108A000020EE008BB0EE480B1B480621784400F0A6
:108A100039F820EE080B28EE000B9DED061B01EE49
:108A2000490BB6EE001B28EE011B1448B7EE002BD5
:108A30008442BCBF31EE400B32EE400B16DB1048D7
:108A4000A042BCBFB5EE023B8DED003B06DBA4F5BA
:108A500000100190002000909DED003B31EE431B83
:108A600032EE432B31EE400B32EE400B02B0BDEC48
:108A7000048B04B010BD0000A80300003333D33FC3
:108A80000000E93FB0EE401B491E00EBC10292ED31
:108A9000000B31F006020DD0491E00EBC10292ED31
:108AA000002BB0EE403BB0EE420B03EE010B31F079
:108AB0000602F1D1022914D004290AD0062918BFD0
:108AC000704790ED0A2B00EE012B90ED080B02EEA3
:108AD000010B90ED062B00EE012B90ED040B02EE46
:108AE000010B90ED022B00EE012B90ED000B02EE3E
:108AF000010B70470000000031B504462DED040B5A
:108B00002DED068BB0EE419B07989DED060B20F0F6
:108B10000040B0F1795F0DDA51EC100BFFF7CAF9A4
:108B2000042808BF00F044F89DED060BBDEC068B51
:108B300005B030BD20EE008B28EE00ABB0EE480B48
:108B4000114805217844FFF79DFF9FED111B8CB163
:108B5000B6EE002B29EE022B0AEE402B18EE029BFC
:108B60000AEE419B9DED060B30EE490BBDEC068BEA
:108B700005B030BD08EE001B9DED060B0AEE010BA3
:108B8000BDEC068B05B030BD900300000000000076
:108B9000495555555555C5BF9FED031B81EE010B3A
:108BA000704700000000000000000000000000000E
:108BB0009FED030B20EE000B70470000000000004B
:108BC000000000000000001030EE000A704730EE98
:108BD000200A7047DFED020A80EEA00A704700000D
:108BE000000000009FED020A20EE000A704700001E
:108BF000000000102DE9F0014FF07F42B2EB410F71
:108C00009FBF4FF0FF310160BDE8F00170474FF0AA
:108C1000004242EA0123C1F3C752783A551112F0DB
:108C20001F0C434CCCF120067C44C1F3C752A2F187
:108C300078024FEA621204EB820254F8254008BF22
:108C4000D2E9015612D0556804FA0CF425FA06F759
:108C50003C43976805FA0CF527FA06F8D26807FA3C
:108C60000CFCF24045EA08054CEA0206A4FB034C62
:108C7000A5FB0352A6FB03631D449D4234BF01269E
:108C800000261319334416B1934202D903E09342EC
:108C900001D2012200E00022624402F1200C92067F
:108CA000DC0C42EA443200EE102A5B03DFED210ABD
:108CB000F8EEC01A00EE103A4FEA9C1C11F0004F7B
:108CC000B8EE400AC0F800C020EE201A00EE105A9C
:108CD000DFED190AB8EE400A20EE200A71EE810A93
:108CE00070EE800A10EE902A02F500626FF30B021C
:108CF00000EE902A70EEE11A31EEC11ADFED101A83
:108D000030EE411A9FED0D0A20EE800A01EE210A95
:108D10009FED0C1A00EE810A04BFBDE8F001704718
:108D2000CCF180510160BDE8F001B1EE400A70471E
:108D300088020000000000360000802C22AAFD29D5
:108D4000DB0FC92F0000C92F82B0CDE9000121F04F
:108D5000004001909DED000B02B051EC100B7047EC
:108D600010B500EE100A2DED028BB1EEC08A18EEA0
:108D7000100A20F00040C0F1FF40C00F0AD010EEF2
:108D8000100A20F00040C0F1FF40C00F04BF0120D6
:108D9000E7F76EFC18EE100ABDEC028B10BDF1EE89
:108DA000100A4FF6FF71C0F2C03120EA010040F016
:108DB0004070E1EE100A70474C5555555555A53F8A
:108DC0007751C1166CC156BF9015CB19A001FA3E60
:108DD000AD529C804F7E92BEC4B1B4BD9EEE213E8A
:108DE000D43888BEE9FAA8BD00004054FB21F93F01
:108DF0003163621A61B4D03D0000601A61B4D03DA5
:108E00007370032E8A19A33B0000002E8A19A33B1E
:108E1000C14920259A837B39000000000000000032
:108E20006E83F9A22915444ED15727FCC0DD34F5D5
:108E3000999562DB4190433CAB6351FE61C5BBDE5B
:108E40003A6E24B7E0D24D42EA2E49061C92D1096F
:108E50001CEB1DFE3EA729B1F53582E88444BB2EEC
:108E600026709CE9417E5FB439D69139F439538339
:108E70008B5F849C3B28F9BDFF97F81F0F9805DE98
:108E80008B112FEF1F6D0A5ACF7E366DB709CB2796
:108E9000663F464F2DEA5F9EC7BA27757BF1E5EB2B
:108EA000F739073DEA92528AB15FFB6B085D8D1F6F
:108EB00046300356000000006E83F9A22915444E87
:108EC000D15727FCC0DD34F5999562DB4190433CD6
:108ED000AB6351FE00000000A6F810111111813F94
:108EE000D561C119A0012ABF7DFEB157E31DC73E60
:108EF000EB9C2B8AE6E55ABE7CD5CF5A3AD9E53DA4
:108F00000000000000000000000000000000000061
:108F1000000000000100000002000000030000004B
:108F20000400000000000000050000000000000038
:108F3000000000000000000006000000000000002B
:108F4000000000000000000007000000000000001A
:108F500001020304010203040607080900010203D9
:108F600004050607080C10141820304000061016DF
:108F7000000610160000803F000000000000000006
:108F800000000000000000000000000000000000E1
:108F90000000803F00000000000000000000000012
:108FA0000000000000000000000000000000803F02
:108FB00000000000000000000000000000000000B1
:108FC00000000000000000000000803F00000000E2
:108FD0000000000000000000000000000000000091
:108FE000000000000000803F0000000000000000C2
:108FF0000000000000000000000000000000000071
:109000000000803F7C990108000000000000000083
:109010000000000000000000001000000800000038
:1090200000000000000000006E9901080000000030
:109030000000000000000000000000000008000028
:1090400008000000000000000000000093990108E3
:109050000000000000000000000000000000000010
:1090600000080000280000000000000000000000D0
:1090700064990108000000000000000000000000EA
:1090800000000000000800000800000000000000D0
:1090900000000000549901080000000000000000DA
:1090A00000000000000000000002000008000000B6
:1090B0000000000000000000869901080000000088
:1090C000000000000000000000000000000200009E
:1090D0000800000000000000000000000804020476
:1090E0000801010101010103070100000100020064
:1090F0000400060008000A000C00100020004000D8
:1091000080000001000000000100803FC90CC0B7D2
:10911000E565AABE435690BB3C695D3EEBFCA9BC2D
:1091200008B732BEE745093EA59204BD9D990108E6
:10913000000000000000000000000000000000002F
:109140000002000018000000000000000000000005
:1091500000000000920E493CB10AC93C2BC3163DE9
:109160002EFB483D752B7B3D04A9963D80B6AF3D57
:1091700036BDC83D2FBCE13D73B2FA3D87CF093EF5
:109180008340163EB5AB223EA2102F3ECF6E3B3E33
:10919000C2C5473E0115543E135C603E7F9A6C3E4B
:1091A000CCCF783EC07D823E938E883E229A8E3E02
:1091B00032A0943E86A09A3EE59AA03E128FA63E2B
:1091C000D47CAC3EEF63B23E2A44B83E491DBE3E5D
:1091D00015EFC33E53B9C93ECA7BCF3E4136D53E9B
:1091E00080E8DA3E4F92E03E7533E63EBBCBEB3E85
:1091F000EA5AF13ECBE0F63E275DFC3EE4E7003F55
:109200003D9C033F824B063F9BF5083F6B9A0B3F0B
:10921000DA390E3FCDD3103F2A68133FD9F6153FF8
:10922000C07F183FC6021B3FD17F1D3FCBF61F3FBB
:109230009967223F25D2243F5636273F1594293F70
:109240004AEB2B3FDE3B2E3FBB85303FC9C8323F48
:10925000F304353F233A373F4268393F3B8F3B3F6A
:10926000F9AE3D3F67C73F3F70D8413F01E2433F02
:1092700003E4453F65DE473F12D1493FF8BB4B3F12
:10928000029F4D3F207A4F3F3D4D513F4918533F7C
:1092900031DB543FE595563F5348583F6AF2593FFA
:1092A0001A945B3F532D5D3F05BE5E3F2146603FF4
:1092B00097C5613F5A3C633F59AA643F880F663F98
:1092C000D86B673F3CBF683FA7096A3F0C4B6B3FB9
:1092D0005E836C3F93B26D3F9ED86E3F73F56F3FD8
:1092E0000809713F5213723F4714733FDD0B743FFF
:1092F0000BFA743FC6DE753F07BA763FC58B773FE2
:10930000F853783F9812793F9DC7793F02737A3FAF
:10931000BE147B3FCDAC7B3F283B7C3FC9BF7C3F2D
:10932000AC3A7D3FCCAB7D3F23137E3FB0707E3F98
:109330006DC47E3F580E7F3F6D4E7F3FAB847F3FB5
:109340000FB17F3F97D37F3F43EC7F3F11FB7F3FC0
:109350000000803F11FB7F3F43EC7F3F97D37F3F6F
:109360000FB17F3FAB847F3F6D4E7F3F580E7F3FF5
:109370006DC47E3FB0707E3F23137E3FCCAB7D3FFC
:10938000AC3A7D3FC9BF7C3F283B7C3FCDAC7B3FA7
:10939000BE147B3F02737A3F9DC7793F9812793F95
:1093A000F853783FC58B773F07BA763FC6DE753FE7
:1093B0000BFA743FDD0B743F4714733F5213723F37
:1093C0000809713F73F56F3F9ED86E3F93B26D3FB2
:1093D0005E836C3F0C4B6B3FA7096A3F3CBF683F05
:1093E000D86B673F880F663F59AA643F5A3C633F7A
:1093F00097C5613F2146603F05BE5E3F532D5D3FEF
:109400001A945B3F6AF2593F5348583FE595563FDF
:1094100031DB543F4918533F3D4D513F207A4F3F78
:10942000029F4D3FF8BB4B3F12D1493F65DE473F9E
:1094300003E4453F01E2433F70D8413F67C73F3FE8
:10944000F9AE3D3F3B8F3B3F4268393F233A373FC0
:10945000F304353FC9C8323FBB85303FDE3B2E3F6A
:109460004AEB2B3F1594293F5636273F25D2243F00
:109470009967223FCBF61F3FD17F1D3FC6021B3F9E
:10948000C07F183FD9F6153F2A68133FCDD3103F50
:10949000DA390E3F6B9A0B3F9BF5083F824B063F34
:1094A0003D9C033FE4E7003F275DFC3ECBE0F63EFA
:1094B000EA5AF13EBBCBEB3E7533E63E4F92E03EBF
:1094C00080E8DA3E4136D53ECA7BCF3E53B9C93E2D
:1094D00015EFC33E491DBE3E2A44B83EEF63B23E7F
:1094E000D47CAC3E128FA63EE59AA03E86A09A3E62
:1094F00032A0943E229A8E3E938E883EC07D823E5C
:10950000CCCF783E7F9A6C3E135C603E0115543E92
:10951000C2C5473ECF6E3B3EA2102F3EB5AB223EAA
:109520008340163E87CF093E73B2FA3D2FBCE13D22
:1095300036BDC83D80B6AF3D04A9963D752B7B3D39
:109540002EFB483D2BC3163DB10AC93C920E493C47
:1095500000000000920E49BCB10AC9BC2BC316BD65
:109560002EFB48BD752B7BBD04A996BD80B6AFBD53
:1095700036BDC8BD2FBCE1BD73B2FABD87CF09BEF1
:10958000834016BEB5AB22BEA2102FBECF6E3BBE2F
:10959000C2C547BE011554BE135C60BE7F9A6CBE47
:1095A000CCCF78BEC07D82BE938E88BE229A8EBEFE
:1095B00032A094BE86A09ABEE59AA0BE128FA6BE27
:1095C000D47CACBEEF63B2BE2A44B8BE491DBEBE59
:1095D00015EFC3BE53B9C9BECA7BCFBE4136D5BE97
:1095E00080E8DABE4F92E0BE7533E6BEBBCBEBBE81
:1095F000EA5AF1BECBE0F6BE275DFCBEE4E700BF51
:109600003D9C03BF824B06BF9BF508BF6B9A0BBF07
:10961000DA390EBFCDD310BF2A6813BFD9F615BFF4
:10962000C07F18BFC6021BBFD17F1DBFCBF61FBFB7
:10963000996722BF25D224BF563627BF159429BF6C
:109640004AEB2BBFDE3B2EBFBB8530BFC9C832BF44
:10965000F30435BF233A37BF426839BF3B8F3BBF66
:10966000F9AE3DBF67C73FBF70D841BF01E243BFFE
:1096700003E445BF65DE47BF12D149BFF8BB4BBF0E
:10968000029F4DBF207A4FBF3D4D51BF491853BF78
:1096900031DB54BFE59556BF534858BF6AF259BFF6
:1096A0001A945BBF532D5DBF05BE5EBF214660BFF0
:1096B00097C561BF5A3C63BF59AA64BF880F66BF94
:1096C000D86B67BF3CBF68BFA7096ABF0C4B6BBFB5
:1096D0005E836CBF93B26DBF9ED86EBF73F56FBFD4
:1096E000080971BF521372BF471473BFDD0B74BFFB
:1096F0000BFA74BFC6DE75BF07BA76BFC58B77BFDE
:10970000F85378BF981279BF9DC779BF02737ABFAB
:10971000BE147BBFCDAC7BBF283B7CBFC9BF7CBF29
:10972000AC3A7DBFCCAB7DBF23137EBFB0707EBF94
:109730006DC47EBF580E7FBF6D4E7FBFAB847FBFB1
:109740000FB17FBF97D37FBF43EC7FBF11FB7FBFBC
:10975000000080BF11FB7FBF43EC7FBF97D37FBF6B
:109760000FB17FBFAB847FBF6D4E7FBF580E7FBFF1
:109770006DC47EBFB0707EBF23137EBFCCAB7DBFF8
:10978000AC3A7DBFC9BF7CBF283B7CBFCDAC7BBFA3
:10979000BE147BBF02737ABF9DC779BF981279BF91
:1097A000F85378BFC58B77BF07BA76BFC6DE75BFE3
:1097B0000BFA74BFDD0B74BF471473BF521372BF33
:1097C000080971BF73F56FBF9ED86EBF93B26DBFAE
:1097D0005E836CBF0C4B6BBFA7096ABF3CBF68BF01
:1097E000D86B67BF880F66BF59AA64BF5A3C63BF76
:1097F00097C561BF214660BF05BE5EBF532D5DBFEB
:109800001A945BBF6AF259BF534858BFE59556BFDB
:1098100031DB54BF491853BF3D4D51BF207A4FBF74
:10982000029F4DBFF8BB4BBF12D149BF65DE47BF9A
:1098300003E445BF01E243BF70D841BF67C73FBFE4
:10984000F9AE3DBF3B8F3BBF426839BF233A37BFBC
:10985000F30435BFC9C832BFBB8530BFDE3B2EBF66
:109860004AEB2BBF159429BF563627BF25D224BFFC
:10987000996722BFCBF61FBFD17F1DBFC6021BBF9A
:10988000C07F18BFD9F615BF2A6813BFCDD310BF4C
:10989000DA390EBF6B9A0BBF9BF508BF824B06BF30
:1098A0003D9C03BFE4E700BF275DFCBECBE0F6BEF6
:1098B000EA5AF1BEBBCBEBBE7533E6BE4F92E0BEBB
:1098C00080E8DABE4136D5BECA7BCFBE53B9C9BE29
:1098D00015EFC3BE491DBEBE2A44B8BEEF63B2BE7B
:1098E000D47CACBE128FA6BEE59AA0BE86A09ABE5E
:1098F00032A094BE229A8EBE938E88BEC07D82BE58
:10990000CCCF78BE7F9A6CBE135C60BE011554BE8E
:10991000C2C547BECF6E3BBEA2102FBEB5AB22BEA6
:10992000834016BE87CF09BE73B2FABD2FBCE1BD1E
:1099300036BDC8BD80B6AFBD04A996BD752B7BBD35
:109940002EFB48BD2BC316BDB10AC9BC920E49BC43
:10995000000000805461736B506F7765726D6574A1
:10996000657230005461736B50545A303200546148
:10997000736B436861737369733033005461736B45
:1099800043616E3034005461736B5377697463685C
:109990003036005461736B494D553037006465664D
:1099A00061756C745461736B0049444C4500546D8F
:1099B000725100546D72205376630000370000002E
:1099C000E099010800000024E000000030030008D6
:1099D000C09A0108E0000024A85E000050030008BF
:1099E000E7416B3A58A08B3A0050C347CDCCCC3DF1
:1099F000CDCCCC3DCDCCCC3DCDCCCC3DCDCCCC3DDF
:109A0000CDCCCC3D0050C347CDCCCC3DCDCCCC3D16
:109A1000CDCCCC3DCDCCCC3DCDCCCC3DCDCCCC3DBE
:109A20000050C347CDCCCC3DCDCCCC3DCDCCCC3DF6
:109A3000CDCCCC3DCDCCCC3DCDCCCC3D0050C347E6
:109A4000CDCCCC3DCDCCCC3DCDCCCC3DCDCCCC3D8E
:109A5000CDCCCC3DCDCCCC3D0000C842CDCCCC3D16
:109A6000CDCCCC3DCDCCCC3DCDCCCC3DCDCCCC3D6E
:109A7000CDCCCC3D0000C8420090D0030090D00374
:109A80000000C844000048420000204201000000DD
:109A900010000000AAAAAAAA7D04017C000240AB23
:109AA000034100055308065804070F0008108209F7
:109AB00011000A15800B16000C18010D00000000A3
:020000043800C2
:1000000000000000000000000000000000000000F0
:1000100000000000000000000000000000000000E0
:1000200000000000000000000000000000000000D0
:0400300000000000CC
:04000005080002CD20
:00000001FF
