	.text
	.syntax unified
	.eabi_attribute	67, "2.09"	@ Tag_conformance
	.cpu	cortex-m7
	.eabi_attribute	6, 13	@ Tag_CPU_arch
	.eabi_attribute	7, 77	@ Tag_CPU_arch_profile
	.eabi_attribute	8, 0	@ Tag_ARM_ISA_use
	.eabi_attribute	9, 2	@ Tag_THUMB_ISA_use
	.fpu	fpv5-d16
	.eabi_attribute	36, 1	@ Tag_FP_HP_extension
	.eabi_attribute	34, 1	@ Tag_CPU_unaligned_access
	.eabi_attribute	17, 1	@ Tag_ABI_PCS_GOT_use
	.eabi_attribute	20, 2	@ Tag_ABI_FP_denormal
	.eabi_attribute	21, 0	@ Tag_ABI_FP_exceptions
	.eabi_attribute	23, 1	@ Tag_ABI_FP_number_model
	.eabi_attribute	24, 1	@ Tag_ABI_align_needed
	.eabi_attribute	25, 1	@ Tag_ABI_align_preserved
	.eabi_attribute	28, 1	@ Tag_ABI_VFP_args
	.eabi_attribute	38, 1	@ Tag_ABI_FP_16bit_format
	.eabi_attribute	18, 2	@ Tag_ABI_PCS_wchar_t
	.eabi_attribute	26, 1	@ Tag_ABI_enum_size
	.eabi_attribute	14, 0	@ Tag_ABI_PCS_R9_use
	.file	"bsp_fdcan.c"
	.file	1 "D:\\keil_1\\keil\\ARM\\ARMCLANG\\bin\\..\\include" "stdint.h"
	.file	2 "D:\\RM_projects\\h7_final_4\\MDK-ARM" "../app/src/bsp_fdcan.c"
	.file	3 "D:\\RM_projects\\h7_final_4\\MDK-ARM" "../Drivers/CMSIS/Device/ST/STM32H7xx/Include\\stm32h7xx.h"
	.file	4 "D:\\RM_projects\\h7_final_4\\MDK-ARM" "../Drivers/STM32H7xx_HAL_Driver/Inc\\stm32h7xx_hal_fdcan.h"
	.file	5 "D:\\RM_projects\\h7_final_4\\MDK-ARM" "../Drivers/STM32H7xx_HAL_Driver/Inc\\stm32h7xx_hal_def.h"
	.section	.text.Fdcan_FilterInit,"ax",%progbits
	.hidden	Fdcan_FilterInit                @ -- Begin function Fdcan_FilterInit
	.globl	Fdcan_FilterInit
	.p2align	3
	.type	Fdcan_FilterInit,%function
	.code	16                              @ @Fdcan_FilterInit
	.thumb_func
Fdcan_FilterInit:
.Lfunc_begin0:
	.loc	2 14 0                          @ ../app/src/bsp_fdcan.c:14:0
	.fnstart
	.cfi_sections .debug_frame
	.cfi_startproc
@ %bb.0:
	.save	{r7, lr}
	push	{r7, lr}
	.cfi_def_cfa_offset 8
	.cfi_offset lr, -4
	.cfi_offset r7, -8
	.pad	#56
	sub	sp, #56
	.cfi_def_cfa_offset 64
	str	r0, [sp, #52]
	movs	r0, #0
.Ltmp0:
	.loc	2 18 27 prologue_end            @ ../app/src/bsp_fdcan.c:18:27
	str	r0, [sp, #16]                   @ 4-byte Spill
	str	r0, [sp, #20]
	.loc	2 19 32                         @ ../app/src/bsp_fdcan.c:19:32
	str	r0, [sp, #24]
	movs	r1, #2
	.loc	2 20 31                         @ ../app/src/bsp_fdcan.c:20:31
	str	r1, [sp, #8]                    @ 4-byte Spill
	str	r1, [sp, #28]
	movs	r1, #1
	.loc	2 21 33                         @ ../app/src/bsp_fdcan.c:21:33
	str	r1, [sp, #12]                   @ 4-byte Spill
	str	r1, [sp, #32]
	.loc	2 22 30                         @ ../app/src/bsp_fdcan.c:22:30
	str	r0, [sp, #36]
	.loc	2 23 30                         @ ../app/src/bsp_fdcan.c:23:30
	str	r0, [sp, #40]
	.loc	2 25 24                         @ ../app/src/bsp_fdcan.c:25:24
	ldr	r0, [sp, #52]
	add	r1, sp, #20
	.loc	2 25 1 is_stmt 0                @ ../app/src/bsp_fdcan.c:25:1
	bl	HAL_FDCAN_ConfigFilter
	ldr	r2, [sp, #8]                    @ 4-byte Reload
	ldr	r3, [sp, #16]                   @ 4-byte Reload
	.loc	2 26 30 is_stmt 1               @ ../app/src/bsp_fdcan.c:26:30
	ldr	r0, [sp, #52]
	.loc	2 26 1 is_stmt 0                @ ../app/src/bsp_fdcan.c:26:1
	mov	r1, sp
	str	r3, [r1]
	mov	r1, r2
	bl	HAL_FDCAN_ConfigGlobalFilter
	ldr	r1, [sp, #12]                   @ 4-byte Reload
	ldr	r2, [sp, #16]                   @ 4-byte Reload
	.loc	2 27 32 is_stmt 1               @ ../app/src/bsp_fdcan.c:27:32
	ldr	r0, [sp, #52]
	.loc	2 27 1 is_stmt 0                @ ../app/src/bsp_fdcan.c:27:1
	bl	HAL_FDCAN_ActivateNotification
	.loc	2 28 17 is_stmt 1               @ ../app/src/bsp_fdcan.c:28:17
	ldr	r0, [sp, #52]
	.loc	2 28 1 is_stmt 0                @ ../app/src/bsp_fdcan.c:28:1
	bl	HAL_FDCAN_Start
	.loc	2 29 1 epilogue_begin is_stmt 1 @ ../app/src/bsp_fdcan.c:29:1
	add	sp, #56
	pop	{r7, pc}
.Ltmp1:
.Lfunc_end0:
	.size	Fdcan_FilterInit, .Lfunc_end0-Fdcan_FilterInit
	.cfi_endproc
	.cantunwind
	.fnend
                                        @ -- End function
	.section	.text.Fdcan_Transmit_INIT,"ax",%progbits
	.hidden	Fdcan_Transmit_INIT             @ -- Begin function Fdcan_Transmit_INIT
	.globl	Fdcan_Transmit_INIT
	.p2align	3
	.type	Fdcan_Transmit_INIT,%function
	.code	16                              @ @Fdcan_Transmit_INIT
	.thumb_func
Fdcan_Transmit_INIT:
.Lfunc_begin1:
	.loc	2 34 0                          @ ../app/src/bsp_fdcan.c:34:0
	.fnstart
	.cfi_startproc
@ %bb.0:
	.pad	#8
	sub	sp, #8
	.cfi_def_cfa_offset 8
	str	r0, [sp, #4]
	str	r1, [sp]
.Ltmp2:
	.loc	2 35 29 prologue_end            @ ../app/src/bsp_fdcan.c:35:29
	ldr	r0, [sp]
	.loc	2 35 7 is_stmt 0                @ ../app/src/bsp_fdcan.c:35:7
	ldr	r1, [sp, #4]
	.loc	2 35 27                         @ ../app/src/bsp_fdcan.c:35:27
	str	r0, [r1]
	.loc	2 36 7 is_stmt 1                @ ../app/src/bsp_fdcan.c:36:7
	ldr	r1, [sp, #4]
	movs	r0, #0
	.loc	2 36 36 is_stmt 0               @ ../app/src/bsp_fdcan.c:36:36
	str	r0, [r1, #8]
	.loc	2 37 7 is_stmt 1                @ ../app/src/bsp_fdcan.c:37:7
	ldr	r1, [sp, #4]
	.loc	2 37 41 is_stmt 0               @ ../app/src/bsp_fdcan.c:37:41
	str	r0, [r1, #12]
	.loc	2 38 7 is_stmt 1                @ ../app/src/bsp_fdcan.c:38:7
	ldr	r2, [sp, #4]
	movs	r1, #8
	.loc	2 38 39 is_stmt 0               @ ../app/src/bsp_fdcan.c:38:39
	str	r1, [r2, #16]
	.loc	2 39 7 is_stmt 1                @ ../app/src/bsp_fdcan.c:39:7
	ldr	r1, [sp, #4]
	.loc	2 39 49 is_stmt 0               @ ../app/src/bsp_fdcan.c:39:49
	str	r0, [r1, #20]
	.loc	2 40 7 is_stmt 1                @ ../app/src/bsp_fdcan.c:40:7
	ldr	r1, [sp, #4]
	.loc	2 40 43 is_stmt 0               @ ../app/src/bsp_fdcan.c:40:43
	str	r0, [r1, #24]
	.loc	2 41 7 is_stmt 1                @ ../app/src/bsp_fdcan.c:41:7
	ldr	r1, [sp, #4]
	.loc	2 41 38 is_stmt 0               @ ../app/src/bsp_fdcan.c:41:38
	str	r0, [r1, #28]
	.loc	2 42 7 is_stmt 1                @ ../app/src/bsp_fdcan.c:42:7
	ldr	r1, [sp, #4]
	.loc	2 42 48 is_stmt 0               @ ../app/src/bsp_fdcan.c:42:48
	str	r0, [r1, #32]
	.loc	2 43 7 is_stmt 1                @ ../app/src/bsp_fdcan.c:43:7
	ldr	r1, [sp, #4]
	.loc	2 43 43 is_stmt 0               @ ../app/src/bsp_fdcan.c:43:43
	str	r0, [r1, #36]
	.loc	2 44 1 epilogue_begin is_stmt 1 @ ../app/src/bsp_fdcan.c:44:1
	add	sp, #8
	bx	lr
.Ltmp3:
.Lfunc_end1:
	.size	Fdcan_Transmit_INIT, .Lfunc_end1-Fdcan_Transmit_INIT
	.cfi_endproc
	.cantunwind
	.fnend
                                        @ -- End function
	.section	.text.Fdcan_Transmit,"ax",%progbits
	.hidden	Fdcan_Transmit                  @ -- Begin function Fdcan_Transmit
	.globl	Fdcan_Transmit
	.p2align	3
	.type	Fdcan_Transmit,%function
	.code	16                              @ @Fdcan_Transmit
	.thumb_func
Fdcan_Transmit:
.Lfunc_begin2:
	.loc	2 47 0                          @ ../app/src/bsp_fdcan.c:47:0
	.fnstart
	.cfi_startproc
@ %bb.0:
	.save	{r7, lr}
	push	{r7, lr}
	.cfi_def_cfa_offset 8
	.cfi_offset lr, -4
	.cfi_offset r7, -8
	.pad	#8
	sub	sp, #8
	.cfi_def_cfa_offset 16
	str	r0, [sp, #4]
.Ltmp4:
	.loc	2 48 32 prologue_end            @ ../app/src/bsp_fdcan.c:48:32
	ldr	r1, [sp, #4]
	.loc	2 48 41 is_stmt 0               @ ../app/src/bsp_fdcan.c:48:41
	mov	r2, r1
	ldr	r0, [r2], #40
	.loc	2 48 57                         @ ../app/src/bsp_fdcan.c:48:57
	adds	r1, #4
	.loc	2 48 2                          @ ../app/src/bsp_fdcan.c:48:2
	bl	HAL_FDCAN_AddMessageToTxFifoQ
	.loc	2 49 1 epilogue_begin is_stmt 1 @ ../app/src/bsp_fdcan.c:49:1
	add	sp, #8
	pop	{r7, pc}
.Ltmp5:
.Lfunc_end2:
	.size	Fdcan_Transmit, .Lfunc_end2-Fdcan_Transmit
	.cfi_endproc
	.cantunwind
	.fnend
                                        @ -- End function
	.section	.text.HAL_FDCAN_RxFifo0Callback,"ax",%progbits
	.hidden	HAL_FDCAN_RxFifo0Callback       @ -- Begin function HAL_FDCAN_RxFifo0Callback
	.globl	HAL_FDCAN_RxFifo0Callback
	.p2align	3
	.type	HAL_FDCAN_RxFifo0Callback,%function
	.code	16                              @ @HAL_FDCAN_RxFifo0Callback
	.thumb_func
HAL_FDCAN_RxFifo0Callback:
.Lfunc_begin3:
	.loc	2 52 0                          @ ../app/src/bsp_fdcan.c:52:0
	.fnstart
	.cfi_startproc
@ %bb.0:
	.save	{r7, lr}
	push	{r7, lr}
	.cfi_def_cfa_offset 8
	.cfi_offset lr, -4
	.cfi_offset r7, -8
	.pad	#96
	sub	sp, #96
	.cfi_def_cfa_offset 104
	str	r0, [sp, #92]
	str	r1, [sp, #88]
.Ltmp6:
	.loc	2 54 6 prologue_end             @ ../app/src/bsp_fdcan.c:54:6
	ldr	r0, [sp, #92]
	.loc	2 54 12 is_stmt 0               @ ../app/src/bsp_fdcan.c:54:12
	movw	r1, :lower16:hfdcan1
	movt	r1, :upper16:hfdcan1
.Ltmp7:
	.loc	2 54 6                          @ ../app/src/bsp_fdcan.c:54:6
	cmp	r0, r1
	bne.w	.LBB3_12
	b	.LBB3_1
.LBB3_1:
.Ltmp8:
	.loc	2 56 26 is_stmt 1               @ ../app/src/bsp_fdcan.c:56:26
	ldr	r0, [sp, #92]
	.loc	2 56 3 is_stmt 0                @ ../app/src/bsp_fdcan.c:56:3
	movw	r3, :lower16:rx_candata
	movt	r3, :upper16:rx_candata
	movs	r1, #64
	add	r2, sp, #48
	bl	HAL_FDCAN_GetRxMessage
	.loc	2 57 28 is_stmt 1               @ ../app/src/bsp_fdcan.c:57:28
	ldr	r0, [sp, #48]
	.loc	2 57 5 is_stmt 0                @ ../app/src/bsp_fdcan.c:57:5
	subw	r0, r0, #513
	mov	r1, r0
	str	r1, [sp, #4]                    @ 4-byte Spill
	cmp	r0, #18
	bhi	.LBB3_10
@ %bb.2:
	ldr	r1, [sp, #4]                    @ 4-byte Reload
.LCPI3_0:
	tbb	[pc, r1]
@ %bb.3:
	.loc	2 0 5                           @ ../app/src/bsp_fdcan.c:0:5
.LJTI3_0:
	.byte	(.LBB3_4-(.LCPI3_0+4))/2
	.byte	(.LBB3_5-(.LCPI3_0+4))/2
	.byte	(.LBB3_6-(.LCPI3_0+4))/2
	.byte	(.LBB3_7-(.LCPI3_0+4))/2
	.byte	(.LBB3_8-(.LCPI3_0+4))/2
	.byte	(.LBB3_10-(.LCPI3_0+4))/2
	.byte	(.LBB3_10-(.LCPI3_0+4))/2
	.byte	(.LBB3_10-(.LCPI3_0+4))/2
	.byte	(.LBB3_10-(.LCPI3_0+4))/2
	.byte	(.LBB3_10-(.LCPI3_0+4))/2
	.byte	(.LBB3_10-(.LCPI3_0+4))/2
	.byte	(.LBB3_10-(.LCPI3_0+4))/2
	.byte	(.LBB3_10-(.LCPI3_0+4))/2
	.byte	(.LBB3_10-(.LCPI3_0+4))/2
	.byte	(.LBB3_10-(.LCPI3_0+4))/2
	.byte	(.LBB3_10-(.LCPI3_0+4))/2
	.byte	(.LBB3_10-(.LCPI3_0+4))/2
	.byte	(.LBB3_10-(.LCPI3_0+4))/2
	.byte	(.LBB3_9-(.LCPI3_0+4))/2
	.p2align	1
.LBB3_4:
.Ltmp9:
	.loc	2 60 5 is_stmt 1                @ ../app/src/bsp_fdcan.c:60:5
	movw	r0, :lower16:chassiss_motor
	movt	r0, :upper16:chassiss_motor
	movw	r1, :lower16:rx_candata
	movt	r1, :upper16:rx_candata
	bl	FeedBackDataToReal_3508
	.loc	2 61 7                          @ ../app/src/bsp_fdcan.c:61:7
	b	.LBB3_11
.LBB3_5:
	.loc	2 63 5                          @ ../app/src/bsp_fdcan.c:63:5
	movw	r0, :lower16:chassiss_motor
	movt	r0, :upper16:chassiss_motor
	adds	r0, #72
	movw	r1, :lower16:rx_candata
	movt	r1, :upper16:rx_candata
	bl	FeedBackDataToReal_3508
	.loc	2 64 7                          @ ../app/src/bsp_fdcan.c:64:7
	b	.LBB3_11
.LBB3_6:
	.loc	2 66 5                          @ ../app/src/bsp_fdcan.c:66:5
	movw	r0, :lower16:chassiss_motor
	movt	r0, :upper16:chassiss_motor
	adds	r0, #144
	movw	r1, :lower16:rx_candata
	movt	r1, :upper16:rx_candata
	bl	FeedBackDataToReal_3508
	.loc	2 67 7                          @ ../app/src/bsp_fdcan.c:67:7
	b	.LBB3_11
.LBB3_7:
	.loc	2 69 5                          @ ../app/src/bsp_fdcan.c:69:5
	movw	r0, :lower16:chassiss_motor
	movt	r0, :upper16:chassiss_motor
	adds	r0, #216
	movw	r1, :lower16:rx_candata
	movt	r1, :upper16:rx_candata
	bl	FeedBackDataToReal_3508
	.loc	2 70 7                          @ ../app/src/bsp_fdcan.c:70:7
	b	.LBB3_11
.LBB3_8:
	.loc	2 72 6                          @ ../app/src/bsp_fdcan.c:72:6
	movw	r0, :lower16:PTZ_motor_yaw
	movt	r0, :upper16:PTZ_motor_yaw
	movw	r1, :lower16:rx_candata
	movt	r1, :upper16:rx_candata
	bl	FeedBackDataToReal_6020
	.loc	2 73 7                          @ ../app/src/bsp_fdcan.c:73:7
	b	.LBB3_11
.LBB3_9:
	.loc	2 76 7                          @ ../app/src/bsp_fdcan.c:76:7
	b	.LBB3_11
.LBB3_10:
	.loc	2 78 7                          @ ../app/src/bsp_fdcan.c:78:7
	b	.LBB3_11
.Ltmp10:
.LBB3_11:
	.loc	2 81 33                         @ ../app/src/bsp_fdcan.c:81:33
	ldr	r0, [sp, #92]
	movs	r1, #1
	movs	r2, #0
	.loc	2 81 2 is_stmt 0                @ ../app/src/bsp_fdcan.c:81:2
	bl	HAL_FDCAN_ActivateNotification
	.loc	2 83 1 is_stmt 1                @ ../app/src/bsp_fdcan.c:83:1
	b	.LBB3_18
.Ltmp11:
.LBB3_12:
	.loc	2 83 11 is_stmt 0               @ ../app/src/bsp_fdcan.c:83:11
	ldr	r0, [sp, #92]
	.loc	2 83 17                         @ ../app/src/bsp_fdcan.c:83:17
	movw	r1, :lower16:hfdcan2
	movt	r1, :upper16:hfdcan2
.Ltmp12:
	.loc	2 83 11                         @ ../app/src/bsp_fdcan.c:83:11
	cmp	r0, r1
	bne	.LBB3_17
	b	.LBB3_13
.LBB3_13:
.Ltmp13:
	.loc	2 84 27 is_stmt 1               @ ../app/src/bsp_fdcan.c:84:27
	ldr	r0, [sp, #92]
	.loc	2 84 4 is_stmt 0                @ ../app/src/bsp_fdcan.c:84:4
	movw	r3, :lower16:rx_candata
	movt	r3, :upper16:rx_candata
	movs	r1, #64
	add	r2, sp, #8
	bl	HAL_FDCAN_GetRxMessage
	.loc	2 85 28 is_stmt 1               @ ../app/src/bsp_fdcan.c:85:28
	ldr	r0, [sp, #8]
	movw	r1, #518
	.loc	2 85 5 is_stmt 0                @ ../app/src/bsp_fdcan.c:85:5
	cmp	r0, r1
	bne	.LBB3_15
	b	.LBB3_14
.LBB3_14:
.Ltmp14:
	.loc	2 89 6 is_stmt 1                @ ../app/src/bsp_fdcan.c:89:6
	movw	r0, :lower16:PTZ_motor_pitch
	movt	r0, :upper16:PTZ_motor_pitch
	movw	r1, :lower16:rx_candata
	movt	r1, :upper16:rx_candata
	bl	FeedBackDataToReal_6020
	.loc	2 90 7                          @ ../app/src/bsp_fdcan.c:90:7
	b	.LBB3_16
.LBB3_15:
	.loc	2 92 7                          @ ../app/src/bsp_fdcan.c:92:7
	b	.LBB3_16
.Ltmp15:
.LBB3_16:
	.loc	2 95 33                         @ ../app/src/bsp_fdcan.c:95:33
	ldr	r0, [sp, #92]
	movs	r1, #1
	movs	r2, #0
	.loc	2 95 2 is_stmt 0                @ ../app/src/bsp_fdcan.c:95:2
	bl	HAL_FDCAN_ActivateNotification
	.loc	2 97 3 is_stmt 1                @ ../app/src/bsp_fdcan.c:97:3
	b	.LBB3_17
.Ltmp16:
.LBB3_17:
	.loc	2 0 3 is_stmt 0                 @ ../app/src/bsp_fdcan.c:0:3
	b	.LBB3_18
.LBB3_18:
	.loc	2 98 1 epilogue_begin is_stmt 1 @ ../app/src/bsp_fdcan.c:98:1
	add	sp, #96
	pop	{r7, pc}
.Ltmp17:
.Lfunc_end3:
	.size	HAL_FDCAN_RxFifo0Callback, .Lfunc_end3-HAL_FDCAN_RxFifo0Callback
	.cfi_endproc
	.cantunwind
	.fnend
                                        @ -- End function
	.section	.text.HAL_FDCAN_RxFifo1Callback,"ax",%progbits
	.hidden	HAL_FDCAN_RxFifo1Callback       @ -- Begin function HAL_FDCAN_RxFifo1Callback
	.globl	HAL_FDCAN_RxFifo1Callback
	.p2align	3
	.type	HAL_FDCAN_RxFifo1Callback,%function
	.code	16                              @ @HAL_FDCAN_RxFifo1Callback
	.thumb_func
HAL_FDCAN_RxFifo1Callback:
.Lfunc_begin4:
	.loc	2 100 0                         @ ../app/src/bsp_fdcan.c:100:0
	.fnstart
	.cfi_startproc
@ %bb.0:
	.save	{r7, lr}
	push	{r7, lr}
	.cfi_def_cfa_offset 8
	.cfi_offset lr, -4
	.cfi_offset r7, -8
	.pad	#56
	sub	sp, #56
	.cfi_def_cfa_offset 64
	str	r0, [sp, #52]
	str	r1, [sp, #48]
.Ltmp18:
	.loc	2 103 5 prologue_end            @ ../app/src/bsp_fdcan.c:103:5
	ldr	r0, [sp, #52]
	.loc	2 103 11 is_stmt 0              @ ../app/src/bsp_fdcan.c:103:11
	movw	r1, :lower16:hfdcan1
	movt	r1, :upper16:hfdcan1
.Ltmp19:
	.loc	2 103 5                         @ ../app/src/bsp_fdcan.c:103:5
	cmp	r0, r1
	bne	.LBB4_11
	b	.LBB4_1
.LBB4_1:
.Ltmp20:
	.loc	2 105 28 is_stmt 1              @ ../app/src/bsp_fdcan.c:105:28
	ldr	r0, [sp, #52]
	.loc	2 105 5 is_stmt 0               @ ../app/src/bsp_fdcan.c:105:5
	movw	r3, :lower16:rx_candata
	movt	r3, :upper16:rx_candata
	movs	r1, #64
	add	r2, sp, #8
	bl	HAL_FDCAN_GetRxMessage
	.loc	2 106 23 is_stmt 1              @ ../app/src/bsp_fdcan.c:106:23
	ldr	r0, [sp, #8]
	.loc	2 106 5 is_stmt 0               @ ../app/src/bsp_fdcan.c:106:5
	subw	r0, r0, #513
	mov	r1, r0
	str	r1, [sp, #4]                    @ 4-byte Spill
	cmp	r0, #4
	bhi	.LBB4_9
@ %bb.2:
	ldr	r1, [sp, #4]                    @ 4-byte Reload
.LCPI4_0:
	tbb	[pc, r1]
@ %bb.3:
	.loc	2 0 5                           @ ../app/src/bsp_fdcan.c:0:5
.LJTI4_0:
	.byte	(.LBB4_4-(.LCPI4_0+4))/2
	.byte	(.LBB4_5-(.LCPI4_0+4))/2
	.byte	(.LBB4_6-(.LCPI4_0+4))/2
	.byte	(.LBB4_7-(.LCPI4_0+4))/2
	.byte	(.LBB4_8-(.LCPI4_0+4))/2
	.p2align	1
.LBB4_4:
.Ltmp21:
	.loc	2 110 7 is_stmt 1               @ ../app/src/bsp_fdcan.c:110:7
	b	.LBB4_10
.LBB4_5:
	.loc	2 113 7                         @ ../app/src/bsp_fdcan.c:113:7
	b	.LBB4_10
.LBB4_6:
	.loc	2 116 7                         @ ../app/src/bsp_fdcan.c:116:7
	b	.LBB4_10
.LBB4_7:
	.loc	2 119 7                         @ ../app/src/bsp_fdcan.c:119:7
	b	.LBB4_10
.LBB4_8:
	.loc	2 122 7                         @ ../app/src/bsp_fdcan.c:122:7
	b	.LBB4_10
.LBB4_9:
	.loc	2 124 7                         @ ../app/src/bsp_fdcan.c:124:7
	b	.LBB4_10
.Ltmp22:
.LBB4_10:
	.loc	2 127 33                        @ ../app/src/bsp_fdcan.c:127:33
	ldr	r0, [sp, #52]
	movs	r1, #1
	movs	r2, #0
	.loc	2 127 2 is_stmt 0               @ ../app/src/bsp_fdcan.c:127:2
	bl	HAL_FDCAN_ActivateNotification
	.loc	2 129 4 is_stmt 1               @ ../app/src/bsp_fdcan.c:129:4
	b	.LBB4_14
.Ltmp23:
.LBB4_11:
	.loc	2 129 13 is_stmt 0              @ ../app/src/bsp_fdcan.c:129:13
	ldr	r0, [sp, #52]
	.loc	2 129 19                        @ ../app/src/bsp_fdcan.c:129:19
	movw	r1, :lower16:hfdcan2
	movt	r1, :upper16:hfdcan2
.Ltmp24:
	.loc	2 129 13                        @ ../app/src/bsp_fdcan.c:129:13
	cmp	r0, r1
	bne	.LBB4_13
	b	.LBB4_12
.LBB4_12:
.Ltmp25:
	.loc	2 133 33 is_stmt 1              @ ../app/src/bsp_fdcan.c:133:33
	ldr	r0, [sp, #52]
	movs	r1, #1
	movs	r2, #0
	.loc	2 133 2 is_stmt 0               @ ../app/src/bsp_fdcan.c:133:2
	bl	HAL_FDCAN_ActivateNotification
	.loc	2 135 1 is_stmt 1               @ ../app/src/bsp_fdcan.c:135:1
	b	.LBB4_13
.Ltmp26:
.LBB4_13:
	.loc	2 0 1 is_stmt 0                 @ ../app/src/bsp_fdcan.c:0:1
	b	.LBB4_14
.LBB4_14:
	.loc	2 137 1 epilogue_begin is_stmt 1 @ ../app/src/bsp_fdcan.c:137:1
	add	sp, #56
	pop	{r7, pc}
.Ltmp27:
.Lfunc_end4:
	.size	HAL_FDCAN_RxFifo1Callback, .Lfunc_end4-HAL_FDCAN_RxFifo1Callback
	.cfi_endproc
	.cantunwind
	.fnend
                                        @ -- End function
	.section	.text.CanTask04,"ax",%progbits
	.hidden	CanTask04                       @ -- Begin function CanTask04
	.globl	CanTask04
	.p2align	3
	.type	CanTask04,%function
	.code	16                              @ @CanTask04
	.thumb_func
CanTask04:
.Lfunc_begin5:
	.loc	2 142 0                         @ ../app/src/bsp_fdcan.c:142:0
	.fnstart
	.cfi_startproc
@ %bb.0:
	.save	{r7, lr}
	push	{r7, lr}
	.cfi_def_cfa_offset 8
	.cfi_offset lr, -4
	.cfi_offset r7, -8
	.pad	#8
	sub	sp, #8
	.cfi_def_cfa_offset 16
	str	r0, [sp, #4]
	movs	r0, #2
	movs	r1, #1
	mov.w	r2, #-1
.Ltmp28:
	.loc	2 143 3 prologue_end            @ ../app/src/bsp_fdcan.c:143:3
	bl	osThreadFlagsWait
	.loc	2 144 3                         @ ../app/src/bsp_fdcan.c:144:3
	b	.LBB5_1
.LBB5_1:                                @ =>This Inner Loop Header: Depth=1
.Ltmp29:
	.loc	2 147 14                        @ ../app/src/bsp_fdcan.c:147:14
	bl	osThreadFlagsGet
	.loc	2 147 13 is_stmt 0              @ ../app/src/bsp_fdcan.c:147:13
	movw	r1, :lower16:CanTask04.orderflag
	movt	r1, :upper16:CanTask04.orderflag
	str	r0, [r1]
	mov.w	r0, #-1
	.loc	2 148 5 is_stmt 1               @ ../app/src/bsp_fdcan.c:148:5
	bl	osThreadFlagsClear
.Ltmp30:
	.loc	2 144 3                         @ ../app/src/bsp_fdcan.c:144:3
	b	.LBB5_1
.Ltmp31:
.Lfunc_end5:
	.size	CanTask04, .Lfunc_end5-CanTask04
	.cfi_endproc
	.cantunwind
	.fnend
                                        @ -- End function
	.hidden	rx_candata                      @ @rx_candata
	.type	rx_candata,%object
	.section	.bss.rx_candata,"aw",%nobits
	.globl	rx_candata
rx_candata:
	.zero	50
	.size	rx_candata, 50

	.type	CanTask04.orderflag,%object     @ @CanTask04.orderflag
	.section	.bss.CanTask04.orderflag,"aw",%nobits
	.p2align	2, 0x0
CanTask04.orderflag:
	.long	0                               @ 0x0
	.size	CanTask04.orderflag, 4

	.file	6 "D:\\RM_projects\\h7_final_4\\MDK-ARM" "../Drivers/CMSIS/Device/ST/STM32H7xx/Include\\stm32h723xx.h"
	.file	7 "D:\\RM_projects\\h7_final_4\\MDK-ARM" "../app/inc\\bsp_fdcan.h"
	.section	.debug_abbrev,"",%progbits
	.byte	1                               @ Abbreviation Code
	.byte	17                              @ DW_TAG_compile_unit
	.byte	1                               @ DW_CHILDREN_yes
	.byte	37                              @ DW_AT_producer
	.byte	14                              @ DW_FORM_strp
	.byte	19                              @ DW_AT_language
	.byte	5                               @ DW_FORM_data2
	.byte	3                               @ DW_AT_name
	.byte	14                              @ DW_FORM_strp
	.byte	16                              @ DW_AT_stmt_list
	.byte	23                              @ DW_FORM_sec_offset
	.byte	27                              @ DW_AT_comp_dir
	.byte	14                              @ DW_FORM_strp
	.byte	17                              @ DW_AT_low_pc
	.byte	1                               @ DW_FORM_addr
	.byte	85                              @ DW_AT_ranges
	.byte	23                              @ DW_FORM_sec_offset
	.byte	0                               @ EOM(1)
	.byte	0                               @ EOM(2)
	.byte	2                               @ Abbreviation Code
	.byte	46                              @ DW_TAG_subprogram
	.byte	1                               @ DW_CHILDREN_yes
	.byte	17                              @ DW_AT_low_pc
	.byte	1                               @ DW_FORM_addr
	.byte	18                              @ DW_AT_high_pc
	.byte	6                               @ DW_FORM_data4
	.byte	64                              @ DW_AT_frame_base
	.byte	24                              @ DW_FORM_exprloc
	.byte	3                               @ DW_AT_name
	.byte	14                              @ DW_FORM_strp
	.byte	58                              @ DW_AT_decl_file
	.byte	11                              @ DW_FORM_data1
	.byte	59                              @ DW_AT_decl_line
	.byte	11                              @ DW_FORM_data1
	.byte	39                              @ DW_AT_prototyped
	.byte	25                              @ DW_FORM_flag_present
	.byte	63                              @ DW_AT_external
	.byte	25                              @ DW_FORM_flag_present
	.byte	0                               @ EOM(1)
	.byte	0                               @ EOM(2)
	.byte	3                               @ Abbreviation Code
	.byte	52                              @ DW_TAG_variable
	.byte	0                               @ DW_CHILDREN_no
	.byte	3                               @ DW_AT_name
	.byte	14                              @ DW_FORM_strp
	.byte	73                              @ DW_AT_type
	.byte	19                              @ DW_FORM_ref4
	.byte	58                              @ DW_AT_decl_file
	.byte	11                              @ DW_FORM_data1
	.byte	59                              @ DW_AT_decl_line
	.byte	11                              @ DW_FORM_data1
	.byte	2                               @ DW_AT_location
	.byte	24                              @ DW_FORM_exprloc
	.byte	0                               @ EOM(1)
	.byte	0                               @ EOM(2)
	.byte	4                               @ Abbreviation Code
	.byte	5                               @ DW_TAG_formal_parameter
	.byte	0                               @ DW_CHILDREN_no
	.byte	2                               @ DW_AT_location
	.byte	24                              @ DW_FORM_exprloc
	.byte	3                               @ DW_AT_name
	.byte	14                              @ DW_FORM_strp
	.byte	58                              @ DW_AT_decl_file
	.byte	11                              @ DW_FORM_data1
	.byte	59                              @ DW_AT_decl_line
	.byte	11                              @ DW_FORM_data1
	.byte	73                              @ DW_AT_type
	.byte	19                              @ DW_FORM_ref4
	.byte	0                               @ EOM(1)
	.byte	0                               @ EOM(2)
	.byte	5                               @ Abbreviation Code
	.byte	22                              @ DW_TAG_typedef
	.byte	0                               @ DW_CHILDREN_no
	.byte	73                              @ DW_AT_type
	.byte	19                              @ DW_FORM_ref4
	.byte	3                               @ DW_AT_name
	.byte	14                              @ DW_FORM_strp
	.byte	58                              @ DW_AT_decl_file
	.byte	11                              @ DW_FORM_data1
	.byte	59                              @ DW_AT_decl_line
	.byte	11                              @ DW_FORM_data1
	.byte	0                               @ EOM(1)
	.byte	0                               @ EOM(2)
	.byte	6                               @ Abbreviation Code
	.byte	36                              @ DW_TAG_base_type
	.byte	0                               @ DW_CHILDREN_no
	.byte	3                               @ DW_AT_name
	.byte	14                              @ DW_FORM_strp
	.byte	62                              @ DW_AT_encoding
	.byte	11                              @ DW_FORM_data1
	.byte	11                              @ DW_AT_byte_size
	.byte	11                              @ DW_FORM_data1
	.byte	0                               @ EOM(1)
	.byte	0                               @ EOM(2)
	.byte	7                               @ Abbreviation Code
	.byte	52                              @ DW_TAG_variable
	.byte	0                               @ DW_CHILDREN_no
	.byte	3                               @ DW_AT_name
	.byte	14                              @ DW_FORM_strp
	.byte	73                              @ DW_AT_type
	.byte	19                              @ DW_FORM_ref4
	.byte	63                              @ DW_AT_external
	.byte	25                              @ DW_FORM_flag_present
	.byte	58                              @ DW_AT_decl_file
	.byte	11                              @ DW_FORM_data1
	.byte	59                              @ DW_AT_decl_line
	.byte	11                              @ DW_FORM_data1
	.byte	2                               @ DW_AT_location
	.byte	24                              @ DW_FORM_exprloc
	.byte	0                               @ EOM(1)
	.byte	0                               @ EOM(2)
	.byte	8                               @ Abbreviation Code
	.byte	1                               @ DW_TAG_array_type
	.byte	1                               @ DW_CHILDREN_yes
	.byte	73                              @ DW_AT_type
	.byte	19                              @ DW_FORM_ref4
	.byte	0                               @ EOM(1)
	.byte	0                               @ EOM(2)
	.byte	9                               @ Abbreviation Code
	.byte	33                              @ DW_TAG_subrange_type
	.byte	0                               @ DW_CHILDREN_no
	.byte	73                              @ DW_AT_type
	.byte	19                              @ DW_FORM_ref4
	.byte	55                              @ DW_AT_count
	.byte	11                              @ DW_FORM_data1
	.byte	0                               @ EOM(1)
	.byte	0                               @ EOM(2)
	.byte	10                              @ Abbreviation Code
	.byte	36                              @ DW_TAG_base_type
	.byte	0                               @ DW_CHILDREN_no
	.byte	3                               @ DW_AT_name
	.byte	14                              @ DW_FORM_strp
	.byte	11                              @ DW_AT_byte_size
	.byte	11                              @ DW_FORM_data1
	.byte	62                              @ DW_AT_encoding
	.byte	11                              @ DW_FORM_data1
	.byte	0                               @ EOM(1)
	.byte	0                               @ EOM(2)
	.byte	11                              @ Abbreviation Code
	.byte	4                               @ DW_TAG_enumeration_type
	.byte	1                               @ DW_CHILDREN_yes
	.byte	73                              @ DW_AT_type
	.byte	19                              @ DW_FORM_ref4
	.byte	11                              @ DW_AT_byte_size
	.byte	11                              @ DW_FORM_data1
	.byte	58                              @ DW_AT_decl_file
	.byte	11                              @ DW_FORM_data1
	.byte	59                              @ DW_AT_decl_line
	.byte	11                              @ DW_FORM_data1
	.byte	0                               @ EOM(1)
	.byte	0                               @ EOM(2)
	.byte	12                              @ Abbreviation Code
	.byte	40                              @ DW_TAG_enumerator
	.byte	0                               @ DW_CHILDREN_no
	.byte	3                               @ DW_AT_name
	.byte	14                              @ DW_FORM_strp
	.byte	28                              @ DW_AT_const_value
	.byte	15                              @ DW_FORM_udata
	.byte	0                               @ EOM(1)
	.byte	0                               @ EOM(2)
	.byte	13                              @ Abbreviation Code
	.byte	52                              @ DW_TAG_variable
	.byte	0                               @ DW_CHILDREN_no
	.byte	2                               @ DW_AT_location
	.byte	24                              @ DW_FORM_exprloc
	.byte	3                               @ DW_AT_name
	.byte	14                              @ DW_FORM_strp
	.byte	58                              @ DW_AT_decl_file
	.byte	11                              @ DW_FORM_data1
	.byte	59                              @ DW_AT_decl_line
	.byte	11                              @ DW_FORM_data1
	.byte	73                              @ DW_AT_type
	.byte	19                              @ DW_FORM_ref4
	.byte	0                               @ EOM(1)
	.byte	0                               @ EOM(2)
	.byte	14                              @ Abbreviation Code
	.byte	15                              @ DW_TAG_pointer_type
	.byte	0                               @ DW_CHILDREN_no
	.byte	73                              @ DW_AT_type
	.byte	19                              @ DW_FORM_ref4
	.byte	0                               @ EOM(1)
	.byte	0                               @ EOM(2)
	.byte	15                              @ Abbreviation Code
	.byte	22                              @ DW_TAG_typedef
	.byte	0                               @ DW_CHILDREN_no
	.byte	73                              @ DW_AT_type
	.byte	19                              @ DW_FORM_ref4
	.byte	3                               @ DW_AT_name
	.byte	14                              @ DW_FORM_strp
	.byte	58                              @ DW_AT_decl_file
	.byte	11                              @ DW_FORM_data1
	.byte	59                              @ DW_AT_decl_line
	.byte	5                               @ DW_FORM_data2
	.byte	0                               @ EOM(1)
	.byte	0                               @ EOM(2)
	.byte	16                              @ Abbreviation Code
	.byte	19                              @ DW_TAG_structure_type
	.byte	1                               @ DW_CHILDREN_yes
	.byte	11                              @ DW_AT_byte_size
	.byte	11                              @ DW_FORM_data1
	.byte	58                              @ DW_AT_decl_file
	.byte	11                              @ DW_FORM_data1
	.byte	59                              @ DW_AT_decl_line
	.byte	5                               @ DW_FORM_data2
	.byte	0                               @ EOM(1)
	.byte	0                               @ EOM(2)
	.byte	17                              @ Abbreviation Code
	.byte	13                              @ DW_TAG_member
	.byte	0                               @ DW_CHILDREN_no
	.byte	3                               @ DW_AT_name
	.byte	14                              @ DW_FORM_strp
	.byte	73                              @ DW_AT_type
	.byte	19                              @ DW_FORM_ref4
	.byte	58                              @ DW_AT_decl_file
	.byte	11                              @ DW_FORM_data1
	.byte	59                              @ DW_AT_decl_line
	.byte	5                               @ DW_FORM_data2
	.byte	56                              @ DW_AT_data_member_location
	.byte	11                              @ DW_FORM_data1
	.byte	0                               @ EOM(1)
	.byte	0                               @ EOM(2)
	.byte	18                              @ Abbreviation Code
	.byte	19                              @ DW_TAG_structure_type
	.byte	1                               @ DW_CHILDREN_yes
	.byte	11                              @ DW_AT_byte_size
	.byte	5                               @ DW_FORM_data2
	.byte	58                              @ DW_AT_decl_file
	.byte	11                              @ DW_FORM_data1
	.byte	59                              @ DW_AT_decl_line
	.byte	5                               @ DW_FORM_data2
	.byte	0                               @ EOM(1)
	.byte	0                               @ EOM(2)
	.byte	19                              @ Abbreviation Code
	.byte	53                              @ DW_TAG_volatile_type
	.byte	0                               @ DW_CHILDREN_no
	.byte	73                              @ DW_AT_type
	.byte	19                              @ DW_FORM_ref4
	.byte	0                               @ EOM(1)
	.byte	0                               @ EOM(2)
	.byte	20                              @ Abbreviation Code
	.byte	13                              @ DW_TAG_member
	.byte	0                               @ DW_CHILDREN_no
	.byte	3                               @ DW_AT_name
	.byte	14                              @ DW_FORM_strp
	.byte	73                              @ DW_AT_type
	.byte	19                              @ DW_FORM_ref4
	.byte	58                              @ DW_AT_decl_file
	.byte	11                              @ DW_FORM_data1
	.byte	59                              @ DW_AT_decl_line
	.byte	5                               @ DW_FORM_data2
	.byte	56                              @ DW_AT_data_member_location
	.byte	5                               @ DW_FORM_data2
	.byte	0                               @ EOM(1)
	.byte	0                               @ EOM(2)
	.byte	21                              @ Abbreviation Code
	.byte	19                              @ DW_TAG_structure_type
	.byte	1                               @ DW_CHILDREN_yes
	.byte	11                              @ DW_AT_byte_size
	.byte	11                              @ DW_FORM_data1
	.byte	58                              @ DW_AT_decl_file
	.byte	11                              @ DW_FORM_data1
	.byte	59                              @ DW_AT_decl_line
	.byte	11                              @ DW_FORM_data1
	.byte	0                               @ EOM(1)
	.byte	0                               @ EOM(2)
	.byte	22                              @ Abbreviation Code
	.byte	13                              @ DW_TAG_member
	.byte	0                               @ DW_CHILDREN_no
	.byte	3                               @ DW_AT_name
	.byte	14                              @ DW_FORM_strp
	.byte	73                              @ DW_AT_type
	.byte	19                              @ DW_FORM_ref4
	.byte	58                              @ DW_AT_decl_file
	.byte	11                              @ DW_FORM_data1
	.byte	59                              @ DW_AT_decl_line
	.byte	11                              @ DW_FORM_data1
	.byte	56                              @ DW_AT_data_member_location
	.byte	11                              @ DW_FORM_data1
	.byte	0                               @ EOM(1)
	.byte	0                               @ EOM(2)
	.byte	23                              @ Abbreviation Code
	.byte	15                              @ DW_TAG_pointer_type
	.byte	0                               @ DW_CHILDREN_no
	.byte	0                               @ EOM(1)
	.byte	0                               @ EOM(2)
	.byte	0                               @ EOM(3)
	.section	.debug_info,"",%progbits
.Lcu_begin0:
	.long	.Ldebug_info_end0-.Ldebug_info_start0 @ Length of Unit
.Ldebug_info_start0:
	.short	4                               @ DWARF version number
	.long	.debug_abbrev                   @ Offset Into Abbrev. Section
	.byte	4                               @ Address Size (in bytes)
	.byte	1                               @ Abbrev [1] 0xb:0xa49 DW_TAG_compile_unit
	.long	.Linfo_string0                  @ DW_AT_producer
	.short	12                              @ DW_AT_language
	.long	.Linfo_string1                  @ DW_AT_name
	.long	.Lline_table_start0             @ DW_AT_stmt_list
	.long	.Linfo_string2                  @ DW_AT_comp_dir
	.long	0                               @ DW_AT_low_pc
	.long	.Ldebug_ranges0                 @ DW_AT_ranges
	.byte	2                               @ Abbrev [2] 0x26:0x31 DW_TAG_subprogram
	.long	.Lfunc_begin5                   @ DW_AT_low_pc
	.long	.Lfunc_end5-.Lfunc_begin5       @ DW_AT_high_pc
	.byte	1                               @ DW_AT_frame_base
	.byte	93
	.long	.Linfo_string23                 @ DW_AT_name
	.byte	2                               @ DW_AT_decl_file
	.byte	141                             @ DW_AT_decl_line
                                        @ DW_AT_prototyped
                                        @ DW_AT_external
	.byte	3                               @ Abbrev [3] 0x37:0x11 DW_TAG_variable
	.long	.Linfo_string3                  @ DW_AT_name
	.long	87                              @ DW_AT_type
	.byte	2                               @ DW_AT_decl_file
	.byte	146                             @ DW_AT_decl_line
	.byte	5                               @ DW_AT_location
	.byte	3
	.long	CanTask04.orderflag
	.byte	4                               @ Abbrev [4] 0x48:0xe DW_TAG_formal_parameter
	.byte	2                               @ DW_AT_location
	.byte	145
	.byte	4
	.long	.Linfo_string182                @ DW_AT_name
	.byte	2                               @ DW_AT_decl_file
	.byte	141                             @ DW_AT_decl_line
	.long	2642                            @ DW_AT_type
	.byte	0                               @ End Of Children Mark
	.byte	5                               @ Abbrev [5] 0x57:0xb DW_TAG_typedef
	.long	98                              @ DW_AT_type
	.long	.Linfo_string5                  @ DW_AT_name
	.byte	1                               @ DW_AT_decl_file
	.byte	64                              @ DW_AT_decl_line
	.byte	6                               @ Abbrev [6] 0x62:0x7 DW_TAG_base_type
	.long	.Linfo_string4                  @ DW_AT_name
	.byte	7                               @ DW_AT_encoding
	.byte	4                               @ DW_AT_byte_size
	.byte	7                               @ Abbrev [7] 0x69:0x11 DW_TAG_variable
	.long	.Linfo_string6                  @ DW_AT_name
	.long	122                             @ DW_AT_type
                                        @ DW_AT_external
	.byte	2                               @ DW_AT_decl_file
	.byte	7                               @ DW_AT_decl_line
	.byte	5                               @ DW_AT_location
	.byte	3
	.long	rx_candata
	.byte	8                               @ Abbrev [8] 0x7a:0xc DW_TAG_array_type
	.long	134                             @ DW_AT_type
	.byte	9                               @ Abbrev [9] 0x7f:0x6 DW_TAG_subrange_type
	.long	152                             @ DW_AT_type
	.byte	50                              @ DW_AT_count
	.byte	0                               @ End Of Children Mark
	.byte	5                               @ Abbrev [5] 0x86:0xb DW_TAG_typedef
	.long	145                             @ DW_AT_type
	.long	.Linfo_string8                  @ DW_AT_name
	.byte	1                               @ DW_AT_decl_file
	.byte	62                              @ DW_AT_decl_line
	.byte	6                               @ Abbrev [6] 0x91:0x7 DW_TAG_base_type
	.long	.Linfo_string7                  @ DW_AT_name
	.byte	8                               @ DW_AT_encoding
	.byte	1                               @ DW_AT_byte_size
	.byte	10                              @ Abbrev [10] 0x98:0x7 DW_TAG_base_type
	.long	.Linfo_string9                  @ DW_AT_name
	.byte	8                               @ DW_AT_byte_size
	.byte	7                               @ DW_AT_encoding
	.byte	11                              @ Abbrev [11] 0x9f:0x15 DW_TAG_enumeration_type
	.long	145                             @ DW_AT_type
	.byte	1                               @ DW_AT_byte_size
	.byte	3                               @ DW_AT_decl_file
	.byte	186                             @ DW_AT_decl_line
	.byte	12                              @ Abbrev [12] 0xa7:0x6 DW_TAG_enumerator
	.long	.Linfo_string10                 @ DW_AT_name
	.byte	0                               @ DW_AT_const_value
	.byte	12                              @ Abbrev [12] 0xad:0x6 DW_TAG_enumerator
	.long	.Linfo_string11                 @ DW_AT_name
	.byte	1                               @ DW_AT_const_value
	.byte	0                               @ End Of Children Mark
	.byte	11                              @ Abbrev [11] 0xb4:0x21 DW_TAG_enumeration_type
	.long	145                             @ DW_AT_type
	.byte	1                               @ DW_AT_byte_size
	.byte	4                               @ DW_AT_decl_file
	.byte	48                              @ DW_AT_decl_line
	.byte	12                              @ Abbrev [12] 0xbc:0x6 DW_TAG_enumerator
	.long	.Linfo_string12                 @ DW_AT_name
	.byte	0                               @ DW_AT_const_value
	.byte	12                              @ Abbrev [12] 0xc2:0x6 DW_TAG_enumerator
	.long	.Linfo_string13                 @ DW_AT_name
	.byte	1                               @ DW_AT_const_value
	.byte	12                              @ Abbrev [12] 0xc8:0x6 DW_TAG_enumerator
	.long	.Linfo_string14                 @ DW_AT_name
	.byte	2                               @ DW_AT_const_value
	.byte	12                              @ Abbrev [12] 0xce:0x6 DW_TAG_enumerator
	.long	.Linfo_string15                 @ DW_AT_name
	.byte	3                               @ DW_AT_const_value
	.byte	0                               @ End Of Children Mark
	.byte	11                              @ Abbrev [11] 0xd5:0x15 DW_TAG_enumeration_type
	.long	145                             @ DW_AT_type
	.byte	1                               @ DW_AT_byte_size
	.byte	5                               @ DW_AT_decl_file
	.byte	50                              @ DW_AT_decl_line
	.byte	12                              @ Abbrev [12] 0xdd:0x6 DW_TAG_enumerator
	.long	.Linfo_string16                 @ DW_AT_name
	.byte	0                               @ DW_AT_const_value
	.byte	12                              @ Abbrev [12] 0xe3:0x6 DW_TAG_enumerator
	.long	.Linfo_string17                 @ DW_AT_name
	.byte	1                               @ DW_AT_const_value
	.byte	0                               @ End Of Children Mark
	.byte	2                               @ Abbrev [2] 0xea:0x2e DW_TAG_subprogram
	.long	.Lfunc_begin0                   @ DW_AT_low_pc
	.long	.Lfunc_end0-.Lfunc_begin0       @ DW_AT_high_pc
	.byte	1                               @ DW_AT_frame_base
	.byte	93
	.long	.Linfo_string18                 @ DW_AT_name
	.byte	2                               @ DW_AT_decl_file
	.byte	13                              @ DW_AT_decl_line
                                        @ DW_AT_prototyped
                                        @ DW_AT_external
	.byte	4                               @ Abbrev [4] 0xfb:0xe DW_TAG_formal_parameter
	.byte	2                               @ DW_AT_location
	.byte	145
	.byte	52
	.long	.Linfo_string24                 @ DW_AT_name
	.byte	2                               @ DW_AT_decl_file
	.byte	13                              @ DW_AT_decl_line
	.long	494                             @ DW_AT_type
	.byte	13                              @ Abbrev [13] 0x109:0xe DW_TAG_variable
	.byte	2                               @ DW_AT_location
	.byte	145
	.byte	20
	.long	.Linfo_string149                @ DW_AT_name
	.byte	2                               @ DW_AT_decl_file
	.byte	16                              @ DW_AT_decl_line
	.long	2185                            @ DW_AT_type
	.byte	0                               @ End Of Children Mark
	.byte	2                               @ Abbrev [2] 0x118:0x2e DW_TAG_subprogram
	.long	.Lfunc_begin1                   @ DW_AT_low_pc
	.long	.Lfunc_end1-.Lfunc_begin1       @ DW_AT_high_pc
	.byte	1                               @ DW_AT_frame_base
	.byte	93
	.long	.Linfo_string19                 @ DW_AT_name
	.byte	2                               @ DW_AT_decl_file
	.byte	33                              @ DW_AT_decl_line
                                        @ DW_AT_prototyped
                                        @ DW_AT_external
	.byte	4                               @ Abbrev [4] 0x129:0xe DW_TAG_formal_parameter
	.byte	2                               @ DW_AT_location
	.byte	145
	.byte	4
	.long	.Linfo_string159                @ DW_AT_name
	.byte	2                               @ DW_AT_decl_file
	.byte	33                              @ DW_AT_decl_line
	.long	2297                            @ DW_AT_type
	.byte	4                               @ Abbrev [4] 0x137:0xe DW_TAG_formal_parameter
	.byte	2                               @ DW_AT_location
	.byte	145
	.byte	0
	.long	.Linfo_string24                 @ DW_AT_name
	.byte	2                               @ DW_AT_decl_file
	.byte	33                              @ DW_AT_decl_line
	.long	494                             @ DW_AT_type
	.byte	0                               @ End Of Children Mark
	.byte	2                               @ Abbrev [2] 0x146:0x20 DW_TAG_subprogram
	.long	.Lfunc_begin2                   @ DW_AT_low_pc
	.long	.Lfunc_end2-.Lfunc_begin2       @ DW_AT_high_pc
	.byte	1                               @ DW_AT_frame_base
	.byte	93
	.long	.Linfo_string20                 @ DW_AT_name
	.byte	2                               @ DW_AT_decl_file
	.byte	46                              @ DW_AT_decl_line
                                        @ DW_AT_prototyped
                                        @ DW_AT_external
	.byte	4                               @ Abbrev [4] 0x157:0xe DW_TAG_formal_parameter
	.byte	2                               @ DW_AT_location
	.byte	145
	.byte	4
	.long	.Linfo_string173                @ DW_AT_name
	.byte	2                               @ DW_AT_decl_file
	.byte	46                              @ DW_AT_decl_line
	.long	2297                            @ DW_AT_type
	.byte	0                               @ End Of Children Mark
	.byte	2                               @ Abbrev [2] 0x166:0x4c DW_TAG_subprogram
	.long	.Lfunc_begin3                   @ DW_AT_low_pc
	.long	.Lfunc_end3-.Lfunc_begin3       @ DW_AT_high_pc
	.byte	1                               @ DW_AT_frame_base
	.byte	93
	.long	.Linfo_string21                 @ DW_AT_name
	.byte	2                               @ DW_AT_decl_file
	.byte	51                              @ DW_AT_decl_line
                                        @ DW_AT_prototyped
                                        @ DW_AT_external
	.byte	4                               @ Abbrev [4] 0x177:0xf DW_TAG_formal_parameter
	.byte	3                               @ DW_AT_location
	.byte	145
	.asciz	"\334"
	.long	.Linfo_string24                 @ DW_AT_name
	.byte	2                               @ DW_AT_decl_file
	.byte	51                              @ DW_AT_decl_line
	.long	494                             @ DW_AT_type
	.byte	4                               @ Abbrev [4] 0x186:0xf DW_TAG_formal_parameter
	.byte	3                               @ DW_AT_location
	.byte	145
	.asciz	"\330"
	.long	.Linfo_string174                @ DW_AT_name
	.byte	2                               @ DW_AT_decl_file
	.byte	51                              @ DW_AT_decl_line
	.long	87                              @ DW_AT_type
	.byte	13                              @ Abbrev [13] 0x195:0xe DW_TAG_variable
	.byte	2                               @ DW_AT_location
	.byte	145
	.byte	48
	.long	.Linfo_string175                @ DW_AT_name
	.byte	2                               @ DW_AT_decl_file
	.byte	52                              @ DW_AT_decl_line
	.long	2494                            @ DW_AT_type
	.byte	13                              @ Abbrev [13] 0x1a3:0xe DW_TAG_variable
	.byte	2                               @ DW_AT_location
	.byte	145
	.byte	8
	.long	.Linfo_string180                @ DW_AT_name
	.byte	2                               @ DW_AT_decl_file
	.byte	53                              @ DW_AT_decl_line
	.long	2494                            @ DW_AT_type
	.byte	0                               @ End Of Children Mark
	.byte	2                               @ Abbrev [2] 0x1b2:0x3c DW_TAG_subprogram
	.long	.Lfunc_begin4                   @ DW_AT_low_pc
	.long	.Lfunc_end4-.Lfunc_begin4       @ DW_AT_high_pc
	.byte	1                               @ DW_AT_frame_base
	.byte	93
	.long	.Linfo_string22                 @ DW_AT_name
	.byte	2                               @ DW_AT_decl_file
	.byte	99                              @ DW_AT_decl_line
                                        @ DW_AT_prototyped
                                        @ DW_AT_external
	.byte	4                               @ Abbrev [4] 0x1c3:0xe DW_TAG_formal_parameter
	.byte	2                               @ DW_AT_location
	.byte	145
	.byte	52
	.long	.Linfo_string24                 @ DW_AT_name
	.byte	2                               @ DW_AT_decl_file
	.byte	99                              @ DW_AT_decl_line
	.long	494                             @ DW_AT_type
	.byte	4                               @ Abbrev [4] 0x1d1:0xe DW_TAG_formal_parameter
	.byte	2                               @ DW_AT_location
	.byte	145
	.byte	48
	.long	.Linfo_string174                @ DW_AT_name
	.byte	2                               @ DW_AT_decl_file
	.byte	99                              @ DW_AT_decl_line
	.long	87                              @ DW_AT_type
	.byte	13                              @ Abbrev [13] 0x1df:0xe DW_TAG_variable
	.byte	2                               @ DW_AT_location
	.byte	145
	.byte	8
	.long	.Linfo_string181                @ DW_AT_name
	.byte	2                               @ DW_AT_decl_file
	.byte	101                             @ DW_AT_decl_line
	.long	2494                            @ DW_AT_type
	.byte	0                               @ End Of Children Mark
	.byte	14                              @ Abbrev [14] 0x1ee:0x5 DW_TAG_pointer_type
	.long	499                             @ DW_AT_type
	.byte	15                              @ Abbrev [15] 0x1f3:0xc DW_TAG_typedef
	.long	511                             @ DW_AT_type
	.long	.Linfo_string148                @ DW_AT_name
	.byte	4                               @ DW_AT_decl_file
	.short	760                             @ DW_AT_decl_line
	.byte	16                              @ Abbrev [16] 0x1ff:0x6e DW_TAG_structure_type
	.byte	160                             @ DW_AT_byte_size
	.byte	4                               @ DW_AT_decl_file
	.short	717                             @ DW_AT_decl_line
	.byte	17                              @ Abbrev [17] 0x204:0xd DW_TAG_member
	.long	.Linfo_string25                 @ DW_AT_name
	.long	621                             @ DW_AT_type
	.byte	4                               @ DW_AT_decl_file
	.short	720                             @ DW_AT_decl_line
	.byte	0                               @ DW_AT_data_member_location
	.byte	17                              @ Abbrev [17] 0x211:0xd DW_TAG_member
	.long	.Linfo_string80                 @ DW_AT_name
	.long	1375                            @ DW_AT_type
	.byte	4                               @ DW_AT_decl_file
	.short	722                             @ DW_AT_decl_line
	.byte	4                               @ DW_AT_data_member_location
	.byte	17                              @ Abbrev [17] 0x21e:0xd DW_TAG_member
	.long	.Linfo_string100                @ DW_AT_name
	.long	1659                            @ DW_AT_type
	.byte	4                               @ DW_AT_decl_file
	.short	724                             @ DW_AT_decl_line
	.byte	8                               @ DW_AT_data_member_location
	.byte	17                              @ Abbrev [17] 0x22b:0xd DW_TAG_member
	.long	.Linfo_string130                @ DW_AT_name
	.long	2010                            @ DW_AT_type
	.byte	4                               @ DW_AT_decl_file
	.short	726                             @ DW_AT_decl_line
	.byte	108                             @ DW_AT_data_member_location
	.byte	17                              @ Abbrev [17] 0x238:0xd DW_TAG_member
	.long	.Linfo_string142                @ DW_AT_name
	.long	87                              @ DW_AT_type
	.byte	4                               @ DW_AT_decl_file
	.short	728                             @ DW_AT_decl_line
	.byte	148                             @ DW_AT_data_member_location
	.byte	17                              @ Abbrev [17] 0x245:0xd DW_TAG_member
	.long	.Linfo_string143                @ DW_AT_name
	.long	2158                            @ DW_AT_type
	.byte	4                               @ DW_AT_decl_file
	.short	731                             @ DW_AT_decl_line
	.byte	152                             @ DW_AT_data_member_location
	.byte	17                              @ Abbrev [17] 0x252:0xd DW_TAG_member
	.long	.Linfo_string145                @ DW_AT_name
	.long	2174                            @ DW_AT_type
	.byte	4                               @ DW_AT_decl_file
	.short	733                             @ DW_AT_decl_line
	.byte	153                             @ DW_AT_data_member_location
	.byte	17                              @ Abbrev [17] 0x25f:0xd DW_TAG_member
	.long	.Linfo_string147                @ DW_AT_name
	.long	1334                            @ DW_AT_type
	.byte	4                               @ DW_AT_decl_file
	.short	735                             @ DW_AT_decl_line
	.byte	156                             @ DW_AT_data_member_location
	.byte	0                               @ End Of Children Mark
	.byte	14                              @ Abbrev [14] 0x26d:0x5 DW_TAG_pointer_type
	.long	626                             @ DW_AT_type
	.byte	15                              @ Abbrev [15] 0x272:0xc DW_TAG_typedef
	.long	638                             @ DW_AT_type
	.long	.Linfo_string79                 @ DW_AT_name
	.byte	6                               @ DW_AT_decl_file
	.short	369                             @ DW_AT_decl_line
	.byte	18                              @ Abbrev [18] 0x27e:0x2b8 DW_TAG_structure_type
	.short	256                             @ DW_AT_byte_size
	.byte	6                               @ DW_AT_decl_file
	.short	314                             @ DW_AT_decl_line
	.byte	17                              @ Abbrev [17] 0x284:0xd DW_TAG_member
	.long	.Linfo_string26                 @ DW_AT_name
	.long	1334                            @ DW_AT_type
	.byte	6                               @ DW_AT_decl_file
	.short	316                             @ DW_AT_decl_line
	.byte	0                               @ DW_AT_data_member_location
	.byte	17                              @ Abbrev [17] 0x291:0xd DW_TAG_member
	.long	.Linfo_string27                 @ DW_AT_name
	.long	1334                            @ DW_AT_type
	.byte	6                               @ DW_AT_decl_file
	.short	317                             @ DW_AT_decl_line
	.byte	4                               @ DW_AT_data_member_location
	.byte	17                              @ Abbrev [17] 0x29e:0xd DW_TAG_member
	.long	.Linfo_string28                 @ DW_AT_name
	.long	1334                            @ DW_AT_type
	.byte	6                               @ DW_AT_decl_file
	.short	318                             @ DW_AT_decl_line
	.byte	8                               @ DW_AT_data_member_location
	.byte	17                              @ Abbrev [17] 0x2ab:0xd DW_TAG_member
	.long	.Linfo_string29                 @ DW_AT_name
	.long	1334                            @ DW_AT_type
	.byte	6                               @ DW_AT_decl_file
	.short	319                             @ DW_AT_decl_line
	.byte	12                              @ DW_AT_data_member_location
	.byte	17                              @ Abbrev [17] 0x2b8:0xd DW_TAG_member
	.long	.Linfo_string30                 @ DW_AT_name
	.long	1334                            @ DW_AT_type
	.byte	6                               @ DW_AT_decl_file
	.short	320                             @ DW_AT_decl_line
	.byte	16                              @ DW_AT_data_member_location
	.byte	17                              @ Abbrev [17] 0x2c5:0xd DW_TAG_member
	.long	.Linfo_string31                 @ DW_AT_name
	.long	1334                            @ DW_AT_type
	.byte	6                               @ DW_AT_decl_file
	.short	321                             @ DW_AT_decl_line
	.byte	20                              @ DW_AT_data_member_location
	.byte	17                              @ Abbrev [17] 0x2d2:0xd DW_TAG_member
	.long	.Linfo_string32                 @ DW_AT_name
	.long	1334                            @ DW_AT_type
	.byte	6                               @ DW_AT_decl_file
	.short	322                             @ DW_AT_decl_line
	.byte	24                              @ DW_AT_data_member_location
	.byte	17                              @ Abbrev [17] 0x2df:0xd DW_TAG_member
	.long	.Linfo_string33                 @ DW_AT_name
	.long	1334                            @ DW_AT_type
	.byte	6                               @ DW_AT_decl_file
	.short	323                             @ DW_AT_decl_line
	.byte	28                              @ DW_AT_data_member_location
	.byte	17                              @ Abbrev [17] 0x2ec:0xd DW_TAG_member
	.long	.Linfo_string34                 @ DW_AT_name
	.long	1334                            @ DW_AT_type
	.byte	6                               @ DW_AT_decl_file
	.short	324                             @ DW_AT_decl_line
	.byte	32                              @ DW_AT_data_member_location
	.byte	17                              @ Abbrev [17] 0x2f9:0xd DW_TAG_member
	.long	.Linfo_string35                 @ DW_AT_name
	.long	1334                            @ DW_AT_type
	.byte	6                               @ DW_AT_decl_file
	.short	325                             @ DW_AT_decl_line
	.byte	36                              @ DW_AT_data_member_location
	.byte	17                              @ Abbrev [17] 0x306:0xd DW_TAG_member
	.long	.Linfo_string36                 @ DW_AT_name
	.long	1334                            @ DW_AT_type
	.byte	6                               @ DW_AT_decl_file
	.short	326                             @ DW_AT_decl_line
	.byte	40                              @ DW_AT_data_member_location
	.byte	17                              @ Abbrev [17] 0x313:0xd DW_TAG_member
	.long	.Linfo_string37                 @ DW_AT_name
	.long	1334                            @ DW_AT_type
	.byte	6                               @ DW_AT_decl_file
	.short	327                             @ DW_AT_decl_line
	.byte	44                              @ DW_AT_data_member_location
	.byte	17                              @ Abbrev [17] 0x320:0xd DW_TAG_member
	.long	.Linfo_string38                 @ DW_AT_name
	.long	1339                            @ DW_AT_type
	.byte	6                               @ DW_AT_decl_file
	.short	328                             @ DW_AT_decl_line
	.byte	48                              @ DW_AT_data_member_location
	.byte	17                              @ Abbrev [17] 0x32d:0xd DW_TAG_member
	.long	.Linfo_string39                 @ DW_AT_name
	.long	1334                            @ DW_AT_type
	.byte	6                               @ DW_AT_decl_file
	.short	329                             @ DW_AT_decl_line
	.byte	64                              @ DW_AT_data_member_location
	.byte	17                              @ Abbrev [17] 0x33a:0xd DW_TAG_member
	.long	.Linfo_string40                 @ DW_AT_name
	.long	1334                            @ DW_AT_type
	.byte	6                               @ DW_AT_decl_file
	.short	330                             @ DW_AT_decl_line
	.byte	68                              @ DW_AT_data_member_location
	.byte	17                              @ Abbrev [17] 0x347:0xd DW_TAG_member
	.long	.Linfo_string41                 @ DW_AT_name
	.long	1334                            @ DW_AT_type
	.byte	6                               @ DW_AT_decl_file
	.short	331                             @ DW_AT_decl_line
	.byte	72                              @ DW_AT_data_member_location
	.byte	17                              @ Abbrev [17] 0x354:0xd DW_TAG_member
	.long	.Linfo_string42                 @ DW_AT_name
	.long	1334                            @ DW_AT_type
	.byte	6                               @ DW_AT_decl_file
	.short	332                             @ DW_AT_decl_line
	.byte	76                              @ DW_AT_data_member_location
	.byte	17                              @ Abbrev [17] 0x361:0xd DW_TAG_member
	.long	.Linfo_string43                 @ DW_AT_name
	.long	1334                            @ DW_AT_type
	.byte	6                               @ DW_AT_decl_file
	.short	333                             @ DW_AT_decl_line
	.byte	80                              @ DW_AT_data_member_location
	.byte	17                              @ Abbrev [17] 0x36e:0xd DW_TAG_member
	.long	.Linfo_string44                 @ DW_AT_name
	.long	1334                            @ DW_AT_type
	.byte	6                               @ DW_AT_decl_file
	.short	334                             @ DW_AT_decl_line
	.byte	84                              @ DW_AT_data_member_location
	.byte	17                              @ Abbrev [17] 0x37b:0xd DW_TAG_member
	.long	.Linfo_string45                 @ DW_AT_name
	.long	1334                            @ DW_AT_type
	.byte	6                               @ DW_AT_decl_file
	.short	335                             @ DW_AT_decl_line
	.byte	88                              @ DW_AT_data_member_location
	.byte	17                              @ Abbrev [17] 0x388:0xd DW_TAG_member
	.long	.Linfo_string46                 @ DW_AT_name
	.long	1334                            @ DW_AT_type
	.byte	6                               @ DW_AT_decl_file
	.short	336                             @ DW_AT_decl_line
	.byte	92                              @ DW_AT_data_member_location
	.byte	17                              @ Abbrev [17] 0x395:0xd DW_TAG_member
	.long	.Linfo_string47                 @ DW_AT_name
	.long	1351                            @ DW_AT_type
	.byte	6                               @ DW_AT_decl_file
	.short	337                             @ DW_AT_decl_line
	.byte	96                              @ DW_AT_data_member_location
	.byte	17                              @ Abbrev [17] 0x3a2:0xd DW_TAG_member
	.long	.Linfo_string48                 @ DW_AT_name
	.long	1334                            @ DW_AT_type
	.byte	6                               @ DW_AT_decl_file
	.short	338                             @ DW_AT_decl_line
	.byte	128                             @ DW_AT_data_member_location
	.byte	17                              @ Abbrev [17] 0x3af:0xd DW_TAG_member
	.long	.Linfo_string49                 @ DW_AT_name
	.long	1334                            @ DW_AT_type
	.byte	6                               @ DW_AT_decl_file
	.short	339                             @ DW_AT_decl_line
	.byte	132                             @ DW_AT_data_member_location
	.byte	17                              @ Abbrev [17] 0x3bc:0xd DW_TAG_member
	.long	.Linfo_string50                 @ DW_AT_name
	.long	1334                            @ DW_AT_type
	.byte	6                               @ DW_AT_decl_file
	.short	340                             @ DW_AT_decl_line
	.byte	136                             @ DW_AT_data_member_location
	.byte	17                              @ Abbrev [17] 0x3c9:0xd DW_TAG_member
	.long	.Linfo_string51                 @ DW_AT_name
	.long	1334                            @ DW_AT_type
	.byte	6                               @ DW_AT_decl_file
	.short	341                             @ DW_AT_decl_line
	.byte	140                             @ DW_AT_data_member_location
	.byte	17                              @ Abbrev [17] 0x3d6:0xd DW_TAG_member
	.long	.Linfo_string52                 @ DW_AT_name
	.long	1334                            @ DW_AT_type
	.byte	6                               @ DW_AT_decl_file
	.short	342                             @ DW_AT_decl_line
	.byte	144                             @ DW_AT_data_member_location
	.byte	17                              @ Abbrev [17] 0x3e3:0xd DW_TAG_member
	.long	.Linfo_string53                 @ DW_AT_name
	.long	1334                            @ DW_AT_type
	.byte	6                               @ DW_AT_decl_file
	.short	343                             @ DW_AT_decl_line
	.byte	148                             @ DW_AT_data_member_location
	.byte	17                              @ Abbrev [17] 0x3f0:0xd DW_TAG_member
	.long	.Linfo_string54                 @ DW_AT_name
	.long	1334                            @ DW_AT_type
	.byte	6                               @ DW_AT_decl_file
	.short	344                             @ DW_AT_decl_line
	.byte	152                             @ DW_AT_data_member_location
	.byte	17                              @ Abbrev [17] 0x3fd:0xd DW_TAG_member
	.long	.Linfo_string55                 @ DW_AT_name
	.long	1334                            @ DW_AT_type
	.byte	6                               @ DW_AT_decl_file
	.short	345                             @ DW_AT_decl_line
	.byte	156                             @ DW_AT_data_member_location
	.byte	17                              @ Abbrev [17] 0x40a:0xd DW_TAG_member
	.long	.Linfo_string56                 @ DW_AT_name
	.long	1334                            @ DW_AT_type
	.byte	6                               @ DW_AT_decl_file
	.short	346                             @ DW_AT_decl_line
	.byte	160                             @ DW_AT_data_member_location
	.byte	17                              @ Abbrev [17] 0x417:0xd DW_TAG_member
	.long	.Linfo_string57                 @ DW_AT_name
	.long	1334                            @ DW_AT_type
	.byte	6                               @ DW_AT_decl_file
	.short	347                             @ DW_AT_decl_line
	.byte	164                             @ DW_AT_data_member_location
	.byte	17                              @ Abbrev [17] 0x424:0xd DW_TAG_member
	.long	.Linfo_string58                 @ DW_AT_name
	.long	1334                            @ DW_AT_type
	.byte	6                               @ DW_AT_decl_file
	.short	348                             @ DW_AT_decl_line
	.byte	168                             @ DW_AT_data_member_location
	.byte	17                              @ Abbrev [17] 0x431:0xd DW_TAG_member
	.long	.Linfo_string59                 @ DW_AT_name
	.long	1334                            @ DW_AT_type
	.byte	6                               @ DW_AT_decl_file
	.short	349                             @ DW_AT_decl_line
	.byte	172                             @ DW_AT_data_member_location
	.byte	17                              @ Abbrev [17] 0x43e:0xd DW_TAG_member
	.long	.Linfo_string60                 @ DW_AT_name
	.long	1334                            @ DW_AT_type
	.byte	6                               @ DW_AT_decl_file
	.short	350                             @ DW_AT_decl_line
	.byte	176                             @ DW_AT_data_member_location
	.byte	17                              @ Abbrev [17] 0x44b:0xd DW_TAG_member
	.long	.Linfo_string61                 @ DW_AT_name
	.long	1334                            @ DW_AT_type
	.byte	6                               @ DW_AT_decl_file
	.short	351                             @ DW_AT_decl_line
	.byte	180                             @ DW_AT_data_member_location
	.byte	17                              @ Abbrev [17] 0x458:0xd DW_TAG_member
	.long	.Linfo_string62                 @ DW_AT_name
	.long	1334                            @ DW_AT_type
	.byte	6                               @ DW_AT_decl_file
	.short	352                             @ DW_AT_decl_line
	.byte	184                             @ DW_AT_data_member_location
	.byte	17                              @ Abbrev [17] 0x465:0xd DW_TAG_member
	.long	.Linfo_string63                 @ DW_AT_name
	.long	1334                            @ DW_AT_type
	.byte	6                               @ DW_AT_decl_file
	.short	353                             @ DW_AT_decl_line
	.byte	188                             @ DW_AT_data_member_location
	.byte	17                              @ Abbrev [17] 0x472:0xd DW_TAG_member
	.long	.Linfo_string64                 @ DW_AT_name
	.long	1334                            @ DW_AT_type
	.byte	6                               @ DW_AT_decl_file
	.short	354                             @ DW_AT_decl_line
	.byte	192                             @ DW_AT_data_member_location
	.byte	17                              @ Abbrev [17] 0x47f:0xd DW_TAG_member
	.long	.Linfo_string65                 @ DW_AT_name
	.long	1334                            @ DW_AT_type
	.byte	6                               @ DW_AT_decl_file
	.short	355                             @ DW_AT_decl_line
	.byte	196                             @ DW_AT_data_member_location
	.byte	17                              @ Abbrev [17] 0x48c:0xd DW_TAG_member
	.long	.Linfo_string66                 @ DW_AT_name
	.long	1334                            @ DW_AT_type
	.byte	6                               @ DW_AT_decl_file
	.short	356                             @ DW_AT_decl_line
	.byte	200                             @ DW_AT_data_member_location
	.byte	17                              @ Abbrev [17] 0x499:0xd DW_TAG_member
	.long	.Linfo_string67                 @ DW_AT_name
	.long	1334                            @ DW_AT_type
	.byte	6                               @ DW_AT_decl_file
	.short	357                             @ DW_AT_decl_line
	.byte	204                             @ DW_AT_data_member_location
	.byte	17                              @ Abbrev [17] 0x4a6:0xd DW_TAG_member
	.long	.Linfo_string68                 @ DW_AT_name
	.long	1334                            @ DW_AT_type
	.byte	6                               @ DW_AT_decl_file
	.short	358                             @ DW_AT_decl_line
	.byte	208                             @ DW_AT_data_member_location
	.byte	17                              @ Abbrev [17] 0x4b3:0xd DW_TAG_member
	.long	.Linfo_string69                 @ DW_AT_name
	.long	1334                            @ DW_AT_type
	.byte	6                               @ DW_AT_decl_file
	.short	359                             @ DW_AT_decl_line
	.byte	212                             @ DW_AT_data_member_location
	.byte	17                              @ Abbrev [17] 0x4c0:0xd DW_TAG_member
	.long	.Linfo_string70                 @ DW_AT_name
	.long	1334                            @ DW_AT_type
	.byte	6                               @ DW_AT_decl_file
	.short	360                             @ DW_AT_decl_line
	.byte	216                             @ DW_AT_data_member_location
	.byte	17                              @ Abbrev [17] 0x4cd:0xd DW_TAG_member
	.long	.Linfo_string71                 @ DW_AT_name
	.long	1334                            @ DW_AT_type
	.byte	6                               @ DW_AT_decl_file
	.short	361                             @ DW_AT_decl_line
	.byte	220                             @ DW_AT_data_member_location
	.byte	17                              @ Abbrev [17] 0x4da:0xd DW_TAG_member
	.long	.Linfo_string72                 @ DW_AT_name
	.long	1334                            @ DW_AT_type
	.byte	6                               @ DW_AT_decl_file
	.short	362                             @ DW_AT_decl_line
	.byte	224                             @ DW_AT_data_member_location
	.byte	17                              @ Abbrev [17] 0x4e7:0xd DW_TAG_member
	.long	.Linfo_string73                 @ DW_AT_name
	.long	1334                            @ DW_AT_type
	.byte	6                               @ DW_AT_decl_file
	.short	363                             @ DW_AT_decl_line
	.byte	228                             @ DW_AT_data_member_location
	.byte	17                              @ Abbrev [17] 0x4f4:0xd DW_TAG_member
	.long	.Linfo_string74                 @ DW_AT_name
	.long	1363                            @ DW_AT_type
	.byte	6                               @ DW_AT_decl_file
	.short	364                             @ DW_AT_decl_line
	.byte	232                             @ DW_AT_data_member_location
	.byte	17                              @ Abbrev [17] 0x501:0xd DW_TAG_member
	.long	.Linfo_string75                 @ DW_AT_name
	.long	1334                            @ DW_AT_type
	.byte	6                               @ DW_AT_decl_file
	.short	365                             @ DW_AT_decl_line
	.byte	240                             @ DW_AT_data_member_location
	.byte	17                              @ Abbrev [17] 0x50e:0xd DW_TAG_member
	.long	.Linfo_string76                 @ DW_AT_name
	.long	1334                            @ DW_AT_type
	.byte	6                               @ DW_AT_decl_file
	.short	366                             @ DW_AT_decl_line
	.byte	244                             @ DW_AT_data_member_location
	.byte	17                              @ Abbrev [17] 0x51b:0xd DW_TAG_member
	.long	.Linfo_string77                 @ DW_AT_name
	.long	1334                            @ DW_AT_type
	.byte	6                               @ DW_AT_decl_file
	.short	367                             @ DW_AT_decl_line
	.byte	248                             @ DW_AT_data_member_location
	.byte	17                              @ Abbrev [17] 0x528:0xd DW_TAG_member
	.long	.Linfo_string78                 @ DW_AT_name
	.long	1334                            @ DW_AT_type
	.byte	6                               @ DW_AT_decl_file
	.short	368                             @ DW_AT_decl_line
	.byte	252                             @ DW_AT_data_member_location
	.byte	0                               @ End Of Children Mark
	.byte	19                              @ Abbrev [19] 0x536:0x5 DW_TAG_volatile_type
	.long	87                              @ DW_AT_type
	.byte	8                               @ Abbrev [8] 0x53b:0xc DW_TAG_array_type
	.long	1334                            @ DW_AT_type
	.byte	9                               @ Abbrev [9] 0x540:0x6 DW_TAG_subrange_type
	.long	152                             @ DW_AT_type
	.byte	4                               @ DW_AT_count
	.byte	0                               @ End Of Children Mark
	.byte	8                               @ Abbrev [8] 0x547:0xc DW_TAG_array_type
	.long	1334                            @ DW_AT_type
	.byte	9                               @ Abbrev [9] 0x54c:0x6 DW_TAG_subrange_type
	.long	152                             @ DW_AT_type
	.byte	8                               @ DW_AT_count
	.byte	0                               @ End Of Children Mark
	.byte	8                               @ Abbrev [8] 0x553:0xc DW_TAG_array_type
	.long	1334                            @ DW_AT_type
	.byte	9                               @ Abbrev [9] 0x558:0x6 DW_TAG_subrange_type
	.long	152                             @ DW_AT_type
	.byte	2                               @ DW_AT_count
	.byte	0                               @ End Of Children Mark
	.byte	14                              @ Abbrev [14] 0x55f:0x5 DW_TAG_pointer_type
	.long	1380                            @ DW_AT_type
	.byte	15                              @ Abbrev [15] 0x564:0xc DW_TAG_typedef
	.long	1392                            @ DW_AT_type
	.long	.Linfo_string99                 @ DW_AT_name
	.byte	6                               @ DW_AT_decl_file
	.short	396                             @ DW_AT_decl_line
	.byte	18                              @ Abbrev [18] 0x570:0xff DW_TAG_structure_type
	.short	516                             @ DW_AT_byte_size
	.byte	6                               @ DW_AT_decl_file
	.short	375                             @ DW_AT_decl_line
	.byte	17                              @ Abbrev [17] 0x576:0xd DW_TAG_member
	.long	.Linfo_string81                 @ DW_AT_name
	.long	1334                            @ DW_AT_type
	.byte	6                               @ DW_AT_decl_file
	.short	377                             @ DW_AT_decl_line
	.byte	0                               @ DW_AT_data_member_location
	.byte	17                              @ Abbrev [17] 0x583:0xd DW_TAG_member
	.long	.Linfo_string82                 @ DW_AT_name
	.long	1334                            @ DW_AT_type
	.byte	6                               @ DW_AT_decl_file
	.short	378                             @ DW_AT_decl_line
	.byte	4                               @ DW_AT_data_member_location
	.byte	17                              @ Abbrev [17] 0x590:0xd DW_TAG_member
	.long	.Linfo_string83                 @ DW_AT_name
	.long	1334                            @ DW_AT_type
	.byte	6                               @ DW_AT_decl_file
	.short	379                             @ DW_AT_decl_line
	.byte	8                               @ DW_AT_data_member_location
	.byte	17                              @ Abbrev [17] 0x59d:0xd DW_TAG_member
	.long	.Linfo_string84                 @ DW_AT_name
	.long	1334                            @ DW_AT_type
	.byte	6                               @ DW_AT_decl_file
	.short	380                             @ DW_AT_decl_line
	.byte	12                              @ DW_AT_data_member_location
	.byte	17                              @ Abbrev [17] 0x5aa:0xd DW_TAG_member
	.long	.Linfo_string85                 @ DW_AT_name
	.long	1334                            @ DW_AT_type
	.byte	6                               @ DW_AT_decl_file
	.short	381                             @ DW_AT_decl_line
	.byte	16                              @ DW_AT_data_member_location
	.byte	17                              @ Abbrev [17] 0x5b7:0xd DW_TAG_member
	.long	.Linfo_string86                 @ DW_AT_name
	.long	1334                            @ DW_AT_type
	.byte	6                               @ DW_AT_decl_file
	.short	382                             @ DW_AT_decl_line
	.byte	20                              @ DW_AT_data_member_location
	.byte	17                              @ Abbrev [17] 0x5c4:0xd DW_TAG_member
	.long	.Linfo_string87                 @ DW_AT_name
	.long	1334                            @ DW_AT_type
	.byte	6                               @ DW_AT_decl_file
	.short	383                             @ DW_AT_decl_line
	.byte	24                              @ DW_AT_data_member_location
	.byte	17                              @ Abbrev [17] 0x5d1:0xd DW_TAG_member
	.long	.Linfo_string88                 @ DW_AT_name
	.long	1334                            @ DW_AT_type
	.byte	6                               @ DW_AT_decl_file
	.short	384                             @ DW_AT_decl_line
	.byte	28                              @ DW_AT_data_member_location
	.byte	17                              @ Abbrev [17] 0x5de:0xd DW_TAG_member
	.long	.Linfo_string89                 @ DW_AT_name
	.long	1334                            @ DW_AT_type
	.byte	6                               @ DW_AT_decl_file
	.short	385                             @ DW_AT_decl_line
	.byte	32                              @ DW_AT_data_member_location
	.byte	17                              @ Abbrev [17] 0x5eb:0xd DW_TAG_member
	.long	.Linfo_string90                 @ DW_AT_name
	.long	1334                            @ DW_AT_type
	.byte	6                               @ DW_AT_decl_file
	.short	386                             @ DW_AT_decl_line
	.byte	36                              @ DW_AT_data_member_location
	.byte	17                              @ Abbrev [17] 0x5f8:0xd DW_TAG_member
	.long	.Linfo_string91                 @ DW_AT_name
	.long	1334                            @ DW_AT_type
	.byte	6                               @ DW_AT_decl_file
	.short	387                             @ DW_AT_decl_line
	.byte	40                              @ DW_AT_data_member_location
	.byte	17                              @ Abbrev [17] 0x605:0xd DW_TAG_member
	.long	.Linfo_string92                 @ DW_AT_name
	.long	1334                            @ DW_AT_type
	.byte	6                               @ DW_AT_decl_file
	.short	388                             @ DW_AT_decl_line
	.byte	44                              @ DW_AT_data_member_location
	.byte	17                              @ Abbrev [17] 0x612:0xd DW_TAG_member
	.long	.Linfo_string93                 @ DW_AT_name
	.long	1334                            @ DW_AT_type
	.byte	6                               @ DW_AT_decl_file
	.short	389                             @ DW_AT_decl_line
	.byte	48                              @ DW_AT_data_member_location
	.byte	17                              @ Abbrev [17] 0x61f:0xd DW_TAG_member
	.long	.Linfo_string94                 @ DW_AT_name
	.long	1334                            @ DW_AT_type
	.byte	6                               @ DW_AT_decl_file
	.short	390                             @ DW_AT_decl_line
	.byte	52                              @ DW_AT_data_member_location
	.byte	17                              @ Abbrev [17] 0x62c:0xd DW_TAG_member
	.long	.Linfo_string95                 @ DW_AT_name
	.long	1334                            @ DW_AT_type
	.byte	6                               @ DW_AT_decl_file
	.short	391                             @ DW_AT_decl_line
	.byte	56                              @ DW_AT_data_member_location
	.byte	17                              @ Abbrev [17] 0x639:0xd DW_TAG_member
	.long	.Linfo_string96                 @ DW_AT_name
	.long	1334                            @ DW_AT_type
	.byte	6                               @ DW_AT_decl_file
	.short	392                             @ DW_AT_decl_line
	.byte	60                              @ DW_AT_data_member_location
	.byte	17                              @ Abbrev [17] 0x646:0xd DW_TAG_member
	.long	.Linfo_string97                 @ DW_AT_name
	.long	1334                            @ DW_AT_type
	.byte	6                               @ DW_AT_decl_file
	.short	393                             @ DW_AT_decl_line
	.byte	64                              @ DW_AT_data_member_location
	.byte	17                              @ Abbrev [17] 0x653:0xd DW_TAG_member
	.long	.Linfo_string28                 @ DW_AT_name
	.long	1647                            @ DW_AT_type
	.byte	6                               @ DW_AT_decl_file
	.short	394                             @ DW_AT_decl_line
	.byte	68                              @ DW_AT_data_member_location
	.byte	20                              @ Abbrev [20] 0x660:0xe DW_TAG_member
	.long	.Linfo_string98                 @ DW_AT_name
	.long	1334                            @ DW_AT_type
	.byte	6                               @ DW_AT_decl_file
	.short	395                             @ DW_AT_decl_line
	.short	512                             @ DW_AT_data_member_location
	.byte	0                               @ End Of Children Mark
	.byte	8                               @ Abbrev [8] 0x66f:0xc DW_TAG_array_type
	.long	1334                            @ DW_AT_type
	.byte	9                               @ Abbrev [9] 0x674:0x6 DW_TAG_subrange_type
	.long	152                             @ DW_AT_type
	.byte	111                             @ DW_AT_count
	.byte	0                               @ End Of Children Mark
	.byte	5                               @ Abbrev [5] 0x67b:0xb DW_TAG_typedef
	.long	1670                            @ DW_AT_type
	.long	.Linfo_string129                @ DW_AT_name
	.byte	4                               @ DW_AT_decl_file
	.byte	148                             @ DW_AT_decl_line
	.byte	21                              @ Abbrev [21] 0x686:0x149 DW_TAG_structure_type
	.byte	100                             @ DW_AT_byte_size
	.byte	4                               @ DW_AT_decl_file
	.byte	59                              @ DW_AT_decl_line
	.byte	22                              @ Abbrev [22] 0x68a:0xc DW_TAG_member
	.long	.Linfo_string101                @ DW_AT_name
	.long	87                              @ DW_AT_type
	.byte	4                               @ DW_AT_decl_file
	.byte	61                              @ DW_AT_decl_line
	.byte	0                               @ DW_AT_data_member_location
	.byte	22                              @ Abbrev [22] 0x696:0xc DW_TAG_member
	.long	.Linfo_string102                @ DW_AT_name
	.long	87                              @ DW_AT_type
	.byte	4                               @ DW_AT_decl_file
	.byte	64                              @ DW_AT_decl_line
	.byte	4                               @ DW_AT_data_member_location
	.byte	22                              @ Abbrev [22] 0x6a2:0xc DW_TAG_member
	.long	.Linfo_string103                @ DW_AT_name
	.long	1999                            @ DW_AT_type
	.byte	4                               @ DW_AT_decl_file
	.byte	67                              @ DW_AT_decl_line
	.byte	8                               @ DW_AT_data_member_location
	.byte	22                              @ Abbrev [22] 0x6ae:0xc DW_TAG_member
	.long	.Linfo_string105                @ DW_AT_name
	.long	1999                            @ DW_AT_type
	.byte	4                               @ DW_AT_decl_file
	.byte	70                              @ DW_AT_decl_line
	.byte	9                               @ DW_AT_data_member_location
	.byte	22                              @ Abbrev [22] 0x6ba:0xc DW_TAG_member
	.long	.Linfo_string106                @ DW_AT_name
	.long	1999                            @ DW_AT_type
	.byte	4                               @ DW_AT_decl_file
	.byte	73                              @ DW_AT_decl_line
	.byte	10                              @ DW_AT_data_member_location
	.byte	22                              @ Abbrev [22] 0x6c6:0xc DW_TAG_member
	.long	.Linfo_string107                @ DW_AT_name
	.long	87                              @ DW_AT_type
	.byte	4                               @ DW_AT_decl_file
	.byte	76                              @ DW_AT_decl_line
	.byte	12                              @ DW_AT_data_member_location
	.byte	22                              @ Abbrev [22] 0x6d2:0xc DW_TAG_member
	.long	.Linfo_string108                @ DW_AT_name
	.long	87                              @ DW_AT_type
	.byte	4                               @ DW_AT_decl_file
	.byte	80                              @ DW_AT_decl_line
	.byte	16                              @ DW_AT_data_member_location
	.byte	22                              @ Abbrev [22] 0x6de:0xc DW_TAG_member
	.long	.Linfo_string109                @ DW_AT_name
	.long	87                              @ DW_AT_type
	.byte	4                               @ DW_AT_decl_file
	.byte	85                              @ DW_AT_decl_line
	.byte	20                              @ DW_AT_data_member_location
	.byte	22                              @ Abbrev [22] 0x6ea:0xc DW_TAG_member
	.long	.Linfo_string110                @ DW_AT_name
	.long	87                              @ DW_AT_type
	.byte	4                               @ DW_AT_decl_file
	.byte	88                              @ DW_AT_decl_line
	.byte	24                              @ DW_AT_data_member_location
	.byte	22                              @ Abbrev [22] 0x6f6:0xc DW_TAG_member
	.long	.Linfo_string111                @ DW_AT_name
	.long	87                              @ DW_AT_type
	.byte	4                               @ DW_AT_decl_file
	.byte	91                              @ DW_AT_decl_line
	.byte	28                              @ DW_AT_data_member_location
	.byte	22                              @ Abbrev [22] 0x702:0xc DW_TAG_member
	.long	.Linfo_string112                @ DW_AT_name
	.long	87                              @ DW_AT_type
	.byte	4                               @ DW_AT_decl_file
	.byte	95                              @ DW_AT_decl_line
	.byte	32                              @ DW_AT_data_member_location
	.byte	22                              @ Abbrev [22] 0x70e:0xc DW_TAG_member
	.long	.Linfo_string113                @ DW_AT_name
	.long	87                              @ DW_AT_type
	.byte	4                               @ DW_AT_decl_file
	.byte	100                             @ DW_AT_decl_line
	.byte	36                              @ DW_AT_data_member_location
	.byte	22                              @ Abbrev [22] 0x71a:0xc DW_TAG_member
	.long	.Linfo_string114                @ DW_AT_name
	.long	87                              @ DW_AT_type
	.byte	4                               @ DW_AT_decl_file
	.byte	103                             @ DW_AT_decl_line
	.byte	40                              @ DW_AT_data_member_location
	.byte	22                              @ Abbrev [22] 0x726:0xc DW_TAG_member
	.long	.Linfo_string115                @ DW_AT_name
	.long	87                              @ DW_AT_type
	.byte	4                               @ DW_AT_decl_file
	.byte	106                             @ DW_AT_decl_line
	.byte	44                              @ DW_AT_data_member_location
	.byte	22                              @ Abbrev [22] 0x732:0xc DW_TAG_member
	.long	.Linfo_string116                @ DW_AT_name
	.long	87                              @ DW_AT_type
	.byte	4                               @ DW_AT_decl_file
	.byte	109                             @ DW_AT_decl_line
	.byte	48                              @ DW_AT_data_member_location
	.byte	22                              @ Abbrev [22] 0x73e:0xc DW_TAG_member
	.long	.Linfo_string117                @ DW_AT_name
	.long	87                              @ DW_AT_type
	.byte	4                               @ DW_AT_decl_file
	.byte	112                             @ DW_AT_decl_line
	.byte	52                              @ DW_AT_data_member_location
	.byte	22                              @ Abbrev [22] 0x74a:0xc DW_TAG_member
	.long	.Linfo_string118                @ DW_AT_name
	.long	87                              @ DW_AT_type
	.byte	4                               @ DW_AT_decl_file
	.byte	115                             @ DW_AT_decl_line
	.byte	56                              @ DW_AT_data_member_location
	.byte	22                              @ Abbrev [22] 0x756:0xc DW_TAG_member
	.long	.Linfo_string119                @ DW_AT_name
	.long	87                              @ DW_AT_type
	.byte	4                               @ DW_AT_decl_file
	.byte	118                             @ DW_AT_decl_line
	.byte	60                              @ DW_AT_data_member_location
	.byte	22                              @ Abbrev [22] 0x762:0xc DW_TAG_member
	.long	.Linfo_string120                @ DW_AT_name
	.long	87                              @ DW_AT_type
	.byte	4                               @ DW_AT_decl_file
	.byte	121                             @ DW_AT_decl_line
	.byte	64                              @ DW_AT_data_member_location
	.byte	22                              @ Abbrev [22] 0x76e:0xc DW_TAG_member
	.long	.Linfo_string121                @ DW_AT_name
	.long	87                              @ DW_AT_type
	.byte	4                               @ DW_AT_decl_file
	.byte	124                             @ DW_AT_decl_line
	.byte	68                              @ DW_AT_data_member_location
	.byte	22                              @ Abbrev [22] 0x77a:0xc DW_TAG_member
	.long	.Linfo_string122                @ DW_AT_name
	.long	87                              @ DW_AT_type
	.byte	4                               @ DW_AT_decl_file
	.byte	127                             @ DW_AT_decl_line
	.byte	72                              @ DW_AT_data_member_location
	.byte	22                              @ Abbrev [22] 0x786:0xc DW_TAG_member
	.long	.Linfo_string123                @ DW_AT_name
	.long	87                              @ DW_AT_type
	.byte	4                               @ DW_AT_decl_file
	.byte	130                             @ DW_AT_decl_line
	.byte	76                              @ DW_AT_data_member_location
	.byte	22                              @ Abbrev [22] 0x792:0xc DW_TAG_member
	.long	.Linfo_string124                @ DW_AT_name
	.long	87                              @ DW_AT_type
	.byte	4                               @ DW_AT_decl_file
	.byte	133                             @ DW_AT_decl_line
	.byte	80                              @ DW_AT_data_member_location
	.byte	22                              @ Abbrev [22] 0x79e:0xc DW_TAG_member
	.long	.Linfo_string125                @ DW_AT_name
	.long	87                              @ DW_AT_type
	.byte	4                               @ DW_AT_decl_file
	.byte	136                             @ DW_AT_decl_line
	.byte	84                              @ DW_AT_data_member_location
	.byte	22                              @ Abbrev [22] 0x7aa:0xc DW_TAG_member
	.long	.Linfo_string126                @ DW_AT_name
	.long	87                              @ DW_AT_type
	.byte	4                               @ DW_AT_decl_file
	.byte	139                             @ DW_AT_decl_line
	.byte	88                              @ DW_AT_data_member_location
	.byte	22                              @ Abbrev [22] 0x7b6:0xc DW_TAG_member
	.long	.Linfo_string127                @ DW_AT_name
	.long	87                              @ DW_AT_type
	.byte	4                               @ DW_AT_decl_file
	.byte	142                             @ DW_AT_decl_line
	.byte	92                              @ DW_AT_data_member_location
	.byte	22                              @ Abbrev [22] 0x7c2:0xc DW_TAG_member
	.long	.Linfo_string128                @ DW_AT_name
	.long	87                              @ DW_AT_type
	.byte	4                               @ DW_AT_decl_file
	.byte	145                             @ DW_AT_decl_line
	.byte	96                              @ DW_AT_data_member_location
	.byte	0                               @ End Of Children Mark
	.byte	5                               @ Abbrev [5] 0x7cf:0xb DW_TAG_typedef
	.long	159                             @ DW_AT_type
	.long	.Linfo_string104                @ DW_AT_name
	.byte	3                               @ DW_AT_decl_file
	.byte	190                             @ DW_AT_decl_line
	.byte	15                              @ Abbrev [15] 0x7da:0xc DW_TAG_typedef
	.long	2022                            @ DW_AT_type
	.long	.Linfo_string141                @ DW_AT_name
	.byte	4                               @ DW_AT_decl_file
	.short	709                             @ DW_AT_decl_line
	.byte	16                              @ Abbrev [16] 0x7e6:0x88 DW_TAG_structure_type
	.byte	40                              @ DW_AT_byte_size
	.byte	4                               @ DW_AT_decl_file
	.short	677                             @ DW_AT_decl_line
	.byte	17                              @ Abbrev [17] 0x7eb:0xd DW_TAG_member
	.long	.Linfo_string131                @ DW_AT_name
	.long	87                              @ DW_AT_type
	.byte	4                               @ DW_AT_decl_file
	.short	679                             @ DW_AT_decl_line
	.byte	0                               @ DW_AT_data_member_location
	.byte	17                              @ Abbrev [17] 0x7f8:0xd DW_TAG_member
	.long	.Linfo_string132                @ DW_AT_name
	.long	87                              @ DW_AT_type
	.byte	4                               @ DW_AT_decl_file
	.short	682                             @ DW_AT_decl_line
	.byte	4                               @ DW_AT_data_member_location
	.byte	17                              @ Abbrev [17] 0x805:0xd DW_TAG_member
	.long	.Linfo_string133                @ DW_AT_name
	.long	87                              @ DW_AT_type
	.byte	4                               @ DW_AT_decl_file
	.short	685                             @ DW_AT_decl_line
	.byte	8                               @ DW_AT_data_member_location
	.byte	17                              @ Abbrev [17] 0x812:0xd DW_TAG_member
	.long	.Linfo_string134                @ DW_AT_name
	.long	87                              @ DW_AT_type
	.byte	4                               @ DW_AT_decl_file
	.short	688                             @ DW_AT_decl_line
	.byte	12                              @ DW_AT_data_member_location
	.byte	17                              @ Abbrev [17] 0x81f:0xd DW_TAG_member
	.long	.Linfo_string135                @ DW_AT_name
	.long	87                              @ DW_AT_type
	.byte	4                               @ DW_AT_decl_file
	.short	691                             @ DW_AT_decl_line
	.byte	16                              @ DW_AT_data_member_location
	.byte	17                              @ Abbrev [17] 0x82c:0xd DW_TAG_member
	.long	.Linfo_string136                @ DW_AT_name
	.long	87                              @ DW_AT_type
	.byte	4                               @ DW_AT_decl_file
	.short	694                             @ DW_AT_decl_line
	.byte	20                              @ DW_AT_data_member_location
	.byte	17                              @ Abbrev [17] 0x839:0xd DW_TAG_member
	.long	.Linfo_string137                @ DW_AT_name
	.long	87                              @ DW_AT_type
	.byte	4                               @ DW_AT_decl_file
	.short	697                             @ DW_AT_decl_line
	.byte	24                              @ DW_AT_data_member_location
	.byte	17                              @ Abbrev [17] 0x846:0xd DW_TAG_member
	.long	.Linfo_string138                @ DW_AT_name
	.long	87                              @ DW_AT_type
	.byte	4                               @ DW_AT_decl_file
	.short	700                             @ DW_AT_decl_line
	.byte	28                              @ DW_AT_data_member_location
	.byte	17                              @ Abbrev [17] 0x853:0xd DW_TAG_member
	.long	.Linfo_string139                @ DW_AT_name
	.long	87                              @ DW_AT_type
	.byte	4                               @ DW_AT_decl_file
	.short	703                             @ DW_AT_decl_line
	.byte	32                              @ DW_AT_data_member_location
	.byte	17                              @ Abbrev [17] 0x860:0xd DW_TAG_member
	.long	.Linfo_string140                @ DW_AT_name
	.long	87                              @ DW_AT_type
	.byte	4                               @ DW_AT_decl_file
	.short	706                             @ DW_AT_decl_line
	.byte	36                              @ DW_AT_data_member_location
	.byte	0                               @ End Of Children Mark
	.byte	19                              @ Abbrev [19] 0x86e:0x5 DW_TAG_volatile_type
	.long	2163                            @ DW_AT_type
	.byte	5                               @ Abbrev [5] 0x873:0xb DW_TAG_typedef
	.long	180                             @ DW_AT_type
	.long	.Linfo_string144                @ DW_AT_name
	.byte	4                               @ DW_AT_decl_file
	.byte	54                              @ DW_AT_decl_line
	.byte	5                               @ Abbrev [5] 0x87e:0xb DW_TAG_typedef
	.long	213                             @ DW_AT_type
	.long	.Linfo_string146                @ DW_AT_name
	.byte	5                               @ DW_AT_decl_file
	.byte	54                              @ DW_AT_decl_line
	.byte	5                               @ Abbrev [5] 0x889:0xb DW_TAG_typedef
	.long	2196                            @ DW_AT_type
	.long	.Linfo_string158                @ DW_AT_name
	.byte	4                               @ DW_AT_decl_file
	.byte	227                             @ DW_AT_decl_line
	.byte	21                              @ Abbrev [21] 0x894:0x65 DW_TAG_structure_type
	.byte	32                              @ DW_AT_byte_size
	.byte	4                               @ DW_AT_decl_file
	.byte	181                             @ DW_AT_decl_line
	.byte	22                              @ Abbrev [22] 0x898:0xc DW_TAG_member
	.long	.Linfo_string150                @ DW_AT_name
	.long	87                              @ DW_AT_type
	.byte	4                               @ DW_AT_decl_file
	.byte	183                             @ DW_AT_decl_line
	.byte	0                               @ DW_AT_data_member_location
	.byte	22                              @ Abbrev [22] 0x8a4:0xc DW_TAG_member
	.long	.Linfo_string151                @ DW_AT_name
	.long	87                              @ DW_AT_type
	.byte	4                               @ DW_AT_decl_file
	.byte	186                             @ DW_AT_decl_line
	.byte	4                               @ DW_AT_data_member_location
	.byte	22                              @ Abbrev [22] 0x8b0:0xc DW_TAG_member
	.long	.Linfo_string152                @ DW_AT_name
	.long	87                              @ DW_AT_type
	.byte	4                               @ DW_AT_decl_file
	.byte	191                             @ DW_AT_decl_line
	.byte	8                               @ DW_AT_data_member_location
	.byte	22                              @ Abbrev [22] 0x8bc:0xc DW_TAG_member
	.long	.Linfo_string153                @ DW_AT_name
	.long	87                              @ DW_AT_type
	.byte	4                               @ DW_AT_decl_file
	.byte	198                             @ DW_AT_decl_line
	.byte	12                              @ DW_AT_data_member_location
	.byte	22                              @ Abbrev [22] 0x8c8:0xc DW_TAG_member
	.long	.Linfo_string154                @ DW_AT_name
	.long	87                              @ DW_AT_type
	.byte	4                               @ DW_AT_decl_file
	.byte	201                             @ DW_AT_decl_line
	.byte	16                              @ DW_AT_data_member_location
	.byte	22                              @ Abbrev [22] 0x8d4:0xc DW_TAG_member
	.long	.Linfo_string155                @ DW_AT_name
	.long	87                              @ DW_AT_type
	.byte	4                               @ DW_AT_decl_file
	.byte	206                             @ DW_AT_decl_line
	.byte	20                              @ DW_AT_data_member_location
	.byte	22                              @ Abbrev [22] 0x8e0:0xc DW_TAG_member
	.long	.Linfo_string156                @ DW_AT_name
	.long	87                              @ DW_AT_type
	.byte	4                               @ DW_AT_decl_file
	.byte	213                             @ DW_AT_decl_line
	.byte	24                              @ DW_AT_data_member_location
	.byte	22                              @ Abbrev [22] 0x8ec:0xc DW_TAG_member
	.long	.Linfo_string157                @ DW_AT_name
	.long	87                              @ DW_AT_type
	.byte	4                               @ DW_AT_decl_file
	.byte	219                             @ DW_AT_decl_line
	.byte	28                              @ DW_AT_data_member_location
	.byte	0                               @ End Of Children Mark
	.byte	14                              @ Abbrev [14] 0x8f9:0x5 DW_TAG_pointer_type
	.long	2302                            @ DW_AT_type
	.byte	5                               @ Abbrev [5] 0x8fe:0xb DW_TAG_typedef
	.long	2313                            @ DW_AT_type
	.long	.Linfo_string172                @ DW_AT_name
	.byte	7                               @ DW_AT_decl_file
	.byte	11                              @ DW_AT_decl_line
	.byte	21                              @ Abbrev [21] 0x909:0x29 DW_TAG_structure_type
	.byte	48                              @ DW_AT_byte_size
	.byte	7                               @ DW_AT_decl_file
	.byte	7                               @ DW_AT_decl_line
	.byte	22                              @ Abbrev [22] 0x90d:0xc DW_TAG_member
	.long	.Linfo_string160                @ DW_AT_name
	.long	494                             @ DW_AT_type
	.byte	7                               @ DW_AT_decl_file
	.byte	8                               @ DW_AT_decl_line
	.byte	0                               @ DW_AT_data_member_location
	.byte	22                              @ Abbrev [22] 0x919:0xc DW_TAG_member
	.long	.Linfo_string161                @ DW_AT_name
	.long	2354                            @ DW_AT_type
	.byte	7                               @ DW_AT_decl_file
	.byte	9                               @ DW_AT_decl_line
	.byte	4                               @ DW_AT_data_member_location
	.byte	22                              @ Abbrev [22] 0x925:0xc DW_TAG_member
	.long	.Linfo_string171                @ DW_AT_name
	.long	2482                            @ DW_AT_type
	.byte	7                               @ DW_AT_decl_file
	.byte	10                              @ DW_AT_decl_line
	.byte	40                              @ DW_AT_data_member_location
	.byte	0                               @ End Of Children Mark
	.byte	15                              @ Abbrev [15] 0x932:0xc DW_TAG_typedef
	.long	2366                            @ DW_AT_type
	.long	.Linfo_string170                @ DW_AT_name
	.byte	4                               @ DW_AT_decl_file
	.short	267                             @ DW_AT_decl_line
	.byte	21                              @ Abbrev [21] 0x93e:0x74 DW_TAG_structure_type
	.byte	36                              @ DW_AT_byte_size
	.byte	4                               @ DW_AT_decl_file
	.byte	232                             @ DW_AT_decl_line
	.byte	22                              @ Abbrev [22] 0x942:0xc DW_TAG_member
	.long	.Linfo_string162                @ DW_AT_name
	.long	87                              @ DW_AT_type
	.byte	4                               @ DW_AT_decl_file
	.byte	234                             @ DW_AT_decl_line
	.byte	0                               @ DW_AT_data_member_location
	.byte	22                              @ Abbrev [22] 0x94e:0xc DW_TAG_member
	.long	.Linfo_string150                @ DW_AT_name
	.long	87                              @ DW_AT_type
	.byte	4                               @ DW_AT_decl_file
	.byte	239                             @ DW_AT_decl_line
	.byte	4                               @ DW_AT_data_member_location
	.byte	22                              @ Abbrev [22] 0x95a:0xc DW_TAG_member
	.long	.Linfo_string163                @ DW_AT_name
	.long	87                              @ DW_AT_type
	.byte	4                               @ DW_AT_decl_file
	.byte	243                             @ DW_AT_decl_line
	.byte	8                               @ DW_AT_data_member_location
	.byte	22                              @ Abbrev [22] 0x966:0xc DW_TAG_member
	.long	.Linfo_string164                @ DW_AT_name
	.long	87                              @ DW_AT_type
	.byte	4                               @ DW_AT_decl_file
	.byte	246                             @ DW_AT_decl_line
	.byte	12                              @ DW_AT_data_member_location
	.byte	22                              @ Abbrev [22] 0x972:0xc DW_TAG_member
	.long	.Linfo_string165                @ DW_AT_name
	.long	87                              @ DW_AT_type
	.byte	4                               @ DW_AT_decl_file
	.byte	249                             @ DW_AT_decl_line
	.byte	16                              @ DW_AT_data_member_location
	.byte	22                              @ Abbrev [22] 0x97e:0xc DW_TAG_member
	.long	.Linfo_string166                @ DW_AT_name
	.long	87                              @ DW_AT_type
	.byte	4                               @ DW_AT_decl_file
	.byte	252                             @ DW_AT_decl_line
	.byte	20                              @ DW_AT_data_member_location
	.byte	17                              @ Abbrev [17] 0x98a:0xd DW_TAG_member
	.long	.Linfo_string167                @ DW_AT_name
	.long	87                              @ DW_AT_type
	.byte	4                               @ DW_AT_decl_file
	.short	256                             @ DW_AT_decl_line
	.byte	24                              @ DW_AT_data_member_location
	.byte	17                              @ Abbrev [17] 0x997:0xd DW_TAG_member
	.long	.Linfo_string168                @ DW_AT_name
	.long	87                              @ DW_AT_type
	.byte	4                               @ DW_AT_decl_file
	.short	260                             @ DW_AT_decl_line
	.byte	28                              @ DW_AT_data_member_location
	.byte	17                              @ Abbrev [17] 0x9a4:0xd DW_TAG_member
	.long	.Linfo_string169                @ DW_AT_name
	.long	87                              @ DW_AT_type
	.byte	4                               @ DW_AT_decl_file
	.short	263                             @ DW_AT_decl_line
	.byte	32                              @ DW_AT_data_member_location
	.byte	0                               @ End Of Children Mark
	.byte	8                               @ Abbrev [8] 0x9b2:0xc DW_TAG_array_type
	.long	134                             @ DW_AT_type
	.byte	9                               @ Abbrev [9] 0x9b7:0x6 DW_TAG_subrange_type
	.long	152                             @ DW_AT_type
	.byte	8                               @ DW_AT_count
	.byte	0                               @ End Of Children Mark
	.byte	15                              @ Abbrev [15] 0x9be:0xc DW_TAG_typedef
	.long	2506                            @ DW_AT_type
	.long	.Linfo_string179                @ DW_AT_name
	.byte	4                               @ DW_AT_decl_file
	.short	316                             @ DW_AT_decl_line
	.byte	16                              @ Abbrev [16] 0x9ca:0x88 DW_TAG_structure_type
	.byte	40                              @ DW_AT_byte_size
	.byte	4                               @ DW_AT_decl_file
	.short	272                             @ DW_AT_decl_line
	.byte	17                              @ Abbrev [17] 0x9cf:0xd DW_TAG_member
	.long	.Linfo_string162                @ DW_AT_name
	.long	87                              @ DW_AT_type
	.byte	4                               @ DW_AT_decl_file
	.short	274                             @ DW_AT_decl_line
	.byte	0                               @ DW_AT_data_member_location
	.byte	17                              @ Abbrev [17] 0x9dc:0xd DW_TAG_member
	.long	.Linfo_string150                @ DW_AT_name
	.long	87                              @ DW_AT_type
	.byte	4                               @ DW_AT_decl_file
	.short	279                             @ DW_AT_decl_line
	.byte	4                               @ DW_AT_data_member_location
	.byte	17                              @ Abbrev [17] 0x9e9:0xd DW_TAG_member
	.long	.Linfo_string176                @ DW_AT_name
	.long	87                              @ DW_AT_type
	.byte	4                               @ DW_AT_decl_file
	.short	282                             @ DW_AT_decl_line
	.byte	8                               @ DW_AT_data_member_location
	.byte	17                              @ Abbrev [17] 0x9f6:0xd DW_TAG_member
	.long	.Linfo_string164                @ DW_AT_name
	.long	87                              @ DW_AT_type
	.byte	4                               @ DW_AT_decl_file
	.short	285                             @ DW_AT_decl_line
	.byte	12                              @ DW_AT_data_member_location
	.byte	17                              @ Abbrev [17] 0xa03:0xd DW_TAG_member
	.long	.Linfo_string165                @ DW_AT_name
	.long	87                              @ DW_AT_type
	.byte	4                               @ DW_AT_decl_file
	.short	288                             @ DW_AT_decl_line
	.byte	16                              @ DW_AT_data_member_location
	.byte	17                              @ Abbrev [17] 0xa10:0xd DW_TAG_member
	.long	.Linfo_string166                @ DW_AT_name
	.long	87                              @ DW_AT_type
	.byte	4                               @ DW_AT_decl_file
	.short	291                             @ DW_AT_decl_line
	.byte	20                              @ DW_AT_data_member_location
	.byte	17                              @ Abbrev [17] 0xa1d:0xd DW_TAG_member
	.long	.Linfo_string167                @ DW_AT_name
	.long	87                              @ DW_AT_type
	.byte	4                               @ DW_AT_decl_file
	.short	295                             @ DW_AT_decl_line
	.byte	24                              @ DW_AT_data_member_location
	.byte	17                              @ Abbrev [17] 0xa2a:0xd DW_TAG_member
	.long	.Linfo_string177                @ DW_AT_name
	.long	87                              @ DW_AT_type
	.byte	4                               @ DW_AT_decl_file
	.short	299                             @ DW_AT_decl_line
	.byte	28                              @ DW_AT_data_member_location
	.byte	17                              @ Abbrev [17] 0xa37:0xd DW_TAG_member
	.long	.Linfo_string151                @ DW_AT_name
	.long	87                              @ DW_AT_type
	.byte	4                               @ DW_AT_decl_file
	.short	303                             @ DW_AT_decl_line
	.byte	32                              @ DW_AT_data_member_location
	.byte	17                              @ Abbrev [17] 0xa44:0xd DW_TAG_member
	.long	.Linfo_string178                @ DW_AT_name
	.long	87                              @ DW_AT_type
	.byte	4                               @ DW_AT_decl_file
	.short	310                             @ DW_AT_decl_line
	.byte	36                              @ DW_AT_data_member_location
	.byte	0                               @ End Of Children Mark
	.byte	23                              @ Abbrev [23] 0xa52:0x1 DW_TAG_pointer_type
	.byte	0                               @ End Of Children Mark
.Ldebug_info_end0:
	.section	.debug_ranges,"",%progbits
.Ldebug_ranges0:
	.long	.Lfunc_begin0
	.long	.Lfunc_end0
	.long	.Lfunc_begin1
	.long	.Lfunc_end1
	.long	.Lfunc_begin2
	.long	.Lfunc_end2
	.long	.Lfunc_begin3
	.long	.Lfunc_end3
	.long	.Lfunc_begin4
	.long	.Lfunc_end4
	.long	.Lfunc_begin5
	.long	.Lfunc_end5
	.long	0
	.long	0
	.section	.debug_str,"MS",%progbits,1
.Linfo_string0:
	.asciz	"Component: Arm Compiler for Embedded 6.24 Tool: armclang [5f371800]" @ string offset=0
.Linfo_string1:
	.asciz	"../app/src\\bsp_fdcan.c"       @ string offset=68
.Linfo_string2:
	.asciz	"D:\\RM_projects\\h7_final_4\\MDK-ARM" @ string offset=91
.Linfo_string3:
	.asciz	"orderflag"                     @ string offset=125
.Linfo_string4:
	.asciz	"unsigned int"                  @ string offset=135
.Linfo_string5:
	.asciz	"uint32_t"                      @ string offset=148
.Linfo_string6:
	.asciz	"rx_candata"                    @ string offset=157
.Linfo_string7:
	.asciz	"unsigned char"                 @ string offset=168
.Linfo_string8:
	.asciz	"uint8_t"                       @ string offset=182
.Linfo_string9:
	.asciz	"__ARRAY_SIZE_TYPE__"           @ string offset=190
.Linfo_string10:
	.asciz	"DISABLE"                       @ string offset=210
.Linfo_string11:
	.asciz	"ENABLE"                        @ string offset=218
.Linfo_string12:
	.asciz	"HAL_FDCAN_STATE_RESET"         @ string offset=225
.Linfo_string13:
	.asciz	"HAL_FDCAN_STATE_READY"         @ string offset=247
.Linfo_string14:
	.asciz	"HAL_FDCAN_STATE_BUSY"          @ string offset=269
.Linfo_string15:
	.asciz	"HAL_FDCAN_STATE_ERROR"         @ string offset=290
.Linfo_string16:
	.asciz	"HAL_UNLOCKED"                  @ string offset=312
.Linfo_string17:
	.asciz	"HAL_LOCKED"                    @ string offset=325
.Linfo_string18:
	.asciz	"Fdcan_FilterInit"              @ string offset=336
.Linfo_string19:
	.asciz	"Fdcan_Transmit_INIT"           @ string offset=353
.Linfo_string20:
	.asciz	"Fdcan_Transmit"                @ string offset=373
.Linfo_string21:
	.asciz	"HAL_FDCAN_RxFifo0Callback"     @ string offset=388
.Linfo_string22:
	.asciz	"HAL_FDCAN_RxFifo1Callback"     @ string offset=414
.Linfo_string23:
	.asciz	"CanTask04"                     @ string offset=440
.Linfo_string24:
	.asciz	"hfdcan"                        @ string offset=450
.Linfo_string25:
	.asciz	"Instance"                      @ string offset=457
.Linfo_string26:
	.asciz	"CREL"                          @ string offset=466
.Linfo_string27:
	.asciz	"ENDN"                          @ string offset=471
.Linfo_string28:
	.asciz	"RESERVED1"                     @ string offset=476
.Linfo_string29:
	.asciz	"DBTP"                          @ string offset=486
.Linfo_string30:
	.asciz	"TEST"                          @ string offset=491
.Linfo_string31:
	.asciz	"RWD"                           @ string offset=496
.Linfo_string32:
	.asciz	"CCCR"                          @ string offset=500
.Linfo_string33:
	.asciz	"NBTP"                          @ string offset=505
.Linfo_string34:
	.asciz	"TSCC"                          @ string offset=510
.Linfo_string35:
	.asciz	"TSCV"                          @ string offset=515
.Linfo_string36:
	.asciz	"TOCC"                          @ string offset=520
.Linfo_string37:
	.asciz	"TOCV"                          @ string offset=525
.Linfo_string38:
	.asciz	"RESERVED2"                     @ string offset=530
.Linfo_string39:
	.asciz	"ECR"                           @ string offset=540
.Linfo_string40:
	.asciz	"PSR"                           @ string offset=544
.Linfo_string41:
	.asciz	"TDCR"                          @ string offset=548
.Linfo_string42:
	.asciz	"RESERVED3"                     @ string offset=553
.Linfo_string43:
	.asciz	"IR"                            @ string offset=563
.Linfo_string44:
	.asciz	"IE"                            @ string offset=566
.Linfo_string45:
	.asciz	"ILS"                           @ string offset=569
.Linfo_string46:
	.asciz	"ILE"                           @ string offset=573
.Linfo_string47:
	.asciz	"RESERVED4"                     @ string offset=577
.Linfo_string48:
	.asciz	"GFC"                           @ string offset=587
.Linfo_string49:
	.asciz	"SIDFC"                         @ string offset=591
.Linfo_string50:
	.asciz	"XIDFC"                         @ string offset=597
.Linfo_string51:
	.asciz	"RESERVED5"                     @ string offset=603
.Linfo_string52:
	.asciz	"XIDAM"                         @ string offset=613
.Linfo_string53:
	.asciz	"HPMS"                          @ string offset=619
.Linfo_string54:
	.asciz	"NDAT1"                         @ string offset=624
.Linfo_string55:
	.asciz	"NDAT2"                         @ string offset=630
.Linfo_string56:
	.asciz	"RXF0C"                         @ string offset=636
.Linfo_string57:
	.asciz	"RXF0S"                         @ string offset=642
.Linfo_string58:
	.asciz	"RXF0A"                         @ string offset=648
.Linfo_string59:
	.asciz	"RXBC"                          @ string offset=654
.Linfo_string60:
	.asciz	"RXF1C"                         @ string offset=659
.Linfo_string61:
	.asciz	"RXF1S"                         @ string offset=665
.Linfo_string62:
	.asciz	"RXF1A"                         @ string offset=671
.Linfo_string63:
	.asciz	"RXESC"                         @ string offset=677
.Linfo_string64:
	.asciz	"TXBC"                          @ string offset=683
.Linfo_string65:
	.asciz	"TXFQS"                         @ string offset=688
.Linfo_string66:
	.asciz	"TXESC"                         @ string offset=694
.Linfo_string67:
	.asciz	"TXBRP"                         @ string offset=700
.Linfo_string68:
	.asciz	"TXBAR"                         @ string offset=706
.Linfo_string69:
	.asciz	"TXBCR"                         @ string offset=712
.Linfo_string70:
	.asciz	"TXBTO"                         @ string offset=718
.Linfo_string71:
	.asciz	"TXBCF"                         @ string offset=724
.Linfo_string72:
	.asciz	"TXBTIE"                        @ string offset=730
.Linfo_string73:
	.asciz	"TXBCIE"                        @ string offset=737
.Linfo_string74:
	.asciz	"RESERVED6"                     @ string offset=744
.Linfo_string75:
	.asciz	"TXEFC"                         @ string offset=754
.Linfo_string76:
	.asciz	"TXEFS"                         @ string offset=760
.Linfo_string77:
	.asciz	"TXEFA"                         @ string offset=766
.Linfo_string78:
	.asciz	"RESERVED7"                     @ string offset=772
.Linfo_string79:
	.asciz	"FDCAN_GlobalTypeDef"           @ string offset=782
.Linfo_string80:
	.asciz	"ttcan"                         @ string offset=802
.Linfo_string81:
	.asciz	"TTTMC"                         @ string offset=808
.Linfo_string82:
	.asciz	"TTRMC"                         @ string offset=814
.Linfo_string83:
	.asciz	"TTOCF"                         @ string offset=820
.Linfo_string84:
	.asciz	"TTMLM"                         @ string offset=826
.Linfo_string85:
	.asciz	"TURCF"                         @ string offset=832
.Linfo_string86:
	.asciz	"TTOCN"                         @ string offset=838
.Linfo_string87:
	.asciz	"TTGTP"                         @ string offset=844
.Linfo_string88:
	.asciz	"TTTMK"                         @ string offset=850
.Linfo_string89:
	.asciz	"TTIR"                          @ string offset=856
.Linfo_string90:
	.asciz	"TTIE"                          @ string offset=861
.Linfo_string91:
	.asciz	"TTILS"                         @ string offset=866
.Linfo_string92:
	.asciz	"TTOST"                         @ string offset=872
.Linfo_string93:
	.asciz	"TURNA"                         @ string offset=878
.Linfo_string94:
	.asciz	"TTLGT"                         @ string offset=884
.Linfo_string95:
	.asciz	"TTCTC"                         @ string offset=890
.Linfo_string96:
	.asciz	"TTCPT"                         @ string offset=896
.Linfo_string97:
	.asciz	"TTCSM"                         @ string offset=902
.Linfo_string98:
	.asciz	"TTTS"                          @ string offset=908
.Linfo_string99:
	.asciz	"TTCAN_TypeDef"                 @ string offset=913
.Linfo_string100:
	.asciz	"Init"                          @ string offset=927
.Linfo_string101:
	.asciz	"FrameFormat"                   @ string offset=932
.Linfo_string102:
	.asciz	"Mode"                          @ string offset=944
.Linfo_string103:
	.asciz	"AutoRetransmission"            @ string offset=949
.Linfo_string104:
	.asciz	"FunctionalState"               @ string offset=968
.Linfo_string105:
	.asciz	"TransmitPause"                 @ string offset=984
.Linfo_string106:
	.asciz	"ProtocolException"             @ string offset=998
.Linfo_string107:
	.asciz	"NominalPrescaler"              @ string offset=1016
.Linfo_string108:
	.asciz	"NominalSyncJumpWidth"          @ string offset=1033
.Linfo_string109:
	.asciz	"NominalTimeSeg1"               @ string offset=1054
.Linfo_string110:
	.asciz	"NominalTimeSeg2"               @ string offset=1070
.Linfo_string111:
	.asciz	"DataPrescaler"                 @ string offset=1086
.Linfo_string112:
	.asciz	"DataSyncJumpWidth"             @ string offset=1100
.Linfo_string113:
	.asciz	"DataTimeSeg1"                  @ string offset=1118
.Linfo_string114:
	.asciz	"DataTimeSeg2"                  @ string offset=1131
.Linfo_string115:
	.asciz	"MessageRAMOffset"              @ string offset=1144
.Linfo_string116:
	.asciz	"StdFiltersNbr"                 @ string offset=1161
.Linfo_string117:
	.asciz	"ExtFiltersNbr"                 @ string offset=1175
.Linfo_string118:
	.asciz	"RxFifo0ElmtsNbr"               @ string offset=1189
.Linfo_string119:
	.asciz	"RxFifo0ElmtSize"               @ string offset=1205
.Linfo_string120:
	.asciz	"RxFifo1ElmtsNbr"               @ string offset=1221
.Linfo_string121:
	.asciz	"RxFifo1ElmtSize"               @ string offset=1237
.Linfo_string122:
	.asciz	"RxBuffersNbr"                  @ string offset=1253
.Linfo_string123:
	.asciz	"RxBufferSize"                  @ string offset=1266
.Linfo_string124:
	.asciz	"TxEventsNbr"                   @ string offset=1279
.Linfo_string125:
	.asciz	"TxBuffersNbr"                  @ string offset=1291
.Linfo_string126:
	.asciz	"TxFifoQueueElmtsNbr"           @ string offset=1304
.Linfo_string127:
	.asciz	"TxFifoQueueMode"               @ string offset=1324
.Linfo_string128:
	.asciz	"TxElmtSize"                    @ string offset=1340
.Linfo_string129:
	.asciz	"FDCAN_InitTypeDef"             @ string offset=1351
.Linfo_string130:
	.asciz	"msgRam"                        @ string offset=1369
.Linfo_string131:
	.asciz	"StandardFilterSA"              @ string offset=1376
.Linfo_string132:
	.asciz	"ExtendedFilterSA"              @ string offset=1393
.Linfo_string133:
	.asciz	"RxFIFO0SA"                     @ string offset=1410
.Linfo_string134:
	.asciz	"RxFIFO1SA"                     @ string offset=1420
.Linfo_string135:
	.asciz	"RxBufferSA"                    @ string offset=1430
.Linfo_string136:
	.asciz	"TxEventFIFOSA"                 @ string offset=1441
.Linfo_string137:
	.asciz	"TxBufferSA"                    @ string offset=1455
.Linfo_string138:
	.asciz	"TxFIFOQSA"                     @ string offset=1466
.Linfo_string139:
	.asciz	"TTMemorySA"                    @ string offset=1476
.Linfo_string140:
	.asciz	"EndAddress"                    @ string offset=1487
.Linfo_string141:
	.asciz	"FDCAN_MsgRamAddressTypeDef"    @ string offset=1498
.Linfo_string142:
	.asciz	"LatestTxFifoQRequest"          @ string offset=1525
.Linfo_string143:
	.asciz	"State"                         @ string offset=1546
.Linfo_string144:
	.asciz	"HAL_FDCAN_StateTypeDef"        @ string offset=1552
.Linfo_string145:
	.asciz	"Lock"                          @ string offset=1575
.Linfo_string146:
	.asciz	"HAL_LockTypeDef"               @ string offset=1580
.Linfo_string147:
	.asciz	"ErrorCode"                     @ string offset=1596
.Linfo_string148:
	.asciz	"FDCAN_HandleTypeDef"           @ string offset=1606
.Linfo_string149:
	.asciz	"FDCAN_FilterConfig"            @ string offset=1626
.Linfo_string150:
	.asciz	"IdType"                        @ string offset=1645
.Linfo_string151:
	.asciz	"FilterIndex"                   @ string offset=1652
.Linfo_string152:
	.asciz	"FilterType"                    @ string offset=1664
.Linfo_string153:
	.asciz	"FilterConfig"                  @ string offset=1675
.Linfo_string154:
	.asciz	"FilterID1"                     @ string offset=1688
.Linfo_string155:
	.asciz	"FilterID2"                     @ string offset=1698
.Linfo_string156:
	.asciz	"RxBufferIndex"                 @ string offset=1708
.Linfo_string157:
	.asciz	"IsCalibrationMsg"              @ string offset=1722
.Linfo_string158:
	.asciz	"FDCAN_FilterTypeDef"           @ string offset=1739
.Linfo_string159:
	.asciz	"hfdcanTxFrame"                 @ string offset=1759
.Linfo_string160:
	.asciz	"hcan"                          @ string offset=1773
.Linfo_string161:
	.asciz	"Header"                        @ string offset=1778
.Linfo_string162:
	.asciz	"Identifier"                    @ string offset=1785
.Linfo_string163:
	.asciz	"TxFrameType"                   @ string offset=1796
.Linfo_string164:
	.asciz	"DataLength"                    @ string offset=1808
.Linfo_string165:
	.asciz	"ErrorStateIndicator"           @ string offset=1819
.Linfo_string166:
	.asciz	"BitRateSwitch"                 @ string offset=1839
.Linfo_string167:
	.asciz	"FDFormat"                      @ string offset=1853
.Linfo_string168:
	.asciz	"TxEventFifoControl"            @ string offset=1862
.Linfo_string169:
	.asciz	"MessageMarker"                 @ string offset=1881
.Linfo_string170:
	.asciz	"FDCAN_TxHeaderTypeDef"         @ string offset=1895
.Linfo_string171:
	.asciz	"Data"                          @ string offset=1917
.Linfo_string172:
	.asciz	"FDCAN_TxFrame_TypeDef"         @ string offset=1922
.Linfo_string173:
	.asciz	"TxFrame"                       @ string offset=1944
.Linfo_string174:
	.asciz	"RxFifo0ITs"                    @ string offset=1952
.Linfo_string175:
	.asciz	"rx_header_can1"                @ string offset=1963
.Linfo_string176:
	.asciz	"RxFrameType"                   @ string offset=1978
.Linfo_string177:
	.asciz	"RxTimestamp"                   @ string offset=1990
.Linfo_string178:
	.asciz	"IsFilterMatchingFrame"         @ string offset=2002
.Linfo_string179:
	.asciz	"FDCAN_RxHeaderTypeDef"         @ string offset=2024
.Linfo_string180:
	.asciz	"rx_header_can2"                @ string offset=2046
.Linfo_string181:
	.asciz	"rx_header"                     @ string offset=2061
.Linfo_string182:
	.asciz	"argument"                      @ string offset=2071
	.ident	"Component: Arm Compiler for Embedded 6.24 Tool: armclang [5f371800]"
	.section	".note.GNU-stack","",%progbits
	.eabi_attribute	30, 6	@ Tag_ABI_optimization_goals
	.ARM_attribute	16, 1	@ Tag_AV_eba
	.section	.debug_line,"",%progbits
.Lline_table_start0:
