	.text
	.syntax unified
	.eabi_attribute	67, "2.09"	@ Tag_conformance
	.cpu	cortex-m7
	.eabi_attribute	6, 13	@ Tag_CPU_arch
	.eabi_attribute	7, 77	@ Tag_CPU_arch_profile
	.eabi_attribute	8, 0	@ Tag_ARM_ISA_use
	.eabi_attribute	9, 2	@ Tag_THUMB_ISA_use
	.fpu	fpv5-d16
	.eabi_attribute	36, 1	@ Tag_FP_HP_extension
	.eabi_attribute	34, 1	@ Tag_CPU_unaligned_access
	.eabi_attribute	17, 1	@ Tag_ABI_PCS_GOT_use
	.eabi_attribute	20, 2	@ Tag_ABI_FP_denormal
	.eabi_attribute	21, 0	@ Tag_ABI_FP_exceptions
	.eabi_attribute	23, 1	@ Tag_ABI_FP_number_model
	.eabi_attribute	24, 1	@ Tag_ABI_align_needed
	.eabi_attribute	25, 1	@ Tag_ABI_align_preserved
	.eabi_attribute	28, 1	@ Tag_ABI_VFP_args
	.eabi_attribute	38, 1	@ Tag_ABI_FP_16bit_format
	.eabi_attribute	18, 2	@ Tag_ABI_PCS_wchar_t
	.eabi_attribute	26, 1	@ Tag_ABI_enum_size
	.eabi_attribute	14, 0	@ Tag_ABI_PCS_R9_use
	.file	"chassiss.c"
	.file	1 "D:\\keil_1\\keil\\ARM\\ARMCLANG\\bin\\..\\include" "stdint.h"
	.file	2 "D:\\RM_projects\\h7_final_4\\MDK-ARM" "../app/src/chassiss.c"
	.file	3 "D:\\RM_projects\\h7_final_4\\MDK-ARM" "../app/inc\\motor.h"
	.file	4 "D:\\RM_projects\\h7_final_4\\MDK-ARM" "../app/inc\\PID_T.h"
	.file	5 "D:\\RM_projects\\h7_final_4\\MDK-ARM" "../Drivers/CMSIS/Device/ST/STM32H7xx/Include\\stm32h723xx.h"
	.file	6 "D:\\RM_projects\\h7_final_4\\MDK-ARM" "../Drivers/STM32H7xx_HAL_Driver/Inc\\stm32h7xx_hal_fdcan.h"
	.file	7 "D:\\RM_projects\\h7_final_4\\MDK-ARM" "../Drivers/CMSIS/Device/ST/STM32H7xx/Include\\stm32h7xx.h"
	.file	8 "D:\\RM_projects\\h7_final_4\\MDK-ARM" "../Drivers/STM32H7xx_HAL_Driver/Inc\\stm32h7xx_hal_def.h"
	.file	9 "D:\\RM_projects\\h7_final_4\\MDK-ARM" "../app/inc\\bsp_fdcan.h"
	.file	10 "D:\\RM_projects\\h7_final_4\\MDK-ARM" "../app/inc\\chassiss.h"
	.file	11 "D:\\RM_projects\\h7_final_4\\MDK-ARM" "../app/inc\\power_meter.h"
	.section	.text.Chassis_status_Init,"ax",%progbits
	.hidden	Chassis_status_Init             @ -- Begin function Chassis_status_Init
	.globl	Chassis_status_Init
	.p2align	3
	.type	Chassis_status_Init,%function
	.code	16                              @ @Chassis_status_Init
	.thumb_func
Chassis_status_Init:
.Lfunc_begin0:
	.loc	2 37 0                          @ ../app/src/chassiss.c:37:0
	.fnstart
	.cfi_sections .debug_frame
	.cfi_startproc
@ %bb.0:
	.pad	#4
	sub	sp, #4
	.cfi_def_cfa_offset 4
	str	r0, [sp]
.Ltmp0:
	.loc	2 38 49 prologue_end            @ ../app/src/chassiss.c:38:49
	movw	r0, :lower16:PTZ_motor_yaw
	movt	r0, :upper16:PTZ_motor_yaw
	vldr	d0, [r0]
	vldr	d1, .LCPI0_0
	.loc	2 38 54 is_stmt 0               @ ../app/src/chassiss.c:38:54
	vadd.f64	d0, d0, d1
	.loc	2 38 30                         @ ../app/src/chassiss.c:38:30
	vcvt.f32.f64	s0, d0
	.loc	2 38 5                          @ ../app/src/chassiss.c:38:5
	ldr	r0, [sp]
	.loc	2 38 29                         @ ../app/src/chassiss.c:38:29
	vstr	s0, [r0]
	.loc	2 39 5 is_stmt 1                @ ../app/src/chassiss.c:39:5
	ldr	r1, [sp]
	movs	r0, #0
	.loc	2 39 15 is_stmt 0               @ ../app/src/chassiss.c:39:15
	str	r0, [r1, #4]
	.loc	2 40 5 is_stmt 1                @ ../app/src/chassiss.c:40:5
	ldr	r1, [sp]
	.loc	2 40 15 is_stmt 0               @ ../app/src/chassiss.c:40:15
	str	r0, [r1, #8]
	.loc	2 41 5 is_stmt 1                @ ../app/src/chassiss.c:41:5
	ldr	r1, [sp]
	.loc	2 41 15 is_stmt 0               @ ../app/src/chassiss.c:41:15
	str	r0, [r1, #12]
	.loc	2 42 1 epilogue_begin is_stmt 1 @ ../app/src/chassiss.c:42:1
	add	sp, #4
	bx	lr
.Ltmp1:
	.loc	2 0 1 is_stmt 0                 @ :0:1
.Ltmp2:
	.p2align	3
@ %bb.1:
.LCPI0_0:
	.long	1610612736                      @ double -3.1400001049041748
	.long	3221823160
.Lfunc_end0:
	.size	Chassis_status_Init, .Lfunc_end0-Chassis_status_Init
	.cfi_endproc
	.cantunwind
	.fnend
                                        @ -- End function
	.section	.text.chassiss_DJMotors_Init,"ax",%progbits
	.hidden	chassiss_DJMotors_Init          @ -- Begin function chassiss_DJMotors_Init
	.globl	chassiss_DJMotors_Init
	.p2align	3
	.type	chassiss_DJMotors_Init,%function
	.code	16                              @ @chassiss_DJMotors_Init
	.thumb_func
chassiss_DJMotors_Init:
.Lfunc_begin1:
	.loc	2 53 0 is_stmt 1                @ ../app/src/chassiss.c:53:0
	.fnstart
	.cfi_startproc
@ %bb.0:
	.save	{r7, lr}
	push	{r7, lr}
	.cfi_def_cfa_offset 8
	.cfi_offset lr, -4
	.cfi_offset r7, -8
	.pad	#16
	sub	sp, #16
	.cfi_def_cfa_offset 24
.Ltmp3:
	.loc	2 54 5 prologue_end             @ ../app/src/chassiss.c:54:5
	mov	r1, sp
	movs	r0, #1
	str	r0, [r1]
	movw	r0, :lower16:chassiss_motor
	movt	r0, :upper16:chassiss_motor
	str	r0, [sp, #4]                    @ 4-byte Spill
	movw	r1, :lower16:chassissmotor_contrl
	movt	r1, :upper16:chassissmotor_contrl
	str	r1, [sp, #8]                    @ 4-byte Spill
	movw	r2, #513
	mov.w	r3, #512
	str	r3, [sp, #12]                   @ 4-byte Spill
	bl	DJMotor_Init
	ldr	r0, [sp, #4]                    @ 4-byte Reload
	ldr	r1, [sp, #8]                    @ 4-byte Reload
	ldr	r3, [sp, #12]                   @ 4-byte Reload
	.loc	2 55 5                          @ ../app/src/chassiss.c:55:5
	mov	r12, sp
	movs	r2, #2
	str.w	r2, [r12]
	adds	r0, #72
	adds	r1, #28
	movw	r2, #514
	bl	DJMotor_Init
	ldr	r0, [sp, #4]                    @ 4-byte Reload
	ldr	r1, [sp, #8]                    @ 4-byte Reload
	ldr	r3, [sp, #12]                   @ 4-byte Reload
	.loc	2 56 5                          @ ../app/src/chassiss.c:56:5
	mov	r12, sp
	movs	r2, #3
	str.w	r2, [r12]
	adds	r0, #144
	adds	r1, #56
	movw	r2, #515
	bl	DJMotor_Init
	ldr	r0, [sp, #4]                    @ 4-byte Reload
	ldr	r1, [sp, #8]                    @ 4-byte Reload
	ldr	r3, [sp, #12]                   @ 4-byte Reload
	.loc	2 57 5                          @ ../app/src/chassiss.c:57:5
	mov	r12, sp
	movs	r2, #4
	str.w	r2, [r12]
	adds	r0, #216
	adds	r1, #84
	mov.w	r2, #516
	bl	DJMotor_Init
	.loc	2 58 1 epilogue_begin           @ ../app/src/chassiss.c:58:1
	add	sp, #16
	pop	{r7, pc}
.Ltmp4:
.Lfunc_end1:
	.size	chassiss_DJMotors_Init, .Lfunc_end1-chassiss_DJMotors_Init
	.cfi_endproc
	.cantunwind
	.fnend
                                        @ -- End function
	.section	.text.Chassiss_power_Init,"ax",%progbits
	.hidden	Chassiss_power_Init             @ -- Begin function Chassiss_power_Init
	.globl	Chassiss_power_Init
	.p2align	3
	.type	Chassiss_power_Init,%function
	.code	16                              @ @Chassiss_power_Init
	.thumb_func
Chassiss_power_Init:
.Lfunc_begin2:
	.loc	2 62 0                          @ ../app/src/chassiss.c:62:0
	.fnstart
	.cfi_startproc
@ %bb.0:
	.save	{r7, lr}
	push	{r7, lr}
	.cfi_def_cfa_offset 8
	.cfi_offset lr, -4
	.cfi_offset r7, -8
	.pad	#8
	sub	sp, #8
	.cfi_def_cfa_offset 16
	str	r0, [sp, #4]
.Ltmp5:
	.loc	2 63 23 prologue_end            @ ../app/src/chassiss.c:63:23
	ldr	r0, [sp, #4]
	vldr	s3, .LCPI2_0
	vstr	s3, [sp]                        @ 4-byte Spill
	.loc	2 63 5 is_stmt 0                @ ../app/src/chassiss.c:63:5
	vmov.f32	s0, s3
	vmov.f32	s1, s3
	vmov.f32	s2, s3
	bl	POWER_METER_INIT
	vldr	s3, [sp]                        @ 4-byte Reload
	.loc	2 64 23 is_stmt 1               @ ../app/src/chassiss.c:64:23
	ldr	r0, [sp, #4]
	adds	r0, #16
	.loc	2 64 5 is_stmt 0                @ ../app/src/chassiss.c:64:5
	vmov.f32	s0, s3
	vmov.f32	s1, s3
	vmov.f32	s2, s3
	bl	POWER_METER_INIT
	vldr	s3, [sp]                        @ 4-byte Reload
	.loc	2 65 23 is_stmt 1               @ ../app/src/chassiss.c:65:23
	ldr	r0, [sp, #4]
	adds	r0, #32
	.loc	2 65 5 is_stmt 0                @ ../app/src/chassiss.c:65:5
	vmov.f32	s0, s3
	vmov.f32	s1, s3
	vmov.f32	s2, s3
	bl	POWER_METER_INIT
	vldr	s3, [sp]                        @ 4-byte Reload
	.loc	2 66 23 is_stmt 1               @ ../app/src/chassiss.c:66:23
	ldr	r0, [sp, #4]
	adds	r0, #48
	.loc	2 66 5 is_stmt 0                @ ../app/src/chassiss.c:66:5
	vmov.f32	s0, s3
	vmov.f32	s1, s3
	vmov.f32	s2, s3
	bl	POWER_METER_INIT
	.loc	2 67 1 epilogue_begin is_stmt 1 @ ../app/src/chassiss.c:67:1
	add	sp, #8
	pop	{r7, pc}
.Ltmp6:
	.loc	2 0 1 is_stmt 0                 @ :0:1
.Ltmp7:
	.p2align	2
@ %bb.1:
.LCPI2_0:
	.long	0x00000000                      @ float 0
.Lfunc_end2:
	.size	Chassiss_power_Init, .Lfunc_end2-Chassiss_power_Init
	.cfi_endproc
	.cantunwind
	.fnend
                                        @ -- End function
	.section	.text.chassiss_Motors_Init,"ax",%progbits
	.hidden	chassiss_Motors_Init            @ -- Begin function chassiss_Motors_Init
	.globl	chassiss_Motors_Init
	.p2align	3
	.type	chassiss_Motors_Init,%function
	.code	16                              @ @chassiss_Motors_Init
	.thumb_func
chassiss_Motors_Init:
.Lfunc_begin3:
	.loc	2 70 0 is_stmt 1                @ ../app/src/chassiss.c:70:0
	.fnstart
	.cfi_startproc
@ %bb.0:
	.pad	#4
	sub	sp, #4
	.cfi_def_cfa_offset 4
	str	r0, [sp]
.Ltmp8:
	.loc	2 72 1 prologue_end epilogue_begin @ ../app/src/chassiss.c:72:1
	add	sp, #4
	bx	lr
.Ltmp9:
.Lfunc_end3:
	.size	chassiss_Motors_Init, .Lfunc_end3-chassiss_Motors_Init
	.cfi_endproc
	.cantunwind
	.fnend
                                        @ -- End function
	.section	.text.chassiscan_init,"ax",%progbits
	.hidden	chassiscan_init                 @ -- Begin function chassiscan_init
	.globl	chassiscan_init
	.p2align	3
	.type	chassiscan_init,%function
	.code	16                              @ @chassiscan_init
	.thumb_func
chassiscan_init:
.Lfunc_begin4:
	.loc	2 77 0                          @ ../app/src/chassiss.c:77:0
	.fnstart
	.cfi_startproc
@ %bb.0:
	.save	{r7, lr}
	push	{r7, lr}
	.cfi_def_cfa_offset 8
	.cfi_offset lr, -4
	.cfi_offset r7, -8
.Ltmp10:
	.loc	2 78 2 prologue_end             @ ../app/src/chassiss.c:78:2
	movw	r0, :lower16:chassis_fdcan
	movt	r0, :upper16:chassis_fdcan
	movw	r1, :lower16:hfdcan1
	movt	r1, :upper16:hfdcan1
	bl	Fdcan_Transmit_INIT
	.loc	2 79 1 epilogue_begin           @ ../app/src/chassiss.c:79:1
	pop	{r7, pc}
.Ltmp11:
.Lfunc_end4:
	.size	chassiscan_init, .Lfunc_end4-chassiscan_init
	.cfi_endproc
	.cantunwind
	.fnend
                                        @ -- End function
	.section	.text.Chassiss_Drive,"ax",%progbits
	.hidden	Chassiss_Drive                  @ -- Begin function Chassiss_Drive
	.globl	Chassiss_Drive
	.p2align	3
	.type	Chassiss_Drive,%function
	.code	16                              @ @Chassiss_Drive
	.thumb_func
Chassiss_Drive:
.Lfunc_begin5:
	.loc	2 82 0                          @ ../app/src/chassiss.c:82:0
	.fnstart
	.cfi_startproc
@ %bb.0:
	.save	{r7, lr}
	push	{r7, lr}
	.cfi_def_cfa_offset 8
	.cfi_offset lr, -4
	.cfi_offset r7, -8
	.pad	#40
	sub	sp, #40
	.cfi_def_cfa_offset 48
	str	r0, [sp, #36]
	str	r1, [sp, #32]
	str	r2, [sp, #28]
.Ltmp12:
	.loc	2 85 20 prologue_end            @ ../app/src/chassiss.c:85:20
	ldr	r0, [sp, #36]
	vldr	s0, [r0]
	.loc	2 85 35 is_stmt 0               @ ../app/src/chassiss.c:85:35
	vldr	s1, [r0, #4]
	.loc	2 85 50                         @ ../app/src/chassiss.c:85:50
	vldr	s2, [r0, #8]
	add	r0, sp, #12
	.loc	2 85 5                          @ ../app/src/chassiss.c:85:5
	bl	Chassiss_Slove
	movs	r0, #0
.Ltmp13:
	.loc	2 86 17 is_stmt 1               @ ../app/src/chassiss.c:86:17
	strb.w	r0, [sp, #3]
	.loc	2 86 9 is_stmt 0                @ ../app/src/chassiss.c:86:9
	b	.LBB5_1
.LBB5_1:                                @ =>This Inner Loop Header: Depth=1
.Ltmp14:
	.loc	2 86 21                         @ ../app/src/chassiss.c:86:21
	ldrb.w	r0, [sp, #3]
.Ltmp15:
	.loc	2 86 5                          @ ../app/src/chassiss.c:86:5
	cmp	r0, #3
	bgt	.LBB5_4
	b	.LBB5_2
.LBB5_2:                                @   in Loop: Header=BB5_1 Depth=1
.Ltmp16:
	.loc	2 88 58 is_stmt 1               @ ../app/src/chassiss.c:88:58
	ldr	r1, [sp, #32]
	.loc	2 88 68 is_stmt 0               @ ../app/src/chassiss.c:88:68
	ldrb.w	r3, [sp, #3]
	.loc	2 88 58                         @ ../app/src/chassiss.c:88:58
	add.w	r0, r3, r3, lsl #3
	add.w	r0, r1, r0, lsl #3
	.loc	2 88 71                         @ ../app/src/chassiss.c:88:71
	adds	r0, #44
	add	r2, sp, #12
	.loc	2 88 84                         @ ../app/src/chassiss.c:88:84
	add.w	r2, r2, r3, lsl #2
	vldr	s0, [r2]
	.loc	2 88 115                        @ ../app/src/chassiss.c:88:115
	vldr	d1, [r1, #8]
	.loc	2 88 99                         @ ../app/src/chassiss.c:88:99
	vcvt.f32.f64	s1, d1
	.loc	2 88 34                         @ ../app/src/chassiss.c:88:34
	bl	Positional_PID_Compute
	vmov.f32	s2, #6.000000e+00
	.loc	2 88 121                        @ ../app/src/chassiss.c:88:121
	vdiv.f32	s0, s0, s2
	vldr	s2, .LCPI5_0
	.loc	2 88 126                        @ ../app/src/chassiss.c:88:126
	vmul.f32	s0, s0, s2
	.loc	2 88 24                         @ ../app/src/chassiss.c:88:24
	vcvt.s32.f32	s0, s0
	vmov	r0, s0
	.loc	2 88 19                         @ ../app/src/chassiss.c:88:19
	ldrb.w	r2, [sp, #3]
	add	r1, sp, #4
	.loc	2 88 22                         @ ../app/src/chassiss.c:88:22
	strh.w	r0, [r1, r2, lsl #1]
	.loc	2 89 7 is_stmt 1                @ ../app/src/chassiss.c:89:7
	b	.LBB5_3
.Ltmp17:
.LBB5_3:                                @   in Loop: Header=BB5_1 Depth=1
	.loc	2 86 26                         @ ../app/src/chassiss.c:86:26
	ldrb.w	r0, [sp, #3]
	adds	r0, #1
	strb.w	r0, [sp, #3]
	.loc	2 86 5 is_stmt 0                @ ../app/src/chassiss.c:86:5
	b	.LBB5_1
.Ltmp18:
.LBB5_4:
	.loc	2 92 41 is_stmt 1               @ ../app/src/chassiss.c:92:41
	ldr	r0, [sp, #32]
	.loc	2 92 54 is_stmt 0               @ ../app/src/chassiss.c:92:54
	ldr	r1, [r0, #36]
	.loc	2 92 7                          @ ../app/src/chassiss.c:92:7
	movw	r0, :lower16:chassis_fdcan
	movt	r0, :upper16:chassis_fdcan
	add	r2, sp, #4
	bl	Motor_Drive_Frame
	.loc	2 94 1 epilogue_begin is_stmt 1 @ ../app/src/chassiss.c:94:1
	add	sp, #40
	pop	{r7, pc}
.Ltmp19:
	.loc	2 0 1 is_stmt 0                 @ :0:1
.Ltmp20:
	.p2align	2
@ %bb.5:
.LCPI5_0:
	.long	0x46800000                      @ float 16384
.Lfunc_end5:
	.size	Chassiss_Drive, .Lfunc_end5-Chassiss_Drive
	.cfi_endproc
	.cantunwind
	.fnend
                                        @ -- End function
	.section	.text.Chassiss_Slove,"ax",%progbits
	.hidden	Chassiss_Slove                  @ -- Begin function Chassiss_Slove
	.globl	Chassiss_Slove
	.p2align	3
	.type	Chassiss_Slove,%function
	.code	16                              @ @Chassiss_Slove
	.thumb_func
Chassiss_Slove:
.Lfunc_begin6:
	.loc	2 109 0 is_stmt 1               @ ../app/src/chassiss.c:109:0
	.fnstart
	.cfi_startproc
@ %bb.0:
	.pad	#16
	sub	sp, #16
	.cfi_def_cfa_offset 16
	vstr	s0, [sp, #12]
	vstr	s1, [sp, #8]
	vstr	s2, [sp, #4]
	str	r0, [sp]
.Ltmp21:
	.loc	2 111 24 prologue_end           @ ../app/src/chassiss.c:111:24
	vldr	s0, [sp, #12]
	vcvt.f64.f32	d1, s0
	.loc	2 111 34 is_stmt 0              @ ../app/src/chassiss.c:111:34
	vldr	s0, [sp, #8]
	vcvt.f64.f32	d0, s0
	vldr	d4, .LCPI6_0
	.loc	2 111 33                        @ ../app/src/chassiss.c:111:33
	vmul.f64	d0, d0, d4
	vldr	d5, .LCPI6_1
	.loc	2 111 26                        @ ../app/src/chassiss.c:111:26
	vfma.f64	d0, d1, d5
	.loc	2 111 37                        @ ../app/src/chassiss.c:111:37
	vldr	s2, [sp, #4]
	vldr	s6, .LCPI6_2
	.loc	2 111 39                        @ ../app/src/chassiss.c:111:39
	vmul.f32	s2, s2, s6
	.loc	2 111 37                        @ ../app/src/chassiss.c:111:37
	vcvt.f64.f32	d1, s2
	.loc	2 111 36                        @ ../app/src/chassiss.c:111:36
	vadd.f64	d0, d0, d1
	vldr	d1, .LCPI6_3
	.loc	2 111 46                        @ ../app/src/chassiss.c:111:46
	vdiv.f64	d0, d0, d1
	.loc	2 111 15                        @ ../app/src/chassiss.c:111:15
	vcvt.f32.f64	s0, d0
	.loc	2 111 4                         @ ../app/src/chassiss.c:111:4
	ldr	r0, [sp]
	.loc	2 111 13                        @ ../app/src/chassiss.c:111:13
	vstr	s0, [r0]
	.loc	2 112 24 is_stmt 1              @ ../app/src/chassiss.c:112:24
	vldr	s0, [sp, #12]
	vcvt.f64.f32	d0, s0
	.loc	2 112 34 is_stmt 0              @ ../app/src/chassiss.c:112:34
	vldr	s4, [sp, #8]
	vcvt.f64.f32	d2, s4
	.loc	2 112 33                        @ ../app/src/chassiss.c:112:33
	vmul.f64	d2, d2, d5
	.loc	2 112 26                        @ ../app/src/chassiss.c:112:26
	vfma.f64	d2, d0, d5
	.loc	2 112 37                        @ ../app/src/chassiss.c:112:37
	vldr	s0, [sp, #4]
	.loc	2 112 39                        @ ../app/src/chassiss.c:112:39
	vmul.f32	s0, s0, s6
	.loc	2 112 37                        @ ../app/src/chassiss.c:112:37
	vcvt.f64.f32	d0, s0
	.loc	2 112 36                        @ ../app/src/chassiss.c:112:36
	vadd.f64	d0, d0, d2
	.loc	2 112 46                        @ ../app/src/chassiss.c:112:46
	vdiv.f64	d0, d0, d1
	.loc	2 112 15                        @ ../app/src/chassiss.c:112:15
	vcvt.f32.f64	s0, d0
	.loc	2 112 4                         @ ../app/src/chassiss.c:112:4
	ldr	r0, [sp]
	.loc	2 112 13                        @ ../app/src/chassiss.c:112:13
	vstr	s0, [r0, #4]
	.loc	2 113 24 is_stmt 1              @ ../app/src/chassiss.c:113:24
	vldr	s0, [sp, #12]
	vcvt.f64.f32	d0, s0
	.loc	2 113 34 is_stmt 0              @ ../app/src/chassiss.c:113:34
	vldr	s4, [sp, #8]
	vcvt.f64.f32	d2, s4
	.loc	2 113 33                        @ ../app/src/chassiss.c:113:33
	vmul.f64	d2, d2, d5
	.loc	2 113 26                        @ ../app/src/chassiss.c:113:26
	vfma.f64	d2, d0, d4
	.loc	2 113 37                        @ ../app/src/chassiss.c:113:37
	vldr	s0, [sp, #4]
	.loc	2 113 39                        @ ../app/src/chassiss.c:113:39
	vmul.f32	s0, s0, s6
	.loc	2 113 37                        @ ../app/src/chassiss.c:113:37
	vcvt.f64.f32	d0, s0
	.loc	2 113 36                        @ ../app/src/chassiss.c:113:36
	vadd.f64	d0, d0, d2
	.loc	2 113 46                        @ ../app/src/chassiss.c:113:46
	vdiv.f64	d0, d0, d1
	.loc	2 113 15                        @ ../app/src/chassiss.c:113:15
	vcvt.f32.f64	s0, d0
	.loc	2 113 4                         @ ../app/src/chassiss.c:113:4
	ldr	r0, [sp]
	.loc	2 113 13                        @ ../app/src/chassiss.c:113:13
	vstr	s0, [r0, #8]
	.loc	2 114 24 is_stmt 1              @ ../app/src/chassiss.c:114:24
	vldr	s0, [sp, #12]
	vcvt.f64.f32	d2, s0
	.loc	2 114 34 is_stmt 0              @ ../app/src/chassiss.c:114:34
	vldr	s0, [sp, #8]
	vcvt.f64.f32	d0, s0
	.loc	2 114 33                        @ ../app/src/chassiss.c:114:33
	vmul.f64	d0, d0, d4
	.loc	2 114 26                        @ ../app/src/chassiss.c:114:26
	vfma.f64	d0, d2, d4
	.loc	2 114 37                        @ ../app/src/chassiss.c:114:37
	vldr	s4, [sp, #4]
	.loc	2 114 39                        @ ../app/src/chassiss.c:114:39
	vmul.f32	s4, s4, s6
	.loc	2 114 37                        @ ../app/src/chassiss.c:114:37
	vcvt.f64.f32	d2, s4
	.loc	2 114 36                        @ ../app/src/chassiss.c:114:36
	vadd.f64	d0, d0, d2
	.loc	2 114 46                        @ ../app/src/chassiss.c:114:46
	vdiv.f64	d0, d0, d1
	.loc	2 114 15                        @ ../app/src/chassiss.c:114:15
	vcvt.f32.f64	s0, d0
	.loc	2 114 4                         @ ../app/src/chassiss.c:114:4
	ldr	r0, [sp]
	.loc	2 114 13                        @ ../app/src/chassiss.c:114:13
	vstr	s0, [r0, #12]
	.loc	2 115 11 is_stmt 1              @ ../app/src/chassiss.c:115:11
	ldr	r0, [sp]
	.loc	2 115 4 epilogue_begin is_stmt 0 @ ../app/src/chassiss.c:115:4
	add	sp, #16
	bx	lr
.Ltmp22:
	.loc	2 0 4                           @ :0:4
.Ltmp23:
	.p2align	3
@ %bb.1:
.LCPI6_0:
	.long	769658139                       @ double 0.70709999999999995
	.long	1072078992
.LCPI6_1:
	.long	769658139                       @ double -0.70709999999999995
	.long	3219562640
.LCPI6_3:
	.long	2684354560                      @ double 0.10000000149011612
	.long	1069128089
.LCPI6_2:
	.long	0x3ee66666                      @ float 0.449999988
.Lfunc_end6:
	.size	Chassiss_Slove, .Lfunc_end6-Chassiss_Slove
	.cfi_endproc
	.cantunwind
	.fnend
                                        @ -- End function
	.section	.text.Chassiss_Init,"ax",%progbits
	.hidden	Chassiss_Init                   @ -- Begin function Chassiss_Init
	.globl	Chassiss_Init
	.p2align	3
	.type	Chassiss_Init,%function
	.code	16                              @ @Chassiss_Init
	.thumb_func
Chassiss_Init:
.Lfunc_begin7:
	.loc	2 100 0 is_stmt 1               @ ../app/src/chassiss.c:100:0
	.fnstart
	.cfi_startproc
@ %bb.0:
	.save	{r7, lr}
	push	{r7, lr}
	.cfi_def_cfa_offset 8
	.cfi_offset lr, -4
	.cfi_offset r7, -8
	.pad	#8
	sub	sp, #8
	.cfi_def_cfa_offset 16
	str	r0, [sp, #4]
.Ltmp24:
	.loc	2 101 5 prologue_end            @ ../app/src/chassiss.c:101:5
	bl	chassiscan_init
	.loc	2 103 5                         @ ../app/src/chassiss.c:103:5
	bl	chassiss_DJMotors_Init
	.loc	2 104 26                        @ ../app/src/chassiss.c:104:26
	ldr	r0, [sp, #4]
	.loc	2 104 36 is_stmt 0              @ ../app/src/chassiss.c:104:36
	add.w	r0, r0, #288
	.loc	2 104 5                         @ ../app/src/chassiss.c:104:5
	bl	Chassis_status_Init
	.loc	2 105 25 is_stmt 1              @ ../app/src/chassiss.c:105:25
	ldr	r0, [sp, #4]
	.loc	2 105 35 is_stmt 0              @ ../app/src/chassiss.c:105:35
	add.w	r0, r0, #304
	.loc	2 105 5                         @ ../app/src/chassiss.c:105:5
	bl	Chassiss_power_Init
	.loc	2 106 1 epilogue_begin is_stmt 1 @ ../app/src/chassiss.c:106:1
	add	sp, #8
	pop	{r7, pc}
.Ltmp25:
.Lfunc_end7:
	.size	Chassiss_Init, .Lfunc_end7-Chassiss_Init
	.cfi_endproc
	.cantunwind
	.fnend
                                        @ -- End function
	.section	.text.Chassiss_Inverse_Slove,"ax",%progbits
	.hidden	Chassiss_Inverse_Slove          @ -- Begin function Chassiss_Inverse_Slove
	.globl	Chassiss_Inverse_Slove
	.p2align	3
	.type	Chassiss_Inverse_Slove,%function
	.code	16                              @ @Chassiss_Inverse_Slove
	.thumb_func
Chassiss_Inverse_Slove:
.Lfunc_begin8:
	.loc	2 119 0                         @ ../app/src/chassiss.c:119:0
	.fnstart
	.cfi_startproc
@ %bb.0:
	.pad	#8
	sub	sp, #8
	.cfi_def_cfa_offset 8
	str	r0, [sp, #4]
	str	r1, [sp]
.Ltmp26:
	.loc	2 121 29 prologue_end           @ ../app/src/chassiss.c:121:29
	ldr	r0, [sp, #4]
	vldr	s0, [r0]
	.loc	2 121 39 is_stmt 0              @ ../app/src/chassiss.c:121:39
	vldr	s2, [r0, #4]
	.loc	2 121 38                        @ ../app/src/chassiss.c:121:38
	vsub.f32	s0, s0, s2
	vldr	s2, .LCPI8_0
	.loc	2 121 27                        @ ../app/src/chassiss.c:121:27
	vmul.f32	s0, s0, s2
	.loc	2 121 20                        @ ../app/src/chassiss.c:121:20
	vcvt.f64.f32	d0, s0
	vldr	d2, .LCPI8_1
	.loc	2 121 49                        @ ../app/src/chassiss.c:121:49
	vdiv.f64	d0, d0, d2
	.loc	2 121 20                        @ ../app/src/chassiss.c:121:20
	vcvt.f32.f64	s0, d0
	.loc	2 121 7                         @ ../app/src/chassiss.c:121:7
	ldr	r0, [sp]
	.loc	2 121 18                        @ ../app/src/chassiss.c:121:18
	vstr	s0, [r0, #8]
	.loc	2 122 29 is_stmt 1              @ ../app/src/chassiss.c:122:29
	ldr	r0, [sp, #4]
	.loc	2 122 39 is_stmt 0              @ ../app/src/chassiss.c:122:39
	vldr	s6, [r0, #4]
	.loc	2 122 29                        @ ../app/src/chassiss.c:122:29
	vldr	s0, [r0, #8]
	.loc	2 122 38                        @ ../app/src/chassiss.c:122:38
	vsub.f32	s0, s0, s6
	.loc	2 122 27                        @ ../app/src/chassiss.c:122:27
	vmul.f32	s0, s0, s2
	.loc	2 122 20                        @ ../app/src/chassiss.c:122:20
	vcvt.f64.f32	d0, s0
	.loc	2 122 49                        @ ../app/src/chassiss.c:122:49
	vdiv.f64	d0, d0, d2
	.loc	2 122 20                        @ ../app/src/chassiss.c:122:20
	vcvt.f32.f64	s0, d0
	.loc	2 122 7                         @ ../app/src/chassiss.c:122:7
	ldr	r0, [sp]
	.loc	2 122 18                        @ ../app/src/chassiss.c:122:18
	vstr	s0, [r0, #4]
	.loc	2 123 29 is_stmt 1              @ ../app/src/chassiss.c:123:29
	ldr	r0, [sp, #4]
	vldr	s0, [r0, #4]
	.loc	2 123 39 is_stmt 0              @ ../app/src/chassiss.c:123:39
	vldr	s4, [r0, #12]
	.loc	2 123 38                        @ ../app/src/chassiss.c:123:38
	vadd.f32	s0, s0, s4
	.loc	2 123 27                        @ ../app/src/chassiss.c:123:27
	vmul.f32	s0, s0, s2
	vldr	s2, .LCPI8_2
	.loc	2 123 49                        @ ../app/src/chassiss.c:123:49
	vdiv.f32	s0, s0, s2
	.loc	2 123 7                         @ ../app/src/chassiss.c:123:7
	ldr	r0, [sp]
	.loc	2 123 18                        @ ../app/src/chassiss.c:123:18
	vstr	s0, [r0, #12]
	.loc	2 124 15 is_stmt 1              @ ../app/src/chassiss.c:124:15
	ldr	r0, [sp]
	.loc	2 124 7 epilogue_begin is_stmt 0 @ ../app/src/chassiss.c:124:7
	add	sp, #8
	bx	lr
.Ltmp27:
	.loc	2 0 7                           @ :0:7
.Ltmp28:
	.p2align	3
@ %bb.1:
.LCPI8_1:
	.long	769658139                       @ double 0.70709999999999995
	.long	1072078992
.LCPI8_0:
	.long	0x3dcccccd                      @ float 0.100000001
.LCPI8_2:
	.long	0x3ee66666                      @ float 0.449999988
.Lfunc_end8:
	.size	Chassiss_Inverse_Slove, .Lfunc_end8-Chassiss_Inverse_Slove
	.cfi_endproc
	.cantunwind
	.fnend
                                        @ -- End function
	.section	.text.chassis_relative_ptzupdate,"ax",%progbits
	.hidden	chassis_relative_ptzupdate      @ -- Begin function chassis_relative_ptzupdate
	.globl	chassis_relative_ptzupdate
	.p2align	3
	.type	chassis_relative_ptzupdate,%function
	.code	16                              @ @chassis_relative_ptzupdate
	.thumb_func
chassis_relative_ptzupdate:
.Lfunc_begin9:
	.fnstart
	.cfi_startproc
@ %bb.0:
	.loc	2 130 81 prologue_end is_stmt 1 @ ../app/src/chassiss.c:130:81
	movw	r0, :lower16:Reverso_PTZ
	movt	r0, :upper16:Reverso_PTZ
	ldr	r0, [r0, #20]
	.loc	2 130 44 is_stmt 0              @ ../app/src/chassiss.c:130:44
	movw	r1, :lower16:Reverso_Chassiss
	movt	r1, :upper16:Reverso_Chassiss
	str.w	r0, [r1, #288]
	.loc	2 131 1 is_stmt 1               @ ../app/src/chassiss.c:131:1
	bx	lr
.Ltmp29:
.Lfunc_end9:
	.size	chassis_relative_ptzupdate, .Lfunc_end9-chassis_relative_ptzupdate
	.cfi_endproc
	.cantunwind
	.fnend
                                        @ -- End function
	.section	.text.speedptztochassis,"ax",%progbits
	.hidden	speedptztochassis               @ -- Begin function speedptztochassis
	.globl	speedptztochassis
	.p2align	3
	.type	speedptztochassis,%function
	.code	16                              @ @speedptztochassis
	.thumb_func
speedptztochassis:
.Lfunc_begin10:
	.loc	2 133 0                         @ ../app/src/chassiss.c:133:0
	.fnstart
	.cfi_startproc
@ %bb.0:
	.save	{r7, lr}
	push	{r7, lr}
	.cfi_def_cfa_offset 8
	.cfi_offset lr, -4
	.cfi_offset r7, -8
	.pad	#56
	sub	sp, #56
	.cfi_def_cfa_offset 64
	vstr	s0, [sp, #52]
	vstr	s1, [sp, #48]
.Ltmp30:
	.loc	2 134 46 prologue_end           @ ../app/src/chassiss.c:134:46
	movw	r0, :lower16:Reverso_Chassiss
	movt	r0, :upper16:Reverso_Chassiss
	str	r0, [sp, #20]                   @ 4-byte Spill
	vldr	s0, [r0, #288]
	.loc	2 134 22 is_stmt 0              @ ../app/src/chassiss.c:134:22
	vcvt.f64.f32	d0, s0
	.loc	2 134 18                        @ ../app/src/chassiss.c:134:18
	bl	__hardfp_cos
	ldr	r0, [sp, #20]                   @ 4-byte Reload
	vstr	d0, [sp, #8]                    @ 8-byte Spill
	.loc	2 134 64                        @ ../app/src/chassiss.c:134:64
	vldr	s0, [sp, #52]
	vcvt.f64.f32	d0, s0
	vstr	d0, [sp]                        @ 8-byte Spill
	.loc	2 135 46 is_stmt 1              @ ../app/src/chassiss.c:135:46
	vldr	s0, [r0, #288]
	.loc	2 135 22 is_stmt 0              @ ../app/src/chassiss.c:135:22
	vcvt.f64.f32	d0, s0
	.loc	2 135 18                        @ ../app/src/chassiss.c:135:18
	bl	__hardfp_sin
	vldr	d2, [sp]                        @ 8-byte Reload
	vldr	d1, [sp, #8]                    @ 8-byte Reload
	ldr	r0, [sp, #20]                   @ 4-byte Reload
	.loc	2 135 64                        @ ../app/src/chassiss.c:135:64
	vldr	s6, [sp, #48]
	vcvt.f64.f32	d3, s6
	.loc	2 135 63                        @ ../app/src/chassiss.c:135:63
	vmul.f64	d0, d0, d3
	.loc	2 135 17                        @ ../app/src/chassiss.c:135:17
	vfnms.f64	d0, d1, d2
	.loc	2 134 18 is_stmt 1              @ ../app/src/chassiss.c:134:18
	vcvt.f32.f64	s0, d0
	.loc	2 134 10 is_stmt 0              @ ../app/src/chassiss.c:134:10
	vstr	s0, [sp, #44]
	.loc	2 136 46 is_stmt 1              @ ../app/src/chassiss.c:136:46
	vldr	s0, [r0, #288]
	.loc	2 136 22 is_stmt 0              @ ../app/src/chassiss.c:136:22
	vcvt.f64.f32	d0, s0
	.loc	2 136 18                        @ ../app/src/chassiss.c:136:18
	bl	__hardfp_sin
	ldr	r0, [sp, #20]                   @ 4-byte Reload
	vstr	d0, [sp, #32]                   @ 8-byte Spill
	.loc	2 136 64                        @ ../app/src/chassiss.c:136:64
	vldr	s0, [sp, #52]
	vcvt.f64.f32	d0, s0
	vstr	d0, [sp, #24]                   @ 8-byte Spill
	.loc	2 137 46 is_stmt 1              @ ../app/src/chassiss.c:137:46
	vldr	s0, [r0, #288]
	.loc	2 137 22 is_stmt 0              @ ../app/src/chassiss.c:137:22
	vcvt.f64.f32	d0, s0
	.loc	2 137 18                        @ ../app/src/chassiss.c:137:18
	bl	__hardfp_cos
	vldr	d2, [sp, #24]                   @ 8-byte Reload
	vldr	d1, [sp, #32]                   @ 8-byte Reload
	.loc	2 137 64                        @ ../app/src/chassiss.c:137:64
	vldr	s6, [sp, #48]
	vcvt.f64.f32	d3, s6
	.loc	2 137 63                        @ ../app/src/chassiss.c:137:63
	vmul.f64	d0, d0, d3
	.loc	2 137 17                        @ ../app/src/chassiss.c:137:17
	vfma.f64	d0, d1, d2
	.loc	2 136 18 is_stmt 1              @ ../app/src/chassiss.c:136:18
	vcvt.f32.f64	s0, d0
	.loc	2 136 10 is_stmt 0              @ ../app/src/chassiss.c:136:10
	vstr	s0, [sp, #40]
	.loc	2 138 9 is_stmt 1               @ ../app/src/chassiss.c:138:9
	ldr	r0, [sp, #44]
	.loc	2 138 8 is_stmt 0               @ ../app/src/chassiss.c:138:8
	str	r0, [sp, #52]
	.loc	2 138 21                        @ ../app/src/chassiss.c:138:21
	ldr	r0, [sp, #40]
	.loc	2 138 20                        @ ../app/src/chassiss.c:138:20
	str	r0, [sp, #48]
	.loc	2 139 1 epilogue_begin is_stmt 1 @ ../app/src/chassiss.c:139:1
	add	sp, #56
	pop	{r7, pc}
.Ltmp31:
.Lfunc_end10:
	.size	speedptztochassis, .Lfunc_end10-speedptztochassis
	.cfi_endproc
	.cantunwind
	.fnend
                                        @ -- End function
	.section	.text.chassiss_disabled,"ax",%progbits
	.hidden	chassiss_disabled               @ -- Begin function chassiss_disabled
	.globl	chassiss_disabled
	.p2align	3
	.type	chassiss_disabled,%function
	.code	16                              @ @chassiss_disabled
	.thumb_func
chassiss_disabled:
.Lfunc_begin11:
	.loc	2 142 0                         @ ../app/src/chassiss.c:142:0
	.fnstart
	.cfi_startproc
@ %bb.0:
	.save	{r7, lr}
	push	{r7, lr}
	.cfi_def_cfa_offset 8
	.cfi_offset lr, -4
	.cfi_offset r7, -8
	.pad	#8
	sub	sp, #8
	.cfi_def_cfa_offset 16
	movs	r0, #0
.Ltmp32:
	.loc	2 144 13 prologue_end           @ ../app/src/chassiss.c:144:13
	str	r0, [sp, #4]
	str	r0, [sp]
	.loc	2 146 57                        @ ../app/src/chassiss.c:146:57
	movw	r0, :lower16:chassiss_motor
	movt	r0, :upper16:chassiss_motor
	ldr	r1, [r0, #36]
	.loc	2 146 5 is_stmt 0               @ ../app/src/chassiss.c:146:5
	movw	r0, :lower16:chassis_fdcan
	movt	r0, :upper16:chassis_fdcan
	mov	r2, sp
	bl	Motor_Drive_Frame
	.loc	2 147 1 epilogue_begin is_stmt 1 @ ../app/src/chassiss.c:147:1
	add	sp, #8
	pop	{r7, pc}
.Ltmp33:
.Lfunc_end11:
	.size	chassiss_disabled, .Lfunc_end11-chassiss_disabled
	.cfi_endproc
	.cantunwind
	.fnend
                                        @ -- End function
	.section	.text.ChassisTask03,"ax",%progbits
	.hidden	ChassisTask03                   @ -- Begin function ChassisTask03
	.globl	ChassisTask03
	.p2align	3
	.type	ChassisTask03,%function
	.code	16                              @ @ChassisTask03
	.thumb_func
ChassisTask03:
.Lfunc_begin12:
	.loc	2 180 0                         @ ../app/src/chassiss.c:180:0
	.fnstart
	.cfi_startproc
@ %bb.0:
	.save	{r7, lr}
	push	{r7, lr}
	.cfi_def_cfa_offset 8
	.cfi_offset lr, -4
	.cfi_offset r7, -8
	.pad	#56
	sub	sp, #56
	.cfi_def_cfa_offset 64
	str	r0, [sp, #52]
.Ltmp34:
	.loc	2 181 4 prologue_end            @ ../app/src/chassiss.c:181:4
	movw	r0, :lower16:hfdcan1
	movt	r0, :upper16:hfdcan1
	bl	Fdcan_FilterInit
	.loc	2 182 5                         @ ../app/src/chassiss.c:182:5
	movw	r0, :lower16:chassissmotor_contrl
	movt	r0, :upper16:chassissmotor_contrl
	str	r0, [sp, #24]                   @ 4-byte Spill
	vldr	s0, .LCPI12_0
	vstr	s0, [sp, #8]                    @ 4-byte Spill
	vldr	s2, .LCPI12_1
	vstr	s2, [sp, #12]                   @ 4-byte Spill
	vldr	s3, .LCPI12_2
	vstr	s3, [sp, #16]                   @ 4-byte Spill
	vldr	s4, .LCPI12_3
	vstr	s4, [sp, #20]                   @ 4-byte Spill
	vmov.f32	s1, s2
	bl	Positional_PID_Init
	vldr	s0, [sp, #8]                    @ 4-byte Reload
	vldr	s2, [sp, #12]                   @ 4-byte Reload
	vldr	s3, [sp, #16]                   @ 4-byte Reload
	vldr	s4, [sp, #20]                   @ 4-byte Reload
                                        @ kill: def $r1 killed $r0
	.loc	2 183 5                         @ ../app/src/chassiss.c:183:5
	ldr	r0, [sp, #24]                   @ 4-byte Reload
	adds	r0, #28
	vmov.f32	s1, s2
	bl	Positional_PID_Init
	vldr	s0, [sp, #8]                    @ 4-byte Reload
	vldr	s2, [sp, #12]                   @ 4-byte Reload
	vldr	s3, [sp, #16]                   @ 4-byte Reload
	vldr	s4, [sp, #20]                   @ 4-byte Reload
                                        @ kill: def $r1 killed $r0
	.loc	2 184 5                         @ ../app/src/chassiss.c:184:5
	ldr	r0, [sp, #24]                   @ 4-byte Reload
	adds	r0, #56
	vmov.f32	s1, s2
	bl	Positional_PID_Init
	vldr	s0, [sp, #8]                    @ 4-byte Reload
	vldr	s2, [sp, #12]                   @ 4-byte Reload
	vldr	s3, [sp, #16]                   @ 4-byte Reload
	vldr	s4, [sp, #20]                   @ 4-byte Reload
                                        @ kill: def $r1 killed $r0
	.loc	2 185 5                         @ ../app/src/chassiss.c:185:5
	ldr	r0, [sp, #24]                   @ 4-byte Reload
	adds	r0, #84
	vmov.f32	s1, s2
	bl	Positional_PID_Init
	.loc	2 186 5                         @ ../app/src/chassiss.c:186:5
	movw	r0, :lower16:Reverso_Chassiss
	movt	r0, :upper16:Reverso_Chassiss
	bl	Chassiss_Init
	movs	r0, #2
	movs	r1, #1
	mov.w	r2, #-1
	.loc	2 187 5                         @ ../app/src/chassiss.c:187:5
	bl	osThreadFlagsWait
	.loc	2 188 3                         @ ../app/src/chassiss.c:188:3
	b	.LBB12_1
.LBB12_1:                               @ =>This Inner Loop Header: Depth=1
.Ltmp35:
	.loc	2 191 14                        @ ../app/src/chassiss.c:191:14
	bl	osThreadFlagsGet
	.loc	2 191 13 is_stmt 0              @ ../app/src/chassiss.c:191:13
	movw	r1, :lower16:ChassisTask03.orderflag
	movt	r1, :upper16:ChassisTask03.orderflag
	str	r1, [sp, #4]                    @ 4-byte Spill
	str	r0, [r1]
	.loc	2 192 16 is_stmt 1              @ ../app/src/chassiss.c:192:16
	bl	osThreadFlagsGet
	mov	r1, r0
	.loc	2 192 14 is_stmt 0              @ ../app/src/chassiss.c:192:14
	ldr	r0, [sp, #4]                    @ 4-byte Reload
	movw	r2, :lower16:debugflag
	movt	r2, :upper16:debugflag
	str	r1, [r2]
	.loc	2 194 7 is_stmt 1               @ ../app/src/chassiss.c:194:7
	ldrb	r0, [r0]
	lsls	r0, r0, #30
	cmp	r0, #0
	bpl	.LBB12_8
	b	.LBB12_2
.LBB12_2:                               @   in Loop: Header=BB12_1 Depth=1
.Ltmp36:
	.loc	2 196 5                         @ ../app/src/chassiss.c:196:5
	bl	chassis_relative_ptzupdate
.Ltmp37:
	.loc	2 197 8                         @ ../app/src/chassiss.c:197:8
	movw	r0, :lower16:ChassisTask03.orderflag
	movt	r0, :upper16:ChassisTask03.orderflag
.Ltmp38:
	.loc	2 197 8 is_stmt 0               @ ../app/src/chassiss.c:197:8
	ldrb	r0, [r0]
	lsls	r0, r0, #26
	cmp	r0, #0
	bpl	.LBB12_4
	b	.LBB12_3
.LBB12_3:                               @   in Loop: Header=BB12_1 Depth=1
.Ltmp39:
	.loc	2 200 31 is_stmt 1              @ ../app/src/chassiss.c:200:31
	movw	r0, :lower16:normal4chdata
	movt	r0, :upper16:normal4chdata
	vldr	s0, [r0]
	vmov.f32	s2, #1.900000e+01
	.loc	2 200 34 is_stmt 0              @ ../app/src/chassiss.c:200:34
	vdiv.f32	s0, s0, s2
	.loc	2 200 16                        @ ../app/src/chassiss.c:200:16
	vstr	s0, [sp, #40]
	.loc	2 201 31 is_stmt 1              @ ../app/src/chassiss.c:201:31
	vldr	s0, [r0, #4]
	.loc	2 201 34 is_stmt 0              @ ../app/src/chassiss.c:201:34
	vdiv.f32	s0, s0, s2
	.loc	2 201 16                        @ ../app/src/chassiss.c:201:16
	vstr	s0, [sp, #44]
	.loc	2 202 31 is_stmt 1              @ ../app/src/chassiss.c:202:31
	vldr	s0, [r0, #8]
	vmov.f32	s4, #4.000000e+00
	.loc	2 202 34 is_stmt 0              @ ../app/src/chassiss.c:202:34
	vmul.f32	s0, s0, s4
	.loc	2 202 36                        @ ../app/src/chassiss.c:202:36
	vdiv.f32	s0, s0, s2
	.loc	2 202 16                        @ ../app/src/chassiss.c:202:16
	vstr	s0, [sp, #48]
	.loc	2 203 23 is_stmt 1              @ ../app/src/chassiss.c:203:23
	vldr	s0, [sp, #40]
	.loc	2 203 33 is_stmt 0              @ ../app/src/chassiss.c:203:33
	vldr	s1, [sp, #44]
	.loc	2 203 5                         @ ../app/src/chassiss.c:203:5
	bl	speedptztochassis
	.loc	2 204 5 is_stmt 1               @ ../app/src/chassiss.c:204:5
	movw	r1, :lower16:chassiss_motor
	movt	r1, :upper16:chassiss_motor
	movw	r2, :lower16:chassis_fdcan
	movt	r2, :upper16:chassis_fdcan
	add	r0, sp, #40
	bl	Chassiss_Drive
	.loc	2 205 5                         @ ../app/src/chassiss.c:205:5
	b	.LBB12_7
.Ltmp40:
.LBB12_4:                               @   in Loop: Header=BB12_1 Depth=1
	.loc	2 206 14                        @ ../app/src/chassiss.c:206:14
	movw	r0, :lower16:ChassisTask03.orderflag
	movt	r0, :upper16:ChassisTask03.orderflag
.Ltmp41:
	.loc	2 206 14 is_stmt 0              @ ../app/src/chassiss.c:206:14
	ldrb	r0, [r0]
	lsls	r0, r0, #27
	cmp	r0, #0
	bpl	.LBB12_6
	b	.LBB12_5
.LBB12_5:                               @   in Loop: Header=BB12_1 Depth=1
.Ltmp42:
	.loc	2 209 29 is_stmt 1              @ ../app/src/chassiss.c:209:29
	movw	r0, :lower16:normal4chdata
	movt	r0, :upper16:normal4chdata
	ldr	r1, [r0]
	.loc	2 209 14 is_stmt 0              @ ../app/src/chassiss.c:209:14
	str	r1, [sp, #28]
	.loc	2 210 29 is_stmt 1              @ ../app/src/chassiss.c:210:29
	ldr	r0, [r0, #4]
	.loc	2 210 14 is_stmt 0              @ ../app/src/chassiss.c:210:14
	str	r0, [sp, #32]
	.loc	2 211 44 is_stmt 1              @ ../app/src/chassiss.c:211:44
	movw	r0, :lower16:Reverso_Chassiss
	movt	r0, :upper16:Reverso_Chassiss
	vldr	s0, [r0, #288]
	vldr	s2, .LCPI12_4
	.loc	2 211 19 is_stmt 0              @ ../app/src/chassiss.c:211:19
	vmul.f32	s0, s0, s2
	.loc	2 211 14                        @ ../app/src/chassiss.c:211:14
	vstr	s0, [sp, #36]
	.loc	2 212 23 is_stmt 1              @ ../app/src/chassiss.c:212:23
	vldr	s0, [sp, #28]
	.loc	2 212 33 is_stmt 0              @ ../app/src/chassiss.c:212:33
	vldr	s1, [sp, #32]
	.loc	2 212 5                         @ ../app/src/chassiss.c:212:5
	bl	speedptztochassis
	.loc	2 213 5 is_stmt 1               @ ../app/src/chassiss.c:213:5
	movw	r1, :lower16:chassiss_motor
	movt	r1, :upper16:chassiss_motor
	movw	r2, :lower16:chassis_fdcan
	movt	r2, :upper16:chassis_fdcan
	add	r0, sp, #28
	bl	Chassiss_Drive
	.loc	2 214 5                         @ ../app/src/chassiss.c:214:5
	b	.LBB12_6
.Ltmp43:
.LBB12_6:                               @   in Loop: Header=BB12_1 Depth=1
	.loc	2 0 5 is_stmt 0                 @ ../app/src/chassiss.c:0:5
	b	.LBB12_7
.LBB12_7:                               @   in Loop: Header=BB12_1 Depth=1
	.loc	2 216 4 is_stmt 1               @ ../app/src/chassiss.c:216:4
	b	.LBB12_9
.Ltmp44:
.LBB12_8:                               @   in Loop: Header=BB12_1 Depth=1
	.loc	2 0 4 is_stmt 0                 @ ../app/src/chassiss.c:0:4
	b	.LBB12_9
.LBB12_9:                               @   in Loop: Header=BB12_1 Depth=1
	mvn	r0, #-2147483648
	.loc	2 222 5 is_stmt 1               @ ../app/src/chassiss.c:222:5
	bl	osThreadFlagsClear
	movs	r0, #1
	.loc	2 225 5                         @ ../app/src/chassiss.c:225:5
	bl	osDelay
.Ltmp45:
	.loc	2 188 3                         @ ../app/src/chassiss.c:188:3
	b	.LBB12_1
.Ltmp46:
	.loc	2 0 3 is_stmt 0                 @ :0:3
.Ltmp47:
	.p2align	2
@ %bb.10:
.LCPI12_0:
	.long	0x3f0a3d71                      @ float 0.540000021
.LCPI12_1:
	.long	0x00000000                      @ float 0
.LCPI12_2:
	.long	0x42c80000                      @ float 100
.LCPI12_3:
	.long	0x3fb9999a                      @ float 1.45000005
.LCPI12_4:
	.long	0x3f99999a                      @ float 1.20000005
.Lfunc_end12:
	.size	ChassisTask03, .Lfunc_end12-ChassisTask03
	.cfi_endproc
	.cantunwind
	.fnend
                                        @ -- End function
	.hidden	chassiss_motor                  @ @chassiss_motor
	.type	chassiss_motor,%object
	.section	.bss.chassiss_motor,"aw",%nobits
	.globl	chassiss_motor
	.p2align	3, 0x0
chassiss_motor:
	.zero	288
	.size	chassiss_motor, 288

	.hidden	chassissmotor_contrl            @ @chassissmotor_contrl
	.type	chassissmotor_contrl,%object
	.section	.bss.chassissmotor_contrl,"aw",%nobits
	.globl	chassissmotor_contrl
	.p2align	2, 0x0
chassissmotor_contrl:
	.zero	112
	.size	chassissmotor_contrl, 112

	.hidden	chassis_fdcan                   @ @chassis_fdcan
	.type	chassis_fdcan,%object
	.section	.bss.chassis_fdcan,"aw",%nobits
	.globl	chassis_fdcan
	.p2align	2, 0x0
chassis_fdcan:
	.zero	48
	.size	chassis_fdcan, 48

	.hidden	Reverso_Chassiss                @ @Reverso_Chassiss
	.type	Reverso_Chassiss,%object
	.section	.bss.Reverso_Chassiss,"aw",%nobits
	.globl	Reverso_Chassiss
	.p2align	3, 0x0
Reverso_Chassiss:
	.zero	368
	.size	Reverso_Chassiss, 368

	.hidden	debugflag                       @ @debugflag
	.type	debugflag,%object
	.section	.bss.debugflag,"aw",%nobits
	.globl	debugflag
	.p2align	2, 0x0
debugflag:
	.long	0                               @ 0x0
	.size	debugflag, 4

	.type	ChassisTask03.orderflag,%object @ @ChassisTask03.orderflag
	.section	.bss.ChassisTask03.orderflag,"aw",%nobits
	.p2align	2, 0x0
ChassisTask03.orderflag:
	.long	0                               @ 0x0
	.size	ChassisTask03.orderflag, 4

	.section	.debug_abbrev,"",%progbits
	.byte	1                               @ Abbreviation Code
	.byte	17                              @ DW_TAG_compile_unit
	.byte	1                               @ DW_CHILDREN_yes
	.byte	37                              @ DW_AT_producer
	.byte	14                              @ DW_FORM_strp
	.byte	19                              @ DW_AT_language
	.byte	5                               @ DW_FORM_data2
	.byte	3                               @ DW_AT_name
	.byte	14                              @ DW_FORM_strp
	.byte	16                              @ DW_AT_stmt_list
	.byte	23                              @ DW_FORM_sec_offset
	.byte	27                              @ DW_AT_comp_dir
	.byte	14                              @ DW_FORM_strp
	.byte	17                              @ DW_AT_low_pc
	.byte	1                               @ DW_FORM_addr
	.byte	85                              @ DW_AT_ranges
	.byte	23                              @ DW_FORM_sec_offset
	.byte	0                               @ EOM(1)
	.byte	0                               @ EOM(2)
	.byte	2                               @ Abbreviation Code
	.byte	52                              @ DW_TAG_variable
	.byte	0                               @ DW_CHILDREN_no
	.byte	3                               @ DW_AT_name
	.byte	14                              @ DW_FORM_strp
	.byte	73                              @ DW_AT_type
	.byte	19                              @ DW_FORM_ref4
	.byte	63                              @ DW_AT_external
	.byte	25                              @ DW_FORM_flag_present
	.byte	58                              @ DW_AT_decl_file
	.byte	11                              @ DW_FORM_data1
	.byte	59                              @ DW_AT_decl_line
	.byte	11                              @ DW_FORM_data1
	.byte	2                               @ DW_AT_location
	.byte	24                              @ DW_FORM_exprloc
	.byte	0                               @ EOM(1)
	.byte	0                               @ EOM(2)
	.byte	3                               @ Abbreviation Code
	.byte	22                              @ DW_TAG_typedef
	.byte	0                               @ DW_CHILDREN_no
	.byte	73                              @ DW_AT_type
	.byte	19                              @ DW_FORM_ref4
	.byte	3                               @ DW_AT_name
	.byte	14                              @ DW_FORM_strp
	.byte	58                              @ DW_AT_decl_file
	.byte	11                              @ DW_FORM_data1
	.byte	59                              @ DW_AT_decl_line
	.byte	11                              @ DW_FORM_data1
	.byte	0                               @ EOM(1)
	.byte	0                               @ EOM(2)
	.byte	4                               @ Abbreviation Code
	.byte	36                              @ DW_TAG_base_type
	.byte	0                               @ DW_CHILDREN_no
	.byte	3                               @ DW_AT_name
	.byte	14                              @ DW_FORM_strp
	.byte	62                              @ DW_AT_encoding
	.byte	11                              @ DW_FORM_data1
	.byte	11                              @ DW_AT_byte_size
	.byte	11                              @ DW_FORM_data1
	.byte	0                               @ EOM(1)
	.byte	0                               @ EOM(2)
	.byte	5                               @ Abbreviation Code
	.byte	46                              @ DW_TAG_subprogram
	.byte	1                               @ DW_CHILDREN_yes
	.byte	17                              @ DW_AT_low_pc
	.byte	1                               @ DW_FORM_addr
	.byte	18                              @ DW_AT_high_pc
	.byte	6                               @ DW_FORM_data4
	.byte	64                              @ DW_AT_frame_base
	.byte	24                              @ DW_FORM_exprloc
	.byte	3                               @ DW_AT_name
	.byte	14                              @ DW_FORM_strp
	.byte	58                              @ DW_AT_decl_file
	.byte	11                              @ DW_FORM_data1
	.byte	59                              @ DW_AT_decl_line
	.byte	11                              @ DW_FORM_data1
	.byte	39                              @ DW_AT_prototyped
	.byte	25                              @ DW_FORM_flag_present
	.byte	63                              @ DW_AT_external
	.byte	25                              @ DW_FORM_flag_present
	.byte	0                               @ EOM(1)
	.byte	0                               @ EOM(2)
	.byte	6                               @ Abbreviation Code
	.byte	52                              @ DW_TAG_variable
	.byte	0                               @ DW_CHILDREN_no
	.byte	3                               @ DW_AT_name
	.byte	14                              @ DW_FORM_strp
	.byte	73                              @ DW_AT_type
	.byte	19                              @ DW_FORM_ref4
	.byte	58                              @ DW_AT_decl_file
	.byte	11                              @ DW_FORM_data1
	.byte	59                              @ DW_AT_decl_line
	.byte	11                              @ DW_FORM_data1
	.byte	2                               @ DW_AT_location
	.byte	24                              @ DW_FORM_exprloc
	.byte	0                               @ EOM(1)
	.byte	0                               @ EOM(2)
	.byte	7                               @ Abbreviation Code
	.byte	5                               @ DW_TAG_formal_parameter
	.byte	0                               @ DW_CHILDREN_no
	.byte	2                               @ DW_AT_location
	.byte	24                              @ DW_FORM_exprloc
	.byte	3                               @ DW_AT_name
	.byte	14                              @ DW_FORM_strp
	.byte	58                              @ DW_AT_decl_file
	.byte	11                              @ DW_FORM_data1
	.byte	59                              @ DW_AT_decl_line
	.byte	11                              @ DW_FORM_data1
	.byte	73                              @ DW_AT_type
	.byte	19                              @ DW_FORM_ref4
	.byte	0                               @ EOM(1)
	.byte	0                               @ EOM(2)
	.byte	8                               @ Abbreviation Code
	.byte	11                              @ DW_TAG_lexical_block
	.byte	1                               @ DW_CHILDREN_yes
	.byte	17                              @ DW_AT_low_pc
	.byte	1                               @ DW_FORM_addr
	.byte	18                              @ DW_AT_high_pc
	.byte	6                               @ DW_FORM_data4
	.byte	0                               @ EOM(1)
	.byte	0                               @ EOM(2)
	.byte	9                               @ Abbreviation Code
	.byte	52                              @ DW_TAG_variable
	.byte	0                               @ DW_CHILDREN_no
	.byte	2                               @ DW_AT_location
	.byte	24                              @ DW_FORM_exprloc
	.byte	3                               @ DW_AT_name
	.byte	14                              @ DW_FORM_strp
	.byte	58                              @ DW_AT_decl_file
	.byte	11                              @ DW_FORM_data1
	.byte	59                              @ DW_AT_decl_line
	.byte	11                              @ DW_FORM_data1
	.byte	73                              @ DW_AT_type
	.byte	19                              @ DW_FORM_ref4
	.byte	0                               @ EOM(1)
	.byte	0                               @ EOM(2)
	.byte	10                              @ Abbreviation Code
	.byte	1                               @ DW_TAG_array_type
	.byte	1                               @ DW_CHILDREN_yes
	.byte	73                              @ DW_AT_type
	.byte	19                              @ DW_FORM_ref4
	.byte	0                               @ EOM(1)
	.byte	0                               @ EOM(2)
	.byte	11                              @ Abbreviation Code
	.byte	33                              @ DW_TAG_subrange_type
	.byte	0                               @ DW_CHILDREN_no
	.byte	73                              @ DW_AT_type
	.byte	19                              @ DW_FORM_ref4
	.byte	55                              @ DW_AT_count
	.byte	11                              @ DW_FORM_data1
	.byte	0                               @ EOM(1)
	.byte	0                               @ EOM(2)
	.byte	12                              @ Abbreviation Code
	.byte	19                              @ DW_TAG_structure_type
	.byte	1                               @ DW_CHILDREN_yes
	.byte	11                              @ DW_AT_byte_size
	.byte	11                              @ DW_FORM_data1
	.byte	58                              @ DW_AT_decl_file
	.byte	11                              @ DW_FORM_data1
	.byte	59                              @ DW_AT_decl_line
	.byte	11                              @ DW_FORM_data1
	.byte	0                               @ EOM(1)
	.byte	0                               @ EOM(2)
	.byte	13                              @ Abbreviation Code
	.byte	13                              @ DW_TAG_member
	.byte	0                               @ DW_CHILDREN_no
	.byte	3                               @ DW_AT_name
	.byte	14                              @ DW_FORM_strp
	.byte	73                              @ DW_AT_type
	.byte	19                              @ DW_FORM_ref4
	.byte	58                              @ DW_AT_decl_file
	.byte	11                              @ DW_FORM_data1
	.byte	59                              @ DW_AT_decl_line
	.byte	11                              @ DW_FORM_data1
	.byte	56                              @ DW_AT_data_member_location
	.byte	11                              @ DW_FORM_data1
	.byte	0                               @ EOM(1)
	.byte	0                               @ EOM(2)
	.byte	14                              @ Abbreviation Code
	.byte	36                              @ DW_TAG_base_type
	.byte	0                               @ DW_CHILDREN_no
	.byte	3                               @ DW_AT_name
	.byte	14                              @ DW_FORM_strp
	.byte	11                              @ DW_AT_byte_size
	.byte	11                              @ DW_FORM_data1
	.byte	62                              @ DW_AT_encoding
	.byte	11                              @ DW_FORM_data1
	.byte	0                               @ EOM(1)
	.byte	0                               @ EOM(2)
	.byte	15                              @ Abbreviation Code
	.byte	15                              @ DW_TAG_pointer_type
	.byte	0                               @ DW_CHILDREN_no
	.byte	73                              @ DW_AT_type
	.byte	19                              @ DW_FORM_ref4
	.byte	0                               @ EOM(1)
	.byte	0                               @ EOM(2)
	.byte	16                              @ Abbreviation Code
	.byte	22                              @ DW_TAG_typedef
	.byte	0                               @ DW_CHILDREN_no
	.byte	73                              @ DW_AT_type
	.byte	19                              @ DW_FORM_ref4
	.byte	3                               @ DW_AT_name
	.byte	14                              @ DW_FORM_strp
	.byte	58                              @ DW_AT_decl_file
	.byte	11                              @ DW_FORM_data1
	.byte	59                              @ DW_AT_decl_line
	.byte	5                               @ DW_FORM_data2
	.byte	0                               @ EOM(1)
	.byte	0                               @ EOM(2)
	.byte	17                              @ Abbreviation Code
	.byte	19                              @ DW_TAG_structure_type
	.byte	1                               @ DW_CHILDREN_yes
	.byte	11                              @ DW_AT_byte_size
	.byte	11                              @ DW_FORM_data1
	.byte	58                              @ DW_AT_decl_file
	.byte	11                              @ DW_FORM_data1
	.byte	59                              @ DW_AT_decl_line
	.byte	5                               @ DW_FORM_data2
	.byte	0                               @ EOM(1)
	.byte	0                               @ EOM(2)
	.byte	18                              @ Abbreviation Code
	.byte	13                              @ DW_TAG_member
	.byte	0                               @ DW_CHILDREN_no
	.byte	3                               @ DW_AT_name
	.byte	14                              @ DW_FORM_strp
	.byte	73                              @ DW_AT_type
	.byte	19                              @ DW_FORM_ref4
	.byte	58                              @ DW_AT_decl_file
	.byte	11                              @ DW_FORM_data1
	.byte	59                              @ DW_AT_decl_line
	.byte	5                               @ DW_FORM_data2
	.byte	56                              @ DW_AT_data_member_location
	.byte	11                              @ DW_FORM_data1
	.byte	0                               @ EOM(1)
	.byte	0                               @ EOM(2)
	.byte	19                              @ Abbreviation Code
	.byte	19                              @ DW_TAG_structure_type
	.byte	1                               @ DW_CHILDREN_yes
	.byte	11                              @ DW_AT_byte_size
	.byte	5                               @ DW_FORM_data2
	.byte	58                              @ DW_AT_decl_file
	.byte	11                              @ DW_FORM_data1
	.byte	59                              @ DW_AT_decl_line
	.byte	5                               @ DW_FORM_data2
	.byte	0                               @ EOM(1)
	.byte	0                               @ EOM(2)
	.byte	20                              @ Abbreviation Code
	.byte	53                              @ DW_TAG_volatile_type
	.byte	0                               @ DW_CHILDREN_no
	.byte	73                              @ DW_AT_type
	.byte	19                              @ DW_FORM_ref4
	.byte	0                               @ EOM(1)
	.byte	0                               @ EOM(2)
	.byte	21                              @ Abbreviation Code
	.byte	13                              @ DW_TAG_member
	.byte	0                               @ DW_CHILDREN_no
	.byte	3                               @ DW_AT_name
	.byte	14                              @ DW_FORM_strp
	.byte	73                              @ DW_AT_type
	.byte	19                              @ DW_FORM_ref4
	.byte	58                              @ DW_AT_decl_file
	.byte	11                              @ DW_FORM_data1
	.byte	59                              @ DW_AT_decl_line
	.byte	5                               @ DW_FORM_data2
	.byte	56                              @ DW_AT_data_member_location
	.byte	5                               @ DW_FORM_data2
	.byte	0                               @ EOM(1)
	.byte	0                               @ EOM(2)
	.byte	22                              @ Abbreviation Code
	.byte	4                               @ DW_TAG_enumeration_type
	.byte	1                               @ DW_CHILDREN_yes
	.byte	73                              @ DW_AT_type
	.byte	19                              @ DW_FORM_ref4
	.byte	11                              @ DW_AT_byte_size
	.byte	11                              @ DW_FORM_data1
	.byte	58                              @ DW_AT_decl_file
	.byte	11                              @ DW_FORM_data1
	.byte	59                              @ DW_AT_decl_line
	.byte	11                              @ DW_FORM_data1
	.byte	0                               @ EOM(1)
	.byte	0                               @ EOM(2)
	.byte	23                              @ Abbreviation Code
	.byte	40                              @ DW_TAG_enumerator
	.byte	0                               @ DW_CHILDREN_no
	.byte	3                               @ DW_AT_name
	.byte	14                              @ DW_FORM_strp
	.byte	28                              @ DW_AT_const_value
	.byte	15                              @ DW_FORM_udata
	.byte	0                               @ EOM(1)
	.byte	0                               @ EOM(2)
	.byte	24                              @ Abbreviation Code
	.byte	19                              @ DW_TAG_structure_type
	.byte	1                               @ DW_CHILDREN_yes
	.byte	11                              @ DW_AT_byte_size
	.byte	5                               @ DW_FORM_data2
	.byte	58                              @ DW_AT_decl_file
	.byte	11                              @ DW_FORM_data1
	.byte	59                              @ DW_AT_decl_line
	.byte	11                              @ DW_FORM_data1
	.byte	0                               @ EOM(1)
	.byte	0                               @ EOM(2)
	.byte	25                              @ Abbreviation Code
	.byte	13                              @ DW_TAG_member
	.byte	0                               @ DW_CHILDREN_no
	.byte	3                               @ DW_AT_name
	.byte	14                              @ DW_FORM_strp
	.byte	73                              @ DW_AT_type
	.byte	19                              @ DW_FORM_ref4
	.byte	58                              @ DW_AT_decl_file
	.byte	11                              @ DW_FORM_data1
	.byte	59                              @ DW_AT_decl_line
	.byte	11                              @ DW_FORM_data1
	.byte	56                              @ DW_AT_data_member_location
	.byte	5                               @ DW_FORM_data2
	.byte	0                               @ EOM(1)
	.byte	0                               @ EOM(2)
	.byte	26                              @ Abbreviation Code
	.byte	46                              @ DW_TAG_subprogram
	.byte	0                               @ DW_CHILDREN_no
	.byte	17                              @ DW_AT_low_pc
	.byte	1                               @ DW_FORM_addr
	.byte	18                              @ DW_AT_high_pc
	.byte	6                               @ DW_FORM_data4
	.byte	64                              @ DW_AT_frame_base
	.byte	24                              @ DW_FORM_exprloc
	.byte	3                               @ DW_AT_name
	.byte	14                              @ DW_FORM_strp
	.byte	58                              @ DW_AT_decl_file
	.byte	11                              @ DW_FORM_data1
	.byte	59                              @ DW_AT_decl_line
	.byte	11                              @ DW_FORM_data1
	.byte	63                              @ DW_AT_external
	.byte	25                              @ DW_FORM_flag_present
	.byte	0                               @ EOM(1)
	.byte	0                               @ EOM(2)
	.byte	27                              @ Abbreviation Code
	.byte	46                              @ DW_TAG_subprogram
	.byte	0                               @ DW_CHILDREN_no
	.byte	17                              @ DW_AT_low_pc
	.byte	1                               @ DW_FORM_addr
	.byte	18                              @ DW_AT_high_pc
	.byte	6                               @ DW_FORM_data4
	.byte	64                              @ DW_AT_frame_base
	.byte	24                              @ DW_FORM_exprloc
	.byte	3                               @ DW_AT_name
	.byte	14                              @ DW_FORM_strp
	.byte	58                              @ DW_AT_decl_file
	.byte	11                              @ DW_FORM_data1
	.byte	59                              @ DW_AT_decl_line
	.byte	11                              @ DW_FORM_data1
	.byte	39                              @ DW_AT_prototyped
	.byte	25                              @ DW_FORM_flag_present
	.byte	63                              @ DW_AT_external
	.byte	25                              @ DW_FORM_flag_present
	.byte	0                               @ EOM(1)
	.byte	0                               @ EOM(2)
	.byte	28                              @ Abbreviation Code
	.byte	46                              @ DW_TAG_subprogram
	.byte	1                               @ DW_CHILDREN_yes
	.byte	17                              @ DW_AT_low_pc
	.byte	1                               @ DW_FORM_addr
	.byte	18                              @ DW_AT_high_pc
	.byte	6                               @ DW_FORM_data4
	.byte	64                              @ DW_AT_frame_base
	.byte	24                              @ DW_FORM_exprloc
	.byte	3                               @ DW_AT_name
	.byte	14                              @ DW_FORM_strp
	.byte	58                              @ DW_AT_decl_file
	.byte	11                              @ DW_FORM_data1
	.byte	59                              @ DW_AT_decl_line
	.byte	11                              @ DW_FORM_data1
	.byte	39                              @ DW_AT_prototyped
	.byte	25                              @ DW_FORM_flag_present
	.byte	73                              @ DW_AT_type
	.byte	19                              @ DW_FORM_ref4
	.byte	63                              @ DW_AT_external
	.byte	25                              @ DW_FORM_flag_present
	.byte	0                               @ EOM(1)
	.byte	0                               @ EOM(2)
	.byte	29                              @ Abbreviation Code
	.byte	46                              @ DW_TAG_subprogram
	.byte	1                               @ DW_CHILDREN_yes
	.byte	17                              @ DW_AT_low_pc
	.byte	1                               @ DW_FORM_addr
	.byte	18                              @ DW_AT_high_pc
	.byte	6                               @ DW_FORM_data4
	.byte	64                              @ DW_AT_frame_base
	.byte	24                              @ DW_FORM_exprloc
	.byte	3                               @ DW_AT_name
	.byte	14                              @ DW_FORM_strp
	.byte	58                              @ DW_AT_decl_file
	.byte	11                              @ DW_FORM_data1
	.byte	59                              @ DW_AT_decl_line
	.byte	11                              @ DW_FORM_data1
	.byte	63                              @ DW_AT_external
	.byte	25                              @ DW_FORM_flag_present
	.byte	0                               @ EOM(1)
	.byte	0                               @ EOM(2)
	.byte	30                              @ Abbreviation Code
	.byte	15                              @ DW_TAG_pointer_type
	.byte	0                               @ DW_CHILDREN_no
	.byte	0                               @ EOM(1)
	.byte	0                               @ EOM(2)
	.byte	0                               @ EOM(3)
	.section	.debug_info,"",%progbits
.Lcu_begin0:
	.long	.Ldebug_info_end0-.Ldebug_info_start0 @ Length of Unit
.Ldebug_info_start0:
	.short	4                               @ DWARF version number
	.long	.debug_abbrev                   @ Offset Into Abbrev. Section
	.byte	4                               @ Address Size (in bytes)
	.byte	1                               @ Abbrev [1] 0xb:0xd2f DW_TAG_compile_unit
	.long	.Linfo_string0                  @ DW_AT_producer
	.short	12                              @ DW_AT_language
	.long	.Linfo_string1                  @ DW_AT_name
	.long	.Lline_table_start0             @ DW_AT_stmt_list
	.long	.Linfo_string2                  @ DW_AT_comp_dir
	.long	0                               @ DW_AT_low_pc
	.long	.Ldebug_ranges0                 @ DW_AT_ranges
	.byte	2                               @ Abbrev [2] 0x26:0x11 DW_TAG_variable
	.long	.Linfo_string3                  @ DW_AT_name
	.long	55                              @ DW_AT_type
                                        @ DW_AT_external
	.byte	2                               @ DW_AT_decl_file
	.byte	176                             @ DW_AT_decl_line
	.byte	5                               @ DW_AT_location
	.byte	3
	.long	debugflag
	.byte	3                               @ Abbrev [3] 0x37:0xb DW_TAG_typedef
	.long	66                              @ DW_AT_type
	.long	.Linfo_string5                  @ DW_AT_name
	.byte	1                               @ DW_AT_decl_file
	.byte	64                              @ DW_AT_decl_line
	.byte	4                               @ Abbrev [4] 0x42:0x7 DW_TAG_base_type
	.long	.Linfo_string4                  @ DW_AT_name
	.byte	7                               @ DW_AT_encoding
	.byte	4                               @ DW_AT_byte_size
	.byte	5                               @ Abbrev [5] 0x49:0x61 DW_TAG_subprogram
	.long	.Lfunc_begin12                  @ DW_AT_low_pc
	.long	.Lfunc_end12-.Lfunc_begin12     @ DW_AT_high_pc
	.byte	1                               @ DW_AT_frame_base
	.byte	93
	.long	.Linfo_string210                @ DW_AT_name
	.byte	2                               @ DW_AT_decl_file
	.byte	179                             @ DW_AT_decl_line
                                        @ DW_AT_prototyped
                                        @ DW_AT_external
	.byte	6                               @ Abbrev [6] 0x5a:0x11 DW_TAG_variable
	.long	.Linfo_string6                  @ DW_AT_name
	.long	55                              @ DW_AT_type
	.byte	2                               @ DW_AT_decl_file
	.byte	190                             @ DW_AT_decl_line
	.byte	5                               @ DW_AT_location
	.byte	3
	.long	ChassisTask03.orderflag
	.byte	7                               @ Abbrev [7] 0x6b:0xe DW_TAG_formal_parameter
	.byte	2                               @ DW_AT_location
	.byte	145
	.byte	52
	.long	.Linfo_string227                @ DW_AT_name
	.byte	2                               @ DW_AT_decl_file
	.byte	179                             @ DW_AT_decl_line
	.long	3372                            @ DW_AT_type
	.byte	8                               @ Abbrev [8] 0x79:0x18 DW_TAG_lexical_block
	.long	.Ltmp39                         @ DW_AT_low_pc
	.long	.Ltmp40-.Ltmp39                 @ DW_AT_high_pc
	.byte	9                               @ Abbrev [9] 0x82:0xe DW_TAG_variable
	.byte	2                               @ DW_AT_location
	.byte	145
	.byte	40
	.long	.Linfo_string228                @ DW_AT_name
	.byte	2                               @ DW_AT_decl_file
	.byte	199                             @ DW_AT_decl_line
	.long	3373                            @ DW_AT_type
	.byte	0                               @ End Of Children Mark
	.byte	8                               @ Abbrev [8] 0x91:0x18 DW_TAG_lexical_block
	.long	.Ltmp42                         @ DW_AT_low_pc
	.long	.Ltmp43-.Ltmp42                 @ DW_AT_high_pc
	.byte	9                               @ Abbrev [9] 0x9a:0xe DW_TAG_variable
	.byte	2                               @ DW_AT_location
	.byte	145
	.byte	28
	.long	.Linfo_string228                @ DW_AT_name
	.byte	2                               @ DW_AT_decl_file
	.byte	208                             @ DW_AT_decl_line
	.long	3373                            @ DW_AT_type
	.byte	0                               @ End Of Children Mark
	.byte	0                               @ End Of Children Mark
	.byte	2                               @ Abbrev [2] 0xaa:0x11 DW_TAG_variable
	.long	.Linfo_string7                  @ DW_AT_name
	.long	187                             @ DW_AT_type
                                        @ DW_AT_external
	.byte	2                               @ DW_AT_decl_file
	.byte	10                              @ DW_AT_decl_line
	.byte	5                               @ DW_AT_location
	.byte	3
	.long	chassiss_motor
	.byte	10                              @ Abbrev [10] 0xbb:0xc DW_TAG_array_type
	.long	199                             @ DW_AT_type
	.byte	11                              @ Abbrev [11] 0xc0:0x6 DW_TAG_subrange_type
	.long	483                             @ DW_AT_type
	.byte	4                               @ DW_AT_count
	.byte	0                               @ End Of Children Mark
	.byte	3                               @ Abbrev [3] 0xc7:0xb DW_TAG_typedef
	.long	210                             @ DW_AT_type
	.long	.Linfo_string31                 @ DW_AT_name
	.byte	3                               @ DW_AT_decl_file
	.byte	24                              @ DW_AT_decl_line
	.byte	12                              @ Abbrev [12] 0xd2:0x41 DW_TAG_structure_type
	.byte	72                              @ DW_AT_byte_size
	.byte	3                               @ DW_AT_decl_file
	.byte	18                              @ DW_AT_decl_line
	.byte	13                              @ Abbrev [13] 0xd6:0xc DW_TAG_member
	.long	.Linfo_string8                  @ DW_AT_name
	.long	275                             @ DW_AT_type
	.byte	3                               @ DW_AT_decl_file
	.byte	19                              @ DW_AT_decl_line
	.byte	0                               @ DW_AT_data_member_location
	.byte	13                              @ Abbrev [13] 0xe2:0xc DW_TAG_member
	.long	.Linfo_string18                 @ DW_AT_name
	.long	55                              @ DW_AT_type
	.byte	3                               @ DW_AT_decl_file
	.byte	20                              @ DW_AT_decl_line
	.byte	32                              @ DW_AT_data_member_location
	.byte	13                              @ Abbrev [13] 0xee:0xc DW_TAG_member
	.long	.Linfo_string19                 @ DW_AT_name
	.long	55                              @ DW_AT_type
	.byte	3                               @ DW_AT_decl_file
	.byte	21                              @ DW_AT_decl_line
	.byte	36                              @ DW_AT_data_member_location
	.byte	13                              @ Abbrev [13] 0xfa:0xc DW_TAG_member
	.long	.Linfo_string20                 @ DW_AT_name
	.long	358                             @ DW_AT_type
	.byte	3                               @ DW_AT_decl_file
	.byte	22                              @ DW_AT_decl_line
	.byte	40                              @ DW_AT_data_member_location
	.byte	13                              @ Abbrev [13] 0x106:0xc DW_TAG_member
	.long	.Linfo_string21                 @ DW_AT_name
	.long	376                             @ DW_AT_type
	.byte	3                               @ DW_AT_decl_file
	.byte	23                              @ DW_AT_decl_line
	.byte	44                              @ DW_AT_data_member_location
	.byte	0                               @ End Of Children Mark
	.byte	3                               @ Abbrev [3] 0x113:0xb DW_TAG_typedef
	.long	286                             @ DW_AT_type
	.long	.Linfo_string17                 @ DW_AT_name
	.byte	3                               @ DW_AT_decl_file
	.byte	16                              @ DW_AT_decl_line
	.byte	12                              @ Abbrev [12] 0x11e:0x41 DW_TAG_structure_type
	.byte	32                              @ DW_AT_byte_size
	.byte	3                               @ DW_AT_decl_file
	.byte	10                              @ DW_AT_decl_line
	.byte	13                              @ Abbrev [13] 0x122:0xc DW_TAG_member
	.long	.Linfo_string9                  @ DW_AT_name
	.long	351                             @ DW_AT_type
	.byte	3                               @ DW_AT_decl_file
	.byte	11                              @ DW_AT_decl_line
	.byte	0                               @ DW_AT_data_member_location
	.byte	13                              @ Abbrev [13] 0x12e:0xc DW_TAG_member
	.long	.Linfo_string11                 @ DW_AT_name
	.long	351                             @ DW_AT_type
	.byte	3                               @ DW_AT_decl_file
	.byte	12                              @ DW_AT_decl_line
	.byte	8                               @ DW_AT_data_member_location
	.byte	13                              @ Abbrev [13] 0x13a:0xc DW_TAG_member
	.long	.Linfo_string12                 @ DW_AT_name
	.long	351                             @ DW_AT_type
	.byte	3                               @ DW_AT_decl_file
	.byte	13                              @ DW_AT_decl_line
	.byte	16                              @ DW_AT_data_member_location
	.byte	13                              @ Abbrev [13] 0x146:0xc DW_TAG_member
	.long	.Linfo_string13                 @ DW_AT_name
	.long	358                             @ DW_AT_type
	.byte	3                               @ DW_AT_decl_file
	.byte	14                              @ DW_AT_decl_line
	.byte	24                              @ DW_AT_data_member_location
	.byte	13                              @ Abbrev [13] 0x152:0xc DW_TAG_member
	.long	.Linfo_string16                 @ DW_AT_name
	.long	358                             @ DW_AT_type
	.byte	3                               @ DW_AT_decl_file
	.byte	15                              @ DW_AT_decl_line
	.byte	25                              @ DW_AT_data_member_location
	.byte	0                               @ End Of Children Mark
	.byte	4                               @ Abbrev [4] 0x15f:0x7 DW_TAG_base_type
	.long	.Linfo_string10                 @ DW_AT_name
	.byte	4                               @ DW_AT_encoding
	.byte	8                               @ DW_AT_byte_size
	.byte	3                               @ Abbrev [3] 0x166:0xb DW_TAG_typedef
	.long	369                             @ DW_AT_type
	.long	.Linfo_string15                 @ DW_AT_name
	.byte	1                               @ DW_AT_decl_file
	.byte	62                              @ DW_AT_decl_line
	.byte	4                               @ Abbrev [4] 0x171:0x7 DW_TAG_base_type
	.long	.Linfo_string14                 @ DW_AT_name
	.byte	8                               @ DW_AT_encoding
	.byte	1                               @ DW_AT_byte_size
	.byte	3                               @ Abbrev [3] 0x178:0xb DW_TAG_typedef
	.long	387                             @ DW_AT_type
	.long	.Linfo_string30                 @ DW_AT_name
	.byte	4                               @ DW_AT_decl_file
	.byte	14                              @ DW_AT_decl_line
	.byte	12                              @ Abbrev [12] 0x183:0x59 DW_TAG_structure_type
	.byte	28                              @ DW_AT_byte_size
	.byte	4                               @ DW_AT_decl_file
	.byte	6                               @ DW_AT_decl_line
	.byte	13                              @ Abbrev [13] 0x187:0xc DW_TAG_member
	.long	.Linfo_string22                 @ DW_AT_name
	.long	476                             @ DW_AT_type
	.byte	4                               @ DW_AT_decl_file
	.byte	7                               @ DW_AT_decl_line
	.byte	0                               @ DW_AT_data_member_location
	.byte	13                              @ Abbrev [13] 0x193:0xc DW_TAG_member
	.long	.Linfo_string24                 @ DW_AT_name
	.long	476                             @ DW_AT_type
	.byte	4                               @ DW_AT_decl_file
	.byte	8                               @ DW_AT_decl_line
	.byte	4                               @ DW_AT_data_member_location
	.byte	13                              @ Abbrev [13] 0x19f:0xc DW_TAG_member
	.long	.Linfo_string25                 @ DW_AT_name
	.long	476                             @ DW_AT_type
	.byte	4                               @ DW_AT_decl_file
	.byte	9                               @ DW_AT_decl_line
	.byte	8                               @ DW_AT_data_member_location
	.byte	13                              @ Abbrev [13] 0x1ab:0xc DW_TAG_member
	.long	.Linfo_string26                 @ DW_AT_name
	.long	476                             @ DW_AT_type
	.byte	4                               @ DW_AT_decl_file
	.byte	10                              @ DW_AT_decl_line
	.byte	12                              @ DW_AT_data_member_location
	.byte	13                              @ Abbrev [13] 0x1b7:0xc DW_TAG_member
	.long	.Linfo_string27                 @ DW_AT_name
	.long	476                             @ DW_AT_type
	.byte	4                               @ DW_AT_decl_file
	.byte	11                              @ DW_AT_decl_line
	.byte	16                              @ DW_AT_data_member_location
	.byte	13                              @ Abbrev [13] 0x1c3:0xc DW_TAG_member
	.long	.Linfo_string28                 @ DW_AT_name
	.long	476                             @ DW_AT_type
	.byte	4                               @ DW_AT_decl_file
	.byte	12                              @ DW_AT_decl_line
	.byte	20                              @ DW_AT_data_member_location
	.byte	13                              @ Abbrev [13] 0x1cf:0xc DW_TAG_member
	.long	.Linfo_string29                 @ DW_AT_name
	.long	476                             @ DW_AT_type
	.byte	4                               @ DW_AT_decl_file
	.byte	13                              @ DW_AT_decl_line
	.byte	24                              @ DW_AT_data_member_location
	.byte	0                               @ End Of Children Mark
	.byte	4                               @ Abbrev [4] 0x1dc:0x7 DW_TAG_base_type
	.long	.Linfo_string23                 @ DW_AT_name
	.byte	4                               @ DW_AT_encoding
	.byte	4                               @ DW_AT_byte_size
	.byte	14                              @ Abbrev [14] 0x1e3:0x7 DW_TAG_base_type
	.long	.Linfo_string32                 @ DW_AT_name
	.byte	8                               @ DW_AT_byte_size
	.byte	7                               @ DW_AT_encoding
	.byte	2                               @ Abbrev [2] 0x1ea:0x11 DW_TAG_variable
	.long	.Linfo_string33                 @ DW_AT_name
	.long	507                             @ DW_AT_type
                                        @ DW_AT_external
	.byte	2                               @ DW_AT_decl_file
	.byte	23                              @ DW_AT_decl_line
	.byte	5                               @ DW_AT_location
	.byte	3
	.long	chassis_fdcan
	.byte	3                               @ Abbrev [3] 0x1fb:0xb DW_TAG_typedef
	.long	518                             @ DW_AT_type
	.long	.Linfo_string179                @ DW_AT_name
	.byte	9                               @ DW_AT_decl_file
	.byte	11                              @ DW_AT_decl_line
	.byte	12                              @ Abbrev [12] 0x206:0x29 DW_TAG_structure_type
	.byte	48                              @ DW_AT_byte_size
	.byte	9                               @ DW_AT_decl_file
	.byte	7                               @ DW_AT_decl_line
	.byte	13                              @ Abbrev [13] 0x20a:0xc DW_TAG_member
	.long	.Linfo_string34                 @ DW_AT_name
	.long	559                             @ DW_AT_type
	.byte	9                               @ DW_AT_decl_file
	.byte	8                               @ DW_AT_decl_line
	.byte	0                               @ DW_AT_data_member_location
	.byte	13                              @ Abbrev [13] 0x216:0xc DW_TAG_member
	.long	.Linfo_string167                @ DW_AT_name
	.long	2325                            @ DW_AT_type
	.byte	9                               @ DW_AT_decl_file
	.byte	9                               @ DW_AT_decl_line
	.byte	4                               @ DW_AT_data_member_location
	.byte	13                              @ Abbrev [13] 0x222:0xc DW_TAG_member
	.long	.Linfo_string178                @ DW_AT_name
	.long	2453                            @ DW_AT_type
	.byte	9                               @ DW_AT_decl_file
	.byte	10                              @ DW_AT_decl_line
	.byte	40                              @ DW_AT_data_member_location
	.byte	0                               @ End Of Children Mark
	.byte	15                              @ Abbrev [15] 0x22f:0x5 DW_TAG_pointer_type
	.long	564                             @ DW_AT_type
	.byte	16                              @ Abbrev [16] 0x234:0xc DW_TAG_typedef
	.long	576                             @ DW_AT_type
	.long	.Linfo_string166                @ DW_AT_name
	.byte	6                               @ DW_AT_decl_file
	.short	760                             @ DW_AT_decl_line
	.byte	17                              @ Abbrev [17] 0x240:0x6e DW_TAG_structure_type
	.byte	160                             @ DW_AT_byte_size
	.byte	6                               @ DW_AT_decl_file
	.short	717                             @ DW_AT_decl_line
	.byte	18                              @ Abbrev [18] 0x245:0xd DW_TAG_member
	.long	.Linfo_string35                 @ DW_AT_name
	.long	686                             @ DW_AT_type
	.byte	6                               @ DW_AT_decl_file
	.short	720                             @ DW_AT_decl_line
	.byte	0                               @ DW_AT_data_member_location
	.byte	18                              @ Abbrev [18] 0x252:0xd DW_TAG_member
	.long	.Linfo_string90                 @ DW_AT_name
	.long	1440                            @ DW_AT_type
	.byte	6                               @ DW_AT_decl_file
	.short	722                             @ DW_AT_decl_line
	.byte	4                               @ DW_AT_data_member_location
	.byte	18                              @ Abbrev [18] 0x25f:0xd DW_TAG_member
	.long	.Linfo_string110                @ DW_AT_name
	.long	1724                            @ DW_AT_type
	.byte	6                               @ DW_AT_decl_file
	.short	724                             @ DW_AT_decl_line
	.byte	8                               @ DW_AT_data_member_location
	.byte	18                              @ Abbrev [18] 0x26c:0xd DW_TAG_member
	.long	.Linfo_string142                @ DW_AT_name
	.long	2096                            @ DW_AT_type
	.byte	6                               @ DW_AT_decl_file
	.short	726                             @ DW_AT_decl_line
	.byte	108                             @ DW_AT_data_member_location
	.byte	18                              @ Abbrev [18] 0x279:0xd DW_TAG_member
	.long	.Linfo_string154                @ DW_AT_name
	.long	55                              @ DW_AT_type
	.byte	6                               @ DW_AT_decl_file
	.short	728                             @ DW_AT_decl_line
	.byte	148                             @ DW_AT_data_member_location
	.byte	18                              @ Abbrev [18] 0x286:0xd DW_TAG_member
	.long	.Linfo_string155                @ DW_AT_name
	.long	2244                            @ DW_AT_type
	.byte	6                               @ DW_AT_decl_file
	.short	731                             @ DW_AT_decl_line
	.byte	152                             @ DW_AT_data_member_location
	.byte	18                              @ Abbrev [18] 0x293:0xd DW_TAG_member
	.long	.Linfo_string161                @ DW_AT_name
	.long	2293                            @ DW_AT_type
	.byte	6                               @ DW_AT_decl_file
	.short	733                             @ DW_AT_decl_line
	.byte	153                             @ DW_AT_data_member_location
	.byte	18                              @ Abbrev [18] 0x2a0:0xd DW_TAG_member
	.long	.Linfo_string165                @ DW_AT_name
	.long	1399                            @ DW_AT_type
	.byte	6                               @ DW_AT_decl_file
	.short	735                             @ DW_AT_decl_line
	.byte	156                             @ DW_AT_data_member_location
	.byte	0                               @ End Of Children Mark
	.byte	15                              @ Abbrev [15] 0x2ae:0x5 DW_TAG_pointer_type
	.long	691                             @ DW_AT_type
	.byte	16                              @ Abbrev [16] 0x2b3:0xc DW_TAG_typedef
	.long	703                             @ DW_AT_type
	.long	.Linfo_string89                 @ DW_AT_name
	.byte	5                               @ DW_AT_decl_file
	.short	369                             @ DW_AT_decl_line
	.byte	19                              @ Abbrev [19] 0x2bf:0x2b8 DW_TAG_structure_type
	.short	256                             @ DW_AT_byte_size
	.byte	5                               @ DW_AT_decl_file
	.short	314                             @ DW_AT_decl_line
	.byte	18                              @ Abbrev [18] 0x2c5:0xd DW_TAG_member
	.long	.Linfo_string36                 @ DW_AT_name
	.long	1399                            @ DW_AT_type
	.byte	5                               @ DW_AT_decl_file
	.short	316                             @ DW_AT_decl_line
	.byte	0                               @ DW_AT_data_member_location
	.byte	18                              @ Abbrev [18] 0x2d2:0xd DW_TAG_member
	.long	.Linfo_string37                 @ DW_AT_name
	.long	1399                            @ DW_AT_type
	.byte	5                               @ DW_AT_decl_file
	.short	317                             @ DW_AT_decl_line
	.byte	4                               @ DW_AT_data_member_location
	.byte	18                              @ Abbrev [18] 0x2df:0xd DW_TAG_member
	.long	.Linfo_string38                 @ DW_AT_name
	.long	1399                            @ DW_AT_type
	.byte	5                               @ DW_AT_decl_file
	.short	318                             @ DW_AT_decl_line
	.byte	8                               @ DW_AT_data_member_location
	.byte	18                              @ Abbrev [18] 0x2ec:0xd DW_TAG_member
	.long	.Linfo_string39                 @ DW_AT_name
	.long	1399                            @ DW_AT_type
	.byte	5                               @ DW_AT_decl_file
	.short	319                             @ DW_AT_decl_line
	.byte	12                              @ DW_AT_data_member_location
	.byte	18                              @ Abbrev [18] 0x2f9:0xd DW_TAG_member
	.long	.Linfo_string40                 @ DW_AT_name
	.long	1399                            @ DW_AT_type
	.byte	5                               @ DW_AT_decl_file
	.short	320                             @ DW_AT_decl_line
	.byte	16                              @ DW_AT_data_member_location
	.byte	18                              @ Abbrev [18] 0x306:0xd DW_TAG_member
	.long	.Linfo_string41                 @ DW_AT_name
	.long	1399                            @ DW_AT_type
	.byte	5                               @ DW_AT_decl_file
	.short	321                             @ DW_AT_decl_line
	.byte	20                              @ DW_AT_data_member_location
	.byte	18                              @ Abbrev [18] 0x313:0xd DW_TAG_member
	.long	.Linfo_string42                 @ DW_AT_name
	.long	1399                            @ DW_AT_type
	.byte	5                               @ DW_AT_decl_file
	.short	322                             @ DW_AT_decl_line
	.byte	24                              @ DW_AT_data_member_location
	.byte	18                              @ Abbrev [18] 0x320:0xd DW_TAG_member
	.long	.Linfo_string43                 @ DW_AT_name
	.long	1399                            @ DW_AT_type
	.byte	5                               @ DW_AT_decl_file
	.short	323                             @ DW_AT_decl_line
	.byte	28                              @ DW_AT_data_member_location
	.byte	18                              @ Abbrev [18] 0x32d:0xd DW_TAG_member
	.long	.Linfo_string44                 @ DW_AT_name
	.long	1399                            @ DW_AT_type
	.byte	5                               @ DW_AT_decl_file
	.short	324                             @ DW_AT_decl_line
	.byte	32                              @ DW_AT_data_member_location
	.byte	18                              @ Abbrev [18] 0x33a:0xd DW_TAG_member
	.long	.Linfo_string45                 @ DW_AT_name
	.long	1399                            @ DW_AT_type
	.byte	5                               @ DW_AT_decl_file
	.short	325                             @ DW_AT_decl_line
	.byte	36                              @ DW_AT_data_member_location
	.byte	18                              @ Abbrev [18] 0x347:0xd DW_TAG_member
	.long	.Linfo_string46                 @ DW_AT_name
	.long	1399                            @ DW_AT_type
	.byte	5                               @ DW_AT_decl_file
	.short	326                             @ DW_AT_decl_line
	.byte	40                              @ DW_AT_data_member_location
	.byte	18                              @ Abbrev [18] 0x354:0xd DW_TAG_member
	.long	.Linfo_string47                 @ DW_AT_name
	.long	1399                            @ DW_AT_type
	.byte	5                               @ DW_AT_decl_file
	.short	327                             @ DW_AT_decl_line
	.byte	44                              @ DW_AT_data_member_location
	.byte	18                              @ Abbrev [18] 0x361:0xd DW_TAG_member
	.long	.Linfo_string48                 @ DW_AT_name
	.long	1404                            @ DW_AT_type
	.byte	5                               @ DW_AT_decl_file
	.short	328                             @ DW_AT_decl_line
	.byte	48                              @ DW_AT_data_member_location
	.byte	18                              @ Abbrev [18] 0x36e:0xd DW_TAG_member
	.long	.Linfo_string49                 @ DW_AT_name
	.long	1399                            @ DW_AT_type
	.byte	5                               @ DW_AT_decl_file
	.short	329                             @ DW_AT_decl_line
	.byte	64                              @ DW_AT_data_member_location
	.byte	18                              @ Abbrev [18] 0x37b:0xd DW_TAG_member
	.long	.Linfo_string50                 @ DW_AT_name
	.long	1399                            @ DW_AT_type
	.byte	5                               @ DW_AT_decl_file
	.short	330                             @ DW_AT_decl_line
	.byte	68                              @ DW_AT_data_member_location
	.byte	18                              @ Abbrev [18] 0x388:0xd DW_TAG_member
	.long	.Linfo_string51                 @ DW_AT_name
	.long	1399                            @ DW_AT_type
	.byte	5                               @ DW_AT_decl_file
	.short	331                             @ DW_AT_decl_line
	.byte	72                              @ DW_AT_data_member_location
	.byte	18                              @ Abbrev [18] 0x395:0xd DW_TAG_member
	.long	.Linfo_string52                 @ DW_AT_name
	.long	1399                            @ DW_AT_type
	.byte	5                               @ DW_AT_decl_file
	.short	332                             @ DW_AT_decl_line
	.byte	76                              @ DW_AT_data_member_location
	.byte	18                              @ Abbrev [18] 0x3a2:0xd DW_TAG_member
	.long	.Linfo_string53                 @ DW_AT_name
	.long	1399                            @ DW_AT_type
	.byte	5                               @ DW_AT_decl_file
	.short	333                             @ DW_AT_decl_line
	.byte	80                              @ DW_AT_data_member_location
	.byte	18                              @ Abbrev [18] 0x3af:0xd DW_TAG_member
	.long	.Linfo_string54                 @ DW_AT_name
	.long	1399                            @ DW_AT_type
	.byte	5                               @ DW_AT_decl_file
	.short	334                             @ DW_AT_decl_line
	.byte	84                              @ DW_AT_data_member_location
	.byte	18                              @ Abbrev [18] 0x3bc:0xd DW_TAG_member
	.long	.Linfo_string55                 @ DW_AT_name
	.long	1399                            @ DW_AT_type
	.byte	5                               @ DW_AT_decl_file
	.short	335                             @ DW_AT_decl_line
	.byte	88                              @ DW_AT_data_member_location
	.byte	18                              @ Abbrev [18] 0x3c9:0xd DW_TAG_member
	.long	.Linfo_string56                 @ DW_AT_name
	.long	1399                            @ DW_AT_type
	.byte	5                               @ DW_AT_decl_file
	.short	336                             @ DW_AT_decl_line
	.byte	92                              @ DW_AT_data_member_location
	.byte	18                              @ Abbrev [18] 0x3d6:0xd DW_TAG_member
	.long	.Linfo_string57                 @ DW_AT_name
	.long	1416                            @ DW_AT_type
	.byte	5                               @ DW_AT_decl_file
	.short	337                             @ DW_AT_decl_line
	.byte	96                              @ DW_AT_data_member_location
	.byte	18                              @ Abbrev [18] 0x3e3:0xd DW_TAG_member
	.long	.Linfo_string58                 @ DW_AT_name
	.long	1399                            @ DW_AT_type
	.byte	5                               @ DW_AT_decl_file
	.short	338                             @ DW_AT_decl_line
	.byte	128                             @ DW_AT_data_member_location
	.byte	18                              @ Abbrev [18] 0x3f0:0xd DW_TAG_member
	.long	.Linfo_string59                 @ DW_AT_name
	.long	1399                            @ DW_AT_type
	.byte	5                               @ DW_AT_decl_file
	.short	339                             @ DW_AT_decl_line
	.byte	132                             @ DW_AT_data_member_location
	.byte	18                              @ Abbrev [18] 0x3fd:0xd DW_TAG_member
	.long	.Linfo_string60                 @ DW_AT_name
	.long	1399                            @ DW_AT_type
	.byte	5                               @ DW_AT_decl_file
	.short	340                             @ DW_AT_decl_line
	.byte	136                             @ DW_AT_data_member_location
	.byte	18                              @ Abbrev [18] 0x40a:0xd DW_TAG_member
	.long	.Linfo_string61                 @ DW_AT_name
	.long	1399                            @ DW_AT_type
	.byte	5                               @ DW_AT_decl_file
	.short	341                             @ DW_AT_decl_line
	.byte	140                             @ DW_AT_data_member_location
	.byte	18                              @ Abbrev [18] 0x417:0xd DW_TAG_member
	.long	.Linfo_string62                 @ DW_AT_name
	.long	1399                            @ DW_AT_type
	.byte	5                               @ DW_AT_decl_file
	.short	342                             @ DW_AT_decl_line
	.byte	144                             @ DW_AT_data_member_location
	.byte	18                              @ Abbrev [18] 0x424:0xd DW_TAG_member
	.long	.Linfo_string63                 @ DW_AT_name
	.long	1399                            @ DW_AT_type
	.byte	5                               @ DW_AT_decl_file
	.short	343                             @ DW_AT_decl_line
	.byte	148                             @ DW_AT_data_member_location
	.byte	18                              @ Abbrev [18] 0x431:0xd DW_TAG_member
	.long	.Linfo_string64                 @ DW_AT_name
	.long	1399                            @ DW_AT_type
	.byte	5                               @ DW_AT_decl_file
	.short	344                             @ DW_AT_decl_line
	.byte	152                             @ DW_AT_data_member_location
	.byte	18                              @ Abbrev [18] 0x43e:0xd DW_TAG_member
	.long	.Linfo_string65                 @ DW_AT_name
	.long	1399                            @ DW_AT_type
	.byte	5                               @ DW_AT_decl_file
	.short	345                             @ DW_AT_decl_line
	.byte	156                             @ DW_AT_data_member_location
	.byte	18                              @ Abbrev [18] 0x44b:0xd DW_TAG_member
	.long	.Linfo_string66                 @ DW_AT_name
	.long	1399                            @ DW_AT_type
	.byte	5                               @ DW_AT_decl_file
	.short	346                             @ DW_AT_decl_line
	.byte	160                             @ DW_AT_data_member_location
	.byte	18                              @ Abbrev [18] 0x458:0xd DW_TAG_member
	.long	.Linfo_string67                 @ DW_AT_name
	.long	1399                            @ DW_AT_type
	.byte	5                               @ DW_AT_decl_file
	.short	347                             @ DW_AT_decl_line
	.byte	164                             @ DW_AT_data_member_location
	.byte	18                              @ Abbrev [18] 0x465:0xd DW_TAG_member
	.long	.Linfo_string68                 @ DW_AT_name
	.long	1399                            @ DW_AT_type
	.byte	5                               @ DW_AT_decl_file
	.short	348                             @ DW_AT_decl_line
	.byte	168                             @ DW_AT_data_member_location
	.byte	18                              @ Abbrev [18] 0x472:0xd DW_TAG_member
	.long	.Linfo_string69                 @ DW_AT_name
	.long	1399                            @ DW_AT_type
	.byte	5                               @ DW_AT_decl_file
	.short	349                             @ DW_AT_decl_line
	.byte	172                             @ DW_AT_data_member_location
	.byte	18                              @ Abbrev [18] 0x47f:0xd DW_TAG_member
	.long	.Linfo_string70                 @ DW_AT_name
	.long	1399                            @ DW_AT_type
	.byte	5                               @ DW_AT_decl_file
	.short	350                             @ DW_AT_decl_line
	.byte	176                             @ DW_AT_data_member_location
	.byte	18                              @ Abbrev [18] 0x48c:0xd DW_TAG_member
	.long	.Linfo_string71                 @ DW_AT_name
	.long	1399                            @ DW_AT_type
	.byte	5                               @ DW_AT_decl_file
	.short	351                             @ DW_AT_decl_line
	.byte	180                             @ DW_AT_data_member_location
	.byte	18                              @ Abbrev [18] 0x499:0xd DW_TAG_member
	.long	.Linfo_string72                 @ DW_AT_name
	.long	1399                            @ DW_AT_type
	.byte	5                               @ DW_AT_decl_file
	.short	352                             @ DW_AT_decl_line
	.byte	184                             @ DW_AT_data_member_location
	.byte	18                              @ Abbrev [18] 0x4a6:0xd DW_TAG_member
	.long	.Linfo_string73                 @ DW_AT_name
	.long	1399                            @ DW_AT_type
	.byte	5                               @ DW_AT_decl_file
	.short	353                             @ DW_AT_decl_line
	.byte	188                             @ DW_AT_data_member_location
	.byte	18                              @ Abbrev [18] 0x4b3:0xd DW_TAG_member
	.long	.Linfo_string74                 @ DW_AT_name
	.long	1399                            @ DW_AT_type
	.byte	5                               @ DW_AT_decl_file
	.short	354                             @ DW_AT_decl_line
	.byte	192                             @ DW_AT_data_member_location
	.byte	18                              @ Abbrev [18] 0x4c0:0xd DW_TAG_member
	.long	.Linfo_string75                 @ DW_AT_name
	.long	1399                            @ DW_AT_type
	.byte	5                               @ DW_AT_decl_file
	.short	355                             @ DW_AT_decl_line
	.byte	196                             @ DW_AT_data_member_location
	.byte	18                              @ Abbrev [18] 0x4cd:0xd DW_TAG_member
	.long	.Linfo_string76                 @ DW_AT_name
	.long	1399                            @ DW_AT_type
	.byte	5                               @ DW_AT_decl_file
	.short	356                             @ DW_AT_decl_line
	.byte	200                             @ DW_AT_data_member_location
	.byte	18                              @ Abbrev [18] 0x4da:0xd DW_TAG_member
	.long	.Linfo_string77                 @ DW_AT_name
	.long	1399                            @ DW_AT_type
	.byte	5                               @ DW_AT_decl_file
	.short	357                             @ DW_AT_decl_line
	.byte	204                             @ DW_AT_data_member_location
	.byte	18                              @ Abbrev [18] 0x4e7:0xd DW_TAG_member
	.long	.Linfo_string78                 @ DW_AT_name
	.long	1399                            @ DW_AT_type
	.byte	5                               @ DW_AT_decl_file
	.short	358                             @ DW_AT_decl_line
	.byte	208                             @ DW_AT_data_member_location
	.byte	18                              @ Abbrev [18] 0x4f4:0xd DW_TAG_member
	.long	.Linfo_string79                 @ DW_AT_name
	.long	1399                            @ DW_AT_type
	.byte	5                               @ DW_AT_decl_file
	.short	359                             @ DW_AT_decl_line
	.byte	212                             @ DW_AT_data_member_location
	.byte	18                              @ Abbrev [18] 0x501:0xd DW_TAG_member
	.long	.Linfo_string80                 @ DW_AT_name
	.long	1399                            @ DW_AT_type
	.byte	5                               @ DW_AT_decl_file
	.short	360                             @ DW_AT_decl_line
	.byte	216                             @ DW_AT_data_member_location
	.byte	18                              @ Abbrev [18] 0x50e:0xd DW_TAG_member
	.long	.Linfo_string81                 @ DW_AT_name
	.long	1399                            @ DW_AT_type
	.byte	5                               @ DW_AT_decl_file
	.short	361                             @ DW_AT_decl_line
	.byte	220                             @ DW_AT_data_member_location
	.byte	18                              @ Abbrev [18] 0x51b:0xd DW_TAG_member
	.long	.Linfo_string82                 @ DW_AT_name
	.long	1399                            @ DW_AT_type
	.byte	5                               @ DW_AT_decl_file
	.short	362                             @ DW_AT_decl_line
	.byte	224                             @ DW_AT_data_member_location
	.byte	18                              @ Abbrev [18] 0x528:0xd DW_TAG_member
	.long	.Linfo_string83                 @ DW_AT_name
	.long	1399                            @ DW_AT_type
	.byte	5                               @ DW_AT_decl_file
	.short	363                             @ DW_AT_decl_line
	.byte	228                             @ DW_AT_data_member_location
	.byte	18                              @ Abbrev [18] 0x535:0xd DW_TAG_member
	.long	.Linfo_string84                 @ DW_AT_name
	.long	1428                            @ DW_AT_type
	.byte	5                               @ DW_AT_decl_file
	.short	364                             @ DW_AT_decl_line
	.byte	232                             @ DW_AT_data_member_location
	.byte	18                              @ Abbrev [18] 0x542:0xd DW_TAG_member
	.long	.Linfo_string85                 @ DW_AT_name
	.long	1399                            @ DW_AT_type
	.byte	5                               @ DW_AT_decl_file
	.short	365                             @ DW_AT_decl_line
	.byte	240                             @ DW_AT_data_member_location
	.byte	18                              @ Abbrev [18] 0x54f:0xd DW_TAG_member
	.long	.Linfo_string86                 @ DW_AT_name
	.long	1399                            @ DW_AT_type
	.byte	5                               @ DW_AT_decl_file
	.short	366                             @ DW_AT_decl_line
	.byte	244                             @ DW_AT_data_member_location
	.byte	18                              @ Abbrev [18] 0x55c:0xd DW_TAG_member
	.long	.Linfo_string87                 @ DW_AT_name
	.long	1399                            @ DW_AT_type
	.byte	5                               @ DW_AT_decl_file
	.short	367                             @ DW_AT_decl_line
	.byte	248                             @ DW_AT_data_member_location
	.byte	18                              @ Abbrev [18] 0x569:0xd DW_TAG_member
	.long	.Linfo_string88                 @ DW_AT_name
	.long	1399                            @ DW_AT_type
	.byte	5                               @ DW_AT_decl_file
	.short	368                             @ DW_AT_decl_line
	.byte	252                             @ DW_AT_data_member_location
	.byte	0                               @ End Of Children Mark
	.byte	20                              @ Abbrev [20] 0x577:0x5 DW_TAG_volatile_type
	.long	55                              @ DW_AT_type
	.byte	10                              @ Abbrev [10] 0x57c:0xc DW_TAG_array_type
	.long	1399                            @ DW_AT_type
	.byte	11                              @ Abbrev [11] 0x581:0x6 DW_TAG_subrange_type
	.long	483                             @ DW_AT_type
	.byte	4                               @ DW_AT_count
	.byte	0                               @ End Of Children Mark
	.byte	10                              @ Abbrev [10] 0x588:0xc DW_TAG_array_type
	.long	1399                            @ DW_AT_type
	.byte	11                              @ Abbrev [11] 0x58d:0x6 DW_TAG_subrange_type
	.long	483                             @ DW_AT_type
	.byte	8                               @ DW_AT_count
	.byte	0                               @ End Of Children Mark
	.byte	10                              @ Abbrev [10] 0x594:0xc DW_TAG_array_type
	.long	1399                            @ DW_AT_type
	.byte	11                              @ Abbrev [11] 0x599:0x6 DW_TAG_subrange_type
	.long	483                             @ DW_AT_type
	.byte	2                               @ DW_AT_count
	.byte	0                               @ End Of Children Mark
	.byte	15                              @ Abbrev [15] 0x5a0:0x5 DW_TAG_pointer_type
	.long	1445                            @ DW_AT_type
	.byte	16                              @ Abbrev [16] 0x5a5:0xc DW_TAG_typedef
	.long	1457                            @ DW_AT_type
	.long	.Linfo_string109                @ DW_AT_name
	.byte	5                               @ DW_AT_decl_file
	.short	396                             @ DW_AT_decl_line
	.byte	19                              @ Abbrev [19] 0x5b1:0xff DW_TAG_structure_type
	.short	516                             @ DW_AT_byte_size
	.byte	5                               @ DW_AT_decl_file
	.short	375                             @ DW_AT_decl_line
	.byte	18                              @ Abbrev [18] 0x5b7:0xd DW_TAG_member
	.long	.Linfo_string91                 @ DW_AT_name
	.long	1399                            @ DW_AT_type
	.byte	5                               @ DW_AT_decl_file
	.short	377                             @ DW_AT_decl_line
	.byte	0                               @ DW_AT_data_member_location
	.byte	18                              @ Abbrev [18] 0x5c4:0xd DW_TAG_member
	.long	.Linfo_string92                 @ DW_AT_name
	.long	1399                            @ DW_AT_type
	.byte	5                               @ DW_AT_decl_file
	.short	378                             @ DW_AT_decl_line
	.byte	4                               @ DW_AT_data_member_location
	.byte	18                              @ Abbrev [18] 0x5d1:0xd DW_TAG_member
	.long	.Linfo_string93                 @ DW_AT_name
	.long	1399                            @ DW_AT_type
	.byte	5                               @ DW_AT_decl_file
	.short	379                             @ DW_AT_decl_line
	.byte	8                               @ DW_AT_data_member_location
	.byte	18                              @ Abbrev [18] 0x5de:0xd DW_TAG_member
	.long	.Linfo_string94                 @ DW_AT_name
	.long	1399                            @ DW_AT_type
	.byte	5                               @ DW_AT_decl_file
	.short	380                             @ DW_AT_decl_line
	.byte	12                              @ DW_AT_data_member_location
	.byte	18                              @ Abbrev [18] 0x5eb:0xd DW_TAG_member
	.long	.Linfo_string95                 @ DW_AT_name
	.long	1399                            @ DW_AT_type
	.byte	5                               @ DW_AT_decl_file
	.short	381                             @ DW_AT_decl_line
	.byte	16                              @ DW_AT_data_member_location
	.byte	18                              @ Abbrev [18] 0x5f8:0xd DW_TAG_member
	.long	.Linfo_string96                 @ DW_AT_name
	.long	1399                            @ DW_AT_type
	.byte	5                               @ DW_AT_decl_file
	.short	382                             @ DW_AT_decl_line
	.byte	20                              @ DW_AT_data_member_location
	.byte	18                              @ Abbrev [18] 0x605:0xd DW_TAG_member
	.long	.Linfo_string97                 @ DW_AT_name
	.long	1399                            @ DW_AT_type
	.byte	5                               @ DW_AT_decl_file
	.short	383                             @ DW_AT_decl_line
	.byte	24                              @ DW_AT_data_member_location
	.byte	18                              @ Abbrev [18] 0x612:0xd DW_TAG_member
	.long	.Linfo_string98                 @ DW_AT_name
	.long	1399                            @ DW_AT_type
	.byte	5                               @ DW_AT_decl_file
	.short	384                             @ DW_AT_decl_line
	.byte	28                              @ DW_AT_data_member_location
	.byte	18                              @ Abbrev [18] 0x61f:0xd DW_TAG_member
	.long	.Linfo_string99                 @ DW_AT_name
	.long	1399                            @ DW_AT_type
	.byte	5                               @ DW_AT_decl_file
	.short	385                             @ DW_AT_decl_line
	.byte	32                              @ DW_AT_data_member_location
	.byte	18                              @ Abbrev [18] 0x62c:0xd DW_TAG_member
	.long	.Linfo_string100                @ DW_AT_name
	.long	1399                            @ DW_AT_type
	.byte	5                               @ DW_AT_decl_file
	.short	386                             @ DW_AT_decl_line
	.byte	36                              @ DW_AT_data_member_location
	.byte	18                              @ Abbrev [18] 0x639:0xd DW_TAG_member
	.long	.Linfo_string101                @ DW_AT_name
	.long	1399                            @ DW_AT_type
	.byte	5                               @ DW_AT_decl_file
	.short	387                             @ DW_AT_decl_line
	.byte	40                              @ DW_AT_data_member_location
	.byte	18                              @ Abbrev [18] 0x646:0xd DW_TAG_member
	.long	.Linfo_string102                @ DW_AT_name
	.long	1399                            @ DW_AT_type
	.byte	5                               @ DW_AT_decl_file
	.short	388                             @ DW_AT_decl_line
	.byte	44                              @ DW_AT_data_member_location
	.byte	18                              @ Abbrev [18] 0x653:0xd DW_TAG_member
	.long	.Linfo_string103                @ DW_AT_name
	.long	1399                            @ DW_AT_type
	.byte	5                               @ DW_AT_decl_file
	.short	389                             @ DW_AT_decl_line
	.byte	48                              @ DW_AT_data_member_location
	.byte	18                              @ Abbrev [18] 0x660:0xd DW_TAG_member
	.long	.Linfo_string104                @ DW_AT_name
	.long	1399                            @ DW_AT_type
	.byte	5                               @ DW_AT_decl_file
	.short	390                             @ DW_AT_decl_line
	.byte	52                              @ DW_AT_data_member_location
	.byte	18                              @ Abbrev [18] 0x66d:0xd DW_TAG_member
	.long	.Linfo_string105                @ DW_AT_name
	.long	1399                            @ DW_AT_type
	.byte	5                               @ DW_AT_decl_file
	.short	391                             @ DW_AT_decl_line
	.byte	56                              @ DW_AT_data_member_location
	.byte	18                              @ Abbrev [18] 0x67a:0xd DW_TAG_member
	.long	.Linfo_string106                @ DW_AT_name
	.long	1399                            @ DW_AT_type
	.byte	5                               @ DW_AT_decl_file
	.short	392                             @ DW_AT_decl_line
	.byte	60                              @ DW_AT_data_member_location
	.byte	18                              @ Abbrev [18] 0x687:0xd DW_TAG_member
	.long	.Linfo_string107                @ DW_AT_name
	.long	1399                            @ DW_AT_type
	.byte	5                               @ DW_AT_decl_file
	.short	393                             @ DW_AT_decl_line
	.byte	64                              @ DW_AT_data_member_location
	.byte	18                              @ Abbrev [18] 0x694:0xd DW_TAG_member
	.long	.Linfo_string38                 @ DW_AT_name
	.long	1712                            @ DW_AT_type
	.byte	5                               @ DW_AT_decl_file
	.short	394                             @ DW_AT_decl_line
	.byte	68                              @ DW_AT_data_member_location
	.byte	21                              @ Abbrev [21] 0x6a1:0xe DW_TAG_member
	.long	.Linfo_string108                @ DW_AT_name
	.long	1399                            @ DW_AT_type
	.byte	5                               @ DW_AT_decl_file
	.short	395                             @ DW_AT_decl_line
	.short	512                             @ DW_AT_data_member_location
	.byte	0                               @ End Of Children Mark
	.byte	10                              @ Abbrev [10] 0x6b0:0xc DW_TAG_array_type
	.long	1399                            @ DW_AT_type
	.byte	11                              @ Abbrev [11] 0x6b5:0x6 DW_TAG_subrange_type
	.long	483                             @ DW_AT_type
	.byte	111                             @ DW_AT_count
	.byte	0                               @ End Of Children Mark
	.byte	3                               @ Abbrev [3] 0x6bc:0xb DW_TAG_typedef
	.long	1735                            @ DW_AT_type
	.long	.Linfo_string141                @ DW_AT_name
	.byte	6                               @ DW_AT_decl_file
	.byte	148                             @ DW_AT_decl_line
	.byte	12                              @ Abbrev [12] 0x6c7:0x149 DW_TAG_structure_type
	.byte	100                             @ DW_AT_byte_size
	.byte	6                               @ DW_AT_decl_file
	.byte	59                              @ DW_AT_decl_line
	.byte	13                              @ Abbrev [13] 0x6cb:0xc DW_TAG_member
	.long	.Linfo_string111                @ DW_AT_name
	.long	55                              @ DW_AT_type
	.byte	6                               @ DW_AT_decl_file
	.byte	61                              @ DW_AT_decl_line
	.byte	0                               @ DW_AT_data_member_location
	.byte	13                              @ Abbrev [13] 0x6d7:0xc DW_TAG_member
	.long	.Linfo_string112                @ DW_AT_name
	.long	55                              @ DW_AT_type
	.byte	6                               @ DW_AT_decl_file
	.byte	64                              @ DW_AT_decl_line
	.byte	4                               @ DW_AT_data_member_location
	.byte	13                              @ Abbrev [13] 0x6e3:0xc DW_TAG_member
	.long	.Linfo_string113                @ DW_AT_name
	.long	2064                            @ DW_AT_type
	.byte	6                               @ DW_AT_decl_file
	.byte	67                              @ DW_AT_decl_line
	.byte	8                               @ DW_AT_data_member_location
	.byte	13                              @ Abbrev [13] 0x6ef:0xc DW_TAG_member
	.long	.Linfo_string117                @ DW_AT_name
	.long	2064                            @ DW_AT_type
	.byte	6                               @ DW_AT_decl_file
	.byte	70                              @ DW_AT_decl_line
	.byte	9                               @ DW_AT_data_member_location
	.byte	13                              @ Abbrev [13] 0x6fb:0xc DW_TAG_member
	.long	.Linfo_string118                @ DW_AT_name
	.long	2064                            @ DW_AT_type
	.byte	6                               @ DW_AT_decl_file
	.byte	73                              @ DW_AT_decl_line
	.byte	10                              @ DW_AT_data_member_location
	.byte	13                              @ Abbrev [13] 0x707:0xc DW_TAG_member
	.long	.Linfo_string119                @ DW_AT_name
	.long	55                              @ DW_AT_type
	.byte	6                               @ DW_AT_decl_file
	.byte	76                              @ DW_AT_decl_line
	.byte	12                              @ DW_AT_data_member_location
	.byte	13                              @ Abbrev [13] 0x713:0xc DW_TAG_member
	.long	.Linfo_string120                @ DW_AT_name
	.long	55                              @ DW_AT_type
	.byte	6                               @ DW_AT_decl_file
	.byte	80                              @ DW_AT_decl_line
	.byte	16                              @ DW_AT_data_member_location
	.byte	13                              @ Abbrev [13] 0x71f:0xc DW_TAG_member
	.long	.Linfo_string121                @ DW_AT_name
	.long	55                              @ DW_AT_type
	.byte	6                               @ DW_AT_decl_file
	.byte	85                              @ DW_AT_decl_line
	.byte	20                              @ DW_AT_data_member_location
	.byte	13                              @ Abbrev [13] 0x72b:0xc DW_TAG_member
	.long	.Linfo_string122                @ DW_AT_name
	.long	55                              @ DW_AT_type
	.byte	6                               @ DW_AT_decl_file
	.byte	88                              @ DW_AT_decl_line
	.byte	24                              @ DW_AT_data_member_location
	.byte	13                              @ Abbrev [13] 0x737:0xc DW_TAG_member
	.long	.Linfo_string123                @ DW_AT_name
	.long	55                              @ DW_AT_type
	.byte	6                               @ DW_AT_decl_file
	.byte	91                              @ DW_AT_decl_line
	.byte	28                              @ DW_AT_data_member_location
	.byte	13                              @ Abbrev [13] 0x743:0xc DW_TAG_member
	.long	.Linfo_string124                @ DW_AT_name
	.long	55                              @ DW_AT_type
	.byte	6                               @ DW_AT_decl_file
	.byte	95                              @ DW_AT_decl_line
	.byte	32                              @ DW_AT_data_member_location
	.byte	13                              @ Abbrev [13] 0x74f:0xc DW_TAG_member
	.long	.Linfo_string125                @ DW_AT_name
	.long	55                              @ DW_AT_type
	.byte	6                               @ DW_AT_decl_file
	.byte	100                             @ DW_AT_decl_line
	.byte	36                              @ DW_AT_data_member_location
	.byte	13                              @ Abbrev [13] 0x75b:0xc DW_TAG_member
	.long	.Linfo_string126                @ DW_AT_name
	.long	55                              @ DW_AT_type
	.byte	6                               @ DW_AT_decl_file
	.byte	103                             @ DW_AT_decl_line
	.byte	40                              @ DW_AT_data_member_location
	.byte	13                              @ Abbrev [13] 0x767:0xc DW_TAG_member
	.long	.Linfo_string127                @ DW_AT_name
	.long	55                              @ DW_AT_type
	.byte	6                               @ DW_AT_decl_file
	.byte	106                             @ DW_AT_decl_line
	.byte	44                              @ DW_AT_data_member_location
	.byte	13                              @ Abbrev [13] 0x773:0xc DW_TAG_member
	.long	.Linfo_string128                @ DW_AT_name
	.long	55                              @ DW_AT_type
	.byte	6                               @ DW_AT_decl_file
	.byte	109                             @ DW_AT_decl_line
	.byte	48                              @ DW_AT_data_member_location
	.byte	13                              @ Abbrev [13] 0x77f:0xc DW_TAG_member
	.long	.Linfo_string129                @ DW_AT_name
	.long	55                              @ DW_AT_type
	.byte	6                               @ DW_AT_decl_file
	.byte	112                             @ DW_AT_decl_line
	.byte	52                              @ DW_AT_data_member_location
	.byte	13                              @ Abbrev [13] 0x78b:0xc DW_TAG_member
	.long	.Linfo_string130                @ DW_AT_name
	.long	55                              @ DW_AT_type
	.byte	6                               @ DW_AT_decl_file
	.byte	115                             @ DW_AT_decl_line
	.byte	56                              @ DW_AT_data_member_location
	.byte	13                              @ Abbrev [13] 0x797:0xc DW_TAG_member
	.long	.Linfo_string131                @ DW_AT_name
	.long	55                              @ DW_AT_type
	.byte	6                               @ DW_AT_decl_file
	.byte	118                             @ DW_AT_decl_line
	.byte	60                              @ DW_AT_data_member_location
	.byte	13                              @ Abbrev [13] 0x7a3:0xc DW_TAG_member
	.long	.Linfo_string132                @ DW_AT_name
	.long	55                              @ DW_AT_type
	.byte	6                               @ DW_AT_decl_file
	.byte	121                             @ DW_AT_decl_line
	.byte	64                              @ DW_AT_data_member_location
	.byte	13                              @ Abbrev [13] 0x7af:0xc DW_TAG_member
	.long	.Linfo_string133                @ DW_AT_name
	.long	55                              @ DW_AT_type
	.byte	6                               @ DW_AT_decl_file
	.byte	124                             @ DW_AT_decl_line
	.byte	68                              @ DW_AT_data_member_location
	.byte	13                              @ Abbrev [13] 0x7bb:0xc DW_TAG_member
	.long	.Linfo_string134                @ DW_AT_name
	.long	55                              @ DW_AT_type
	.byte	6                               @ DW_AT_decl_file
	.byte	127                             @ DW_AT_decl_line
	.byte	72                              @ DW_AT_data_member_location
	.byte	13                              @ Abbrev [13] 0x7c7:0xc DW_TAG_member
	.long	.Linfo_string135                @ DW_AT_name
	.long	55                              @ DW_AT_type
	.byte	6                               @ DW_AT_decl_file
	.byte	130                             @ DW_AT_decl_line
	.byte	76                              @ DW_AT_data_member_location
	.byte	13                              @ Abbrev [13] 0x7d3:0xc DW_TAG_member
	.long	.Linfo_string136                @ DW_AT_name
	.long	55                              @ DW_AT_type
	.byte	6                               @ DW_AT_decl_file
	.byte	133                             @ DW_AT_decl_line
	.byte	80                              @ DW_AT_data_member_location
	.byte	13                              @ Abbrev [13] 0x7df:0xc DW_TAG_member
	.long	.Linfo_string137                @ DW_AT_name
	.long	55                              @ DW_AT_type
	.byte	6                               @ DW_AT_decl_file
	.byte	136                             @ DW_AT_decl_line
	.byte	84                              @ DW_AT_data_member_location
	.byte	13                              @ Abbrev [13] 0x7eb:0xc DW_TAG_member
	.long	.Linfo_string138                @ DW_AT_name
	.long	55                              @ DW_AT_type
	.byte	6                               @ DW_AT_decl_file
	.byte	139                             @ DW_AT_decl_line
	.byte	88                              @ DW_AT_data_member_location
	.byte	13                              @ Abbrev [13] 0x7f7:0xc DW_TAG_member
	.long	.Linfo_string139                @ DW_AT_name
	.long	55                              @ DW_AT_type
	.byte	6                               @ DW_AT_decl_file
	.byte	142                             @ DW_AT_decl_line
	.byte	92                              @ DW_AT_data_member_location
	.byte	13                              @ Abbrev [13] 0x803:0xc DW_TAG_member
	.long	.Linfo_string140                @ DW_AT_name
	.long	55                              @ DW_AT_type
	.byte	6                               @ DW_AT_decl_file
	.byte	145                             @ DW_AT_decl_line
	.byte	96                              @ DW_AT_data_member_location
	.byte	0                               @ End Of Children Mark
	.byte	3                               @ Abbrev [3] 0x810:0xb DW_TAG_typedef
	.long	2075                            @ DW_AT_type
	.long	.Linfo_string116                @ DW_AT_name
	.byte	7                               @ DW_AT_decl_file
	.byte	190                             @ DW_AT_decl_line
	.byte	22                              @ Abbrev [22] 0x81b:0x15 DW_TAG_enumeration_type
	.long	369                             @ DW_AT_type
	.byte	1                               @ DW_AT_byte_size
	.byte	7                               @ DW_AT_decl_file
	.byte	186                             @ DW_AT_decl_line
	.byte	23                              @ Abbrev [23] 0x823:0x6 DW_TAG_enumerator
	.long	.Linfo_string114                @ DW_AT_name
	.byte	0                               @ DW_AT_const_value
	.byte	23                              @ Abbrev [23] 0x829:0x6 DW_TAG_enumerator
	.long	.Linfo_string115                @ DW_AT_name
	.byte	1                               @ DW_AT_const_value
	.byte	0                               @ End Of Children Mark
	.byte	16                              @ Abbrev [16] 0x830:0xc DW_TAG_typedef
	.long	2108                            @ DW_AT_type
	.long	.Linfo_string153                @ DW_AT_name
	.byte	6                               @ DW_AT_decl_file
	.short	709                             @ DW_AT_decl_line
	.byte	17                              @ Abbrev [17] 0x83c:0x88 DW_TAG_structure_type
	.byte	40                              @ DW_AT_byte_size
	.byte	6                               @ DW_AT_decl_file
	.short	677                             @ DW_AT_decl_line
	.byte	18                              @ Abbrev [18] 0x841:0xd DW_TAG_member
	.long	.Linfo_string143                @ DW_AT_name
	.long	55                              @ DW_AT_type
	.byte	6                               @ DW_AT_decl_file
	.short	679                             @ DW_AT_decl_line
	.byte	0                               @ DW_AT_data_member_location
	.byte	18                              @ Abbrev [18] 0x84e:0xd DW_TAG_member
	.long	.Linfo_string144                @ DW_AT_name
	.long	55                              @ DW_AT_type
	.byte	6                               @ DW_AT_decl_file
	.short	682                             @ DW_AT_decl_line
	.byte	4                               @ DW_AT_data_member_location
	.byte	18                              @ Abbrev [18] 0x85b:0xd DW_TAG_member
	.long	.Linfo_string145                @ DW_AT_name
	.long	55                              @ DW_AT_type
	.byte	6                               @ DW_AT_decl_file
	.short	685                             @ DW_AT_decl_line
	.byte	8                               @ DW_AT_data_member_location
	.byte	18                              @ Abbrev [18] 0x868:0xd DW_TAG_member
	.long	.Linfo_string146                @ DW_AT_name
	.long	55                              @ DW_AT_type
	.byte	6                               @ DW_AT_decl_file
	.short	688                             @ DW_AT_decl_line
	.byte	12                              @ DW_AT_data_member_location
	.byte	18                              @ Abbrev [18] 0x875:0xd DW_TAG_member
	.long	.Linfo_string147                @ DW_AT_name
	.long	55                              @ DW_AT_type
	.byte	6                               @ DW_AT_decl_file
	.short	691                             @ DW_AT_decl_line
	.byte	16                              @ DW_AT_data_member_location
	.byte	18                              @ Abbrev [18] 0x882:0xd DW_TAG_member
	.long	.Linfo_string148                @ DW_AT_name
	.long	55                              @ DW_AT_type
	.byte	6                               @ DW_AT_decl_file
	.short	694                             @ DW_AT_decl_line
	.byte	20                              @ DW_AT_data_member_location
	.byte	18                              @ Abbrev [18] 0x88f:0xd DW_TAG_member
	.long	.Linfo_string149                @ DW_AT_name
	.long	55                              @ DW_AT_type
	.byte	6                               @ DW_AT_decl_file
	.short	697                             @ DW_AT_decl_line
	.byte	24                              @ DW_AT_data_member_location
	.byte	18                              @ Abbrev [18] 0x89c:0xd DW_TAG_member
	.long	.Linfo_string150                @ DW_AT_name
	.long	55                              @ DW_AT_type
	.byte	6                               @ DW_AT_decl_file
	.short	700                             @ DW_AT_decl_line
	.byte	28                              @ DW_AT_data_member_location
	.byte	18                              @ Abbrev [18] 0x8a9:0xd DW_TAG_member
	.long	.Linfo_string151                @ DW_AT_name
	.long	55                              @ DW_AT_type
	.byte	6                               @ DW_AT_decl_file
	.short	703                             @ DW_AT_decl_line
	.byte	32                              @ DW_AT_data_member_location
	.byte	18                              @ Abbrev [18] 0x8b6:0xd DW_TAG_member
	.long	.Linfo_string152                @ DW_AT_name
	.long	55                              @ DW_AT_type
	.byte	6                               @ DW_AT_decl_file
	.short	706                             @ DW_AT_decl_line
	.byte	36                              @ DW_AT_data_member_location
	.byte	0                               @ End Of Children Mark
	.byte	20                              @ Abbrev [20] 0x8c4:0x5 DW_TAG_volatile_type
	.long	2249                            @ DW_AT_type
	.byte	3                               @ Abbrev [3] 0x8c9:0xb DW_TAG_typedef
	.long	2260                            @ DW_AT_type
	.long	.Linfo_string160                @ DW_AT_name
	.byte	6                               @ DW_AT_decl_file
	.byte	54                              @ DW_AT_decl_line
	.byte	22                              @ Abbrev [22] 0x8d4:0x21 DW_TAG_enumeration_type
	.long	369                             @ DW_AT_type
	.byte	1                               @ DW_AT_byte_size
	.byte	6                               @ DW_AT_decl_file
	.byte	48                              @ DW_AT_decl_line
	.byte	23                              @ Abbrev [23] 0x8dc:0x6 DW_TAG_enumerator
	.long	.Linfo_string156                @ DW_AT_name
	.byte	0                               @ DW_AT_const_value
	.byte	23                              @ Abbrev [23] 0x8e2:0x6 DW_TAG_enumerator
	.long	.Linfo_string157                @ DW_AT_name
	.byte	1                               @ DW_AT_const_value
	.byte	23                              @ Abbrev [23] 0x8e8:0x6 DW_TAG_enumerator
	.long	.Linfo_string158                @ DW_AT_name
	.byte	2                               @ DW_AT_const_value
	.byte	23                              @ Abbrev [23] 0x8ee:0x6 DW_TAG_enumerator
	.long	.Linfo_string159                @ DW_AT_name
	.byte	3                               @ DW_AT_const_value
	.byte	0                               @ End Of Children Mark
	.byte	3                               @ Abbrev [3] 0x8f5:0xb DW_TAG_typedef
	.long	2304                            @ DW_AT_type
	.long	.Linfo_string164                @ DW_AT_name
	.byte	8                               @ DW_AT_decl_file
	.byte	54                              @ DW_AT_decl_line
	.byte	22                              @ Abbrev [22] 0x900:0x15 DW_TAG_enumeration_type
	.long	369                             @ DW_AT_type
	.byte	1                               @ DW_AT_byte_size
	.byte	8                               @ DW_AT_decl_file
	.byte	50                              @ DW_AT_decl_line
	.byte	23                              @ Abbrev [23] 0x908:0x6 DW_TAG_enumerator
	.long	.Linfo_string162                @ DW_AT_name
	.byte	0                               @ DW_AT_const_value
	.byte	23                              @ Abbrev [23] 0x90e:0x6 DW_TAG_enumerator
	.long	.Linfo_string163                @ DW_AT_name
	.byte	1                               @ DW_AT_const_value
	.byte	0                               @ End Of Children Mark
	.byte	16                              @ Abbrev [16] 0x915:0xc DW_TAG_typedef
	.long	2337                            @ DW_AT_type
	.long	.Linfo_string177                @ DW_AT_name
	.byte	6                               @ DW_AT_decl_file
	.short	267                             @ DW_AT_decl_line
	.byte	12                              @ Abbrev [12] 0x921:0x74 DW_TAG_structure_type
	.byte	36                              @ DW_AT_byte_size
	.byte	6                               @ DW_AT_decl_file
	.byte	232                             @ DW_AT_decl_line
	.byte	13                              @ Abbrev [13] 0x925:0xc DW_TAG_member
	.long	.Linfo_string168                @ DW_AT_name
	.long	55                              @ DW_AT_type
	.byte	6                               @ DW_AT_decl_file
	.byte	234                             @ DW_AT_decl_line
	.byte	0                               @ DW_AT_data_member_location
	.byte	13                              @ Abbrev [13] 0x931:0xc DW_TAG_member
	.long	.Linfo_string169                @ DW_AT_name
	.long	55                              @ DW_AT_type
	.byte	6                               @ DW_AT_decl_file
	.byte	239                             @ DW_AT_decl_line
	.byte	4                               @ DW_AT_data_member_location
	.byte	13                              @ Abbrev [13] 0x93d:0xc DW_TAG_member
	.long	.Linfo_string170                @ DW_AT_name
	.long	55                              @ DW_AT_type
	.byte	6                               @ DW_AT_decl_file
	.byte	243                             @ DW_AT_decl_line
	.byte	8                               @ DW_AT_data_member_location
	.byte	13                              @ Abbrev [13] 0x949:0xc DW_TAG_member
	.long	.Linfo_string171                @ DW_AT_name
	.long	55                              @ DW_AT_type
	.byte	6                               @ DW_AT_decl_file
	.byte	246                             @ DW_AT_decl_line
	.byte	12                              @ DW_AT_data_member_location
	.byte	13                              @ Abbrev [13] 0x955:0xc DW_TAG_member
	.long	.Linfo_string172                @ DW_AT_name
	.long	55                              @ DW_AT_type
	.byte	6                               @ DW_AT_decl_file
	.byte	249                             @ DW_AT_decl_line
	.byte	16                              @ DW_AT_data_member_location
	.byte	13                              @ Abbrev [13] 0x961:0xc DW_TAG_member
	.long	.Linfo_string173                @ DW_AT_name
	.long	55                              @ DW_AT_type
	.byte	6                               @ DW_AT_decl_file
	.byte	252                             @ DW_AT_decl_line
	.byte	20                              @ DW_AT_data_member_location
	.byte	18                              @ Abbrev [18] 0x96d:0xd DW_TAG_member
	.long	.Linfo_string174                @ DW_AT_name
	.long	55                              @ DW_AT_type
	.byte	6                               @ DW_AT_decl_file
	.short	256                             @ DW_AT_decl_line
	.byte	24                              @ DW_AT_data_member_location
	.byte	18                              @ Abbrev [18] 0x97a:0xd DW_TAG_member
	.long	.Linfo_string175                @ DW_AT_name
	.long	55                              @ DW_AT_type
	.byte	6                               @ DW_AT_decl_file
	.short	260                             @ DW_AT_decl_line
	.byte	28                              @ DW_AT_data_member_location
	.byte	18                              @ Abbrev [18] 0x987:0xd DW_TAG_member
	.long	.Linfo_string176                @ DW_AT_name
	.long	55                              @ DW_AT_type
	.byte	6                               @ DW_AT_decl_file
	.short	263                             @ DW_AT_decl_line
	.byte	32                              @ DW_AT_data_member_location
	.byte	0                               @ End Of Children Mark
	.byte	10                              @ Abbrev [10] 0x995:0xc DW_TAG_array_type
	.long	358                             @ DW_AT_type
	.byte	11                              @ Abbrev [11] 0x99a:0x6 DW_TAG_subrange_type
	.long	483                             @ DW_AT_type
	.byte	8                               @ DW_AT_count
	.byte	0                               @ End Of Children Mark
	.byte	2                               @ Abbrev [2] 0x9a1:0x11 DW_TAG_variable
	.long	.Linfo_string180                @ DW_AT_name
	.long	2482                            @ DW_AT_type
                                        @ DW_AT_external
	.byte	2                               @ DW_AT_decl_file
	.byte	27                              @ DW_AT_decl_line
	.byte	5                               @ DW_AT_location
	.byte	3
	.long	chassissmotor_contrl
	.byte	10                              @ Abbrev [10] 0x9b2:0xc DW_TAG_array_type
	.long	376                             @ DW_AT_type
	.byte	11                              @ Abbrev [11] 0x9b7:0x6 DW_TAG_subrange_type
	.long	483                             @ DW_AT_type
	.byte	4                               @ DW_AT_count
	.byte	0                               @ End Of Children Mark
	.byte	2                               @ Abbrev [2] 0x9be:0x11 DW_TAG_variable
	.long	.Linfo_string181                @ DW_AT_name
	.long	2511                            @ DW_AT_type
                                        @ DW_AT_external
	.byte	2                               @ DW_AT_decl_file
	.byte	34                              @ DW_AT_decl_line
	.byte	5                               @ DW_AT_location
	.byte	3
	.long	Reverso_Chassiss
	.byte	3                               @ Abbrev [3] 0x9cf:0xb DW_TAG_typedef
	.long	2522                            @ DW_AT_type
	.long	.Linfo_string195                @ DW_AT_name
	.byte	10                              @ DW_AT_decl_file
	.byte	33                              @ DW_AT_decl_line
	.byte	24                              @ Abbrev [24] 0x9da:0x2c DW_TAG_structure_type
	.short	368                             @ DW_AT_byte_size
	.byte	10                              @ DW_AT_decl_file
	.byte	29                              @ DW_AT_decl_line
	.byte	13                              @ Abbrev [13] 0x9df:0xc DW_TAG_member
	.long	.Linfo_string182                @ DW_AT_name
	.long	187                             @ DW_AT_type
	.byte	10                              @ DW_AT_decl_file
	.byte	30                              @ DW_AT_decl_line
	.byte	0                               @ DW_AT_data_member_location
	.byte	25                              @ Abbrev [25] 0x9eb:0xd DW_TAG_member
	.long	.Linfo_string183                @ DW_AT_name
	.long	2566                            @ DW_AT_type
	.byte	10                              @ DW_AT_decl_file
	.byte	31                              @ DW_AT_decl_line
	.short	288                             @ DW_AT_data_member_location
	.byte	25                              @ Abbrev [25] 0x9f8:0xd DW_TAG_member
	.long	.Linfo_string189                @ DW_AT_name
	.long	2630                            @ DW_AT_type
	.byte	10                              @ DW_AT_decl_file
	.byte	32                              @ DW_AT_decl_line
	.short	304                             @ DW_AT_data_member_location
	.byte	0                               @ End Of Children Mark
	.byte	3                               @ Abbrev [3] 0xa06:0xb DW_TAG_typedef
	.long	2577                            @ DW_AT_type
	.long	.Linfo_string188                @ DW_AT_name
	.byte	10                              @ DW_AT_decl_file
	.byte	27                              @ DW_AT_decl_line
	.byte	12                              @ Abbrev [12] 0xa11:0x35 DW_TAG_structure_type
	.byte	16                              @ DW_AT_byte_size
	.byte	10                              @ DW_AT_decl_file
	.byte	22                              @ DW_AT_decl_line
	.byte	13                              @ Abbrev [13] 0xa15:0xc DW_TAG_member
	.long	.Linfo_string184                @ DW_AT_name
	.long	476                             @ DW_AT_type
	.byte	10                              @ DW_AT_decl_file
	.byte	23                              @ DW_AT_decl_line
	.byte	0                               @ DW_AT_data_member_location
	.byte	13                              @ Abbrev [13] 0xa21:0xc DW_TAG_member
	.long	.Linfo_string185                @ DW_AT_name
	.long	476                             @ DW_AT_type
	.byte	10                              @ DW_AT_decl_file
	.byte	24                              @ DW_AT_decl_line
	.byte	4                               @ DW_AT_data_member_location
	.byte	13                              @ Abbrev [13] 0xa2d:0xc DW_TAG_member
	.long	.Linfo_string186                @ DW_AT_name
	.long	476                             @ DW_AT_type
	.byte	10                              @ DW_AT_decl_file
	.byte	25                              @ DW_AT_decl_line
	.byte	8                               @ DW_AT_data_member_location
	.byte	13                              @ Abbrev [13] 0xa39:0xc DW_TAG_member
	.long	.Linfo_string187                @ DW_AT_name
	.long	476                             @ DW_AT_type
	.byte	10                              @ DW_AT_decl_file
	.byte	26                              @ DW_AT_decl_line
	.byte	12                              @ DW_AT_data_member_location
	.byte	0                               @ End Of Children Mark
	.byte	10                              @ Abbrev [10] 0xa46:0xc DW_TAG_array_type
	.long	2642                            @ DW_AT_type
	.byte	11                              @ Abbrev [11] 0xa4b:0x6 DW_TAG_subrange_type
	.long	483                             @ DW_AT_type
	.byte	4                               @ DW_AT_count
	.byte	0                               @ End Of Children Mark
	.byte	3                               @ Abbrev [3] 0xa52:0xb DW_TAG_typedef
	.long	2653                            @ DW_AT_type
	.long	.Linfo_string194                @ DW_AT_name
	.byte	11                              @ DW_AT_decl_file
	.byte	21                              @ DW_AT_decl_line
	.byte	12                              @ Abbrev [12] 0xa5d:0x35 DW_TAG_structure_type
	.byte	16                              @ DW_AT_byte_size
	.byte	11                              @ DW_AT_decl_file
	.byte	15                              @ DW_AT_decl_line
	.byte	13                              @ Abbrev [13] 0xa61:0xc DW_TAG_member
	.long	.Linfo_string190                @ DW_AT_name
	.long	476                             @ DW_AT_type
	.byte	11                              @ DW_AT_decl_file
	.byte	17                              @ DW_AT_decl_line
	.byte	0                               @ DW_AT_data_member_location
	.byte	13                              @ Abbrev [13] 0xa6d:0xc DW_TAG_member
	.long	.Linfo_string191                @ DW_AT_name
	.long	476                             @ DW_AT_type
	.byte	11                              @ DW_AT_decl_file
	.byte	18                              @ DW_AT_decl_line
	.byte	4                               @ DW_AT_data_member_location
	.byte	13                              @ Abbrev [13] 0xa79:0xc DW_TAG_member
	.long	.Linfo_string192                @ DW_AT_name
	.long	476                             @ DW_AT_type
	.byte	11                              @ DW_AT_decl_file
	.byte	19                              @ DW_AT_decl_line
	.byte	8                               @ DW_AT_data_member_location
	.byte	13                              @ Abbrev [13] 0xa85:0xc DW_TAG_member
	.long	.Linfo_string193                @ DW_AT_name
	.long	476                             @ DW_AT_type
	.byte	11                              @ DW_AT_decl_file
	.byte	20                              @ DW_AT_decl_line
	.byte	12                              @ DW_AT_data_member_location
	.byte	0                               @ End Of Children Mark
	.byte	3                               @ Abbrev [3] 0xa92:0xb DW_TAG_typedef
	.long	2717                            @ DW_AT_type
	.long	.Linfo_string197                @ DW_AT_name
	.byte	1                               @ DW_AT_decl_file
	.byte	57                              @ DW_AT_decl_line
	.byte	4                               @ Abbrev [4] 0xa9d:0x7 DW_TAG_base_type
	.long	.Linfo_string196                @ DW_AT_name
	.byte	5                               @ DW_AT_encoding
	.byte	2                               @ DW_AT_byte_size
	.byte	5                               @ Abbrev [5] 0xaa4:0x20 DW_TAG_subprogram
	.long	.Lfunc_begin0                   @ DW_AT_low_pc
	.long	.Lfunc_end0-.Lfunc_begin0       @ DW_AT_high_pc
	.byte	1                               @ DW_AT_frame_base
	.byte	93
	.long	.Linfo_string198                @ DW_AT_name
	.byte	2                               @ DW_AT_decl_file
	.byte	36                              @ DW_AT_decl_line
                                        @ DW_AT_prototyped
                                        @ DW_AT_external
	.byte	7                               @ Abbrev [7] 0xab5:0xe DW_TAG_formal_parameter
	.byte	2                               @ DW_AT_location
	.byte	145
	.byte	0
	.long	.Linfo_string183                @ DW_AT_name
	.byte	2                               @ DW_AT_decl_file
	.byte	36                              @ DW_AT_decl_line
	.long	3254                            @ DW_AT_type
	.byte	0                               @ End Of Children Mark
	.byte	26                              @ Abbrev [26] 0xac4:0x11 DW_TAG_subprogram
	.long	.Lfunc_begin1                   @ DW_AT_low_pc
	.long	.Lfunc_end1-.Lfunc_begin1       @ DW_AT_high_pc
	.byte	1                               @ DW_AT_frame_base
	.byte	93
	.long	.Linfo_string199                @ DW_AT_name
	.byte	2                               @ DW_AT_decl_file
	.byte	52                              @ DW_AT_decl_line
                                        @ DW_AT_external
	.byte	5                               @ Abbrev [5] 0xad5:0x20 DW_TAG_subprogram
	.long	.Lfunc_begin2                   @ DW_AT_low_pc
	.long	.Lfunc_end2-.Lfunc_begin2       @ DW_AT_high_pc
	.byte	1                               @ DW_AT_frame_base
	.byte	93
	.long	.Linfo_string200                @ DW_AT_name
	.byte	2                               @ DW_AT_decl_file
	.byte	61                              @ DW_AT_decl_line
                                        @ DW_AT_prototyped
                                        @ DW_AT_external
	.byte	7                               @ Abbrev [7] 0xae6:0xe DW_TAG_formal_parameter
	.byte	2                               @ DW_AT_location
	.byte	145
	.byte	4
	.long	.Linfo_string211                @ DW_AT_name
	.byte	2                               @ DW_AT_decl_file
	.byte	61                              @ DW_AT_decl_line
	.long	3259                            @ DW_AT_type
	.byte	0                               @ End Of Children Mark
	.byte	5                               @ Abbrev [5] 0xaf5:0x20 DW_TAG_subprogram
	.long	.Lfunc_begin3                   @ DW_AT_low_pc
	.long	.Lfunc_end3-.Lfunc_begin3       @ DW_AT_high_pc
	.byte	1                               @ DW_AT_frame_base
	.byte	93
	.long	.Linfo_string201                @ DW_AT_name
	.byte	2                               @ DW_AT_decl_file
	.byte	69                              @ DW_AT_decl_line
                                        @ DW_AT_prototyped
                                        @ DW_AT_external
	.byte	7                               @ Abbrev [7] 0xb06:0xe DW_TAG_formal_parameter
	.byte	2                               @ DW_AT_location
	.byte	145
	.byte	0
	.long	.Linfo_string182                @ DW_AT_name
	.byte	2                               @ DW_AT_decl_file
	.byte	69                              @ DW_AT_decl_line
	.long	3264                            @ DW_AT_type
	.byte	0                               @ End Of Children Mark
	.byte	27                              @ Abbrev [27] 0xb15:0x11 DW_TAG_subprogram
	.long	.Lfunc_begin4                   @ DW_AT_low_pc
	.long	.Lfunc_end4-.Lfunc_begin4       @ DW_AT_high_pc
	.byte	1                               @ DW_AT_frame_base
	.byte	93
	.long	.Linfo_string202                @ DW_AT_name
	.byte	2                               @ DW_AT_decl_file
	.byte	76                              @ DW_AT_decl_line
                                        @ DW_AT_prototyped
                                        @ DW_AT_external
	.byte	5                               @ Abbrev [5] 0xb26:0x70 DW_TAG_subprogram
	.long	.Lfunc_begin5                   @ DW_AT_low_pc
	.long	.Lfunc_end5-.Lfunc_begin5       @ DW_AT_high_pc
	.byte	1                               @ DW_AT_frame_base
	.byte	93
	.long	.Linfo_string203                @ DW_AT_name
	.byte	2                               @ DW_AT_decl_file
	.byte	81                              @ DW_AT_decl_line
                                        @ DW_AT_prototyped
                                        @ DW_AT_external
	.byte	7                               @ Abbrev [7] 0xb37:0xe DW_TAG_formal_parameter
	.byte	2                               @ DW_AT_location
	.byte	145
	.byte	36
	.long	.Linfo_string213                @ DW_AT_name
	.byte	2                               @ DW_AT_decl_file
	.byte	81                              @ DW_AT_decl_line
	.long	3249                            @ DW_AT_type
	.byte	7                               @ Abbrev [7] 0xb45:0xe DW_TAG_formal_parameter
	.byte	2                               @ DW_AT_location
	.byte	145
	.byte	32
	.long	.Linfo_string214                @ DW_AT_name
	.byte	2                               @ DW_AT_decl_file
	.byte	81                              @ DW_AT_decl_line
	.long	3333                            @ DW_AT_type
	.byte	7                               @ Abbrev [7] 0xb53:0xe DW_TAG_formal_parameter
	.byte	2                               @ DW_AT_location
	.byte	145
	.byte	28
	.long	.Linfo_string215                @ DW_AT_name
	.byte	2                               @ DW_AT_decl_file
	.byte	81                              @ DW_AT_decl_line
	.long	3338                            @ DW_AT_type
	.byte	9                               @ Abbrev [9] 0xb61:0xe DW_TAG_variable
	.byte	2                               @ DW_AT_location
	.byte	145
	.byte	12
	.long	.Linfo_string216                @ DW_AT_name
	.byte	2                               @ DW_AT_decl_file
	.byte	83                              @ DW_AT_decl_line
	.long	3343                            @ DW_AT_type
	.byte	9                               @ Abbrev [9] 0xb6f:0xe DW_TAG_variable
	.byte	2                               @ DW_AT_location
	.byte	145
	.byte	4
	.long	.Linfo_string217                @ DW_AT_name
	.byte	2                               @ DW_AT_decl_file
	.byte	84                              @ DW_AT_decl_line
	.long	3355                            @ DW_AT_type
	.byte	8                               @ Abbrev [8] 0xb7d:0x18 DW_TAG_lexical_block
	.long	.Ltmp13                         @ DW_AT_low_pc
	.long	.Ltmp18-.Ltmp13                 @ DW_AT_high_pc
	.byte	9                               @ Abbrev [9] 0xb86:0xe DW_TAG_variable
	.byte	2                               @ DW_AT_location
	.byte	145
	.byte	3
	.long	.Linfo_string218                @ DW_AT_name
	.byte	2                               @ DW_AT_decl_file
	.byte	86                              @ DW_AT_decl_line
	.long	358                             @ DW_AT_type
	.byte	0                               @ End Of Children Mark
	.byte	0                               @ End Of Children Mark
	.byte	28                              @ Abbrev [28] 0xb96:0x4e DW_TAG_subprogram
	.long	.Lfunc_begin6                   @ DW_AT_low_pc
	.long	.Lfunc_end6-.Lfunc_begin6       @ DW_AT_high_pc
	.byte	1                               @ DW_AT_frame_base
	.byte	93
	.long	.Linfo_string204                @ DW_AT_name
	.byte	2                               @ DW_AT_decl_file
	.byte	108                             @ DW_AT_decl_line
                                        @ DW_AT_prototyped
	.long	3249                            @ DW_AT_type
                                        @ DW_AT_external
	.byte	7                               @ Abbrev [7] 0xbab:0xe DW_TAG_formal_parameter
	.byte	2                               @ DW_AT_location
	.byte	145
	.byte	12
	.long	.Linfo_string185                @ DW_AT_name
	.byte	2                               @ DW_AT_decl_file
	.byte	108                             @ DW_AT_decl_line
	.long	476                             @ DW_AT_type
	.byte	7                               @ Abbrev [7] 0xbb9:0xe DW_TAG_formal_parameter
	.byte	2                               @ DW_AT_location
	.byte	145
	.byte	8
	.long	.Linfo_string186                @ DW_AT_name
	.byte	2                               @ DW_AT_decl_file
	.byte	108                             @ DW_AT_decl_line
	.long	476                             @ DW_AT_type
	.byte	7                               @ Abbrev [7] 0xbc7:0xe DW_TAG_formal_parameter
	.byte	2                               @ DW_AT_location
	.byte	145
	.byte	4
	.long	.Linfo_string219                @ DW_AT_name
	.byte	2                               @ DW_AT_decl_file
	.byte	108                             @ DW_AT_decl_line
	.long	476                             @ DW_AT_type
	.byte	7                               @ Abbrev [7] 0xbd5:0xe DW_TAG_formal_parameter
	.byte	2                               @ DW_AT_location
	.byte	145
	.byte	0
	.long	.Linfo_string220                @ DW_AT_name
	.byte	2                               @ DW_AT_decl_file
	.byte	108                             @ DW_AT_decl_line
	.long	3249                            @ DW_AT_type
	.byte	0                               @ End Of Children Mark
	.byte	5                               @ Abbrev [5] 0xbe4:0x20 DW_TAG_subprogram
	.long	.Lfunc_begin7                   @ DW_AT_low_pc
	.long	.Lfunc_end7-.Lfunc_begin7       @ DW_AT_high_pc
	.byte	1                               @ DW_AT_frame_base
	.byte	93
	.long	.Linfo_string205                @ DW_AT_name
	.byte	2                               @ DW_AT_decl_file
	.byte	99                              @ DW_AT_decl_line
                                        @ DW_AT_prototyped
                                        @ DW_AT_external
	.byte	7                               @ Abbrev [7] 0xbf5:0xe DW_TAG_formal_parameter
	.byte	2                               @ DW_AT_location
	.byte	145
	.byte	4
	.long	.Linfo_string221                @ DW_AT_name
	.byte	2                               @ DW_AT_decl_file
	.byte	99                              @ DW_AT_decl_line
	.long	3367                            @ DW_AT_type
	.byte	0                               @ End Of Children Mark
	.byte	28                              @ Abbrev [28] 0xc04:0x32 DW_TAG_subprogram
	.long	.Lfunc_begin8                   @ DW_AT_low_pc
	.long	.Lfunc_end8-.Lfunc_begin8       @ DW_AT_high_pc
	.byte	1                               @ DW_AT_frame_base
	.byte	93
	.long	.Linfo_string206                @ DW_AT_name
	.byte	2                               @ DW_AT_decl_file
	.byte	118                             @ DW_AT_decl_line
                                        @ DW_AT_prototyped
	.long	3254                            @ DW_AT_type
                                        @ DW_AT_external
	.byte	7                               @ Abbrev [7] 0xc19:0xe DW_TAG_formal_parameter
	.byte	2                               @ DW_AT_location
	.byte	145
	.byte	4
	.long	.Linfo_string222                @ DW_AT_name
	.byte	2                               @ DW_AT_decl_file
	.byte	118                             @ DW_AT_decl_line
	.long	3249                            @ DW_AT_type
	.byte	7                               @ Abbrev [7] 0xc27:0xe DW_TAG_formal_parameter
	.byte	2                               @ DW_AT_location
	.byte	145
	.byte	0
	.long	.Linfo_string183                @ DW_AT_name
	.byte	2                               @ DW_AT_decl_file
	.byte	118                             @ DW_AT_decl_line
	.long	3254                            @ DW_AT_type
	.byte	0                               @ End Of Children Mark
	.byte	26                              @ Abbrev [26] 0xc36:0x11 DW_TAG_subprogram
	.long	.Lfunc_begin9                   @ DW_AT_low_pc
	.long	.Lfunc_end9-.Lfunc_begin9       @ DW_AT_high_pc
	.byte	1                               @ DW_AT_frame_base
	.byte	93
	.long	.Linfo_string207                @ DW_AT_name
	.byte	2                               @ DW_AT_decl_file
	.byte	127                             @ DW_AT_decl_line
                                        @ DW_AT_external
	.byte	5                               @ Abbrev [5] 0xc47:0x4a DW_TAG_subprogram
	.long	.Lfunc_begin10                  @ DW_AT_low_pc
	.long	.Lfunc_end10-.Lfunc_begin10     @ DW_AT_high_pc
	.byte	1                               @ DW_AT_frame_base
	.byte	93
	.long	.Linfo_string208                @ DW_AT_name
	.byte	2                               @ DW_AT_decl_file
	.byte	132                             @ DW_AT_decl_line
                                        @ DW_AT_prototyped
                                        @ DW_AT_external
	.byte	7                               @ Abbrev [7] 0xc58:0xe DW_TAG_formal_parameter
	.byte	2                               @ DW_AT_location
	.byte	145
	.byte	52
	.long	.Linfo_string223                @ DW_AT_name
	.byte	2                               @ DW_AT_decl_file
	.byte	132                             @ DW_AT_decl_line
	.long	476                             @ DW_AT_type
	.byte	7                               @ Abbrev [7] 0xc66:0xe DW_TAG_formal_parameter
	.byte	2                               @ DW_AT_location
	.byte	145
	.byte	48
	.long	.Linfo_string224                @ DW_AT_name
	.byte	2                               @ DW_AT_decl_file
	.byte	132                             @ DW_AT_decl_line
	.long	476                             @ DW_AT_type
	.byte	9                               @ Abbrev [9] 0xc74:0xe DW_TAG_variable
	.byte	2                               @ DW_AT_location
	.byte	145
	.byte	44
	.long	.Linfo_string225                @ DW_AT_name
	.byte	2                               @ DW_AT_decl_file
	.byte	134                             @ DW_AT_decl_line
	.long	476                             @ DW_AT_type
	.byte	9                               @ Abbrev [9] 0xc82:0xe DW_TAG_variable
	.byte	2                               @ DW_AT_location
	.byte	145
	.byte	40
	.long	.Linfo_string226                @ DW_AT_name
	.byte	2                               @ DW_AT_decl_file
	.byte	136                             @ DW_AT_decl_line
	.long	476                             @ DW_AT_type
	.byte	0                               @ End Of Children Mark
	.byte	29                              @ Abbrev [29] 0xc91:0x20 DW_TAG_subprogram
	.long	.Lfunc_begin11                  @ DW_AT_low_pc
	.long	.Lfunc_end11-.Lfunc_begin11     @ DW_AT_high_pc
	.byte	1                               @ DW_AT_frame_base
	.byte	93
	.long	.Linfo_string209                @ DW_AT_name
	.byte	2                               @ DW_AT_decl_file
	.byte	141                             @ DW_AT_decl_line
                                        @ DW_AT_external
	.byte	9                               @ Abbrev [9] 0xca2:0xe DW_TAG_variable
	.byte	2                               @ DW_AT_location
	.byte	145
	.byte	0
	.long	.Linfo_string217                @ DW_AT_name
	.byte	2                               @ DW_AT_decl_file
	.byte	144                             @ DW_AT_decl_line
	.long	3355                            @ DW_AT_type
	.byte	0                               @ End Of Children Mark
	.byte	15                              @ Abbrev [15] 0xcb1:0x5 DW_TAG_pointer_type
	.long	476                             @ DW_AT_type
	.byte	15                              @ Abbrev [15] 0xcb6:0x5 DW_TAG_pointer_type
	.long	2566                            @ DW_AT_type
	.byte	15                              @ Abbrev [15] 0xcbb:0x5 DW_TAG_pointer_type
	.long	2642                            @ DW_AT_type
	.byte	15                              @ Abbrev [15] 0xcc0:0x5 DW_TAG_pointer_type
	.long	3269                            @ DW_AT_type
	.byte	3                               @ Abbrev [3] 0xcc5:0xb DW_TAG_typedef
	.long	3280                            @ DW_AT_type
	.long	.Linfo_string212                @ DW_AT_name
	.byte	3                               @ DW_AT_decl_file
	.byte	31                              @ DW_AT_decl_line
	.byte	12                              @ Abbrev [12] 0xcd0:0x35 DW_TAG_structure_type
	.byte	72                              @ DW_AT_byte_size
	.byte	3                               @ DW_AT_decl_file
	.byte	26                              @ DW_AT_decl_line
	.byte	13                              @ Abbrev [13] 0xcd4:0xc DW_TAG_member
	.long	.Linfo_string8                  @ DW_AT_name
	.long	275                             @ DW_AT_type
	.byte	3                               @ DW_AT_decl_file
	.byte	27                              @ DW_AT_decl_line
	.byte	0                               @ DW_AT_data_member_location
	.byte	13                              @ Abbrev [13] 0xce0:0xc DW_TAG_member
	.long	.Linfo_string18                 @ DW_AT_name
	.long	55                              @ DW_AT_type
	.byte	3                               @ DW_AT_decl_file
	.byte	28                              @ DW_AT_decl_line
	.byte	32                              @ DW_AT_data_member_location
	.byte	13                              @ Abbrev [13] 0xcec:0xc DW_TAG_member
	.long	.Linfo_string19                 @ DW_AT_name
	.long	55                              @ DW_AT_type
	.byte	3                               @ DW_AT_decl_file
	.byte	29                              @ DW_AT_decl_line
	.byte	36                              @ DW_AT_data_member_location
	.byte	13                              @ Abbrev [13] 0xcf8:0xc DW_TAG_member
	.long	.Linfo_string21                 @ DW_AT_name
	.long	376                             @ DW_AT_type
	.byte	3                               @ DW_AT_decl_file
	.byte	30                              @ DW_AT_decl_line
	.byte	40                              @ DW_AT_data_member_location
	.byte	0                               @ End Of Children Mark
	.byte	15                              @ Abbrev [15] 0xd05:0x5 DW_TAG_pointer_type
	.long	199                             @ DW_AT_type
	.byte	15                              @ Abbrev [15] 0xd0a:0x5 DW_TAG_pointer_type
	.long	507                             @ DW_AT_type
	.byte	10                              @ Abbrev [10] 0xd0f:0xc DW_TAG_array_type
	.long	476                             @ DW_AT_type
	.byte	11                              @ Abbrev [11] 0xd14:0x6 DW_TAG_subrange_type
	.long	483                             @ DW_AT_type
	.byte	4                               @ DW_AT_count
	.byte	0                               @ End Of Children Mark
	.byte	10                              @ Abbrev [10] 0xd1b:0xc DW_TAG_array_type
	.long	2706                            @ DW_AT_type
	.byte	11                              @ Abbrev [11] 0xd20:0x6 DW_TAG_subrange_type
	.long	483                             @ DW_AT_type
	.byte	4                               @ DW_AT_count
	.byte	0                               @ End Of Children Mark
	.byte	15                              @ Abbrev [15] 0xd27:0x5 DW_TAG_pointer_type
	.long	2511                            @ DW_AT_type
	.byte	30                              @ Abbrev [30] 0xd2c:0x1 DW_TAG_pointer_type
	.byte	10                              @ Abbrev [10] 0xd2d:0xc DW_TAG_array_type
	.long	476                             @ DW_AT_type
	.byte	11                              @ Abbrev [11] 0xd32:0x6 DW_TAG_subrange_type
	.long	483                             @ DW_AT_type
	.byte	3                               @ DW_AT_count
	.byte	0                               @ End Of Children Mark
	.byte	0                               @ End Of Children Mark
.Ldebug_info_end0:
	.section	.debug_ranges,"",%progbits
.Ldebug_ranges0:
	.long	.Lfunc_begin0
	.long	.Lfunc_end0
	.long	.Lfunc_begin1
	.long	.Lfunc_end1
	.long	.Lfunc_begin2
	.long	.Lfunc_end2
	.long	.Lfunc_begin3
	.long	.Lfunc_end3
	.long	.Lfunc_begin4
	.long	.Lfunc_end4
	.long	.Lfunc_begin5
	.long	.Lfunc_end5
	.long	.Lfunc_begin6
	.long	.Lfunc_end6
	.long	.Lfunc_begin7
	.long	.Lfunc_end7
	.long	.Lfunc_begin8
	.long	.Lfunc_end8
	.long	.Lfunc_begin9
	.long	.Lfunc_end9
	.long	.Lfunc_begin10
	.long	.Lfunc_end10
	.long	.Lfunc_begin11
	.long	.Lfunc_end11
	.long	.Lfunc_begin12
	.long	.Lfunc_end12
	.long	0
	.long	0
	.section	.debug_str,"MS",%progbits,1
.Linfo_string0:
	.asciz	"Component: Arm Compiler for Embedded 6.24 Tool: armclang [5f371800]" @ string offset=0
.Linfo_string1:
	.asciz	"../app/src\\chassiss.c"        @ string offset=68
.Linfo_string2:
	.asciz	"D:\\RM_projects\\h7_final_4\\MDK-ARM" @ string offset=90
.Linfo_string3:
	.asciz	"debugflag"                     @ string offset=124
.Linfo_string4:
	.asciz	"unsigned int"                  @ string offset=134
.Linfo_string5:
	.asciz	"uint32_t"                      @ string offset=147
.Linfo_string6:
	.asciz	"orderflag"                     @ string offset=156
.Linfo_string7:
	.asciz	"chassiss_motor"                @ string offset=166
.Linfo_string8:
	.asciz	"data"                          @ string offset=181
.Linfo_string9:
	.asciz	"Angle"                         @ string offset=186
.Linfo_string10:
	.asciz	"double"                        @ string offset=192
.Linfo_string11:
	.asciz	"Speed"                         @ string offset=199
.Linfo_string12:
	.asciz	"RollCureet"                    @ string offset=205
.Linfo_string13:
	.asciz	"TempareTure"                   @ string offset=216
.Linfo_string14:
	.asciz	"unsigned char"                 @ string offset=228
.Linfo_string15:
	.asciz	"uint8_t"                       @ string offset=242
.Linfo_string16:
	.asciz	"Protected"                     @ string offset=250
.Linfo_string17:
	.asciz	"RealMotor_Data"                @ string offset=260
.Linfo_string18:
	.asciz	"fbID"                          @ string offset=275
.Linfo_string19:
	.asciz	"ContrlID"                      @ string offset=280
.Linfo_string20:
	.asciz	"number"                        @ string offset=289
.Linfo_string21:
	.asciz	"motor_contrl"                  @ string offset=296
.Linfo_string22:
	.asciz	"Kp"                            @ string offset=309
.Linfo_string23:
	.asciz	"float"                         @ string offset=312
.Linfo_string24:
	.asciz	"Ki"                            @ string offset=318
.Linfo_string25:
	.asciz	"Kd"                            @ string offset=321
.Linfo_string26:
	.asciz	"error_sum"                     @ string offset=324
.Linfo_string27:
	.asciz	"last_error"                    @ string offset=334
.Linfo_string28:
	.asciz	"OutputMAX"                     @ string offset=345
.Linfo_string29:
	.asciz	"ErrorSumMax"                   @ string offset=355
.Linfo_string30:
	.asciz	"PID_H_POS"                     @ string offset=367
.Linfo_string31:
	.asciz	"DJMotor_hander"                @ string offset=377
.Linfo_string32:
	.asciz	"__ARRAY_SIZE_TYPE__"           @ string offset=392
.Linfo_string33:
	.asciz	"chassis_fdcan"                 @ string offset=412
.Linfo_string34:
	.asciz	"hcan"                          @ string offset=426
.Linfo_string35:
	.asciz	"Instance"                      @ string offset=431
.Linfo_string36:
	.asciz	"CREL"                          @ string offset=440
.Linfo_string37:
	.asciz	"ENDN"                          @ string offset=445
.Linfo_string38:
	.asciz	"RESERVED1"                     @ string offset=450
.Linfo_string39:
	.asciz	"DBTP"                          @ string offset=460
.Linfo_string40:
	.asciz	"TEST"                          @ string offset=465
.Linfo_string41:
	.asciz	"RWD"                           @ string offset=470
.Linfo_string42:
	.asciz	"CCCR"                          @ string offset=474
.Linfo_string43:
	.asciz	"NBTP"                          @ string offset=479
.Linfo_string44:
	.asciz	"TSCC"                          @ string offset=484
.Linfo_string45:
	.asciz	"TSCV"                          @ string offset=489
.Linfo_string46:
	.asciz	"TOCC"                          @ string offset=494
.Linfo_string47:
	.asciz	"TOCV"                          @ string offset=499
.Linfo_string48:
	.asciz	"RESERVED2"                     @ string offset=504
.Linfo_string49:
	.asciz	"ECR"                           @ string offset=514
.Linfo_string50:
	.asciz	"PSR"                           @ string offset=518
.Linfo_string51:
	.asciz	"TDCR"                          @ string offset=522
.Linfo_string52:
	.asciz	"RESERVED3"                     @ string offset=527
.Linfo_string53:
	.asciz	"IR"                            @ string offset=537
.Linfo_string54:
	.asciz	"IE"                            @ string offset=540
.Linfo_string55:
	.asciz	"ILS"                           @ string offset=543
.Linfo_string56:
	.asciz	"ILE"                           @ string offset=547
.Linfo_string57:
	.asciz	"RESERVED4"                     @ string offset=551
.Linfo_string58:
	.asciz	"GFC"                           @ string offset=561
.Linfo_string59:
	.asciz	"SIDFC"                         @ string offset=565
.Linfo_string60:
	.asciz	"XIDFC"                         @ string offset=571
.Linfo_string61:
	.asciz	"RESERVED5"                     @ string offset=577
.Linfo_string62:
	.asciz	"XIDAM"                         @ string offset=587
.Linfo_string63:
	.asciz	"HPMS"                          @ string offset=593
.Linfo_string64:
	.asciz	"NDAT1"                         @ string offset=598
.Linfo_string65:
	.asciz	"NDAT2"                         @ string offset=604
.Linfo_string66:
	.asciz	"RXF0C"                         @ string offset=610
.Linfo_string67:
	.asciz	"RXF0S"                         @ string offset=616
.Linfo_string68:
	.asciz	"RXF0A"                         @ string offset=622
.Linfo_string69:
	.asciz	"RXBC"                          @ string offset=628
.Linfo_string70:
	.asciz	"RXF1C"                         @ string offset=633
.Linfo_string71:
	.asciz	"RXF1S"                         @ string offset=639
.Linfo_string72:
	.asciz	"RXF1A"                         @ string offset=645
.Linfo_string73:
	.asciz	"RXESC"                         @ string offset=651
.Linfo_string74:
	.asciz	"TXBC"                          @ string offset=657
.Linfo_string75:
	.asciz	"TXFQS"                         @ string offset=662
.Linfo_string76:
	.asciz	"TXESC"                         @ string offset=668
.Linfo_string77:
	.asciz	"TXBRP"                         @ string offset=674
.Linfo_string78:
	.asciz	"TXBAR"                         @ string offset=680
.Linfo_string79:
	.asciz	"TXBCR"                         @ string offset=686
.Linfo_string80:
	.asciz	"TXBTO"                         @ string offset=692
.Linfo_string81:
	.asciz	"TXBCF"                         @ string offset=698
.Linfo_string82:
	.asciz	"TXBTIE"                        @ string offset=704
.Linfo_string83:
	.asciz	"TXBCIE"                        @ string offset=711
.Linfo_string84:
	.asciz	"RESERVED6"                     @ string offset=718
.Linfo_string85:
	.asciz	"TXEFC"                         @ string offset=728
.Linfo_string86:
	.asciz	"TXEFS"                         @ string offset=734
.Linfo_string87:
	.asciz	"TXEFA"                         @ string offset=740
.Linfo_string88:
	.asciz	"RESERVED7"                     @ string offset=746
.Linfo_string89:
	.asciz	"FDCAN_GlobalTypeDef"           @ string offset=756
.Linfo_string90:
	.asciz	"ttcan"                         @ string offset=776
.Linfo_string91:
	.asciz	"TTTMC"                         @ string offset=782
.Linfo_string92:
	.asciz	"TTRMC"                         @ string offset=788
.Linfo_string93:
	.asciz	"TTOCF"                         @ string offset=794
.Linfo_string94:
	.asciz	"TTMLM"                         @ string offset=800
.Linfo_string95:
	.asciz	"TURCF"                         @ string offset=806
.Linfo_string96:
	.asciz	"TTOCN"                         @ string offset=812
.Linfo_string97:
	.asciz	"TTGTP"                         @ string offset=818
.Linfo_string98:
	.asciz	"TTTMK"                         @ string offset=824
.Linfo_string99:
	.asciz	"TTIR"                          @ string offset=830
.Linfo_string100:
	.asciz	"TTIE"                          @ string offset=835
.Linfo_string101:
	.asciz	"TTILS"                         @ string offset=840
.Linfo_string102:
	.asciz	"TTOST"                         @ string offset=846
.Linfo_string103:
	.asciz	"TURNA"                         @ string offset=852
.Linfo_string104:
	.asciz	"TTLGT"                         @ string offset=858
.Linfo_string105:
	.asciz	"TTCTC"                         @ string offset=864
.Linfo_string106:
	.asciz	"TTCPT"                         @ string offset=870
.Linfo_string107:
	.asciz	"TTCSM"                         @ string offset=876
.Linfo_string108:
	.asciz	"TTTS"                          @ string offset=882
.Linfo_string109:
	.asciz	"TTCAN_TypeDef"                 @ string offset=887
.Linfo_string110:
	.asciz	"Init"                          @ string offset=901
.Linfo_string111:
	.asciz	"FrameFormat"                   @ string offset=906
.Linfo_string112:
	.asciz	"Mode"                          @ string offset=918
.Linfo_string113:
	.asciz	"AutoRetransmission"            @ string offset=923
.Linfo_string114:
	.asciz	"DISABLE"                       @ string offset=942
.Linfo_string115:
	.asciz	"ENABLE"                        @ string offset=950
.Linfo_string116:
	.asciz	"FunctionalState"               @ string offset=957
.Linfo_string117:
	.asciz	"TransmitPause"                 @ string offset=973
.Linfo_string118:
	.asciz	"ProtocolException"             @ string offset=987
.Linfo_string119:
	.asciz	"NominalPrescaler"              @ string offset=1005
.Linfo_string120:
	.asciz	"NominalSyncJumpWidth"          @ string offset=1022
.Linfo_string121:
	.asciz	"NominalTimeSeg1"               @ string offset=1043
.Linfo_string122:
	.asciz	"NominalTimeSeg2"               @ string offset=1059
.Linfo_string123:
	.asciz	"DataPrescaler"                 @ string offset=1075
.Linfo_string124:
	.asciz	"DataSyncJumpWidth"             @ string offset=1089
.Linfo_string125:
	.asciz	"DataTimeSeg1"                  @ string offset=1107
.Linfo_string126:
	.asciz	"DataTimeSeg2"                  @ string offset=1120
.Linfo_string127:
	.asciz	"MessageRAMOffset"              @ string offset=1133
.Linfo_string128:
	.asciz	"StdFiltersNbr"                 @ string offset=1150
.Linfo_string129:
	.asciz	"ExtFiltersNbr"                 @ string offset=1164
.Linfo_string130:
	.asciz	"RxFifo0ElmtsNbr"               @ string offset=1178
.Linfo_string131:
	.asciz	"RxFifo0ElmtSize"               @ string offset=1194
.Linfo_string132:
	.asciz	"RxFifo1ElmtsNbr"               @ string offset=1210
.Linfo_string133:
	.asciz	"RxFifo1ElmtSize"               @ string offset=1226
.Linfo_string134:
	.asciz	"RxBuffersNbr"                  @ string offset=1242
.Linfo_string135:
	.asciz	"RxBufferSize"                  @ string offset=1255
.Linfo_string136:
	.asciz	"TxEventsNbr"                   @ string offset=1268
.Linfo_string137:
	.asciz	"TxBuffersNbr"                  @ string offset=1280
.Linfo_string138:
	.asciz	"TxFifoQueueElmtsNbr"           @ string offset=1293
.Linfo_string139:
	.asciz	"TxFifoQueueMode"               @ string offset=1313
.Linfo_string140:
	.asciz	"TxElmtSize"                    @ string offset=1329
.Linfo_string141:
	.asciz	"FDCAN_InitTypeDef"             @ string offset=1340
.Linfo_string142:
	.asciz	"msgRam"                        @ string offset=1358
.Linfo_string143:
	.asciz	"StandardFilterSA"              @ string offset=1365
.Linfo_string144:
	.asciz	"ExtendedFilterSA"              @ string offset=1382
.Linfo_string145:
	.asciz	"RxFIFO0SA"                     @ string offset=1399
.Linfo_string146:
	.asciz	"RxFIFO1SA"                     @ string offset=1409
.Linfo_string147:
	.asciz	"RxBufferSA"                    @ string offset=1419
.Linfo_string148:
	.asciz	"TxEventFIFOSA"                 @ string offset=1430
.Linfo_string149:
	.asciz	"TxBufferSA"                    @ string offset=1444
.Linfo_string150:
	.asciz	"TxFIFOQSA"                     @ string offset=1455
.Linfo_string151:
	.asciz	"TTMemorySA"                    @ string offset=1465
.Linfo_string152:
	.asciz	"EndAddress"                    @ string offset=1476
.Linfo_string153:
	.asciz	"FDCAN_MsgRamAddressTypeDef"    @ string offset=1487
.Linfo_string154:
	.asciz	"LatestTxFifoQRequest"          @ string offset=1514
.Linfo_string155:
	.asciz	"State"                         @ string offset=1535
.Linfo_string156:
	.asciz	"HAL_FDCAN_STATE_RESET"         @ string offset=1541
.Linfo_string157:
	.asciz	"HAL_FDCAN_STATE_READY"         @ string offset=1563
.Linfo_string158:
	.asciz	"HAL_FDCAN_STATE_BUSY"          @ string offset=1585
.Linfo_string159:
	.asciz	"HAL_FDCAN_STATE_ERROR"         @ string offset=1606
.Linfo_string160:
	.asciz	"HAL_FDCAN_StateTypeDef"        @ string offset=1628
.Linfo_string161:
	.asciz	"Lock"                          @ string offset=1651
.Linfo_string162:
	.asciz	"HAL_UNLOCKED"                  @ string offset=1656
.Linfo_string163:
	.asciz	"HAL_LOCKED"                    @ string offset=1669
.Linfo_string164:
	.asciz	"HAL_LockTypeDef"               @ string offset=1680
.Linfo_string165:
	.asciz	"ErrorCode"                     @ string offset=1696
.Linfo_string166:
	.asciz	"FDCAN_HandleTypeDef"           @ string offset=1706
.Linfo_string167:
	.asciz	"Header"                        @ string offset=1726
.Linfo_string168:
	.asciz	"Identifier"                    @ string offset=1733
.Linfo_string169:
	.asciz	"IdType"                        @ string offset=1744
.Linfo_string170:
	.asciz	"TxFrameType"                   @ string offset=1751
.Linfo_string171:
	.asciz	"DataLength"                    @ string offset=1763
.Linfo_string172:
	.asciz	"ErrorStateIndicator"           @ string offset=1774
.Linfo_string173:
	.asciz	"BitRateSwitch"                 @ string offset=1794
.Linfo_string174:
	.asciz	"FDFormat"                      @ string offset=1808
.Linfo_string175:
	.asciz	"TxEventFifoControl"            @ string offset=1817
.Linfo_string176:
	.asciz	"MessageMarker"                 @ string offset=1836
.Linfo_string177:
	.asciz	"FDCAN_TxHeaderTypeDef"         @ string offset=1850
.Linfo_string178:
	.asciz	"Data"                          @ string offset=1872
.Linfo_string179:
	.asciz	"FDCAN_TxFrame_TypeDef"         @ string offset=1877
.Linfo_string180:
	.asciz	"chassissmotor_contrl"          @ string offset=1899
.Linfo_string181:
	.asciz	"Reverso_Chassiss"              @ string offset=1920
.Linfo_string182:
	.asciz	"motors"                        @ string offset=1937
.Linfo_string183:
	.asciz	"status"                        @ string offset=1944
.Linfo_string184:
	.asciz	"phase_difference"              @ string offset=1951
.Linfo_string185:
	.asciz	"VX"                            @ string offset=1968
.Linfo_string186:
	.asciz	"VY"                            @ string offset=1971
.Linfo_string187:
	.asciz	"W"                             @ string offset=1974
.Linfo_string188:
	.asciz	"chassiss_status"               @ string offset=1976
.Linfo_string189:
	.asciz	"chassisspower"                 @ string offset=1992
.Linfo_string190:
	.asciz	"Ka"                            @ string offset=2006
.Linfo_string191:
	.asciz	"Kb"                            @ string offset=2009
.Linfo_string192:
	.asciz	"const_value"                   @ string offset=2012
.Linfo_string193:
	.asciz	"torque_constant"               @ string offset=2024
.Linfo_string194:
	.asciz	"Power_K"                       @ string offset=2040
.Linfo_string195:
	.asciz	"chassis_handler"               @ string offset=2048
.Linfo_string196:
	.asciz	"short"                         @ string offset=2064
.Linfo_string197:
	.asciz	"int16_t"                       @ string offset=2070
.Linfo_string198:
	.asciz	"Chassis_status_Init"           @ string offset=2078
.Linfo_string199:
	.asciz	"chassiss_DJMotors_Init"        @ string offset=2098
.Linfo_string200:
	.asciz	"Chassiss_power_Init"           @ string offset=2121
.Linfo_string201:
	.asciz	"chassiss_Motors_Init"          @ string offset=2141
.Linfo_string202:
	.asciz	"chassiscan_init"               @ string offset=2162
.Linfo_string203:
	.asciz	"Chassiss_Drive"                @ string offset=2178
.Linfo_string204:
	.asciz	"Chassiss_Slove"                @ string offset=2193
.Linfo_string205:
	.asciz	"Chassiss_Init"                 @ string offset=2208
.Linfo_string206:
	.asciz	"Chassiss_Inverse_Slove"        @ string offset=2222
.Linfo_string207:
	.asciz	"chassis_relative_ptzupdate"    @ string offset=2245
.Linfo_string208:
	.asciz	"speedptztochassis"             @ string offset=2272
.Linfo_string209:
	.asciz	"chassiss_disabled"             @ string offset=2290
.Linfo_string210:
	.asciz	"ChassisTask03"                 @ string offset=2308
.Linfo_string211:
	.asciz	"POWERS"                        @ string offset=2322
.Linfo_string212:
	.asciz	"Motor_hander"                  @ string offset=2329
.Linfo_string213:
	.asciz	"targetspeed"                   @ string offset=2342
.Linfo_string214:
	.asciz	"motordata"                     @ string offset=2354
.Linfo_string215:
	.asciz	"Txframe"                       @ string offset=2364
.Linfo_string216:
	.asciz	"speedsloved"                   @ string offset=2372
.Linfo_string217:
	.asciz	"speedinto"                     @ string offset=2384
.Linfo_string218:
	.asciz	"i"                             @ string offset=2394
.Linfo_string219:
	.asciz	"WR"                            @ string offset=2396
.Linfo_string220:
	.asciz	"speed"                         @ string offset=2399
.Linfo_string221:
	.asciz	"chassiss"                      @ string offset=2405
.Linfo_string222:
	.asciz	"speeds"                        @ string offset=2414
.Linfo_string223:
	.asciz	"ptzvx"                         @ string offset=2421
.Linfo_string224:
	.asciz	"ptzvy"                         @ string offset=2427
.Linfo_string225:
	.asciz	"chavx"                         @ string offset=2433
.Linfo_string226:
	.asciz	"chavy"                         @ string offset=2439
.Linfo_string227:
	.asciz	"argument"                      @ string offset=2445
.Linfo_string228:
	.asciz	"target"                        @ string offset=2454
	.ident	"Component: Arm Compiler for Embedded 6.24 Tool: armclang [5f371800]"
	.section	".note.GNU-stack","",%progbits
	.eabi_attribute	30, 6	@ Tag_ABI_optimization_goals
	.ARM_attribute	16, 1	@ Tag_AV_eba
	.section	.debug_line,"",%progbits
.Lline_table_start0:
