	.text
	.syntax unified
	.eabi_attribute	67, "2.09"	@ Tag_conformance
	.cpu	cortex-m7
	.eabi_attribute	6, 13	@ Tag_CPU_arch
	.eabi_attribute	7, 77	@ Tag_CPU_arch_profile
	.eabi_attribute	8, 0	@ Tag_ARM_ISA_use
	.eabi_attribute	9, 2	@ Tag_THUMB_ISA_use
	.fpu	fpv5-d16
	.eabi_attribute	36, 1	@ Tag_FP_HP_extension
	.eabi_attribute	34, 1	@ Tag_CPU_unaligned_access
	.eabi_attribute	17, 1	@ Tag_ABI_PCS_GOT_use
	.eabi_attribute	20, 2	@ Tag_ABI_FP_denormal
	.eabi_attribute	21, 0	@ Tag_ABI_FP_exceptions
	.eabi_attribute	23, 1	@ Tag_ABI_FP_number_model
	.eabi_attribute	24, 1	@ Tag_ABI_align_needed
	.eabi_attribute	25, 1	@ Tag_ABI_align_preserved
	.eabi_attribute	28, 1	@ Tag_ABI_VFP_args
	.eabi_attribute	38, 1	@ Tag_ABI_FP_16bit_format
	.eabi_attribute	18, 2	@ Tag_ABI_PCS_wchar_t
	.eabi_attribute	26, 1	@ Tag_ABI_enum_size
	.eabi_attribute	14, 0	@ Tag_ABI_PCS_R9_use
	.file	"main.c"
	.file	1 "D:\\RM_projects\\h7_final_4\\MDK-ARM" "../Drivers/STM32H7xx_HAL_Driver/Inc\\stm32h7xx_hal_def.h"
	.file	2 "D:\\RM_projects\\h7_final_4\\MDK-ARM" "../Drivers/STM32H7xx_HAL_Driver/Inc\\stm32h7xx_hal_tim.h"
	.file	3 "D:\\RM_projects\\h7_final_4\\MDK-ARM" "../Drivers/STM32H7xx_HAL_Driver/Inc\\stm32h7xx_hal_dma.h"
	.file	4 "D:\\keil_1\\keil\\ARM\\ARMCLANG\\bin\\..\\include" "stdint.h"
	.file	5 "D:\\RM_projects\\h7_final_4\\MDK-ARM" "../Drivers/CMSIS/Device/ST/STM32H7xx/Include\\stm32h723xx.h"
	.section	.text.main,"ax",%progbits
	.hidden	main                            @ -- Begin function main
	.globl	main
	.p2align	3
	.type	main,%function
	.code	16                              @ @main
	.thumb_func
main:
.Lfunc_begin0:
	.file	6 "D:\\RM_projects\\h7_final_4\\MDK-ARM" "../Core/Src/main.c"
	.loc	6 75 0                          @ ../Core/Src/main.c:75:0
	.fnstart
	.cfi_sections .debug_frame
	.cfi_startproc
@ %bb.0:
	.save	{r7, lr}
	push	{r7, lr}
	.cfi_def_cfa_offset 8
	.cfi_offset lr, -4
	.cfi_offset r7, -8
	.pad	#8
	sub	sp, #8
	.cfi_def_cfa_offset 16
	movs	r0, #0
	str	r0, [sp, #4]
.Ltmp0:
	.loc	6 84 3 prologue_end             @ ../Core/Src/main.c:84:3
	bl	HAL_Init
	.loc	6 91 3                          @ ../Core/Src/main.c:91:3
	bl	SystemClock_Config
	.loc	6 94 3                          @ ../Core/Src/main.c:94:3
	bl	PeriphCommonClock_Config
	.loc	6 101 3                         @ ../Core/Src/main.c:101:3
	bl	MX_GPIO_Init
	.loc	6 102 3                         @ ../Core/Src/main.c:102:3
	bl	MX_DMA_Init
	.loc	6 103 3                         @ ../Core/Src/main.c:103:3
	bl	MX_FDCAN1_Init
	.loc	6 104 3                         @ ../Core/Src/main.c:104:3
	bl	MX_FDCAN2_Init
	.loc	6 105 3                         @ ../Core/Src/main.c:105:3
	bl	MX_UART5_Init
	.loc	6 106 3                         @ ../Core/Src/main.c:106:3
	bl	MX_SPI2_Init
	.loc	6 107 3                         @ ../Core/Src/main.c:107:3
	bl	MX_TIM3_Init
	.loc	6 108 3                         @ ../Core/Src/main.c:108:3
	bl	MX_TIM6_Init
	.loc	6 110 1                         @ ../Core/Src/main.c:110:1
	movw	r0, :lower16:huart5
	movt	r0, :upper16:huart5
	bl	uart_init_bsp
	.loc	6 112 1                         @ ../Core/Src/main.c:112:1
	movw	r0, :lower16:hfdcan1
	movt	r0, :upper16:hfdcan1
	bl	Fdcan_FilterInit
	.loc	6 113 1                         @ ../Core/Src/main.c:113:1
	movw	r0, :lower16:hfdcan2
	movt	r0, :upper16:hfdcan2
	bl	Fdcan_FilterInit
	.loc	6 117 3                         @ ../Core/Src/main.c:117:3
	bl	osKernelInitialize
	.loc	6 118 3                         @ ../Core/Src/main.c:118:3
	bl	MX_FREERTOS_Init
	.loc	6 121 3                         @ ../Core/Src/main.c:121:3
	bl	osKernelStart
	.loc	6 127 3                         @ ../Core/Src/main.c:127:3
	b	.LBB0_1
.LBB0_1:                                @ =>This Inner Loop Header: Depth=1
	b	.LBB0_1
.Ltmp1:
.Lfunc_end0:
	.size	main, .Lfunc_end0-main
	.cfi_endproc
	.cantunwind
	.fnend
                                        @ -- End function
	.section	.text.SystemClock_Config,"ax",%progbits
	.hidden	SystemClock_Config              @ -- Begin function SystemClock_Config
	.globl	SystemClock_Config
	.p2align	3
	.type	SystemClock_Config,%function
	.code	16                              @ @SystemClock_Config
	.thumb_func
SystemClock_Config:
.Lfunc_begin1:
	.loc	6 141 0                         @ ../Core/Src/main.c:141:0
	.fnstart
	.cfi_startproc
@ %bb.0:
	.save	{r7, lr}
	push	{r7, lr}
	.cfi_def_cfa_offset 8
	.cfi_offset lr, -4
	.cfi_offset r7, -8
	.pad	#120
	sub	sp, #120
	.cfi_def_cfa_offset 128
	add	r0, sp, #44
	movs	r1, #76
.Ltmp2:
	.loc	6 142 22 prologue_end           @ ../Core/Src/main.c:142:22
	bl	__aeabi_memclr4
	movs	r0, #0
	.loc	6 143 22                        @ ../Core/Src/main.c:143:22
	str	r0, [sp, #4]                    @ 4-byte Spill
	str	r0, [sp, #40]
	str	r0, [sp, #36]
	str	r0, [sp, #32]
	str	r0, [sp, #28]
	str	r0, [sp, #24]
	str	r0, [sp, #20]
	str	r0, [sp, #16]
	str	r0, [sp, #12]
	movs	r0, #2
	.loc	6 147 3                         @ ../Core/Src/main.c:147:3
	bl	HAL_PWREx_ConfigSupply
	.loc	6 151 3                         @ ../Core/Src/main.c:151:3
	b	.LBB1_1
.LBB1_1:
	.loc	6 0 3 is_stmt 0                 @ ../Core/Src/main.c:0:3
	movs	r0, #0
.Ltmp3:
	.loc	6 151 3                         @ ../Core/Src/main.c:151:3
	str	r0, [sp, #8]
	movw	r0, #18456
	movt	r0, #22530
	ldr	r1, [r0]
	bic	r1, r1, #49152
	str	r1, [r0]
	ldr	r0, [r0]
	and	r0, r0, #49152
	str	r0, [sp, #8]
	ldr	r0, [sp, #8]
	b	.LBB1_2
.Ltmp4:
.LBB1_2:
	.loc	6 153 3 is_stmt 1               @ ../Core/Src/main.c:153:3
	b	.LBB1_3
.LBB1_3:                                @ =>This Inner Loop Header: Depth=1
	.loc	6 0 3 is_stmt 0                 @ ../Core/Src/main.c:0:3
	movw	r0, #18456
	movt	r0, #22530
	.loc	6 153 10                        @ ../Core/Src/main.c:153:10
	ldr	r0, [r0]
	and	r0, r0, #8192
	.loc	6 153 3                         @ ../Core/Src/main.c:153:3
	cmp.w	r0, #8192
	beq	.LBB1_5
	b	.LBB1_4
.LBB1_4:                                @   in Loop: Header=BB1_3 Depth=1
	b	.LBB1_3
.LBB1_5:
	.loc	6 0 3                           @ ../Core/Src/main.c:0:3
	movs	r1, #1
	.loc	6 158 36 is_stmt 1              @ ../Core/Src/main.c:158:36
	str	r1, [sp, #44]
	mov.w	r0, #65536
	.loc	6 159 30                        @ ../Core/Src/main.c:159:30
	str	r0, [sp, #48]
	movs	r0, #2
	.loc	6 160 34                        @ ../Core/Src/main.c:160:34
	str	r0, [sp, #80]
	.loc	6 161 35                        @ ../Core/Src/main.c:161:35
	str	r0, [sp, #84]
	movs	r2, #3
	.loc	6 162 30                        @ ../Core/Src/main.c:162:30
	str	r2, [sp, #88]
	movs	r2, #68
	.loc	6 163 30                        @ ../Core/Src/main.c:163:30
	str	r2, [sp, #92]
	.loc	6 164 30                        @ ../Core/Src/main.c:164:30
	str	r1, [sp, #96]
	movs	r1, #4
	.loc	6 165 30                        @ ../Core/Src/main.c:165:30
	str	r1, [sp, #100]
	.loc	6 166 30                        @ ../Core/Src/main.c:166:30
	str	r0, [sp, #104]
	movs	r0, #12
	.loc	6 167 32                        @ ../Core/Src/main.c:167:32
	str	r0, [sp, #108]
	movs	r0, #0
	.loc	6 168 35                        @ ../Core/Src/main.c:168:35
	str	r0, [sp, #112]
	mov.w	r0, #6144
	.loc	6 169 34                        @ ../Core/Src/main.c:169:34
	str	r0, [sp, #116]
	add	r0, sp, #44
.Ltmp5:
	.loc	6 170 7                         @ ../Core/Src/main.c:170:7
	bl	HAL_RCC_OscConfig
.Ltmp6:
	.loc	6 170 7 is_stmt 0               @ ../Core/Src/main.c:170:7
	cbz	r0, .LBB1_7
	b	.LBB1_6
.LBB1_6:
.Ltmp7:
	.loc	6 172 5 is_stmt 1               @ ../Core/Src/main.c:172:5
	bl	Error_Handler
	.loc	6 173 3                         @ ../Core/Src/main.c:173:3
	b	.LBB1_7
.Ltmp8:
.LBB1_7:
	.loc	6 0 3 is_stmt 0                 @ ../Core/Src/main.c:0:3
	movs	r0, #63
	.loc	6 177 31 is_stmt 1              @ ../Core/Src/main.c:177:31
	str	r0, [sp, #12]
	movs	r1, #3
	.loc	6 180 34                        @ ../Core/Src/main.c:180:34
	str	r1, [sp, #16]
	movs	r0, #0
	.loc	6 181 35                        @ ../Core/Src/main.c:181:35
	str	r0, [sp, #20]
	movs	r0, #8
	.loc	6 182 35                        @ ../Core/Src/main.c:182:35
	str	r0, [sp, #24]
	movs	r0, #64
	.loc	6 183 36                        @ ../Core/Src/main.c:183:36
	str	r0, [sp, #28]
	.loc	6 184 36                        @ ../Core/Src/main.c:184:36
	str	r0, [sp, #32]
	mov.w	r2, #1024
	.loc	6 185 36                        @ ../Core/Src/main.c:185:36
	str	r2, [sp, #36]
	.loc	6 186 36                        @ ../Core/Src/main.c:186:36
	str	r0, [sp, #40]
	add	r0, sp, #12
.Ltmp9:
	.loc	6 188 7                         @ ../Core/Src/main.c:188:7
	bl	HAL_RCC_ClockConfig
.Ltmp10:
	.loc	6 188 7 is_stmt 0               @ ../Core/Src/main.c:188:7
	cbz	r0, .LBB1_9
	b	.LBB1_8
.LBB1_8:
.Ltmp11:
	.loc	6 190 5 is_stmt 1               @ ../Core/Src/main.c:190:5
	bl	Error_Handler
	.loc	6 191 3                         @ ../Core/Src/main.c:191:3
	b	.LBB1_9
.Ltmp12:
.LBB1_9:
	.loc	6 192 1 epilogue_begin          @ ../Core/Src/main.c:192:1
	add	sp, #120
	pop	{r7, pc}
.Ltmp13:
.Lfunc_end1:
	.size	SystemClock_Config, .Lfunc_end1-SystemClock_Config
	.cfi_endproc
	.cantunwind
	.fnend
                                        @ -- End function
	.section	.text.PeriphCommonClock_Config,"ax",%progbits
	.hidden	PeriphCommonClock_Config        @ -- Begin function PeriphCommonClock_Config
	.globl	PeriphCommonClock_Config
	.p2align	3
	.type	PeriphCommonClock_Config,%function
	.code	16                              @ @PeriphCommonClock_Config
	.thumb_func
PeriphCommonClock_Config:
.Lfunc_begin2:
	.loc	6 199 0                         @ ../Core/Src/main.c:199:0
	.fnstart
	.cfi_startproc
@ %bb.0:
	.save	{r7, lr}
	push	{r7, lr}
	.cfi_def_cfa_offset 8
	.cfi_offset lr, -4
	.cfi_offset r7, -8
	.pad	#192
	sub	sp, #192
	.cfi_def_cfa_offset 200
	add	r0, sp, #8
	str	r0, [sp, #4]                    @ 4-byte Spill
	movs	r1, #184
.Ltmp14:
	.loc	6 200 28 prologue_end           @ ../Core/Src/main.c:200:28
	bl	__aeabi_memclr8
	ldr	r0, [sp, #4]                    @ 4-byte Reload
	movs	r1, #0
	.loc	6 204 44                        @ ../Core/Src/main.c:204:44
	str	r1, [sp, #12]
	mov.w	r2, #32768
	str	r2, [sp, #8]
	movs	r2, #16
	.loc	6 205 34                        @ ../Core/Src/main.c:205:34
	str	r2, [sp, #16]
	movs	r2, #120
	.loc	6 206 34                        @ ../Core/Src/main.c:206:34
	str	r2, [sp, #20]
	movs	r2, #2
	.loc	6 207 34                        @ ../Core/Src/main.c:207:34
	str	r2, [sp, #24]
	movs	r3, #3
	.loc	6 208 34                        @ ../Core/Src/main.c:208:34
	str	r3, [sp, #28]
	.loc	6 209 34                        @ ../Core/Src/main.c:209:34
	str	r2, [sp, #32]
	.loc	6 210 36                        @ ../Core/Src/main.c:210:36
	str	r1, [sp, #36]
	movs	r2, #32
	.loc	6 211 39                        @ ../Core/Src/main.c:211:39
	str	r2, [sp, #40]
	.loc	6 212 38                        @ ../Core/Src/main.c:212:38
	str	r1, [sp, #44]
	mov.w	r1, #536870912
	.loc	6 213 43                        @ ../Core/Src/main.c:213:43
	str	r1, [sp, #116]
.Ltmp15:
	.loc	6 214 7                         @ ../Core/Src/main.c:214:7
	bl	HAL_RCCEx_PeriphCLKConfig
.Ltmp16:
	.loc	6 214 7 is_stmt 0               @ ../Core/Src/main.c:214:7
	cbz	r0, .LBB2_2
	b	.LBB2_1
.LBB2_1:
.Ltmp17:
	.loc	6 216 5 is_stmt 1               @ ../Core/Src/main.c:216:5
	bl	Error_Handler
	.loc	6 217 3                         @ ../Core/Src/main.c:217:3
	b	.LBB2_2
.Ltmp18:
.LBB2_2:
	.loc	6 218 1 epilogue_begin          @ ../Core/Src/main.c:218:1
	add	sp, #192
	pop	{r7, pc}
.Ltmp19:
.Lfunc_end2:
	.size	PeriphCommonClock_Config, .Lfunc_end2-PeriphCommonClock_Config
	.cfi_endproc
	.cantunwind
	.fnend
                                        @ -- End function
	.section	.text.Error_Handler,"ax",%progbits
	.hidden	Error_Handler                   @ -- Begin function Error_Handler
	.globl	Error_Handler
	.p2align	3
	.type	Error_Handler,%function
	.code	16                              @ @Error_Handler
	.thumb_func
Error_Handler:
.Lfunc_begin3:
	.fnstart
	.cfi_startproc
@ %bb.0:
	.file	7 "D:\\RM_projects\\h7_final_4\\MDK-ARM" "../Drivers/CMSIS/Include\\cmsis_armclang.h"
	.loc	7 752 3 prologue_end            @ ../Drivers/CMSIS/Include\cmsis_armclang.h:752:3
	@APP
	cpsid i
	@NO_APP
.Ltmp20:
	.loc	6 255 3                         @ ../Core/Src/main.c:255:3
	b	.LBB3_1
.LBB3_1:                                @ =>This Inner Loop Header: Depth=1
	b	.LBB3_1
.Ltmp21:
.Lfunc_end3:
	.size	Error_Handler, .Lfunc_end3-Error_Handler
	.cfi_endproc
	.cantunwind
	.fnend
                                        @ -- End function
	.section	.text.HAL_TIM_PeriodElapsedCallback,"ax",%progbits
	.hidden	HAL_TIM_PeriodElapsedCallback   @ -- Begin function HAL_TIM_PeriodElapsedCallback
	.globl	HAL_TIM_PeriodElapsedCallback
	.p2align	3
	.type	HAL_TIM_PeriodElapsedCallback,%function
	.code	16                              @ @HAL_TIM_PeriodElapsedCallback
	.thumb_func
HAL_TIM_PeriodElapsedCallback:
.Lfunc_begin4:
	.loc	6 233 0                         @ ../Core/Src/main.c:233:0
	.fnstart
	.cfi_startproc
@ %bb.0:
	.save	{r7, lr}
	push	{r7, lr}
	.cfi_def_cfa_offset 8
	.cfi_offset lr, -4
	.cfi_offset r7, -8
	.pad	#8
	sub	sp, #8
	.cfi_def_cfa_offset 16
	str	r0, [sp, #4]
.Ltmp22:
	.loc	6 237 7 prologue_end            @ ../Core/Src/main.c:237:7
	ldr	r0, [sp, #4]
	.loc	6 237 13 is_stmt 0              @ ../Core/Src/main.c:237:13
	ldr	r0, [r0]
.Ltmp23:
	.loc	6 237 7                         @ ../Core/Src/main.c:237:7
	cmp.w	r0, #1073741824
	bne	.LBB4_2
	b	.LBB4_1
.LBB4_1:
.Ltmp24:
	.loc	6 239 5 is_stmt 1               @ ../Core/Src/main.c:239:5
	bl	HAL_IncTick
	.loc	6 240 3                         @ ../Core/Src/main.c:240:3
	b	.LBB4_2
.Ltmp25:
.LBB4_2:
	.loc	6 244 1 epilogue_begin          @ ../Core/Src/main.c:244:1
	add	sp, #8
	pop	{r7, pc}
.Ltmp26:
.Lfunc_end4:
	.size	HAL_TIM_PeriodElapsedCallback, .Lfunc_end4-HAL_TIM_PeriodElapsedCallback
	.cfi_endproc
	.cantunwind
	.fnend
                                        @ -- End function
	.type	__ARM_use_no_argv,%object       @ @__ARM_use_no_argv
	.section	.ARM.use_no_argv,"awR",%progbits,unique,1
	.globl	__ARM_use_no_argv
	.p2align	2, 0x0
__ARM_use_no_argv:
	.long	1                               @ 0x1
	.size	__ARM_use_no_argv, 4

	.file	8 "D:\\RM_projects\\h7_final_4\\MDK-ARM" "../Drivers/STM32H7xx_HAL_Driver/Inc\\stm32h7xx_hal_rcc.h"
	.file	9 "D:\\RM_projects\\h7_final_4\\MDK-ARM" "../Drivers/STM32H7xx_HAL_Driver/Inc\\stm32h7xx_hal_rcc_ex.h"
	.section	.debug_abbrev,"",%progbits
	.byte	1                               @ Abbreviation Code
	.byte	17                              @ DW_TAG_compile_unit
	.byte	1                               @ DW_CHILDREN_yes
	.byte	37                              @ DW_AT_producer
	.byte	14                              @ DW_FORM_strp
	.byte	19                              @ DW_AT_language
	.byte	5                               @ DW_FORM_data2
	.byte	3                               @ DW_AT_name
	.byte	14                              @ DW_FORM_strp
	.byte	16                              @ DW_AT_stmt_list
	.byte	23                              @ DW_FORM_sec_offset
	.byte	27                              @ DW_AT_comp_dir
	.byte	14                              @ DW_FORM_strp
	.byte	17                              @ DW_AT_low_pc
	.byte	1                               @ DW_FORM_addr
	.byte	85                              @ DW_AT_ranges
	.byte	23                              @ DW_FORM_sec_offset
	.byte	0                               @ EOM(1)
	.byte	0                               @ EOM(2)
	.byte	2                               @ Abbreviation Code
	.byte	4                               @ DW_TAG_enumeration_type
	.byte	1                               @ DW_CHILDREN_yes
	.byte	73                              @ DW_AT_type
	.byte	19                              @ DW_FORM_ref4
	.byte	11                              @ DW_AT_byte_size
	.byte	11                              @ DW_FORM_data1
	.byte	58                              @ DW_AT_decl_file
	.byte	11                              @ DW_FORM_data1
	.byte	59                              @ DW_AT_decl_line
	.byte	11                              @ DW_FORM_data1
	.byte	0                               @ EOM(1)
	.byte	0                               @ EOM(2)
	.byte	3                               @ Abbreviation Code
	.byte	40                              @ DW_TAG_enumerator
	.byte	0                               @ DW_CHILDREN_no
	.byte	3                               @ DW_AT_name
	.byte	14                              @ DW_FORM_strp
	.byte	28                              @ DW_AT_const_value
	.byte	15                              @ DW_FORM_udata
	.byte	0                               @ EOM(1)
	.byte	0                               @ EOM(2)
	.byte	4                               @ Abbreviation Code
	.byte	36                              @ DW_TAG_base_type
	.byte	0                               @ DW_CHILDREN_no
	.byte	3                               @ DW_AT_name
	.byte	14                              @ DW_FORM_strp
	.byte	62                              @ DW_AT_encoding
	.byte	11                              @ DW_FORM_data1
	.byte	11                              @ DW_AT_byte_size
	.byte	11                              @ DW_FORM_data1
	.byte	0                               @ EOM(1)
	.byte	0                               @ EOM(2)
	.byte	5                               @ Abbreviation Code
	.byte	4                               @ DW_TAG_enumeration_type
	.byte	1                               @ DW_CHILDREN_yes
	.byte	73                              @ DW_AT_type
	.byte	19                              @ DW_FORM_ref4
	.byte	11                              @ DW_AT_byte_size
	.byte	11                              @ DW_FORM_data1
	.byte	58                              @ DW_AT_decl_file
	.byte	11                              @ DW_FORM_data1
	.byte	59                              @ DW_AT_decl_line
	.byte	5                               @ DW_FORM_data2
	.byte	0                               @ EOM(1)
	.byte	0                               @ EOM(2)
	.byte	6                               @ Abbreviation Code
	.byte	15                              @ DW_TAG_pointer_type
	.byte	0                               @ DW_CHILDREN_no
	.byte	73                              @ DW_AT_type
	.byte	19                              @ DW_FORM_ref4
	.byte	0                               @ EOM(1)
	.byte	0                               @ EOM(2)
	.byte	7                               @ Abbreviation Code
	.byte	22                              @ DW_TAG_typedef
	.byte	0                               @ DW_CHILDREN_no
	.byte	73                              @ DW_AT_type
	.byte	19                              @ DW_FORM_ref4
	.byte	3                               @ DW_AT_name
	.byte	14                              @ DW_FORM_strp
	.byte	58                              @ DW_AT_decl_file
	.byte	11                              @ DW_FORM_data1
	.byte	59                              @ DW_AT_decl_line
	.byte	5                               @ DW_FORM_data2
	.byte	0                               @ EOM(1)
	.byte	0                               @ EOM(2)
	.byte	8                               @ Abbreviation Code
	.byte	19                              @ DW_TAG_structure_type
	.byte	1                               @ DW_CHILDREN_yes
	.byte	11                              @ DW_AT_byte_size
	.byte	11                              @ DW_FORM_data1
	.byte	58                              @ DW_AT_decl_file
	.byte	11                              @ DW_FORM_data1
	.byte	59                              @ DW_AT_decl_line
	.byte	5                               @ DW_FORM_data2
	.byte	0                               @ EOM(1)
	.byte	0                               @ EOM(2)
	.byte	9                               @ Abbreviation Code
	.byte	13                              @ DW_TAG_member
	.byte	0                               @ DW_CHILDREN_no
	.byte	3                               @ DW_AT_name
	.byte	14                              @ DW_FORM_strp
	.byte	73                              @ DW_AT_type
	.byte	19                              @ DW_FORM_ref4
	.byte	58                              @ DW_AT_decl_file
	.byte	11                              @ DW_FORM_data1
	.byte	59                              @ DW_AT_decl_line
	.byte	5                               @ DW_FORM_data2
	.byte	56                              @ DW_AT_data_member_location
	.byte	11                              @ DW_FORM_data1
	.byte	0                               @ EOM(1)
	.byte	0                               @ EOM(2)
	.byte	10                              @ Abbreviation Code
	.byte	53                              @ DW_TAG_volatile_type
	.byte	0                               @ DW_CHILDREN_no
	.byte	73                              @ DW_AT_type
	.byte	19                              @ DW_FORM_ref4
	.byte	0                               @ EOM(1)
	.byte	0                               @ EOM(2)
	.byte	11                              @ Abbreviation Code
	.byte	22                              @ DW_TAG_typedef
	.byte	0                               @ DW_CHILDREN_no
	.byte	73                              @ DW_AT_type
	.byte	19                              @ DW_FORM_ref4
	.byte	3                               @ DW_AT_name
	.byte	14                              @ DW_FORM_strp
	.byte	58                              @ DW_AT_decl_file
	.byte	11                              @ DW_FORM_data1
	.byte	59                              @ DW_AT_decl_line
	.byte	11                              @ DW_FORM_data1
	.byte	0                               @ EOM(1)
	.byte	0                               @ EOM(2)
	.byte	12                              @ Abbreviation Code
	.byte	46                              @ DW_TAG_subprogram
	.byte	0                               @ DW_CHILDREN_no
	.byte	17                              @ DW_AT_low_pc
	.byte	1                               @ DW_FORM_addr
	.byte	18                              @ DW_AT_high_pc
	.byte	6                               @ DW_FORM_data4
	.byte	64                              @ DW_AT_frame_base
	.byte	24                              @ DW_FORM_exprloc
	.byte	3                               @ DW_AT_name
	.byte	14                              @ DW_FORM_strp
	.byte	58                              @ DW_AT_decl_file
	.byte	11                              @ DW_FORM_data1
	.byte	59                              @ DW_AT_decl_line
	.byte	11                              @ DW_FORM_data1
	.byte	39                              @ DW_AT_prototyped
	.byte	25                              @ DW_FORM_flag_present
	.byte	73                              @ DW_AT_type
	.byte	19                              @ DW_FORM_ref4
	.byte	63                              @ DW_AT_external
	.byte	25                              @ DW_FORM_flag_present
	.byte	0                               @ EOM(1)
	.byte	0                               @ EOM(2)
	.byte	13                              @ Abbreviation Code
	.byte	46                              @ DW_TAG_subprogram
	.byte	1                               @ DW_CHILDREN_yes
	.byte	17                              @ DW_AT_low_pc
	.byte	1                               @ DW_FORM_addr
	.byte	18                              @ DW_AT_high_pc
	.byte	6                               @ DW_FORM_data4
	.byte	64                              @ DW_AT_frame_base
	.byte	24                              @ DW_FORM_exprloc
	.byte	3                               @ DW_AT_name
	.byte	14                              @ DW_FORM_strp
	.byte	58                              @ DW_AT_decl_file
	.byte	11                              @ DW_FORM_data1
	.byte	59                              @ DW_AT_decl_line
	.byte	11                              @ DW_FORM_data1
	.byte	39                              @ DW_AT_prototyped
	.byte	25                              @ DW_FORM_flag_present
	.byte	63                              @ DW_AT_external
	.byte	25                              @ DW_FORM_flag_present
	.byte	0                               @ EOM(1)
	.byte	0                               @ EOM(2)
	.byte	14                              @ Abbreviation Code
	.byte	52                              @ DW_TAG_variable
	.byte	0                               @ DW_CHILDREN_no
	.byte	2                               @ DW_AT_location
	.byte	24                              @ DW_FORM_exprloc
	.byte	3                               @ DW_AT_name
	.byte	14                              @ DW_FORM_strp
	.byte	58                              @ DW_AT_decl_file
	.byte	11                              @ DW_FORM_data1
	.byte	59                              @ DW_AT_decl_line
	.byte	11                              @ DW_FORM_data1
	.byte	73                              @ DW_AT_type
	.byte	19                              @ DW_FORM_ref4
	.byte	0                               @ EOM(1)
	.byte	0                               @ EOM(2)
	.byte	15                              @ Abbreviation Code
	.byte	11                              @ DW_TAG_lexical_block
	.byte	1                               @ DW_CHILDREN_yes
	.byte	17                              @ DW_AT_low_pc
	.byte	1                               @ DW_FORM_addr
	.byte	18                              @ DW_AT_high_pc
	.byte	6                               @ DW_FORM_data4
	.byte	0                               @ EOM(1)
	.byte	0                               @ EOM(2)
	.byte	16                              @ Abbreviation Code
	.byte	46                              @ DW_TAG_subprogram
	.byte	0                               @ DW_CHILDREN_no
	.byte	3                               @ DW_AT_name
	.byte	14                              @ DW_FORM_strp
	.byte	58                              @ DW_AT_decl_file
	.byte	11                              @ DW_FORM_data1
	.byte	59                              @ DW_AT_decl_line
	.byte	5                               @ DW_FORM_data2
	.byte	39                              @ DW_AT_prototyped
	.byte	25                              @ DW_FORM_flag_present
	.byte	32                              @ DW_AT_inline
	.byte	11                              @ DW_FORM_data1
	.byte	0                               @ EOM(1)
	.byte	0                               @ EOM(2)
	.byte	17                              @ Abbreviation Code
	.byte	29                              @ DW_TAG_inlined_subroutine
	.byte	0                               @ DW_CHILDREN_no
	.byte	49                              @ DW_AT_abstract_origin
	.byte	19                              @ DW_FORM_ref4
	.byte	17                              @ DW_AT_low_pc
	.byte	1                               @ DW_FORM_addr
	.byte	18                              @ DW_AT_high_pc
	.byte	6                               @ DW_FORM_data4
	.byte	88                              @ DW_AT_call_file
	.byte	11                              @ DW_FORM_data1
	.byte	89                              @ DW_AT_call_line
	.byte	11                              @ DW_FORM_data1
	.byte	87                              @ DW_AT_call_column
	.byte	11                              @ DW_FORM_data1
	.byte	0                               @ EOM(1)
	.byte	0                               @ EOM(2)
	.byte	18                              @ Abbreviation Code
	.byte	5                               @ DW_TAG_formal_parameter
	.byte	0                               @ DW_CHILDREN_no
	.byte	2                               @ DW_AT_location
	.byte	24                              @ DW_FORM_exprloc
	.byte	3                               @ DW_AT_name
	.byte	14                              @ DW_FORM_strp
	.byte	58                              @ DW_AT_decl_file
	.byte	11                              @ DW_FORM_data1
	.byte	59                              @ DW_AT_decl_line
	.byte	11                              @ DW_FORM_data1
	.byte	73                              @ DW_AT_type
	.byte	19                              @ DW_FORM_ref4
	.byte	0                               @ EOM(1)
	.byte	0                               @ EOM(2)
	.byte	19                              @ Abbreviation Code
	.byte	19                              @ DW_TAG_structure_type
	.byte	1                               @ DW_CHILDREN_yes
	.byte	11                              @ DW_AT_byte_size
	.byte	11                              @ DW_FORM_data1
	.byte	58                              @ DW_AT_decl_file
	.byte	11                              @ DW_FORM_data1
	.byte	59                              @ DW_AT_decl_line
	.byte	11                              @ DW_FORM_data1
	.byte	0                               @ EOM(1)
	.byte	0                               @ EOM(2)
	.byte	20                              @ Abbreviation Code
	.byte	13                              @ DW_TAG_member
	.byte	0                               @ DW_CHILDREN_no
	.byte	3                               @ DW_AT_name
	.byte	14                              @ DW_FORM_strp
	.byte	73                              @ DW_AT_type
	.byte	19                              @ DW_FORM_ref4
	.byte	58                              @ DW_AT_decl_file
	.byte	11                              @ DW_FORM_data1
	.byte	59                              @ DW_AT_decl_line
	.byte	11                              @ DW_FORM_data1
	.byte	56                              @ DW_AT_data_member_location
	.byte	11                              @ DW_FORM_data1
	.byte	0                               @ EOM(1)
	.byte	0                               @ EOM(2)
	.byte	21                              @ Abbreviation Code
	.byte	1                               @ DW_TAG_array_type
	.byte	1                               @ DW_CHILDREN_yes
	.byte	73                              @ DW_AT_type
	.byte	19                              @ DW_FORM_ref4
	.byte	0                               @ EOM(1)
	.byte	0                               @ EOM(2)
	.byte	22                              @ Abbreviation Code
	.byte	33                              @ DW_TAG_subrange_type
	.byte	0                               @ DW_CHILDREN_no
	.byte	73                              @ DW_AT_type
	.byte	19                              @ DW_FORM_ref4
	.byte	55                              @ DW_AT_count
	.byte	11                              @ DW_FORM_data1
	.byte	0                               @ EOM(1)
	.byte	0                               @ EOM(2)
	.byte	23                              @ Abbreviation Code
	.byte	19                              @ DW_TAG_structure_type
	.byte	1                               @ DW_CHILDREN_yes
	.byte	3                               @ DW_AT_name
	.byte	14                              @ DW_FORM_strp
	.byte	11                              @ DW_AT_byte_size
	.byte	11                              @ DW_FORM_data1
	.byte	58                              @ DW_AT_decl_file
	.byte	11                              @ DW_FORM_data1
	.byte	59                              @ DW_AT_decl_line
	.byte	11                              @ DW_FORM_data1
	.byte	0                               @ EOM(1)
	.byte	0                               @ EOM(2)
	.byte	24                              @ Abbreviation Code
	.byte	15                              @ DW_TAG_pointer_type
	.byte	0                               @ DW_CHILDREN_no
	.byte	0                               @ EOM(1)
	.byte	0                               @ EOM(2)
	.byte	25                              @ Abbreviation Code
	.byte	21                              @ DW_TAG_subroutine_type
	.byte	1                               @ DW_CHILDREN_yes
	.byte	39                              @ DW_AT_prototyped
	.byte	25                              @ DW_FORM_flag_present
	.byte	0                               @ EOM(1)
	.byte	0                               @ EOM(2)
	.byte	26                              @ Abbreviation Code
	.byte	5                               @ DW_TAG_formal_parameter
	.byte	0                               @ DW_CHILDREN_no
	.byte	73                              @ DW_AT_type
	.byte	19                              @ DW_FORM_ref4
	.byte	0                               @ EOM(1)
	.byte	0                               @ EOM(2)
	.byte	27                              @ Abbreviation Code
	.byte	36                              @ DW_TAG_base_type
	.byte	0                               @ DW_CHILDREN_no
	.byte	3                               @ DW_AT_name
	.byte	14                              @ DW_FORM_strp
	.byte	11                              @ DW_AT_byte_size
	.byte	11                              @ DW_FORM_data1
	.byte	62                              @ DW_AT_encoding
	.byte	11                              @ DW_FORM_data1
	.byte	0                               @ EOM(1)
	.byte	0                               @ EOM(2)
	.byte	0                               @ EOM(3)
	.section	.debug_info,"",%progbits
.Lcu_begin0:
	.long	.Ldebug_info_end0-.Ldebug_info_start0 @ Length of Unit
.Ldebug_info_start0:
	.short	4                               @ DWARF version number
	.long	.debug_abbrev                   @ Offset Into Abbrev. Section
	.byte	4                               @ Address Size (in bytes)
	.byte	1                               @ Abbrev [1] 0xb:0xbdf DW_TAG_compile_unit
	.long	.Linfo_string0                  @ DW_AT_producer
	.short	12                              @ DW_AT_language
	.long	.Linfo_string1                  @ DW_AT_name
	.long	.Lline_table_start0             @ DW_AT_stmt_list
	.long	.Linfo_string2                  @ DW_AT_comp_dir
	.long	0                               @ DW_AT_low_pc
	.long	.Ldebug_ranges0                 @ DW_AT_ranges
	.byte	2                               @ Abbrev [2] 0x26:0x21 DW_TAG_enumeration_type
	.long	71                              @ DW_AT_type
	.byte	1                               @ DW_AT_byte_size
	.byte	1                               @ DW_AT_decl_file
	.byte	39                              @ DW_AT_decl_line
	.byte	3                               @ Abbrev [3] 0x2e:0x6 DW_TAG_enumerator
	.long	.Linfo_string4                  @ DW_AT_name
	.byte	0                               @ DW_AT_const_value
	.byte	3                               @ Abbrev [3] 0x34:0x6 DW_TAG_enumerator
	.long	.Linfo_string5                  @ DW_AT_name
	.byte	1                               @ DW_AT_const_value
	.byte	3                               @ Abbrev [3] 0x3a:0x6 DW_TAG_enumerator
	.long	.Linfo_string6                  @ DW_AT_name
	.byte	2                               @ DW_AT_const_value
	.byte	3                               @ Abbrev [3] 0x40:0x6 DW_TAG_enumerator
	.long	.Linfo_string7                  @ DW_AT_name
	.byte	3                               @ DW_AT_const_value
	.byte	0                               @ End Of Children Mark
	.byte	4                               @ Abbrev [4] 0x47:0x7 DW_TAG_base_type
	.long	.Linfo_string3                  @ DW_AT_name
	.byte	8                               @ DW_AT_encoding
	.byte	1                               @ DW_AT_byte_size
	.byte	5                               @ Abbrev [5] 0x4e:0x34 DW_TAG_enumeration_type
	.long	71                              @ DW_AT_type
	.byte	1                               @ DW_AT_byte_size
	.byte	2                               @ DW_AT_decl_file
	.short	340                             @ DW_AT_decl_line
	.byte	3                               @ Abbrev [3] 0x57:0x6 DW_TAG_enumerator
	.long	.Linfo_string8                  @ DW_AT_name
	.byte	1                               @ DW_AT_const_value
	.byte	3                               @ Abbrev [3] 0x5d:0x6 DW_TAG_enumerator
	.long	.Linfo_string9                  @ DW_AT_name
	.byte	2                               @ DW_AT_const_value
	.byte	3                               @ Abbrev [3] 0x63:0x6 DW_TAG_enumerator
	.long	.Linfo_string10                 @ DW_AT_name
	.byte	4                               @ DW_AT_const_value
	.byte	3                               @ Abbrev [3] 0x69:0x6 DW_TAG_enumerator
	.long	.Linfo_string11                 @ DW_AT_name
	.byte	8                               @ DW_AT_const_value
	.byte	3                               @ Abbrev [3] 0x6f:0x6 DW_TAG_enumerator
	.long	.Linfo_string12                 @ DW_AT_name
	.byte	16                              @ DW_AT_const_value
	.byte	3                               @ Abbrev [3] 0x75:0x6 DW_TAG_enumerator
	.long	.Linfo_string13                 @ DW_AT_name
	.byte	32                              @ DW_AT_const_value
	.byte	3                               @ Abbrev [3] 0x7b:0x6 DW_TAG_enumerator
	.long	.Linfo_string14                 @ DW_AT_name
	.byte	0                               @ DW_AT_const_value
	.byte	0                               @ End Of Children Mark
	.byte	2                               @ Abbrev [2] 0x82:0x15 DW_TAG_enumeration_type
	.long	71                              @ DW_AT_type
	.byte	1                               @ DW_AT_byte_size
	.byte	1                               @ DW_AT_decl_file
	.byte	50                              @ DW_AT_decl_line
	.byte	3                               @ Abbrev [3] 0x8a:0x6 DW_TAG_enumerator
	.long	.Linfo_string15                 @ DW_AT_name
	.byte	0                               @ DW_AT_const_value
	.byte	3                               @ Abbrev [3] 0x90:0x6 DW_TAG_enumerator
	.long	.Linfo_string16                 @ DW_AT_name
	.byte	1                               @ DW_AT_const_value
	.byte	0                               @ End Of Children Mark
	.byte	2                               @ Abbrev [2] 0x97:0x27 DW_TAG_enumeration_type
	.long	71                              @ DW_AT_type
	.byte	1                               @ DW_AT_byte_size
	.byte	3                               @ DW_AT_decl_file
	.byte	101                             @ DW_AT_decl_line
	.byte	3                               @ Abbrev [3] 0x9f:0x6 DW_TAG_enumerator
	.long	.Linfo_string17                 @ DW_AT_name
	.byte	0                               @ DW_AT_const_value
	.byte	3                               @ Abbrev [3] 0xa5:0x6 DW_TAG_enumerator
	.long	.Linfo_string18                 @ DW_AT_name
	.byte	1                               @ DW_AT_const_value
	.byte	3                               @ Abbrev [3] 0xab:0x6 DW_TAG_enumerator
	.long	.Linfo_string19                 @ DW_AT_name
	.byte	2                               @ DW_AT_const_value
	.byte	3                               @ Abbrev [3] 0xb1:0x6 DW_TAG_enumerator
	.long	.Linfo_string20                 @ DW_AT_name
	.byte	3                               @ DW_AT_const_value
	.byte	3                               @ Abbrev [3] 0xb7:0x6 DW_TAG_enumerator
	.long	.Linfo_string21                 @ DW_AT_name
	.byte	4                               @ DW_AT_const_value
	.byte	0                               @ End Of Children Mark
	.byte	5                               @ Abbrev [5] 0xbe:0x28 DW_TAG_enumeration_type
	.long	71                              @ DW_AT_type
	.byte	1                               @ DW_AT_byte_size
	.byte	2                               @ DW_AT_decl_file
	.short	308                             @ DW_AT_decl_line
	.byte	3                               @ Abbrev [3] 0xc7:0x6 DW_TAG_enumerator
	.long	.Linfo_string22                 @ DW_AT_name
	.byte	0                               @ DW_AT_const_value
	.byte	3                               @ Abbrev [3] 0xcd:0x6 DW_TAG_enumerator
	.long	.Linfo_string23                 @ DW_AT_name
	.byte	1                               @ DW_AT_const_value
	.byte	3                               @ Abbrev [3] 0xd3:0x6 DW_TAG_enumerator
	.long	.Linfo_string24                 @ DW_AT_name
	.byte	2                               @ DW_AT_const_value
	.byte	3                               @ Abbrev [3] 0xd9:0x6 DW_TAG_enumerator
	.long	.Linfo_string25                 @ DW_AT_name
	.byte	3                               @ DW_AT_const_value
	.byte	3                               @ Abbrev [3] 0xdf:0x6 DW_TAG_enumerator
	.long	.Linfo_string26                 @ DW_AT_name
	.byte	4                               @ DW_AT_const_value
	.byte	0                               @ End Of Children Mark
	.byte	5                               @ Abbrev [5] 0xe6:0x1c DW_TAG_enumeration_type
	.long	71                              @ DW_AT_type
	.byte	1                               @ DW_AT_byte_size
	.byte	2                               @ DW_AT_decl_file
	.short	320                             @ DW_AT_decl_line
	.byte	3                               @ Abbrev [3] 0xef:0x6 DW_TAG_enumerator
	.long	.Linfo_string27                 @ DW_AT_name
	.byte	0                               @ DW_AT_const_value
	.byte	3                               @ Abbrev [3] 0xf5:0x6 DW_TAG_enumerator
	.long	.Linfo_string28                 @ DW_AT_name
	.byte	1                               @ DW_AT_const_value
	.byte	3                               @ Abbrev [3] 0xfb:0x6 DW_TAG_enumerator
	.long	.Linfo_string29                 @ DW_AT_name
	.byte	2                               @ DW_AT_const_value
	.byte	0                               @ End Of Children Mark
	.byte	5                               @ Abbrev [5] 0x102:0x1c DW_TAG_enumeration_type
	.long	71                              @ DW_AT_type
	.byte	1                               @ DW_AT_byte_size
	.byte	2                               @ DW_AT_decl_file
	.short	330                             @ DW_AT_decl_line
	.byte	3                               @ Abbrev [3] 0x10b:0x6 DW_TAG_enumerator
	.long	.Linfo_string30                 @ DW_AT_name
	.byte	0                               @ DW_AT_const_value
	.byte	3                               @ Abbrev [3] 0x111:0x6 DW_TAG_enumerator
	.long	.Linfo_string31                 @ DW_AT_name
	.byte	1                               @ DW_AT_const_value
	.byte	3                               @ Abbrev [3] 0x117:0x6 DW_TAG_enumerator
	.long	.Linfo_string32                 @ DW_AT_name
	.byte	2                               @ DW_AT_const_value
	.byte	0                               @ End Of Children Mark
	.byte	6                               @ Abbrev [6] 0x11e:0x5 DW_TAG_pointer_type
	.long	291                             @ DW_AT_type
	.byte	7                               @ Abbrev [7] 0x123:0xc DW_TAG_typedef
	.long	303                             @ DW_AT_type
	.long	.Linfo_string46                 @ DW_AT_name
	.byte	5                               @ DW_AT_decl_file
	.short	1226                            @ DW_AT_decl_line
	.byte	8                               @ Abbrev [8] 0x12f:0x95 DW_TAG_structure_type
	.byte	44                              @ DW_AT_byte_size
	.byte	5                               @ DW_AT_decl_file
	.short	1213                            @ DW_AT_decl_line
	.byte	9                               @ Abbrev [9] 0x134:0xd DW_TAG_member
	.long	.Linfo_string33                 @ DW_AT_name
	.long	452                             @ DW_AT_type
	.byte	5                               @ DW_AT_decl_file
	.short	1215                            @ DW_AT_decl_line
	.byte	0                               @ DW_AT_data_member_location
	.byte	9                               @ Abbrev [9] 0x141:0xd DW_TAG_member
	.long	.Linfo_string36                 @ DW_AT_name
	.long	452                             @ DW_AT_type
	.byte	5                               @ DW_AT_decl_file
	.short	1216                            @ DW_AT_decl_line
	.byte	4                               @ DW_AT_data_member_location
	.byte	9                               @ Abbrev [9] 0x14e:0xd DW_TAG_member
	.long	.Linfo_string37                 @ DW_AT_name
	.long	452                             @ DW_AT_type
	.byte	5                               @ DW_AT_decl_file
	.short	1217                            @ DW_AT_decl_line
	.byte	8                               @ DW_AT_data_member_location
	.byte	9                               @ Abbrev [9] 0x15b:0xd DW_TAG_member
	.long	.Linfo_string38                 @ DW_AT_name
	.long	452                             @ DW_AT_type
	.byte	5                               @ DW_AT_decl_file
	.short	1218                            @ DW_AT_decl_line
	.byte	12                              @ DW_AT_data_member_location
	.byte	9                               @ Abbrev [9] 0x168:0xd DW_TAG_member
	.long	.Linfo_string39                 @ DW_AT_name
	.long	452                             @ DW_AT_type
	.byte	5                               @ DW_AT_decl_file
	.short	1219                            @ DW_AT_decl_line
	.byte	16                              @ DW_AT_data_member_location
	.byte	9                               @ Abbrev [9] 0x175:0xd DW_TAG_member
	.long	.Linfo_string40                 @ DW_AT_name
	.long	457                             @ DW_AT_type
	.byte	5                               @ DW_AT_decl_file
	.short	1220                            @ DW_AT_decl_line
	.byte	20                              @ DW_AT_data_member_location
	.byte	9                               @ Abbrev [9] 0x182:0xd DW_TAG_member
	.long	.Linfo_string41                 @ DW_AT_name
	.long	452                             @ DW_AT_type
	.byte	5                               @ DW_AT_decl_file
	.short	1221                            @ DW_AT_decl_line
	.byte	24                              @ DW_AT_data_member_location
	.byte	9                               @ Abbrev [9] 0x18f:0xd DW_TAG_member
	.long	.Linfo_string42                 @ DW_AT_name
	.long	457                             @ DW_AT_type
	.byte	5                               @ DW_AT_decl_file
	.short	1222                            @ DW_AT_decl_line
	.byte	28                              @ DW_AT_data_member_location
	.byte	9                               @ Abbrev [9] 0x19c:0xd DW_TAG_member
	.long	.Linfo_string43                 @ DW_AT_name
	.long	452                             @ DW_AT_type
	.byte	5                               @ DW_AT_decl_file
	.short	1223                            @ DW_AT_decl_line
	.byte	32                              @ DW_AT_data_member_location
	.byte	9                               @ Abbrev [9] 0x1a9:0xd DW_TAG_member
	.long	.Linfo_string44                 @ DW_AT_name
	.long	452                             @ DW_AT_type
	.byte	5                               @ DW_AT_decl_file
	.short	1224                            @ DW_AT_decl_line
	.byte	36                              @ DW_AT_data_member_location
	.byte	9                               @ Abbrev [9] 0x1b6:0xd DW_TAG_member
	.long	.Linfo_string45                 @ DW_AT_name
	.long	452                             @ DW_AT_type
	.byte	5                               @ DW_AT_decl_file
	.short	1225                            @ DW_AT_decl_line
	.byte	40                              @ DW_AT_data_member_location
	.byte	0                               @ End Of Children Mark
	.byte	10                              @ Abbrev [10] 0x1c4:0x5 DW_TAG_volatile_type
	.long	457                             @ DW_AT_type
	.byte	11                              @ Abbrev [11] 0x1c9:0xb DW_TAG_typedef
	.long	468                             @ DW_AT_type
	.long	.Linfo_string35                 @ DW_AT_name
	.byte	4                               @ DW_AT_decl_file
	.byte	64                              @ DW_AT_decl_line
	.byte	4                               @ Abbrev [4] 0x1d4:0x7 DW_TAG_base_type
	.long	.Linfo_string34                 @ DW_AT_name
	.byte	7                               @ DW_AT_encoding
	.byte	4                               @ DW_AT_byte_size
	.byte	11                              @ Abbrev [11] 0x1db:0xb DW_TAG_typedef
	.long	486                             @ DW_AT_type
	.long	.Linfo_string48                 @ DW_AT_name
	.byte	4                               @ DW_AT_decl_file
	.byte	65                              @ DW_AT_decl_line
	.byte	4                               @ Abbrev [4] 0x1e6:0x7 DW_TAG_base_type
	.long	.Linfo_string47                 @ DW_AT_name
	.byte	7                               @ DW_AT_encoding
	.byte	8                               @ DW_AT_byte_size
	.byte	6                               @ Abbrev [6] 0x1ed:0x5 DW_TAG_pointer_type
	.long	498                             @ DW_AT_type
	.byte	7                               @ Abbrev [7] 0x1f2:0xc DW_TAG_typedef
	.long	510                             @ DW_AT_type
	.long	.Linfo_string73                 @ DW_AT_name
	.byte	5                               @ DW_AT_decl_file
	.short	1553                            @ DW_AT_decl_line
	.byte	8                               @ Abbrev [8] 0x1fe:0x165 DW_TAG_structure_type
	.byte	108                             @ DW_AT_byte_size
	.byte	5                               @ DW_AT_decl_file
	.short	1524                            @ DW_AT_decl_line
	.byte	9                               @ Abbrev [9] 0x203:0xd DW_TAG_member
	.long	.Linfo_string33                 @ DW_AT_name
	.long	452                             @ DW_AT_type
	.byte	5                               @ DW_AT_decl_file
	.short	1526                            @ DW_AT_decl_line
	.byte	0                               @ DW_AT_data_member_location
	.byte	9                               @ Abbrev [9] 0x210:0xd DW_TAG_member
	.long	.Linfo_string37                 @ DW_AT_name
	.long	452                             @ DW_AT_type
	.byte	5                               @ DW_AT_decl_file
	.short	1527                            @ DW_AT_decl_line
	.byte	4                               @ DW_AT_data_member_location
	.byte	9                               @ Abbrev [9] 0x21d:0xd DW_TAG_member
	.long	.Linfo_string49                 @ DW_AT_name
	.long	452                             @ DW_AT_type
	.byte	5                               @ DW_AT_decl_file
	.short	1528                            @ DW_AT_decl_line
	.byte	8                               @ DW_AT_data_member_location
	.byte	9                               @ Abbrev [9] 0x22a:0xd DW_TAG_member
	.long	.Linfo_string50                 @ DW_AT_name
	.long	452                             @ DW_AT_type
	.byte	5                               @ DW_AT_decl_file
	.short	1529                            @ DW_AT_decl_line
	.byte	12                              @ DW_AT_data_member_location
	.byte	9                               @ Abbrev [9] 0x237:0xd DW_TAG_member
	.long	.Linfo_string51                 @ DW_AT_name
	.long	452                             @ DW_AT_type
	.byte	5                               @ DW_AT_decl_file
	.short	1530                            @ DW_AT_decl_line
	.byte	16                              @ DW_AT_data_member_location
	.byte	9                               @ Abbrev [9] 0x244:0xd DW_TAG_member
	.long	.Linfo_string52                 @ DW_AT_name
	.long	452                             @ DW_AT_type
	.byte	5                               @ DW_AT_decl_file
	.short	1531                            @ DW_AT_decl_line
	.byte	20                              @ DW_AT_data_member_location
	.byte	9                               @ Abbrev [9] 0x251:0xd DW_TAG_member
	.long	.Linfo_string53                 @ DW_AT_name
	.long	452                             @ DW_AT_type
	.byte	5                               @ DW_AT_decl_file
	.short	1532                            @ DW_AT_decl_line
	.byte	24                              @ DW_AT_data_member_location
	.byte	9                               @ Abbrev [9] 0x25e:0xd DW_TAG_member
	.long	.Linfo_string54                 @ DW_AT_name
	.long	452                             @ DW_AT_type
	.byte	5                               @ DW_AT_decl_file
	.short	1533                            @ DW_AT_decl_line
	.byte	28                              @ DW_AT_data_member_location
	.byte	9                               @ Abbrev [9] 0x26b:0xd DW_TAG_member
	.long	.Linfo_string55                 @ DW_AT_name
	.long	452                             @ DW_AT_type
	.byte	5                               @ DW_AT_decl_file
	.short	1534                            @ DW_AT_decl_line
	.byte	32                              @ DW_AT_data_member_location
	.byte	9                               @ Abbrev [9] 0x278:0xd DW_TAG_member
	.long	.Linfo_string56                 @ DW_AT_name
	.long	452                             @ DW_AT_type
	.byte	5                               @ DW_AT_decl_file
	.short	1535                            @ DW_AT_decl_line
	.byte	36                              @ DW_AT_data_member_location
	.byte	9                               @ Abbrev [9] 0x285:0xd DW_TAG_member
	.long	.Linfo_string57                 @ DW_AT_name
	.long	452                             @ DW_AT_type
	.byte	5                               @ DW_AT_decl_file
	.short	1536                            @ DW_AT_decl_line
	.byte	40                              @ DW_AT_data_member_location
	.byte	9                               @ Abbrev [9] 0x292:0xd DW_TAG_member
	.long	.Linfo_string58                 @ DW_AT_name
	.long	452                             @ DW_AT_type
	.byte	5                               @ DW_AT_decl_file
	.short	1537                            @ DW_AT_decl_line
	.byte	44                              @ DW_AT_data_member_location
	.byte	9                               @ Abbrev [9] 0x29f:0xd DW_TAG_member
	.long	.Linfo_string59                 @ DW_AT_name
	.long	452                             @ DW_AT_type
	.byte	5                               @ DW_AT_decl_file
	.short	1538                            @ DW_AT_decl_line
	.byte	48                              @ DW_AT_data_member_location
	.byte	9                               @ Abbrev [9] 0x2ac:0xd DW_TAG_member
	.long	.Linfo_string60                 @ DW_AT_name
	.long	452                             @ DW_AT_type
	.byte	5                               @ DW_AT_decl_file
	.short	1539                            @ DW_AT_decl_line
	.byte	52                              @ DW_AT_data_member_location
	.byte	9                               @ Abbrev [9] 0x2b9:0xd DW_TAG_member
	.long	.Linfo_string61                 @ DW_AT_name
	.long	452                             @ DW_AT_type
	.byte	5                               @ DW_AT_decl_file
	.short	1540                            @ DW_AT_decl_line
	.byte	56                              @ DW_AT_data_member_location
	.byte	9                               @ Abbrev [9] 0x2c6:0xd DW_TAG_member
	.long	.Linfo_string62                 @ DW_AT_name
	.long	452                             @ DW_AT_type
	.byte	5                               @ DW_AT_decl_file
	.short	1541                            @ DW_AT_decl_line
	.byte	60                              @ DW_AT_data_member_location
	.byte	9                               @ Abbrev [9] 0x2d3:0xd DW_TAG_member
	.long	.Linfo_string63                 @ DW_AT_name
	.long	452                             @ DW_AT_type
	.byte	5                               @ DW_AT_decl_file
	.short	1542                            @ DW_AT_decl_line
	.byte	64                              @ DW_AT_data_member_location
	.byte	9                               @ Abbrev [9] 0x2e0:0xd DW_TAG_member
	.long	.Linfo_string64                 @ DW_AT_name
	.long	452                             @ DW_AT_type
	.byte	5                               @ DW_AT_decl_file
	.short	1543                            @ DW_AT_decl_line
	.byte	68                              @ DW_AT_data_member_location
	.byte	9                               @ Abbrev [9] 0x2ed:0xd DW_TAG_member
	.long	.Linfo_string65                 @ DW_AT_name
	.long	452                             @ DW_AT_type
	.byte	5                               @ DW_AT_decl_file
	.short	1544                            @ DW_AT_decl_line
	.byte	72                              @ DW_AT_data_member_location
	.byte	9                               @ Abbrev [9] 0x2fa:0xd DW_TAG_member
	.long	.Linfo_string66                 @ DW_AT_name
	.long	452                             @ DW_AT_type
	.byte	5                               @ DW_AT_decl_file
	.short	1545                            @ DW_AT_decl_line
	.byte	76                              @ DW_AT_data_member_location
	.byte	9                               @ Abbrev [9] 0x307:0xd DW_TAG_member
	.long	.Linfo_string42                 @ DW_AT_name
	.long	457                             @ DW_AT_type
	.byte	5                               @ DW_AT_decl_file
	.short	1546                            @ DW_AT_decl_line
	.byte	80                              @ DW_AT_data_member_location
	.byte	9                               @ Abbrev [9] 0x314:0xd DW_TAG_member
	.long	.Linfo_string67                 @ DW_AT_name
	.long	452                             @ DW_AT_type
	.byte	5                               @ DW_AT_decl_file
	.short	1547                            @ DW_AT_decl_line
	.byte	84                              @ DW_AT_data_member_location
	.byte	9                               @ Abbrev [9] 0x321:0xd DW_TAG_member
	.long	.Linfo_string68                 @ DW_AT_name
	.long	452                             @ DW_AT_type
	.byte	5                               @ DW_AT_decl_file
	.short	1548                            @ DW_AT_decl_line
	.byte	88                              @ DW_AT_data_member_location
	.byte	9                               @ Abbrev [9] 0x32e:0xd DW_TAG_member
	.long	.Linfo_string69                 @ DW_AT_name
	.long	452                             @ DW_AT_type
	.byte	5                               @ DW_AT_decl_file
	.short	1549                            @ DW_AT_decl_line
	.byte	92                              @ DW_AT_data_member_location
	.byte	9                               @ Abbrev [9] 0x33b:0xd DW_TAG_member
	.long	.Linfo_string70                 @ DW_AT_name
	.long	452                             @ DW_AT_type
	.byte	5                               @ DW_AT_decl_file
	.short	1550                            @ DW_AT_decl_line
	.byte	96                              @ DW_AT_data_member_location
	.byte	9                               @ Abbrev [9] 0x348:0xd DW_TAG_member
	.long	.Linfo_string71                 @ DW_AT_name
	.long	452                             @ DW_AT_type
	.byte	5                               @ DW_AT_decl_file
	.short	1551                            @ DW_AT_decl_line
	.byte	100                             @ DW_AT_data_member_location
	.byte	9                               @ Abbrev [9] 0x355:0xd DW_TAG_member
	.long	.Linfo_string72                 @ DW_AT_name
	.long	452                             @ DW_AT_type
	.byte	5                               @ DW_AT_decl_file
	.short	1552                            @ DW_AT_decl_line
	.byte	104                             @ DW_AT_data_member_location
	.byte	0                               @ End Of Children Mark
	.byte	12                              @ Abbrev [12] 0x363:0x15 DW_TAG_subprogram
	.long	.Lfunc_begin0                   @ DW_AT_low_pc
	.long	.Lfunc_end0-.Lfunc_begin0       @ DW_AT_high_pc
	.byte	1                               @ DW_AT_frame_base
	.byte	93
	.long	.Linfo_string75                 @ DW_AT_name
	.byte	6                               @ DW_AT_decl_file
	.byte	74                              @ DW_AT_decl_line
                                        @ DW_AT_prototyped
	.long	1065                            @ DW_AT_type
                                        @ DW_AT_external
	.byte	13                              @ Abbrev [13] 0x378:0x46 DW_TAG_subprogram
	.long	.Lfunc_begin1                   @ DW_AT_low_pc
	.long	.Lfunc_end1-.Lfunc_begin1       @ DW_AT_high_pc
	.byte	1                               @ DW_AT_frame_base
	.byte	93
	.long	.Linfo_string77                 @ DW_AT_name
	.byte	6                               @ DW_AT_decl_file
	.byte	140                             @ DW_AT_decl_line
                                        @ DW_AT_prototyped
                                        @ DW_AT_external
	.byte	14                              @ Abbrev [14] 0x389:0xe DW_TAG_variable
	.byte	2                               @ DW_AT_location
	.byte	145
	.byte	44
	.long	.Linfo_string81                 @ DW_AT_name
	.byte	6                               @ DW_AT_decl_file
	.byte	142                             @ DW_AT_decl_line
	.long	1072                            @ DW_AT_type
	.byte	14                              @ Abbrev [14] 0x397:0xe DW_TAG_variable
	.byte	2                               @ DW_AT_location
	.byte	145
	.byte	12
	.long	.Linfo_string104                @ DW_AT_name
	.byte	6                               @ DW_AT_decl_file
	.byte	143                             @ DW_AT_decl_line
	.long	1344                            @ DW_AT_type
	.byte	15                              @ Abbrev [15] 0x3a5:0x18 DW_TAG_lexical_block
	.long	.Ltmp3                          @ DW_AT_low_pc
	.long	.Ltmp4-.Ltmp3                   @ DW_AT_high_pc
	.byte	14                              @ Abbrev [14] 0x3ae:0xe DW_TAG_variable
	.byte	2                               @ DW_AT_location
	.byte	145
	.byte	8
	.long	.Linfo_string114                @ DW_AT_name
	.byte	6                               @ DW_AT_decl_file
	.byte	151                             @ DW_AT_decl_line
	.long	452                             @ DW_AT_type
	.byte	0                               @ End Of Children Mark
	.byte	0                               @ End Of Children Mark
	.byte	13                              @ Abbrev [13] 0x3be:0x20 DW_TAG_subprogram
	.long	.Lfunc_begin2                   @ DW_AT_low_pc
	.long	.Lfunc_end2-.Lfunc_begin2       @ DW_AT_high_pc
	.byte	1                               @ DW_AT_frame_base
	.byte	93
	.long	.Linfo_string78                 @ DW_AT_name
	.byte	6                               @ DW_AT_decl_file
	.byte	198                             @ DW_AT_decl_line
                                        @ DW_AT_prototyped
                                        @ DW_AT_external
	.byte	14                              @ Abbrev [14] 0x3cf:0xe DW_TAG_variable
	.byte	2                               @ DW_AT_location
	.byte	145
	.byte	8
	.long	.Linfo_string115                @ DW_AT_name
	.byte	6                               @ DW_AT_decl_file
	.byte	200                             @ DW_AT_decl_line
	.long	1456                            @ DW_AT_type
	.byte	0                               @ End Of Children Mark
	.byte	16                              @ Abbrev [16] 0x3de:0x9 DW_TAG_subprogram
	.long	.Linfo_string74                 @ DW_AT_name
	.byte	7                               @ DW_AT_decl_file
	.short	750                             @ DW_AT_decl_line
                                        @ DW_AT_prototyped
	.byte	1                               @ DW_AT_inline
	.byte	13                              @ Abbrev [13] 0x3e7:0x22 DW_TAG_subprogram
	.long	.Lfunc_begin3                   @ DW_AT_low_pc
	.long	.Lfunc_end3-.Lfunc_begin3       @ DW_AT_high_pc
	.byte	1                               @ DW_AT_frame_base
	.byte	93
	.long	.Linfo_string79                 @ DW_AT_name
	.byte	6                               @ DW_AT_decl_file
	.byte	250                             @ DW_AT_decl_line
                                        @ DW_AT_prototyped
                                        @ DW_AT_external
	.byte	17                              @ Abbrev [17] 0x3f8:0x10 DW_TAG_inlined_subroutine
	.long	990                             @ DW_AT_abstract_origin
	.long	.Lfunc_begin3                   @ DW_AT_low_pc
	.long	.Ltmp20-.Lfunc_begin3           @ DW_AT_high_pc
	.byte	6                               @ DW_AT_call_file
	.byte	254                             @ DW_AT_call_line
	.byte	3                               @ DW_AT_call_column
	.byte	0                               @ End Of Children Mark
	.byte	13                              @ Abbrev [13] 0x409:0x20 DW_TAG_subprogram
	.long	.Lfunc_begin4                   @ DW_AT_low_pc
	.long	.Lfunc_end4-.Lfunc_begin4       @ DW_AT_high_pc
	.byte	1                               @ DW_AT_frame_base
	.byte	93
	.long	.Linfo_string80                 @ DW_AT_name
	.byte	6                               @ DW_AT_decl_file
	.byte	232                             @ DW_AT_decl_line
                                        @ DW_AT_prototyped
                                        @ DW_AT_external
	.byte	18                              @ Abbrev [18] 0x41a:0xe DW_TAG_formal_parameter
	.byte	2                               @ DW_AT_location
	.byte	145
	.byte	4
	.long	.Linfo_string166                @ DW_AT_name
	.byte	6                               @ DW_AT_decl_file
	.byte	232                             @ DW_AT_decl_line
	.long	2075                            @ DW_AT_type
	.byte	0                               @ End Of Children Mark
	.byte	4                               @ Abbrev [4] 0x429:0x7 DW_TAG_base_type
	.long	.Linfo_string76                 @ DW_AT_name
	.byte	5                               @ DW_AT_encoding
	.byte	4                               @ DW_AT_byte_size
	.byte	11                              @ Abbrev [11] 0x430:0xb DW_TAG_typedef
	.long	1083                            @ DW_AT_type
	.long	.Linfo_string103                @ DW_AT_name
	.byte	8                               @ DW_AT_decl_file
	.byte	117                             @ DW_AT_decl_line
	.byte	19                              @ Abbrev [19] 0x43b:0x7d DW_TAG_structure_type
	.byte	76                              @ DW_AT_byte_size
	.byte	8                               @ DW_AT_decl_file
	.byte	84                              @ DW_AT_decl_line
	.byte	20                              @ Abbrev [20] 0x43f:0xc DW_TAG_member
	.long	.Linfo_string82                 @ DW_AT_name
	.long	457                             @ DW_AT_type
	.byte	8                               @ DW_AT_decl_file
	.byte	86                              @ DW_AT_decl_line
	.byte	0                               @ DW_AT_data_member_location
	.byte	20                              @ Abbrev [20] 0x44b:0xc DW_TAG_member
	.long	.Linfo_string83                 @ DW_AT_name
	.long	457                             @ DW_AT_type
	.byte	8                               @ DW_AT_decl_file
	.byte	89                              @ DW_AT_decl_line
	.byte	4                               @ DW_AT_data_member_location
	.byte	20                              @ Abbrev [20] 0x457:0xc DW_TAG_member
	.long	.Linfo_string84                 @ DW_AT_name
	.long	457                             @ DW_AT_type
	.byte	8                               @ DW_AT_decl_file
	.byte	92                              @ DW_AT_decl_line
	.byte	8                               @ DW_AT_data_member_location
	.byte	20                              @ Abbrev [20] 0x463:0xc DW_TAG_member
	.long	.Linfo_string85                 @ DW_AT_name
	.long	457                             @ DW_AT_type
	.byte	8                               @ DW_AT_decl_file
	.byte	95                              @ DW_AT_decl_line
	.byte	12                              @ DW_AT_data_member_location
	.byte	20                              @ Abbrev [20] 0x46f:0xc DW_TAG_member
	.long	.Linfo_string86                 @ DW_AT_name
	.long	457                             @ DW_AT_type
	.byte	8                               @ DW_AT_decl_file
	.byte	98                              @ DW_AT_decl_line
	.byte	16                              @ DW_AT_data_member_location
	.byte	20                              @ Abbrev [20] 0x47b:0xc DW_TAG_member
	.long	.Linfo_string87                 @ DW_AT_name
	.long	457                             @ DW_AT_type
	.byte	8                               @ DW_AT_decl_file
	.byte	102                             @ DW_AT_decl_line
	.byte	20                              @ DW_AT_data_member_location
	.byte	20                              @ Abbrev [20] 0x487:0xc DW_TAG_member
	.long	.Linfo_string88                 @ DW_AT_name
	.long	457                             @ DW_AT_type
	.byte	8                               @ DW_AT_decl_file
	.byte	105                             @ DW_AT_decl_line
	.byte	24                              @ DW_AT_data_member_location
	.byte	20                              @ Abbrev [20] 0x493:0xc DW_TAG_member
	.long	.Linfo_string89                 @ DW_AT_name
	.long	457                             @ DW_AT_type
	.byte	8                               @ DW_AT_decl_file
	.byte	108                             @ DW_AT_decl_line
	.byte	28                              @ DW_AT_data_member_location
	.byte	20                              @ Abbrev [20] 0x49f:0xc DW_TAG_member
	.long	.Linfo_string90                 @ DW_AT_name
	.long	457                             @ DW_AT_type
	.byte	8                               @ DW_AT_decl_file
	.byte	111                             @ DW_AT_decl_line
	.byte	32                              @ DW_AT_data_member_location
	.byte	20                              @ Abbrev [20] 0x4ab:0xc DW_TAG_member
	.long	.Linfo_string91                 @ DW_AT_name
	.long	1208                            @ DW_AT_type
	.byte	8                               @ DW_AT_decl_file
	.byte	115                             @ DW_AT_decl_line
	.byte	36                              @ DW_AT_data_member_location
	.byte	0                               @ End Of Children Mark
	.byte	11                              @ Abbrev [11] 0x4b8:0xb DW_TAG_typedef
	.long	1219                            @ DW_AT_type
	.long	.Linfo_string102                @ DW_AT_name
	.byte	8                               @ DW_AT_decl_file
	.byte	79                              @ DW_AT_decl_line
	.byte	19                              @ Abbrev [19] 0x4c3:0x7d DW_TAG_structure_type
	.byte	40                              @ DW_AT_byte_size
	.byte	8                               @ DW_AT_decl_file
	.byte	46                              @ DW_AT_decl_line
	.byte	20                              @ Abbrev [20] 0x4c7:0xc DW_TAG_member
	.long	.Linfo_string92                 @ DW_AT_name
	.long	457                             @ DW_AT_type
	.byte	8                               @ DW_AT_decl_file
	.byte	48                              @ DW_AT_decl_line
	.byte	0                               @ DW_AT_data_member_location
	.byte	20                              @ Abbrev [20] 0x4d3:0xc DW_TAG_member
	.long	.Linfo_string93                 @ DW_AT_name
	.long	457                             @ DW_AT_type
	.byte	8                               @ DW_AT_decl_file
	.byte	51                              @ DW_AT_decl_line
	.byte	4                               @ DW_AT_data_member_location
	.byte	20                              @ Abbrev [20] 0x4df:0xc DW_TAG_member
	.long	.Linfo_string94                 @ DW_AT_name
	.long	457                             @ DW_AT_type
	.byte	8                               @ DW_AT_decl_file
	.byte	54                              @ DW_AT_decl_line
	.byte	8                               @ DW_AT_data_member_location
	.byte	20                              @ Abbrev [20] 0x4eb:0xc DW_TAG_member
	.long	.Linfo_string95                 @ DW_AT_name
	.long	457                             @ DW_AT_type
	.byte	8                               @ DW_AT_decl_file
	.byte	57                              @ DW_AT_decl_line
	.byte	12                              @ DW_AT_data_member_location
	.byte	20                              @ Abbrev [20] 0x4f7:0xc DW_TAG_member
	.long	.Linfo_string96                 @ DW_AT_name
	.long	457                             @ DW_AT_type
	.byte	8                               @ DW_AT_decl_file
	.byte	62                              @ DW_AT_decl_line
	.byte	16                              @ DW_AT_data_member_location
	.byte	20                              @ Abbrev [20] 0x503:0xc DW_TAG_member
	.long	.Linfo_string97                 @ DW_AT_name
	.long	457                             @ DW_AT_type
	.byte	8                               @ DW_AT_decl_file
	.byte	66                              @ DW_AT_decl_line
	.byte	20                              @ DW_AT_data_member_location
	.byte	20                              @ Abbrev [20] 0x50f:0xc DW_TAG_member
	.long	.Linfo_string98                 @ DW_AT_name
	.long	457                             @ DW_AT_type
	.byte	8                               @ DW_AT_decl_file
	.byte	69                              @ DW_AT_decl_line
	.byte	24                              @ DW_AT_data_member_location
	.byte	20                              @ Abbrev [20] 0x51b:0xc DW_TAG_member
	.long	.Linfo_string99                 @ DW_AT_name
	.long	457                             @ DW_AT_type
	.byte	8                               @ DW_AT_decl_file
	.byte	71                              @ DW_AT_decl_line
	.byte	28                              @ DW_AT_data_member_location
	.byte	20                              @ Abbrev [20] 0x527:0xc DW_TAG_member
	.long	.Linfo_string100                @ DW_AT_name
	.long	457                             @ DW_AT_type
	.byte	8                               @ DW_AT_decl_file
	.byte	73                              @ DW_AT_decl_line
	.byte	32                              @ DW_AT_data_member_location
	.byte	20                              @ Abbrev [20] 0x533:0xc DW_TAG_member
	.long	.Linfo_string101                @ DW_AT_name
	.long	457                             @ DW_AT_type
	.byte	8                               @ DW_AT_decl_file
	.byte	76                              @ DW_AT_decl_line
	.byte	36                              @ DW_AT_data_member_location
	.byte	0                               @ End Of Children Mark
	.byte	11                              @ Abbrev [11] 0x540:0xb DW_TAG_typedef
	.long	1355                            @ DW_AT_type
	.long	.Linfo_string113                @ DW_AT_name
	.byte	8                               @ DW_AT_decl_file
	.byte	145                             @ DW_AT_decl_line
	.byte	19                              @ Abbrev [19] 0x54b:0x65 DW_TAG_structure_type
	.byte	32                              @ DW_AT_byte_size
	.byte	8                               @ DW_AT_decl_file
	.byte	122                             @ DW_AT_decl_line
	.byte	20                              @ Abbrev [20] 0x54f:0xc DW_TAG_member
	.long	.Linfo_string105                @ DW_AT_name
	.long	457                             @ DW_AT_type
	.byte	8                               @ DW_AT_decl_file
	.byte	124                             @ DW_AT_decl_line
	.byte	0                               @ DW_AT_data_member_location
	.byte	20                              @ Abbrev [20] 0x55b:0xc DW_TAG_member
	.long	.Linfo_string106                @ DW_AT_name
	.long	457                             @ DW_AT_type
	.byte	8                               @ DW_AT_decl_file
	.byte	127                             @ DW_AT_decl_line
	.byte	4                               @ DW_AT_data_member_location
	.byte	20                              @ Abbrev [20] 0x567:0xc DW_TAG_member
	.long	.Linfo_string107                @ DW_AT_name
	.long	457                             @ DW_AT_type
	.byte	8                               @ DW_AT_decl_file
	.byte	130                             @ DW_AT_decl_line
	.byte	8                               @ DW_AT_data_member_location
	.byte	20                              @ Abbrev [20] 0x573:0xc DW_TAG_member
	.long	.Linfo_string108                @ DW_AT_name
	.long	457                             @ DW_AT_type
	.byte	8                               @ DW_AT_decl_file
	.byte	133                             @ DW_AT_decl_line
	.byte	12                              @ DW_AT_data_member_location
	.byte	20                              @ Abbrev [20] 0x57f:0xc DW_TAG_member
	.long	.Linfo_string109                @ DW_AT_name
	.long	457                             @ DW_AT_type
	.byte	8                               @ DW_AT_decl_file
	.byte	136                             @ DW_AT_decl_line
	.byte	16                              @ DW_AT_data_member_location
	.byte	20                              @ Abbrev [20] 0x58b:0xc DW_TAG_member
	.long	.Linfo_string110                @ DW_AT_name
	.long	457                             @ DW_AT_type
	.byte	8                               @ DW_AT_decl_file
	.byte	139                             @ DW_AT_decl_line
	.byte	20                              @ DW_AT_data_member_location
	.byte	20                              @ Abbrev [20] 0x597:0xc DW_TAG_member
	.long	.Linfo_string111                @ DW_AT_name
	.long	457                             @ DW_AT_type
	.byte	8                               @ DW_AT_decl_file
	.byte	141                             @ DW_AT_decl_line
	.byte	24                              @ DW_AT_data_member_location
	.byte	20                              @ Abbrev [20] 0x5a3:0xc DW_TAG_member
	.long	.Linfo_string112                @ DW_AT_name
	.long	457                             @ DW_AT_type
	.byte	8                               @ DW_AT_decl_file
	.byte	143                             @ DW_AT_decl_line
	.byte	28                              @ DW_AT_data_member_location
	.byte	0                               @ End Of Children Mark
	.byte	7                               @ Abbrev [7] 0x5b0:0xc DW_TAG_typedef
	.long	1468                            @ DW_AT_type
	.long	.Linfo_string165                @ DW_AT_name
	.byte	9                               @ DW_AT_decl_file
	.short	280                             @ DW_AT_decl_line
	.byte	19                              @ Abbrev [19] 0x5bc:0x17f DW_TAG_structure_type
	.byte	184                             @ DW_AT_byte_size
	.byte	9                               @ DW_AT_decl_file
	.byte	140                             @ DW_AT_decl_line
	.byte	20                              @ Abbrev [20] 0x5c0:0xc DW_TAG_member
	.long	.Linfo_string116                @ DW_AT_name
	.long	475                             @ DW_AT_type
	.byte	9                               @ DW_AT_decl_file
	.byte	142                             @ DW_AT_decl_line
	.byte	0                               @ DW_AT_data_member_location
	.byte	20                              @ Abbrev [20] 0x5cc:0xc DW_TAG_member
	.long	.Linfo_string117                @ DW_AT_name
	.long	1851                            @ DW_AT_type
	.byte	9                               @ DW_AT_decl_file
	.byte	145                             @ DW_AT_decl_line
	.byte	8                               @ DW_AT_data_member_location
	.byte	20                              @ Abbrev [20] 0x5d8:0xc DW_TAG_member
	.long	.Linfo_string127                @ DW_AT_name
	.long	1963                            @ DW_AT_type
	.byte	9                               @ DW_AT_decl_file
	.byte	148                             @ DW_AT_decl_line
	.byte	40                              @ DW_AT_data_member_location
	.byte	20                              @ Abbrev [20] 0x5e4:0xc DW_TAG_member
	.long	.Linfo_string137                @ DW_AT_name
	.long	457                             @ DW_AT_type
	.byte	9                               @ DW_AT_decl_file
	.byte	151                             @ DW_AT_decl_line
	.byte	72                              @ DW_AT_data_member_location
	.byte	20                              @ Abbrev [20] 0x5f0:0xc DW_TAG_member
	.long	.Linfo_string138                @ DW_AT_name
	.long	457                             @ DW_AT_type
	.byte	9                               @ DW_AT_decl_file
	.byte	160                             @ DW_AT_decl_line
	.byte	76                              @ DW_AT_data_member_location
	.byte	20                              @ Abbrev [20] 0x5fc:0xc DW_TAG_member
	.long	.Linfo_string139                @ DW_AT_name
	.long	457                             @ DW_AT_type
	.byte	9                               @ DW_AT_decl_file
	.byte	170                             @ DW_AT_decl_line
	.byte	80                              @ DW_AT_data_member_location
	.byte	20                              @ Abbrev [20] 0x608:0xc DW_TAG_member
	.long	.Linfo_string140                @ DW_AT_name
	.long	457                             @ DW_AT_type
	.byte	9                               @ DW_AT_decl_file
	.byte	173                             @ DW_AT_decl_line
	.byte	84                              @ DW_AT_data_member_location
	.byte	20                              @ Abbrev [20] 0x614:0xc DW_TAG_member
	.long	.Linfo_string141                @ DW_AT_name
	.long	457                             @ DW_AT_type
	.byte	9                               @ DW_AT_decl_file
	.byte	176                             @ DW_AT_decl_line
	.byte	88                              @ DW_AT_data_member_location
	.byte	20                              @ Abbrev [20] 0x620:0xc DW_TAG_member
	.long	.Linfo_string142                @ DW_AT_name
	.long	457                             @ DW_AT_type
	.byte	9                               @ DW_AT_decl_file
	.byte	194                             @ DW_AT_decl_line
	.byte	92                              @ DW_AT_data_member_location
	.byte	20                              @ Abbrev [20] 0x62c:0xc DW_TAG_member
	.long	.Linfo_string143                @ DW_AT_name
	.long	457                             @ DW_AT_type
	.byte	9                               @ DW_AT_decl_file
	.byte	197                             @ DW_AT_decl_line
	.byte	96                              @ DW_AT_data_member_location
	.byte	20                              @ Abbrev [20] 0x638:0xc DW_TAG_member
	.long	.Linfo_string144                @ DW_AT_name
	.long	457                             @ DW_AT_type
	.byte	9                               @ DW_AT_decl_file
	.byte	200                             @ DW_AT_decl_line
	.byte	100                             @ DW_AT_data_member_location
	.byte	20                              @ Abbrev [20] 0x644:0xc DW_TAG_member
	.long	.Linfo_string145                @ DW_AT_name
	.long	457                             @ DW_AT_type
	.byte	9                               @ DW_AT_decl_file
	.byte	203                             @ DW_AT_decl_line
	.byte	104                             @ DW_AT_data_member_location
	.byte	20                              @ Abbrev [20] 0x650:0xc DW_TAG_member
	.long	.Linfo_string146                @ DW_AT_name
	.long	457                             @ DW_AT_type
	.byte	9                               @ DW_AT_decl_file
	.byte	212                             @ DW_AT_decl_line
	.byte	108                             @ DW_AT_data_member_location
	.byte	20                              @ Abbrev [20] 0x65c:0xc DW_TAG_member
	.long	.Linfo_string147                @ DW_AT_name
	.long	457                             @ DW_AT_type
	.byte	9                               @ DW_AT_decl_file
	.byte	216                             @ DW_AT_decl_line
	.byte	112                             @ DW_AT_data_member_location
	.byte	20                              @ Abbrev [20] 0x668:0xc DW_TAG_member
	.long	.Linfo_string148                @ DW_AT_name
	.long	457                             @ DW_AT_type
	.byte	9                               @ DW_AT_decl_file
	.byte	219                             @ DW_AT_decl_line
	.byte	116                             @ DW_AT_data_member_location
	.byte	20                              @ Abbrev [20] 0x674:0xc DW_TAG_member
	.long	.Linfo_string149                @ DW_AT_name
	.long	457                             @ DW_AT_type
	.byte	9                               @ DW_AT_decl_file
	.byte	222                             @ DW_AT_decl_line
	.byte	120                             @ DW_AT_data_member_location
	.byte	20                              @ Abbrev [20] 0x680:0xc DW_TAG_member
	.long	.Linfo_string150                @ DW_AT_name
	.long	457                             @ DW_AT_type
	.byte	9                               @ DW_AT_decl_file
	.byte	225                             @ DW_AT_decl_line
	.byte	124                             @ DW_AT_data_member_location
	.byte	20                              @ Abbrev [20] 0x68c:0xc DW_TAG_member
	.long	.Linfo_string151                @ DW_AT_name
	.long	457                             @ DW_AT_type
	.byte	9                               @ DW_AT_decl_file
	.byte	229                             @ DW_AT_decl_line
	.byte	128                             @ DW_AT_data_member_location
	.byte	20                              @ Abbrev [20] 0x698:0xc DW_TAG_member
	.long	.Linfo_string152                @ DW_AT_name
	.long	457                             @ DW_AT_type
	.byte	9                               @ DW_AT_decl_file
	.byte	236                             @ DW_AT_decl_line
	.byte	132                             @ DW_AT_data_member_location
	.byte	20                              @ Abbrev [20] 0x6a4:0xc DW_TAG_member
	.long	.Linfo_string153                @ DW_AT_name
	.long	457                             @ DW_AT_type
	.byte	9                               @ DW_AT_decl_file
	.byte	239                             @ DW_AT_decl_line
	.byte	136                             @ DW_AT_data_member_location
	.byte	20                              @ Abbrev [20] 0x6b0:0xc DW_TAG_member
	.long	.Linfo_string154                @ DW_AT_name
	.long	457                             @ DW_AT_type
	.byte	9                               @ DW_AT_decl_file
	.byte	242                             @ DW_AT_decl_line
	.byte	140                             @ DW_AT_data_member_location
	.byte	20                              @ Abbrev [20] 0x6bc:0xc DW_TAG_member
	.long	.Linfo_string155                @ DW_AT_name
	.long	457                             @ DW_AT_type
	.byte	9                               @ DW_AT_decl_file
	.byte	245                             @ DW_AT_decl_line
	.byte	144                             @ DW_AT_data_member_location
	.byte	20                              @ Abbrev [20] 0x6c8:0xc DW_TAG_member
	.long	.Linfo_string156                @ DW_AT_name
	.long	457                             @ DW_AT_type
	.byte	9                               @ DW_AT_decl_file
	.byte	248                             @ DW_AT_decl_line
	.byte	148                             @ DW_AT_data_member_location
	.byte	20                              @ Abbrev [20] 0x6d4:0xc DW_TAG_member
	.long	.Linfo_string157                @ DW_AT_name
	.long	457                             @ DW_AT_type
	.byte	9                               @ DW_AT_decl_file
	.byte	251                             @ DW_AT_decl_line
	.byte	152                             @ DW_AT_data_member_location
	.byte	20                              @ Abbrev [20] 0x6e0:0xc DW_TAG_member
	.long	.Linfo_string158                @ DW_AT_name
	.long	457                             @ DW_AT_type
	.byte	9                               @ DW_AT_decl_file
	.byte	254                             @ DW_AT_decl_line
	.byte	156                             @ DW_AT_data_member_location
	.byte	9                               @ Abbrev [9] 0x6ec:0xd DW_TAG_member
	.long	.Linfo_string159                @ DW_AT_name
	.long	457                             @ DW_AT_type
	.byte	9                               @ DW_AT_decl_file
	.short	257                             @ DW_AT_decl_line
	.byte	160                             @ DW_AT_data_member_location
	.byte	9                               @ Abbrev [9] 0x6f9:0xd DW_TAG_member
	.long	.Linfo_string160                @ DW_AT_name
	.long	457                             @ DW_AT_type
	.byte	9                               @ DW_AT_decl_file
	.short	260                             @ DW_AT_decl_line
	.byte	164                             @ DW_AT_data_member_location
	.byte	9                               @ Abbrev [9] 0x706:0xd DW_TAG_member
	.long	.Linfo_string161                @ DW_AT_name
	.long	457                             @ DW_AT_type
	.byte	9                               @ DW_AT_decl_file
	.short	263                             @ DW_AT_decl_line
	.byte	168                             @ DW_AT_data_member_location
	.byte	9                               @ Abbrev [9] 0x713:0xd DW_TAG_member
	.long	.Linfo_string162                @ DW_AT_name
	.long	457                             @ DW_AT_type
	.byte	9                               @ DW_AT_decl_file
	.short	267                             @ DW_AT_decl_line
	.byte	172                             @ DW_AT_data_member_location
	.byte	9                               @ Abbrev [9] 0x720:0xd DW_TAG_member
	.long	.Linfo_string163                @ DW_AT_name
	.long	457                             @ DW_AT_type
	.byte	9                               @ DW_AT_decl_file
	.short	270                             @ DW_AT_decl_line
	.byte	176                             @ DW_AT_data_member_location
	.byte	9                               @ Abbrev [9] 0x72d:0xd DW_TAG_member
	.long	.Linfo_string164                @ DW_AT_name
	.long	457                             @ DW_AT_type
	.byte	9                               @ DW_AT_decl_file
	.short	278                             @ DW_AT_decl_line
	.byte	180                             @ DW_AT_data_member_location
	.byte	0                               @ End Of Children Mark
	.byte	11                              @ Abbrev [11] 0x73b:0xb DW_TAG_typedef
	.long	1862                            @ DW_AT_type
	.long	.Linfo_string126                @ DW_AT_name
	.byte	9                               @ DW_AT_decl_file
	.byte	72                              @ DW_AT_decl_line
	.byte	19                              @ Abbrev [19] 0x746:0x65 DW_TAG_structure_type
	.byte	32                              @ DW_AT_byte_size
	.byte	9                               @ DW_AT_decl_file
	.byte	45                              @ DW_AT_decl_line
	.byte	20                              @ Abbrev [20] 0x74a:0xc DW_TAG_member
	.long	.Linfo_string118                @ DW_AT_name
	.long	457                             @ DW_AT_type
	.byte	9                               @ DW_AT_decl_file
	.byte	48                              @ DW_AT_decl_line
	.byte	0                               @ DW_AT_data_member_location
	.byte	20                              @ Abbrev [20] 0x756:0xc DW_TAG_member
	.long	.Linfo_string119                @ DW_AT_name
	.long	457                             @ DW_AT_type
	.byte	9                               @ DW_AT_decl_file
	.byte	51                              @ DW_AT_decl_line
	.byte	4                               @ DW_AT_data_member_location
	.byte	20                              @ Abbrev [20] 0x762:0xc DW_TAG_member
	.long	.Linfo_string120                @ DW_AT_name
	.long	457                             @ DW_AT_type
	.byte	9                               @ DW_AT_decl_file
	.byte	56                              @ DW_AT_decl_line
	.byte	8                               @ DW_AT_data_member_location
	.byte	20                              @ Abbrev [20] 0x76e:0xc DW_TAG_member
	.long	.Linfo_string121                @ DW_AT_name
	.long	457                             @ DW_AT_type
	.byte	9                               @ DW_AT_decl_file
	.byte	60                              @ DW_AT_decl_line
	.byte	12                              @ DW_AT_data_member_location
	.byte	20                              @ Abbrev [20] 0x77a:0xc DW_TAG_member
	.long	.Linfo_string122                @ DW_AT_name
	.long	457                             @ DW_AT_type
	.byte	9                               @ DW_AT_decl_file
	.byte	63                              @ DW_AT_decl_line
	.byte	16                              @ DW_AT_data_member_location
	.byte	20                              @ Abbrev [20] 0x786:0xc DW_TAG_member
	.long	.Linfo_string123                @ DW_AT_name
	.long	457                             @ DW_AT_type
	.byte	9                               @ DW_AT_decl_file
	.byte	65                              @ DW_AT_decl_line
	.byte	20                              @ DW_AT_data_member_location
	.byte	20                              @ Abbrev [20] 0x792:0xc DW_TAG_member
	.long	.Linfo_string124                @ DW_AT_name
	.long	457                             @ DW_AT_type
	.byte	9                               @ DW_AT_decl_file
	.byte	67                              @ DW_AT_decl_line
	.byte	24                              @ DW_AT_data_member_location
	.byte	20                              @ Abbrev [20] 0x79e:0xc DW_TAG_member
	.long	.Linfo_string125                @ DW_AT_name
	.long	457                             @ DW_AT_type
	.byte	9                               @ DW_AT_decl_file
	.byte	70                              @ DW_AT_decl_line
	.byte	28                              @ DW_AT_data_member_location
	.byte	0                               @ End Of Children Mark
	.byte	11                              @ Abbrev [11] 0x7ab:0xb DW_TAG_typedef
	.long	1974                            @ DW_AT_type
	.long	.Linfo_string136                @ DW_AT_name
	.byte	9                               @ DW_AT_decl_file
	.byte	104                             @ DW_AT_decl_line
	.byte	19                              @ Abbrev [19] 0x7b6:0x65 DW_TAG_structure_type
	.byte	32                              @ DW_AT_byte_size
	.byte	9                               @ DW_AT_decl_file
	.byte	77                              @ DW_AT_decl_line
	.byte	20                              @ Abbrev [20] 0x7ba:0xc DW_TAG_member
	.long	.Linfo_string128                @ DW_AT_name
	.long	457                             @ DW_AT_type
	.byte	9                               @ DW_AT_decl_file
	.byte	80                              @ DW_AT_decl_line
	.byte	0                               @ DW_AT_data_member_location
	.byte	20                              @ Abbrev [20] 0x7c6:0xc DW_TAG_member
	.long	.Linfo_string129                @ DW_AT_name
	.long	457                             @ DW_AT_type
	.byte	9                               @ DW_AT_decl_file
	.byte	83                              @ DW_AT_decl_line
	.byte	4                               @ DW_AT_data_member_location
	.byte	20                              @ Abbrev [20] 0x7d2:0xc DW_TAG_member
	.long	.Linfo_string130                @ DW_AT_name
	.long	457                             @ DW_AT_type
	.byte	9                               @ DW_AT_decl_file
	.byte	88                              @ DW_AT_decl_line
	.byte	8                               @ DW_AT_data_member_location
	.byte	20                              @ Abbrev [20] 0x7de:0xc DW_TAG_member
	.long	.Linfo_string131                @ DW_AT_name
	.long	457                             @ DW_AT_type
	.byte	9                               @ DW_AT_decl_file
	.byte	92                              @ DW_AT_decl_line
	.byte	12                              @ DW_AT_data_member_location
	.byte	20                              @ Abbrev [20] 0x7ea:0xc DW_TAG_member
	.long	.Linfo_string132                @ DW_AT_name
	.long	457                             @ DW_AT_type
	.byte	9                               @ DW_AT_decl_file
	.byte	95                              @ DW_AT_decl_line
	.byte	16                              @ DW_AT_data_member_location
	.byte	20                              @ Abbrev [20] 0x7f6:0xc DW_TAG_member
	.long	.Linfo_string133                @ DW_AT_name
	.long	457                             @ DW_AT_type
	.byte	9                               @ DW_AT_decl_file
	.byte	97                              @ DW_AT_decl_line
	.byte	20                              @ DW_AT_data_member_location
	.byte	20                              @ Abbrev [20] 0x802:0xc DW_TAG_member
	.long	.Linfo_string134                @ DW_AT_name
	.long	457                             @ DW_AT_type
	.byte	9                               @ DW_AT_decl_file
	.byte	99                              @ DW_AT_decl_line
	.byte	24                              @ DW_AT_data_member_location
	.byte	20                              @ Abbrev [20] 0x80e:0xc DW_TAG_member
	.long	.Linfo_string135                @ DW_AT_name
	.long	457                             @ DW_AT_type
	.byte	9                               @ DW_AT_decl_file
	.byte	102                             @ DW_AT_decl_line
	.byte	28                              @ DW_AT_data_member_location
	.byte	0                               @ End Of Children Mark
	.byte	6                               @ Abbrev [6] 0x81b:0x5 DW_TAG_pointer_type
	.long	2080                            @ DW_AT_type
	.byte	7                               @ Abbrev [7] 0x820:0xc DW_TAG_typedef
	.long	2092                            @ DW_AT_type
	.long	.Linfo_string231                @ DW_AT_name
	.byte	2                               @ DW_AT_decl_file
	.short	401                             @ DW_AT_decl_line
	.byte	8                               @ Abbrev [8] 0x82c:0x7b DW_TAG_structure_type
	.byte	76                              @ DW_AT_byte_size
	.byte	2                               @ DW_AT_decl_file
	.short	357                             @ DW_AT_decl_line
	.byte	9                               @ Abbrev [9] 0x831:0xd DW_TAG_member
	.long	.Linfo_string167                @ DW_AT_name
	.long	493                             @ DW_AT_type
	.byte	2                               @ DW_AT_decl_file
	.short	360                             @ DW_AT_decl_line
	.byte	0                               @ DW_AT_data_member_location
	.byte	9                               @ Abbrev [9] 0x83e:0xd DW_TAG_member
	.long	.Linfo_string168                @ DW_AT_name
	.long	2215                            @ DW_AT_type
	.byte	2                               @ DW_AT_decl_file
	.short	361                             @ DW_AT_decl_line
	.byte	4                               @ DW_AT_data_member_location
	.byte	9                               @ Abbrev [9] 0x84b:0xd DW_TAG_member
	.long	.Linfo_string176                @ DW_AT_name
	.long	2303                            @ DW_AT_type
	.byte	2                               @ DW_AT_decl_file
	.short	362                             @ DW_AT_decl_line
	.byte	28                              @ DW_AT_data_member_location
	.byte	9                               @ Abbrev [9] 0x858:0xd DW_TAG_member
	.long	.Linfo_string178                @ DW_AT_name
	.long	2315                            @ DW_AT_type
	.byte	2                               @ DW_AT_decl_file
	.short	363                             @ DW_AT_decl_line
	.byte	32                              @ DW_AT_data_member_location
	.byte	9                               @ Abbrev [9] 0x865:0xd DW_TAG_member
	.long	.Linfo_string192                @ DW_AT_name
	.long	2753                            @ DW_AT_type
	.byte	2                               @ DW_AT_decl_file
	.short	365                             @ DW_AT_decl_line
	.byte	60                              @ DW_AT_data_member_location
	.byte	9                               @ Abbrev [9] 0x872:0xd DW_TAG_member
	.long	.Linfo_string194                @ DW_AT_name
	.long	2974                            @ DW_AT_type
	.byte	2                               @ DW_AT_decl_file
	.short	366                             @ DW_AT_decl_line
	.byte	61                              @ DW_AT_data_member_location
	.byte	9                               @ Abbrev [9] 0x87f:0xd DW_TAG_member
	.long	.Linfo_string226                @ DW_AT_name
	.long	2991                            @ DW_AT_type
	.byte	2                               @ DW_AT_decl_file
	.short	367                             @ DW_AT_decl_line
	.byte	62                              @ DW_AT_data_member_location
	.byte	9                               @ Abbrev [9] 0x88c:0xd DW_TAG_member
	.long	.Linfo_string228                @ DW_AT_name
	.long	3020                            @ DW_AT_type
	.byte	2                               @ DW_AT_decl_file
	.short	368                             @ DW_AT_decl_line
	.byte	68                              @ DW_AT_data_member_location
	.byte	9                               @ Abbrev [9] 0x899:0xd DW_TAG_member
	.long	.Linfo_string229                @ DW_AT_name
	.long	3032                            @ DW_AT_type
	.byte	2                               @ DW_AT_decl_file
	.short	369                             @ DW_AT_decl_line
	.byte	72                              @ DW_AT_data_member_location
	.byte	0                               @ End Of Children Mark
	.byte	11                              @ Abbrev [11] 0x8a7:0xb DW_TAG_typedef
	.long	2226                            @ DW_AT_type
	.long	.Linfo_string175                @ DW_AT_name
	.byte	2                               @ DW_AT_decl_file
	.byte	74                              @ DW_AT_decl_line
	.byte	19                              @ Abbrev [19] 0x8b2:0x4d DW_TAG_structure_type
	.byte	24                              @ DW_AT_byte_size
	.byte	2                               @ DW_AT_decl_file
	.byte	46                              @ DW_AT_decl_line
	.byte	20                              @ Abbrev [20] 0x8b6:0xc DW_TAG_member
	.long	.Linfo_string169                @ DW_AT_name
	.long	457                             @ DW_AT_type
	.byte	2                               @ DW_AT_decl_file
	.byte	48                              @ DW_AT_decl_line
	.byte	0                               @ DW_AT_data_member_location
	.byte	20                              @ Abbrev [20] 0x8c2:0xc DW_TAG_member
	.long	.Linfo_string170                @ DW_AT_name
	.long	457                             @ DW_AT_type
	.byte	2                               @ DW_AT_decl_file
	.byte	51                              @ DW_AT_decl_line
	.byte	4                               @ DW_AT_data_member_location
	.byte	20                              @ Abbrev [20] 0x8ce:0xc DW_TAG_member
	.long	.Linfo_string171                @ DW_AT_name
	.long	457                             @ DW_AT_type
	.byte	2                               @ DW_AT_decl_file
	.byte	54                              @ DW_AT_decl_line
	.byte	8                               @ DW_AT_data_member_location
	.byte	20                              @ Abbrev [20] 0x8da:0xc DW_TAG_member
	.long	.Linfo_string172                @ DW_AT_name
	.long	457                             @ DW_AT_type
	.byte	2                               @ DW_AT_decl_file
	.byte	58                              @ DW_AT_decl_line
	.byte	12                              @ DW_AT_data_member_location
	.byte	20                              @ Abbrev [20] 0x8e6:0xc DW_TAG_member
	.long	.Linfo_string173                @ DW_AT_name
	.long	457                             @ DW_AT_type
	.byte	2                               @ DW_AT_decl_file
	.byte	61                              @ DW_AT_decl_line
	.byte	16                              @ DW_AT_data_member_location
	.byte	20                              @ Abbrev [20] 0x8f2:0xc DW_TAG_member
	.long	.Linfo_string174                @ DW_AT_name
	.long	457                             @ DW_AT_type
	.byte	2                               @ DW_AT_decl_file
	.byte	72                              @ DW_AT_decl_line
	.byte	20                              @ DW_AT_data_member_location
	.byte	0                               @ End Of Children Mark
	.byte	7                               @ Abbrev [7] 0x8ff:0xc DW_TAG_typedef
	.long	78                              @ DW_AT_type
	.long	.Linfo_string177                @ DW_AT_name
	.byte	2                               @ DW_AT_decl_file
	.short	349                             @ DW_AT_decl_line
	.byte	21                              @ Abbrev [21] 0x90b:0xc DW_TAG_array_type
	.long	2327                            @ DW_AT_type
	.byte	22                              @ Abbrev [22] 0x910:0x6 DW_TAG_subrange_type
	.long	2967                            @ DW_AT_type
	.byte	7                               @ DW_AT_count
	.byte	0                               @ End Of Children Mark
	.byte	6                               @ Abbrev [6] 0x917:0x5 DW_TAG_pointer_type
	.long	2332                            @ DW_AT_type
	.byte	11                              @ Abbrev [11] 0x91c:0xb DW_TAG_typedef
	.long	2343                            @ DW_AT_type
	.long	.Linfo_string223                @ DW_AT_name
	.byte	3                               @ DW_AT_decl_file
	.byte	179                             @ DW_AT_decl_line
	.byte	23                              @ Abbrev [23] 0x927:0xf9 DW_TAG_structure_type
	.long	.Linfo_string222                @ DW_AT_name
	.byte	120                             @ DW_AT_byte_size
	.byte	3                               @ DW_AT_decl_file
	.byte	136                             @ DW_AT_decl_line
	.byte	20                              @ Abbrev [20] 0x92f:0xc DW_TAG_member
	.long	.Linfo_string167                @ DW_AT_name
	.long	2592                            @ DW_AT_type
	.byte	3                               @ DW_AT_decl_file
	.byte	138                             @ DW_AT_decl_line
	.byte	0                               @ DW_AT_data_member_location
	.byte	20                              @ Abbrev [20] 0x93b:0xc DW_TAG_member
	.long	.Linfo_string168                @ DW_AT_name
	.long	2593                            @ DW_AT_type
	.byte	3                               @ DW_AT_decl_file
	.byte	140                             @ DW_AT_decl_line
	.byte	4                               @ DW_AT_data_member_location
	.byte	20                              @ Abbrev [20] 0x947:0xc DW_TAG_member
	.long	.Linfo_string192                @ DW_AT_name
	.long	2753                            @ DW_AT_type
	.byte	3                               @ DW_AT_decl_file
	.byte	142                             @ DW_AT_decl_line
	.byte	52                              @ DW_AT_data_member_location
	.byte	20                              @ Abbrev [20] 0x953:0xc DW_TAG_member
	.long	.Linfo_string194                @ DW_AT_name
	.long	2764                            @ DW_AT_type
	.byte	3                               @ DW_AT_decl_file
	.byte	144                             @ DW_AT_decl_line
	.byte	53                              @ DW_AT_data_member_location
	.byte	20                              @ Abbrev [20] 0x95f:0xc DW_TAG_member
	.long	.Linfo_string196                @ DW_AT_name
	.long	2592                            @ DW_AT_type
	.byte	3                               @ DW_AT_decl_file
	.byte	146                             @ DW_AT_decl_line
	.byte	56                              @ DW_AT_data_member_location
	.byte	20                              @ Abbrev [20] 0x96b:0xc DW_TAG_member
	.long	.Linfo_string197                @ DW_AT_name
	.long	2780                            @ DW_AT_type
	.byte	3                               @ DW_AT_decl_file
	.byte	148                             @ DW_AT_decl_line
	.byte	60                              @ DW_AT_data_member_location
	.byte	20                              @ Abbrev [20] 0x977:0xc DW_TAG_member
	.long	.Linfo_string198                @ DW_AT_name
	.long	2780                            @ DW_AT_type
	.byte	3                               @ DW_AT_decl_file
	.byte	150                             @ DW_AT_decl_line
	.byte	64                              @ DW_AT_data_member_location
	.byte	20                              @ Abbrev [20] 0x983:0xc DW_TAG_member
	.long	.Linfo_string199                @ DW_AT_name
	.long	2780                            @ DW_AT_type
	.byte	3                               @ DW_AT_decl_file
	.byte	152                             @ DW_AT_decl_line
	.byte	68                              @ DW_AT_data_member_location
	.byte	20                              @ Abbrev [20] 0x98f:0xc DW_TAG_member
	.long	.Linfo_string200                @ DW_AT_name
	.long	2780                            @ DW_AT_type
	.byte	3                               @ DW_AT_decl_file
	.byte	154                             @ DW_AT_decl_line
	.byte	72                              @ DW_AT_data_member_location
	.byte	20                              @ Abbrev [20] 0x99b:0xc DW_TAG_member
	.long	.Linfo_string201                @ DW_AT_name
	.long	2780                            @ DW_AT_type
	.byte	3                               @ DW_AT_decl_file
	.byte	156                             @ DW_AT_decl_line
	.byte	76                              @ DW_AT_data_member_location
	.byte	20                              @ Abbrev [20] 0x9a7:0xc DW_TAG_member
	.long	.Linfo_string202                @ DW_AT_name
	.long	2780                            @ DW_AT_type
	.byte	3                               @ DW_AT_decl_file
	.byte	158                             @ DW_AT_decl_line
	.byte	80                              @ DW_AT_data_member_location
	.byte	20                              @ Abbrev [20] 0x9b3:0xc DW_TAG_member
	.long	.Linfo_string203                @ DW_AT_name
	.long	452                             @ DW_AT_type
	.byte	3                               @ DW_AT_decl_file
	.byte	160                             @ DW_AT_decl_line
	.byte	84                              @ DW_AT_data_member_location
	.byte	20                              @ Abbrev [20] 0x9bf:0xc DW_TAG_member
	.long	.Linfo_string204                @ DW_AT_name
	.long	457                             @ DW_AT_type
	.byte	3                               @ DW_AT_decl_file
	.byte	162                             @ DW_AT_decl_line
	.byte	88                              @ DW_AT_data_member_location
	.byte	20                              @ Abbrev [20] 0x9cb:0xc DW_TAG_member
	.long	.Linfo_string205                @ DW_AT_name
	.long	457                             @ DW_AT_type
	.byte	3                               @ DW_AT_decl_file
	.byte	164                             @ DW_AT_decl_line
	.byte	92                              @ DW_AT_data_member_location
	.byte	20                              @ Abbrev [20] 0x9d7:0xc DW_TAG_member
	.long	.Linfo_string206                @ DW_AT_name
	.long	2797                            @ DW_AT_type
	.byte	3                               @ DW_AT_decl_file
	.byte	166                             @ DW_AT_decl_line
	.byte	96                              @ DW_AT_data_member_location
	.byte	20                              @ Abbrev [20] 0x9e3:0xc DW_TAG_member
	.long	.Linfo_string209                @ DW_AT_name
	.long	2833                            @ DW_AT_type
	.byte	3                               @ DW_AT_decl_file
	.byte	168                             @ DW_AT_decl_line
	.byte	100                             @ DW_AT_data_member_location
	.byte	20                              @ Abbrev [20] 0x9ef:0xc DW_TAG_member
	.long	.Linfo_string213                @ DW_AT_name
	.long	457                             @ DW_AT_type
	.byte	3                               @ DW_AT_decl_file
	.byte	170                             @ DW_AT_decl_line
	.byte	104                             @ DW_AT_data_member_location
	.byte	20                              @ Abbrev [20] 0x9fb:0xc DW_TAG_member
	.long	.Linfo_string214                @ DW_AT_name
	.long	2882                            @ DW_AT_type
	.byte	3                               @ DW_AT_decl_file
	.byte	173                             @ DW_AT_decl_line
	.byte	108                             @ DW_AT_data_member_location
	.byte	20                              @ Abbrev [20] 0xa07:0xc DW_TAG_member
	.long	.Linfo_string217                @ DW_AT_name
	.long	2918                            @ DW_AT_type
	.byte	3                               @ DW_AT_decl_file
	.byte	175                             @ DW_AT_decl_line
	.byte	112                             @ DW_AT_data_member_location
	.byte	20                              @ Abbrev [20] 0xa13:0xc DW_TAG_member
	.long	.Linfo_string221                @ DW_AT_name
	.long	457                             @ DW_AT_type
	.byte	3                               @ DW_AT_decl_file
	.byte	177                             @ DW_AT_decl_line
	.byte	116                             @ DW_AT_data_member_location
	.byte	0                               @ End Of Children Mark
	.byte	24                              @ Abbrev [24] 0xa20:0x1 DW_TAG_pointer_type
	.byte	11                              @ Abbrev [11] 0xa21:0xb DW_TAG_typedef
	.long	2604                            @ DW_AT_type
	.long	.Linfo_string191                @ DW_AT_name
	.byte	3                               @ DW_AT_decl_file
	.byte	96                              @ DW_AT_decl_line
	.byte	19                              @ Abbrev [19] 0xa2c:0x95 DW_TAG_structure_type
	.byte	48                              @ DW_AT_byte_size
	.byte	3                               @ DW_AT_decl_file
	.byte	48                              @ DW_AT_decl_line
	.byte	20                              @ Abbrev [20] 0xa30:0xc DW_TAG_member
	.long	.Linfo_string179                @ DW_AT_name
	.long	457                             @ DW_AT_type
	.byte	3                               @ DW_AT_decl_file
	.byte	50                              @ DW_AT_decl_line
	.byte	0                               @ DW_AT_data_member_location
	.byte	20                              @ Abbrev [20] 0xa3c:0xc DW_TAG_member
	.long	.Linfo_string180                @ DW_AT_name
	.long	457                             @ DW_AT_type
	.byte	3                               @ DW_AT_decl_file
	.byte	53                              @ DW_AT_decl_line
	.byte	4                               @ DW_AT_data_member_location
	.byte	20                              @ Abbrev [20] 0xa48:0xc DW_TAG_member
	.long	.Linfo_string181                @ DW_AT_name
	.long	457                             @ DW_AT_type
	.byte	3                               @ DW_AT_decl_file
	.byte	57                              @ DW_AT_decl_line
	.byte	8                               @ DW_AT_data_member_location
	.byte	20                              @ Abbrev [20] 0xa54:0xc DW_TAG_member
	.long	.Linfo_string182                @ DW_AT_name
	.long	457                             @ DW_AT_type
	.byte	3                               @ DW_AT_decl_file
	.byte	60                              @ DW_AT_decl_line
	.byte	12                              @ DW_AT_data_member_location
	.byte	20                              @ Abbrev [20] 0xa60:0xc DW_TAG_member
	.long	.Linfo_string183                @ DW_AT_name
	.long	457                             @ DW_AT_type
	.byte	3                               @ DW_AT_decl_file
	.byte	63                              @ DW_AT_decl_line
	.byte	16                              @ DW_AT_data_member_location
	.byte	20                              @ Abbrev [20] 0xa6c:0xc DW_TAG_member
	.long	.Linfo_string184                @ DW_AT_name
	.long	457                             @ DW_AT_type
	.byte	3                               @ DW_AT_decl_file
	.byte	66                              @ DW_AT_decl_line
	.byte	20                              @ DW_AT_data_member_location
	.byte	20                              @ Abbrev [20] 0xa78:0xc DW_TAG_member
	.long	.Linfo_string185                @ DW_AT_name
	.long	457                             @ DW_AT_type
	.byte	3                               @ DW_AT_decl_file
	.byte	69                              @ DW_AT_decl_line
	.byte	24                              @ DW_AT_data_member_location
	.byte	20                              @ Abbrev [20] 0xa84:0xc DW_TAG_member
	.long	.Linfo_string186                @ DW_AT_name
	.long	457                             @ DW_AT_type
	.byte	3                               @ DW_AT_decl_file
	.byte	74                              @ DW_AT_decl_line
	.byte	28                              @ DW_AT_data_member_location
	.byte	20                              @ Abbrev [20] 0xa90:0xc DW_TAG_member
	.long	.Linfo_string187                @ DW_AT_name
	.long	457                             @ DW_AT_type
	.byte	3                               @ DW_AT_decl_file
	.byte	77                              @ DW_AT_decl_line
	.byte	32                              @ DW_AT_data_member_location
	.byte	20                              @ Abbrev [20] 0xa9c:0xc DW_TAG_member
	.long	.Linfo_string188                @ DW_AT_name
	.long	457                             @ DW_AT_type
	.byte	3                               @ DW_AT_decl_file
	.byte	82                              @ DW_AT_decl_line
	.byte	36                              @ DW_AT_data_member_location
	.byte	20                              @ Abbrev [20] 0xaa8:0xc DW_TAG_member
	.long	.Linfo_string189                @ DW_AT_name
	.long	457                             @ DW_AT_type
	.byte	3                               @ DW_AT_decl_file
	.byte	85                              @ DW_AT_decl_line
	.byte	40                              @ DW_AT_data_member_location
	.byte	20                              @ Abbrev [20] 0xab4:0xc DW_TAG_member
	.long	.Linfo_string190                @ DW_AT_name
	.long	457                             @ DW_AT_type
	.byte	3                               @ DW_AT_decl_file
	.byte	91                              @ DW_AT_decl_line
	.byte	44                              @ DW_AT_data_member_location
	.byte	0                               @ End Of Children Mark
	.byte	11                              @ Abbrev [11] 0xac1:0xb DW_TAG_typedef
	.long	130                             @ DW_AT_type
	.long	.Linfo_string193                @ DW_AT_name
	.byte	1                               @ DW_AT_decl_file
	.byte	54                              @ DW_AT_decl_line
	.byte	10                              @ Abbrev [10] 0xacc:0x5 DW_TAG_volatile_type
	.long	2769                            @ DW_AT_type
	.byte	11                              @ Abbrev [11] 0xad1:0xb DW_TAG_typedef
	.long	151                             @ DW_AT_type
	.long	.Linfo_string195                @ DW_AT_name
	.byte	3                               @ DW_AT_decl_file
	.byte	108                             @ DW_AT_decl_line
	.byte	6                               @ Abbrev [6] 0xadc:0x5 DW_TAG_pointer_type
	.long	2785                            @ DW_AT_type
	.byte	25                              @ Abbrev [25] 0xae1:0x7 DW_TAG_subroutine_type
                                        @ DW_AT_prototyped
	.byte	26                              @ Abbrev [26] 0xae2:0x5 DW_TAG_formal_parameter
	.long	2792                            @ DW_AT_type
	.byte	0                               @ End Of Children Mark
	.byte	6                               @ Abbrev [6] 0xae8:0x5 DW_TAG_pointer_type
	.long	2343                            @ DW_AT_type
	.byte	6                               @ Abbrev [6] 0xaed:0x5 DW_TAG_pointer_type
	.long	2802                            @ DW_AT_type
	.byte	7                               @ Abbrev [7] 0xaf2:0xc DW_TAG_typedef
	.long	2814                            @ DW_AT_type
	.long	.Linfo_string208                @ DW_AT_name
	.byte	5                               @ DW_AT_decl_file
	.short	636                             @ DW_AT_decl_line
	.byte	8                               @ Abbrev [8] 0xafe:0x13 DW_TAG_structure_type
	.byte	4                               @ DW_AT_byte_size
	.byte	5                               @ DW_AT_decl_file
	.short	633                             @ DW_AT_decl_line
	.byte	9                               @ Abbrev [9] 0xb03:0xd DW_TAG_member
	.long	.Linfo_string207                @ DW_AT_name
	.long	452                             @ DW_AT_type
	.byte	5                               @ DW_AT_decl_file
	.short	635                             @ DW_AT_decl_line
	.byte	0                               @ DW_AT_data_member_location
	.byte	0                               @ End Of Children Mark
	.byte	6                               @ Abbrev [6] 0xb11:0x5 DW_TAG_pointer_type
	.long	2838                            @ DW_AT_type
	.byte	7                               @ Abbrev [7] 0xb16:0xc DW_TAG_typedef
	.long	2850                            @ DW_AT_type
	.long	.Linfo_string212                @ DW_AT_name
	.byte	5                               @ DW_AT_decl_file
	.short	642                             @ DW_AT_decl_line
	.byte	8                               @ Abbrev [8] 0xb22:0x20 DW_TAG_structure_type
	.byte	8                               @ DW_AT_byte_size
	.byte	5                               @ DW_AT_decl_file
	.short	638                             @ DW_AT_decl_line
	.byte	9                               @ Abbrev [9] 0xb27:0xd DW_TAG_member
	.long	.Linfo_string210                @ DW_AT_name
	.long	452                             @ DW_AT_type
	.byte	5                               @ DW_AT_decl_file
	.short	640                             @ DW_AT_decl_line
	.byte	0                               @ DW_AT_data_member_location
	.byte	9                               @ Abbrev [9] 0xb34:0xd DW_TAG_member
	.long	.Linfo_string211                @ DW_AT_name
	.long	452                             @ DW_AT_type
	.byte	5                               @ DW_AT_decl_file
	.short	641                             @ DW_AT_decl_line
	.byte	4                               @ DW_AT_data_member_location
	.byte	0                               @ End Of Children Mark
	.byte	6                               @ Abbrev [6] 0xb42:0x5 DW_TAG_pointer_type
	.long	2887                            @ DW_AT_type
	.byte	7                               @ Abbrev [7] 0xb47:0xc DW_TAG_typedef
	.long	2899                            @ DW_AT_type
	.long	.Linfo_string216                @ DW_AT_name
	.byte	5                               @ DW_AT_decl_file
	.short	647                             @ DW_AT_decl_line
	.byte	8                               @ Abbrev [8] 0xb53:0x13 DW_TAG_structure_type
	.byte	4                               @ DW_AT_byte_size
	.byte	5                               @ DW_AT_decl_file
	.short	644                             @ DW_AT_decl_line
	.byte	9                               @ Abbrev [9] 0xb58:0xd DW_TAG_member
	.long	.Linfo_string215                @ DW_AT_name
	.long	452                             @ DW_AT_type
	.byte	5                               @ DW_AT_decl_file
	.short	646                             @ DW_AT_decl_line
	.byte	0                               @ DW_AT_data_member_location
	.byte	0                               @ End Of Children Mark
	.byte	6                               @ Abbrev [6] 0xb66:0x5 DW_TAG_pointer_type
	.long	2923                            @ DW_AT_type
	.byte	7                               @ Abbrev [7] 0xb6b:0xc DW_TAG_typedef
	.long	2935                            @ DW_AT_type
	.long	.Linfo_string220                @ DW_AT_name
	.byte	5                               @ DW_AT_decl_file
	.short	653                             @ DW_AT_decl_line
	.byte	8                               @ Abbrev [8] 0xb77:0x20 DW_TAG_structure_type
	.byte	8                               @ DW_AT_byte_size
	.byte	5                               @ DW_AT_decl_file
	.short	649                             @ DW_AT_decl_line
	.byte	9                               @ Abbrev [9] 0xb7c:0xd DW_TAG_member
	.long	.Linfo_string218                @ DW_AT_name
	.long	452                             @ DW_AT_type
	.byte	5                               @ DW_AT_decl_file
	.short	651                             @ DW_AT_decl_line
	.byte	0                               @ DW_AT_data_member_location
	.byte	9                               @ Abbrev [9] 0xb89:0xd DW_TAG_member
	.long	.Linfo_string219                @ DW_AT_name
	.long	452                             @ DW_AT_type
	.byte	5                               @ DW_AT_decl_file
	.short	652                             @ DW_AT_decl_line
	.byte	4                               @ DW_AT_data_member_location
	.byte	0                               @ End Of Children Mark
	.byte	27                              @ Abbrev [27] 0xb97:0x7 DW_TAG_base_type
	.long	.Linfo_string224                @ DW_AT_name
	.byte	8                               @ DW_AT_byte_size
	.byte	7                               @ DW_AT_encoding
	.byte	10                              @ Abbrev [10] 0xb9e:0x5 DW_TAG_volatile_type
	.long	2979                            @ DW_AT_type
	.byte	7                               @ Abbrev [7] 0xba3:0xc DW_TAG_typedef
	.long	190                             @ DW_AT_type
	.long	.Linfo_string225                @ DW_AT_name
	.byte	2                               @ DW_AT_decl_file
	.short	315                             @ DW_AT_decl_line
	.byte	21                              @ Abbrev [21] 0xbaf:0xc DW_TAG_array_type
	.long	3003                            @ DW_AT_type
	.byte	22                              @ Abbrev [22] 0xbb4:0x6 DW_TAG_subrange_type
	.long	2967                            @ DW_AT_type
	.byte	6                               @ DW_AT_count
	.byte	0                               @ End Of Children Mark
	.byte	10                              @ Abbrev [10] 0xbbb:0x5 DW_TAG_volatile_type
	.long	3008                            @ DW_AT_type
	.byte	7                               @ Abbrev [7] 0xbc0:0xc DW_TAG_typedef
	.long	230                             @ DW_AT_type
	.long	.Linfo_string227                @ DW_AT_name
	.byte	2                               @ DW_AT_decl_file
	.short	325                             @ DW_AT_decl_line
	.byte	21                              @ Abbrev [21] 0xbcc:0xc DW_TAG_array_type
	.long	3003                            @ DW_AT_type
	.byte	22                              @ Abbrev [22] 0xbd1:0x6 DW_TAG_subrange_type
	.long	2967                            @ DW_AT_type
	.byte	4                               @ DW_AT_count
	.byte	0                               @ End Of Children Mark
	.byte	10                              @ Abbrev [10] 0xbd8:0x5 DW_TAG_volatile_type
	.long	3037                            @ DW_AT_type
	.byte	7                               @ Abbrev [7] 0xbdd:0xc DW_TAG_typedef
	.long	258                             @ DW_AT_type
	.long	.Linfo_string230                @ DW_AT_name
	.byte	2                               @ DW_AT_decl_file
	.short	335                             @ DW_AT_decl_line
	.byte	0                               @ End Of Children Mark
.Ldebug_info_end0:
	.section	.debug_ranges,"",%progbits
.Ldebug_ranges0:
	.long	.Lfunc_begin0
	.long	.Lfunc_end0
	.long	.Lfunc_begin1
	.long	.Lfunc_end1
	.long	.Lfunc_begin2
	.long	.Lfunc_end2
	.long	.Lfunc_begin3
	.long	.Lfunc_end3
	.long	.Lfunc_begin4
	.long	.Lfunc_end4
	.long	0
	.long	0
	.section	.debug_str,"MS",%progbits,1
.Linfo_string0:
	.asciz	"Component: Arm Compiler for Embedded 6.24 Tool: armclang [5f371800]" @ string offset=0
.Linfo_string1:
	.asciz	"../Core/Src\\main.c"           @ string offset=68
.Linfo_string2:
	.asciz	"D:\\RM_projects\\h7_final_4\\MDK-ARM" @ string offset=87
.Linfo_string3:
	.asciz	"unsigned char"                 @ string offset=121
.Linfo_string4:
	.asciz	"HAL_OK"                        @ string offset=135
.Linfo_string5:
	.asciz	"HAL_ERROR"                     @ string offset=142
.Linfo_string6:
	.asciz	"HAL_BUSY"                      @ string offset=152
.Linfo_string7:
	.asciz	"HAL_TIMEOUT"                   @ string offset=161
.Linfo_string8:
	.asciz	"HAL_TIM_ACTIVE_CHANNEL_1"      @ string offset=173
.Linfo_string9:
	.asciz	"HAL_TIM_ACTIVE_CHANNEL_2"      @ string offset=198
.Linfo_string10:
	.asciz	"HAL_TIM_ACTIVE_CHANNEL_3"      @ string offset=223
.Linfo_string11:
	.asciz	"HAL_TIM_ACTIVE_CHANNEL_4"      @ string offset=248
.Linfo_string12:
	.asciz	"HAL_TIM_ACTIVE_CHANNEL_5"      @ string offset=273
.Linfo_string13:
	.asciz	"HAL_TIM_ACTIVE_CHANNEL_6"      @ string offset=298
.Linfo_string14:
	.asciz	"HAL_TIM_ACTIVE_CHANNEL_CLEARED" @ string offset=323
.Linfo_string15:
	.asciz	"HAL_UNLOCKED"                  @ string offset=354
.Linfo_string16:
	.asciz	"HAL_LOCKED"                    @ string offset=367
.Linfo_string17:
	.asciz	"HAL_DMA_STATE_RESET"           @ string offset=378
.Linfo_string18:
	.asciz	"HAL_DMA_STATE_READY"           @ string offset=398
.Linfo_string19:
	.asciz	"HAL_DMA_STATE_BUSY"            @ string offset=418
.Linfo_string20:
	.asciz	"HAL_DMA_STATE_ERROR"           @ string offset=437
.Linfo_string21:
	.asciz	"HAL_DMA_STATE_ABORT"           @ string offset=457
.Linfo_string22:
	.asciz	"HAL_TIM_STATE_RESET"           @ string offset=477
.Linfo_string23:
	.asciz	"HAL_TIM_STATE_READY"           @ string offset=497
.Linfo_string24:
	.asciz	"HAL_TIM_STATE_BUSY"            @ string offset=517
.Linfo_string25:
	.asciz	"HAL_TIM_STATE_TIMEOUT"         @ string offset=536
.Linfo_string26:
	.asciz	"HAL_TIM_STATE_ERROR"           @ string offset=558
.Linfo_string27:
	.asciz	"HAL_TIM_CHANNEL_STATE_RESET"   @ string offset=578
.Linfo_string28:
	.asciz	"HAL_TIM_CHANNEL_STATE_READY"   @ string offset=606
.Linfo_string29:
	.asciz	"HAL_TIM_CHANNEL_STATE_BUSY"    @ string offset=634
.Linfo_string30:
	.asciz	"HAL_DMA_BURST_STATE_RESET"     @ string offset=661
.Linfo_string31:
	.asciz	"HAL_DMA_BURST_STATE_READY"     @ string offset=687
.Linfo_string32:
	.asciz	"HAL_DMA_BURST_STATE_BUSY"      @ string offset=713
.Linfo_string33:
	.asciz	"CR1"                           @ string offset=738
.Linfo_string34:
	.asciz	"unsigned int"                  @ string offset=742
.Linfo_string35:
	.asciz	"uint32_t"                      @ string offset=755
.Linfo_string36:
	.asciz	"CSR1"                          @ string offset=764
.Linfo_string37:
	.asciz	"CR2"                           @ string offset=769
.Linfo_string38:
	.asciz	"CR3"                           @ string offset=773
.Linfo_string39:
	.asciz	"CPUCR"                         @ string offset=777
.Linfo_string40:
	.asciz	"RESERVED0"                     @ string offset=783
.Linfo_string41:
	.asciz	"D3CR"                          @ string offset=793
.Linfo_string42:
	.asciz	"RESERVED1"                     @ string offset=798
.Linfo_string43:
	.asciz	"WKUPCR"                        @ string offset=808
.Linfo_string44:
	.asciz	"WKUPFR"                        @ string offset=815
.Linfo_string45:
	.asciz	"WKUPEPR"                       @ string offset=822
.Linfo_string46:
	.asciz	"PWR_TypeDef"                   @ string offset=830
.Linfo_string47:
	.asciz	"unsigned long long"            @ string offset=842
.Linfo_string48:
	.asciz	"uint64_t"                      @ string offset=861
.Linfo_string49:
	.asciz	"SMCR"                          @ string offset=870
.Linfo_string50:
	.asciz	"DIER"                          @ string offset=875
.Linfo_string51:
	.asciz	"SR"                            @ string offset=880
.Linfo_string52:
	.asciz	"EGR"                           @ string offset=883
.Linfo_string53:
	.asciz	"CCMR1"                         @ string offset=887
.Linfo_string54:
	.asciz	"CCMR2"                         @ string offset=893
.Linfo_string55:
	.asciz	"CCER"                          @ string offset=899
.Linfo_string56:
	.asciz	"CNT"                           @ string offset=904
.Linfo_string57:
	.asciz	"PSC"                           @ string offset=908
.Linfo_string58:
	.asciz	"ARR"                           @ string offset=912
.Linfo_string59:
	.asciz	"RCR"                           @ string offset=916
.Linfo_string60:
	.asciz	"CCR1"                          @ string offset=920
.Linfo_string61:
	.asciz	"CCR2"                          @ string offset=925
.Linfo_string62:
	.asciz	"CCR3"                          @ string offset=930
.Linfo_string63:
	.asciz	"CCR4"                          @ string offset=935
.Linfo_string64:
	.asciz	"BDTR"                          @ string offset=940
.Linfo_string65:
	.asciz	"DCR"                           @ string offset=945
.Linfo_string66:
	.asciz	"DMAR"                          @ string offset=949
.Linfo_string67:
	.asciz	"CCMR3"                         @ string offset=954
.Linfo_string68:
	.asciz	"CCR5"                          @ string offset=960
.Linfo_string69:
	.asciz	"CCR6"                          @ string offset=965
.Linfo_string70:
	.asciz	"AF1"                           @ string offset=970
.Linfo_string71:
	.asciz	"AF2"                           @ string offset=974
.Linfo_string72:
	.asciz	"TISEL"                         @ string offset=978
.Linfo_string73:
	.asciz	"TIM_TypeDef"                   @ string offset=984
.Linfo_string74:
	.asciz	"__disable_irq"                 @ string offset=996
.Linfo_string75:
	.asciz	"main"                          @ string offset=1010
.Linfo_string76:
	.asciz	"int"                           @ string offset=1015
.Linfo_string77:
	.asciz	"SystemClock_Config"            @ string offset=1019
.Linfo_string78:
	.asciz	"PeriphCommonClock_Config"      @ string offset=1038
.Linfo_string79:
	.asciz	"Error_Handler"                 @ string offset=1063
.Linfo_string80:
	.asciz	"HAL_TIM_PeriodElapsedCallback" @ string offset=1077
.Linfo_string81:
	.asciz	"RCC_OscInitStruct"             @ string offset=1107
.Linfo_string82:
	.asciz	"OscillatorType"                @ string offset=1125
.Linfo_string83:
	.asciz	"HSEState"                      @ string offset=1140
.Linfo_string84:
	.asciz	"LSEState"                      @ string offset=1149
.Linfo_string85:
	.asciz	"HSIState"                      @ string offset=1158
.Linfo_string86:
	.asciz	"HSICalibrationValue"           @ string offset=1167
.Linfo_string87:
	.asciz	"LSIState"                      @ string offset=1187
.Linfo_string88:
	.asciz	"HSI48State"                    @ string offset=1196
.Linfo_string89:
	.asciz	"CSIState"                      @ string offset=1207
.Linfo_string90:
	.asciz	"CSICalibrationValue"           @ string offset=1216
.Linfo_string91:
	.asciz	"PLL"                           @ string offset=1236
.Linfo_string92:
	.asciz	"PLLState"                      @ string offset=1240
.Linfo_string93:
	.asciz	"PLLSource"                     @ string offset=1249
.Linfo_string94:
	.asciz	"PLLM"                          @ string offset=1259
.Linfo_string95:
	.asciz	"PLLN"                          @ string offset=1264
.Linfo_string96:
	.asciz	"PLLP"                          @ string offset=1269
.Linfo_string97:
	.asciz	"PLLQ"                          @ string offset=1274
.Linfo_string98:
	.asciz	"PLLR"                          @ string offset=1279
.Linfo_string99:
	.asciz	"PLLRGE"                        @ string offset=1284
.Linfo_string100:
	.asciz	"PLLVCOSEL"                     @ string offset=1291
.Linfo_string101:
	.asciz	"PLLFRACN"                      @ string offset=1301
.Linfo_string102:
	.asciz	"RCC_PLLInitTypeDef"            @ string offset=1310
.Linfo_string103:
	.asciz	"RCC_OscInitTypeDef"            @ string offset=1329
.Linfo_string104:
	.asciz	"RCC_ClkInitStruct"             @ string offset=1348
.Linfo_string105:
	.asciz	"ClockType"                     @ string offset=1366
.Linfo_string106:
	.asciz	"SYSCLKSource"                  @ string offset=1376
.Linfo_string107:
	.asciz	"SYSCLKDivider"                 @ string offset=1389
.Linfo_string108:
	.asciz	"AHBCLKDivider"                 @ string offset=1403
.Linfo_string109:
	.asciz	"APB3CLKDivider"                @ string offset=1417
.Linfo_string110:
	.asciz	"APB1CLKDivider"                @ string offset=1432
.Linfo_string111:
	.asciz	"APB2CLKDivider"                @ string offset=1447
.Linfo_string112:
	.asciz	"APB4CLKDivider"                @ string offset=1462
.Linfo_string113:
	.asciz	"RCC_ClkInitTypeDef"            @ string offset=1477
.Linfo_string114:
	.asciz	"tmpreg"                        @ string offset=1496
.Linfo_string115:
	.asciz	"PeriphClkInitStruct"           @ string offset=1503
.Linfo_string116:
	.asciz	"PeriphClockSelection"          @ string offset=1523
.Linfo_string117:
	.asciz	"PLL2"                          @ string offset=1544
.Linfo_string118:
	.asciz	"PLL2M"                         @ string offset=1549
.Linfo_string119:
	.asciz	"PLL2N"                         @ string offset=1555
.Linfo_string120:
	.asciz	"PLL2P"                         @ string offset=1561
.Linfo_string121:
	.asciz	"PLL2Q"                         @ string offset=1567
.Linfo_string122:
	.asciz	"PLL2R"                         @ string offset=1573
.Linfo_string123:
	.asciz	"PLL2RGE"                       @ string offset=1579
.Linfo_string124:
	.asciz	"PLL2VCOSEL"                    @ string offset=1587
.Linfo_string125:
	.asciz	"PLL2FRACN"                     @ string offset=1598
.Linfo_string126:
	.asciz	"RCC_PLL2InitTypeDef"           @ string offset=1608
.Linfo_string127:
	.asciz	"PLL3"                          @ string offset=1628
.Linfo_string128:
	.asciz	"PLL3M"                         @ string offset=1633
.Linfo_string129:
	.asciz	"PLL3N"                         @ string offset=1639
.Linfo_string130:
	.asciz	"PLL3P"                         @ string offset=1645
.Linfo_string131:
	.asciz	"PLL3Q"                         @ string offset=1651
.Linfo_string132:
	.asciz	"PLL3R"                         @ string offset=1657
.Linfo_string133:
	.asciz	"PLL3RGE"                       @ string offset=1663
.Linfo_string134:
	.asciz	"PLL3VCOSEL"                    @ string offset=1671
.Linfo_string135:
	.asciz	"PLL3FRACN"                     @ string offset=1682
.Linfo_string136:
	.asciz	"RCC_PLL3InitTypeDef"           @ string offset=1692
.Linfo_string137:
	.asciz	"FmcClockSelection"             @ string offset=1712
.Linfo_string138:
	.asciz	"OspiClockSelection"            @ string offset=1730
.Linfo_string139:
	.asciz	"SdmmcClockSelection"           @ string offset=1749
.Linfo_string140:
	.asciz	"CkperClockSelection"           @ string offset=1769
.Linfo_string141:
	.asciz	"Sai1ClockSelection"            @ string offset=1789
.Linfo_string142:
	.asciz	"Spi123ClockSelection"          @ string offset=1808
.Linfo_string143:
	.asciz	"Spi45ClockSelection"           @ string offset=1829
.Linfo_string144:
	.asciz	"SpdifrxClockSelection"         @ string offset=1849
.Linfo_string145:
	.asciz	"Dfsdm1ClockSelection"          @ string offset=1871
.Linfo_string146:
	.asciz	"FdcanClockSelection"           @ string offset=1892
.Linfo_string147:
	.asciz	"Swpmi1ClockSelection"          @ string offset=1912
.Linfo_string148:
	.asciz	"Usart234578ClockSelection"     @ string offset=1933
.Linfo_string149:
	.asciz	"Usart16ClockSelection"         @ string offset=1959
.Linfo_string150:
	.asciz	"RngClockSelection"             @ string offset=1981
.Linfo_string151:
	.asciz	"I2c1235ClockSelection"         @ string offset=1999
.Linfo_string152:
	.asciz	"UsbClockSelection"             @ string offset=2021
.Linfo_string153:
	.asciz	"CecClockSelection"             @ string offset=2039
.Linfo_string154:
	.asciz	"Lptim1ClockSelection"          @ string offset=2057
.Linfo_string155:
	.asciz	"Lpuart1ClockSelection"         @ string offset=2078
.Linfo_string156:
	.asciz	"I2c4ClockSelection"            @ string offset=2100
.Linfo_string157:
	.asciz	"Lptim2ClockSelection"          @ string offset=2119
.Linfo_string158:
	.asciz	"Lptim345ClockSelection"        @ string offset=2140
.Linfo_string159:
	.asciz	"AdcClockSelection"             @ string offset=2163
.Linfo_string160:
	.asciz	"Sai4AClockSelection"           @ string offset=2181
.Linfo_string161:
	.asciz	"Sai4BClockSelection"           @ string offset=2201
.Linfo_string162:
	.asciz	"Spi6ClockSelection"            @ string offset=2221
.Linfo_string163:
	.asciz	"RTCClockSelection"             @ string offset=2240
.Linfo_string164:
	.asciz	"TIMPresSelection"              @ string offset=2258
.Linfo_string165:
	.asciz	"RCC_PeriphCLKInitTypeDef"      @ string offset=2275
.Linfo_string166:
	.asciz	"htim"                          @ string offset=2300
.Linfo_string167:
	.asciz	"Instance"                      @ string offset=2305
.Linfo_string168:
	.asciz	"Init"                          @ string offset=2314
.Linfo_string169:
	.asciz	"Prescaler"                     @ string offset=2319
.Linfo_string170:
	.asciz	"CounterMode"                   @ string offset=2329
.Linfo_string171:
	.asciz	"Period"                        @ string offset=2341
.Linfo_string172:
	.asciz	"ClockDivision"                 @ string offset=2348
.Linfo_string173:
	.asciz	"RepetitionCounter"             @ string offset=2362
.Linfo_string174:
	.asciz	"AutoReloadPreload"             @ string offset=2380
.Linfo_string175:
	.asciz	"TIM_Base_InitTypeDef"          @ string offset=2398
.Linfo_string176:
	.asciz	"Channel"                       @ string offset=2419
.Linfo_string177:
	.asciz	"HAL_TIM_ActiveChannel"         @ string offset=2427
.Linfo_string178:
	.asciz	"hdma"                          @ string offset=2449
.Linfo_string179:
	.asciz	"Request"                       @ string offset=2454
.Linfo_string180:
	.asciz	"Direction"                     @ string offset=2462
.Linfo_string181:
	.asciz	"PeriphInc"                     @ string offset=2472
.Linfo_string182:
	.asciz	"MemInc"                        @ string offset=2482
.Linfo_string183:
	.asciz	"PeriphDataAlignment"           @ string offset=2489
.Linfo_string184:
	.asciz	"MemDataAlignment"              @ string offset=2509
.Linfo_string185:
	.asciz	"Mode"                          @ string offset=2526
.Linfo_string186:
	.asciz	"Priority"                      @ string offset=2531
.Linfo_string187:
	.asciz	"FIFOMode"                      @ string offset=2540
.Linfo_string188:
	.asciz	"FIFOThreshold"                 @ string offset=2549
.Linfo_string189:
	.asciz	"MemBurst"                      @ string offset=2563
.Linfo_string190:
	.asciz	"PeriphBurst"                   @ string offset=2572
.Linfo_string191:
	.asciz	"DMA_InitTypeDef"               @ string offset=2584
.Linfo_string192:
	.asciz	"Lock"                          @ string offset=2600
.Linfo_string193:
	.asciz	"HAL_LockTypeDef"               @ string offset=2605
.Linfo_string194:
	.asciz	"State"                         @ string offset=2621
.Linfo_string195:
	.asciz	"HAL_DMA_StateTypeDef"          @ string offset=2627
.Linfo_string196:
	.asciz	"Parent"                        @ string offset=2648
.Linfo_string197:
	.asciz	"XferCpltCallback"              @ string offset=2655
.Linfo_string198:
	.asciz	"XferHalfCpltCallback"          @ string offset=2672
.Linfo_string199:
	.asciz	"XferM1CpltCallback"            @ string offset=2693
.Linfo_string200:
	.asciz	"XferM1HalfCpltCallback"        @ string offset=2712
.Linfo_string201:
	.asciz	"XferErrorCallback"             @ string offset=2735
.Linfo_string202:
	.asciz	"XferAbortCallback"             @ string offset=2753
.Linfo_string203:
	.asciz	"ErrorCode"                     @ string offset=2771
.Linfo_string204:
	.asciz	"StreamBaseAddress"             @ string offset=2781
.Linfo_string205:
	.asciz	"StreamIndex"                   @ string offset=2799
.Linfo_string206:
	.asciz	"DMAmuxChannel"                 @ string offset=2811
.Linfo_string207:
	.asciz	"CCR"                           @ string offset=2825
.Linfo_string208:
	.asciz	"DMAMUX_Channel_TypeDef"        @ string offset=2829
.Linfo_string209:
	.asciz	"DMAmuxChannelStatus"           @ string offset=2852
.Linfo_string210:
	.asciz	"CSR"                           @ string offset=2872
.Linfo_string211:
	.asciz	"CFR"                           @ string offset=2876
.Linfo_string212:
	.asciz	"DMAMUX_ChannelStatus_TypeDef"  @ string offset=2880
.Linfo_string213:
	.asciz	"DMAmuxChannelStatusMask"       @ string offset=2909
.Linfo_string214:
	.asciz	"DMAmuxRequestGen"              @ string offset=2933
.Linfo_string215:
	.asciz	"RGCR"                          @ string offset=2950
.Linfo_string216:
	.asciz	"DMAMUX_RequestGen_TypeDef"     @ string offset=2955
.Linfo_string217:
	.asciz	"DMAmuxRequestGenStatus"        @ string offset=2981
.Linfo_string218:
	.asciz	"RGSR"                          @ string offset=3004
.Linfo_string219:
	.asciz	"RGCFR"                         @ string offset=3009
.Linfo_string220:
	.asciz	"DMAMUX_RequestGenStatus_TypeDef" @ string offset=3015
.Linfo_string221:
	.asciz	"DMAmuxRequestGenStatusMask"    @ string offset=3047
.Linfo_string222:
	.asciz	"__DMA_HandleTypeDef"           @ string offset=3074
.Linfo_string223:
	.asciz	"DMA_HandleTypeDef"             @ string offset=3094
.Linfo_string224:
	.asciz	"__ARRAY_SIZE_TYPE__"           @ string offset=3112
.Linfo_string225:
	.asciz	"HAL_TIM_StateTypeDef"          @ string offset=3132
.Linfo_string226:
	.asciz	"ChannelState"                  @ string offset=3153
.Linfo_string227:
	.asciz	"HAL_TIM_ChannelStateTypeDef"   @ string offset=3166
.Linfo_string228:
	.asciz	"ChannelNState"                 @ string offset=3194
.Linfo_string229:
	.asciz	"DMABurstState"                 @ string offset=3208
.Linfo_string230:
	.asciz	"HAL_TIM_DMABurstStateTypeDef"  @ string offset=3222
.Linfo_string231:
	.asciz	"TIM_HandleTypeDef"             @ string offset=3251
	.ident	"Component: Arm Compiler for Embedded 6.24 Tool: armclang [5f371800]"
	.section	".note.GNU-stack","",%progbits
	.eabi_attribute	30, 6	@ Tag_ABI_optimization_goals
	.ARM_attribute	16, 1	@ Tag_AV_eba
	.section	.debug_line,"",%progbits
.Lline_table_start0:
