	.text
	.syntax unified
	.eabi_attribute	67, "2.09"	@ Tag_conformance
	.cpu	cortex-m7
	.eabi_attribute	6, 13	@ Tag_CPU_arch
	.eabi_attribute	7, 77	@ Tag_CPU_arch_profile
	.eabi_attribute	8, 0	@ Tag_ARM_ISA_use
	.eabi_attribute	9, 2	@ Tag_THUMB_ISA_use
	.fpu	fpv5-d16
	.eabi_attribute	36, 1	@ Tag_FP_HP_extension
	.eabi_attribute	34, 1	@ Tag_CPU_unaligned_access
	.eabi_attribute	17, 1	@ Tag_ABI_PCS_GOT_use
	.eabi_attribute	20, 2	@ Tag_ABI_FP_denormal
	.eabi_attribute	21, 0	@ Tag_ABI_FP_exceptions
	.eabi_attribute	23, 1	@ Tag_ABI_FP_number_model
	.eabi_attribute	24, 1	@ Tag_ABI_align_needed
	.eabi_attribute	25, 1	@ Tag_ABI_align_preserved
	.eabi_attribute	28, 1	@ Tag_ABI_VFP_args
	.eabi_attribute	38, 1	@ Tag_ABI_FP_16bit_format
	.eabi_attribute	18, 2	@ Tag_ABI_PCS_wchar_t
	.eabi_attribute	26, 1	@ Tag_ABI_enum_size
	.eabi_attribute	14, 0	@ Tag_ABI_PCS_R9_use
	.file	"QuaternionEKF.c"
	.file	1 "D:\\keil_1\\keil\\ARM\\ARMCLANG\\bin\\..\\include" "stdint.h"
	.file	2 "D:\\RM_projects\\h7_final_4\\MDK-ARM" "../app/inc\\QuaternionEKF.h"
	.file	3 "D:\\RM_projects\\h7_final_4\\MDK-ARM" "../app/inc\\kalman_filter.h"
	.file	4 "D:/keil_1/keilpacks/ARM/CMSIS-DSP/1.16.2/Include\\dsp" "matrix_functions.h"
	.file	5 "D:/keil_1/keilpacks/ARM/CMSIS-DSP/1.16.2/Include" "arm_math_types.h"
	.file	6 "D:\\RM_projects\\h7_final_4\\MDK-ARM" "../app/src/QuaternionEKF.c"
	.section	.text.IMU_QuaternionEKF_Init,"ax",%progbits
	.hidden	IMU_QuaternionEKF_Init          @ -- Begin function IMU_QuaternionEKF_Init
	.globl	IMU_QuaternionEKF_Init
	.p2align	3
	.type	IMU_QuaternionEKF_Init,%function
	.code	16                              @ @IMU_QuaternionEKF_Init
	.thumb_func
IMU_QuaternionEKF_Init:
.Lfunc_begin0:
	.loc	6 58 0                          @ ../app/src/QuaternionEKF.c:58:0
	.fnstart
	.cfi_sections .debug_frame
	.cfi_startproc
@ %bb.0:
	.save	{r7, lr}
	push	{r7, lr}
	.cfi_def_cfa_offset 8
	.cfi_offset lr, -4
	.cfi_offset r7, -8
	.pad	#48
	sub	sp, #48
	.cfi_def_cfa_offset 56
	vstr	s0, [sp, #44]
	vstr	s1, [sp, #40]
	vstr	s2, [sp, #36]
	vstr	s3, [sp, #32]
	vstr	s4, [sp, #28]
	vstr	s5, [sp, #24]
.Ltmp0:
	.loc	6 59 26 prologue_end            @ ../app/src/QuaternionEKF.c:59:26
	movw	r1, :lower16:QEKF_INS
	movt	r1, :upper16:QEKF_INS
	str	r1, [sp, #20]                   @ 4-byte Spill
	movs	r0, #1
	strb	r0, [r1]
	.loc	6 60 19                         @ ../app/src/QuaternionEKF.c:60:19
	ldr	r0, [sp, #44]
	.loc	6 60 17 is_stmt 0               @ ../app/src/QuaternionEKF.c:60:17
	str.w	r0, [r1, #432]
	.loc	6 61 19 is_stmt 1               @ ../app/src/QuaternionEKF.c:61:19
	ldr	r0, [sp, #40]
	.loc	6 61 17 is_stmt 0               @ ../app/src/QuaternionEKF.c:61:17
	str.w	r0, [r1, #436]
	.loc	6 62 18 is_stmt 1               @ ../app/src/QuaternionEKF.c:62:18
	ldr	r0, [sp, #36]
	.loc	6 62 16 is_stmt 0               @ ../app/src/QuaternionEKF.c:62:16
	str.w	r0, [r1, #440]
	movw	r0, #52343
	movt	r0, #12843
	.loc	6 63 37 is_stmt 1               @ ../app/src/QuaternionEKF.c:63:37
	str.w	r0, [r1, #460]
	movs	r0, #0
	.loc	6 64 27                         @ ../app/src/QuaternionEKF.c:64:27
	strb.w	r0, [r1, #312]
	.loc	6 65 25                         @ ../app/src/QuaternionEKF.c:65:25
	str.w	r0, [r1, #324]
	str.w	r0, [r1, #320]
	.loc	6 66 26                         @ ../app/src/QuaternionEKF.c:66:26
	str.w	r0, [r1, #332]
	str.w	r0, [r1, #328]
	.loc	6 67 17                         @ ../app/src/QuaternionEKF.c:67:17
	ldr	r0, [sp, #28]
	.loc	6 67 15 is_stmt 0               @ ../app/src/QuaternionEKF.c:67:15
	str.w	r0, [r1, #444]
.Ltmp1:
	.loc	6 69 6 is_stmt 1                @ ../app/src/QuaternionEKF.c:69:6
	vldr	s0, [sp, #32]
	vmov.f32	s2, #1.000000e+00
.Ltmp2:
	.loc	6 69 6 is_stmt 0                @ ../app/src/QuaternionEKF.c:69:6
	vcmp.f32	s0, s2
	vmrs	APSR_nzcv, fpscr
	ble	.LBB0_2
	b	.LBB0_1
.LBB0_1:
	.loc	6 0 6                           @ ../app/src/QuaternionEKF.c:0:6
	mov.w	r0, #1065353216
.Ltmp3:
	.loc	6 71 16 is_stmt 1               @ ../app/src/QuaternionEKF.c:71:16
	str	r0, [sp, #32]
	.loc	6 72 5                          @ ../app/src/QuaternionEKF.c:72:5
	b	.LBB0_2
.Ltmp4:
.LBB0_2:
	.loc	6 73 23                         @ ../app/src/QuaternionEKF.c:73:23
	ldr	r1, [sp, #32]
	.loc	6 73 21 is_stmt 0               @ ../app/src/QuaternionEKF.c:73:21
	movw	r0, :lower16:QEKF_INS
	movt	r0, :upper16:QEKF_INS
	str	r0, [sp, #12]                   @ 4-byte Spill
	str.w	r1, [r0, #464]
	.loc	6 76 5 is_stmt 1                @ ../app/src/QuaternionEKF.c:76:5
	adds	r0, #4
	movs	r1, #6
	movs	r2, #0
	str	r2, [sp, #4]                    @ 4-byte Spill
	movs	r3, #3
	bl	Kalman_Filter_Init
	ldr	r1, [sp, #12]                   @ 4-byte Reload
	.loc	6 77 5                          @ ../app/src/QuaternionEKF.c:77:5
	add.w	r0, r1, #448
	add.w	r3, r1, #456
	movs	r2, #1
	str	r2, [sp, #8]                    @ 4-byte Spill
	mov	r1, r2
	bl	arm_mat_init_f32
	ldr	r2, [sp, #4]                    @ 4-byte Reload
	ldr	r1, [sp, #8]                    @ 4-byte Reload
	ldr	r0, [sp, #12]                   @ 4-byte Reload
	.loc	6 80 32                         @ ../app/src/QuaternionEKF.c:80:32
	ldr.w	r12, [r0, #236]
	mov.w	r3, #1065353216
	.loc	6 80 45 is_stmt 0               @ ../app/src/QuaternionEKF.c:80:45
	str.w	r3, [r12]
	.loc	6 81 32 is_stmt 1               @ ../app/src/QuaternionEKF.c:81:32
	ldr.w	r3, [r0, #236]
	.loc	6 81 45 is_stmt 0               @ ../app/src/QuaternionEKF.c:81:45
	str	r2, [r3, #4]
	.loc	6 82 32 is_stmt 1               @ ../app/src/QuaternionEKF.c:82:32
	ldr.w	r3, [r0, #236]
	.loc	6 82 45 is_stmt 0               @ ../app/src/QuaternionEKF.c:82:45
	str	r2, [r3, #8]
	.loc	6 83 32 is_stmt 1               @ ../app/src/QuaternionEKF.c:83:32
	ldr.w	r3, [r0, #236]
	.loc	6 83 45 is_stmt 0               @ ../app/src/QuaternionEKF.c:83:45
	str	r2, [r3, #12]
	.loc	6 86 45 is_stmt 1               @ ../app/src/QuaternionEKF.c:86:45
	movw	r2, :lower16:IMU_QuaternionEKF_Observe
	movt	r2, :upper16:IMU_QuaternionEKF_Observe
	str.w	r2, [r0, #208]
	.loc	6 87 45                         @ ../app/src/QuaternionEKF.c:87:45
	movw	r2, :lower16:IMU_QuaternionEKF_F_Linearization_P_Fading
	movt	r2, :upper16:IMU_QuaternionEKF_F_Linearization_P_Fading
	str.w	r2, [r0, #212]
	.loc	6 88 45                         @ ../app/src/QuaternionEKF.c:88:45
	movw	r2, :lower16:IMU_QuaternionEKF_SetH
	movt	r2, :upper16:IMU_QuaternionEKF_SetH
	str.w	r2, [r0, #216]
	.loc	6 89 45                         @ ../app/src/QuaternionEKF.c:89:45
	movw	r2, :lower16:IMU_QuaternionEKF_xhatUpdate
	movt	r2, :upper16:IMU_QuaternionEKF_xhatUpdate
	str.w	r2, [r0, #220]
	.loc	6 92 40                         @ ../app/src/QuaternionEKF.c:92:40
	strb.w	r1, [r0, #46]
	.loc	6 93 40                         @ ../app/src/QuaternionEKF.c:93:40
	strb.w	r1, [r0, #47]
	.loc	6 95 39                         @ ../app/src/QuaternionEKF.c:95:39
	ldr.w	r0, [r0, #260]
	.loc	6 95 5 is_stmt 0                @ ../app/src/QuaternionEKF.c:95:5
	movw	r1, :lower16:IMU_QuaternionEKF_F
	movt	r1, :upper16:IMU_QuaternionEKF_F
	movs	r2, #144
	str	r2, [sp, #16]                   @ 4-byte Spill
	bl	__aeabi_memcpy4
	ldr	r0, [sp, #12]                   @ 4-byte Reload
	ldr	r2, [sp, #16]                   @ 4-byte Reload
	.loc	6 96 39 is_stmt 1               @ ../app/src/QuaternionEKF.c:96:39
	ldr.w	r0, [r0, #252]
	.loc	6 96 5 is_stmt 0                @ ../app/src/QuaternionEKF.c:96:5
	movw	r1, :lower16:IMU_QuaternionEKF_P
	movt	r1, :upper16:IMU_QuaternionEKF_P
	bl	__aeabi_memcpy4
	.loc	6 97 1 epilogue_begin is_stmt 1 @ ../app/src/QuaternionEKF.c:97:1
	add	sp, #48
	pop	{r7, pc}
.Ltmp5:
.Lfunc_end0:
	.size	IMU_QuaternionEKF_Init, .Lfunc_end0-IMU_QuaternionEKF_Init
	.cfi_endproc
	.cantunwind
	.fnend
                                        @ -- End function
	.section	.text.IMU_QuaternionEKF_Observe,"ax",%progbits
	.p2align	3                               @ -- Begin function IMU_QuaternionEKF_Observe
	.type	IMU_QuaternionEKF_Observe,%function
	.code	16                              @ @IMU_QuaternionEKF_Observe
	.thumb_func
IMU_QuaternionEKF_Observe:
.Lfunc_begin1:
	.loc	6 499 0                         @ ../app/src/QuaternionEKF.c:499:0
	.fnstart
	.cfi_startproc
@ %bb.0:
	.save	{r7, lr}
	push	{r7, lr}
	.cfi_def_cfa_offset 8
	.cfi_offset lr, -4
	.cfi_offset r7, -8
	.pad	#8
	sub	sp, #8
	.cfi_def_cfa_offset 16
	str	r0, [sp, #4]
.Ltmp6:
	.loc	6 500 33 prologue_end           @ ../app/src/QuaternionEKF.c:500:33
	ldr	r0, [sp, #4]
	.loc	6 500 37 is_stmt 0              @ ../app/src/QuaternionEKF.c:500:37
	ldr.w	r1, [r0, #248]
	.loc	6 500 5                         @ ../app/src/QuaternionEKF.c:500:5
	movw	r0, :lower16:IMU_QuaternionEKF_P
	movt	r0, :upper16:IMU_QuaternionEKF_P
	movs	r2, #144
	bl	__aeabi_memcpy4
	.loc	6 501 33 is_stmt 1              @ ../app/src/QuaternionEKF.c:501:33
	ldr	r0, [sp, #4]
	.loc	6 501 37 is_stmt 0              @ ../app/src/QuaternionEKF.c:501:37
	ldr.w	r1, [r0, #284]
	.loc	6 501 5                         @ ../app/src/QuaternionEKF.c:501:5
	movw	r0, :lower16:IMU_QuaternionEKF_K
	movt	r0, :upper16:IMU_QuaternionEKF_K
	movs	r2, #72
	str	r2, [sp]                        @ 4-byte Spill
	bl	__aeabi_memcpy4
	ldr	r2, [sp]                        @ 4-byte Reload
	.loc	6 502 33 is_stmt 1              @ ../app/src/QuaternionEKF.c:502:33
	ldr	r0, [sp, #4]
	.loc	6 502 37 is_stmt 0              @ ../app/src/QuaternionEKF.c:502:37
	ldr.w	r1, [r0, #268]
	.loc	6 502 5                         @ ../app/src/QuaternionEKF.c:502:5
	movw	r0, :lower16:IMU_QuaternionEKF_H
	movt	r0, :upper16:IMU_QuaternionEKF_H
	bl	__aeabi_memcpy4
	.loc	6 503 1 epilogue_begin is_stmt 1 @ ../app/src/QuaternionEKF.c:503:1
	add	sp, #8
	pop	{r7, pc}
.Ltmp7:
.Lfunc_end1:
	.size	IMU_QuaternionEKF_Observe, .Lfunc_end1-IMU_QuaternionEKF_Observe
	.cfi_endproc
	.cantunwind
	.fnend
                                        @ -- End function
	.section	.text.IMU_QuaternionEKF_F_Linearization_P_Fading,"ax",%progbits
	.p2align	3                               @ -- Begin function IMU_QuaternionEKF_F_Linearization_P_Fading
	.type	IMU_QuaternionEKF_F_Linearization_P_Fading,%function
	.code	16                              @ @IMU_QuaternionEKF_F_Linearization_P_Fading
	.thumb_func
IMU_QuaternionEKF_F_Linearization_P_Fading:
.Lfunc_begin2:
	.loc	6 257 0                         @ ../app/src/QuaternionEKF.c:257:0
	.fnstart
	.cfi_startproc
@ %bb.0:
	.save	{r7, lr}
	push	{r7, lr}
	.cfi_def_cfa_offset 8
	.cfi_offset lr, -4
	.cfi_offset r7, -8
	.pad	#40
	sub	sp, #40
	.cfi_def_cfa_offset 48
	add	r1, sp, #16
	str	r1, [sp, #8]                    @ 4-byte Spill
	mov	r1, r0
	ldr	r0, [sp, #8]                    @ 4-byte Reload
	str	r1, [sp, #36]
.Ltmp8:
	.loc	6 261 10 prologue_end           @ ../app/src/QuaternionEKF.c:261:10
	ldr	r1, [sp, #36]
	.loc	6 261 14 is_stmt 0              @ ../app/src/QuaternionEKF.c:261:14
	ldr.w	r1, [r1, #236]
	.loc	6 261 10                        @ ../app/src/QuaternionEKF.c:261:10
	ldr	r1, [r1]
	.loc	6 261 8                         @ ../app/src/QuaternionEKF.c:261:8
	str	r1, [sp, #32]
	.loc	6 262 10 is_stmt 1              @ ../app/src/QuaternionEKF.c:262:10
	ldr	r1, [sp, #36]
	.loc	6 262 14 is_stmt 0              @ ../app/src/QuaternionEKF.c:262:14
	ldr.w	r1, [r1, #236]
	.loc	6 262 10                        @ ../app/src/QuaternionEKF.c:262:10
	ldr	r1, [r1, #4]
	.loc	6 262 8                         @ ../app/src/QuaternionEKF.c:262:8
	str	r1, [sp, #28]
	.loc	6 263 10 is_stmt 1              @ ../app/src/QuaternionEKF.c:263:10
	ldr	r1, [sp, #36]
	.loc	6 263 14 is_stmt 0              @ ../app/src/QuaternionEKF.c:263:14
	ldr.w	r1, [r1, #236]
	.loc	6 263 10                        @ ../app/src/QuaternionEKF.c:263:10
	ldr	r1, [r1, #8]
	.loc	6 263 8                         @ ../app/src/QuaternionEKF.c:263:8
	str	r1, [sp, #24]
	.loc	6 264 10 is_stmt 1              @ ../app/src/QuaternionEKF.c:264:10
	ldr	r1, [sp, #36]
	.loc	6 264 14 is_stmt 0              @ ../app/src/QuaternionEKF.c:264:14
	ldr.w	r1, [r1, #236]
	.loc	6 264 10                        @ ../app/src/QuaternionEKF.c:264:10
	ldr	r1, [r1, #12]
	.loc	6 264 8                         @ ../app/src/QuaternionEKF.c:264:8
	str	r1, [sp, #20]
	.loc	6 267 24 is_stmt 1              @ ../app/src/QuaternionEKF.c:267:24
	vldr	s2, [r0, #16]
	.loc	6 267 29 is_stmt 0              @ ../app/src/QuaternionEKF.c:267:29
	vldr	s4, [r0, #16]
	.loc	6 267 34                        @ ../app/src/QuaternionEKF.c:267:34
	vldr	s0, [r0, #12]
	.loc	6 267 39                        @ ../app/src/QuaternionEKF.c:267:39
	vldr	s6, [r0, #12]
	.loc	6 267 37                        @ ../app/src/QuaternionEKF.c:267:37
	vmul.f32	s0, s0, s6
	.loc	6 267 32                        @ ../app/src/QuaternionEKF.c:267:32
	vfma.f32	s0, s2, s4
	.loc	6 267 44                        @ ../app/src/QuaternionEKF.c:267:44
	vldr	s2, [r0, #8]
	.loc	6 267 49                        @ ../app/src/QuaternionEKF.c:267:49
	vldr	s4, [r0, #8]
	.loc	6 267 42                        @ ../app/src/QuaternionEKF.c:267:42
	vfma.f32	s0, s2, s4
	.loc	6 267 54                        @ ../app/src/QuaternionEKF.c:267:54
	vldr	s2, [r0, #4]
	.loc	6 267 59                        @ ../app/src/QuaternionEKF.c:267:59
	vldr	s4, [r0, #4]
	.loc	6 267 52                        @ ../app/src/QuaternionEKF.c:267:52
	vfma.f32	s0, s2, s4
	.loc	6 267 16                        @ ../app/src/QuaternionEKF.c:267:16
	bl	invSqrt
	ldr	r0, [sp, #8]                    @ 4-byte Reload
	.loc	6 267 14                        @ ../app/src/QuaternionEKF.c:267:14
	vstr	s0, [r0]
	movs	r0, #0
.Ltmp9:
	.loc	6 268 18 is_stmt 1              @ ../app/src/QuaternionEKF.c:268:18
	strb.w	r0, [sp, #15]
	.loc	6 268 10 is_stmt 0              @ ../app/src/QuaternionEKF.c:268:10
	b	.LBB2_1
.LBB2_1:                                @ =>This Inner Loop Header: Depth=1
.Ltmp10:
	.loc	6 268 25                        @ ../app/src/QuaternionEKF.c:268:25
	ldrb.w	r0, [sp, #15]
.Ltmp11:
	.loc	6 268 5                         @ ../app/src/QuaternionEKF.c:268:5
	cmp	r0, #3
	bgt	.LBB2_4
	b	.LBB2_2
.LBB2_2:                                @   in Loop: Header=BB2_1 Depth=1
.Ltmp12:
	.loc	6 270 34 is_stmt 1              @ ../app/src/QuaternionEKF.c:270:34
	ldr	r0, [sp, #8]                    @ 4-byte Reload
	vldr	s2, [r0]
	.loc	6 270 9 is_stmt 0               @ ../app/src/QuaternionEKF.c:270:9
	ldr	r0, [sp, #36]
	.loc	6 270 13                        @ ../app/src/QuaternionEKF.c:270:13
	ldr.w	r0, [r0, #236]
	.loc	6 270 28                        @ ../app/src/QuaternionEKF.c:270:28
	ldrb.w	r1, [sp, #15]
	.loc	6 270 9                         @ ../app/src/QuaternionEKF.c:270:9
	add.w	r0, r0, r1, lsl #2
	.loc	6 270 31                        @ ../app/src/QuaternionEKF.c:270:31
	vldr	s0, [r0]
	vmul.f32	s0, s0, s2
	vstr	s0, [r0]
	.loc	6 271 5 is_stmt 1               @ ../app/src/QuaternionEKF.c:271:5
	b	.LBB2_3
.Ltmp13:
.LBB2_3:                                @   in Loop: Header=BB2_1 Depth=1
	.loc	6 268 33                        @ ../app/src/QuaternionEKF.c:268:33
	ldrb.w	r0, [sp, #15]
	adds	r0, #1
	strb.w	r0, [sp, #15]
	.loc	6 268 5 is_stmt 0               @ ../app/src/QuaternionEKF.c:268:5
	b	.LBB2_1
.Ltmp14:
.LBB2_4:
	.loc	6 281 21 is_stmt 1              @ ../app/src/QuaternionEKF.c:281:21
	ldr	r1, [sp, #8]                    @ 4-byte Reload
	vldr	s0, [r1, #12]
	.loc	6 281 35 is_stmt 0              @ ../app/src/QuaternionEKF.c:281:35
	movw	r0, :lower16:QEKF_INS
	movt	r0, :upper16:QEKF_INS
	str	r0, [sp, #4]                    @ 4-byte Spill
	vldr	s2, [r0, #444]
	.loc	6 281 24                        @ ../app/src/QuaternionEKF.c:281:24
	vmul.f32	s0, s0, s2
	vmov.f32	s4, #5.000000e-01
	.loc	6 281 38                        @ ../app/src/QuaternionEKF.c:281:38
	vmul.f32	s0, s0, s4
	.loc	6 281 5                         @ ../app/src/QuaternionEKF.c:281:5
	ldr	r2, [sp, #36]
	.loc	6 281 9                         @ ../app/src/QuaternionEKF.c:281:9
	ldr.w	r2, [r2, #256]
	.loc	6 281 19                        @ ../app/src/QuaternionEKF.c:281:19
	vstr	s0, [r2, #16]
	.loc	6 282 21 is_stmt 1              @ ../app/src/QuaternionEKF.c:282:21
	vldr	s0, [r1, #8]
	.loc	6 282 35 is_stmt 0              @ ../app/src/QuaternionEKF.c:282:35
	vldr	s2, [r0, #444]
	.loc	6 282 24                        @ ../app/src/QuaternionEKF.c:282:24
	vmul.f32	s0, s0, s2
	.loc	6 282 38                        @ ../app/src/QuaternionEKF.c:282:38
	vmul.f32	s0, s0, s4
	.loc	6 282 5                         @ ../app/src/QuaternionEKF.c:282:5
	ldr	r2, [sp, #36]
	.loc	6 282 9                         @ ../app/src/QuaternionEKF.c:282:9
	ldr.w	r2, [r2, #256]
	.loc	6 282 19                        @ ../app/src/QuaternionEKF.c:282:19
	vstr	s0, [r2, #20]
	.loc	6 284 23 is_stmt 1              @ ../app/src/QuaternionEKF.c:284:23
	vldr	s0, [r1, #16]
	.loc	6 284 37 is_stmt 0              @ ../app/src/QuaternionEKF.c:284:37
	vldr	s2, [r0, #444]
	.loc	6 284 26                        @ ../app/src/QuaternionEKF.c:284:26
	vmul.f32	s0, s0, s2
	vmov.f32	s2, #-5.000000e-01
	.loc	6 284 40                        @ ../app/src/QuaternionEKF.c:284:40
	vmul.f32	s0, s0, s2
	.loc	6 284 5                         @ ../app/src/QuaternionEKF.c:284:5
	ldr	r2, [sp, #36]
	.loc	6 284 9                         @ ../app/src/QuaternionEKF.c:284:9
	ldr.w	r2, [r2, #256]
	.loc	6 284 20                        @ ../app/src/QuaternionEKF.c:284:20
	vstr	s0, [r2, #40]
	.loc	6 285 22 is_stmt 1              @ ../app/src/QuaternionEKF.c:285:22
	vldr	s0, [r1, #4]
	.loc	6 285 36 is_stmt 0              @ ../app/src/QuaternionEKF.c:285:36
	vldr	s6, [r0, #444]
	.loc	6 285 25                        @ ../app/src/QuaternionEKF.c:285:25
	vmul.f32	s0, s0, s6
	.loc	6 285 39                        @ ../app/src/QuaternionEKF.c:285:39
	vmul.f32	s0, s0, s4
	.loc	6 285 5                         @ ../app/src/QuaternionEKF.c:285:5
	ldr	r2, [sp, #36]
	.loc	6 285 9                         @ ../app/src/QuaternionEKF.c:285:9
	ldr.w	r2, [r2, #256]
	.loc	6 285 20                        @ ../app/src/QuaternionEKF.c:285:20
	vstr	s0, [r2, #44]
	.loc	6 287 23 is_stmt 1              @ ../app/src/QuaternionEKF.c:287:23
	vldr	s0, [r1, #4]
	.loc	6 287 37 is_stmt 0              @ ../app/src/QuaternionEKF.c:287:37
	vldr	s6, [r0, #444]
	.loc	6 287 26                        @ ../app/src/QuaternionEKF.c:287:26
	vmul.f32	s0, s0, s6
	.loc	6 287 40                        @ ../app/src/QuaternionEKF.c:287:40
	vmul.f32	s0, s0, s2
	.loc	6 287 5                         @ ../app/src/QuaternionEKF.c:287:5
	ldr	r2, [sp, #36]
	.loc	6 287 9                         @ ../app/src/QuaternionEKF.c:287:9
	ldr.w	r2, [r2, #256]
	.loc	6 287 20                        @ ../app/src/QuaternionEKF.c:287:20
	vstr	s0, [r2, #64]
	.loc	6 288 23 is_stmt 1              @ ../app/src/QuaternionEKF.c:288:23
	vldr	s0, [r1, #16]
	.loc	6 288 37 is_stmt 0              @ ../app/src/QuaternionEKF.c:288:37
	vldr	s6, [r0, #444]
	.loc	6 288 26                        @ ../app/src/QuaternionEKF.c:288:26
	vmul.f32	s0, s0, s6
	.loc	6 288 40                        @ ../app/src/QuaternionEKF.c:288:40
	vmul.f32	s0, s0, s2
	.loc	6 288 5                         @ ../app/src/QuaternionEKF.c:288:5
	ldr	r2, [sp, #36]
	.loc	6 288 9                         @ ../app/src/QuaternionEKF.c:288:9
	ldr.w	r2, [r2, #256]
	.loc	6 288 20                        @ ../app/src/QuaternionEKF.c:288:20
	vstr	s0, [r2, #68]
	.loc	6 290 22 is_stmt 1              @ ../app/src/QuaternionEKF.c:290:22
	vldr	s0, [r1, #8]
	.loc	6 290 36 is_stmt 0              @ ../app/src/QuaternionEKF.c:290:36
	vldr	s6, [r0, #444]
	.loc	6 290 25                        @ ../app/src/QuaternionEKF.c:290:25
	vmul.f32	s0, s0, s6
	.loc	6 290 39                        @ ../app/src/QuaternionEKF.c:290:39
	vmul.f32	s0, s0, s4
	.loc	6 290 5                         @ ../app/src/QuaternionEKF.c:290:5
	ldr	r2, [sp, #36]
	.loc	6 290 9                         @ ../app/src/QuaternionEKF.c:290:9
	ldr.w	r2, [r2, #256]
	.loc	6 290 20                        @ ../app/src/QuaternionEKF.c:290:20
	vstr	s0, [r2, #88]
	.loc	6 291 23 is_stmt 1              @ ../app/src/QuaternionEKF.c:291:23
	vldr	s0, [r1, #12]
	.loc	6 291 37 is_stmt 0              @ ../app/src/QuaternionEKF.c:291:37
	vldr	s4, [r0, #444]
	.loc	6 291 26                        @ ../app/src/QuaternionEKF.c:291:26
	vmul.f32	s0, s0, s4
	.loc	6 291 40                        @ ../app/src/QuaternionEKF.c:291:40
	vmul.f32	s0, s0, s2
	.loc	6 291 5                         @ ../app/src/QuaternionEKF.c:291:5
	ldr	r1, [sp, #36]
	.loc	6 291 9                         @ ../app/src/QuaternionEKF.c:291:9
	ldr.w	r1, [r1, #256]
	.loc	6 291 20                        @ ../app/src/QuaternionEKF.c:291:20
	vstr	s0, [r1, #92]
	.loc	6 294 32 is_stmt 1              @ ../app/src/QuaternionEKF.c:294:32
	vldr	s2, [r0, #464]
	.loc	6 294 5 is_stmt 0               @ ../app/src/QuaternionEKF.c:294:5
	ldr	r1, [sp, #36]
	.loc	6 294 9                         @ ../app/src/QuaternionEKF.c:294:9
	ldr.w	r1, [r1, #248]
	.loc	6 294 20                        @ ../app/src/QuaternionEKF.c:294:20
	vldr	s0, [r1, #112]
	vdiv.f32	s0, s0, s2
	vstr	s0, [r1, #112]
	.loc	6 295 32 is_stmt 1              @ ../app/src/QuaternionEKF.c:295:32
	vldr	s2, [r0, #464]
	.loc	6 295 5 is_stmt 0               @ ../app/src/QuaternionEKF.c:295:5
	ldr	r0, [sp, #36]
	.loc	6 295 9                         @ ../app/src/QuaternionEKF.c:295:9
	ldr.w	r0, [r0, #248]
	.loc	6 295 20                        @ ../app/src/QuaternionEKF.c:295:20
	vldr	s0, [r0, #140]
	vdiv.f32	s0, s0, s2
	vstr	s0, [r0, #140]
.Ltmp15:
	.loc	6 298 9 is_stmt 1               @ ../app/src/QuaternionEKF.c:298:9
	ldr	r0, [sp, #36]
	.loc	6 298 13 is_stmt 0              @ ../app/src/QuaternionEKF.c:298:13
	ldr.w	r0, [r0, #248]
	.loc	6 298 9                         @ ../app/src/QuaternionEKF.c:298:9
	vldr	s0, [r0, #112]
	vldr	s2, .LCPI2_0
.Ltmp16:
	.loc	6 298 9                         @ ../app/src/QuaternionEKF.c:298:9
	vcmp.f32	s0, s2
	vmrs	APSR_nzcv, fpscr
	ble	.LBB2_6
	b	.LBB2_5
.LBB2_5:
.Ltmp17:
	.loc	6 300 9 is_stmt 1               @ ../app/src/QuaternionEKF.c:300:9
	ldr	r0, [sp, #36]
	.loc	6 300 13 is_stmt 0              @ ../app/src/QuaternionEKF.c:300:13
	ldr.w	r1, [r0, #248]
	movw	r0, #16384
	movt	r0, #17948
	.loc	6 300 24                        @ ../app/src/QuaternionEKF.c:300:24
	str	r0, [r1, #112]
	.loc	6 301 5 is_stmt 1               @ ../app/src/QuaternionEKF.c:301:5
	b	.LBB2_6
.Ltmp18:
.LBB2_6:
	.loc	6 302 9                         @ ../app/src/QuaternionEKF.c:302:9
	ldr	r0, [sp, #36]
	.loc	6 302 13 is_stmt 0              @ ../app/src/QuaternionEKF.c:302:13
	ldr.w	r0, [r0, #248]
	.loc	6 302 9                         @ ../app/src/QuaternionEKF.c:302:9
	vldr	s0, [r0, #140]
	vldr	s2, .LCPI2_0
.Ltmp19:
	.loc	6 302 9                         @ ../app/src/QuaternionEKF.c:302:9
	vcmp.f32	s0, s2
	vmrs	APSR_nzcv, fpscr
	ble	.LBB2_8
	b	.LBB2_7
.LBB2_7:
.Ltmp20:
	.loc	6 304 9 is_stmt 1               @ ../app/src/QuaternionEKF.c:304:9
	ldr	r0, [sp, #36]
	.loc	6 304 13 is_stmt 0              @ ../app/src/QuaternionEKF.c:304:13
	ldr.w	r1, [r0, #248]
	movw	r0, #16384
	movt	r0, #17948
	.loc	6 304 24                        @ ../app/src/QuaternionEKF.c:304:24
	str.w	r0, [r1, #140]
	.loc	6 305 5 is_stmt 1               @ ../app/src/QuaternionEKF.c:305:5
	b	.LBB2_8
.Ltmp21:
.LBB2_8:
	.loc	6 306 1 epilogue_begin          @ ../app/src/QuaternionEKF.c:306:1
	add	sp, #40
	pop	{r7, pc}
.Ltmp22:
	.loc	6 0 1 is_stmt 0                 @ :0:1
.Ltmp23:
	.p2align	2
@ %bb.9:
.LCPI2_0:
	.long	0x461c4000                      @ float 1.0E+4
.Lfunc_end2:
	.size	IMU_QuaternionEKF_F_Linearization_P_Fading, .Lfunc_end2-IMU_QuaternionEKF_F_Linearization_P_Fading
	.cfi_endproc
	.cantunwind
	.fnend
                                        @ -- End function
	.section	.text.IMU_QuaternionEKF_SetH,"ax",%progbits
	.p2align	3                               @ -- Begin function IMU_QuaternionEKF_SetH
	.type	IMU_QuaternionEKF_SetH,%function
	.code	16                              @ @IMU_QuaternionEKF_SetH
	.thumb_func
IMU_QuaternionEKF_SetH:
.Lfunc_begin3:
	.loc	6 314 0 is_stmt 1               @ ../app/src/QuaternionEKF.c:314:0
	.fnstart
	.cfi_startproc
@ %bb.0:
	.save	{r7, lr}
	push	{r7, lr}
	.cfi_def_cfa_offset 8
	.cfi_offset lr, -4
	.cfi_offset r7, -8
	.pad	#24
	sub	sp, #24
	.cfi_def_cfa_offset 32
	str	r0, [sp, #20]
.Ltmp24:
	.loc	6 323 20 prologue_end           @ ../app/src/QuaternionEKF.c:323:20
	ldr	r0, [sp, #20]
	.loc	6 323 24 is_stmt 0              @ ../app/src/QuaternionEKF.c:323:24
	ldr.w	r0, [r0, #236]
	.loc	6 323 20                        @ ../app/src/QuaternionEKF.c:323:20
	vldr	s0, [r0]
	.loc	6 323 18                        @ ../app/src/QuaternionEKF.c:323:18
	vadd.f32	s0, s0, s0
	.loc	6 323 14                        @ ../app/src/QuaternionEKF.c:323:14
	vstr	s0, [sp, #16]
	.loc	6 324 20 is_stmt 1              @ ../app/src/QuaternionEKF.c:324:20
	ldr	r0, [sp, #20]
	.loc	6 324 24 is_stmt 0              @ ../app/src/QuaternionEKF.c:324:24
	ldr.w	r0, [r0, #236]
	.loc	6 324 20                        @ ../app/src/QuaternionEKF.c:324:20
	vldr	s0, [r0, #4]
	.loc	6 324 18                        @ ../app/src/QuaternionEKF.c:324:18
	vadd.f32	s0, s0, s0
	.loc	6 324 14                        @ ../app/src/QuaternionEKF.c:324:14
	vstr	s0, [sp, #12]
	.loc	6 325 20 is_stmt 1              @ ../app/src/QuaternionEKF.c:325:20
	ldr	r0, [sp, #20]
	.loc	6 325 24 is_stmt 0              @ ../app/src/QuaternionEKF.c:325:24
	ldr.w	r0, [r0, #236]
	.loc	6 325 20                        @ ../app/src/QuaternionEKF.c:325:20
	vldr	s0, [r0, #8]
	.loc	6 325 18                        @ ../app/src/QuaternionEKF.c:325:18
	vadd.f32	s0, s0, s0
	.loc	6 325 14                        @ ../app/src/QuaternionEKF.c:325:14
	vstr	s0, [sp, #8]
	.loc	6 326 20 is_stmt 1              @ ../app/src/QuaternionEKF.c:326:20
	ldr	r0, [sp, #20]
	.loc	6 326 24 is_stmt 0              @ ../app/src/QuaternionEKF.c:326:24
	ldr.w	r0, [r0, #236]
	.loc	6 326 20                        @ ../app/src/QuaternionEKF.c:326:20
	vldr	s0, [r0, #12]
	.loc	6 326 18                        @ ../app/src/QuaternionEKF.c:326:18
	vadd.f32	s0, s0, s0
	.loc	6 326 14                        @ ../app/src/QuaternionEKF.c:326:14
	vstr	s0, [sp, #4]
	.loc	6 328 12 is_stmt 1              @ ../app/src/QuaternionEKF.c:328:12
	ldr	r3, [sp, #20]
	.loc	6 328 16 is_stmt 0              @ ../app/src/QuaternionEKF.c:328:16
	ldr.w	r0, [r3, #268]
	.loc	6 328 27                        @ ../app/src/QuaternionEKF.c:328:27
	movw	r1, :lower16:sizeof_float
	movt	r1, :upper16:sizeof_float
	ldrh	r1, [r1]
	.loc	6 328 58                        @ ../app/src/QuaternionEKF.c:328:58
	ldrb	r2, [r3, #12]
	.loc	6 328 46                        @ ../app/src/QuaternionEKF.c:328:46
	ldrb	r3, [r3, #14]
	.loc	6 328 40                        @ ../app/src/QuaternionEKF.c:328:40
	muls	r1, r3, r1
	.loc	6 328 52                        @ ../app/src/QuaternionEKF.c:328:52
	muls	r1, r2, r1
	.loc	6 328 5                         @ ../app/src/QuaternionEKF.c:328:5
	bl	__aeabi_memclr4
	.loc	6 330 22 is_stmt 1              @ ../app/src/QuaternionEKF.c:330:22
	vldr	s0, [sp, #8]
	.loc	6 330 21 is_stmt 0              @ ../app/src/QuaternionEKF.c:330:21
	vneg.f32	s0, s0
	.loc	6 330 5                         @ ../app/src/QuaternionEKF.c:330:5
	ldr	r0, [sp, #20]
	.loc	6 330 9                         @ ../app/src/QuaternionEKF.c:330:9
	ldr.w	r0, [r0, #268]
	.loc	6 330 19                        @ ../app/src/QuaternionEKF.c:330:19
	vstr	s0, [r0]
	.loc	6 331 21 is_stmt 1              @ ../app/src/QuaternionEKF.c:331:21
	ldr	r0, [sp, #4]
	.loc	6 331 5 is_stmt 0               @ ../app/src/QuaternionEKF.c:331:5
	ldr	r1, [sp, #20]
	.loc	6 331 9                         @ ../app/src/QuaternionEKF.c:331:9
	ldr.w	r1, [r1, #268]
	.loc	6 331 19                        @ ../app/src/QuaternionEKF.c:331:19
	str	r0, [r1, #4]
	.loc	6 332 22 is_stmt 1              @ ../app/src/QuaternionEKF.c:332:22
	vldr	s0, [sp, #16]
	.loc	6 332 21 is_stmt 0              @ ../app/src/QuaternionEKF.c:332:21
	vneg.f32	s0, s0
	.loc	6 332 5                         @ ../app/src/QuaternionEKF.c:332:5
	ldr	r0, [sp, #20]
	.loc	6 332 9                         @ ../app/src/QuaternionEKF.c:332:9
	ldr.w	r0, [r0, #268]
	.loc	6 332 19                        @ ../app/src/QuaternionEKF.c:332:19
	vstr	s0, [r0, #8]
	.loc	6 333 21 is_stmt 1              @ ../app/src/QuaternionEKF.c:333:21
	ldr	r0, [sp, #12]
	.loc	6 333 5 is_stmt 0               @ ../app/src/QuaternionEKF.c:333:5
	ldr	r1, [sp, #20]
	.loc	6 333 9                         @ ../app/src/QuaternionEKF.c:333:9
	ldr.w	r1, [r1, #268]
	.loc	6 333 19                        @ ../app/src/QuaternionEKF.c:333:19
	str	r0, [r1, #12]
	.loc	6 335 21 is_stmt 1              @ ../app/src/QuaternionEKF.c:335:21
	ldr	r0, [sp, #12]
	.loc	6 335 5 is_stmt 0               @ ../app/src/QuaternionEKF.c:335:5
	ldr	r1, [sp, #20]
	.loc	6 335 9                         @ ../app/src/QuaternionEKF.c:335:9
	ldr.w	r1, [r1, #268]
	.loc	6 335 19                        @ ../app/src/QuaternionEKF.c:335:19
	str	r0, [r1, #24]
	.loc	6 336 21 is_stmt 1              @ ../app/src/QuaternionEKF.c:336:21
	ldr	r0, [sp, #16]
	.loc	6 336 5 is_stmt 0               @ ../app/src/QuaternionEKF.c:336:5
	ldr	r1, [sp, #20]
	.loc	6 336 9                         @ ../app/src/QuaternionEKF.c:336:9
	ldr.w	r1, [r1, #268]
	.loc	6 336 19                        @ ../app/src/QuaternionEKF.c:336:19
	str	r0, [r1, #28]
	.loc	6 337 21 is_stmt 1              @ ../app/src/QuaternionEKF.c:337:21
	ldr	r0, [sp, #4]
	.loc	6 337 5 is_stmt 0               @ ../app/src/QuaternionEKF.c:337:5
	ldr	r1, [sp, #20]
	.loc	6 337 9                         @ ../app/src/QuaternionEKF.c:337:9
	ldr.w	r1, [r1, #268]
	.loc	6 337 19                        @ ../app/src/QuaternionEKF.c:337:19
	str	r0, [r1, #32]
	.loc	6 338 21 is_stmt 1              @ ../app/src/QuaternionEKF.c:338:21
	ldr	r0, [sp, #8]
	.loc	6 338 5 is_stmt 0               @ ../app/src/QuaternionEKF.c:338:5
	ldr	r1, [sp, #20]
	.loc	6 338 9                         @ ../app/src/QuaternionEKF.c:338:9
	ldr.w	r1, [r1, #268]
	.loc	6 338 19                        @ ../app/src/QuaternionEKF.c:338:19
	str	r0, [r1, #36]
	.loc	6 340 22 is_stmt 1              @ ../app/src/QuaternionEKF.c:340:22
	ldr	r0, [sp, #16]
	.loc	6 340 5 is_stmt 0               @ ../app/src/QuaternionEKF.c:340:5
	ldr	r1, [sp, #20]
	.loc	6 340 9                         @ ../app/src/QuaternionEKF.c:340:9
	ldr.w	r1, [r1, #268]
	.loc	6 340 20                        @ ../app/src/QuaternionEKF.c:340:20
	str	r0, [r1, #48]
	.loc	6 341 23 is_stmt 1              @ ../app/src/QuaternionEKF.c:341:23
	vldr	s0, [sp, #12]
	.loc	6 341 22 is_stmt 0              @ ../app/src/QuaternionEKF.c:341:22
	vneg.f32	s0, s0
	.loc	6 341 5                         @ ../app/src/QuaternionEKF.c:341:5
	ldr	r0, [sp, #20]
	.loc	6 341 9                         @ ../app/src/QuaternionEKF.c:341:9
	ldr.w	r0, [r0, #268]
	.loc	6 341 20                        @ ../app/src/QuaternionEKF.c:341:20
	vstr	s0, [r0, #52]
	.loc	6 342 23 is_stmt 1              @ ../app/src/QuaternionEKF.c:342:23
	vldr	s0, [sp, #8]
	.loc	6 342 22 is_stmt 0              @ ../app/src/QuaternionEKF.c:342:22
	vneg.f32	s0, s0
	.loc	6 342 5                         @ ../app/src/QuaternionEKF.c:342:5
	ldr	r0, [sp, #20]
	.loc	6 342 9                         @ ../app/src/QuaternionEKF.c:342:9
	ldr.w	r0, [r0, #268]
	.loc	6 342 20                        @ ../app/src/QuaternionEKF.c:342:20
	vstr	s0, [r0, #56]
	.loc	6 343 22 is_stmt 1              @ ../app/src/QuaternionEKF.c:343:22
	ldr	r0, [sp, #4]
	.loc	6 343 5 is_stmt 0               @ ../app/src/QuaternionEKF.c:343:5
	ldr	r1, [sp, #20]
	.loc	6 343 9                         @ ../app/src/QuaternionEKF.c:343:9
	ldr.w	r1, [r1, #268]
	.loc	6 343 20                        @ ../app/src/QuaternionEKF.c:343:20
	str	r0, [r1, #60]
	.loc	6 344 1 epilogue_begin is_stmt 1 @ ../app/src/QuaternionEKF.c:344:1
	add	sp, #24
	pop	{r7, pc}
.Ltmp25:
.Lfunc_end3:
	.size	IMU_QuaternionEKF_SetH, .Lfunc_end3-IMU_QuaternionEKF_SetH
	.cfi_endproc
	.cantunwind
	.fnend
                                        @ -- End function
	.section	.text.IMU_QuaternionEKF_xhatUpdate,"ax",%progbits
	.p2align	3                               @ -- Begin function IMU_QuaternionEKF_xhatUpdate
	.type	IMU_QuaternionEKF_xhatUpdate,%function
	.code	16                              @ @IMU_QuaternionEKF_xhatUpdate
	.thumb_func
IMU_QuaternionEKF_xhatUpdate:
.Lfunc_begin4:
	.loc	6 354 0                         @ ../app/src/QuaternionEKF.c:354:0
	.fnstart
	.cfi_startproc
@ %bb.0:
	.save	{r7, lr}
	push	{r7, lr}
	.cfi_def_cfa_offset 8
	.cfi_offset lr, -4
	.cfi_offset r7, -8
	.pad	#48
	sub	sp, #48
	.cfi_def_cfa_offset 56
	add	r1, sp, #28
	str	r1, [sp, #16]                   @ 4-byte Spill
	str	r0, [sp, #44]
.Ltmp26:
	.loc	6 357 39 prologue_end           @ ../app/src/QuaternionEKF.c:357:39
	ldr	r1, [sp, #44]
	.loc	6 357 43 is_stmt 0              @ ../app/src/QuaternionEKF.c:357:43
	add.w	r0, r1, #120
	.loc	6 357 51                        @ ../app/src/QuaternionEKF.c:357:51
	adds	r1, #128
	.loc	6 357 21                        @ ../app/src/QuaternionEKF.c:357:21
	bl	arm_mat_trans_f32
	.loc	6 357 5                         @ ../app/src/QuaternionEKF.c:357:5
	ldr	r1, [sp, #44]
	.loc	6 357 19                        @ ../app/src/QuaternionEKF.c:357:19
	strb.w	r0, [r1, #200]
	.loc	6 358 31 is_stmt 1              @ ../app/src/QuaternionEKF.c:358:31
	ldr	r1, [sp, #44]
	.loc	6 358 37 is_stmt 0              @ ../app/src/QuaternionEKF.c:358:37
	ldrh.w	r0, [r1, #120]
	.loc	6 358 29                        @ ../app/src/QuaternionEKF.c:358:29
	strh.w	r0, [r1, #168]
	.loc	6 359 31 is_stmt 1              @ ../app/src/QuaternionEKF.c:359:31
	ldr	r1, [sp, #44]
	.loc	6 359 42 is_stmt 0              @ ../app/src/QuaternionEKF.c:359:42
	ldrh.w	r0, [r1, #90]
	.loc	6 359 29                        @ ../app/src/QuaternionEKF.c:359:29
	strh.w	r0, [r1, #170]
	.loc	6 360 38 is_stmt 1              @ ../app/src/QuaternionEKF.c:360:38
	ldr	r2, [sp, #44]
	.loc	6 360 42 is_stmt 0              @ ../app/src/QuaternionEKF.c:360:42
	add.w	r0, r2, #120
	.loc	6 360 50                        @ ../app/src/QuaternionEKF.c:360:50
	add.w	r1, r2, #88
	.loc	6 360 63                        @ ../app/src/QuaternionEKF.c:360:63
	adds	r2, #168
	.loc	6 360 21                        @ ../app/src/QuaternionEKF.c:360:21
	bl	arm_mat_mult_f32
	.loc	6 360 5                         @ ../app/src/QuaternionEKF.c:360:5
	ldr	r1, [sp, #44]
	.loc	6 360 19                        @ ../app/src/QuaternionEKF.c:360:19
	strb.w	r0, [r1, #200]
	.loc	6 361 32 is_stmt 1              @ ../app/src/QuaternionEKF.c:361:32
	ldr	r1, [sp, #44]
	.loc	6 361 48 is_stmt 0              @ ../app/src/QuaternionEKF.c:361:48
	ldrh.w	r0, [r1, #168]
	.loc	6 361 30                        @ ../app/src/QuaternionEKF.c:361:30
	strh.w	r0, [r1, #176]
	.loc	6 362 32 is_stmt 1              @ ../app/src/QuaternionEKF.c:362:32
	ldr	r1, [sp, #44]
	.loc	6 362 39 is_stmt 0              @ ../app/src/QuaternionEKF.c:362:39
	ldrh.w	r0, [r1, #130]
	.loc	6 362 30                        @ ../app/src/QuaternionEKF.c:362:30
	strh.w	r0, [r1, #178]
	.loc	6 363 38 is_stmt 1              @ ../app/src/QuaternionEKF.c:363:38
	ldr	r2, [sp, #44]
	.loc	6 363 42 is_stmt 0              @ ../app/src/QuaternionEKF.c:363:42
	add.w	r0, r2, #168
	.loc	6 363 60                        @ ../app/src/QuaternionEKF.c:363:60
	add.w	r1, r2, #128
	.loc	6 363 69                        @ ../app/src/QuaternionEKF.c:363:69
	adds	r2, #176
	.loc	6 363 21                        @ ../app/src/QuaternionEKF.c:363:21
	bl	arm_mat_mult_f32
	.loc	6 363 5                         @ ../app/src/QuaternionEKF.c:363:5
	ldr	r1, [sp, #44]
	.loc	6 363 19                        @ ../app/src/QuaternionEKF.c:363:19
	strb.w	r0, [r1, #200]
	.loc	6 364 21 is_stmt 1              @ ../app/src/QuaternionEKF.c:364:21
	ldr	r1, [sp, #44]
	.loc	6 364 27 is_stmt 0              @ ../app/src/QuaternionEKF.c:364:27
	ldrh.w	r0, [r1, #144]
	.loc	6 364 19                        @ ../app/src/QuaternionEKF.c:364:19
	strh.w	r0, [r1, #160]
	.loc	6 365 21 is_stmt 1              @ ../app/src/QuaternionEKF.c:365:21
	ldr	r1, [sp, #44]
	.loc	6 365 27 is_stmt 0              @ ../app/src/QuaternionEKF.c:365:27
	ldrh.w	r0, [r1, #146]
	.loc	6 365 19                        @ ../app/src/QuaternionEKF.c:365:19
	strh.w	r0, [r1, #162]
	.loc	6 366 33 is_stmt 1              @ ../app/src/QuaternionEKF.c:366:33
	ldr	r2, [sp, #44]
	.loc	6 366 37 is_stmt 0              @ ../app/src/QuaternionEKF.c:366:37
	add.w	r0, r2, #176
	.loc	6 366 56                        @ ../app/src/QuaternionEKF.c:366:56
	add.w	r1, r2, #144
	.loc	6 366 64                        @ ../app/src/QuaternionEKF.c:366:64
	adds	r2, #160
	.loc	6 366 21                        @ ../app/src/QuaternionEKF.c:366:21
	bl	arm_mat_add_f32
	.loc	6 366 5                         @ ../app/src/QuaternionEKF.c:366:5
	ldr	r1, [sp, #44]
	.loc	6 366 19                        @ ../app/src/QuaternionEKF.c:366:19
	strb.w	r0, [r1, #200]
	.loc	6 367 37 is_stmt 1              @ ../app/src/QuaternionEKF.c:367:37
	ldr	r1, [sp, #44]
	.loc	6 367 41 is_stmt 0              @ ../app/src/QuaternionEKF.c:367:41
	add.w	r0, r1, #160
	.loc	6 367 49                        @ ../app/src/QuaternionEKF.c:367:49
	adds	r1, #176
	.loc	6 367 21                        @ ../app/src/QuaternionEKF.c:367:21
	bl	arm_mat_inverse_f32
	mov	r1, r0
	.loc	6 367 5                         @ ../app/src/QuaternionEKF.c:367:5
	ldr	r0, [sp, #16]                   @ 4-byte Reload
	ldr	r2, [sp, #44]
	.loc	6 367 19                        @ ../app/src/QuaternionEKF.c:367:19
	strb.w	r1, [r2, #200]
	.loc	6 369 10 is_stmt 1              @ ../app/src/QuaternionEKF.c:369:10
	ldr	r1, [sp, #44]
	.loc	6 369 14 is_stmt 0              @ ../app/src/QuaternionEKF.c:369:14
	ldr.w	r1, [r1, #236]
	.loc	6 369 10                        @ ../app/src/QuaternionEKF.c:369:10
	ldr	r1, [r1]
	.loc	6 369 8                         @ ../app/src/QuaternionEKF.c:369:8
	str	r1, [sp, #40]
	.loc	6 370 10 is_stmt 1              @ ../app/src/QuaternionEKF.c:370:10
	ldr	r1, [sp, #44]
	.loc	6 370 14 is_stmt 0              @ ../app/src/QuaternionEKF.c:370:14
	ldr.w	r1, [r1, #236]
	.loc	6 370 10                        @ ../app/src/QuaternionEKF.c:370:10
	ldr	r1, [r1, #4]
	.loc	6 370 8                         @ ../app/src/QuaternionEKF.c:370:8
	str	r1, [sp, #36]
	.loc	6 371 10 is_stmt 1              @ ../app/src/QuaternionEKF.c:371:10
	ldr	r1, [sp, #44]
	.loc	6 371 14 is_stmt 0              @ ../app/src/QuaternionEKF.c:371:14
	ldr.w	r1, [r1, #236]
	.loc	6 371 10                        @ ../app/src/QuaternionEKF.c:371:10
	ldr	r1, [r1, #8]
	.loc	6 371 8                         @ ../app/src/QuaternionEKF.c:371:8
	str	r1, [sp, #32]
	.loc	6 372 10 is_stmt 1              @ ../app/src/QuaternionEKF.c:372:10
	ldr	r1, [sp, #44]
	.loc	6 372 14 is_stmt 0              @ ../app/src/QuaternionEKF.c:372:14
	ldr.w	r1, [r1, #236]
	.loc	6 372 10                        @ ../app/src/QuaternionEKF.c:372:10
	ldr	r1, [r1, #12]
	.loc	6 372 8                         @ ../app/src/QuaternionEKF.c:372:8
	str	r1, [sp, #28]
	.loc	6 374 31 is_stmt 1              @ ../app/src/QuaternionEKF.c:374:31
	ldr	r2, [sp, #44]
	.loc	6 374 37 is_stmt 0              @ ../app/src/QuaternionEKF.c:374:37
	ldrh.w	r1, [r2, #120]
	.loc	6 374 29                        @ ../app/src/QuaternionEKF.c:374:29
	strh.w	r1, [r2, #184]
	.loc	6 375 5 is_stmt 1               @ ../app/src/QuaternionEKF.c:375:5
	ldr	r2, [sp, #44]
	movs	r1, #1
	.loc	6 375 29 is_stmt 0              @ ../app/src/QuaternionEKF.c:375:29
	strh.w	r1, [r2, #186]
	.loc	6 377 36 is_stmt 1              @ ../app/src/QuaternionEKF.c:377:36
	vldr	s2, [r0, #8]
	.loc	6 377 41 is_stmt 0              @ ../app/src/QuaternionEKF.c:377:41
	vldr	s4, [r0]
	.loc	6 377 46                        @ ../app/src/QuaternionEKF.c:377:46
	vldr	s0, [r0, #12]
	.loc	6 377 51                        @ ../app/src/QuaternionEKF.c:377:51
	vldr	s6, [r0, #4]
	.loc	6 377 49                        @ ../app/src/QuaternionEKF.c:377:49
	vmul.f32	s0, s0, s6
	.loc	6 377 44                        @ ../app/src/QuaternionEKF.c:377:44
	vfnms.f32	s0, s2, s4
	.loc	6 377 33                        @ ../app/src/QuaternionEKF.c:377:33
	vadd.f32	s0, s0, s0
	.loc	6 377 5                         @ ../app/src/QuaternionEKF.c:377:5
	ldr	r1, [sp, #44]
	.loc	6 377 9                         @ ../app/src/QuaternionEKF.c:377:9
	ldr.w	r1, [r1, #300]
	.loc	6 377 29                        @ ../app/src/QuaternionEKF.c:377:29
	vstr	s0, [r1]
	.loc	6 378 36 is_stmt 1              @ ../app/src/QuaternionEKF.c:378:36
	vldr	s2, [r0, #12]
	.loc	6 378 41 is_stmt 0              @ ../app/src/QuaternionEKF.c:378:41
	vldr	s4, [r0, #8]
	.loc	6 378 46                        @ ../app/src/QuaternionEKF.c:378:46
	vldr	s0, [r0, #4]
	.loc	6 378 51                        @ ../app/src/QuaternionEKF.c:378:51
	vldr	s6, [r0]
	.loc	6 378 49                        @ ../app/src/QuaternionEKF.c:378:49
	vmul.f32	s0, s0, s6
	.loc	6 378 44                        @ ../app/src/QuaternionEKF.c:378:44
	vfma.f32	s0, s2, s4
	.loc	6 378 33                        @ ../app/src/QuaternionEKF.c:378:33
	vadd.f32	s0, s0, s0
	.loc	6 378 5                         @ ../app/src/QuaternionEKF.c:378:5
	ldr	r1, [sp, #44]
	.loc	6 378 9                         @ ../app/src/QuaternionEKF.c:378:9
	ldr.w	r1, [r1, #300]
	.loc	6 378 29                        @ ../app/src/QuaternionEKF.c:378:29
	vstr	s0, [r1, #4]
	.loc	6 379 31 is_stmt 1              @ ../app/src/QuaternionEKF.c:379:31
	vldr	s2, [r0, #12]
	.loc	6 379 36 is_stmt 0              @ ../app/src/QuaternionEKF.c:379:36
	vldr	s4, [r0, #12]
	.loc	6 379 41                        @ ../app/src/QuaternionEKF.c:379:41
	vldr	s0, [r0, #8]
	.loc	6 379 46                        @ ../app/src/QuaternionEKF.c:379:46
	vldr	s6, [r0, #8]
	.loc	6 379 44                        @ ../app/src/QuaternionEKF.c:379:44
	vmul.f32	s0, s0, s6
	.loc	6 379 39                        @ ../app/src/QuaternionEKF.c:379:39
	vfnms.f32	s0, s2, s4
	.loc	6 379 51                        @ ../app/src/QuaternionEKF.c:379:51
	vldr	s2, [r0, #4]
	.loc	6 379 56                        @ ../app/src/QuaternionEKF.c:379:56
	vldr	s4, [r0, #4]
	.loc	6 379 49                        @ ../app/src/QuaternionEKF.c:379:49
	vfms.f32	s0, s2, s4
	.loc	6 379 61                        @ ../app/src/QuaternionEKF.c:379:61
	vldr	s2, [r0]
	.loc	6 379 66                        @ ../app/src/QuaternionEKF.c:379:66
	vldr	s4, [r0]
	.loc	6 379 59                        @ ../app/src/QuaternionEKF.c:379:59
	vfma.f32	s0, s2, s4
	.loc	6 379 5                         @ ../app/src/QuaternionEKF.c:379:5
	ldr	r0, [sp, #44]
	.loc	6 379 9                         @ ../app/src/QuaternionEKF.c:379:9
	ldr.w	r0, [r0, #300]
	.loc	6 379 29                        @ ../app/src/QuaternionEKF.c:379:29
	vstr	s0, [r0, #8]
	movs	r0, #0
.Ltmp27:
	.loc	6 382 18 is_stmt 1              @ ../app/src/QuaternionEKF.c:382:18
	strb.w	r0, [sp, #27]
	.loc	6 382 10 is_stmt 0              @ ../app/src/QuaternionEKF.c:382:10
	b	.LBB4_1
.LBB4_1:                                @ =>This Inner Loop Header: Depth=1
.Ltmp28:
	.loc	6 382 25                        @ ../app/src/QuaternionEKF.c:382:25
	ldrb.w	r0, [sp, #27]
.Ltmp29:
	.loc	6 382 5                         @ ../app/src/QuaternionEKF.c:382:5
	cmp	r0, #2
	bgt	.LBB4_4
	b	.LBB4_2
.LBB4_2:                                @   in Loop: Header=BB4_1 Depth=1
.Ltmp30:
	.loc	6 384 59 is_stmt 1              @ ../app/src/QuaternionEKF.c:384:59
	ldr	r0, [sp, #44]
	.loc	6 384 63 is_stmt 0              @ ../app/src/QuaternionEKF.c:384:63
	ldr.w	r0, [r0, #300]
	.loc	6 384 80                        @ ../app/src/QuaternionEKF.c:384:80
	ldrb.w	r1, [sp, #27]
	.loc	6 384 59                        @ ../app/src/QuaternionEKF.c:384:59
	add.w	r0, r0, r1, lsl #2
	vldr	s0, [r0]
	.loc	6 384 53                        @ ../app/src/QuaternionEKF.c:384:53
	vabs.f32	s0, s0
	.loc	6 384 41                        @ ../app/src/QuaternionEKF.c:384:41
	bl	arm_cos_f32
	.loc	6 384 36                        @ ../app/src/QuaternionEKF.c:384:36
	ldrb.w	r1, [sp, #27]
	.loc	6 384 9                         @ ../app/src/QuaternionEKF.c:384:9
	movw	r0, :lower16:QEKF_INS
	movt	r0, :upper16:QEKF_INS
	add.w	r0, r0, r1, lsl #2
	.loc	6 384 39                        @ ../app/src/QuaternionEKF.c:384:39
	vstr	s0, [r0, #388]
	.loc	6 385 5 is_stmt 1               @ ../app/src/QuaternionEKF.c:385:5
	b	.LBB4_3
.Ltmp31:
.LBB4_3:                                @   in Loop: Header=BB4_1 Depth=1
	.loc	6 382 33                        @ ../app/src/QuaternionEKF.c:382:33
	ldrb.w	r0, [sp, #27]
	adds	r0, #1
	strb.w	r0, [sp, #27]
	.loc	6 382 5 is_stmt 0               @ ../app/src/QuaternionEKF.c:382:5
	b	.LBB4_1
.Ltmp32:
.LBB4_4:
	.loc	6 388 32 is_stmt 1              @ ../app/src/QuaternionEKF.c:388:32
	ldr	r1, [sp, #44]
	.loc	6 388 38 is_stmt 0              @ ../app/src/QuaternionEKF.c:388:38
	ldrh.w	r0, [r1, #72]
	.loc	6 388 30                        @ ../app/src/QuaternionEKF.c:388:30
	strh.w	r0, [r1, #192]
	.loc	6 389 5 is_stmt 1               @ ../app/src/QuaternionEKF.c:389:5
	ldr	r1, [sp, #44]
	movs	r0, #1
	.loc	6 389 30 is_stmt 0              @ ../app/src/QuaternionEKF.c:389:30
	str	r0, [sp, #8]                    @ 4-byte Spill
	strh.w	r0, [r1, #194]
	.loc	6 390 38 is_stmt 1              @ ../app/src/QuaternionEKF.c:390:38
	ldr	r2, [sp, #44]
	.loc	6 390 42 is_stmt 0              @ ../app/src/QuaternionEKF.c:390:42
	add.w	r0, r2, #72
	.loc	6 390 50                        @ ../app/src/QuaternionEKF.c:390:50
	add.w	r1, r2, #184
	.loc	6 390 68                        @ ../app/src/QuaternionEKF.c:390:68
	adds	r2, #192
	.loc	6 390 21                        @ ../app/src/QuaternionEKF.c:390:21
	bl	arm_mat_sub_f32
	mov	r1, r0
	.loc	6 390 5                         @ ../app/src/QuaternionEKF.c:390:5
	ldr	r0, [sp, #8]                    @ 4-byte Reload
	ldr	r2, [sp, #44]
	.loc	6 390 19                        @ ../app/src/QuaternionEKF.c:390:19
	strb.w	r1, [r2, #200]
	.loc	6 393 31 is_stmt 1              @ ../app/src/QuaternionEKF.c:393:31
	ldr	r2, [sp, #44]
	.loc	6 393 48 is_stmt 0              @ ../app/src/QuaternionEKF.c:393:48
	ldrh.w	r1, [r2, #192]
	.loc	6 393 29                        @ ../app/src/QuaternionEKF.c:393:29
	strh.w	r1, [r2, #168]
	.loc	6 394 5 is_stmt 1               @ ../app/src/QuaternionEKF.c:394:5
	ldr	r1, [sp, #44]
	.loc	6 394 29 is_stmt 0              @ ../app/src/QuaternionEKF.c:394:29
	strh.w	r0, [r1, #170]
	.loc	6 395 38 is_stmt 1              @ ../app/src/QuaternionEKF.c:395:38
	ldr	r2, [sp, #44]
	.loc	6 395 42 is_stmt 0              @ ../app/src/QuaternionEKF.c:395:42
	add.w	r0, r2, #176
	.loc	6 395 61                        @ ../app/src/QuaternionEKF.c:395:61
	add.w	r1, r2, #192
	.loc	6 395 80                        @ ../app/src/QuaternionEKF.c:395:80
	adds	r2, #168
	.loc	6 395 21                        @ ../app/src/QuaternionEKF.c:395:21
	bl	arm_mat_mult_f32
	mov	r1, r0
	.loc	6 395 5                         @ ../app/src/QuaternionEKF.c:395:5
	ldr	r0, [sp, #8]                    @ 4-byte Reload
	ldr	r2, [sp, #44]
	.loc	6 395 19                        @ ../app/src/QuaternionEKF.c:395:19
	strb.w	r1, [r2, #200]
	.loc	6 396 5 is_stmt 1               @ ../app/src/QuaternionEKF.c:396:5
	ldr	r1, [sp, #44]
	.loc	6 396 29 is_stmt 0              @ ../app/src/QuaternionEKF.c:396:29
	strh.w	r0, [r1, #184]
	.loc	6 397 31 is_stmt 1              @ ../app/src/QuaternionEKF.c:397:31
	ldr	r1, [sp, #44]
	.loc	6 397 48 is_stmt 0              @ ../app/src/QuaternionEKF.c:397:48
	ldrh.w	r0, [r1, #192]
	.loc	6 397 29                        @ ../app/src/QuaternionEKF.c:397:29
	strh.w	r0, [r1, #186]
	.loc	6 398 39 is_stmt 1              @ ../app/src/QuaternionEKF.c:398:39
	ldr	r1, [sp, #44]
	.loc	6 398 43 is_stmt 0              @ ../app/src/QuaternionEKF.c:398:43
	add.w	r0, r1, #192
	.loc	6 398 62                        @ ../app/src/QuaternionEKF.c:398:62
	adds	r1, #184
	.loc	6 398 21                        @ ../app/src/QuaternionEKF.c:398:21
	bl	arm_mat_trans_f32
	.loc	6 398 5                         @ ../app/src/QuaternionEKF.c:398:5
	ldr	r1, [sp, #44]
	.loc	6 398 19                        @ ../app/src/QuaternionEKF.c:398:19
	strb.w	r0, [r1, #200]
	.loc	6 399 38 is_stmt 1              @ ../app/src/QuaternionEKF.c:399:38
	ldr	r1, [sp, #44]
	.loc	6 399 42 is_stmt 0              @ ../app/src/QuaternionEKF.c:399:42
	add.w	r0, r1, #184
	.loc	6 399 60                        @ ../app/src/QuaternionEKF.c:399:60
	adds	r1, #168
	.loc	6 399 21                        @ ../app/src/QuaternionEKF.c:399:21
	movw	r2, :lower16:QEKF_INS
	movt	r2, :upper16:QEKF_INS
	str	r2, [sp, #12]                   @ 4-byte Spill
	add.w	r2, r2, #448
	bl	arm_mat_mult_f32
	mov	r1, r0
	.loc	6 399 5                         @ ../app/src/QuaternionEKF.c:399:5
	ldr	r0, [sp, #12]                   @ 4-byte Reload
	ldr	r2, [sp, #44]
	.loc	6 399 19                        @ ../app/src/QuaternionEKF.c:399:19
	strb.w	r1, [r2, #200]
.Ltmp33:
	.loc	6 401 9 is_stmt 1               @ ../app/src/QuaternionEKF.c:401:9
	vldr	s0, [r0, #456]
	.loc	6 401 54 is_stmt 0              @ ../app/src/QuaternionEKF.c:401:54
	vldr	s2, [r0, #460]
	vmov.f32	s4, #5.000000e-01
	.loc	6 401 43                        @ ../app/src/QuaternionEKF.c:401:43
	vmul.f32	s2, s2, s4
.Ltmp34:
	.loc	6 401 9                         @ ../app/src/QuaternionEKF.c:401:9
	vcmp.f32	s0, s2
	vmrs	APSR_nzcv, fpscr
	bge	.LBB4_6
	b	.LBB4_5
.LBB4_5:
.Ltmp35:
	.loc	6 403 31 is_stmt 1              @ ../app/src/QuaternionEKF.c:403:31
	movw	r1, :lower16:QEKF_INS
	movt	r1, :upper16:QEKF_INS
	movs	r0, #1
	strb.w	r0, [r1, #312]
	.loc	6 404 5                         @ ../app/src/QuaternionEKF.c:404:5
	b	.LBB4_6
.Ltmp36:
.LBB4_6:
	.loc	6 406 9                         @ ../app/src/QuaternionEKF.c:406:9
	movw	r0, :lower16:QEKF_INS
	movt	r0, :upper16:QEKF_INS
	vldr	s0, [r0, #456]
	.loc	6 406 47 is_stmt 0              @ ../app/src/QuaternionEKF.c:406:47
	vldr	s2, [r0, #460]
	.loc	6 406 70                        @ ../app/src/QuaternionEKF.c:406:70
	vcmp.f32	s0, s2
	vmrs	APSR_nzcv, fpscr
	ble	.LBB4_15
	b	.LBB4_7
.LBB4_7:
	.loc	6 406 82                        @ ../app/src/QuaternionEKF.c:406:82
	movw	r0, :lower16:QEKF_INS
	movt	r0, :upper16:QEKF_INS
	ldrb.w	r0, [r0, #312]
.Ltmp37:
	.loc	6 406 9                         @ ../app/src/QuaternionEKF.c:406:9
	cmp	r0, #0
	beq	.LBB4_15
	b	.LBB4_8
.LBB4_8:
.Ltmp38:
	.loc	6 408 22 is_stmt 1              @ ../app/src/QuaternionEKF.c:408:22
	movw	r0, :lower16:QEKF_INS
	movt	r0, :upper16:QEKF_INS
	ldrb.w	r0, [r0, #313]
.Ltmp39:
	.loc	6 408 13 is_stmt 0              @ ../app/src/QuaternionEKF.c:408:13
	cbz	r0, .LBB4_10
	b	.LBB4_9
.LBB4_9:
.Ltmp40:
	.loc	6 410 32 is_stmt 1              @ ../app/src/QuaternionEKF.c:410:32
	movw	r1, :lower16:QEKF_INS
	movt	r1, :upper16:QEKF_INS
	ldr.w	r2, [r1, #320]
	ldr.w	r0, [r1, #324]
	adds	r2, #1
	adc	r0, r0, #0
	str.w	r2, [r1, #320]
	str.w	r0, [r1, #324]
	.loc	6 411 9                         @ ../app/src/QuaternionEKF.c:411:9
	b	.LBB4_11
.Ltmp41:
.LBB4_10:
	.loc	6 414 33                        @ ../app/src/QuaternionEKF.c:414:33
	movw	r1, :lower16:QEKF_INS
	movt	r1, :upper16:QEKF_INS
	movs	r0, #0
	str.w	r0, [r1, #324]
	str.w	r0, [r1, #320]
	b	.LBB4_11
.Ltmp42:
.LBB4_11:
	.loc	6 417 22                        @ ../app/src/QuaternionEKF.c:417:22
	movw	r0, :lower16:QEKF_INS
	movt	r0, :upper16:QEKF_INS
	ldr.w	r1, [r0, #320]
	ldr.w	r0, [r0, #324]
	.loc	6 417 33 is_stmt 0              @ ../app/src/QuaternionEKF.c:417:33
	subs	r1, #51
	sbcs	r0, r0, #0
.Ltmp43:
	.loc	6 417 13                        @ ../app/src/QuaternionEKF.c:417:13
	blo	.LBB4_13
	b	.LBB4_12
.LBB4_12:
.Ltmp44:
	.loc	6 420 35 is_stmt 1              @ ../app/src/QuaternionEKF.c:420:35
	movw	r1, :lower16:QEKF_INS
	movt	r1, :upper16:QEKF_INS
	movs	r0, #0
	strb.w	r0, [r1, #312]
	.loc	6 421 13                        @ ../app/src/QuaternionEKF.c:421:13
	ldr	r1, [sp, #44]
	.loc	6 421 25 is_stmt 0              @ ../app/src/QuaternionEKF.c:421:25
	strb.w	r0, [r1, #44]
	.loc	6 422 9 is_stmt 1               @ ../app/src/QuaternionEKF.c:422:9
	b	.LBB4_14
.Ltmp45:
.LBB4_13:
	.loc	6 428 20                        @ ../app/src/QuaternionEKF.c:428:20
	ldr	r3, [sp, #44]
	.loc	6 428 24 is_stmt 0              @ ../app/src/QuaternionEKF.c:428:24
	ldr.w	r0, [r3, #232]
	.loc	6 428 39                        @ ../app/src/QuaternionEKF.c:428:39
	ldr.w	r1, [r3, #236]
	.loc	6 428 55                        @ ../app/src/QuaternionEKF.c:428:55
	movw	r2, :lower16:sizeof_float
	movt	r2, :upper16:sizeof_float
	str	r2, [sp, #4]                    @ 4-byte Spill
	ldrh	r2, [r2]
	.loc	6 428 74                        @ ../app/src/QuaternionEKF.c:428:74
	ldrb	r3, [r3, #12]
	.loc	6 428 68                        @ ../app/src/QuaternionEKF.c:428:68
	muls	r2, r3, r2
	.loc	6 428 13                        @ ../app/src/QuaternionEKF.c:428:13
	bl	__aeabi_memcpy4
	ldr	r2, [sp, #4]                    @ 4-byte Reload
	.loc	6 429 20 is_stmt 1              @ ../app/src/QuaternionEKF.c:429:20
	ldr	r3, [sp, #44]
	.loc	6 429 24 is_stmt 0              @ ../app/src/QuaternionEKF.c:429:24
	ldr.w	r0, [r3, #248]
	.loc	6 429 36                        @ ../app/src/QuaternionEKF.c:429:36
	ldr.w	r1, [r3, #252]
	.loc	6 429 49                        @ ../app/src/QuaternionEKF.c:429:49
	ldrh	r2, [r2]
	.loc	6 429 68                        @ ../app/src/QuaternionEKF.c:429:68
	ldrb	r3, [r3, #12]
	.loc	6 429 62                        @ ../app/src/QuaternionEKF.c:429:62
	muls	r2, r3, r2
	.loc	6 429 77                        @ ../app/src/QuaternionEKF.c:429:77
	muls	r2, r3, r2
	.loc	6 429 13                        @ ../app/src/QuaternionEKF.c:429:13
	bl	__aeabi_memcpy4
	.loc	6 430 13 is_stmt 1              @ ../app/src/QuaternionEKF.c:430:13
	ldr	r1, [sp, #44]
	movs	r0, #1
	.loc	6 430 25 is_stmt 0              @ ../app/src/QuaternionEKF.c:430:25
	strb.w	r0, [r1, #44]
	.loc	6 431 13 is_stmt 1              @ ../app/src/QuaternionEKF.c:431:13
	b	.LBB4_43
.Ltmp46:
.LBB4_14:
	.loc	6 433 5                         @ ../app/src/QuaternionEKF.c:433:5
	b	.LBB4_20
.Ltmp47:
.LBB4_15:
	.loc	6 437 13                        @ ../app/src/QuaternionEKF.c:437:13
	movw	r0, :lower16:QEKF_INS
	movt	r0, :upper16:QEKF_INS
	vldr	s0, [r0, #456]
	.loc	6 437 58 is_stmt 0              @ ../app/src/QuaternionEKF.c:437:58
	vldr	s2, [r0, #460]
	vldr	s4, .LCPI4_0
	.loc	6 437 47                        @ ../app/src/QuaternionEKF.c:437:47
	vmul.f32	s2, s2, s4
	.loc	6 437 81                        @ ../app/src/QuaternionEKF.c:437:81
	vcmp.f32	s0, s2
	vmrs	APSR_nzcv, fpscr
	ble	.LBB4_18
	b	.LBB4_16
.LBB4_16:
	.loc	6 437 93                        @ ../app/src/QuaternionEKF.c:437:93
	movw	r0, :lower16:QEKF_INS
	movt	r0, :upper16:QEKF_INS
	ldrb.w	r0, [r0, #312]
.Ltmp48:
	.loc	6 437 13                        @ ../app/src/QuaternionEKF.c:437:13
	cbz	r0, .LBB4_18
	b	.LBB4_17
.LBB4_17:
.Ltmp49:
	.loc	6 439 52 is_stmt 1              @ ../app/src/QuaternionEKF.c:439:52
	movw	r0, :lower16:QEKF_INS
	movt	r0, :upper16:QEKF_INS
	.loc	6 439 77 is_stmt 0              @ ../app/src/QuaternionEKF.c:439:77
	vldr	s0, [r0, #456]
	.loc	6 439 52                        @ ../app/src/QuaternionEKF.c:439:52
	vldr	s2, [r0, #460]
	.loc	6 439 75                        @ ../app/src/QuaternionEKF.c:439:75
	vsub.f32	s0, s2, s0
	vldr	s4, .LCPI4_1
	.loc	6 439 113                       @ ../app/src/QuaternionEKF.c:439:113
	vmul.f32	s2, s2, s4
	.loc	6 439 105                       @ ../app/src/QuaternionEKF.c:439:105
	vdiv.f32	s0, s0, s2
	.loc	6 439 40                        @ ../app/src/QuaternionEKF.c:439:40
	vstr	s0, [r0, #412]
	.loc	6 440 9 is_stmt 1               @ ../app/src/QuaternionEKF.c:440:9
	b	.LBB4_19
.Ltmp50:
.LBB4_18:
	.loc	6 443 40                        @ ../app/src/QuaternionEKF.c:443:40
	movw	r1, :lower16:QEKF_INS
	movt	r1, :upper16:QEKF_INS
	mov.w	r0, #1065353216
	str.w	r0, [r1, #412]
	b	.LBB4_19
.Ltmp51:
.LBB4_19:
	.loc	6 445 29                        @ ../app/src/QuaternionEKF.c:445:29
	movw	r1, :lower16:QEKF_INS
	movt	r1, :upper16:QEKF_INS
	movs	r0, #0
	str.w	r0, [r1, #324]
	str.w	r0, [r1, #320]
	.loc	6 446 9                         @ ../app/src/QuaternionEKF.c:446:9
	ldr	r1, [sp, #44]
	.loc	6 446 21 is_stmt 0              @ ../app/src/QuaternionEKF.c:446:21
	strb.w	r0, [r1, #44]
	b	.LBB4_20
.Ltmp52:
.LBB4_20:
	.loc	6 450 31 is_stmt 1              @ ../app/src/QuaternionEKF.c:450:31
	ldr	r1, [sp, #44]
	.loc	6 450 42 is_stmt 0              @ ../app/src/QuaternionEKF.c:450:42
	ldrh.w	r0, [r1, #88]
	.loc	6 450 29                        @ ../app/src/QuaternionEKF.c:450:29
	strh.w	r0, [r1, #168]
	.loc	6 451 31 is_stmt 1              @ ../app/src/QuaternionEKF.c:451:31
	ldr	r1, [sp, #44]
	.loc	6 451 38 is_stmt 0              @ ../app/src/QuaternionEKF.c:451:38
	ldrh.w	r0, [r1, #130]
	.loc	6 451 29                        @ ../app/src/QuaternionEKF.c:451:29
	strh.w	r0, [r1, #170]
	.loc	6 452 38 is_stmt 1              @ ../app/src/QuaternionEKF.c:452:38
	ldr	r2, [sp, #44]
	.loc	6 452 42 is_stmt 0              @ ../app/src/QuaternionEKF.c:452:42
	add.w	r0, r2, #88
	.loc	6 452 55                        @ ../app/src/QuaternionEKF.c:452:55
	add.w	r1, r2, #128
	.loc	6 452 64                        @ ../app/src/QuaternionEKF.c:452:64
	adds	r2, #168
	.loc	6 452 21                        @ ../app/src/QuaternionEKF.c:452:21
	bl	arm_mat_mult_f32
	.loc	6 452 5                         @ ../app/src/QuaternionEKF.c:452:5
	ldr	r1, [sp, #44]
	.loc	6 452 19                        @ ../app/src/QuaternionEKF.c:452:19
	strb.w	r0, [r1, #200]
	.loc	6 453 38 is_stmt 1              @ ../app/src/QuaternionEKF.c:453:38
	ldr	r2, [sp, #44]
	.loc	6 453 42 is_stmt 0              @ ../app/src/QuaternionEKF.c:453:42
	add.w	r0, r2, #168
	.loc	6 453 60                        @ ../app/src/QuaternionEKF.c:453:60
	add.w	r1, r2, #176
	.loc	6 453 79                        @ ../app/src/QuaternionEKF.c:453:79
	adds	r2, #152
	.loc	6 453 21                        @ ../app/src/QuaternionEKF.c:453:21
	bl	arm_mat_mult_f32
	.loc	6 453 5                         @ ../app/src/QuaternionEKF.c:453:5
	ldr	r1, [sp, #44]
	.loc	6 453 19                        @ ../app/src/QuaternionEKF.c:453:19
	strb.w	r0, [r1, #200]
	movs	r0, #0
.Ltmp53:
	.loc	6 456 18 is_stmt 1              @ ../app/src/QuaternionEKF.c:456:18
	strb.w	r0, [sp, #26]
	.loc	6 456 10 is_stmt 0              @ ../app/src/QuaternionEKF.c:456:10
	b	.LBB4_21
.LBB4_21:                               @ =>This Inner Loop Header: Depth=1
.Ltmp54:
	.loc	6 456 25                        @ ../app/src/QuaternionEKF.c:456:25
	ldrb.w	r0, [sp, #26]
	.loc	6 456 29                        @ ../app/src/QuaternionEKF.c:456:29
	ldr	r2, [sp, #44]
	.loc	6 456 35                        @ ../app/src/QuaternionEKF.c:456:35
	ldrh.w	r1, [r2, #152]
	.loc	6 456 51                        @ ../app/src/QuaternionEKF.c:456:51
	ldrh.w	r2, [r2, #154]
	.loc	6 456 43                        @ ../app/src/QuaternionEKF.c:456:43
	muls	r1, r2, r1
.Ltmp55:
	.loc	6 456 5                         @ ../app/src/QuaternionEKF.c:456:5
	cmp	r0, r1
	bge	.LBB4_24
	b	.LBB4_22
.LBB4_22:                               @   in Loop: Header=BB4_21 Depth=1
.Ltmp56:
	.loc	6 458 35 is_stmt 1              @ ../app/src/QuaternionEKF.c:458:35
	movw	r0, :lower16:QEKF_INS
	movt	r0, :upper16:QEKF_INS
	vldr	s2, [r0, #412]
	.loc	6 458 9 is_stmt 0               @ ../app/src/QuaternionEKF.c:458:9
	ldr	r0, [sp, #44]
	.loc	6 458 13                        @ ../app/src/QuaternionEKF.c:458:13
	ldr.w	r0, [r0, #284]
	.loc	6 458 20                        @ ../app/src/QuaternionEKF.c:458:20
	ldrb.w	r1, [sp, #26]
	.loc	6 458 9                         @ ../app/src/QuaternionEKF.c:458:9
	add.w	r0, r0, r1, lsl #2
	.loc	6 458 23                        @ ../app/src/QuaternionEKF.c:458:23
	vldr	s0, [r0]
	vmul.f32	s0, s0, s2
	vstr	s0, [r0]
	.loc	6 459 5 is_stmt 1               @ ../app/src/QuaternionEKF.c:459:5
	b	.LBB4_23
.Ltmp57:
.LBB4_23:                               @   in Loop: Header=BB4_21 Depth=1
	.loc	6 456 61                        @ ../app/src/QuaternionEKF.c:456:61
	ldrb.w	r0, [sp, #26]
	adds	r0, #1
	strb.w	r0, [sp, #26]
	.loc	6 456 5 is_stmt 0               @ ../app/src/QuaternionEKF.c:456:5
	b	.LBB4_21
.Ltmp58:
.LBB4_24:
	.loc	6 0 5                           @ ../app/src/QuaternionEKF.c:0:5
	movs	r0, #4
.Ltmp59:
	.loc	6 460 18 is_stmt 1              @ ../app/src/QuaternionEKF.c:460:18
	strb.w	r0, [sp, #25]
	.loc	6 460 10 is_stmt 0              @ ../app/src/QuaternionEKF.c:460:10
	b	.LBB4_25
.LBB4_25:                               @ =>This Loop Header: Depth=1
                                        @     Child Loop BB4_27 Depth 2
.Ltmp60:
	.loc	6 460 25                        @ ../app/src/QuaternionEKF.c:460:25
	ldrb.w	r0, [sp, #25]
.Ltmp61:
	.loc	6 460 5                         @ ../app/src/QuaternionEKF.c:460:5
	cmp	r0, #5
	bgt	.LBB4_32
	b	.LBB4_26
.LBB4_26:                               @   in Loop: Header=BB4_25 Depth=1
	.loc	6 0 5                           @ ../app/src/QuaternionEKF.c:0:5
	movs	r0, #0
.Ltmp62:
	.loc	6 462 22 is_stmt 1              @ ../app/src/QuaternionEKF.c:462:22
	strb.w	r0, [sp, #24]
	.loc	6 462 14 is_stmt 0              @ ../app/src/QuaternionEKF.c:462:14
	b	.LBB4_27
.LBB4_27:                               @   Parent Loop BB4_25 Depth=1
                                        @ =>  This Inner Loop Header: Depth=2
.Ltmp63:
	.loc	6 462 29                        @ ../app/src/QuaternionEKF.c:462:29
	ldrb.w	r0, [sp, #24]
.Ltmp64:
	.loc	6 462 9                         @ ../app/src/QuaternionEKF.c:462:9
	cmp	r0, #2
	bgt	.LBB4_30
	b	.LBB4_28
.LBB4_28:                               @   in Loop: Header=BB4_27 Depth=2
.Ltmp65:
	.loc	6 464 65 is_stmt 1              @ ../app/src/QuaternionEKF.c:464:65
	ldrb.w	r1, [sp, #25]
	.loc	6 464 38 is_stmt 0              @ ../app/src/QuaternionEKF.c:464:38
	movw	r0, :lower16:QEKF_INS
	movt	r0, :upper16:QEKF_INS
	add.w	r0, r0, r1, lsl #2
	vldr	s0, [r0, #372]
	vldr	s2, .LCPI4_4
	.loc	6 464 72                        @ ../app/src/QuaternionEKF.c:464:72
	vdiv.f32	s2, s0, s2
	.loc	6 464 13                        @ ../app/src/QuaternionEKF.c:464:13
	ldr	r0, [sp, #44]
	.loc	6 464 17                        @ ../app/src/QuaternionEKF.c:464:17
	ldr.w	r0, [r0, #284]
	.loc	6 464 26                        @ ../app/src/QuaternionEKF.c:464:26
	add.w	r1, r1, r1, lsl #1
	.loc	6 464 32                        @ ../app/src/QuaternionEKF.c:464:32
	ldrb.w	r2, [sp, #24]
	.loc	6 464 30                        @ ../app/src/QuaternionEKF.c:464:30
	add	r1, r2
	.loc	6 464 13                        @ ../app/src/QuaternionEKF.c:464:13
	add.w	r0, r0, r1, lsl #2
	.loc	6 464 35                        @ ../app/src/QuaternionEKF.c:464:35
	vldr	s0, [r0]
	vmul.f32	s0, s0, s2
	vstr	s0, [r0]
	.loc	6 465 9 is_stmt 1               @ ../app/src/QuaternionEKF.c:465:9
	b	.LBB4_29
.Ltmp66:
.LBB4_29:                               @   in Loop: Header=BB4_27 Depth=2
	.loc	6 462 37                        @ ../app/src/QuaternionEKF.c:462:37
	ldrb.w	r0, [sp, #24]
	adds	r0, #1
	strb.w	r0, [sp, #24]
	.loc	6 462 9 is_stmt 0               @ ../app/src/QuaternionEKF.c:462:9
	b	.LBB4_27
.Ltmp67:
.LBB4_30:                               @   in Loop: Header=BB4_25 Depth=1
	.loc	6 466 5 is_stmt 1               @ ../app/src/QuaternionEKF.c:466:5
	b	.LBB4_31
.Ltmp68:
.LBB4_31:                               @   in Loop: Header=BB4_25 Depth=1
	.loc	6 460 33                        @ ../app/src/QuaternionEKF.c:460:33
	ldrb.w	r0, [sp, #25]
	adds	r0, #1
	strb.w	r0, [sp, #25]
	.loc	6 460 5 is_stmt 0               @ ../app/src/QuaternionEKF.c:460:5
	b	.LBB4_25
.Ltmp69:
.LBB4_32:
	.loc	6 468 31 is_stmt 1              @ ../app/src/QuaternionEKF.c:468:31
	ldr	r1, [sp, #44]
	.loc	6 468 37 is_stmt 0              @ ../app/src/QuaternionEKF.c:468:37
	ldrh.w	r0, [r1, #152]
	.loc	6 468 29                        @ ../app/src/QuaternionEKF.c:468:29
	strh.w	r0, [r1, #184]
	.loc	6 469 5 is_stmt 1               @ ../app/src/QuaternionEKF.c:469:5
	ldr	r1, [sp, #44]
	movs	r0, #1
	.loc	6 469 29 is_stmt 0              @ ../app/src/QuaternionEKF.c:469:29
	strh.w	r0, [r1, #186]
	.loc	6 470 38 is_stmt 1              @ ../app/src/QuaternionEKF.c:470:38
	ldr	r2, [sp, #44]
	.loc	6 470 42 is_stmt 0              @ ../app/src/QuaternionEKF.c:470:42
	add.w	r0, r2, #152
	.loc	6 470 50                        @ ../app/src/QuaternionEKF.c:470:50
	add.w	r1, r2, #192
	.loc	6 470 69                        @ ../app/src/QuaternionEKF.c:470:69
	adds	r2, #184
	.loc	6 470 21                        @ ../app/src/QuaternionEKF.c:470:21
	bl	arm_mat_mult_f32
	.loc	6 470 5                         @ ../app/src/QuaternionEKF.c:470:5
	ldr	r1, [sp, #44]
	.loc	6 470 19                        @ ../app/src/QuaternionEKF.c:470:19
	strb.w	r0, [r1, #200]
.Ltmp70:
	.loc	6 473 18 is_stmt 1              @ ../app/src/QuaternionEKF.c:473:18
	movw	r0, :lower16:QEKF_INS
	movt	r0, :upper16:QEKF_INS
	ldrb.w	r0, [r0, #312]
.Ltmp71:
	.loc	6 473 9 is_stmt 0               @ ../app/src/QuaternionEKF.c:473:9
	cmp	r0, #0
	beq	.LBB4_42
	b	.LBB4_33
.LBB4_33:
	.loc	6 0 9                           @ ../app/src/QuaternionEKF.c:0:9
	movs	r0, #4
.Ltmp72:
	.loc	6 475 22 is_stmt 1              @ ../app/src/QuaternionEKF.c:475:22
	strb.w	r0, [sp, #23]
	.loc	6 475 14 is_stmt 0              @ ../app/src/QuaternionEKF.c:475:14
	b	.LBB4_34
.LBB4_34:                               @ =>This Inner Loop Header: Depth=1
.Ltmp73:
	.loc	6 475 29                        @ ../app/src/QuaternionEKF.c:475:29
	ldrb.w	r0, [sp, #23]
.Ltmp74:
	.loc	6 475 9                         @ ../app/src/QuaternionEKF.c:475:9
	cmp	r0, #5
	bgt	.LBB4_41
	b	.LBB4_35
.LBB4_35:                               @   in Loop: Header=BB4_34 Depth=1
.Ltmp75:
	.loc	6 477 17 is_stmt 1              @ ../app/src/QuaternionEKF.c:477:17
	ldr	r0, [sp, #44]
	.loc	6 477 33 is_stmt 0              @ ../app/src/QuaternionEKF.c:477:33
	ldr.w	r0, [r0, #188]
	.loc	6 477 39                        @ ../app/src/QuaternionEKF.c:477:39
	ldrb.w	r1, [sp, #23]
	.loc	6 477 17                        @ ../app/src/QuaternionEKF.c:477:17
	add.w	r0, r0, r1, lsl #2
	vldr	s0, [r0]
	.loc	6 477 61                        @ ../app/src/QuaternionEKF.c:477:61
	movw	r0, :lower16:QEKF_INS
	movt	r0, :upper16:QEKF_INS
	vldr	s2, [r0, #444]
	vldr	s4, .LCPI4_2
	.loc	6 477 50                        @ ../app/src/QuaternionEKF.c:477:50
	vmul.f32	s2, s2, s4
.Ltmp76:
	.loc	6 477 17                        @ ../app/src/QuaternionEKF.c:477:17
	vcmp.f32	s0, s2
	vmrs	APSR_nzcv, fpscr
	ble	.LBB4_37
	b	.LBB4_36
.LBB4_36:                               @   in Loop: Header=BB4_34 Depth=1
.Ltmp77:
	.loc	6 479 61 is_stmt 1              @ ../app/src/QuaternionEKF.c:479:61
	movw	r0, :lower16:QEKF_INS
	movt	r0, :upper16:QEKF_INS
	vldr	s0, [r0, #444]
	vldr	s2, .LCPI4_2
	.loc	6 479 50 is_stmt 0              @ ../app/src/QuaternionEKF.c:479:50
	vmul.f32	s0, s0, s2
	.loc	6 479 17                        @ ../app/src/QuaternionEKF.c:479:17
	ldr	r0, [sp, #44]
	.loc	6 479 33                        @ ../app/src/QuaternionEKF.c:479:33
	ldr.w	r0, [r0, #188]
	.loc	6 479 39                        @ ../app/src/QuaternionEKF.c:479:39
	ldrb.w	r1, [sp, #23]
	.loc	6 479 17                        @ ../app/src/QuaternionEKF.c:479:17
	add.w	r0, r0, r1, lsl #2
	.loc	6 479 42                        @ ../app/src/QuaternionEKF.c:479:42
	vstr	s0, [r0]
	.loc	6 480 13 is_stmt 1              @ ../app/src/QuaternionEKF.c:480:13
	b	.LBB4_37
.Ltmp78:
.LBB4_37:                               @   in Loop: Header=BB4_34 Depth=1
	.loc	6 481 17                        @ ../app/src/QuaternionEKF.c:481:17
	ldr	r0, [sp, #44]
	.loc	6 481 33 is_stmt 0              @ ../app/src/QuaternionEKF.c:481:33
	ldr.w	r0, [r0, #188]
	.loc	6 481 39                        @ ../app/src/QuaternionEKF.c:481:39
	ldrb.w	r1, [sp, #23]
	.loc	6 481 17                        @ ../app/src/QuaternionEKF.c:481:17
	add.w	r0, r0, r1, lsl #2
	vldr	s0, [r0]
	.loc	6 481 62                        @ ../app/src/QuaternionEKF.c:481:62
	movw	r0, :lower16:QEKF_INS
	movt	r0, :upper16:QEKF_INS
	vldr	s2, [r0, #444]
	vldr	s4, .LCPI4_3
	.loc	6 481 51                        @ ../app/src/QuaternionEKF.c:481:51
	vmul.f32	s2, s2, s4
.Ltmp79:
	.loc	6 481 17                        @ ../app/src/QuaternionEKF.c:481:17
	vcmp.f32	s0, s2
	vmrs	APSR_nzcv, fpscr
	bge	.LBB4_39
	b	.LBB4_38
.LBB4_38:                               @   in Loop: Header=BB4_34 Depth=1
.Ltmp80:
	.loc	6 483 62 is_stmt 1              @ ../app/src/QuaternionEKF.c:483:62
	movw	r0, :lower16:QEKF_INS
	movt	r0, :upper16:QEKF_INS
	vldr	s0, [r0, #444]
	vldr	s2, .LCPI4_3
	.loc	6 483 51 is_stmt 0              @ ../app/src/QuaternionEKF.c:483:51
	vmul.f32	s0, s0, s2
	.loc	6 483 17                        @ ../app/src/QuaternionEKF.c:483:17
	ldr	r0, [sp, #44]
	.loc	6 483 33                        @ ../app/src/QuaternionEKF.c:483:33
	ldr.w	r0, [r0, #188]
	.loc	6 483 39                        @ ../app/src/QuaternionEKF.c:483:39
	ldrb.w	r1, [sp, #23]
	.loc	6 483 17                        @ ../app/src/QuaternionEKF.c:483:17
	add.w	r0, r0, r1, lsl #2
	.loc	6 483 42                        @ ../app/src/QuaternionEKF.c:483:42
	vstr	s0, [r0]
	.loc	6 484 13 is_stmt 1              @ ../app/src/QuaternionEKF.c:484:13
	b	.LBB4_39
.Ltmp81:
.LBB4_39:                               @   in Loop: Header=BB4_34 Depth=1
	.loc	6 485 9                         @ ../app/src/QuaternionEKF.c:485:9
	b	.LBB4_40
.Ltmp82:
.LBB4_40:                               @   in Loop: Header=BB4_34 Depth=1
	.loc	6 475 37                        @ ../app/src/QuaternionEKF.c:475:37
	ldrb.w	r0, [sp, #23]
	adds	r0, #1
	strb.w	r0, [sp, #23]
	.loc	6 475 9 is_stmt 0               @ ../app/src/QuaternionEKF.c:475:9
	b	.LBB4_34
.Ltmp83:
.LBB4_41:
	.loc	6 486 5 is_stmt 1               @ ../app/src/QuaternionEKF.c:486:5
	b	.LBB4_42
.Ltmp84:
.LBB4_42:
	.loc	6 489 5                         @ ../app/src/QuaternionEKF.c:489:5
	ldr	r0, [sp, #44]
	.loc	6 489 21 is_stmt 0              @ ../app/src/QuaternionEKF.c:489:21
	ldr.w	r1, [r0, #188]
	movs	r0, #0
	.loc	6 489 30                        @ ../app/src/QuaternionEKF.c:489:30
	str	r0, [r1, #12]
	.loc	6 490 33 is_stmt 1              @ ../app/src/QuaternionEKF.c:490:33
	ldr	r2, [sp, #44]
	.loc	6 490 37 is_stmt 0              @ ../app/src/QuaternionEKF.c:490:37
	add.w	r0, r2, #56
	.loc	6 490 53                        @ ../app/src/QuaternionEKF.c:490:53
	add.w	r1, r2, #184
	.loc	6 490 71                        @ ../app/src/QuaternionEKF.c:490:71
	adds	r2, #48
	.loc	6 490 21                        @ ../app/src/QuaternionEKF.c:490:21
	bl	arm_mat_add_f32
	.loc	6 490 5                         @ ../app/src/QuaternionEKF.c:490:5
	ldr	r1, [sp, #44]
	.loc	6 490 19                        @ ../app/src/QuaternionEKF.c:490:19
	strb.w	r0, [r1, #200]
	.loc	6 491 1 is_stmt 1               @ ../app/src/QuaternionEKF.c:491:1
	b	.LBB4_43
.LBB4_43:
	.loc	6 491 1 epilogue_begin is_stmt 0 @ ../app/src/QuaternionEKF.c:491:1
	add	sp, #48
	pop	{r7, pc}
.Ltmp85:
	.loc	6 0 1                           @ :0:1
.Ltmp86:
	.p2align	2
@ %bb.44:
.LCPI4_0:
	.long	0x3dcccccd                      @ float 0.100000001
.LCPI4_1:
	.long	0x3f666666                      @ float 0.899999976
.LCPI4_2:
	.long	0x3c23d70a                      @ float 0.00999999977
.LCPI4_3:
	.long	0xbc23d70a                      @ float -0.00999999977
.LCPI4_4:
	.long	0x3fc90fda                      @ float 1.57079625
.Lfunc_end4:
	.size	IMU_QuaternionEKF_xhatUpdate, .Lfunc_end4-IMU_QuaternionEKF_xhatUpdate
	.cfi_endproc
	.cantunwind
	.fnend
                                        @ -- End function
	.section	.text.IMU_QuaternionEKF_Reset,"ax",%progbits
	.hidden	IMU_QuaternionEKF_Reset         @ -- Begin function IMU_QuaternionEKF_Reset
	.globl	IMU_QuaternionEKF_Reset
	.p2align	3
	.type	IMU_QuaternionEKF_Reset,%function
	.code	16                              @ @IMU_QuaternionEKF_Reset
	.thumb_func
IMU_QuaternionEKF_Reset:
.Lfunc_begin5:
	.loc	6 100 0 is_stmt 1               @ ../app/src/QuaternionEKF.c:100:0
	.fnstart
	.cfi_startproc
@ %bb.0:
	.save	{r7, lr}
	push	{r7, lr}
	.cfi_def_cfa_offset 8
	.cfi_offset lr, -4
	.cfi_offset r7, -8
	.pad	#16
	sub	sp, #16
	.cfi_def_cfa_offset 24
.Ltmp87:
	.loc	6 102 5 prologue_end            @ ../app/src/QuaternionEKF.c:102:5
	movw	r0, :lower16:QEKF_INS
	movt	r0, :upper16:QEKF_INS
	str	r0, [sp, #4]                    @ 4-byte Spill
	adds	r0, #4
	movs	r1, #6
	movs	r2, #0
	str	r2, [sp]                        @ 4-byte Spill
	movs	r3, #3
	bl	Kalman_Filter_Reset
	.loc	6 104 3                         @ ../app/src/QuaternionEKF.c:104:3
	movw	r0, :lower16:IMU_QuaternionEKF_P
	movt	r0, :upper16:IMU_QuaternionEKF_P
	str	r0, [sp, #8]                    @ 4-byte Spill
	movw	r1, :lower16:IMU_QuaternionEKF_P_Const
	movt	r1, :upper16:IMU_QuaternionEKF_P_Const
	movs	r2, #144
	str	r2, [sp, #12]                   @ 4-byte Spill
	bl	__aeabi_memcpy4
	ldr	r1, [sp]                        @ 4-byte Reload
	ldr	r0, [sp, #4]                    @ 4-byte Reload
	ldr	r2, [sp, #12]                   @ 4-byte Reload
	.loc	6 107 32                        @ ../app/src/QuaternionEKF.c:107:32
	ldr.w	r12, [r0, #236]
	mov.w	r3, #1065353216
	.loc	6 107 45 is_stmt 0              @ ../app/src/QuaternionEKF.c:107:45
	str.w	r3, [r12]
	.loc	6 108 32 is_stmt 1              @ ../app/src/QuaternionEKF.c:108:32
	ldr.w	r3, [r0, #236]
	.loc	6 108 45 is_stmt 0              @ ../app/src/QuaternionEKF.c:108:45
	str	r1, [r3, #4]
	.loc	6 109 32 is_stmt 1              @ ../app/src/QuaternionEKF.c:109:32
	ldr.w	r3, [r0, #236]
	.loc	6 109 45 is_stmt 0              @ ../app/src/QuaternionEKF.c:109:45
	str	r1, [r3, #8]
	.loc	6 110 32 is_stmt 1              @ ../app/src/QuaternionEKF.c:110:32
	ldr.w	r3, [r0, #236]
	.loc	6 110 45 is_stmt 0              @ ../app/src/QuaternionEKF.c:110:45
	str	r1, [r3, #12]
	movs	r1, #1
	.loc	6 113 40 is_stmt 1              @ ../app/src/QuaternionEKF.c:113:40
	strb.w	r1, [r0, #46]
	.loc	6 114 40                        @ ../app/src/QuaternionEKF.c:114:40
	strb.w	r1, [r0, #47]
	.loc	6 116 39                        @ ../app/src/QuaternionEKF.c:116:39
	ldr.w	r0, [r0, #260]
	.loc	6 116 5 is_stmt 0               @ ../app/src/QuaternionEKF.c:116:5
	movw	r1, :lower16:IMU_QuaternionEKF_F
	movt	r1, :upper16:IMU_QuaternionEKF_F
	bl	__aeabi_memcpy4
	ldr	r0, [sp, #4]                    @ 4-byte Reload
	ldr	r1, [sp, #8]                    @ 4-byte Reload
	ldr	r2, [sp, #12]                   @ 4-byte Reload
	.loc	6 117 39 is_stmt 1              @ ../app/src/QuaternionEKF.c:117:39
	ldr.w	r0, [r0, #252]
	.loc	6 117 5 is_stmt 0               @ ../app/src/QuaternionEKF.c:117:5
	bl	__aeabi_memcpy4
	.loc	6 118 1 epilogue_begin is_stmt 1 @ ../app/src/QuaternionEKF.c:118:1
	add	sp, #16
	pop	{r7, pc}
.Ltmp88:
.Lfunc_end5:
	.size	IMU_QuaternionEKF_Reset, .Lfunc_end5-IMU_QuaternionEKF_Reset
	.cfi_endproc
	.cantunwind
	.fnend
                                        @ -- End function
	.section	.text.IMU_QuaternionEKF_Update,"ax",%progbits
	.hidden	IMU_QuaternionEKF_Update        @ -- Begin function IMU_QuaternionEKF_Update
	.globl	IMU_QuaternionEKF_Update
	.p2align	3
	.type	IMU_QuaternionEKF_Update,%function
	.code	16                              @ @IMU_QuaternionEKF_Update
	.thumb_func
IMU_QuaternionEKF_Update:
.Lfunc_begin6:
	.loc	6 127 0                         @ ../app/src/QuaternionEKF.c:127:0
	.fnstart
	.cfi_startproc
@ %bb.0:
	.save	{r7, lr}
	push	{r7, lr}
	.cfi_def_cfa_offset 8
	.cfi_offset lr, -4
	.cfi_offset r7, -8
	.pad	#72
	sub	sp, #72
	.cfi_def_cfa_offset 80
	vstr	s0, [sp, #60]
	vstr	s1, [sp, #56]
	vstr	s2, [sp, #52]
	vstr	s3, [sp, #48]
	vstr	s4, [sp, #44]
	vstr	s5, [sp, #40]
.Ltmp89:
	.loc	6 141 24 prologue_end           @ ../app/src/QuaternionEKF.c:141:24
	vldr	s0, [sp, #60]
	.loc	6 141 29 is_stmt 0              @ ../app/src/QuaternionEKF.c:141:29
	movw	r0, :lower16:QEKF_INS
	movt	r0, :upper16:QEKF_INS
	str	r0, [sp, #20]                   @ 4-byte Spill
	vldr	s2, [r0, #352]
	.loc	6 141 27                        @ ../app/src/QuaternionEKF.c:141:27
	vsub.f32	s0, s0, s2
	.loc	6 141 22                        @ ../app/src/QuaternionEKF.c:141:22
	vstr	s0, [r0, #364]
	.loc	6 142 24 is_stmt 1              @ ../app/src/QuaternionEKF.c:142:24
	vldr	s0, [sp, #56]
	.loc	6 142 29 is_stmt 0              @ ../app/src/QuaternionEKF.c:142:29
	vldr	s2, [r0, #356]
	.loc	6 142 27                        @ ../app/src/QuaternionEKF.c:142:27
	vsub.f32	s0, s0, s2
	.loc	6 142 22                        @ ../app/src/QuaternionEKF.c:142:22
	vstr	s0, [r0, #368]
	.loc	6 143 24 is_stmt 1              @ ../app/src/QuaternionEKF.c:143:24
	vldr	s0, [sp, #52]
	.loc	6 143 29 is_stmt 0              @ ../app/src/QuaternionEKF.c:143:29
	vldr	s2, [r0, #360]
	.loc	6 143 27                        @ ../app/src/QuaternionEKF.c:143:27
	vsub.f32	s0, s0, s2
	.loc	6 143 22                        @ ../app/src/QuaternionEKF.c:143:22
	vstr	s0, [r0, #372]
	.loc	6 146 23 is_stmt 1              @ ../app/src/QuaternionEKF.c:146:23
	vldr	s0, [r0, #364]
	.loc	6 146 51 is_stmt 0              @ ../app/src/QuaternionEKF.c:146:51
	vldr	s2, [r0, #444]
	vmov.f32	s4, #5.000000e-01
	.loc	6 146 21                        @ ../app/src/QuaternionEKF.c:146:21
	vmul.f32	s0, s0, s4
	.loc	6 146 40                        @ ../app/src/QuaternionEKF.c:146:40
	vmul.f32	s0, s0, s2
	.loc	6 146 14                        @ ../app/src/QuaternionEKF.c:146:14
	vstr	s0, [sp, #36]
	.loc	6 147 23 is_stmt 1              @ ../app/src/QuaternionEKF.c:147:23
	vldr	s0, [r0, #368]
	.loc	6 147 51 is_stmt 0              @ ../app/src/QuaternionEKF.c:147:51
	vldr	s2, [r0, #444]
	.loc	6 147 21                        @ ../app/src/QuaternionEKF.c:147:21
	vmul.f32	s0, s0, s4
	.loc	6 147 40                        @ ../app/src/QuaternionEKF.c:147:40
	vmul.f32	s0, s0, s2
	.loc	6 147 14                        @ ../app/src/QuaternionEKF.c:147:14
	vstr	s0, [sp, #32]
	.loc	6 148 23 is_stmt 1              @ ../app/src/QuaternionEKF.c:148:23
	vldr	s0, [r0, #372]
	.loc	6 148 51 is_stmt 0              @ ../app/src/QuaternionEKF.c:148:51
	vldr	s2, [r0, #444]
	.loc	6 148 21                        @ ../app/src/QuaternionEKF.c:148:21
	vmul.f32	s0, s0, s4
	.loc	6 148 40                        @ ../app/src/QuaternionEKF.c:148:40
	vmul.f32	s0, s0, s2
	.loc	6 148 14                        @ ../app/src/QuaternionEKF.c:148:14
	vstr	s0, [sp, #28]
	.loc	6 152 39 is_stmt 1              @ ../app/src/QuaternionEKF.c:152:39
	ldr.w	r0, [r0, #260]
	.loc	6 152 5 is_stmt 0               @ ../app/src/QuaternionEKF.c:152:5
	movw	r1, :lower16:IMU_QuaternionEKF_F
	movt	r1, :upper16:IMU_QuaternionEKF_F
	movs	r2, #144
	bl	__aeabi_memcpy4
	ldr	r1, [sp, #20]                   @ 4-byte Reload
	.loc	6 154 45 is_stmt 1              @ ../app/src/QuaternionEKF.c:154:45
	vldr	s0, [sp, #36]
	.loc	6 154 44 is_stmt 0              @ ../app/src/QuaternionEKF.c:154:44
	vneg.f32	s0, s0
	.loc	6 154 32                        @ ../app/src/QuaternionEKF.c:154:32
	ldr.w	r0, [r1, #260]
	.loc	6 154 42                        @ ../app/src/QuaternionEKF.c:154:42
	vstr	s0, [r0, #4]
	.loc	6 155 45 is_stmt 1              @ ../app/src/QuaternionEKF.c:155:45
	vldr	s0, [sp, #32]
	.loc	6 155 44 is_stmt 0              @ ../app/src/QuaternionEKF.c:155:44
	vneg.f32	s0, s0
	.loc	6 155 32                        @ ../app/src/QuaternionEKF.c:155:32
	ldr.w	r0, [r1, #260]
	.loc	6 155 42                        @ ../app/src/QuaternionEKF.c:155:42
	vstr	s0, [r0, #8]
	.loc	6 156 45 is_stmt 1              @ ../app/src/QuaternionEKF.c:156:45
	vldr	s0, [sp, #28]
	.loc	6 156 44 is_stmt 0              @ ../app/src/QuaternionEKF.c:156:44
	vneg.f32	s0, s0
	.loc	6 156 32                        @ ../app/src/QuaternionEKF.c:156:32
	ldr.w	r0, [r1, #260]
	.loc	6 156 42                        @ ../app/src/QuaternionEKF.c:156:42
	vstr	s0, [r0, #12]
	.loc	6 158 44 is_stmt 1              @ ../app/src/QuaternionEKF.c:158:44
	ldr	r0, [sp, #36]
	.loc	6 158 32 is_stmt 0              @ ../app/src/QuaternionEKF.c:158:32
	ldr.w	r2, [r1, #260]
	.loc	6 158 42                        @ ../app/src/QuaternionEKF.c:158:42
	str	r0, [r2, #24]
	.loc	6 159 44 is_stmt 1              @ ../app/src/QuaternionEKF.c:159:44
	ldr	r0, [sp, #28]
	.loc	6 159 32 is_stmt 0              @ ../app/src/QuaternionEKF.c:159:32
	ldr.w	r2, [r1, #260]
	.loc	6 159 42                        @ ../app/src/QuaternionEKF.c:159:42
	str	r0, [r2, #32]
	.loc	6 160 45 is_stmt 1              @ ../app/src/QuaternionEKF.c:160:45
	vldr	s0, [sp, #32]
	.loc	6 160 44 is_stmt 0              @ ../app/src/QuaternionEKF.c:160:44
	vneg.f32	s0, s0
	.loc	6 160 32                        @ ../app/src/QuaternionEKF.c:160:32
	ldr.w	r0, [r1, #260]
	.loc	6 160 42                        @ ../app/src/QuaternionEKF.c:160:42
	vstr	s0, [r0, #36]
	.loc	6 162 45 is_stmt 1              @ ../app/src/QuaternionEKF.c:162:45
	ldr	r0, [sp, #32]
	.loc	6 162 32 is_stmt 0              @ ../app/src/QuaternionEKF.c:162:32
	ldr.w	r2, [r1, #260]
	.loc	6 162 43                        @ ../app/src/QuaternionEKF.c:162:43
	str	r0, [r2, #48]
	.loc	6 163 46 is_stmt 1              @ ../app/src/QuaternionEKF.c:163:46
	vldr	s0, [sp, #28]
	.loc	6 163 45 is_stmt 0              @ ../app/src/QuaternionEKF.c:163:45
	vneg.f32	s0, s0
	.loc	6 163 32                        @ ../app/src/QuaternionEKF.c:163:32
	ldr.w	r0, [r1, #260]
	.loc	6 163 43                        @ ../app/src/QuaternionEKF.c:163:43
	vstr	s0, [r0, #52]
	.loc	6 164 45 is_stmt 1              @ ../app/src/QuaternionEKF.c:164:45
	ldr	r0, [sp, #36]
	.loc	6 164 32 is_stmt 0              @ ../app/src/QuaternionEKF.c:164:32
	ldr.w	r2, [r1, #260]
	.loc	6 164 43                        @ ../app/src/QuaternionEKF.c:164:43
	str	r0, [r2, #60]
	.loc	6 166 45 is_stmt 1              @ ../app/src/QuaternionEKF.c:166:45
	ldr	r0, [sp, #28]
	.loc	6 166 32 is_stmt 0              @ ../app/src/QuaternionEKF.c:166:32
	ldr.w	r2, [r1, #260]
	.loc	6 166 43                        @ ../app/src/QuaternionEKF.c:166:43
	str	r0, [r2, #72]
	.loc	6 167 45 is_stmt 1              @ ../app/src/QuaternionEKF.c:167:45
	ldr	r0, [sp, #32]
	.loc	6 167 32 is_stmt 0              @ ../app/src/QuaternionEKF.c:167:32
	ldr.w	r2, [r1, #260]
	.loc	6 167 43                        @ ../app/src/QuaternionEKF.c:167:43
	str	r0, [r2, #76]
	.loc	6 168 46 is_stmt 1              @ ../app/src/QuaternionEKF.c:168:46
	vldr	s0, [sp, #36]
	.loc	6 168 45 is_stmt 0              @ ../app/src/QuaternionEKF.c:168:45
	vneg.f32	s0, s0
	.loc	6 168 32                        @ ../app/src/QuaternionEKF.c:168:32
	ldr.w	r0, [r1, #260]
	.loc	6 168 43                        @ ../app/src/QuaternionEKF.c:168:43
	vstr	s0, [r0, #80]
.Ltmp90:
	.loc	6 171 18 is_stmt 1              @ ../app/src/QuaternionEKF.c:171:18
	ldr.w	r0, [r1, #328]
	ldr.w	r1, [r1, #332]
	.loc	6 171 30 is_stmt 0              @ ../app/src/QuaternionEKF.c:171:30
	orrs	r0, r1
.Ltmp91:
	.loc	6 171 9                         @ ../app/src/QuaternionEKF.c:171:9
	cbnz	r0, .LBB6_2
	b	.LBB6_1
.LBB6_1:
.Ltmp92:
	.loc	6 173 29 is_stmt 1              @ ../app/src/QuaternionEKF.c:173:29
	ldr	r0, [sp, #48]
	.loc	6 173 27 is_stmt 0              @ ../app/src/QuaternionEKF.c:173:27
	movw	r1, :lower16:QEKF_INS
	movt	r1, :upper16:QEKF_INS
	str.w	r0, [r1, #376]
	.loc	6 174 29 is_stmt 1              @ ../app/src/QuaternionEKF.c:174:29
	ldr	r0, [sp, #44]
	.loc	6 174 27 is_stmt 0              @ ../app/src/QuaternionEKF.c:174:27
	str.w	r0, [r1, #380]
	.loc	6 175 29 is_stmt 1              @ ../app/src/QuaternionEKF.c:175:29
	ldr	r0, [sp, #40]
	.loc	6 175 27 is_stmt 0              @ ../app/src/QuaternionEKF.c:175:27
	str.w	r0, [r1, #384]
	.loc	6 176 29 is_stmt 1              @ ../app/src/QuaternionEKF.c:176:29
	ldr.w	r2, [r1, #328]
	ldr.w	r0, [r1, #332]
	adds	r2, #1
	adc	r0, r0, #0
	str.w	r2, [r1, #328]
	str.w	r0, [r1, #332]
	.loc	6 177 5                         @ ../app/src/QuaternionEKF.c:177:5
	b	.LBB6_2
.Ltmp93:
.LBB6_2:
	.loc	6 178 25                        @ ../app/src/QuaternionEKF.c:178:25
	movw	r0, :lower16:QEKF_INS
	movt	r0, :upper16:QEKF_INS
	str	r0, [sp, #16]                   @ 4-byte Spill
	vldr	s0, [r0, #376]
	.loc	6 178 54 is_stmt 0              @ ../app/src/QuaternionEKF.c:178:54
	vldr	s2, [r0, #400]
	.loc	6 178 77                        @ ../app/src/QuaternionEKF.c:178:77
	vldr	s6, [r0, #444]
	.loc	6 178 43                        @ ../app/src/QuaternionEKF.c:178:43
	vmul.f32	s0, s0, s2
	.loc	6 178 80                        @ ../app/src/QuaternionEKF.c:178:80
	vadd.f32	s4, s6, s2
	.loc	6 178 65                        @ ../app/src/QuaternionEKF.c:178:65
	vdiv.f32	s0, s0, s4
	.loc	6 178 105                       @ ../app/src/QuaternionEKF.c:178:105
	vldr	s2, [sp, #48]
	.loc	6 178 108                       @ ../app/src/QuaternionEKF.c:178:108
	vmul.f32	s2, s2, s6
	.loc	6 178 122                       @ ../app/src/QuaternionEKF.c:178:122
	vdiv.f32	s2, s2, s4
	.loc	6 178 103                       @ ../app/src/QuaternionEKF.c:178:103
	vadd.f32	s0, s0, s2
	.loc	6 178 23                        @ ../app/src/QuaternionEKF.c:178:23
	vstr	s0, [r0, #376]
	.loc	6 179 25 is_stmt 1              @ ../app/src/QuaternionEKF.c:179:25
	vldr	s0, [r0, #380]
	.loc	6 179 54 is_stmt 0              @ ../app/src/QuaternionEKF.c:179:54
	vldr	s2, [r0, #400]
	.loc	6 179 77                        @ ../app/src/QuaternionEKF.c:179:77
	vldr	s6, [r0, #444]
	.loc	6 179 43                        @ ../app/src/QuaternionEKF.c:179:43
	vmul.f32	s0, s0, s2
	.loc	6 179 80                        @ ../app/src/QuaternionEKF.c:179:80
	vadd.f32	s4, s6, s2
	.loc	6 179 65                        @ ../app/src/QuaternionEKF.c:179:65
	vdiv.f32	s0, s0, s4
	.loc	6 179 105                       @ ../app/src/QuaternionEKF.c:179:105
	vldr	s2, [sp, #44]
	.loc	6 179 108                       @ ../app/src/QuaternionEKF.c:179:108
	vmul.f32	s2, s2, s6
	.loc	6 179 122                       @ ../app/src/QuaternionEKF.c:179:122
	vdiv.f32	s2, s2, s4
	.loc	6 179 103                       @ ../app/src/QuaternionEKF.c:179:103
	vadd.f32	s0, s0, s2
	.loc	6 179 23                        @ ../app/src/QuaternionEKF.c:179:23
	vstr	s0, [r0, #380]
	.loc	6 180 25 is_stmt 1              @ ../app/src/QuaternionEKF.c:180:25
	vldr	s0, [r0, #384]
	.loc	6 180 54 is_stmt 0              @ ../app/src/QuaternionEKF.c:180:54
	vldr	s2, [r0, #400]
	.loc	6 180 77                        @ ../app/src/QuaternionEKF.c:180:77
	vldr	s6, [r0, #444]
	.loc	6 180 43                        @ ../app/src/QuaternionEKF.c:180:43
	vmul.f32	s0, s0, s2
	.loc	6 180 80                        @ ../app/src/QuaternionEKF.c:180:80
	vadd.f32	s4, s6, s2
	.loc	6 180 65                        @ ../app/src/QuaternionEKF.c:180:65
	vdiv.f32	s0, s0, s4
	.loc	6 180 105                       @ ../app/src/QuaternionEKF.c:180:105
	vldr	s2, [sp, #40]
	.loc	6 180 108                       @ ../app/src/QuaternionEKF.c:180:108
	vmul.f32	s2, s2, s6
	.loc	6 180 122                       @ ../app/src/QuaternionEKF.c:180:122
	vdiv.f32	s2, s2, s4
	.loc	6 180 103                       @ ../app/src/QuaternionEKF.c:180:103
	vadd.f32	s0, s0, s2
	.loc	6 180 23                        @ ../app/src/QuaternionEKF.c:180:23
	vstr	s0, [r0, #384]
	.loc	6 184 31 is_stmt 1              @ ../app/src/QuaternionEKF.c:184:31
	vldr	s4, [r0, #376]
	.loc	6 184 71 is_stmt 0              @ ../app/src/QuaternionEKF.c:184:71
	vldr	s0, [r0, #380]
	.loc	6 184 111                       @ ../app/src/QuaternionEKF.c:184:111
	vldr	s2, [r0, #384]
	.loc	6 184 89                        @ ../app/src/QuaternionEKF.c:184:89
	vmul.f32	s0, s0, s0
	.loc	6 184 69                        @ ../app/src/QuaternionEKF.c:184:69
	vfma.f32	s0, s4, s4
	.loc	6 184 109                       @ ../app/src/QuaternionEKF.c:184:109
	vfma.f32	s0, s2, s2
	vstr	s0, [sp, #68]
.Ltmp94:
	.file	7 "D:\\keil_1\\keil\\ARM\\ARMCLANG\\bin\\..\\include" "math.h"
	.loc	7 415 7 is_stmt 1               @ D:\keil_1\keil\ARM\ARMCLANG\bin\..\include\math.h:415:7
	vldr	s0, [sp, #68]
	@APP
	vsqrt.f32	s0, s0
	@NO_APP
	vstr	s0, [sp, #68]
	.loc	7 422 14                        @ D:\keil_1\keil\ARM\ARMCLANG\bin\..\include\math.h:422:14
	ldr	r1, [sp, #68]
.Ltmp95:
	.loc	6 184 21                        @ ../app/src/QuaternionEKF.c:184:21
	str.w	r1, [r0, #408]
	.loc	6 185 33                        @ ../app/src/QuaternionEKF.c:185:33
	vldr	s2, [r0, #408]
	vmov.f32	s0, #1.000000e+00
	.loc	6 185 22 is_stmt 0              @ ../app/src/QuaternionEKF.c:185:22
	vdiv.f32	s0, s0, s2
	.loc	6 185 15                        @ ../app/src/QuaternionEKF.c:185:15
	vstr	s0, [sp, #24]
	.loc	6 188 49 is_stmt 1              @ ../app/src/QuaternionEKF.c:188:49
	vldr	s0, [r0, #376]
	.loc	6 188 69 is_stmt 0              @ ../app/src/QuaternionEKF.c:188:69
	vldr	s2, [sp, #24]
	.loc	6 188 67                        @ ../app/src/QuaternionEKF.c:188:67
	vmul.f32	s0, s0, s2
	.loc	6 188 29                        @ ../app/src/QuaternionEKF.c:188:29
	ldr	r1, [r0, #8]
	.loc	6 188 47                        @ ../app/src/QuaternionEKF.c:188:47
	vstr	s0, [r1]
	.loc	6 189 49 is_stmt 1              @ ../app/src/QuaternionEKF.c:189:49
	vldr	s0, [r0, #380]
	.loc	6 189 69 is_stmt 0              @ ../app/src/QuaternionEKF.c:189:69
	vldr	s2, [sp, #24]
	.loc	6 189 67                        @ ../app/src/QuaternionEKF.c:189:67
	vmul.f32	s0, s0, s2
	.loc	6 189 29                        @ ../app/src/QuaternionEKF.c:189:29
	ldr	r1, [r0, #8]
	.loc	6 189 47                        @ ../app/src/QuaternionEKF.c:189:47
	vstr	s0, [r1, #4]
	.loc	6 190 49 is_stmt 1              @ ../app/src/QuaternionEKF.c:190:49
	vldr	s0, [r0, #384]
	.loc	6 190 69 is_stmt 0              @ ../app/src/QuaternionEKF.c:190:69
	vldr	s2, [sp, #24]
	.loc	6 190 67                        @ ../app/src/QuaternionEKF.c:190:67
	vmul.f32	s0, s0, s2
	.loc	6 190 29                        @ ../app/src/QuaternionEKF.c:190:29
	ldr	r1, [r0, #8]
	.loc	6 190 47                        @ ../app/src/QuaternionEKF.c:190:47
	vstr	s0, [r1, #8]
	.loc	6 193 35 is_stmt 1              @ ../app/src/QuaternionEKF.c:193:35
	vldr	s4, [r0, #364]
	.loc	6 194 37                        @ ../app/src/QuaternionEKF.c:194:37
	vldr	s0, [r0, #368]
	.loc	6 195 37                        @ ../app/src/QuaternionEKF.c:195:37
	vldr	s2, [r0, #372]
	.loc	6 194 54                        @ ../app/src/QuaternionEKF.c:194:54
	vmul.f32	s0, s0, s0
	.loc	6 193 71                        @ ../app/src/QuaternionEKF.c:193:71
	vfma.f32	s0, s4, s4
	.loc	6 194 73                        @ ../app/src/QuaternionEKF.c:194:73
	vfma.f32	s0, s2, s2
	vstr	s0, [sp, #64]
.Ltmp96:
	.loc	7 415 7                         @ D:\keil_1\keil\ARM\ARMCLANG\bin\..\include\math.h:415:7
	vldr	s0, [sp, #64]
	@APP
	vsqrt.f32	s0, s0
	@NO_APP
	vstr	s0, [sp, #64]
	.loc	7 422 14                        @ D:\keil_1\keil\ARM\ARMCLANG\bin\..\include\math.h:422:14
	ldr	r1, [sp, #64]
.Ltmp97:
	.loc	6 193 24                        @ ../app/src/QuaternionEKF.c:193:24
	str.w	r1, [r0, #404]
.Ltmp98:
	.loc	6 200 18                        @ ../app/src/QuaternionEKF.c:200:18
	vldr	s0, [r0, #404]
	vldr	s2, .LCPI6_0
	.loc	6 200 35 is_stmt 0              @ ../app/src/QuaternionEKF.c:200:35
	vcmp.f32	s0, s2
	vmrs	APSR_nzcv, fpscr
	bge	.LBB6_6
	b	.LBB6_3
.LBB6_3:
	.loc	6 200 47                        @ ../app/src/QuaternionEKF.c:200:47
	movw	r0, :lower16:QEKF_INS
	movt	r0, :upper16:QEKF_INS
	vldr	s0, [r0, #408]
	vldr	s2, .LCPI6_1
	.loc	6 200 71                        @ ../app/src/QuaternionEKF.c:200:71
	vcmp.f32	s0, s2
	vmrs	APSR_nzcv, fpscr
	ble	.LBB6_6
	b	.LBB6_4
.LBB6_4:
	.loc	6 200 83                        @ ../app/src/QuaternionEKF.c:200:83
	movw	r0, :lower16:QEKF_INS
	movt	r0, :upper16:QEKF_INS
	vldr	s0, [r0, #408]
	vldr	s2, .LCPI6_2
.Ltmp99:
	.loc	6 200 9                         @ ../app/src/QuaternionEKF.c:200:9
	vcmp.f32	s0, s2
	vmrs	APSR_nzcv, fpscr
	bge	.LBB6_6
	b	.LBB6_5
.LBB6_5:
.Ltmp100:
	.loc	6 202 29 is_stmt 1              @ ../app/src/QuaternionEKF.c:202:29
	movw	r1, :lower16:QEKF_INS
	movt	r1, :upper16:QEKF_INS
	movs	r0, #1
	strb.w	r0, [r1, #313]
	.loc	6 203 5                         @ ../app/src/QuaternionEKF.c:203:5
	b	.LBB6_7
.Ltmp101:
.LBB6_6:
	.loc	6 206 29                        @ ../app/src/QuaternionEKF.c:206:29
	movw	r1, :lower16:QEKF_INS
	movt	r1, :upper16:QEKF_INS
	movs	r0, #0
	strb.w	r0, [r1, #313]
	b	.LBB6_7
.Ltmp102:
.LBB6_7:
	.loc	6 210 53                        @ ../app/src/QuaternionEKF.c:210:53
	movw	r1, :lower16:QEKF_INS
	movt	r1, :upper16:QEKF_INS
	str	r1, [sp, #12]                   @ 4-byte Spill
	vldr	s0, [r1, #432]
	.loc	6 210 67 is_stmt 0              @ ../app/src/QuaternionEKF.c:210:67
	vldr	s2, [r1, #444]
	.loc	6 210 56                        @ ../app/src/QuaternionEKF.c:210:56
	vmul.f32	s0, s0, s2
	.loc	6 210 32                        @ ../app/src/QuaternionEKF.c:210:32
	adds	r0, r1, #4
	ldr.w	r2, [r1, #280]
	.loc	6 210 42                        @ ../app/src/QuaternionEKF.c:210:42
	vstr	s0, [r2]
	.loc	6 211 53 is_stmt 1              @ ../app/src/QuaternionEKF.c:211:53
	vldr	s0, [r1, #432]
	.loc	6 211 67 is_stmt 0              @ ../app/src/QuaternionEKF.c:211:67
	vldr	s2, [r1, #444]
	.loc	6 211 56                        @ ../app/src/QuaternionEKF.c:211:56
	vmul.f32	s0, s0, s2
	.loc	6 211 32                        @ ../app/src/QuaternionEKF.c:211:32
	ldr.w	r2, [r1, #280]
	.loc	6 211 42                        @ ../app/src/QuaternionEKF.c:211:42
	vstr	s0, [r2, #28]
	.loc	6 212 54 is_stmt 1              @ ../app/src/QuaternionEKF.c:212:54
	vldr	s0, [r1, #432]
	.loc	6 212 68 is_stmt 0              @ ../app/src/QuaternionEKF.c:212:68
	vldr	s2, [r1, #444]
	.loc	6 212 57                        @ ../app/src/QuaternionEKF.c:212:57
	vmul.f32	s0, s0, s2
	.loc	6 212 32                        @ ../app/src/QuaternionEKF.c:212:32
	ldr.w	r2, [r1, #280]
	.loc	6 212 43                        @ ../app/src/QuaternionEKF.c:212:43
	vstr	s0, [r2, #56]
	.loc	6 213 54 is_stmt 1              @ ../app/src/QuaternionEKF.c:213:54
	vldr	s0, [r1, #432]
	.loc	6 213 68 is_stmt 0              @ ../app/src/QuaternionEKF.c:213:68
	vldr	s2, [r1, #444]
	.loc	6 213 57                        @ ../app/src/QuaternionEKF.c:213:57
	vmul.f32	s0, s0, s2
	.loc	6 213 32                        @ ../app/src/QuaternionEKF.c:213:32
	ldr.w	r2, [r1, #280]
	.loc	6 213 43                        @ ../app/src/QuaternionEKF.c:213:43
	vstr	s0, [r2, #84]
	.loc	6 214 54 is_stmt 1              @ ../app/src/QuaternionEKF.c:214:54
	vldr	s0, [r1, #436]
	.loc	6 214 68 is_stmt 0              @ ../app/src/QuaternionEKF.c:214:68
	vldr	s2, [r1, #444]
	.loc	6 214 57                        @ ../app/src/QuaternionEKF.c:214:57
	vmul.f32	s0, s0, s2
	.loc	6 214 32                        @ ../app/src/QuaternionEKF.c:214:32
	ldr.w	r2, [r1, #280]
	.loc	6 214 43                        @ ../app/src/QuaternionEKF.c:214:43
	vstr	s0, [r2, #112]
	.loc	6 215 54 is_stmt 1              @ ../app/src/QuaternionEKF.c:215:54
	vldr	s0, [r1, #436]
	.loc	6 215 68 is_stmt 0              @ ../app/src/QuaternionEKF.c:215:68
	vldr	s2, [r1, #444]
	.loc	6 215 57                        @ ../app/src/QuaternionEKF.c:215:57
	vmul.f32	s0, s0, s2
	.loc	6 215 32                        @ ../app/src/QuaternionEKF.c:215:32
	ldr.w	r2, [r1, #280]
	.loc	6 215 43                        @ ../app/src/QuaternionEKF.c:215:43
	vstr	s0, [r2, #140]
	.loc	6 216 32 is_stmt 1              @ ../app/src/QuaternionEKF.c:216:32
	ldr.w	r3, [r1, #284]
	.loc	6 216 53 is_stmt 0              @ ../app/src/QuaternionEKF.c:216:53
	ldr.w	r2, [r1, #440]
	.loc	6 216 42                        @ ../app/src/QuaternionEKF.c:216:42
	str	r2, [r3]
	.loc	6 217 32 is_stmt 1              @ ../app/src/QuaternionEKF.c:217:32
	ldr.w	r3, [r1, #284]
	.loc	6 217 53 is_stmt 0              @ ../app/src/QuaternionEKF.c:217:53
	ldr.w	r2, [r1, #440]
	.loc	6 217 42                        @ ../app/src/QuaternionEKF.c:217:42
	str	r2, [r3, #16]
	.loc	6 218 32 is_stmt 1              @ ../app/src/QuaternionEKF.c:218:32
	ldr.w	r2, [r1, #284]
	.loc	6 218 53 is_stmt 0              @ ../app/src/QuaternionEKF.c:218:53
	ldr.w	r1, [r1, #440]
	.loc	6 218 42                        @ ../app/src/QuaternionEKF.c:218:42
	str	r1, [r2, #32]
	.loc	6 221 5 is_stmt 1               @ ../app/src/QuaternionEKF.c:221:5
	bl	Kalman_Filter_Update
                                        @ kill: def $r1 killed $r0
	.loc	6 224 46                        @ ../app/src/QuaternionEKF.c:224:46
	ldr	r0, [sp, #12]                   @ 4-byte Reload
	ldr	r1, [r0, #4]
	.loc	6 224 19 is_stmt 0              @ ../app/src/QuaternionEKF.c:224:19
	ldr	r1, [r1]
	.loc	6 224 17                        @ ../app/src/QuaternionEKF.c:224:17
	str.w	r1, [r0, #336]
	.loc	6 225 48 is_stmt 1              @ ../app/src/QuaternionEKF.c:225:48
	ldr	r1, [r0, #4]
	.loc	6 225 21 is_stmt 0              @ ../app/src/QuaternionEKF.c:225:21
	ldr	r1, [r1, #4]
	.loc	6 225 19                        @ ../app/src/QuaternionEKF.c:225:19
	str.w	r1, [r0, #340]
	.loc	6 226 48 is_stmt 1              @ ../app/src/QuaternionEKF.c:226:48
	ldr	r1, [r0, #4]
	.loc	6 226 21 is_stmt 0              @ ../app/src/QuaternionEKF.c:226:21
	ldr	r1, [r1, #8]
	.loc	6 226 19                        @ ../app/src/QuaternionEKF.c:226:19
	str.w	r1, [r0, #344]
	.loc	6 227 48 is_stmt 1              @ ../app/src/QuaternionEKF.c:227:48
	ldr	r1, [r0, #4]
	.loc	6 227 21 is_stmt 0              @ ../app/src/QuaternionEKF.c:227:21
	ldr	r1, [r1, #12]
	.loc	6 227 19                        @ ../app/src/QuaternionEKF.c:227:19
	str.w	r1, [r0, #348]
	.loc	6 229 17 is_stmt 1              @ ../app/src/QuaternionEKF.c:229:17
	vldr	s6, [r0, #336]
	.loc	6 229 31 is_stmt 0              @ ../app/src/QuaternionEKF.c:229:31
	vldr	s4, [r0, #340]
	.loc	6 229 47                        @ ../app/src/QuaternionEKF.c:229:47
	vldr	s2, [r0, #344]
	.loc	6 229 61                        @ ../app/src/QuaternionEKF.c:229:61
	vldr	s0, [r0, #348]
	.loc	6 229 60                        @ ../app/src/QuaternionEKF.c:229:60
	vmul.f32	s0, s2, s0
	.loc	6 229 45                        @ ../app/src/QuaternionEKF.c:229:45
	vfma.f32	s0, s6, s4
	vmov.f32	s1, #5.000000e-01
	vstr	s1, [sp, #4]                    @ 4-byte Spill
	.loc	6 229 81                        @ ../app/src/QuaternionEKF.c:229:81
	vfms.f32	s1, s4, s4
	.loc	6 229 111                       @ ../app/src/QuaternionEKF.c:229:111
	vfms.f32	s1, s2, s2
	.loc	6 229 3                         @ ../app/src/QuaternionEKF.c:229:3
	add.w	r0, r0, #416
	bl	arm_atan2_f32
                                        @ kill: def $r1 killed $r0
	.loc	6 230 18 is_stmt 1              @ ../app/src/QuaternionEKF.c:230:18
	ldr	r0, [sp, #12]                   @ 4-byte Reload
	vldr	s0, [r0, #416]
	vldr	s2, .LCPI6_3
	vstr	s2, [sp, #8]                    @ 4-byte Spill
	vmul.f32	s0, s0, s2
	vstr	s0, [r0, #416]
	.loc	6 231 76                        @ ../app/src/QuaternionEKF.c:231:76
	vldr	s0, [r0, #336]
	.loc	6 231 46 is_stmt 0              @ ../app/src/QuaternionEKF.c:231:46
	vldr	s2, [r0, #340]
	.loc	6 231 90                        @ ../app/src/QuaternionEKF.c:231:90
	vldr	s6, [r0, #344]
	.loc	6 231 60                        @ ../app/src/QuaternionEKF.c:231:60
	vldr	s4, [r0, #348]
	.loc	6 231 89                        @ ../app/src/QuaternionEKF.c:231:89
	vmul.f32	s0, s0, s6
	.loc	6 231 74                        @ ../app/src/QuaternionEKF.c:231:74
	vfnms.f32	s0, s2, s4
	vmov.f32	s2, #-2.000000e+00
	.loc	6 231 43                        @ ../app/src/QuaternionEKF.c:231:43
	vmul.f32	s0, s0, s2
	.loc	6 231 31                        @ ../app/src/QuaternionEKF.c:231:31
	bl	__hardfp_asinf
	vldr	s1, [sp, #4]                    @ 4-byte Reload
	vldr	s2, [sp, #8]                    @ 4-byte Reload
	ldr	r0, [sp, #12]                   @ 4-byte Reload
	.loc	6 231 29                        @ ../app/src/QuaternionEKF.c:231:29
	vmul.f32	s0, s0, s2
	.loc	6 231 18                        @ ../app/src/QuaternionEKF.c:231:18
	vstr	s0, [r0, #420]
	.loc	6 232 47 is_stmt 1              @ ../app/src/QuaternionEKF.c:232:47
	vldr	s0, [r0, #336]
	.loc	6 232 17 is_stmt 0              @ ../app/src/QuaternionEKF.c:232:17
	vldr	s6, [r0, #340]
	.loc	6 232 31                        @ ../app/src/QuaternionEKF.c:232:31
	vldr	s4, [r0, #344]
	.loc	6 232 61                        @ ../app/src/QuaternionEKF.c:232:61
	vldr	s2, [r0, #348]
	.loc	6 232 60                        @ ../app/src/QuaternionEKF.c:232:60
	vmul.f32	s0, s0, s2
	.loc	6 232 45                        @ ../app/src/QuaternionEKF.c:232:45
	vfma.f32	s0, s6, s4
	.loc	6 232 81                        @ ../app/src/QuaternionEKF.c:232:81
	vfms.f32	s1, s4, s4
	.loc	6 232 111                       @ ../app/src/QuaternionEKF.c:232:111
	vfms.f32	s1, s2, s2
	.loc	6 232 3                         @ ../app/src/QuaternionEKF.c:232:3
	add.w	r0, r0, #424
	bl	arm_atan2_f32
	vldr	s2, [sp, #8]                    @ 4-byte Reload
                                        @ kill: def $r1 killed $r0
	.loc	6 233 20 is_stmt 1              @ ../app/src/QuaternionEKF.c:233:20
	ldr	r0, [sp, #12]                   @ 4-byte Reload
	vldr	s0, [r0, #424]
	vmul.f32	s0, s0, s2
	vstr	s0, [r0, #424]
	.loc	6 234 53                        @ ../app/src/QuaternionEKF.c:234:53
	ldr	r1, [r0, #4]
	.loc	6 234 26 is_stmt 0              @ ../app/src/QuaternionEKF.c:234:26
	ldr	r1, [r1, #16]
	.loc	6 234 24                        @ ../app/src/QuaternionEKF.c:234:24
	str.w	r1, [r0, #352]
	.loc	6 235 55 is_stmt 1              @ ../app/src/QuaternionEKF.c:235:55
	ldr	r1, [r0, #4]
	.loc	6 235 28 is_stmt 0              @ ../app/src/QuaternionEKF.c:235:28
	ldr	r1, [r1, #20]
	.loc	6 235 26                        @ ../app/src/QuaternionEKF.c:235:26
	str.w	r1, [r0, #356]
	movs	r1, #0
	.loc	6 236 26 is_stmt 1              @ ../app/src/QuaternionEKF.c:236:26
	str.w	r1, [r0, #360]
.Ltmp103:
	.loc	6 238 18                        @ ../app/src/QuaternionEKF.c:238:18
	vldr	s0, [r0, #424]
	.loc	6 238 33 is_stmt 0              @ ../app/src/QuaternionEKF.c:238:33
	vldr	s2, [r0, #472]
	.loc	6 238 22                        @ ../app/src/QuaternionEKF.c:238:22
	vsub.f32	s0, s0, s2
	vldr	s2, .LCPI6_4
.Ltmp104:
	.loc	6 238 9                         @ ../app/src/QuaternionEKF.c:238:9
	vcmp.f32	s0, s2
	vmrs	APSR_nzcv, fpscr
	ble	.LBB6_9
	b	.LBB6_8
.LBB6_8:
.Ltmp105:
	.loc	6 240 31 is_stmt 1              @ ../app/src/QuaternionEKF.c:240:31
	movw	r1, :lower16:QEKF_INS
	movt	r1, :upper16:QEKF_INS
	ldrh.w	r0, [r1, #468]
	subs	r0, #1
	strh.w	r0, [r1, #468]
	.loc	6 241 5                         @ ../app/src/QuaternionEKF.c:241:5
	b	.LBB6_12
.Ltmp106:
.LBB6_9:
	.loc	6 242 23                        @ ../app/src/QuaternionEKF.c:242:23
	movw	r0, :lower16:QEKF_INS
	movt	r0, :upper16:QEKF_INS
	vldr	s0, [r0, #424]
	.loc	6 242 38 is_stmt 0              @ ../app/src/QuaternionEKF.c:242:38
	vldr	s2, [r0, #472]
	.loc	6 242 27                        @ ../app/src/QuaternionEKF.c:242:27
	vsub.f32	s0, s0, s2
	vldr	s2, .LCPI6_5
.Ltmp107:
	.loc	6 242 14                        @ ../app/src/QuaternionEKF.c:242:14
	vcmp.f32	s0, s2
	vmrs	APSR_nzcv, fpscr
	bge	.LBB6_11
	b	.LBB6_10
.LBB6_10:
.Ltmp108:
	.loc	6 244 31 is_stmt 1              @ ../app/src/QuaternionEKF.c:244:31
	movw	r1, :lower16:QEKF_INS
	movt	r1, :upper16:QEKF_INS
	ldrh.w	r0, [r1, #468]
	adds	r0, #1
	strh.w	r0, [r1, #468]
	.loc	6 245 5                         @ ../app/src/QuaternionEKF.c:245:5
	b	.LBB6_11
.Ltmp109:
.LBB6_11:
	.loc	6 0 5 is_stmt 0                 @ ../app/src/QuaternionEKF.c:0:5
	b	.LBB6_12
.LBB6_12:
	.loc	6 246 48 is_stmt 1              @ ../app/src/QuaternionEKF.c:246:48
	movw	r1, :lower16:QEKF_INS
	movt	r1, :upper16:QEKF_INS
	ldrsh.w	r0, [r1, #468]
	.loc	6 246 39 is_stmt 0              @ ../app/src/QuaternionEKF.c:246:39
	vmov	s0, r0
	vcvt.f32.s32	s2, s0
	.loc	6 246 73                        @ ../app/src/QuaternionEKF.c:246:73
	vldr	s0, [r1, #424]
	vldr	s4, .LCPI6_6
	.loc	6 246 62                        @ ../app/src/QuaternionEKF.c:246:62
	vfma.f32	s0, s2, s4
	.loc	6 246 28                        @ ../app/src/QuaternionEKF.c:246:28
	vstr	s0, [r1, #428]
	.loc	6 247 38 is_stmt 1              @ ../app/src/QuaternionEKF.c:247:38
	ldr.w	r0, [r1, #424]
	.loc	6 247 27 is_stmt 0              @ ../app/src/QuaternionEKF.c:247:27
	str.w	r0, [r1, #472]
	.loc	6 248 1 epilogue_begin is_stmt 1 @ ../app/src/QuaternionEKF.c:248:1
	add	sp, #72
	pop	{r7, pc}
.Ltmp110:
	.loc	6 0 1 is_stmt 0                 @ :0:1
.Ltmp111:
	.p2align	2
@ %bb.13:
.LCPI6_0:
	.long	0x3e99999a                      @ float 0.300000012
.LCPI6_1:
	.long	0x4114cccd                      @ float 9.30000019
.LCPI6_2:
	.long	0x4124cccd                      @ float 10.3000002
.LCPI6_3:
	.long	0x42652ee1                      @ float 57.2957802
.LCPI6_4:
	.long	0x43340000                      @ float 180
.LCPI6_5:
	.long	0xc3340000                      @ float -180
.LCPI6_6:
	.long	0x43b40000                      @ float 360
.Lfunc_end6:
	.size	IMU_QuaternionEKF_Update, .Lfunc_end6-IMU_QuaternionEKF_Update
	.cfi_endproc
	.cantunwind
	.fnend
                                        @ -- End function
	.section	.text.Get_Pitch,"ax",%progbits
	.hidden	Get_Pitch                       @ -- Begin function Get_Pitch
	.globl	Get_Pitch
	.p2align	3
	.type	Get_Pitch,%function
	.code	16                              @ @Get_Pitch
	.thumb_func
Get_Pitch:
.Lfunc_begin7:
	.fnstart
	.cfi_startproc
@ %bb.0:
	.loc	6 507 18 prologue_end is_stmt 1 @ ../app/src/QuaternionEKF.c:507:18
	movw	r0, :lower16:QEKF_INS
	movt	r0, :upper16:QEKF_INS
	vldr	s0, [r0, #420]
	.loc	6 507 2 is_stmt 0               @ ../app/src/QuaternionEKF.c:507:2
	bx	lr
.Ltmp112:
.Lfunc_end7:
	.size	Get_Pitch, .Lfunc_end7-Get_Pitch
	.cfi_endproc
	.cantunwind
	.fnend
                                        @ -- End function
	.section	.text.Get_Roll,"ax",%progbits
	.hidden	Get_Roll                        @ -- Begin function Get_Roll
	.globl	Get_Roll
	.p2align	3
	.type	Get_Roll,%function
	.code	16                              @ @Get_Roll
	.thumb_func
Get_Roll:
.Lfunc_begin8:
	.fnstart
	.cfi_startproc
@ %bb.0:
	.loc	6 512 18 prologue_end is_stmt 1 @ ../app/src/QuaternionEKF.c:512:18
	movw	r0, :lower16:QEKF_INS
	movt	r0, :upper16:QEKF_INS
	vldr	s0, [r0, #416]
	.loc	6 512 2 is_stmt 0               @ ../app/src/QuaternionEKF.c:512:2
	bx	lr
.Ltmp113:
.Lfunc_end8:
	.size	Get_Roll, .Lfunc_end8-Get_Roll
	.cfi_endproc
	.cantunwind
	.fnend
                                        @ -- End function
	.section	.text.Get_Yaw,"ax",%progbits
	.hidden	Get_Yaw                         @ -- Begin function Get_Yaw
	.globl	Get_Yaw
	.p2align	3
	.type	Get_Yaw,%function
	.code	16                              @ @Get_Yaw
	.thumb_func
Get_Yaw:
.Lfunc_begin9:
	.fnstart
	.cfi_startproc
@ %bb.0:
	.loc	6 517 18 prologue_end is_stmt 1 @ ../app/src/QuaternionEKF.c:517:18
	movw	r0, :lower16:QEKF_INS
	movt	r0, :upper16:QEKF_INS
	vldr	s0, [r0, #424]
	.loc	6 517 2 is_stmt 0               @ ../app/src/QuaternionEKF.c:517:2
	bx	lr
.Ltmp114:
.Lfunc_end9:
	.size	Get_Yaw, .Lfunc_end9-Get_Yaw
	.cfi_endproc
	.cantunwind
	.fnend
                                        @ -- End function
	.section	.text.invSqrt,"ax",%progbits
	.p2align	3                               @ -- Begin function invSqrt
	.type	invSqrt,%function
	.code	16                              @ @invSqrt
	.thumb_func
invSqrt:
.Lfunc_begin10:
	.loc	6 526 0 is_stmt 1               @ ../app/src/QuaternionEKF.c:526:0
	.fnstart
	.cfi_startproc
@ %bb.0:
	.pad	#12
	sub	sp, #12
	.cfi_def_cfa_offset 12
	vstr	s0, [sp, #4]
	mov.w	r0, #1065353216
.Ltmp115:
	.loc	6 527 17 prologue_end           @ ../app/src/QuaternionEKF.c:527:17
	str	r0, [sp]
	.loc	6 528 17                        @ ../app/src/QuaternionEKF.c:528:17
	ldr	r0, [sp, #4]
	str	r0, [sp, #8]
.Ltmp116:
	.loc	7 415 7                         @ D:\keil_1\keil\ARM\ARMCLANG\bin\..\include\math.h:415:7
	vldr	s0, [sp, #8]
	@APP
	vsqrt.f32	s0, s0
	@NO_APP
	vstr	s0, [sp, #8]
	.loc	7 422 14                        @ D:\keil_1\keil\ARM\ARMCLANG\bin\..\include\math.h:422:14
	vldr	s2, [sp, #8]
.Ltmp117:
	.loc	6 528 6                         @ ../app/src/QuaternionEKF.c:528:6
	vldr	s0, [sp]
	vdiv.f32	s0, s0, s2
	vstr	s0, [sp]
	.loc	6 529 9                         @ ../app/src/QuaternionEKF.c:529:9
	vldr	s0, [sp]
	.loc	6 529 2 epilogue_begin is_stmt 0 @ ../app/src/QuaternionEKF.c:529:2
	add	sp, #12
	bx	lr
.Ltmp118:
.Lfunc_end10:
	.size	invSqrt, .Lfunc_end10-invSqrt
	.cfi_endproc
	.cantunwind
	.fnend
                                        @ -- End function
	.hidden	QEKF_INS                        @ @QEKF_INS
	.type	QEKF_INS,%object
	.section	.bss.QEKF_INS,"aw",%nobits
	.globl	QEKF_INS
	.p2align	3, 0x0
QEKF_INS:
	.zero	480
	.size	QEKF_INS, 480

	.hidden	IMU_QuaternionEKF_F             @ @IMU_QuaternionEKF_F
	.type	IMU_QuaternionEKF_F,%object
	.section	.rodata.IMU_QuaternionEKF_F,"a",%progbits
	.globl	IMU_QuaternionEKF_F
	.p2align	2, 0x0
IMU_QuaternionEKF_F:
	.long	0x3f800000                      @ float 1
	.long	0x00000000                      @ float 0
	.long	0x00000000                      @ float 0
	.long	0x00000000                      @ float 0
	.long	0x00000000                      @ float 0
	.long	0x00000000                      @ float 0
	.long	0x00000000                      @ float 0
	.long	0x3f800000                      @ float 1
	.long	0x00000000                      @ float 0
	.long	0x00000000                      @ float 0
	.long	0x00000000                      @ float 0
	.long	0x00000000                      @ float 0
	.long	0x00000000                      @ float 0
	.long	0x00000000                      @ float 0
	.long	0x3f800000                      @ float 1
	.long	0x00000000                      @ float 0
	.long	0x00000000                      @ float 0
	.long	0x00000000                      @ float 0
	.long	0x00000000                      @ float 0
	.long	0x00000000                      @ float 0
	.long	0x00000000                      @ float 0
	.long	0x3f800000                      @ float 1
	.long	0x00000000                      @ float 0
	.long	0x00000000                      @ float 0
	.long	0x00000000                      @ float 0
	.long	0x00000000                      @ float 0
	.long	0x00000000                      @ float 0
	.long	0x00000000                      @ float 0
	.long	0x3f800000                      @ float 1
	.long	0x00000000                      @ float 0
	.long	0x00000000                      @ float 0
	.long	0x00000000                      @ float 0
	.long	0x00000000                      @ float 0
	.long	0x00000000                      @ float 0
	.long	0x00000000                      @ float 0
	.long	0x3f800000                      @ float 1
	.size	IMU_QuaternionEKF_F, 144

	.hidden	IMU_QuaternionEKF_P_Const       @ @IMU_QuaternionEKF_P_Const
	.type	IMU_QuaternionEKF_P_Const,%object
	.section	.rodata.IMU_QuaternionEKF_P_Const,"a",%progbits
	.globl	IMU_QuaternionEKF_P_Const
	.p2align	2, 0x0
IMU_QuaternionEKF_P_Const:
	.long	0x47c35000                      @ float 1.0E+5
	.long	0x3dcccccd                      @ float 0.100000001
	.long	0x3dcccccd                      @ float 0.100000001
	.long	0x3dcccccd                      @ float 0.100000001
	.long	0x3dcccccd                      @ float 0.100000001
	.long	0x3dcccccd                      @ float 0.100000001
	.long	0x3dcccccd                      @ float 0.100000001
	.long	0x47c35000                      @ float 1.0E+5
	.long	0x3dcccccd                      @ float 0.100000001
	.long	0x3dcccccd                      @ float 0.100000001
	.long	0x3dcccccd                      @ float 0.100000001
	.long	0x3dcccccd                      @ float 0.100000001
	.long	0x3dcccccd                      @ float 0.100000001
	.long	0x3dcccccd                      @ float 0.100000001
	.long	0x47c35000                      @ float 1.0E+5
	.long	0x3dcccccd                      @ float 0.100000001
	.long	0x3dcccccd                      @ float 0.100000001
	.long	0x3dcccccd                      @ float 0.100000001
	.long	0x3dcccccd                      @ float 0.100000001
	.long	0x3dcccccd                      @ float 0.100000001
	.long	0x3dcccccd                      @ float 0.100000001
	.long	0x47c35000                      @ float 1.0E+5
	.long	0x3dcccccd                      @ float 0.100000001
	.long	0x3dcccccd                      @ float 0.100000001
	.long	0x3dcccccd                      @ float 0.100000001
	.long	0x3dcccccd                      @ float 0.100000001
	.long	0x3dcccccd                      @ float 0.100000001
	.long	0x3dcccccd                      @ float 0.100000001
	.long	0x42c80000                      @ float 100
	.long	0x3dcccccd                      @ float 0.100000001
	.long	0x3dcccccd                      @ float 0.100000001
	.long	0x3dcccccd                      @ float 0.100000001
	.long	0x3dcccccd                      @ float 0.100000001
	.long	0x3dcccccd                      @ float 0.100000001
	.long	0x3dcccccd                      @ float 0.100000001
	.long	0x42c80000                      @ float 100
	.size	IMU_QuaternionEKF_P_Const, 144

	.hidden	IMU_QuaternionEKF_P             @ @IMU_QuaternionEKF_P
	.type	IMU_QuaternionEKF_P,%object
	.section	.data.IMU_QuaternionEKF_P,"aw",%progbits
	.globl	IMU_QuaternionEKF_P
	.p2align	2, 0x0
IMU_QuaternionEKF_P:
	.long	0x47c35000                      @ float 1.0E+5
	.long	0x3dcccccd                      @ float 0.100000001
	.long	0x3dcccccd                      @ float 0.100000001
	.long	0x3dcccccd                      @ float 0.100000001
	.long	0x3dcccccd                      @ float 0.100000001
	.long	0x3dcccccd                      @ float 0.100000001
	.long	0x3dcccccd                      @ float 0.100000001
	.long	0x47c35000                      @ float 1.0E+5
	.long	0x3dcccccd                      @ float 0.100000001
	.long	0x3dcccccd                      @ float 0.100000001
	.long	0x3dcccccd                      @ float 0.100000001
	.long	0x3dcccccd                      @ float 0.100000001
	.long	0x3dcccccd                      @ float 0.100000001
	.long	0x3dcccccd                      @ float 0.100000001
	.long	0x47c35000                      @ float 1.0E+5
	.long	0x3dcccccd                      @ float 0.100000001
	.long	0x3dcccccd                      @ float 0.100000001
	.long	0x3dcccccd                      @ float 0.100000001
	.long	0x3dcccccd                      @ float 0.100000001
	.long	0x3dcccccd                      @ float 0.100000001
	.long	0x3dcccccd                      @ float 0.100000001
	.long	0x47c35000                      @ float 1.0E+5
	.long	0x3dcccccd                      @ float 0.100000001
	.long	0x3dcccccd                      @ float 0.100000001
	.long	0x3dcccccd                      @ float 0.100000001
	.long	0x3dcccccd                      @ float 0.100000001
	.long	0x3dcccccd                      @ float 0.100000001
	.long	0x3dcccccd                      @ float 0.100000001
	.long	0x42c80000                      @ float 100
	.long	0x3dcccccd                      @ float 0.100000001
	.long	0x3dcccccd                      @ float 0.100000001
	.long	0x3dcccccd                      @ float 0.100000001
	.long	0x3dcccccd                      @ float 0.100000001
	.long	0x3dcccccd                      @ float 0.100000001
	.long	0x3dcccccd                      @ float 0.100000001
	.long	0x42c80000                      @ float 100
	.size	IMU_QuaternionEKF_P, 144

	.hidden	IMU_QuaternionEKF_K             @ @IMU_QuaternionEKF_K
	.type	IMU_QuaternionEKF_K,%object
	.section	.bss.IMU_QuaternionEKF_K,"aw",%nobits
	.globl	IMU_QuaternionEKF_K
	.p2align	2, 0x0
IMU_QuaternionEKF_K:
	.zero	72
	.size	IMU_QuaternionEKF_K, 72

	.hidden	IMU_QuaternionEKF_H             @ @IMU_QuaternionEKF_H
	.type	IMU_QuaternionEKF_H,%object
	.section	.bss.IMU_QuaternionEKF_H,"aw",%nobits
	.globl	IMU_QuaternionEKF_H
	.p2align	2, 0x0
IMU_QuaternionEKF_H:
	.zero	72
	.size	IMU_QuaternionEKF_H, 72

	.section	.debug_abbrev,"",%progbits
	.byte	1                               @ Abbreviation Code
	.byte	17                              @ DW_TAG_compile_unit
	.byte	1                               @ DW_CHILDREN_yes
	.byte	37                              @ DW_AT_producer
	.byte	14                              @ DW_FORM_strp
	.byte	19                              @ DW_AT_language
	.byte	5                               @ DW_FORM_data2
	.byte	3                               @ DW_AT_name
	.byte	14                              @ DW_FORM_strp
	.byte	16                              @ DW_AT_stmt_list
	.byte	23                              @ DW_FORM_sec_offset
	.byte	27                              @ DW_AT_comp_dir
	.byte	14                              @ DW_FORM_strp
	.byte	17                              @ DW_AT_low_pc
	.byte	1                               @ DW_FORM_addr
	.byte	85                              @ DW_AT_ranges
	.byte	23                              @ DW_FORM_sec_offset
	.byte	0                               @ EOM(1)
	.byte	0                               @ EOM(2)
	.byte	2                               @ Abbreviation Code
	.byte	52                              @ DW_TAG_variable
	.byte	0                               @ DW_CHILDREN_no
	.byte	3                               @ DW_AT_name
	.byte	14                              @ DW_FORM_strp
	.byte	73                              @ DW_AT_type
	.byte	19                              @ DW_FORM_ref4
	.byte	63                              @ DW_AT_external
	.byte	25                              @ DW_FORM_flag_present
	.byte	58                              @ DW_AT_decl_file
	.byte	11                              @ DW_FORM_data1
	.byte	59                              @ DW_AT_decl_line
	.byte	11                              @ DW_FORM_data1
	.byte	2                               @ DW_AT_location
	.byte	24                              @ DW_FORM_exprloc
	.byte	0                               @ EOM(1)
	.byte	0                               @ EOM(2)
	.byte	3                               @ Abbreviation Code
	.byte	22                              @ DW_TAG_typedef
	.byte	0                               @ DW_CHILDREN_no
	.byte	73                              @ DW_AT_type
	.byte	19                              @ DW_FORM_ref4
	.byte	3                               @ DW_AT_name
	.byte	14                              @ DW_FORM_strp
	.byte	58                              @ DW_AT_decl_file
	.byte	11                              @ DW_FORM_data1
	.byte	59                              @ DW_AT_decl_line
	.byte	11                              @ DW_FORM_data1
	.byte	0                               @ EOM(1)
	.byte	0                               @ EOM(2)
	.byte	4                               @ Abbreviation Code
	.byte	19                              @ DW_TAG_structure_type
	.byte	1                               @ DW_CHILDREN_yes
	.byte	11                              @ DW_AT_byte_size
	.byte	5                               @ DW_FORM_data2
	.byte	58                              @ DW_AT_decl_file
	.byte	11                              @ DW_FORM_data1
	.byte	59                              @ DW_AT_decl_line
	.byte	11                              @ DW_FORM_data1
	.byte	0                               @ EOM(1)
	.byte	0                               @ EOM(2)
	.byte	5                               @ Abbreviation Code
	.byte	13                              @ DW_TAG_member
	.byte	0                               @ DW_CHILDREN_no
	.byte	3                               @ DW_AT_name
	.byte	14                              @ DW_FORM_strp
	.byte	73                              @ DW_AT_type
	.byte	19                              @ DW_FORM_ref4
	.byte	58                              @ DW_AT_decl_file
	.byte	11                              @ DW_FORM_data1
	.byte	59                              @ DW_AT_decl_line
	.byte	11                              @ DW_FORM_data1
	.byte	56                              @ DW_AT_data_member_location
	.byte	11                              @ DW_FORM_data1
	.byte	0                               @ EOM(1)
	.byte	0                               @ EOM(2)
	.byte	6                               @ Abbreviation Code
	.byte	13                              @ DW_TAG_member
	.byte	0                               @ DW_CHILDREN_no
	.byte	3                               @ DW_AT_name
	.byte	14                              @ DW_FORM_strp
	.byte	73                              @ DW_AT_type
	.byte	19                              @ DW_FORM_ref4
	.byte	58                              @ DW_AT_decl_file
	.byte	11                              @ DW_FORM_data1
	.byte	59                              @ DW_AT_decl_line
	.byte	11                              @ DW_FORM_data1
	.byte	56                              @ DW_AT_data_member_location
	.byte	5                               @ DW_FORM_data2
	.byte	0                               @ EOM(1)
	.byte	0                               @ EOM(2)
	.byte	7                               @ Abbreviation Code
	.byte	36                              @ DW_TAG_base_type
	.byte	0                               @ DW_CHILDREN_no
	.byte	3                               @ DW_AT_name
	.byte	14                              @ DW_FORM_strp
	.byte	62                              @ DW_AT_encoding
	.byte	11                              @ DW_FORM_data1
	.byte	11                              @ DW_AT_byte_size
	.byte	11                              @ DW_FORM_data1
	.byte	0                               @ EOM(1)
	.byte	0                               @ EOM(2)
	.byte	8                               @ Abbreviation Code
	.byte	19                              @ DW_TAG_structure_type
	.byte	1                               @ DW_CHILDREN_yes
	.byte	3                               @ DW_AT_name
	.byte	14                              @ DW_FORM_strp
	.byte	11                              @ DW_AT_byte_size
	.byte	5                               @ DW_FORM_data2
	.byte	58                              @ DW_AT_decl_file
	.byte	11                              @ DW_FORM_data1
	.byte	59                              @ DW_AT_decl_line
	.byte	11                              @ DW_FORM_data1
	.byte	0                               @ EOM(1)
	.byte	0                               @ EOM(2)
	.byte	9                               @ Abbreviation Code
	.byte	15                              @ DW_TAG_pointer_type
	.byte	0                               @ DW_CHILDREN_no
	.byte	73                              @ DW_AT_type
	.byte	19                              @ DW_FORM_ref4
	.byte	0                               @ EOM(1)
	.byte	0                               @ EOM(2)
	.byte	10                              @ Abbreviation Code
	.byte	19                              @ DW_TAG_structure_type
	.byte	1                               @ DW_CHILDREN_yes
	.byte	11                              @ DW_AT_byte_size
	.byte	11                              @ DW_FORM_data1
	.byte	58                              @ DW_AT_decl_file
	.byte	11                              @ DW_FORM_data1
	.byte	59                              @ DW_AT_decl_line
	.byte	11                              @ DW_FORM_data1
	.byte	0                               @ EOM(1)
	.byte	0                               @ EOM(2)
	.byte	11                              @ Abbreviation Code
	.byte	22                              @ DW_TAG_typedef
	.byte	0                               @ DW_CHILDREN_no
	.byte	73                              @ DW_AT_type
	.byte	19                              @ DW_FORM_ref4
	.byte	3                               @ DW_AT_name
	.byte	14                              @ DW_FORM_strp
	.byte	58                              @ DW_AT_decl_file
	.byte	11                              @ DW_FORM_data1
	.byte	59                              @ DW_AT_decl_line
	.byte	5                               @ DW_FORM_data2
	.byte	0                               @ EOM(1)
	.byte	0                               @ EOM(2)
	.byte	12                              @ Abbreviation Code
	.byte	21                              @ DW_TAG_subroutine_type
	.byte	1                               @ DW_CHILDREN_yes
	.byte	39                              @ DW_AT_prototyped
	.byte	25                              @ DW_FORM_flag_present
	.byte	0                               @ EOM(1)
	.byte	0                               @ EOM(2)
	.byte	13                              @ Abbreviation Code
	.byte	5                               @ DW_TAG_formal_parameter
	.byte	0                               @ DW_CHILDREN_no
	.byte	73                              @ DW_AT_type
	.byte	19                              @ DW_FORM_ref4
	.byte	0                               @ EOM(1)
	.byte	0                               @ EOM(2)
	.byte	14                              @ Abbreviation Code
	.byte	1                               @ DW_TAG_array_type
	.byte	1                               @ DW_CHILDREN_yes
	.byte	73                              @ DW_AT_type
	.byte	19                              @ DW_FORM_ref4
	.byte	0                               @ EOM(1)
	.byte	0                               @ EOM(2)
	.byte	15                              @ Abbreviation Code
	.byte	33                              @ DW_TAG_subrange_type
	.byte	0                               @ DW_CHILDREN_no
	.byte	73                              @ DW_AT_type
	.byte	19                              @ DW_FORM_ref4
	.byte	55                              @ DW_AT_count
	.byte	11                              @ DW_FORM_data1
	.byte	0                               @ EOM(1)
	.byte	0                               @ EOM(2)
	.byte	16                              @ Abbreviation Code
	.byte	36                              @ DW_TAG_base_type
	.byte	0                               @ DW_CHILDREN_no
	.byte	3                               @ DW_AT_name
	.byte	14                              @ DW_FORM_strp
	.byte	11                              @ DW_AT_byte_size
	.byte	11                              @ DW_FORM_data1
	.byte	62                              @ DW_AT_encoding
	.byte	11                              @ DW_FORM_data1
	.byte	0                               @ EOM(1)
	.byte	0                               @ EOM(2)
	.byte	17                              @ Abbreviation Code
	.byte	38                              @ DW_TAG_const_type
	.byte	0                               @ DW_CHILDREN_no
	.byte	73                              @ DW_AT_type
	.byte	19                              @ DW_FORM_ref4
	.byte	0                               @ EOM(1)
	.byte	0                               @ EOM(2)
	.byte	18                              @ Abbreviation Code
	.byte	46                              @ DW_TAG_subprogram
	.byte	1                               @ DW_CHILDREN_yes
	.byte	17                              @ DW_AT_low_pc
	.byte	1                               @ DW_FORM_addr
	.byte	18                              @ DW_AT_high_pc
	.byte	6                               @ DW_FORM_data4
	.byte	64                              @ DW_AT_frame_base
	.byte	24                              @ DW_FORM_exprloc
	.byte	3                               @ DW_AT_name
	.byte	14                              @ DW_FORM_strp
	.byte	58                              @ DW_AT_decl_file
	.byte	11                              @ DW_FORM_data1
	.byte	59                              @ DW_AT_decl_line
	.byte	11                              @ DW_FORM_data1
	.byte	39                              @ DW_AT_prototyped
	.byte	25                              @ DW_FORM_flag_present
	.byte	63                              @ DW_AT_external
	.byte	25                              @ DW_FORM_flag_present
	.byte	0                               @ EOM(1)
	.byte	0                               @ EOM(2)
	.byte	19                              @ Abbreviation Code
	.byte	5                               @ DW_TAG_formal_parameter
	.byte	0                               @ DW_CHILDREN_no
	.byte	2                               @ DW_AT_location
	.byte	24                              @ DW_FORM_exprloc
	.byte	3                               @ DW_AT_name
	.byte	14                              @ DW_FORM_strp
	.byte	58                              @ DW_AT_decl_file
	.byte	11                              @ DW_FORM_data1
	.byte	59                              @ DW_AT_decl_line
	.byte	11                              @ DW_FORM_data1
	.byte	73                              @ DW_AT_type
	.byte	19                              @ DW_FORM_ref4
	.byte	0                               @ EOM(1)
	.byte	0                               @ EOM(2)
	.byte	20                              @ Abbreviation Code
	.byte	46                              @ DW_TAG_subprogram
	.byte	1                               @ DW_CHILDREN_yes
	.byte	17                              @ DW_AT_low_pc
	.byte	1                               @ DW_FORM_addr
	.byte	18                              @ DW_AT_high_pc
	.byte	6                               @ DW_FORM_data4
	.byte	64                              @ DW_AT_frame_base
	.byte	24                              @ DW_FORM_exprloc
	.byte	3                               @ DW_AT_name
	.byte	14                              @ DW_FORM_strp
	.byte	58                              @ DW_AT_decl_file
	.byte	11                              @ DW_FORM_data1
	.byte	59                              @ DW_AT_decl_line
	.byte	5                               @ DW_FORM_data2
	.byte	39                              @ DW_AT_prototyped
	.byte	25                              @ DW_FORM_flag_present
	.byte	0                               @ EOM(1)
	.byte	0                               @ EOM(2)
	.byte	21                              @ Abbreviation Code
	.byte	5                               @ DW_TAG_formal_parameter
	.byte	0                               @ DW_CHILDREN_no
	.byte	2                               @ DW_AT_location
	.byte	24                              @ DW_FORM_exprloc
	.byte	3                               @ DW_AT_name
	.byte	14                              @ DW_FORM_strp
	.byte	58                              @ DW_AT_decl_file
	.byte	11                              @ DW_FORM_data1
	.byte	59                              @ DW_AT_decl_line
	.byte	5                               @ DW_FORM_data2
	.byte	73                              @ DW_AT_type
	.byte	19                              @ DW_FORM_ref4
	.byte	0                               @ EOM(1)
	.byte	0                               @ EOM(2)
	.byte	22                              @ Abbreviation Code
	.byte	52                              @ DW_TAG_variable
	.byte	0                               @ DW_CHILDREN_no
	.byte	2                               @ DW_AT_location
	.byte	24                              @ DW_FORM_exprloc
	.byte	3                               @ DW_AT_name
	.byte	14                              @ DW_FORM_strp
	.byte	58                              @ DW_AT_decl_file
	.byte	11                              @ DW_FORM_data1
	.byte	59                              @ DW_AT_decl_line
	.byte	5                               @ DW_FORM_data2
	.byte	73                              @ DW_AT_type
	.byte	19                              @ DW_FORM_ref4
	.byte	0                               @ EOM(1)
	.byte	0                               @ EOM(2)
	.byte	23                              @ Abbreviation Code
	.byte	11                              @ DW_TAG_lexical_block
	.byte	1                               @ DW_CHILDREN_yes
	.byte	17                              @ DW_AT_low_pc
	.byte	1                               @ DW_FORM_addr
	.byte	18                              @ DW_AT_high_pc
	.byte	6                               @ DW_FORM_data4
	.byte	0                               @ EOM(1)
	.byte	0                               @ EOM(2)
	.byte	24                              @ Abbreviation Code
	.byte	46                              @ DW_TAG_subprogram
	.byte	0                               @ DW_CHILDREN_no
	.byte	17                              @ DW_AT_low_pc
	.byte	1                               @ DW_FORM_addr
	.byte	18                              @ DW_AT_high_pc
	.byte	6                               @ DW_FORM_data4
	.byte	64                              @ DW_AT_frame_base
	.byte	24                              @ DW_FORM_exprloc
	.byte	3                               @ DW_AT_name
	.byte	14                              @ DW_FORM_strp
	.byte	58                              @ DW_AT_decl_file
	.byte	11                              @ DW_FORM_data1
	.byte	59                              @ DW_AT_decl_line
	.byte	11                              @ DW_FORM_data1
	.byte	39                              @ DW_AT_prototyped
	.byte	25                              @ DW_FORM_flag_present
	.byte	63                              @ DW_AT_external
	.byte	25                              @ DW_FORM_flag_present
	.byte	0                               @ EOM(1)
	.byte	0                               @ EOM(2)
	.byte	25                              @ Abbreviation Code
	.byte	46                              @ DW_TAG_subprogram
	.byte	1                               @ DW_CHILDREN_yes
	.byte	3                               @ DW_AT_name
	.byte	14                              @ DW_FORM_strp
	.byte	58                              @ DW_AT_decl_file
	.byte	11                              @ DW_FORM_data1
	.byte	59                              @ DW_AT_decl_line
	.byte	5                               @ DW_FORM_data2
	.byte	39                              @ DW_AT_prototyped
	.byte	25                              @ DW_FORM_flag_present
	.byte	73                              @ DW_AT_type
	.byte	19                              @ DW_FORM_ref4
	.byte	32                              @ DW_AT_inline
	.byte	11                              @ DW_FORM_data1
	.byte	0                               @ EOM(1)
	.byte	0                               @ EOM(2)
	.byte	26                              @ Abbreviation Code
	.byte	5                               @ DW_TAG_formal_parameter
	.byte	0                               @ DW_CHILDREN_no
	.byte	3                               @ DW_AT_name
	.byte	14                              @ DW_FORM_strp
	.byte	58                              @ DW_AT_decl_file
	.byte	11                              @ DW_FORM_data1
	.byte	59                              @ DW_AT_decl_line
	.byte	5                               @ DW_FORM_data2
	.byte	73                              @ DW_AT_type
	.byte	19                              @ DW_FORM_ref4
	.byte	0                               @ EOM(1)
	.byte	0                               @ EOM(2)
	.byte	27                              @ Abbreviation Code
	.byte	52                              @ DW_TAG_variable
	.byte	0                               @ DW_CHILDREN_no
	.byte	2                               @ DW_AT_location
	.byte	24                              @ DW_FORM_exprloc
	.byte	3                               @ DW_AT_name
	.byte	14                              @ DW_FORM_strp
	.byte	58                              @ DW_AT_decl_file
	.byte	11                              @ DW_FORM_data1
	.byte	59                              @ DW_AT_decl_line
	.byte	11                              @ DW_FORM_data1
	.byte	73                              @ DW_AT_type
	.byte	19                              @ DW_FORM_ref4
	.byte	0                               @ EOM(1)
	.byte	0                               @ EOM(2)
	.byte	28                              @ Abbreviation Code
	.byte	29                              @ DW_TAG_inlined_subroutine
	.byte	1                               @ DW_CHILDREN_yes
	.byte	49                              @ DW_AT_abstract_origin
	.byte	19                              @ DW_FORM_ref4
	.byte	17                              @ DW_AT_low_pc
	.byte	1                               @ DW_FORM_addr
	.byte	18                              @ DW_AT_high_pc
	.byte	6                               @ DW_FORM_data4
	.byte	88                              @ DW_AT_call_file
	.byte	11                              @ DW_FORM_data1
	.byte	89                              @ DW_AT_call_line
	.byte	11                              @ DW_FORM_data1
	.byte	87                              @ DW_AT_call_column
	.byte	11                              @ DW_FORM_data1
	.byte	0                               @ EOM(1)
	.byte	0                               @ EOM(2)
	.byte	29                              @ Abbreviation Code
	.byte	5                               @ DW_TAG_formal_parameter
	.byte	0                               @ DW_CHILDREN_no
	.byte	2                               @ DW_AT_location
	.byte	24                              @ DW_FORM_exprloc
	.byte	49                              @ DW_AT_abstract_origin
	.byte	19                              @ DW_FORM_ref4
	.byte	0                               @ EOM(1)
	.byte	0                               @ EOM(2)
	.byte	30                              @ Abbreviation Code
	.byte	46                              @ DW_TAG_subprogram
	.byte	0                               @ DW_CHILDREN_no
	.byte	17                              @ DW_AT_low_pc
	.byte	1                               @ DW_FORM_addr
	.byte	18                              @ DW_AT_high_pc
	.byte	6                               @ DW_FORM_data4
	.byte	64                              @ DW_AT_frame_base
	.byte	24                              @ DW_FORM_exprloc
	.byte	3                               @ DW_AT_name
	.byte	14                              @ DW_FORM_strp
	.byte	58                              @ DW_AT_decl_file
	.byte	11                              @ DW_FORM_data1
	.byte	59                              @ DW_AT_decl_line
	.byte	5                               @ DW_FORM_data2
	.byte	39                              @ DW_AT_prototyped
	.byte	25                              @ DW_FORM_flag_present
	.byte	73                              @ DW_AT_type
	.byte	19                              @ DW_FORM_ref4
	.byte	63                              @ DW_AT_external
	.byte	25                              @ DW_FORM_flag_present
	.byte	0                               @ EOM(1)
	.byte	0                               @ EOM(2)
	.byte	31                              @ Abbreviation Code
	.byte	46                              @ DW_TAG_subprogram
	.byte	1                               @ DW_CHILDREN_yes
	.byte	17                              @ DW_AT_low_pc
	.byte	1                               @ DW_FORM_addr
	.byte	18                              @ DW_AT_high_pc
	.byte	6                               @ DW_FORM_data4
	.byte	64                              @ DW_AT_frame_base
	.byte	24                              @ DW_FORM_exprloc
	.byte	3                               @ DW_AT_name
	.byte	14                              @ DW_FORM_strp
	.byte	58                              @ DW_AT_decl_file
	.byte	11                              @ DW_FORM_data1
	.byte	59                              @ DW_AT_decl_line
	.byte	5                               @ DW_FORM_data2
	.byte	39                              @ DW_AT_prototyped
	.byte	25                              @ DW_FORM_flag_present
	.byte	73                              @ DW_AT_type
	.byte	19                              @ DW_FORM_ref4
	.byte	0                               @ EOM(1)
	.byte	0                               @ EOM(2)
	.byte	32                              @ Abbreviation Code
	.byte	29                              @ DW_TAG_inlined_subroutine
	.byte	1                               @ DW_CHILDREN_yes
	.byte	49                              @ DW_AT_abstract_origin
	.byte	19                              @ DW_FORM_ref4
	.byte	17                              @ DW_AT_low_pc
	.byte	1                               @ DW_FORM_addr
	.byte	18                              @ DW_AT_high_pc
	.byte	6                               @ DW_FORM_data4
	.byte	88                              @ DW_AT_call_file
	.byte	11                              @ DW_FORM_data1
	.byte	89                              @ DW_AT_call_line
	.byte	5                               @ DW_FORM_data2
	.byte	87                              @ DW_AT_call_column
	.byte	11                              @ DW_FORM_data1
	.byte	0                               @ EOM(1)
	.byte	0                               @ EOM(2)
	.byte	33                              @ Abbreviation Code
	.byte	53                              @ DW_TAG_volatile_type
	.byte	0                               @ DW_CHILDREN_no
	.byte	73                              @ DW_AT_type
	.byte	19                              @ DW_FORM_ref4
	.byte	0                               @ EOM(1)
	.byte	0                               @ EOM(2)
	.byte	0                               @ EOM(3)
	.section	.debug_info,"",%progbits
.Lcu_begin0:
	.long	.Ldebug_info_end0-.Ldebug_info_start0 @ Length of Unit
.Ldebug_info_start0:
	.short	4                               @ DWARF version number
	.long	.debug_abbrev                   @ Offset Into Abbrev. Section
	.byte	4                               @ Address Size (in bytes)
	.byte	1                               @ Abbrev [1] 0xb:0xa20 DW_TAG_compile_unit
	.long	.Linfo_string0                  @ DW_AT_producer
	.short	12                              @ DW_AT_language
	.long	.Linfo_string1                  @ DW_AT_name
	.long	.Lline_table_start0             @ DW_AT_stmt_list
	.long	.Linfo_string2                  @ DW_AT_comp_dir
	.long	0                               @ DW_AT_low_pc
	.long	.Ldebug_ranges0                 @ DW_AT_ranges
	.byte	2                               @ Abbrev [2] 0x26:0x11 DW_TAG_variable
	.long	.Linfo_string3                  @ DW_AT_name
	.long	55                              @ DW_AT_type
                                        @ DW_AT_external
	.byte	6                               @ DW_AT_decl_file
	.byte	18                              @ DW_AT_decl_line
	.byte	5                               @ DW_AT_location
	.byte	3
	.long	QEKF_INS
	.byte	3                               @ Abbrev [3] 0x37:0xb DW_TAG_typedef
	.long	66                              @ DW_AT_type
	.long	.Linfo_string115                @ DW_AT_name
	.byte	2                               @ DW_AT_decl_file
	.byte	70                              @ DW_AT_decl_line
	.byte	4                               @ Abbrev [4] 0x42:0x17d DW_TAG_structure_type
	.short	480                             @ DW_AT_byte_size
	.byte	2                               @ DW_AT_decl_file
	.byte	29                              @ DW_AT_decl_line
	.byte	5                               @ Abbrev [5] 0x47:0xc DW_TAG_member
	.long	.Linfo_string4                  @ DW_AT_name
	.long	447                             @ DW_AT_type
	.byte	2                               @ DW_AT_decl_file
	.byte	31                              @ DW_AT_decl_line
	.byte	0                               @ DW_AT_data_member_location
	.byte	5                               @ Abbrev [5] 0x53:0xc DW_TAG_member
	.long	.Linfo_string7                  @ DW_AT_name
	.long	465                             @ DW_AT_type
	.byte	2                               @ DW_AT_decl_file
	.byte	32                              @ DW_AT_decl_line
	.byte	4                               @ DW_AT_data_member_location
	.byte	6                               @ Abbrev [6] 0x5f:0xd DW_TAG_member
	.long	.Linfo_string84                 @ DW_AT_name
	.long	447                             @ DW_AT_type
	.byte	2                               @ DW_AT_decl_file
	.byte	33                              @ DW_AT_decl_line
	.short	312                             @ DW_AT_data_member_location
	.byte	6                               @ Abbrev [6] 0x6c:0xd DW_TAG_member
	.long	.Linfo_string85                 @ DW_AT_name
	.long	447                             @ DW_AT_type
	.byte	2                               @ DW_AT_decl_file
	.byte	34                              @ DW_AT_decl_line
	.short	313                             @ DW_AT_data_member_location
	.byte	6                               @ Abbrev [6] 0x79:0xd DW_TAG_member
	.long	.Linfo_string86                 @ DW_AT_name
	.long	1406                            @ DW_AT_type
	.byte	2                               @ DW_AT_decl_file
	.byte	35                              @ DW_AT_decl_line
	.short	320                             @ DW_AT_data_member_location
	.byte	6                               @ Abbrev [6] 0x86:0xd DW_TAG_member
	.long	.Linfo_string89                 @ DW_AT_name
	.long	1406                            @ DW_AT_type
	.byte	2                               @ DW_AT_decl_file
	.byte	36                              @ DW_AT_decl_line
	.short	328                             @ DW_AT_data_member_location
	.byte	6                               @ Abbrev [6] 0x93:0xd DW_TAG_member
	.long	.Linfo_string90                 @ DW_AT_name
	.long	1424                            @ DW_AT_type
	.byte	2                               @ DW_AT_decl_file
	.byte	38                              @ DW_AT_decl_line
	.short	336                             @ DW_AT_data_member_location
	.byte	6                               @ Abbrev [6] 0xa0:0xd DW_TAG_member
	.long	.Linfo_string92                 @ DW_AT_name
	.long	1443                            @ DW_AT_type
	.byte	2                               @ DW_AT_decl_file
	.byte	39                              @ DW_AT_decl_line
	.short	352                             @ DW_AT_data_member_location
	.byte	6                               @ Abbrev [6] 0xad:0xd DW_TAG_member
	.long	.Linfo_string93                 @ DW_AT_name
	.long	1443                            @ DW_AT_type
	.byte	2                               @ DW_AT_decl_file
	.byte	41                              @ DW_AT_decl_line
	.short	364                             @ DW_AT_data_member_location
	.byte	6                               @ Abbrev [6] 0xba:0xd DW_TAG_member
	.long	.Linfo_string94                 @ DW_AT_name
	.long	1443                            @ DW_AT_type
	.byte	2                               @ DW_AT_decl_file
	.byte	42                              @ DW_AT_decl_line
	.short	376                             @ DW_AT_data_member_location
	.byte	6                               @ Abbrev [6] 0xc7:0xd DW_TAG_member
	.long	.Linfo_string95                 @ DW_AT_name
	.long	1443                            @ DW_AT_type
	.byte	2                               @ DW_AT_decl_file
	.byte	44                              @ DW_AT_decl_line
	.short	388                             @ DW_AT_data_member_location
	.byte	6                               @ Abbrev [6] 0xd4:0xd DW_TAG_member
	.long	.Linfo_string96                 @ DW_AT_name
	.long	1272                            @ DW_AT_type
	.byte	2                               @ DW_AT_decl_file
	.byte	46                              @ DW_AT_decl_line
	.short	400                             @ DW_AT_data_member_location
	.byte	6                               @ Abbrev [6] 0xe1:0xd DW_TAG_member
	.long	.Linfo_string97                 @ DW_AT_name
	.long	1272                            @ DW_AT_type
	.byte	2                               @ DW_AT_decl_file
	.byte	47                              @ DW_AT_decl_line
	.short	404                             @ DW_AT_data_member_location
	.byte	6                               @ Abbrev [6] 0xee:0xd DW_TAG_member
	.long	.Linfo_string98                 @ DW_AT_name
	.long	1272                            @ DW_AT_type
	.byte	2                               @ DW_AT_decl_file
	.byte	48                              @ DW_AT_decl_line
	.short	408                             @ DW_AT_data_member_location
	.byte	6                               @ Abbrev [6] 0xfb:0xd DW_TAG_member
	.long	.Linfo_string99                 @ DW_AT_name
	.long	1272                            @ DW_AT_type
	.byte	2                               @ DW_AT_decl_file
	.byte	49                              @ DW_AT_decl_line
	.short	412                             @ DW_AT_data_member_location
	.byte	6                               @ Abbrev [6] 0x108:0xd DW_TAG_member
	.long	.Linfo_string100                @ DW_AT_name
	.long	1272                            @ DW_AT_type
	.byte	2                               @ DW_AT_decl_file
	.byte	51                              @ DW_AT_decl_line
	.short	416                             @ DW_AT_data_member_location
	.byte	6                               @ Abbrev [6] 0x115:0xd DW_TAG_member
	.long	.Linfo_string101                @ DW_AT_name
	.long	1272                            @ DW_AT_type
	.byte	2                               @ DW_AT_decl_file
	.byte	52                              @ DW_AT_decl_line
	.short	420                             @ DW_AT_data_member_location
	.byte	6                               @ Abbrev [6] 0x122:0xd DW_TAG_member
	.long	.Linfo_string102                @ DW_AT_name
	.long	1272                            @ DW_AT_type
	.byte	2                               @ DW_AT_decl_file
	.byte	53                              @ DW_AT_decl_line
	.short	424                             @ DW_AT_data_member_location
	.byte	6                               @ Abbrev [6] 0x12f:0xd DW_TAG_member
	.long	.Linfo_string103                @ DW_AT_name
	.long	1272                            @ DW_AT_type
	.byte	2                               @ DW_AT_decl_file
	.byte	55                              @ DW_AT_decl_line
	.short	428                             @ DW_AT_data_member_location
	.byte	6                               @ Abbrev [6] 0x13c:0xd DW_TAG_member
	.long	.Linfo_string104                @ DW_AT_name
	.long	1272                            @ DW_AT_type
	.byte	2                               @ DW_AT_decl_file
	.byte	57                              @ DW_AT_decl_line
	.short	432                             @ DW_AT_data_member_location
	.byte	6                               @ Abbrev [6] 0x149:0xd DW_TAG_member
	.long	.Linfo_string105                @ DW_AT_name
	.long	1272                            @ DW_AT_type
	.byte	2                               @ DW_AT_decl_file
	.byte	58                              @ DW_AT_decl_line
	.short	436                             @ DW_AT_data_member_location
	.byte	6                               @ Abbrev [6] 0x156:0xd DW_TAG_member
	.long	.Linfo_string46                 @ DW_AT_name
	.long	1272                            @ DW_AT_type
	.byte	2                               @ DW_AT_decl_file
	.byte	59                              @ DW_AT_decl_line
	.short	440                             @ DW_AT_data_member_location
	.byte	6                               @ Abbrev [6] 0x163:0xd DW_TAG_member
	.long	.Linfo_string106                @ DW_AT_name
	.long	1272                            @ DW_AT_type
	.byte	2                               @ DW_AT_decl_file
	.byte	61                              @ DW_AT_decl_line
	.short	444                             @ DW_AT_data_member_location
	.byte	6                               @ Abbrev [6] 0x170:0xd DW_TAG_member
	.long	.Linfo_string107                @ DW_AT_name
	.long	1284                            @ DW_AT_type
	.byte	2                               @ DW_AT_decl_file
	.byte	62                              @ DW_AT_decl_line
	.short	448                             @ DW_AT_data_member_location
	.byte	6                               @ Abbrev [6] 0x17d:0xd DW_TAG_member
	.long	.Linfo_string108                @ DW_AT_name
	.long	1455                            @ DW_AT_type
	.byte	2                               @ DW_AT_decl_file
	.byte	63                              @ DW_AT_decl_line
	.short	456                             @ DW_AT_data_member_location
	.byte	6                               @ Abbrev [6] 0x18a:0xd DW_TAG_member
	.long	.Linfo_string109                @ DW_AT_name
	.long	1272                            @ DW_AT_type
	.byte	2                               @ DW_AT_decl_file
	.byte	64                              @ DW_AT_decl_line
	.short	460                             @ DW_AT_data_member_location
	.byte	6                               @ Abbrev [6] 0x197:0xd DW_TAG_member
	.long	.Linfo_string110                @ DW_AT_name
	.long	1272                            @ DW_AT_type
	.byte	2                               @ DW_AT_decl_file
	.byte	65                              @ DW_AT_decl_line
	.short	464                             @ DW_AT_data_member_location
	.byte	6                               @ Abbrev [6] 0x1a4:0xd DW_TAG_member
	.long	.Linfo_string111                @ DW_AT_name
	.long	1467                            @ DW_AT_type
	.byte	2                               @ DW_AT_decl_file
	.byte	67                              @ DW_AT_decl_line
	.short	468                             @ DW_AT_data_member_location
	.byte	6                               @ Abbrev [6] 0x1b1:0xd DW_TAG_member
	.long	.Linfo_string114                @ DW_AT_name
	.long	1272                            @ DW_AT_type
	.byte	2                               @ DW_AT_decl_file
	.byte	69                              @ DW_AT_decl_line
	.short	472                             @ DW_AT_data_member_location
	.byte	0                               @ End Of Children Mark
	.byte	3                               @ Abbrev [3] 0x1bf:0xb DW_TAG_typedef
	.long	458                             @ DW_AT_type
	.long	.Linfo_string6                  @ DW_AT_name
	.byte	1                               @ DW_AT_decl_file
	.byte	62                              @ DW_AT_decl_line
	.byte	7                               @ Abbrev [7] 0x1ca:0x7 DW_TAG_base_type
	.long	.Linfo_string5                  @ DW_AT_name
	.byte	8                               @ DW_AT_encoding
	.byte	1                               @ DW_AT_byte_size
	.byte	3                               @ Abbrev [3] 0x1d1:0xb DW_TAG_typedef
	.long	476                             @ DW_AT_type
	.long	.Linfo_string83                 @ DW_AT_name
	.byte	3                               @ DW_AT_decl_file
	.byte	104                             @ DW_AT_decl_line
	.byte	8                               @ Abbrev [8] 0x1dc:0x317 DW_TAG_structure_type
	.long	.Linfo_string82                 @ DW_AT_name
	.short	308                             @ DW_AT_byte_size
	.byte	3                               @ DW_AT_decl_file
	.byte	44                              @ DW_AT_decl_line
	.byte	5                               @ Abbrev [5] 0x1e5:0xc DW_TAG_member
	.long	.Linfo_string8                  @ DW_AT_name
	.long	1267                            @ DW_AT_type
	.byte	3                               @ DW_AT_decl_file
	.byte	46                              @ DW_AT_decl_line
	.byte	0                               @ DW_AT_data_member_location
	.byte	5                               @ Abbrev [5] 0x1f1:0xc DW_TAG_member
	.long	.Linfo_string10                 @ DW_AT_name
	.long	1267                            @ DW_AT_type
	.byte	3                               @ DW_AT_decl_file
	.byte	47                              @ DW_AT_decl_line
	.byte	4                               @ DW_AT_data_member_location
	.byte	5                               @ Abbrev [5] 0x1fd:0xc DW_TAG_member
	.long	.Linfo_string11                 @ DW_AT_name
	.long	1267                            @ DW_AT_type
	.byte	3                               @ DW_AT_decl_file
	.byte	48                              @ DW_AT_decl_line
	.byte	8                               @ DW_AT_data_member_location
	.byte	5                               @ Abbrev [5] 0x209:0xc DW_TAG_member
	.long	.Linfo_string12                 @ DW_AT_name
	.long	447                             @ DW_AT_type
	.byte	3                               @ DW_AT_decl_file
	.byte	50                              @ DW_AT_decl_line
	.byte	12                              @ DW_AT_data_member_location
	.byte	5                               @ Abbrev [5] 0x215:0xc DW_TAG_member
	.long	.Linfo_string13                 @ DW_AT_name
	.long	447                             @ DW_AT_type
	.byte	3                               @ DW_AT_decl_file
	.byte	51                              @ DW_AT_decl_line
	.byte	13                              @ DW_AT_data_member_location
	.byte	5                               @ Abbrev [5] 0x221:0xc DW_TAG_member
	.long	.Linfo_string14                 @ DW_AT_name
	.long	447                             @ DW_AT_type
	.byte	3                               @ DW_AT_decl_file
	.byte	52                              @ DW_AT_decl_line
	.byte	14                              @ DW_AT_data_member_location
	.byte	5                               @ Abbrev [5] 0x22d:0xc DW_TAG_member
	.long	.Linfo_string15                 @ DW_AT_name
	.long	447                             @ DW_AT_type
	.byte	3                               @ DW_AT_decl_file
	.byte	54                              @ DW_AT_decl_line
	.byte	15                              @ DW_AT_data_member_location
	.byte	5                               @ Abbrev [5] 0x239:0xc DW_TAG_member
	.long	.Linfo_string16                 @ DW_AT_name
	.long	447                             @ DW_AT_type
	.byte	3                               @ DW_AT_decl_file
	.byte	55                              @ DW_AT_decl_line
	.byte	16                              @ DW_AT_data_member_location
	.byte	5                               @ Abbrev [5] 0x245:0xc DW_TAG_member
	.long	.Linfo_string17                 @ DW_AT_name
	.long	1279                            @ DW_AT_type
	.byte	3                               @ DW_AT_decl_file
	.byte	57                              @ DW_AT_decl_line
	.byte	20                              @ DW_AT_data_member_location
	.byte	5                               @ Abbrev [5] 0x251:0xc DW_TAG_member
	.long	.Linfo_string18                 @ DW_AT_name
	.long	1267                            @ DW_AT_type
	.byte	3                               @ DW_AT_decl_file
	.byte	58                              @ DW_AT_decl_line
	.byte	24                              @ DW_AT_data_member_location
	.byte	5                               @ Abbrev [5] 0x25d:0xc DW_TAG_member
	.long	.Linfo_string19                 @ DW_AT_name
	.long	1267                            @ DW_AT_type
	.byte	3                               @ DW_AT_decl_file
	.byte	59                              @ DW_AT_decl_line
	.byte	28                              @ DW_AT_data_member_location
	.byte	5                               @ Abbrev [5] 0x269:0xc DW_TAG_member
	.long	.Linfo_string20                 @ DW_AT_name
	.long	1267                            @ DW_AT_type
	.byte	3                               @ DW_AT_decl_file
	.byte	60                              @ DW_AT_decl_line
	.byte	32                              @ DW_AT_data_member_location
	.byte	5                               @ Abbrev [5] 0x275:0xc DW_TAG_member
	.long	.Linfo_string21                 @ DW_AT_name
	.long	1279                            @ DW_AT_type
	.byte	3                               @ DW_AT_decl_file
	.byte	61                              @ DW_AT_decl_line
	.byte	36                              @ DW_AT_data_member_location
	.byte	5                               @ Abbrev [5] 0x281:0xc DW_TAG_member
	.long	.Linfo_string22                 @ DW_AT_name
	.long	447                             @ DW_AT_type
	.byte	3                               @ DW_AT_decl_file
	.byte	64                              @ DW_AT_decl_line
	.byte	40                              @ DW_AT_data_member_location
	.byte	5                               @ Abbrev [5] 0x28d:0xc DW_TAG_member
	.long	.Linfo_string23                 @ DW_AT_name
	.long	447                             @ DW_AT_type
	.byte	3                               @ DW_AT_decl_file
	.byte	64                              @ DW_AT_decl_line
	.byte	41                              @ DW_AT_data_member_location
	.byte	5                               @ Abbrev [5] 0x299:0xc DW_TAG_member
	.long	.Linfo_string24                 @ DW_AT_name
	.long	447                             @ DW_AT_type
	.byte	3                               @ DW_AT_decl_file
	.byte	64                              @ DW_AT_decl_line
	.byte	42                              @ DW_AT_data_member_location
	.byte	5                               @ Abbrev [5] 0x2a5:0xc DW_TAG_member
	.long	.Linfo_string25                 @ DW_AT_name
	.long	447                             @ DW_AT_type
	.byte	3                               @ DW_AT_decl_file
	.byte	64                              @ DW_AT_decl_line
	.byte	43                              @ DW_AT_data_member_location
	.byte	5                               @ Abbrev [5] 0x2b1:0xc DW_TAG_member
	.long	.Linfo_string26                 @ DW_AT_name
	.long	447                             @ DW_AT_type
	.byte	3                               @ DW_AT_decl_file
	.byte	64                              @ DW_AT_decl_line
	.byte	44                              @ DW_AT_data_member_location
	.byte	5                               @ Abbrev [5] 0x2bd:0xc DW_TAG_member
	.long	.Linfo_string27                 @ DW_AT_name
	.long	1284                            @ DW_AT_type
	.byte	3                               @ DW_AT_decl_file
	.byte	67                              @ DW_AT_decl_line
	.byte	48                              @ DW_AT_data_member_location
	.byte	5                               @ Abbrev [5] 0x2c9:0xc DW_TAG_member
	.long	.Linfo_string35                 @ DW_AT_name
	.long	1284                            @ DW_AT_type
	.byte	3                               @ DW_AT_decl_file
	.byte	68                              @ DW_AT_decl_line
	.byte	56                              @ DW_AT_data_member_location
	.byte	5                               @ Abbrev [5] 0x2d5:0xc DW_TAG_member
	.long	.Linfo_string36                 @ DW_AT_name
	.long	1284                            @ DW_AT_type
	.byte	3                               @ DW_AT_decl_file
	.byte	69                              @ DW_AT_decl_line
	.byte	64                              @ DW_AT_data_member_location
	.byte	5                               @ Abbrev [5] 0x2e1:0xc DW_TAG_member
	.long	.Linfo_string37                 @ DW_AT_name
	.long	1284                            @ DW_AT_type
	.byte	3                               @ DW_AT_decl_file
	.byte	70                              @ DW_AT_decl_line
	.byte	72                              @ DW_AT_data_member_location
	.byte	5                               @ Abbrev [5] 0x2ed:0xc DW_TAG_member
	.long	.Linfo_string38                 @ DW_AT_name
	.long	1284                            @ DW_AT_type
	.byte	3                               @ DW_AT_decl_file
	.byte	71                              @ DW_AT_decl_line
	.byte	80                              @ DW_AT_data_member_location
	.byte	5                               @ Abbrev [5] 0x2f9:0xc DW_TAG_member
	.long	.Linfo_string39                 @ DW_AT_name
	.long	1284                            @ DW_AT_type
	.byte	3                               @ DW_AT_decl_file
	.byte	72                              @ DW_AT_decl_line
	.byte	88                              @ DW_AT_data_member_location
	.byte	5                               @ Abbrev [5] 0x305:0xc DW_TAG_member
	.long	.Linfo_string40                 @ DW_AT_name
	.long	1284                            @ DW_AT_type
	.byte	3                               @ DW_AT_decl_file
	.byte	73                              @ DW_AT_decl_line
	.byte	96                              @ DW_AT_data_member_location
	.byte	5                               @ Abbrev [5] 0x311:0xc DW_TAG_member
	.long	.Linfo_string41                 @ DW_AT_name
	.long	1284                            @ DW_AT_type
	.byte	3                               @ DW_AT_decl_file
	.byte	73                              @ DW_AT_decl_line
	.byte	104                             @ DW_AT_data_member_location
	.byte	5                               @ Abbrev [5] 0x31d:0xc DW_TAG_member
	.long	.Linfo_string42                 @ DW_AT_name
	.long	1284                            @ DW_AT_type
	.byte	3                               @ DW_AT_decl_file
	.byte	74                              @ DW_AT_decl_line
	.byte	112                             @ DW_AT_data_member_location
	.byte	5                               @ Abbrev [5] 0x329:0xc DW_TAG_member
	.long	.Linfo_string43                 @ DW_AT_name
	.long	1284                            @ DW_AT_type
	.byte	3                               @ DW_AT_decl_file
	.byte	75                              @ DW_AT_decl_line
	.byte	120                             @ DW_AT_data_member_location
	.byte	5                               @ Abbrev [5] 0x335:0xc DW_TAG_member
	.long	.Linfo_string44                 @ DW_AT_name
	.long	1284                            @ DW_AT_type
	.byte	3                               @ DW_AT_decl_file
	.byte	75                              @ DW_AT_decl_line
	.byte	128                             @ DW_AT_data_member_location
	.byte	5                               @ Abbrev [5] 0x341:0xc DW_TAG_member
	.long	.Linfo_string45                 @ DW_AT_name
	.long	1284                            @ DW_AT_type
	.byte	3                               @ DW_AT_decl_file
	.byte	76                              @ DW_AT_decl_line
	.byte	136                             @ DW_AT_data_member_location
	.byte	5                               @ Abbrev [5] 0x34d:0xc DW_TAG_member
	.long	.Linfo_string46                 @ DW_AT_name
	.long	1284                            @ DW_AT_type
	.byte	3                               @ DW_AT_decl_file
	.byte	77                              @ DW_AT_decl_line
	.byte	144                             @ DW_AT_data_member_location
	.byte	5                               @ Abbrev [5] 0x359:0xc DW_TAG_member
	.long	.Linfo_string47                 @ DW_AT_name
	.long	1284                            @ DW_AT_type
	.byte	3                               @ DW_AT_decl_file
	.byte	78                              @ DW_AT_decl_line
	.byte	152                             @ DW_AT_data_member_location
	.byte	5                               @ Abbrev [5] 0x365:0xc DW_TAG_member
	.long	.Linfo_string48                 @ DW_AT_name
	.long	1284                            @ DW_AT_type
	.byte	3                               @ DW_AT_decl_file
	.byte	79                              @ DW_AT_decl_line
	.byte	160                             @ DW_AT_data_member_location
	.byte	5                               @ Abbrev [5] 0x371:0xc DW_TAG_member
	.long	.Linfo_string49                 @ DW_AT_name
	.long	1284                            @ DW_AT_type
	.byte	3                               @ DW_AT_decl_file
	.byte	79                              @ DW_AT_decl_line
	.byte	168                             @ DW_AT_data_member_location
	.byte	5                               @ Abbrev [5] 0x37d:0xc DW_TAG_member
	.long	.Linfo_string50                 @ DW_AT_name
	.long	1284                            @ DW_AT_type
	.byte	3                               @ DW_AT_decl_file
	.byte	79                              @ DW_AT_decl_line
	.byte	176                             @ DW_AT_data_member_location
	.byte	5                               @ Abbrev [5] 0x389:0xc DW_TAG_member
	.long	.Linfo_string51                 @ DW_AT_name
	.long	1284                            @ DW_AT_type
	.byte	3                               @ DW_AT_decl_file
	.byte	79                              @ DW_AT_decl_line
	.byte	184                             @ DW_AT_data_member_location
	.byte	5                               @ Abbrev [5] 0x395:0xc DW_TAG_member
	.long	.Linfo_string52                 @ DW_AT_name
	.long	1284                            @ DW_AT_type
	.byte	3                               @ DW_AT_decl_file
	.byte	79                              @ DW_AT_decl_line
	.byte	192                             @ DW_AT_data_member_location
	.byte	5                               @ Abbrev [5] 0x3a1:0xc DW_TAG_member
	.long	.Linfo_string53                 @ DW_AT_name
	.long	1371                            @ DW_AT_type
	.byte	3                               @ DW_AT_decl_file
	.byte	81                              @ DW_AT_decl_line
	.byte	200                             @ DW_AT_data_member_location
	.byte	5                               @ Abbrev [5] 0x3ad:0xc DW_TAG_member
	.long	.Linfo_string56                 @ DW_AT_name
	.long	1389                            @ DW_AT_type
	.byte	3                               @ DW_AT_decl_file
	.byte	84                              @ DW_AT_decl_line
	.byte	204                             @ DW_AT_data_member_location
	.byte	5                               @ Abbrev [5] 0x3b9:0xc DW_TAG_member
	.long	.Linfo_string57                 @ DW_AT_name
	.long	1389                            @ DW_AT_type
	.byte	3                               @ DW_AT_decl_file
	.byte	85                              @ DW_AT_decl_line
	.byte	208                             @ DW_AT_data_member_location
	.byte	5                               @ Abbrev [5] 0x3c5:0xc DW_TAG_member
	.long	.Linfo_string58                 @ DW_AT_name
	.long	1389                            @ DW_AT_type
	.byte	3                               @ DW_AT_decl_file
	.byte	86                              @ DW_AT_decl_line
	.byte	212                             @ DW_AT_data_member_location
	.byte	5                               @ Abbrev [5] 0x3d1:0xc DW_TAG_member
	.long	.Linfo_string59                 @ DW_AT_name
	.long	1389                            @ DW_AT_type
	.byte	3                               @ DW_AT_decl_file
	.byte	87                              @ DW_AT_decl_line
	.byte	216                             @ DW_AT_data_member_location
	.byte	5                               @ Abbrev [5] 0x3dd:0xc DW_TAG_member
	.long	.Linfo_string60                 @ DW_AT_name
	.long	1389                            @ DW_AT_type
	.byte	3                               @ DW_AT_decl_file
	.byte	88                              @ DW_AT_decl_line
	.byte	220                             @ DW_AT_data_member_location
	.byte	5                               @ Abbrev [5] 0x3e9:0xc DW_TAG_member
	.long	.Linfo_string61                 @ DW_AT_name
	.long	1389                            @ DW_AT_type
	.byte	3                               @ DW_AT_decl_file
	.byte	89                              @ DW_AT_decl_line
	.byte	224                             @ DW_AT_data_member_location
	.byte	5                               @ Abbrev [5] 0x3f5:0xc DW_TAG_member
	.long	.Linfo_string62                 @ DW_AT_name
	.long	1389                            @ DW_AT_type
	.byte	3                               @ DW_AT_decl_file
	.byte	90                              @ DW_AT_decl_line
	.byte	228                             @ DW_AT_data_member_location
	.byte	5                               @ Abbrev [5] 0x401:0xc DW_TAG_member
	.long	.Linfo_string63                 @ DW_AT_name
	.long	1267                            @ DW_AT_type
	.byte	3                               @ DW_AT_decl_file
	.byte	93                              @ DW_AT_decl_line
	.byte	232                             @ DW_AT_data_member_location
	.byte	5                               @ Abbrev [5] 0x40d:0xc DW_TAG_member
	.long	.Linfo_string64                 @ DW_AT_name
	.long	1267                            @ DW_AT_type
	.byte	3                               @ DW_AT_decl_file
	.byte	93                              @ DW_AT_decl_line
	.byte	236                             @ DW_AT_data_member_location
	.byte	5                               @ Abbrev [5] 0x419:0xc DW_TAG_member
	.long	.Linfo_string65                 @ DW_AT_name
	.long	1267                            @ DW_AT_type
	.byte	3                               @ DW_AT_decl_file
	.byte	94                              @ DW_AT_decl_line
	.byte	240                             @ DW_AT_data_member_location
	.byte	5                               @ Abbrev [5] 0x425:0xc DW_TAG_member
	.long	.Linfo_string66                 @ DW_AT_name
	.long	1267                            @ DW_AT_type
	.byte	3                               @ DW_AT_decl_file
	.byte	95                              @ DW_AT_decl_line
	.byte	244                             @ DW_AT_data_member_location
	.byte	5                               @ Abbrev [5] 0x431:0xc DW_TAG_member
	.long	.Linfo_string67                 @ DW_AT_name
	.long	1267                            @ DW_AT_type
	.byte	3                               @ DW_AT_decl_file
	.byte	96                              @ DW_AT_decl_line
	.byte	248                             @ DW_AT_data_member_location
	.byte	5                               @ Abbrev [5] 0x43d:0xc DW_TAG_member
	.long	.Linfo_string68                 @ DW_AT_name
	.long	1267                            @ DW_AT_type
	.byte	3                               @ DW_AT_decl_file
	.byte	96                              @ DW_AT_decl_line
	.byte	252                             @ DW_AT_data_member_location
	.byte	6                               @ Abbrev [6] 0x449:0xd DW_TAG_member
	.long	.Linfo_string69                 @ DW_AT_name
	.long	1267                            @ DW_AT_type
	.byte	3                               @ DW_AT_decl_file
	.byte	97                              @ DW_AT_decl_line
	.short	256                             @ DW_AT_data_member_location
	.byte	6                               @ Abbrev [6] 0x456:0xd DW_TAG_member
	.long	.Linfo_string70                 @ DW_AT_name
	.long	1267                            @ DW_AT_type
	.byte	3                               @ DW_AT_decl_file
	.byte	97                              @ DW_AT_decl_line
	.short	260                             @ DW_AT_data_member_location
	.byte	6                               @ Abbrev [6] 0x463:0xd DW_TAG_member
	.long	.Linfo_string71                 @ DW_AT_name
	.long	1267                            @ DW_AT_type
	.byte	3                               @ DW_AT_decl_file
	.byte	98                              @ DW_AT_decl_line
	.short	264                             @ DW_AT_data_member_location
	.byte	6                               @ Abbrev [6] 0x470:0xd DW_TAG_member
	.long	.Linfo_string72                 @ DW_AT_name
	.long	1267                            @ DW_AT_type
	.byte	3                               @ DW_AT_decl_file
	.byte	99                              @ DW_AT_decl_line
	.short	268                             @ DW_AT_data_member_location
	.byte	6                               @ Abbrev [6] 0x47d:0xd DW_TAG_member
	.long	.Linfo_string73                 @ DW_AT_name
	.long	1267                            @ DW_AT_type
	.byte	3                               @ DW_AT_decl_file
	.byte	99                              @ DW_AT_decl_line
	.short	272                             @ DW_AT_data_member_location
	.byte	6                               @ Abbrev [6] 0x48a:0xd DW_TAG_member
	.long	.Linfo_string74                 @ DW_AT_name
	.long	1267                            @ DW_AT_type
	.byte	3                               @ DW_AT_decl_file
	.byte	100                             @ DW_AT_decl_line
	.short	276                             @ DW_AT_data_member_location
	.byte	6                               @ Abbrev [6] 0x497:0xd DW_TAG_member
	.long	.Linfo_string75                 @ DW_AT_name
	.long	1267                            @ DW_AT_type
	.byte	3                               @ DW_AT_decl_file
	.byte	101                             @ DW_AT_decl_line
	.short	280                             @ DW_AT_data_member_location
	.byte	6                               @ Abbrev [6] 0x4a4:0xd DW_TAG_member
	.long	.Linfo_string76                 @ DW_AT_name
	.long	1267                            @ DW_AT_type
	.byte	3                               @ DW_AT_decl_file
	.byte	102                             @ DW_AT_decl_line
	.short	284                             @ DW_AT_data_member_location
	.byte	6                               @ Abbrev [6] 0x4b1:0xd DW_TAG_member
	.long	.Linfo_string77                 @ DW_AT_name
	.long	1267                            @ DW_AT_type
	.byte	3                               @ DW_AT_decl_file
	.byte	103                             @ DW_AT_decl_line
	.short	288                             @ DW_AT_data_member_location
	.byte	6                               @ Abbrev [6] 0x4be:0xd DW_TAG_member
	.long	.Linfo_string78                 @ DW_AT_name
	.long	1267                            @ DW_AT_type
	.byte	3                               @ DW_AT_decl_file
	.byte	103                             @ DW_AT_decl_line
	.short	292                             @ DW_AT_data_member_location
	.byte	6                               @ Abbrev [6] 0x4cb:0xd DW_TAG_member
	.long	.Linfo_string79                 @ DW_AT_name
	.long	1267                            @ DW_AT_type
	.byte	3                               @ DW_AT_decl_file
	.byte	103                             @ DW_AT_decl_line
	.short	296                             @ DW_AT_data_member_location
	.byte	6                               @ Abbrev [6] 0x4d8:0xd DW_TAG_member
	.long	.Linfo_string80                 @ DW_AT_name
	.long	1267                            @ DW_AT_type
	.byte	3                               @ DW_AT_decl_file
	.byte	103                             @ DW_AT_decl_line
	.short	300                             @ DW_AT_data_member_location
	.byte	6                               @ Abbrev [6] 0x4e5:0xd DW_TAG_member
	.long	.Linfo_string81                 @ DW_AT_name
	.long	1267                            @ DW_AT_type
	.byte	3                               @ DW_AT_decl_file
	.byte	103                             @ DW_AT_decl_line
	.short	304                             @ DW_AT_data_member_location
	.byte	0                               @ End Of Children Mark
	.byte	9                               @ Abbrev [9] 0x4f3:0x5 DW_TAG_pointer_type
	.long	1272                            @ DW_AT_type
	.byte	7                               @ Abbrev [7] 0x4f8:0x7 DW_TAG_base_type
	.long	.Linfo_string9                  @ DW_AT_name
	.byte	4                               @ DW_AT_encoding
	.byte	4                               @ DW_AT_byte_size
	.byte	9                               @ Abbrev [9] 0x4ff:0x5 DW_TAG_pointer_type
	.long	447                             @ DW_AT_type
	.byte	3                               @ Abbrev [3] 0x504:0xb DW_TAG_typedef
	.long	1295                            @ DW_AT_type
	.long	.Linfo_string34                 @ DW_AT_name
	.byte	4                               @ DW_AT_decl_file
	.byte	123                             @ DW_AT_decl_line
	.byte	10                              @ Abbrev [10] 0x50f:0x29 DW_TAG_structure_type
	.byte	8                               @ DW_AT_byte_size
	.byte	4                               @ DW_AT_decl_file
	.byte	118                             @ DW_AT_decl_line
	.byte	5                               @ Abbrev [5] 0x513:0xc DW_TAG_member
	.long	.Linfo_string28                 @ DW_AT_name
	.long	1336                            @ DW_AT_type
	.byte	4                               @ DW_AT_decl_file
	.byte	120                             @ DW_AT_decl_line
	.byte	0                               @ DW_AT_data_member_location
	.byte	5                               @ Abbrev [5] 0x51f:0xc DW_TAG_member
	.long	.Linfo_string31                 @ DW_AT_name
	.long	1336                            @ DW_AT_type
	.byte	4                               @ DW_AT_decl_file
	.byte	121                             @ DW_AT_decl_line
	.byte	2                               @ DW_AT_data_member_location
	.byte	5                               @ Abbrev [5] 0x52b:0xc DW_TAG_member
	.long	.Linfo_string32                 @ DW_AT_name
	.long	1354                            @ DW_AT_type
	.byte	4                               @ DW_AT_decl_file
	.byte	122                             @ DW_AT_decl_line
	.byte	4                               @ DW_AT_data_member_location
	.byte	0                               @ End Of Children Mark
	.byte	3                               @ Abbrev [3] 0x538:0xb DW_TAG_typedef
	.long	1347                            @ DW_AT_type
	.long	.Linfo_string30                 @ DW_AT_name
	.byte	1                               @ DW_AT_decl_file
	.byte	63                              @ DW_AT_decl_line
	.byte	7                               @ Abbrev [7] 0x543:0x7 DW_TAG_base_type
	.long	.Linfo_string29                 @ DW_AT_name
	.byte	7                               @ DW_AT_encoding
	.byte	2                               @ DW_AT_byte_size
	.byte	9                               @ Abbrev [9] 0x54a:0x5 DW_TAG_pointer_type
	.long	1359                            @ DW_AT_type
	.byte	11                              @ Abbrev [11] 0x54f:0xc DW_TAG_typedef
	.long	1272                            @ DW_AT_type
	.long	.Linfo_string33                 @ DW_AT_name
	.byte	5                               @ DW_AT_decl_file
	.short	334                             @ DW_AT_decl_line
	.byte	3                               @ Abbrev [3] 0x55b:0xb DW_TAG_typedef
	.long	1382                            @ DW_AT_type
	.long	.Linfo_string55                 @ DW_AT_name
	.byte	1                               @ DW_AT_decl_file
	.byte	56                              @ DW_AT_decl_line
	.byte	7                               @ Abbrev [7] 0x566:0x7 DW_TAG_base_type
	.long	.Linfo_string54                 @ DW_AT_name
	.byte	6                               @ DW_AT_encoding
	.byte	1                               @ DW_AT_byte_size
	.byte	9                               @ Abbrev [9] 0x56d:0x5 DW_TAG_pointer_type
	.long	1394                            @ DW_AT_type
	.byte	12                              @ Abbrev [12] 0x572:0x7 DW_TAG_subroutine_type
                                        @ DW_AT_prototyped
	.byte	13                              @ Abbrev [13] 0x573:0x5 DW_TAG_formal_parameter
	.long	1401                            @ DW_AT_type
	.byte	0                               @ End Of Children Mark
	.byte	9                               @ Abbrev [9] 0x579:0x5 DW_TAG_pointer_type
	.long	476                             @ DW_AT_type
	.byte	3                               @ Abbrev [3] 0x57e:0xb DW_TAG_typedef
	.long	1417                            @ DW_AT_type
	.long	.Linfo_string88                 @ DW_AT_name
	.byte	1                               @ DW_AT_decl_file
	.byte	65                              @ DW_AT_decl_line
	.byte	7                               @ Abbrev [7] 0x589:0x7 DW_TAG_base_type
	.long	.Linfo_string87                 @ DW_AT_name
	.byte	7                               @ DW_AT_encoding
	.byte	8                               @ DW_AT_byte_size
	.byte	14                              @ Abbrev [14] 0x590:0xc DW_TAG_array_type
	.long	1272                            @ DW_AT_type
	.byte	15                              @ Abbrev [15] 0x595:0x6 DW_TAG_subrange_type
	.long	1436                            @ DW_AT_type
	.byte	4                               @ DW_AT_count
	.byte	0                               @ End Of Children Mark
	.byte	16                              @ Abbrev [16] 0x59c:0x7 DW_TAG_base_type
	.long	.Linfo_string91                 @ DW_AT_name
	.byte	8                               @ DW_AT_byte_size
	.byte	7                               @ DW_AT_encoding
	.byte	14                              @ Abbrev [14] 0x5a3:0xc DW_TAG_array_type
	.long	1272                            @ DW_AT_type
	.byte	15                              @ Abbrev [15] 0x5a8:0x6 DW_TAG_subrange_type
	.long	1436                            @ DW_AT_type
	.byte	3                               @ DW_AT_count
	.byte	0                               @ End Of Children Mark
	.byte	14                              @ Abbrev [14] 0x5af:0xc DW_TAG_array_type
	.long	1272                            @ DW_AT_type
	.byte	15                              @ Abbrev [15] 0x5b4:0x6 DW_TAG_subrange_type
	.long	1436                            @ DW_AT_type
	.byte	1                               @ DW_AT_count
	.byte	0                               @ End Of Children Mark
	.byte	3                               @ Abbrev [3] 0x5bb:0xb DW_TAG_typedef
	.long	1478                            @ DW_AT_type
	.long	.Linfo_string113                @ DW_AT_name
	.byte	1                               @ DW_AT_decl_file
	.byte	57                              @ DW_AT_decl_line
	.byte	7                               @ Abbrev [7] 0x5c6:0x7 DW_TAG_base_type
	.long	.Linfo_string112                @ DW_AT_name
	.byte	5                               @ DW_AT_encoding
	.byte	2                               @ DW_AT_byte_size
	.byte	2                               @ Abbrev [2] 0x5cd:0x11 DW_TAG_variable
	.long	.Linfo_string116                @ DW_AT_name
	.long	1502                            @ DW_AT_type
                                        @ DW_AT_external
	.byte	6                               @ DW_AT_decl_file
	.byte	20                              @ DW_AT_decl_line
	.byte	5                               @ DW_AT_location
	.byte	3
	.long	IMU_QuaternionEKF_F
	.byte	14                              @ Abbrev [14] 0x5de:0xc DW_TAG_array_type
	.long	1514                            @ DW_AT_type
	.byte	15                              @ Abbrev [15] 0x5e3:0x6 DW_TAG_subrange_type
	.long	1436                            @ DW_AT_type
	.byte	36                              @ DW_AT_count
	.byte	0                               @ End Of Children Mark
	.byte	17                              @ Abbrev [17] 0x5ea:0x5 DW_TAG_const_type
	.long	1272                            @ DW_AT_type
	.byte	2                               @ Abbrev [2] 0x5ef:0x11 DW_TAG_variable
	.long	.Linfo_string117                @ DW_AT_name
	.long	1502                            @ DW_AT_type
                                        @ DW_AT_external
	.byte	6                               @ DW_AT_decl_file
	.byte	27                              @ DW_AT_decl_line
	.byte	5                               @ DW_AT_location
	.byte	3
	.long	IMU_QuaternionEKF_P_Const
	.byte	2                               @ Abbrev [2] 0x600:0x11 DW_TAG_variable
	.long	.Linfo_string118                @ DW_AT_name
	.long	1553                            @ DW_AT_type
                                        @ DW_AT_external
	.byte	6                               @ DW_AT_decl_file
	.byte	34                              @ DW_AT_decl_line
	.byte	5                               @ DW_AT_location
	.byte	3
	.long	IMU_QuaternionEKF_P
	.byte	14                              @ Abbrev [14] 0x611:0xc DW_TAG_array_type
	.long	1272                            @ DW_AT_type
	.byte	15                              @ Abbrev [15] 0x616:0x6 DW_TAG_subrange_type
	.long	1436                            @ DW_AT_type
	.byte	36                              @ DW_AT_count
	.byte	0                               @ End Of Children Mark
	.byte	2                               @ Abbrev [2] 0x61d:0x11 DW_TAG_variable
	.long	.Linfo_string119                @ DW_AT_name
	.long	1582                            @ DW_AT_type
                                        @ DW_AT_external
	.byte	6                               @ DW_AT_decl_file
	.byte	40                              @ DW_AT_decl_line
	.byte	5                               @ DW_AT_location
	.byte	3
	.long	IMU_QuaternionEKF_K
	.byte	14                              @ Abbrev [14] 0x62e:0xc DW_TAG_array_type
	.long	1272                            @ DW_AT_type
	.byte	15                              @ Abbrev [15] 0x633:0x6 DW_TAG_subrange_type
	.long	1436                            @ DW_AT_type
	.byte	18                              @ DW_AT_count
	.byte	0                               @ End Of Children Mark
	.byte	2                               @ Abbrev [2] 0x63a:0x11 DW_TAG_variable
	.long	.Linfo_string120                @ DW_AT_name
	.long	1582                            @ DW_AT_type
                                        @ DW_AT_external
	.byte	6                               @ DW_AT_decl_file
	.byte	41                              @ DW_AT_decl_line
	.byte	5                               @ DW_AT_location
	.byte	3
	.long	IMU_QuaternionEKF_H
	.byte	18                              @ Abbrev [18] 0x64b:0x66 DW_TAG_subprogram
	.long	.Lfunc_begin0                   @ DW_AT_low_pc
	.long	.Lfunc_end0-.Lfunc_begin0       @ DW_AT_high_pc
	.byte	1                               @ DW_AT_frame_base
	.byte	93
	.long	.Linfo_string123                @ DW_AT_name
	.byte	6                               @ DW_AT_decl_file
	.byte	57                              @ DW_AT_decl_line
                                        @ DW_AT_prototyped
                                        @ DW_AT_external
	.byte	19                              @ Abbrev [19] 0x65c:0xe DW_TAG_formal_parameter
	.byte	2                               @ DW_AT_location
	.byte	145
	.byte	44
	.long	.Linfo_string134                @ DW_AT_name
	.byte	6                               @ DW_AT_decl_file
	.byte	57                              @ DW_AT_decl_line
	.long	1272                            @ DW_AT_type
	.byte	19                              @ Abbrev [19] 0x66a:0xe DW_TAG_formal_parameter
	.byte	2                               @ DW_AT_location
	.byte	145
	.byte	40
	.long	.Linfo_string135                @ DW_AT_name
	.byte	6                               @ DW_AT_decl_file
	.byte	57                              @ DW_AT_decl_line
	.long	1272                            @ DW_AT_type
	.byte	19                              @ Abbrev [19] 0x678:0xe DW_TAG_formal_parameter
	.byte	2                               @ DW_AT_location
	.byte	145
	.byte	36
	.long	.Linfo_string136                @ DW_AT_name
	.byte	6                               @ DW_AT_decl_file
	.byte	57                              @ DW_AT_decl_line
	.long	1272                            @ DW_AT_type
	.byte	19                              @ Abbrev [19] 0x686:0xe DW_TAG_formal_parameter
	.byte	2                               @ DW_AT_location
	.byte	145
	.byte	32
	.long	.Linfo_string110                @ DW_AT_name
	.byte	6                               @ DW_AT_decl_file
	.byte	57                              @ DW_AT_decl_line
	.long	1272                            @ DW_AT_type
	.byte	19                              @ Abbrev [19] 0x694:0xe DW_TAG_formal_parameter
	.byte	2                               @ DW_AT_location
	.byte	145
	.byte	28
	.long	.Linfo_string106                @ DW_AT_name
	.byte	6                               @ DW_AT_decl_file
	.byte	57                              @ DW_AT_decl_line
	.long	1272                            @ DW_AT_type
	.byte	19                              @ Abbrev [19] 0x6a2:0xe DW_TAG_formal_parameter
	.byte	2                               @ DW_AT_location
	.byte	145
	.byte	24
	.long	.Linfo_string137                @ DW_AT_name
	.byte	6                               @ DW_AT_decl_file
	.byte	57                              @ DW_AT_decl_line
	.long	1272                            @ DW_AT_type
	.byte	0                               @ End Of Children Mark
	.byte	20                              @ Abbrev [20] 0x6b1:0x22 DW_TAG_subprogram
	.long	.Lfunc_begin1                   @ DW_AT_low_pc
	.long	.Lfunc_end1-.Lfunc_begin1       @ DW_AT_high_pc
	.byte	1                               @ DW_AT_frame_base
	.byte	93
	.long	.Linfo_string124                @ DW_AT_name
	.byte	6                               @ DW_AT_decl_file
	.short	498                             @ DW_AT_decl_line
                                        @ DW_AT_prototyped
	.byte	21                              @ Abbrev [21] 0x6c3:0xf DW_TAG_formal_parameter
	.byte	2                               @ DW_AT_location
	.byte	145
	.byte	4
	.long	.Linfo_string138                @ DW_AT_name
	.byte	6                               @ DW_AT_decl_file
	.short	498                             @ DW_AT_decl_line
	.long	2592                            @ DW_AT_type
	.byte	0                               @ End Of Children Mark
	.byte	20                              @ Abbrev [20] 0x6d3:0x86 DW_TAG_subprogram
	.long	.Lfunc_begin2                   @ DW_AT_low_pc
	.long	.Lfunc_end2-.Lfunc_begin2       @ DW_AT_high_pc
	.byte	1                               @ DW_AT_frame_base
	.byte	93
	.long	.Linfo_string125                @ DW_AT_name
	.byte	6                               @ DW_AT_decl_file
	.short	256                             @ DW_AT_decl_line
                                        @ DW_AT_prototyped
	.byte	21                              @ Abbrev [21] 0x6e5:0xf DW_TAG_formal_parameter
	.byte	2                               @ DW_AT_location
	.byte	145
	.byte	36
	.long	.Linfo_string138                @ DW_AT_name
	.byte	6                               @ DW_AT_decl_file
	.short	256                             @ DW_AT_decl_line
	.long	2592                            @ DW_AT_type
	.byte	22                              @ Abbrev [22] 0x6f4:0xf DW_TAG_variable
	.byte	2                               @ DW_AT_location
	.byte	145
	.byte	32
	.long	.Linfo_string139                @ DW_AT_name
	.byte	6                               @ DW_AT_decl_file
	.short	258                             @ DW_AT_decl_line
	.long	2597                            @ DW_AT_type
	.byte	22                              @ Abbrev [22] 0x703:0xf DW_TAG_variable
	.byte	2                               @ DW_AT_location
	.byte	145
	.byte	28
	.long	.Linfo_string140                @ DW_AT_name
	.byte	6                               @ DW_AT_decl_file
	.short	258                             @ DW_AT_decl_line
	.long	2597                            @ DW_AT_type
	.byte	22                              @ Abbrev [22] 0x712:0xf DW_TAG_variable
	.byte	2                               @ DW_AT_location
	.byte	145
	.byte	24
	.long	.Linfo_string141                @ DW_AT_name
	.byte	6                               @ DW_AT_decl_file
	.short	258                             @ DW_AT_decl_line
	.long	2597                            @ DW_AT_type
	.byte	22                              @ Abbrev [22] 0x721:0xf DW_TAG_variable
	.byte	2                               @ DW_AT_location
	.byte	145
	.byte	20
	.long	.Linfo_string142                @ DW_AT_name
	.byte	6                               @ DW_AT_decl_file
	.short	258                             @ DW_AT_decl_line
	.long	2597                            @ DW_AT_type
	.byte	22                              @ Abbrev [22] 0x730:0xf DW_TAG_variable
	.byte	2                               @ DW_AT_location
	.byte	145
	.byte	16
	.long	.Linfo_string143                @ DW_AT_name
	.byte	6                               @ DW_AT_decl_file
	.short	259                             @ DW_AT_decl_line
	.long	2597                            @ DW_AT_type
	.byte	23                              @ Abbrev [23] 0x73f:0x19 DW_TAG_lexical_block
	.long	.Ltmp9                          @ DW_AT_low_pc
	.long	.Ltmp14-.Ltmp9                  @ DW_AT_high_pc
	.byte	22                              @ Abbrev [22] 0x748:0xf DW_TAG_variable
	.byte	2                               @ DW_AT_location
	.byte	145
	.byte	15
	.long	.Linfo_string144                @ DW_AT_name
	.byte	6                               @ DW_AT_decl_file
	.short	268                             @ DW_AT_decl_line
	.long	447                             @ DW_AT_type
	.byte	0                               @ End Of Children Mark
	.byte	0                               @ End Of Children Mark
	.byte	20                              @ Abbrev [20] 0x759:0x5e DW_TAG_subprogram
	.long	.Lfunc_begin3                   @ DW_AT_low_pc
	.long	.Lfunc_end3-.Lfunc_begin3       @ DW_AT_high_pc
	.byte	1                               @ DW_AT_frame_base
	.byte	93
	.long	.Linfo_string126                @ DW_AT_name
	.byte	6                               @ DW_AT_decl_file
	.short	313                             @ DW_AT_decl_line
                                        @ DW_AT_prototyped
	.byte	21                              @ Abbrev [21] 0x76b:0xf DW_TAG_formal_parameter
	.byte	2                               @ DW_AT_location
	.byte	145
	.byte	20
	.long	.Linfo_string138                @ DW_AT_name
	.byte	6                               @ DW_AT_decl_file
	.short	313                             @ DW_AT_decl_line
	.long	2592                            @ DW_AT_type
	.byte	22                              @ Abbrev [22] 0x77a:0xf DW_TAG_variable
	.byte	2                               @ DW_AT_location
	.byte	145
	.byte	16
	.long	.Linfo_string145                @ DW_AT_name
	.byte	6                               @ DW_AT_decl_file
	.short	315                             @ DW_AT_decl_line
	.long	2597                            @ DW_AT_type
	.byte	22                              @ Abbrev [22] 0x789:0xf DW_TAG_variable
	.byte	2                               @ DW_AT_location
	.byte	145
	.byte	12
	.long	.Linfo_string146                @ DW_AT_name
	.byte	6                               @ DW_AT_decl_file
	.short	315                             @ DW_AT_decl_line
	.long	2597                            @ DW_AT_type
	.byte	22                              @ Abbrev [22] 0x798:0xf DW_TAG_variable
	.byte	2                               @ DW_AT_location
	.byte	145
	.byte	8
	.long	.Linfo_string147                @ DW_AT_name
	.byte	6                               @ DW_AT_decl_file
	.short	315                             @ DW_AT_decl_line
	.long	2597                            @ DW_AT_type
	.byte	22                              @ Abbrev [22] 0x7a7:0xf DW_TAG_variable
	.byte	2                               @ DW_AT_location
	.byte	145
	.byte	4
	.long	.Linfo_string148                @ DW_AT_name
	.byte	6                               @ DW_AT_decl_file
	.short	315                             @ DW_AT_decl_line
	.long	2597                            @ DW_AT_type
	.byte	0                               @ End Of Children Mark
	.byte	20                              @ Abbrev [20] 0x7b7:0xdb DW_TAG_subprogram
	.long	.Lfunc_begin4                   @ DW_AT_low_pc
	.long	.Lfunc_end4-.Lfunc_begin4       @ DW_AT_high_pc
	.byte	1                               @ DW_AT_frame_base
	.byte	93
	.long	.Linfo_string127                @ DW_AT_name
	.byte	6                               @ DW_AT_decl_file
	.short	353                             @ DW_AT_decl_line
                                        @ DW_AT_prototyped
	.byte	21                              @ Abbrev [21] 0x7c9:0xf DW_TAG_formal_parameter
	.byte	2                               @ DW_AT_location
	.byte	145
	.byte	44
	.long	.Linfo_string138                @ DW_AT_name
	.byte	6                               @ DW_AT_decl_file
	.short	353                             @ DW_AT_decl_line
	.long	2592                            @ DW_AT_type
	.byte	22                              @ Abbrev [22] 0x7d8:0xf DW_TAG_variable
	.byte	2                               @ DW_AT_location
	.byte	145
	.byte	40
	.long	.Linfo_string139                @ DW_AT_name
	.byte	6                               @ DW_AT_decl_file
	.short	355                             @ DW_AT_decl_line
	.long	2597                            @ DW_AT_type
	.byte	22                              @ Abbrev [22] 0x7e7:0xf DW_TAG_variable
	.byte	2                               @ DW_AT_location
	.byte	145
	.byte	36
	.long	.Linfo_string140                @ DW_AT_name
	.byte	6                               @ DW_AT_decl_file
	.short	355                             @ DW_AT_decl_line
	.long	2597                            @ DW_AT_type
	.byte	22                              @ Abbrev [22] 0x7f6:0xf DW_TAG_variable
	.byte	2                               @ DW_AT_location
	.byte	145
	.byte	32
	.long	.Linfo_string141                @ DW_AT_name
	.byte	6                               @ DW_AT_decl_file
	.short	355                             @ DW_AT_decl_line
	.long	2597                            @ DW_AT_type
	.byte	22                              @ Abbrev [22] 0x805:0xf DW_TAG_variable
	.byte	2                               @ DW_AT_location
	.byte	145
	.byte	28
	.long	.Linfo_string142                @ DW_AT_name
	.byte	6                               @ DW_AT_decl_file
	.short	355                             @ DW_AT_decl_line
	.long	2597                            @ DW_AT_type
	.byte	23                              @ Abbrev [23] 0x814:0x19 DW_TAG_lexical_block
	.long	.Ltmp27                         @ DW_AT_low_pc
	.long	.Ltmp32-.Ltmp27                 @ DW_AT_high_pc
	.byte	22                              @ Abbrev [22] 0x81d:0xf DW_TAG_variable
	.byte	2                               @ DW_AT_location
	.byte	145
	.byte	27
	.long	.Linfo_string144                @ DW_AT_name
	.byte	6                               @ DW_AT_decl_file
	.short	382                             @ DW_AT_decl_line
	.long	447                             @ DW_AT_type
	.byte	0                               @ End Of Children Mark
	.byte	23                              @ Abbrev [23] 0x82d:0x19 DW_TAG_lexical_block
	.long	.Ltmp53                         @ DW_AT_low_pc
	.long	.Ltmp58-.Ltmp53                 @ DW_AT_high_pc
	.byte	22                              @ Abbrev [22] 0x836:0xf DW_TAG_variable
	.byte	2                               @ DW_AT_location
	.byte	145
	.byte	26
	.long	.Linfo_string144                @ DW_AT_name
	.byte	6                               @ DW_AT_decl_file
	.short	456                             @ DW_AT_decl_line
	.long	447                             @ DW_AT_type
	.byte	0                               @ End Of Children Mark
	.byte	23                              @ Abbrev [23] 0x846:0x32 DW_TAG_lexical_block
	.long	.Ltmp59                         @ DW_AT_low_pc
	.long	.Ltmp69-.Ltmp59                 @ DW_AT_high_pc
	.byte	22                              @ Abbrev [22] 0x84f:0xf DW_TAG_variable
	.byte	2                               @ DW_AT_location
	.byte	145
	.byte	25
	.long	.Linfo_string144                @ DW_AT_name
	.byte	6                               @ DW_AT_decl_file
	.short	460                             @ DW_AT_decl_line
	.long	447                             @ DW_AT_type
	.byte	23                              @ Abbrev [23] 0x85e:0x19 DW_TAG_lexical_block
	.long	.Ltmp62                         @ DW_AT_low_pc
	.long	.Ltmp67-.Ltmp62                 @ DW_AT_high_pc
	.byte	22                              @ Abbrev [22] 0x867:0xf DW_TAG_variable
	.byte	2                               @ DW_AT_location
	.byte	145
	.byte	24
	.long	.Linfo_string149                @ DW_AT_name
	.byte	6                               @ DW_AT_decl_file
	.short	462                             @ DW_AT_decl_line
	.long	447                             @ DW_AT_type
	.byte	0                               @ End Of Children Mark
	.byte	0                               @ End Of Children Mark
	.byte	23                              @ Abbrev [23] 0x878:0x19 DW_TAG_lexical_block
	.long	.Ltmp72                         @ DW_AT_low_pc
	.long	.Ltmp83-.Ltmp72                 @ DW_AT_high_pc
	.byte	22                              @ Abbrev [22] 0x881:0xf DW_TAG_variable
	.byte	2                               @ DW_AT_location
	.byte	145
	.byte	23
	.long	.Linfo_string144                @ DW_AT_name
	.byte	6                               @ DW_AT_decl_file
	.short	475                             @ DW_AT_decl_line
	.long	447                             @ DW_AT_type
	.byte	0                               @ End Of Children Mark
	.byte	0                               @ End Of Children Mark
	.byte	24                              @ Abbrev [24] 0x892:0x11 DW_TAG_subprogram
	.long	.Lfunc_begin5                   @ DW_AT_low_pc
	.long	.Lfunc_end5-.Lfunc_begin5       @ DW_AT_high_pc
	.byte	1                               @ DW_AT_frame_base
	.byte	93
	.long	.Linfo_string128                @ DW_AT_name
	.byte	6                               @ DW_AT_decl_file
	.byte	99                              @ DW_AT_decl_line
                                        @ DW_AT_prototyped
                                        @ DW_AT_external
	.byte	25                              @ Abbrev [25] 0x8a3:0x1a DW_TAG_subprogram
	.long	.Linfo_string121                @ DW_AT_name
	.byte	7                               @ DW_AT_decl_file
	.short	414                             @ DW_AT_decl_line
                                        @ DW_AT_prototyped
	.long	1272                            @ DW_AT_type
	.byte	1                               @ DW_AT_inline
	.byte	26                              @ Abbrev [26] 0x8b0:0xc DW_TAG_formal_parameter
	.long	.Linfo_string122                @ DW_AT_name
	.byte	7                               @ DW_AT_decl_file
	.short	414                             @ DW_AT_decl_line
	.long	1272                            @ DW_AT_type
	.byte	0                               @ End Of Children Mark
	.byte	18                              @ Abbrev [18] 0x8bd:0xd2 DW_TAG_subprogram
	.long	.Lfunc_begin6                   @ DW_AT_low_pc
	.long	.Lfunc_end6-.Lfunc_begin6       @ DW_AT_high_pc
	.byte	1                               @ DW_AT_frame_base
	.byte	93
	.long	.Linfo_string129                @ DW_AT_name
	.byte	6                               @ DW_AT_decl_file
	.byte	126                             @ DW_AT_decl_line
                                        @ DW_AT_prototyped
                                        @ DW_AT_external
	.byte	19                              @ Abbrev [19] 0x8ce:0xe DW_TAG_formal_parameter
	.byte	2                               @ DW_AT_location
	.byte	145
	.byte	60
	.long	.Linfo_string150                @ DW_AT_name
	.byte	6                               @ DW_AT_decl_file
	.byte	126                             @ DW_AT_decl_line
	.long	1272                            @ DW_AT_type
	.byte	19                              @ Abbrev [19] 0x8dc:0xe DW_TAG_formal_parameter
	.byte	2                               @ DW_AT_location
	.byte	145
	.byte	56
	.long	.Linfo_string151                @ DW_AT_name
	.byte	6                               @ DW_AT_decl_file
	.byte	126                             @ DW_AT_decl_line
	.long	1272                            @ DW_AT_type
	.byte	19                              @ Abbrev [19] 0x8ea:0xe DW_TAG_formal_parameter
	.byte	2                               @ DW_AT_location
	.byte	145
	.byte	52
	.long	.Linfo_string152                @ DW_AT_name
	.byte	6                               @ DW_AT_decl_file
	.byte	126                             @ DW_AT_decl_line
	.long	1272                            @ DW_AT_type
	.byte	19                              @ Abbrev [19] 0x8f8:0xe DW_TAG_formal_parameter
	.byte	2                               @ DW_AT_location
	.byte	145
	.byte	48
	.long	.Linfo_string153                @ DW_AT_name
	.byte	6                               @ DW_AT_decl_file
	.byte	126                             @ DW_AT_decl_line
	.long	1272                            @ DW_AT_type
	.byte	19                              @ Abbrev [19] 0x906:0xe DW_TAG_formal_parameter
	.byte	2                               @ DW_AT_location
	.byte	145
	.byte	44
	.long	.Linfo_string154                @ DW_AT_name
	.byte	6                               @ DW_AT_decl_file
	.byte	126                             @ DW_AT_decl_line
	.long	1272                            @ DW_AT_type
	.byte	19                              @ Abbrev [19] 0x914:0xe DW_TAG_formal_parameter
	.byte	2                               @ DW_AT_location
	.byte	145
	.byte	40
	.long	.Linfo_string155                @ DW_AT_name
	.byte	6                               @ DW_AT_decl_file
	.byte	126                             @ DW_AT_decl_line
	.long	1272                            @ DW_AT_type
	.byte	27                              @ Abbrev [27] 0x922:0xe DW_TAG_variable
	.byte	2                               @ DW_AT_location
	.byte	145
	.byte	36
	.long	.Linfo_string156                @ DW_AT_name
	.byte	6                               @ DW_AT_decl_file
	.byte	129                             @ DW_AT_decl_line
	.long	2597                            @ DW_AT_type
	.byte	27                              @ Abbrev [27] 0x930:0xe DW_TAG_variable
	.byte	2                               @ DW_AT_location
	.byte	145
	.byte	32
	.long	.Linfo_string157                @ DW_AT_name
	.byte	6                               @ DW_AT_decl_file
	.byte	129                             @ DW_AT_decl_line
	.long	2597                            @ DW_AT_type
	.byte	27                              @ Abbrev [27] 0x93e:0xe DW_TAG_variable
	.byte	2                               @ DW_AT_location
	.byte	145
	.byte	28
	.long	.Linfo_string158                @ DW_AT_name
	.byte	6                               @ DW_AT_decl_file
	.byte	129                             @ DW_AT_decl_line
	.long	2597                            @ DW_AT_type
	.byte	27                              @ Abbrev [27] 0x94c:0xe DW_TAG_variable
	.byte	2                               @ DW_AT_location
	.byte	145
	.byte	24
	.long	.Linfo_string159                @ DW_AT_name
	.byte	6                               @ DW_AT_decl_file
	.byte	130                             @ DW_AT_decl_line
	.long	2597                            @ DW_AT_type
	.byte	28                              @ Abbrev [28] 0x95a:0x1a DW_TAG_inlined_subroutine
	.long	2211                            @ DW_AT_abstract_origin
	.long	.Ltmp94                         @ DW_AT_low_pc
	.long	.Ltmp95-.Ltmp94                 @ DW_AT_high_pc
	.byte	6                               @ DW_AT_call_file
	.byte	184                             @ DW_AT_call_line
	.byte	23                              @ DW_AT_call_column
	.byte	29                              @ Abbrev [29] 0x96a:0x9 DW_TAG_formal_parameter
	.byte	3                               @ DW_AT_location
	.byte	145
	.asciz	"\304"
	.long	2224                            @ DW_AT_abstract_origin
	.byte	0                               @ End Of Children Mark
	.byte	28                              @ Abbrev [28] 0x974:0x1a DW_TAG_inlined_subroutine
	.long	2211                            @ DW_AT_abstract_origin
	.long	.Ltmp96                         @ DW_AT_low_pc
	.long	.Ltmp97-.Ltmp96                 @ DW_AT_high_pc
	.byte	6                               @ DW_AT_call_file
	.byte	193                             @ DW_AT_call_line
	.byte	26                              @ DW_AT_call_column
	.byte	29                              @ Abbrev [29] 0x984:0x9 DW_TAG_formal_parameter
	.byte	3                               @ DW_AT_location
	.byte	145
	.asciz	"\300"
	.long	2224                            @ DW_AT_abstract_origin
	.byte	0                               @ End Of Children Mark
	.byte	0                               @ End Of Children Mark
	.byte	30                              @ Abbrev [30] 0x98f:0x16 DW_TAG_subprogram
	.long	.Lfunc_begin7                   @ DW_AT_low_pc
	.long	.Lfunc_end7-.Lfunc_begin7       @ DW_AT_high_pc
	.byte	1                               @ DW_AT_frame_base
	.byte	93
	.long	.Linfo_string130                @ DW_AT_name
	.byte	6                               @ DW_AT_decl_file
	.short	505                             @ DW_AT_decl_line
                                        @ DW_AT_prototyped
	.long	1272                            @ DW_AT_type
                                        @ DW_AT_external
	.byte	30                              @ Abbrev [30] 0x9a5:0x16 DW_TAG_subprogram
	.long	.Lfunc_begin8                   @ DW_AT_low_pc
	.long	.Lfunc_end8-.Lfunc_begin8       @ DW_AT_high_pc
	.byte	1                               @ DW_AT_frame_base
	.byte	93
	.long	.Linfo_string131                @ DW_AT_name
	.byte	6                               @ DW_AT_decl_file
	.short	510                             @ DW_AT_decl_line
                                        @ DW_AT_prototyped
	.long	1272                            @ DW_AT_type
                                        @ DW_AT_external
	.byte	30                              @ Abbrev [30] 0x9bb:0x16 DW_TAG_subprogram
	.long	.Lfunc_begin9                   @ DW_AT_low_pc
	.long	.Lfunc_end9-.Lfunc_begin9       @ DW_AT_high_pc
	.byte	1                               @ DW_AT_frame_base
	.byte	93
	.long	.Linfo_string132                @ DW_AT_name
	.byte	6                               @ DW_AT_decl_file
	.short	515                             @ DW_AT_decl_line
                                        @ DW_AT_prototyped
	.long	1272                            @ DW_AT_type
                                        @ DW_AT_external
	.byte	31                              @ Abbrev [31] 0x9d1:0x4f DW_TAG_subprogram
	.long	.Lfunc_begin10                  @ DW_AT_low_pc
	.long	.Lfunc_end10-.Lfunc_begin10     @ DW_AT_high_pc
	.byte	1                               @ DW_AT_frame_base
	.byte	93
	.long	.Linfo_string133                @ DW_AT_name
	.byte	6                               @ DW_AT_decl_file
	.short	525                             @ DW_AT_decl_line
                                        @ DW_AT_prototyped
	.long	1272                            @ DW_AT_type
	.byte	21                              @ Abbrev [21] 0x9e7:0xf DW_TAG_formal_parameter
	.byte	2                               @ DW_AT_location
	.byte	145
	.byte	4
	.long	.Linfo_string160                @ DW_AT_name
	.byte	6                               @ DW_AT_decl_file
	.short	525                             @ DW_AT_decl_line
	.long	1272                            @ DW_AT_type
	.byte	22                              @ Abbrev [22] 0x9f6:0xf DW_TAG_variable
	.byte	2                               @ DW_AT_location
	.byte	145
	.byte	0
	.long	.Linfo_string161                @ DW_AT_name
	.byte	6                               @ DW_AT_decl_file
	.short	527                             @ DW_AT_decl_line
	.long	2597                            @ DW_AT_type
	.byte	32                              @ Abbrev [32] 0xa05:0x1a DW_TAG_inlined_subroutine
	.long	2211                            @ DW_AT_abstract_origin
	.long	.Ltmp116                        @ DW_AT_low_pc
	.long	.Ltmp117-.Ltmp116               @ DW_AT_high_pc
	.byte	6                               @ DW_AT_call_file
	.short	528                             @ DW_AT_call_line
	.byte	9                               @ DW_AT_call_column
	.byte	29                              @ Abbrev [29] 0xa16:0x8 DW_TAG_formal_parameter
	.byte	2                               @ DW_AT_location
	.byte	145
	.byte	8
	.long	2224                            @ DW_AT_abstract_origin
	.byte	0                               @ End Of Children Mark
	.byte	0                               @ End Of Children Mark
	.byte	9                               @ Abbrev [9] 0xa20:0x5 DW_TAG_pointer_type
	.long	465                             @ DW_AT_type
	.byte	33                              @ Abbrev [33] 0xa25:0x5 DW_TAG_volatile_type
	.long	1272                            @ DW_AT_type
	.byte	0                               @ End Of Children Mark
.Ldebug_info_end0:
	.section	.debug_ranges,"",%progbits
.Ldebug_ranges0:
	.long	.Lfunc_begin0
	.long	.Lfunc_end0
	.long	.Lfunc_begin1
	.long	.Lfunc_end1
	.long	.Lfunc_begin2
	.long	.Lfunc_end2
	.long	.Lfunc_begin3
	.long	.Lfunc_end3
	.long	.Lfunc_begin4
	.long	.Lfunc_end4
	.long	.Lfunc_begin5
	.long	.Lfunc_end5
	.long	.Lfunc_begin6
	.long	.Lfunc_end6
	.long	.Lfunc_begin7
	.long	.Lfunc_end7
	.long	.Lfunc_begin8
	.long	.Lfunc_end8
	.long	.Lfunc_begin9
	.long	.Lfunc_end9
	.long	.Lfunc_begin10
	.long	.Lfunc_end10
	.long	0
	.long	0
	.section	.debug_str,"MS",%progbits,1
.Linfo_string0:
	.asciz	"Component: Arm Compiler for Embedded 6.24 Tool: armclang [5f371800]" @ string offset=0
.Linfo_string1:
	.asciz	"../app/src\\QuaternionEKF.c"   @ string offset=68
.Linfo_string2:
	.asciz	"D:\\RM_projects\\h7_final_4\\MDK-ARM" @ string offset=95
.Linfo_string3:
	.asciz	"QEKF_INS"                      @ string offset=129
.Linfo_string4:
	.asciz	"Initialized"                   @ string offset=138
.Linfo_string5:
	.asciz	"unsigned char"                 @ string offset=150
.Linfo_string6:
	.asciz	"uint8_t"                       @ string offset=164
.Linfo_string7:
	.asciz	"IMU_QuaternionEKF"             @ string offset=172
.Linfo_string8:
	.asciz	"FilteredValue"                 @ string offset=190
.Linfo_string9:
	.asciz	"float"                         @ string offset=204
.Linfo_string10:
	.asciz	"MeasuredVector"                @ string offset=210
.Linfo_string11:
	.asciz	"ControlVector"                 @ string offset=225
.Linfo_string12:
	.asciz	"xhatSize"                      @ string offset=239
.Linfo_string13:
	.asciz	"uSize"                         @ string offset=248
.Linfo_string14:
	.asciz	"zSize"                         @ string offset=254
.Linfo_string15:
	.asciz	"UseAutoAdjustment"             @ string offset=260
.Linfo_string16:
	.asciz	"MeasurementValidNum"           @ string offset=278
.Linfo_string17:
	.asciz	"MeasurementMap"                @ string offset=298
.Linfo_string18:
	.asciz	"MeasurementDegree"             @ string offset=313
.Linfo_string19:
	.asciz	"MatR_DiagonalElements"         @ string offset=331
.Linfo_string20:
	.asciz	"StateMinVariance"              @ string offset=353
.Linfo_string21:
	.asciz	"temp"                          @ string offset=370
.Linfo_string22:
	.asciz	"SkipEq1"                       @ string offset=375
.Linfo_string23:
	.asciz	"SkipEq2"                       @ string offset=383
.Linfo_string24:
	.asciz	"SkipEq3"                       @ string offset=391
.Linfo_string25:
	.asciz	"SkipEq4"                       @ string offset=399
.Linfo_string26:
	.asciz	"SkipEq5"                       @ string offset=407
.Linfo_string27:
	.asciz	"xhat"                          @ string offset=415
.Linfo_string28:
	.asciz	"numRows"                       @ string offset=420
.Linfo_string29:
	.asciz	"unsigned short"                @ string offset=428
.Linfo_string30:
	.asciz	"uint16_t"                      @ string offset=443
.Linfo_string31:
	.asciz	"numCols"                       @ string offset=452
.Linfo_string32:
	.asciz	"pData"                         @ string offset=460
.Linfo_string33:
	.asciz	"float32_t"                     @ string offset=466
.Linfo_string34:
	.asciz	"arm_matrix_instance_f32"       @ string offset=476
.Linfo_string35:
	.asciz	"xhatminus"                     @ string offset=500
.Linfo_string36:
	.asciz	"u"                             @ string offset=510
.Linfo_string37:
	.asciz	"z"                             @ string offset=512
.Linfo_string38:
	.asciz	"P"                             @ string offset=514
.Linfo_string39:
	.asciz	"Pminus"                        @ string offset=516
.Linfo_string40:
	.asciz	"F"                             @ string offset=523
.Linfo_string41:
	.asciz	"FT"                            @ string offset=525
.Linfo_string42:
	.asciz	"B"                             @ string offset=528
.Linfo_string43:
	.asciz	"H"                             @ string offset=530
.Linfo_string44:
	.asciz	"HT"                            @ string offset=532
.Linfo_string45:
	.asciz	"Q"                             @ string offset=535
.Linfo_string46:
	.asciz	"R"                             @ string offset=537
.Linfo_string47:
	.asciz	"K"                             @ string offset=539
.Linfo_string48:
	.asciz	"S"                             @ string offset=541
.Linfo_string49:
	.asciz	"temp_matrix"                   @ string offset=543
.Linfo_string50:
	.asciz	"temp_matrix1"                  @ string offset=555
.Linfo_string51:
	.asciz	"temp_vector"                   @ string offset=568
.Linfo_string52:
	.asciz	"temp_vector1"                  @ string offset=580
.Linfo_string53:
	.asciz	"MatStatus"                     @ string offset=593
.Linfo_string54:
	.asciz	"signed char"                   @ string offset=603
.Linfo_string55:
	.asciz	"int8_t"                        @ string offset=615
.Linfo_string56:
	.asciz	"User_Func0_f"                  @ string offset=622
.Linfo_string57:
	.asciz	"User_Func1_f"                  @ string offset=635
.Linfo_string58:
	.asciz	"User_Func2_f"                  @ string offset=648
.Linfo_string59:
	.asciz	"User_Func3_f"                  @ string offset=661
.Linfo_string60:
	.asciz	"User_Func4_f"                  @ string offset=674
.Linfo_string61:
	.asciz	"User_Func5_f"                  @ string offset=687
.Linfo_string62:
	.asciz	"User_Func6_f"                  @ string offset=700
.Linfo_string63:
	.asciz	"xhat_data"                     @ string offset=713
.Linfo_string64:
	.asciz	"xhatminus_data"                @ string offset=723
.Linfo_string65:
	.asciz	"u_data"                        @ string offset=738
.Linfo_string66:
	.asciz	"z_data"                        @ string offset=745
.Linfo_string67:
	.asciz	"P_data"                        @ string offset=752
.Linfo_string68:
	.asciz	"Pminus_data"                   @ string offset=759
.Linfo_string69:
	.asciz	"F_data"                        @ string offset=771
.Linfo_string70:
	.asciz	"FT_data"                       @ string offset=778
.Linfo_string71:
	.asciz	"B_data"                        @ string offset=786
.Linfo_string72:
	.asciz	"H_data"                        @ string offset=793
.Linfo_string73:
	.asciz	"HT_data"                       @ string offset=800
.Linfo_string74:
	.asciz	"Q_data"                        @ string offset=808
.Linfo_string75:
	.asciz	"R_data"                        @ string offset=815
.Linfo_string76:
	.asciz	"K_data"                        @ string offset=822
.Linfo_string77:
	.asciz	"S_data"                        @ string offset=829
.Linfo_string78:
	.asciz	"temp_matrix_data"              @ string offset=836
.Linfo_string79:
	.asciz	"temp_matrix_data1"             @ string offset=853
.Linfo_string80:
	.asciz	"temp_vector_data"              @ string offset=871
.Linfo_string81:
	.asciz	"temp_vector_data1"             @ string offset=888
.Linfo_string82:
	.asciz	"kf_t"                          @ string offset=906
.Linfo_string83:
	.asciz	"KalmanFilter_t"                @ string offset=911
.Linfo_string84:
	.asciz	"ConvergeFlag"                  @ string offset=926
.Linfo_string85:
	.asciz	"StableFlag"                    @ string offset=939
.Linfo_string86:
	.asciz	"ErrorCount"                    @ string offset=950
.Linfo_string87:
	.asciz	"unsigned long long"            @ string offset=961
.Linfo_string88:
	.asciz	"uint64_t"                      @ string offset=980
.Linfo_string89:
	.asciz	"UpdateCount"                   @ string offset=989
.Linfo_string90:
	.asciz	"q"                             @ string offset=1001
.Linfo_string91:
	.asciz	"__ARRAY_SIZE_TYPE__"           @ string offset=1003
.Linfo_string92:
	.asciz	"GyroBias"                      @ string offset=1023
.Linfo_string93:
	.asciz	"Gyro"                          @ string offset=1032
.Linfo_string94:
	.asciz	"Accel"                         @ string offset=1037
.Linfo_string95:
	.asciz	"OrientationCosine"             @ string offset=1043
.Linfo_string96:
	.asciz	"accLPFcoef"                    @ string offset=1061
.Linfo_string97:
	.asciz	"gyro_norm"                     @ string offset=1072
.Linfo_string98:
	.asciz	"accl_norm"                     @ string offset=1082
.Linfo_string99:
	.asciz	"AdaptiveGainScale"             @ string offset=1092
.Linfo_string100:
	.asciz	"Roll"                          @ string offset=1110
.Linfo_string101:
	.asciz	"Pitch"                         @ string offset=1115
.Linfo_string102:
	.asciz	"Yaw"                           @ string offset=1121
.Linfo_string103:
	.asciz	"YawTotalAngle"                 @ string offset=1125
.Linfo_string104:
	.asciz	"Q1"                            @ string offset=1139
.Linfo_string105:
	.asciz	"Q2"                            @ string offset=1142
.Linfo_string106:
	.asciz	"dt"                            @ string offset=1145
.Linfo_string107:
	.asciz	"ChiSquare"                     @ string offset=1148
.Linfo_string108:
	.asciz	"ChiSquare_Data"                @ string offset=1158
.Linfo_string109:
	.asciz	"ChiSquareTestThreshold"        @ string offset=1173
.Linfo_string110:
	.asciz	"lambda"                        @ string offset=1196
.Linfo_string111:
	.asciz	"YawRoundCount"                 @ string offset=1203
.Linfo_string112:
	.asciz	"short"                         @ string offset=1217
.Linfo_string113:
	.asciz	"int16_t"                       @ string offset=1223
.Linfo_string114:
	.asciz	"YawAngleLast"                  @ string offset=1231
.Linfo_string115:
	.asciz	"QEKF_INS_t"                    @ string offset=1244
.Linfo_string116:
	.asciz	"IMU_QuaternionEKF_F"           @ string offset=1255
.Linfo_string117:
	.asciz	"IMU_QuaternionEKF_P_Const"     @ string offset=1275
.Linfo_string118:
	.asciz	"IMU_QuaternionEKF_P"           @ string offset=1301
.Linfo_string119:
	.asciz	"IMU_QuaternionEKF_K"           @ string offset=1321
.Linfo_string120:
	.asciz	"IMU_QuaternionEKF_H"           @ string offset=1341
.Linfo_string121:
	.asciz	"__sqrtf"                       @ string offset=1361
.Linfo_string122:
	.asciz	"f"                             @ string offset=1369
.Linfo_string123:
	.asciz	"IMU_QuaternionEKF_Init"        @ string offset=1371
.Linfo_string124:
	.asciz	"IMU_QuaternionEKF_Observe"     @ string offset=1394
.Linfo_string125:
	.asciz	"IMU_QuaternionEKF_F_Linearization_P_Fading" @ string offset=1420
.Linfo_string126:
	.asciz	"IMU_QuaternionEKF_SetH"        @ string offset=1463
.Linfo_string127:
	.asciz	"IMU_QuaternionEKF_xhatUpdate"  @ string offset=1486
.Linfo_string128:
	.asciz	"IMU_QuaternionEKF_Reset"       @ string offset=1515
.Linfo_string129:
	.asciz	"IMU_QuaternionEKF_Update"      @ string offset=1539
.Linfo_string130:
	.asciz	"Get_Pitch"                     @ string offset=1564
.Linfo_string131:
	.asciz	"Get_Roll"                      @ string offset=1574
.Linfo_string132:
	.asciz	"Get_Yaw"                       @ string offset=1583
.Linfo_string133:
	.asciz	"invSqrt"                       @ string offset=1591
.Linfo_string134:
	.asciz	"process_noise1"                @ string offset=1599
.Linfo_string135:
	.asciz	"process_noise2"                @ string offset=1614
.Linfo_string136:
	.asciz	"measure_noise"                 @ string offset=1629
.Linfo_string137:
	.asciz	"lpf"                           @ string offset=1643
.Linfo_string138:
	.asciz	"kf"                            @ string offset=1647
.Linfo_string139:
	.asciz	"q0"                            @ string offset=1650
.Linfo_string140:
	.asciz	"q1"                            @ string offset=1653
.Linfo_string141:
	.asciz	"q2"                            @ string offset=1656
.Linfo_string142:
	.asciz	"q3"                            @ string offset=1659
.Linfo_string143:
	.asciz	"qInvNorm"                      @ string offset=1662
.Linfo_string144:
	.asciz	"i"                             @ string offset=1671
.Linfo_string145:
	.asciz	"doubleq0"                      @ string offset=1673
.Linfo_string146:
	.asciz	"doubleq1"                      @ string offset=1682
.Linfo_string147:
	.asciz	"doubleq2"                      @ string offset=1691
.Linfo_string148:
	.asciz	"doubleq3"                      @ string offset=1700
.Linfo_string149:
	.asciz	"j"                             @ string offset=1709
.Linfo_string150:
	.asciz	"gx"                            @ string offset=1711
.Linfo_string151:
	.asciz	"gy"                            @ string offset=1714
.Linfo_string152:
	.asciz	"gz"                            @ string offset=1717
.Linfo_string153:
	.asciz	"ax"                            @ string offset=1720
.Linfo_string154:
	.asciz	"ay"                            @ string offset=1723
.Linfo_string155:
	.asciz	"az"                            @ string offset=1726
.Linfo_string156:
	.asciz	"halfgxdt"                      @ string offset=1729
.Linfo_string157:
	.asciz	"halfgydt"                      @ string offset=1738
.Linfo_string158:
	.asciz	"halfgzdt"                      @ string offset=1747
.Linfo_string159:
	.asciz	"accelInvNorm"                  @ string offset=1756
.Linfo_string160:
	.asciz	"x"                             @ string offset=1769
.Linfo_string161:
	.asciz	"tmp"                           @ string offset=1771
	.ident	"Component: Arm Compiler for Embedded 6.24 Tool: armclang [5f371800]"
	.section	".note.GNU-stack","",%progbits
	.eabi_attribute	30, 6	@ Tag_ABI_optimization_goals
	.ARM_attribute	16, 1	@ Tag_AV_eba
	.section	.debug_line,"",%progbits
.Lline_table_start0:
