	.text
	.syntax unified
	.eabi_attribute	67, "2.09"	@ Tag_conformance
	.cpu	cortex-m7
	.eabi_attribute	6, 13	@ Tag_CPU_arch
	.eabi_attribute	7, 77	@ Tag_CPU_arch_profile
	.eabi_attribute	8, 0	@ Tag_ARM_ISA_use
	.eabi_attribute	9, 2	@ Tag_THUMB_ISA_use
	.fpu	fpv5-d16
	.eabi_attribute	36, 1	@ Tag_FP_HP_extension
	.eabi_attribute	34, 1	@ Tag_CPU_unaligned_access
	.eabi_attribute	17, 1	@ Tag_ABI_PCS_GOT_use
	.eabi_attribute	20, 2	@ Tag_ABI_FP_denormal
	.eabi_attribute	21, 0	@ Tag_ABI_FP_exceptions
	.eabi_attribute	23, 1	@ Tag_ABI_FP_number_model
	.eabi_attribute	24, 1	@ Tag_ABI_align_needed
	.eabi_attribute	25, 1	@ Tag_ABI_align_preserved
	.eabi_attribute	28, 1	@ Tag_ABI_VFP_args
	.eabi_attribute	38, 1	@ Tag_ABI_FP_16bit_format
	.eabi_attribute	18, 2	@ Tag_ABI_PCS_wchar_t
	.eabi_attribute	26, 1	@ Tag_ABI_enum_size
	.eabi_attribute	14, 0	@ Tag_ABI_PCS_R9_use
	.file	"StatisticsFunctionsF16.c"
	.file	1 "D:/keil_1/keilpacks/ARM/CMSIS-DSP/1.16.2/Include" "arm_math_types.h"
	.file	2 "D:/keil_1/keilpacks/ARM/CMSIS-DSP/1.16.2/Include" "arm_math_types_f16.h"
	.section	.text.arm_max_f16,"ax",%progbits
	.hidden	arm_max_f16                     @ -- Begin function arm_max_f16
	.globl	arm_max_f16
	.p2align	3
	.type	arm_max_f16,%function
	.code	16                              @ @arm_max_f16
	.thumb_func
arm_max_f16:
.Lfunc_begin0:
	.file	3 "D:/keil_1/keilpacks/ARM/CMSIS-DSP/1.16.2/Source/StatisticsFunctions" "arm_max_f16.c"
	.loc	3 146 0                         @ D:/keil_1/keilpacks/ARM/CMSIS-DSP/1.16.2/Source/StatisticsFunctions\arm_max_f16.c:146:0
	.fnstart
	.cfi_sections .debug_frame
	.cfi_startproc
@ %bb.0:
	.pad	#28
	sub	sp, #28
	.cfi_def_cfa_offset 28
	str	r0, [sp, #24]
	str	r1, [sp, #20]
	str	r2, [sp, #16]
	str	r3, [sp, #12]
	movs	r0, #0
.Ltmp0:
	.loc	3 155 12 prologue_end           @ D:/keil_1/keilpacks/ARM/CMSIS-DSP/1.16.2/Source/StatisticsFunctions\arm_max_f16.c:155:12
	str	r0, [sp]
	.loc	3 158 14                        @ D:/keil_1/keilpacks/ARM/CMSIS-DSP/1.16.2/Source/StatisticsFunctions\arm_max_f16.c:158:14
	ldr	r0, [sp, #24]
	adds	r1, r0, #2
	str	r1, [sp, #24]
	.loc	3 158 9 is_stmt 0               @ D:/keil_1/keilpacks/ARM/CMSIS-DSP/1.16.2/Source/StatisticsFunctions\arm_max_f16.c:158:9
	ldrh	r0, [r0]
	.loc	3 158 7                         @ D:/keil_1/keilpacks/ARM/CMSIS-DSP/1.16.2/Source/StatisticsFunctions\arm_max_f16.c:158:7
	strh.w	r0, [sp, #8]
	.loc	3 213 13 is_stmt 1              @ D:/keil_1/keilpacks/ARM/CMSIS-DSP/1.16.2/Source/StatisticsFunctions\arm_max_f16.c:213:13
	ldr	r0, [sp, #20]
	.loc	3 213 23 is_stmt 0              @ D:/keil_1/keilpacks/ARM/CMSIS-DSP/1.16.2/Source/StatisticsFunctions\arm_max_f16.c:213:23
	subs	r0, #1
	.loc	3 213 10                        @ D:/keil_1/keilpacks/ARM/CMSIS-DSP/1.16.2/Source/StatisticsFunctions\arm_max_f16.c:213:10
	str	r0, [sp, #4]
	.loc	3 217 3 is_stmt 1               @ D:/keil_1/keilpacks/ARM/CMSIS-DSP/1.16.2/Source/StatisticsFunctions\arm_max_f16.c:217:3
	b	.LBB0_1
.LBB0_1:                                @ =>This Inner Loop Header: Depth=1
	.loc	3 217 10 is_stmt 0              @ D:/keil_1/keilpacks/ARM/CMSIS-DSP/1.16.2/Source/StatisticsFunctions\arm_max_f16.c:217:10
	ldr	r0, [sp, #4]
	.loc	3 217 3                         @ D:/keil_1/keilpacks/ARM/CMSIS-DSP/1.16.2/Source/StatisticsFunctions\arm_max_f16.c:217:3
	cbz	r0, .LBB0_5
	b	.LBB0_2
.LBB0_2:                                @   in Loop: Header=BB0_1 Depth=1
.Ltmp1:
	.loc	3 220 19 is_stmt 1              @ D:/keil_1/keilpacks/ARM/CMSIS-DSP/1.16.2/Source/StatisticsFunctions\arm_max_f16.c:220:19
	ldr	r0, [sp, #24]
	adds	r1, r0, #2
	str	r1, [sp, #24]
	.loc	3 220 14 is_stmt 0              @ D:/keil_1/keilpacks/ARM/CMSIS-DSP/1.16.2/Source/StatisticsFunctions\arm_max_f16.c:220:14
	ldrh	r0, [r0]
	.loc	3 220 12                        @ D:/keil_1/keilpacks/ARM/CMSIS-DSP/1.16.2/Source/StatisticsFunctions\arm_max_f16.c:220:12
	strh.w	r0, [sp, #10]
.Ltmp2:
	.loc	3 223 19 is_stmt 1              @ D:/keil_1/keilpacks/ARM/CMSIS-DSP/1.16.2/Source/StatisticsFunctions\arm_max_f16.c:223:19
	ldrh.w	r0, [sp, #8]
	.loc	3 223 35 is_stmt 0              @ D:/keil_1/keilpacks/ARM/CMSIS-DSP/1.16.2/Source/StatisticsFunctions\arm_max_f16.c:223:35
	ldrh.w	r1, [sp, #10]
	.loc	3 223 23                        @ D:/keil_1/keilpacks/ARM/CMSIS-DSP/1.16.2/Source/StatisticsFunctions\arm_max_f16.c:223:23
	vmov	s0, r1
	vcvtb.f32.f16	s2, s0
	vmov	s0, r0
	vcvtb.f32.f16	s0, s0
.Ltmp3:
	.loc	3 223 9                         @ D:/keil_1/keilpacks/ARM/CMSIS-DSP/1.16.2/Source/StatisticsFunctions\arm_max_f16.c:223:9
	vcmp.f32	s0, s2
	vmrs	APSR_nzcv, fpscr
	bge	.LBB0_4
	b	.LBB0_3
.LBB0_3:                                @   in Loop: Header=BB0_1 Depth=1
.Ltmp4:
	.loc	3 226 13 is_stmt 1              @ D:/keil_1/keilpacks/ARM/CMSIS-DSP/1.16.2/Source/StatisticsFunctions\arm_max_f16.c:226:13
	ldrh.w	r0, [sp, #10]
	.loc	3 226 11 is_stmt 0              @ D:/keil_1/keilpacks/ARM/CMSIS-DSP/1.16.2/Source/StatisticsFunctions\arm_max_f16.c:226:11
	strh.w	r0, [sp, #8]
	.loc	3 227 18 is_stmt 1              @ D:/keil_1/keilpacks/ARM/CMSIS-DSP/1.16.2/Source/StatisticsFunctions\arm_max_f16.c:227:18
	ldr	r0, [sp, #20]
	.loc	3 227 30 is_stmt 0              @ D:/keil_1/keilpacks/ARM/CMSIS-DSP/1.16.2/Source/StatisticsFunctions\arm_max_f16.c:227:30
	ldr	r1, [sp, #4]
	.loc	3 227 28                        @ D:/keil_1/keilpacks/ARM/CMSIS-DSP/1.16.2/Source/StatisticsFunctions\arm_max_f16.c:227:28
	subs	r0, r0, r1
	.loc	3 227 16                        @ D:/keil_1/keilpacks/ARM/CMSIS-DSP/1.16.2/Source/StatisticsFunctions\arm_max_f16.c:227:16
	str	r0, [sp]
	.loc	3 228 5 is_stmt 1               @ D:/keil_1/keilpacks/ARM/CMSIS-DSP/1.16.2/Source/StatisticsFunctions\arm_max_f16.c:228:5
	b	.LBB0_4
.Ltmp5:
.LBB0_4:                                @   in Loop: Header=BB0_1 Depth=1
	.loc	3 231 11                        @ D:/keil_1/keilpacks/ARM/CMSIS-DSP/1.16.2/Source/StatisticsFunctions\arm_max_f16.c:231:11
	ldr	r0, [sp, #4]
	subs	r0, #1
	str	r0, [sp, #4]
.Ltmp6:
	.loc	3 217 3                         @ D:/keil_1/keilpacks/ARM/CMSIS-DSP/1.16.2/Source/StatisticsFunctions\arm_max_f16.c:217:3
	b	.LBB0_1
.LBB0_5:
	.loc	3 235 14                        @ D:/keil_1/keilpacks/ARM/CMSIS-DSP/1.16.2/Source/StatisticsFunctions\arm_max_f16.c:235:14
	ldrh.w	r0, [sp, #8]
	.loc	3 235 4 is_stmt 0               @ D:/keil_1/keilpacks/ARM/CMSIS-DSP/1.16.2/Source/StatisticsFunctions\arm_max_f16.c:235:4
	ldr	r1, [sp, #16]
	.loc	3 235 12                        @ D:/keil_1/keilpacks/ARM/CMSIS-DSP/1.16.2/Source/StatisticsFunctions\arm_max_f16.c:235:12
	strh	r0, [r1]
	.loc	3 236 13 is_stmt 1              @ D:/keil_1/keilpacks/ARM/CMSIS-DSP/1.16.2/Source/StatisticsFunctions\arm_max_f16.c:236:13
	ldr	r0, [sp]
	.loc	3 236 4 is_stmt 0               @ D:/keil_1/keilpacks/ARM/CMSIS-DSP/1.16.2/Source/StatisticsFunctions\arm_max_f16.c:236:4
	ldr	r1, [sp, #12]
	.loc	3 236 11                        @ D:/keil_1/keilpacks/ARM/CMSIS-DSP/1.16.2/Source/StatisticsFunctions\arm_max_f16.c:236:11
	str	r0, [r1]
	.loc	3 237 1 epilogue_begin is_stmt 1 @ D:/keil_1/keilpacks/ARM/CMSIS-DSP/1.16.2/Source/StatisticsFunctions\arm_max_f16.c:237:1
	add	sp, #28
	bx	lr
.Ltmp7:
.Lfunc_end0:
	.size	arm_max_f16, .Lfunc_end0-arm_max_f16
	.cfi_endproc
	.cantunwind
	.fnend
                                        @ -- End function
	.section	.text.arm_min_f16,"ax",%progbits
	.hidden	arm_min_f16                     @ -- Begin function arm_min_f16
	.globl	arm_min_f16
	.p2align	3
	.type	arm_min_f16,%function
	.code	16                              @ @arm_min_f16
	.thumb_func
arm_min_f16:
.Lfunc_begin1:
	.file	4 "D:/keil_1/keilpacks/ARM/CMSIS-DSP/1.16.2/Source/StatisticsFunctions" "arm_min_f16.c"
	.loc	4 140 0                         @ D:/keil_1/keilpacks/ARM/CMSIS-DSP/1.16.2/Source/StatisticsFunctions\arm_min_f16.c:140:0
	.fnstart
	.cfi_startproc
@ %bb.0:
	.pad	#28
	sub	sp, #28
	.cfi_def_cfa_offset 28
	str	r0, [sp, #24]
	str	r1, [sp, #20]
	str	r2, [sp, #16]
	str	r3, [sp, #12]
	movs	r0, #0
.Ltmp8:
	.loc	4 149 12 prologue_end           @ D:/keil_1/keilpacks/ARM/CMSIS-DSP/1.16.2/Source/StatisticsFunctions\arm_min_f16.c:149:12
	str	r0, [sp]
	.loc	4 152 14                        @ D:/keil_1/keilpacks/ARM/CMSIS-DSP/1.16.2/Source/StatisticsFunctions\arm_min_f16.c:152:14
	ldr	r0, [sp, #24]
	adds	r1, r0, #2
	str	r1, [sp, #24]
	.loc	4 152 9 is_stmt 0               @ D:/keil_1/keilpacks/ARM/CMSIS-DSP/1.16.2/Source/StatisticsFunctions\arm_min_f16.c:152:9
	ldrh	r0, [r0]
	.loc	4 152 7                         @ D:/keil_1/keilpacks/ARM/CMSIS-DSP/1.16.2/Source/StatisticsFunctions\arm_min_f16.c:152:7
	strh.w	r0, [sp, #8]
	.loc	4 207 13 is_stmt 1              @ D:/keil_1/keilpacks/ARM/CMSIS-DSP/1.16.2/Source/StatisticsFunctions\arm_min_f16.c:207:13
	ldr	r0, [sp, #20]
	.loc	4 207 23 is_stmt 0              @ D:/keil_1/keilpacks/ARM/CMSIS-DSP/1.16.2/Source/StatisticsFunctions\arm_min_f16.c:207:23
	subs	r0, #1
	.loc	4 207 10                        @ D:/keil_1/keilpacks/ARM/CMSIS-DSP/1.16.2/Source/StatisticsFunctions\arm_min_f16.c:207:10
	str	r0, [sp, #4]
	.loc	4 211 3 is_stmt 1               @ D:/keil_1/keilpacks/ARM/CMSIS-DSP/1.16.2/Source/StatisticsFunctions\arm_min_f16.c:211:3
	b	.LBB1_1
.LBB1_1:                                @ =>This Inner Loop Header: Depth=1
	.loc	4 211 10 is_stmt 0              @ D:/keil_1/keilpacks/ARM/CMSIS-DSP/1.16.2/Source/StatisticsFunctions\arm_min_f16.c:211:10
	ldr	r0, [sp, #4]
	.loc	4 211 3                         @ D:/keil_1/keilpacks/ARM/CMSIS-DSP/1.16.2/Source/StatisticsFunctions\arm_min_f16.c:211:3
	cbz	r0, .LBB1_5
	b	.LBB1_2
.LBB1_2:                                @   in Loop: Header=BB1_1 Depth=1
.Ltmp9:
	.loc	4 214 19 is_stmt 1              @ D:/keil_1/keilpacks/ARM/CMSIS-DSP/1.16.2/Source/StatisticsFunctions\arm_min_f16.c:214:19
	ldr	r0, [sp, #24]
	adds	r1, r0, #2
	str	r1, [sp, #24]
	.loc	4 214 14 is_stmt 0              @ D:/keil_1/keilpacks/ARM/CMSIS-DSP/1.16.2/Source/StatisticsFunctions\arm_min_f16.c:214:14
	ldrh	r0, [r0]
	.loc	4 214 12                        @ D:/keil_1/keilpacks/ARM/CMSIS-DSP/1.16.2/Source/StatisticsFunctions\arm_min_f16.c:214:12
	strh.w	r0, [sp, #10]
.Ltmp10:
	.loc	4 217 19 is_stmt 1              @ D:/keil_1/keilpacks/ARM/CMSIS-DSP/1.16.2/Source/StatisticsFunctions\arm_min_f16.c:217:19
	ldrh.w	r0, [sp, #8]
	.loc	4 217 35 is_stmt 0              @ D:/keil_1/keilpacks/ARM/CMSIS-DSP/1.16.2/Source/StatisticsFunctions\arm_min_f16.c:217:35
	ldrh.w	r1, [sp, #10]
	.loc	4 217 23                        @ D:/keil_1/keilpacks/ARM/CMSIS-DSP/1.16.2/Source/StatisticsFunctions\arm_min_f16.c:217:23
	vmov	s0, r1
	vcvtb.f32.f16	s2, s0
	vmov	s0, r0
	vcvtb.f32.f16	s0, s0
.Ltmp11:
	.loc	4 217 9                         @ D:/keil_1/keilpacks/ARM/CMSIS-DSP/1.16.2/Source/StatisticsFunctions\arm_min_f16.c:217:9
	vcmp.f32	s0, s2
	vmrs	APSR_nzcv, fpscr
	ble	.LBB1_4
	b	.LBB1_3
.LBB1_3:                                @   in Loop: Header=BB1_1 Depth=1
.Ltmp12:
	.loc	4 220 13 is_stmt 1              @ D:/keil_1/keilpacks/ARM/CMSIS-DSP/1.16.2/Source/StatisticsFunctions\arm_min_f16.c:220:13
	ldrh.w	r0, [sp, #10]
	.loc	4 220 11 is_stmt 0              @ D:/keil_1/keilpacks/ARM/CMSIS-DSP/1.16.2/Source/StatisticsFunctions\arm_min_f16.c:220:11
	strh.w	r0, [sp, #8]
	.loc	4 221 18 is_stmt 1              @ D:/keil_1/keilpacks/ARM/CMSIS-DSP/1.16.2/Source/StatisticsFunctions\arm_min_f16.c:221:18
	ldr	r0, [sp, #20]
	.loc	4 221 30 is_stmt 0              @ D:/keil_1/keilpacks/ARM/CMSIS-DSP/1.16.2/Source/StatisticsFunctions\arm_min_f16.c:221:30
	ldr	r1, [sp, #4]
	.loc	4 221 28                        @ D:/keil_1/keilpacks/ARM/CMSIS-DSP/1.16.2/Source/StatisticsFunctions\arm_min_f16.c:221:28
	subs	r0, r0, r1
	.loc	4 221 16                        @ D:/keil_1/keilpacks/ARM/CMSIS-DSP/1.16.2/Source/StatisticsFunctions\arm_min_f16.c:221:16
	str	r0, [sp]
	.loc	4 222 5 is_stmt 1               @ D:/keil_1/keilpacks/ARM/CMSIS-DSP/1.16.2/Source/StatisticsFunctions\arm_min_f16.c:222:5
	b	.LBB1_4
.Ltmp13:
.LBB1_4:                                @   in Loop: Header=BB1_1 Depth=1
	.loc	4 225 11                        @ D:/keil_1/keilpacks/ARM/CMSIS-DSP/1.16.2/Source/StatisticsFunctions\arm_min_f16.c:225:11
	ldr	r0, [sp, #4]
	subs	r0, #1
	str	r0, [sp, #4]
.Ltmp14:
	.loc	4 211 3                         @ D:/keil_1/keilpacks/ARM/CMSIS-DSP/1.16.2/Source/StatisticsFunctions\arm_min_f16.c:211:3
	b	.LBB1_1
.LBB1_5:
	.loc	4 229 14                        @ D:/keil_1/keilpacks/ARM/CMSIS-DSP/1.16.2/Source/StatisticsFunctions\arm_min_f16.c:229:14
	ldrh.w	r0, [sp, #8]
	.loc	4 229 4 is_stmt 0               @ D:/keil_1/keilpacks/ARM/CMSIS-DSP/1.16.2/Source/StatisticsFunctions\arm_min_f16.c:229:4
	ldr	r1, [sp, #16]
	.loc	4 229 12                        @ D:/keil_1/keilpacks/ARM/CMSIS-DSP/1.16.2/Source/StatisticsFunctions\arm_min_f16.c:229:12
	strh	r0, [r1]
	.loc	4 230 13 is_stmt 1              @ D:/keil_1/keilpacks/ARM/CMSIS-DSP/1.16.2/Source/StatisticsFunctions\arm_min_f16.c:230:13
	ldr	r0, [sp]
	.loc	4 230 4 is_stmt 0               @ D:/keil_1/keilpacks/ARM/CMSIS-DSP/1.16.2/Source/StatisticsFunctions\arm_min_f16.c:230:4
	ldr	r1, [sp, #12]
	.loc	4 230 11                        @ D:/keil_1/keilpacks/ARM/CMSIS-DSP/1.16.2/Source/StatisticsFunctions\arm_min_f16.c:230:11
	str	r0, [r1]
	.loc	4 231 1 epilogue_begin is_stmt 1 @ D:/keil_1/keilpacks/ARM/CMSIS-DSP/1.16.2/Source/StatisticsFunctions\arm_min_f16.c:231:1
	add	sp, #28
	bx	lr
.Ltmp15:
.Lfunc_end1:
	.size	arm_min_f16, .Lfunc_end1-arm_min_f16
	.cfi_endproc
	.cantunwind
	.fnend
                                        @ -- End function
	.section	.text.arm_mean_f16,"ax",%progbits
	.hidden	arm_mean_f16                    @ -- Begin function arm_mean_f16
	.globl	arm_mean_f16
	.p2align	3
	.type	arm_mean_f16,%function
	.code	16                              @ @arm_mean_f16
	.thumb_func
arm_mean_f16:
.Lfunc_begin2:
	.file	5 "D:/keil_1/keilpacks/ARM/CMSIS-DSP/1.16.2/Source/StatisticsFunctions" "arm_mean_f16.c"
	.loc	5 97 0                          @ D:/keil_1/keilpacks/ARM/CMSIS-DSP/1.16.2/Source/StatisticsFunctions\arm_mean_f16.c:97:0
	.fnstart
	.cfi_startproc
@ %bb.0:
	.pad	#20
	sub	sp, #20
	.cfi_def_cfa_offset 20
	str	r0, [sp, #16]
	str	r1, [sp, #12]
	str	r2, [sp, #8]
	movs	r0, #0
.Ltmp16:
	.loc	5 99 19 prologue_end            @ D:/keil_1/keilpacks/ARM/CMSIS-DSP/1.16.2/Source/StatisticsFunctions\arm_mean_f16.c:99:19
	strh.w	r0, [sp, #2]
	.loc	5 127 12                        @ D:/keil_1/keilpacks/ARM/CMSIS-DSP/1.16.2/Source/StatisticsFunctions\arm_mean_f16.c:127:12
	ldr	r0, [sp, #12]
	.loc	5 127 10 is_stmt 0              @ D:/keil_1/keilpacks/ARM/CMSIS-DSP/1.16.2/Source/StatisticsFunctions\arm_mean_f16.c:127:10
	str	r0, [sp, #4]
	.loc	5 131 3 is_stmt 1               @ D:/keil_1/keilpacks/ARM/CMSIS-DSP/1.16.2/Source/StatisticsFunctions\arm_mean_f16.c:131:3
	b	.LBB2_1
.LBB2_1:                                @ =>This Inner Loop Header: Depth=1
	.loc	5 131 10 is_stmt 0              @ D:/keil_1/keilpacks/ARM/CMSIS-DSP/1.16.2/Source/StatisticsFunctions\arm_mean_f16.c:131:10
	ldr	r0, [sp, #4]
	.loc	5 131 3                         @ D:/keil_1/keilpacks/ARM/CMSIS-DSP/1.16.2/Source/StatisticsFunctions\arm_mean_f16.c:131:3
	cbz	r0, .LBB2_3
	b	.LBB2_2
.LBB2_2:                                @   in Loop: Header=BB2_1 Depth=1
.Ltmp17:
	.loc	5 134 27 is_stmt 1              @ D:/keil_1/keilpacks/ARM/CMSIS-DSP/1.16.2/Source/StatisticsFunctions\arm_mean_f16.c:134:27
	ldr	r0, [sp, #16]
	adds	r1, r0, #2
	str	r1, [sp, #16]
	.loc	5 134 22 is_stmt 0              @ D:/keil_1/keilpacks/ARM/CMSIS-DSP/1.16.2/Source/StatisticsFunctions\arm_mean_f16.c:134:22
	ldrh	r1, [r0]
	.loc	5 134 9                         @ D:/keil_1/keilpacks/ARM/CMSIS-DSP/1.16.2/Source/StatisticsFunctions\arm_mean_f16.c:134:9
	ldrh.w	r0, [sp, #2]
	vmov	s0, r1
	vcvtb.f32.f16	s2, s0
	vmov	s0, r0
	vcvtb.f32.f16	s0, s0
	vadd.f32	s2, s0, s2
                                        @ implicit-def: $s0
	vcvtb.f16.f32	s0, s2
	vmov	r0, s0
	strh.w	r0, [sp, #2]
	.loc	5 137 11 is_stmt 1              @ D:/keil_1/keilpacks/ARM/CMSIS-DSP/1.16.2/Source/StatisticsFunctions\arm_mean_f16.c:137:11
	ldr	r0, [sp, #4]
	subs	r0, #1
	str	r0, [sp, #4]
.Ltmp18:
	.loc	5 131 3                         @ D:/keil_1/keilpacks/ARM/CMSIS-DSP/1.16.2/Source/StatisticsFunctions\arm_mean_f16.c:131:3
	b	.LBB2_1
.LBB2_3:
	.loc	5 142 25                        @ D:/keil_1/keilpacks/ARM/CMSIS-DSP/1.16.2/Source/StatisticsFunctions\arm_mean_f16.c:142:25
	ldrh.w	r0, [sp, #2]
	.loc	5 142 29 is_stmt 0              @ D:/keil_1/keilpacks/ARM/CMSIS-DSP/1.16.2/Source/StatisticsFunctions\arm_mean_f16.c:142:29
	vmov	s0, r0
	vcvtb.f32.f16	s0, s0
	.loc	5 142 31                        @ D:/keil_1/keilpacks/ARM/CMSIS-DSP/1.16.2/Source/StatisticsFunctions\arm_mean_f16.c:142:31
	vldr	s2, [sp, #12]
	vcvt.f32.u32	s4, s2
                                        @ implicit-def: $s2
	vcvtb.f16.f32	s2, s4
	vmov	r0, s2
	.loc	5 142 29                        @ D:/keil_1/keilpacks/ARM/CMSIS-DSP/1.16.2/Source/StatisticsFunctions\arm_mean_f16.c:142:29
	vmov	s2, r0
	vcvtb.f32.f16	s2, s2
	vdiv.f32	s2, s0, s2
                                        @ implicit-def: $s0
	vcvtb.f16.f32	s0, s2
	vmov	r0, s0
	.loc	5 142 4                         @ D:/keil_1/keilpacks/ARM/CMSIS-DSP/1.16.2/Source/StatisticsFunctions\arm_mean_f16.c:142:4
	ldr	r1, [sp, #8]
	.loc	5 142 12                        @ D:/keil_1/keilpacks/ARM/CMSIS-DSP/1.16.2/Source/StatisticsFunctions\arm_mean_f16.c:142:12
	strh	r0, [r1]
	.loc	5 143 1 epilogue_begin is_stmt 1 @ D:/keil_1/keilpacks/ARM/CMSIS-DSP/1.16.2/Source/StatisticsFunctions\arm_mean_f16.c:143:1
	add	sp, #20
	bx	lr
.Ltmp19:
.Lfunc_end2:
	.size	arm_mean_f16, .Lfunc_end2-arm_mean_f16
	.cfi_endproc
	.cantunwind
	.fnend
                                        @ -- End function
	.section	.text.arm_power_f16,"ax",%progbits
	.hidden	arm_power_f16                   @ -- Begin function arm_power_f16
	.globl	arm_power_f16
	.p2align	3
	.type	arm_power_f16,%function
	.code	16                              @ @arm_power_f16
	.thumb_func
arm_power_f16:
.Lfunc_begin3:
	.file	6 "D:/keil_1/keilpacks/ARM/CMSIS-DSP/1.16.2/Source/StatisticsFunctions" "arm_power_f16.c"
	.loc	6 88 0                          @ D:/keil_1/keilpacks/ARM/CMSIS-DSP/1.16.2/Source/StatisticsFunctions\arm_power_f16.c:88:0
	.fnstart
	.cfi_startproc
@ %bb.0:
	.pad	#20
	sub	sp, #20
	.cfi_def_cfa_offset 20
	str	r0, [sp, #16]
	str	r1, [sp, #12]
	str	r2, [sp, #8]
	movs	r0, #0
.Ltmp20:
	.loc	6 90 18 prologue_end            @ D:/keil_1/keilpacks/ARM/CMSIS-DSP/1.16.2/Source/StatisticsFunctions\arm_power_f16.c:90:18
	strh.w	r0, [sp, #2]
	.loc	6 125 12                        @ D:/keil_1/keilpacks/ARM/CMSIS-DSP/1.16.2/Source/StatisticsFunctions\arm_power_f16.c:125:12
	ldr	r0, [sp, #12]
	.loc	6 125 10 is_stmt 0              @ D:/keil_1/keilpacks/ARM/CMSIS-DSP/1.16.2/Source/StatisticsFunctions\arm_power_f16.c:125:10
	str	r0, [sp, #4]
	.loc	6 129 3 is_stmt 1               @ D:/keil_1/keilpacks/ARM/CMSIS-DSP/1.16.2/Source/StatisticsFunctions\arm_power_f16.c:129:3
	b	.LBB3_1
.LBB3_1:                                @ =>This Inner Loop Header: Depth=1
	.loc	6 129 10 is_stmt 0              @ D:/keil_1/keilpacks/ARM/CMSIS-DSP/1.16.2/Source/StatisticsFunctions\arm_power_f16.c:129:10
	ldr	r0, [sp, #4]
	.loc	6 129 3                         @ D:/keil_1/keilpacks/ARM/CMSIS-DSP/1.16.2/Source/StatisticsFunctions\arm_power_f16.c:129:3
	cbz	r0, .LBB3_3
	b	.LBB3_2
.LBB3_2:                                @   in Loop: Header=BB3_1 Depth=1
.Ltmp21:
	.loc	6 134 15 is_stmt 1              @ D:/keil_1/keilpacks/ARM/CMSIS-DSP/1.16.2/Source/StatisticsFunctions\arm_power_f16.c:134:15
	ldr	r0, [sp, #16]
	adds	r1, r0, #2
	str	r1, [sp, #16]
	.loc	6 134 10 is_stmt 0              @ D:/keil_1/keilpacks/ARM/CMSIS-DSP/1.16.2/Source/StatisticsFunctions\arm_power_f16.c:134:10
	ldrh	r0, [r0]
	.loc	6 134 8                         @ D:/keil_1/keilpacks/ARM/CMSIS-DSP/1.16.2/Source/StatisticsFunctions\arm_power_f16.c:134:8
	strh.w	r0, [sp]
	.loc	6 135 12 is_stmt 1              @ D:/keil_1/keilpacks/ARM/CMSIS-DSP/1.16.2/Source/StatisticsFunctions\arm_power_f16.c:135:12
	ldrh.w	r0, [sp]
	.loc	6 135 9 is_stmt 0               @ D:/keil_1/keilpacks/ARM/CMSIS-DSP/1.16.2/Source/StatisticsFunctions\arm_power_f16.c:135:9
	vmov	s0, r0
	vcvtb.f32.f16	s0, s0
	ldrh.w	r0, [sp, #2]
	vmov	s2, r0
	vcvtb.f32.f16	s2, s2
	vfma.f32	s2, s0, s0
                                        @ implicit-def: $s0
	vcvtb.f16.f32	s0, s2
	vmov	r0, s0
	strh.w	r0, [sp, #2]
	.loc	6 138 11 is_stmt 1              @ D:/keil_1/keilpacks/ARM/CMSIS-DSP/1.16.2/Source/StatisticsFunctions\arm_power_f16.c:138:11
	ldr	r0, [sp, #4]
	subs	r0, #1
	str	r0, [sp, #4]
.Ltmp22:
	.loc	6 129 3                         @ D:/keil_1/keilpacks/ARM/CMSIS-DSP/1.16.2/Source/StatisticsFunctions\arm_power_f16.c:129:3
	b	.LBB3_1
.LBB3_3:
	.loc	6 142 14                        @ D:/keil_1/keilpacks/ARM/CMSIS-DSP/1.16.2/Source/StatisticsFunctions\arm_power_f16.c:142:14
	ldrh.w	r0, [sp, #2]
	.loc	6 142 4 is_stmt 0               @ D:/keil_1/keilpacks/ARM/CMSIS-DSP/1.16.2/Source/StatisticsFunctions\arm_power_f16.c:142:4
	ldr	r1, [sp, #8]
	.loc	6 142 12                        @ D:/keil_1/keilpacks/ARM/CMSIS-DSP/1.16.2/Source/StatisticsFunctions\arm_power_f16.c:142:12
	strh	r0, [r1]
	.loc	6 143 1 epilogue_begin is_stmt 1 @ D:/keil_1/keilpacks/ARM/CMSIS-DSP/1.16.2/Source/StatisticsFunctions\arm_power_f16.c:143:1
	add	sp, #20
	bx	lr
.Ltmp23:
.Lfunc_end3:
	.size	arm_power_f16, .Lfunc_end3-arm_power_f16
	.cfi_endproc
	.cantunwind
	.fnend
                                        @ -- End function
	.section	.text.arm_rms_f16,"ax",%progbits
	.hidden	arm_rms_f16                     @ -- Begin function arm_rms_f16
	.globl	arm_rms_f16
	.p2align	3
	.type	arm_rms_f16,%function
	.code	16                              @ @arm_rms_f16
	.thumb_func
arm_rms_f16:
.Lfunc_begin4:
	.file	7 "D:/keil_1/keilpacks/ARM/CMSIS-DSP/1.16.2/Source/StatisticsFunctions" "arm_rms_f16.c"
	.loc	7 72 0                          @ D:/keil_1/keilpacks/ARM/CMSIS-DSP/1.16.2/Source/StatisticsFunctions\arm_rms_f16.c:72:0
	.fnstart
	.cfi_startproc
@ %bb.0:
	.save	{r7, lr}
	push	{r7, lr}
	.cfi_def_cfa_offset 8
	.cfi_offset lr, -4
	.cfi_offset r7, -8
	.pad	#48
	sub	sp, #48
	.cfi_def_cfa_offset 56
	str	r0, [sp, #16]
	str	r1, [sp, #12]
	str	r2, [sp, #8]
	movs	r0, #0
.Ltmp24:
	.loc	7 74 18 prologue_end            @ D:/keil_1/keilpacks/ARM/CMSIS-DSP/1.16.2/Source/StatisticsFunctions\arm_rms_f16.c:74:18
	strh.w	r0, [sp, #2]
	.loc	7 109 12                        @ D:/keil_1/keilpacks/ARM/CMSIS-DSP/1.16.2/Source/StatisticsFunctions\arm_rms_f16.c:109:12
	ldr	r0, [sp, #12]
	.loc	7 109 10 is_stmt 0              @ D:/keil_1/keilpacks/ARM/CMSIS-DSP/1.16.2/Source/StatisticsFunctions\arm_rms_f16.c:109:10
	str	r0, [sp, #4]
	.loc	7 113 3 is_stmt 1               @ D:/keil_1/keilpacks/ARM/CMSIS-DSP/1.16.2/Source/StatisticsFunctions\arm_rms_f16.c:113:3
	b	.LBB4_1
.LBB4_1:                                @ =>This Inner Loop Header: Depth=1
	.loc	7 113 10 is_stmt 0              @ D:/keil_1/keilpacks/ARM/CMSIS-DSP/1.16.2/Source/StatisticsFunctions\arm_rms_f16.c:113:10
	ldr	r0, [sp, #4]
	.loc	7 113 3                         @ D:/keil_1/keilpacks/ARM/CMSIS-DSP/1.16.2/Source/StatisticsFunctions\arm_rms_f16.c:113:3
	cbz	r0, .LBB4_3
	b	.LBB4_2
.LBB4_2:                                @   in Loop: Header=BB4_1 Depth=1
.Ltmp25:
	.loc	7 117 15 is_stmt 1              @ D:/keil_1/keilpacks/ARM/CMSIS-DSP/1.16.2/Source/StatisticsFunctions\arm_rms_f16.c:117:15
	ldr	r0, [sp, #16]
	adds	r1, r0, #2
	str	r1, [sp, #16]
	.loc	7 117 10 is_stmt 0              @ D:/keil_1/keilpacks/ARM/CMSIS-DSP/1.16.2/Source/StatisticsFunctions\arm_rms_f16.c:117:10
	ldrh	r0, [r0]
	.loc	7 117 8                         @ D:/keil_1/keilpacks/ARM/CMSIS-DSP/1.16.2/Source/StatisticsFunctions\arm_rms_f16.c:117:8
	strh.w	r0, [sp]
	.loc	7 119 14 is_stmt 1              @ D:/keil_1/keilpacks/ARM/CMSIS-DSP/1.16.2/Source/StatisticsFunctions\arm_rms_f16.c:119:14
	ldrh.w	r0, [sp]
	.loc	7 119 9 is_stmt 0               @ D:/keil_1/keilpacks/ARM/CMSIS-DSP/1.16.2/Source/StatisticsFunctions\arm_rms_f16.c:119:9
	vmov	s0, r0
	vcvtb.f32.f16	s0, s0
	ldrh.w	r0, [sp, #2]
	vmov	s2, r0
	vcvtb.f32.f16	s2, s2
	vfma.f32	s2, s0, s0
                                        @ implicit-def: $s0
	vcvtb.f16.f32	s0, s2
	vmov	r0, s0
	strh.w	r0, [sp, #2]
	.loc	7 122 11 is_stmt 1              @ D:/keil_1/keilpacks/ARM/CMSIS-DSP/1.16.2/Source/StatisticsFunctions\arm_rms_f16.c:122:11
	ldr	r0, [sp, #4]
	subs	r0, #1
	str	r0, [sp, #4]
.Ltmp26:
	.loc	7 113 3                         @ D:/keil_1/keilpacks/ARM/CMSIS-DSP/1.16.2/Source/StatisticsFunctions\arm_rms_f16.c:113:3
	b	.LBB4_1
.LBB4_3:
	.loc	7 126 26                        @ D:/keil_1/keilpacks/ARM/CMSIS-DSP/1.16.2/Source/StatisticsFunctions\arm_rms_f16.c:126:26
	ldrh.w	r0, [sp, #2]
	.loc	7 126 30 is_stmt 0              @ D:/keil_1/keilpacks/ARM/CMSIS-DSP/1.16.2/Source/StatisticsFunctions\arm_rms_f16.c:126:30
	vmov	s0, r0
	vcvtb.f32.f16	s0, s0
	.loc	7 126 32                        @ D:/keil_1/keilpacks/ARM/CMSIS-DSP/1.16.2/Source/StatisticsFunctions\arm_rms_f16.c:126:32
	vldr	s2, [sp, #12]
	vcvt.f32.u32	s4, s2
                                        @ implicit-def: $s2
	vcvtb.f16.f32	s2, s4
	vmov	r0, s2
	.loc	7 126 30                        @ D:/keil_1/keilpacks/ARM/CMSIS-DSP/1.16.2/Source/StatisticsFunctions\arm_rms_f16.c:126:30
	vmov	s2, r0
	vcvtb.f32.f16	s2, s2
	vdiv.f32	s2, s0, s2
                                        @ implicit-def: $s0
	vcvtb.f16.f32	s0, s2
	vmov	r1, s0
	.loc	7 126 54                        @ D:/keil_1/keilpacks/ARM/CMSIS-DSP/1.16.2/Source/StatisticsFunctions\arm_rms_f16.c:126:54
	ldr	r0, [sp, #8]
	strh.w	r1, [sp, #34]
	str	r0, [sp, #28]
.Ltmp27:
	.file	8 "D:/keil_1/keilpacks/ARM/CMSIS-DSP/1.16.2/Include\\dsp" "fast_math_functions_f16.h"
	.loc	8 65 36 is_stmt 1               @ D:/keil_1/keilpacks/ARM/CMSIS-DSP/1.16.2/Include\dsp/fast_math_functions_f16.h:65:36
	ldrh.w	r0, [sp, #34]
	.loc	8 65 25 is_stmt 0               @ D:/keil_1/keilpacks/ARM/CMSIS-DSP/1.16.2/Include\dsp/fast_math_functions_f16.h:65:25
	vmov	s0, r0
	vcvtb.f32.f16	s0, s0
	vstr	s0, [sp, #40]
	add	r0, sp, #24
	str	r0, [sp, #36]
.Ltmp28:
	.file	9 "D:/keil_1/keilpacks/ARM/CMSIS-DSP/1.16.2/Include\\dsp" "fast_math_functions.h"
	.loc	9 238 9 is_stmt 1               @ D:/keil_1/keilpacks/ARM/CMSIS-DSP/1.16.2/Include\dsp/fast_math_functions.h:238:9
	vldr	s0, [sp, #40]
.Ltmp29:
	.loc	9 238 9 is_stmt 0               @ D:/keil_1/keilpacks/ARM/CMSIS-DSP/1.16.2/Include\dsp/fast_math_functions.h:238:9
	vcmp.f32	s0, #0
	vmrs	APSR_nzcv, fpscr
	blt	.LBB4_5
	b	.LBB4_4
.LBB4_4:
.Ltmp30:
	.loc	9 255 22 is_stmt 1              @ D:/keil_1/keilpacks/ARM/CMSIS-DSP/1.16.2/Include\dsp/fast_math_functions.h:255:22
	vldr	s0, [sp, #40]
	.loc	9 255 15 is_stmt 0              @ D:/keil_1/keilpacks/ARM/CMSIS-DSP/1.16.2/Include\dsp/fast_math_functions.h:255:15
	bl	_sqrtf
	.loc	9 255 8                         @ D:/keil_1/keilpacks/ARM/CMSIS-DSP/1.16.2/Include\dsp/fast_math_functions.h:255:8
	ldr	r0, [sp, #36]
	.loc	9 255 13                        @ D:/keil_1/keilpacks/ARM/CMSIS-DSP/1.16.2/Include\dsp/fast_math_functions.h:255:13
	vstr	s0, [r0]
	movs	r0, #0
	.loc	9 268 7 is_stmt 1               @ D:/keil_1/keilpacks/ARM/CMSIS-DSP/1.16.2/Include\dsp/fast_math_functions.h:268:7
	strb.w	r0, [sp, #47]
	b	.LBB4_6
.Ltmp31:
.LBB4_5:
	.loc	9 272 8                         @ D:/keil_1/keilpacks/ARM/CMSIS-DSP/1.16.2/Include\dsp/fast_math_functions.h:272:8
	ldr	r1, [sp, #36]
	movs	r0, #0
	.loc	9 272 13 is_stmt 0              @ D:/keil_1/keilpacks/ARM/CMSIS-DSP/1.16.2/Include\dsp/fast_math_functions.h:272:13
	str	r0, [r1]
	movs	r0, #255
	.loc	9 273 7 is_stmt 1               @ D:/keil_1/keilpacks/ARM/CMSIS-DSP/1.16.2/Include\dsp/fast_math_functions.h:273:7
	strb.w	r0, [sp, #47]
	b	.LBB4_6
.Ltmp32:
.LBB4_6:
	.loc	9 275 3                         @ D:/keil_1/keilpacks/ARM/CMSIS-DSP/1.16.2/Include\dsp/fast_math_functions.h:275:3
	ldrb.w	r0, [sp, #47]
.Ltmp33:
	.loc	8 65 11                         @ D:/keil_1/keilpacks/ARM/CMSIS-DSP/1.16.2/Include\dsp/fast_math_functions_f16.h:65:11
	strb.w	r0, [sp, #23]
	.loc	8 66 22                         @ D:/keil_1/keilpacks/ARM/CMSIS-DSP/1.16.2/Include\dsp/fast_math_functions_f16.h:66:22
	vldr	s2, [sp, #24]
                                        @ implicit-def: $s0
	.loc	8 66 11 is_stmt 0               @ D:/keil_1/keilpacks/ARM/CMSIS-DSP/1.16.2/Include\dsp/fast_math_functions_f16.h:66:11
	vcvtb.f16.f32	s0, s2
	vmov	r0, s0
	.loc	8 66 6                          @ D:/keil_1/keilpacks/ARM/CMSIS-DSP/1.16.2/Include\dsp/fast_math_functions_f16.h:66:6
	ldr	r1, [sp, #28]
	.loc	8 66 10                         @ D:/keil_1/keilpacks/ARM/CMSIS-DSP/1.16.2/Include\dsp/fast_math_functions_f16.h:66:10
	strh	r0, [r1]
.Ltmp34:
	.loc	7 127 1 epilogue_begin is_stmt 1 @ D:/keil_1/keilpacks/ARM/CMSIS-DSP/1.16.2/Source/StatisticsFunctions\arm_rms_f16.c:127:1
	add	sp, #48
	pop	{r7, pc}
.Ltmp35:
.Lfunc_end4:
	.size	arm_rms_f16, .Lfunc_end4-arm_rms_f16
	.cfi_endproc
	.cantunwind
	.fnend
                                        @ -- End function
	.section	.text.arm_std_f16,"ax",%progbits
	.hidden	arm_std_f16                     @ -- Begin function arm_std_f16
	.globl	arm_std_f16
	.p2align	3
	.type	arm_std_f16,%function
	.code	16                              @ @arm_std_f16
	.thumb_func
arm_std_f16:
.Lfunc_begin5:
	.file	10 "D:/keil_1/keilpacks/ARM/CMSIS-DSP/1.16.2/Source/StatisticsFunctions" "arm_std_f16.c"
	.loc	10 55 0                         @ D:/keil_1/keilpacks/ARM/CMSIS-DSP/1.16.2/Source/StatisticsFunctions\arm_std_f16.c:55:0
	.fnstart
	.cfi_startproc
@ %bb.0:
	.save	{r7, lr}
	push	{r7, lr}
	.cfi_def_cfa_offset 8
	.cfi_offset lr, -4
	.cfi_offset r7, -8
	.pad	#48
	sub	sp, #48
	.cfi_def_cfa_offset 56
	add	r3, sp, #24
	str	r3, [sp]                        @ 4-byte Spill
	str	r0, [sp, #16]
	str	r1, [sp, #12]
	str	r2, [sp, #8]
.Ltmp36:
	.loc	10 57 15 prologue_end           @ D:/keil_1/keilpacks/ARM/CMSIS-DSP/1.16.2/Source/StatisticsFunctions\arm_std_f16.c:57:15
	ldr	r0, [sp, #16]
	.loc	10 57 20 is_stmt 0              @ D:/keil_1/keilpacks/ARM/CMSIS-DSP/1.16.2/Source/StatisticsFunctions\arm_std_f16.c:57:20
	ldr	r1, [sp, #12]
	add.w	r2, sp, #6
	.loc	10 57 3                         @ D:/keil_1/keilpacks/ARM/CMSIS-DSP/1.16.2/Source/StatisticsFunctions\arm_std_f16.c:57:3
	bl	arm_var_f16
	ldr	r0, [sp]                        @ 4-byte Reload
	.loc	10 58 16 is_stmt 1              @ D:/keil_1/keilpacks/ARM/CMSIS-DSP/1.16.2/Source/StatisticsFunctions\arm_std_f16.c:58:16
	ldrh.w	r2, [sp, #6]
	.loc	10 58 21 is_stmt 0              @ D:/keil_1/keilpacks/ARM/CMSIS-DSP/1.16.2/Source/StatisticsFunctions\arm_std_f16.c:58:21
	ldr	r1, [sp, #8]
	strh.w	r2, [sp, #34]
	str	r1, [sp, #28]
.Ltmp37:
	.loc	8 65 36 is_stmt 1               @ D:/keil_1/keilpacks/ARM/CMSIS-DSP/1.16.2/Include\dsp/fast_math_functions_f16.h:65:36
	ldrh.w	r1, [sp, #34]
	.loc	8 65 25 is_stmt 0               @ D:/keil_1/keilpacks/ARM/CMSIS-DSP/1.16.2/Include\dsp/fast_math_functions_f16.h:65:25
	vmov	s0, r1
	vcvtb.f32.f16	s0, s0
	vstr	s0, [r0, #16]
	add	r1, sp, #24
	str	r1, [sp, #36]
.Ltmp38:
	.loc	9 238 9 is_stmt 1               @ D:/keil_1/keilpacks/ARM/CMSIS-DSP/1.16.2/Include\dsp/fast_math_functions.h:238:9
	vldr	s0, [r0, #16]
.Ltmp39:
	.loc	9 238 9 is_stmt 0               @ D:/keil_1/keilpacks/ARM/CMSIS-DSP/1.16.2/Include\dsp/fast_math_functions.h:238:9
	vcmp.f32	s0, #0
	vmrs	APSR_nzcv, fpscr
	blt	.LBB5_2
	b	.LBB5_1
.LBB5_1:
.Ltmp40:
	.loc	9 255 22 is_stmt 1              @ D:/keil_1/keilpacks/ARM/CMSIS-DSP/1.16.2/Include\dsp/fast_math_functions.h:255:22
	ldr	r0, [sp]                        @ 4-byte Reload
	vldr	s0, [r0, #16]
	.loc	9 255 15 is_stmt 0              @ D:/keil_1/keilpacks/ARM/CMSIS-DSP/1.16.2/Include\dsp/fast_math_functions.h:255:15
	bl	_sqrtf
	.loc	9 255 8                         @ D:/keil_1/keilpacks/ARM/CMSIS-DSP/1.16.2/Include\dsp/fast_math_functions.h:255:8
	ldr	r0, [sp, #36]
	.loc	9 255 13                        @ D:/keil_1/keilpacks/ARM/CMSIS-DSP/1.16.2/Include\dsp/fast_math_functions.h:255:13
	vstr	s0, [r0]
	movs	r0, #0
	.loc	9 268 7 is_stmt 1               @ D:/keil_1/keilpacks/ARM/CMSIS-DSP/1.16.2/Include\dsp/fast_math_functions.h:268:7
	strb.w	r0, [sp, #47]
	b	.LBB5_3
.Ltmp41:
.LBB5_2:
	.loc	9 272 8                         @ D:/keil_1/keilpacks/ARM/CMSIS-DSP/1.16.2/Include\dsp/fast_math_functions.h:272:8
	ldr	r1, [sp, #36]
	movs	r0, #0
	.loc	9 272 13 is_stmt 0              @ D:/keil_1/keilpacks/ARM/CMSIS-DSP/1.16.2/Include\dsp/fast_math_functions.h:272:13
	str	r0, [r1]
	movs	r0, #255
	.loc	9 273 7 is_stmt 1               @ D:/keil_1/keilpacks/ARM/CMSIS-DSP/1.16.2/Include\dsp/fast_math_functions.h:273:7
	strb.w	r0, [sp, #47]
	b	.LBB5_3
.Ltmp42:
.LBB5_3:
	.loc	9 275 3                         @ D:/keil_1/keilpacks/ARM/CMSIS-DSP/1.16.2/Include\dsp/fast_math_functions.h:275:3
	ldr	r0, [sp]                        @ 4-byte Reload
	ldrb.w	r1, [sp, #47]
.Ltmp43:
	.loc	8 65 11                         @ D:/keil_1/keilpacks/ARM/CMSIS-DSP/1.16.2/Include\dsp/fast_math_functions_f16.h:65:11
	strb.w	r1, [sp, #23]
	.loc	8 66 22                         @ D:/keil_1/keilpacks/ARM/CMSIS-DSP/1.16.2/Include\dsp/fast_math_functions_f16.h:66:22
	vldr	s2, [r0]
                                        @ implicit-def: $s0
	.loc	8 66 11 is_stmt 0               @ D:/keil_1/keilpacks/ARM/CMSIS-DSP/1.16.2/Include\dsp/fast_math_functions_f16.h:66:11
	vcvtb.f16.f32	s0, s2
	vmov	r0, s0
	.loc	8 66 6                          @ D:/keil_1/keilpacks/ARM/CMSIS-DSP/1.16.2/Include\dsp/fast_math_functions_f16.h:66:6
	ldr	r1, [sp, #28]
	.loc	8 66 10                         @ D:/keil_1/keilpacks/ARM/CMSIS-DSP/1.16.2/Include\dsp/fast_math_functions_f16.h:66:10
	strh	r0, [r1]
.Ltmp44:
	.loc	10 59 1 epilogue_begin is_stmt 1 @ D:/keil_1/keilpacks/ARM/CMSIS-DSP/1.16.2/Source/StatisticsFunctions\arm_std_f16.c:59:1
	add	sp, #48
	pop	{r7, pc}
.Ltmp45:
.Lfunc_end5:
	.size	arm_std_f16, .Lfunc_end5-arm_std_f16
	.cfi_endproc
	.cantunwind
	.fnend
                                        @ -- End function
	.section	.text.arm_var_f16,"ax",%progbits
	.hidden	arm_var_f16                     @ -- Begin function arm_var_f16
	.globl	arm_var_f16
	.p2align	3
	.type	arm_var_f16,%function
	.code	16                              @ @arm_var_f16
	.thumb_func
arm_var_f16:
.Lfunc_begin6:
	.file	11 "D:/keil_1/keilpacks/ARM/CMSIS-DSP/1.16.2/Source/StatisticsFunctions" "arm_var_f16.c"
	.loc	11 99 0                         @ D:/keil_1/keilpacks/ARM/CMSIS-DSP/1.16.2/Source/StatisticsFunctions\arm_var_f16.c:99:0
	.fnstart
	.cfi_startproc
@ %bb.0:
	.pad	#28
	sub	sp, #28
	.cfi_def_cfa_offset 28
	str	r0, [sp, #24]
	str	r1, [sp, #20]
	str	r2, [sp, #16]
	movs	r0, #0
.Ltmp46:
	.loc	11 101 18 prologue_end          @ D:/keil_1/keilpacks/ARM/CMSIS-DSP/1.16.2/Source/StatisticsFunctions\arm_var_f16.c:101:18
	strh.w	r0, [sp, #10]
	.loc	11 102 18                       @ D:/keil_1/keilpacks/ARM/CMSIS-DSP/1.16.2/Source/StatisticsFunctions\arm_var_f16.c:102:18
	strh.w	r0, [sp, #8]
	.loc	11 104 30                       @ D:/keil_1/keilpacks/ARM/CMSIS-DSP/1.16.2/Source/StatisticsFunctions\arm_var_f16.c:104:30
	ldr	r0, [sp, #24]
	.loc	11 104 21 is_stmt 0             @ D:/keil_1/keilpacks/ARM/CMSIS-DSP/1.16.2/Source/StatisticsFunctions\arm_var_f16.c:104:21
	str	r0, [sp]
.Ltmp47:
	.loc	11 106 7 is_stmt 1              @ D:/keil_1/keilpacks/ARM/CMSIS-DSP/1.16.2/Source/StatisticsFunctions\arm_var_f16.c:106:7
	ldr	r0, [sp, #20]
.Ltmp48:
	.loc	11 106 7 is_stmt 0              @ D:/keil_1/keilpacks/ARM/CMSIS-DSP/1.16.2/Source/StatisticsFunctions\arm_var_f16.c:106:7
	cmp	r0, #1
	bhi	.LBB6_2
	b	.LBB6_1
.LBB6_1:
.Ltmp49:
	.loc	11 108 6 is_stmt 1              @ D:/keil_1/keilpacks/ARM/CMSIS-DSP/1.16.2/Source/StatisticsFunctions\arm_var_f16.c:108:6
	ldr	r1, [sp, #16]
	movs	r0, #0
	.loc	11 108 14 is_stmt 0             @ D:/keil_1/keilpacks/ARM/CMSIS-DSP/1.16.2/Source/StatisticsFunctions\arm_var_f16.c:108:14
	strh	r0, [r1]
	.loc	11 109 5 is_stmt 1              @ D:/keil_1/keilpacks/ARM/CMSIS-DSP/1.16.2/Source/StatisticsFunctions\arm_var_f16.c:109:5
	b	.LBB6_9
.Ltmp50:
.LBB6_2:
	.loc	11 137 12                       @ D:/keil_1/keilpacks/ARM/CMSIS-DSP/1.16.2/Source/StatisticsFunctions\arm_var_f16.c:137:12
	ldr	r0, [sp, #20]
	.loc	11 137 10 is_stmt 0             @ D:/keil_1/keilpacks/ARM/CMSIS-DSP/1.16.2/Source/StatisticsFunctions\arm_var_f16.c:137:10
	str	r0, [sp, #12]
	.loc	11 141 3 is_stmt 1              @ D:/keil_1/keilpacks/ARM/CMSIS-DSP/1.16.2/Source/StatisticsFunctions\arm_var_f16.c:141:3
	b	.LBB6_3
.LBB6_3:                                @ =>This Inner Loop Header: Depth=1
	.loc	11 141 10 is_stmt 0             @ D:/keil_1/keilpacks/ARM/CMSIS-DSP/1.16.2/Source/StatisticsFunctions\arm_var_f16.c:141:10
	ldr	r0, [sp, #12]
	.loc	11 141 3                        @ D:/keil_1/keilpacks/ARM/CMSIS-DSP/1.16.2/Source/StatisticsFunctions\arm_var_f16.c:141:3
	cbz	r0, .LBB6_5
	b	.LBB6_4
.LBB6_4:                                @   in Loop: Header=BB6_3 Depth=1
.Ltmp51:
	.loc	11 145 29 is_stmt 1             @ D:/keil_1/keilpacks/ARM/CMSIS-DSP/1.16.2/Source/StatisticsFunctions\arm_var_f16.c:145:29
	ldr	r0, [sp]
	adds	r1, r0, #2
	str	r1, [sp]
	.loc	11 145 22 is_stmt 0             @ D:/keil_1/keilpacks/ARM/CMSIS-DSP/1.16.2/Source/StatisticsFunctions\arm_var_f16.c:145:22
	ldrh	r0, [r0]
	.loc	11 145 9                        @ D:/keil_1/keilpacks/ARM/CMSIS-DSP/1.16.2/Source/StatisticsFunctions\arm_var_f16.c:145:9
	vmov	s0, r0
	vcvtb.f32.f16	s2, s0
	ldrh.w	r0, [sp, #10]
	vmov	s0, r0
	vcvtb.f32.f16	s0, s0
	vadd.f32	s2, s0, s2
                                        @ implicit-def: $s0
	vcvtb.f16.f32	s0, s2
	vmov	r0, s0
	strh.w	r0, [sp, #10]
	.loc	11 148 11 is_stmt 1             @ D:/keil_1/keilpacks/ARM/CMSIS-DSP/1.16.2/Source/StatisticsFunctions\arm_var_f16.c:148:11
	ldr	r0, [sp, #12]
	subs	r0, #1
	str	r0, [sp, #12]
.Ltmp52:
	.loc	11 141 3                        @ D:/keil_1/keilpacks/ARM/CMSIS-DSP/1.16.2/Source/StatisticsFunctions\arm_var_f16.c:141:3
	b	.LBB6_3
.LBB6_5:
	.loc	11 152 21                       @ D:/keil_1/keilpacks/ARM/CMSIS-DSP/1.16.2/Source/StatisticsFunctions\arm_var_f16.c:152:21
	ldrh.w	r0, [sp, #10]
	.loc	11 152 25 is_stmt 0             @ D:/keil_1/keilpacks/ARM/CMSIS-DSP/1.16.2/Source/StatisticsFunctions\arm_var_f16.c:152:25
	vmov	s0, r0
	vcvtb.f32.f16	s0, s0
	.loc	11 152 27                       @ D:/keil_1/keilpacks/ARM/CMSIS-DSP/1.16.2/Source/StatisticsFunctions\arm_var_f16.c:152:27
	vldr	s2, [sp, #20]
	vcvt.f32.u32	s4, s2
                                        @ implicit-def: $s2
	vcvtb.f16.f32	s2, s4
	vmov	r0, s2
	.loc	11 152 25                       @ D:/keil_1/keilpacks/ARM/CMSIS-DSP/1.16.2/Source/StatisticsFunctions\arm_var_f16.c:152:25
	vmov	s2, r0
	vcvtb.f32.f16	s2, s2
	vdiv.f32	s2, s0, s2
                                        @ implicit-def: $s0
	vcvtb.f16.f32	s0, s2
	vmov	r0, s0
	.loc	11 152 9                        @ D:/keil_1/keilpacks/ARM/CMSIS-DSP/1.16.2/Source/StatisticsFunctions\arm_var_f16.c:152:9
	strh.w	r0, [sp, #6]
	.loc	11 154 12 is_stmt 1             @ D:/keil_1/keilpacks/ARM/CMSIS-DSP/1.16.2/Source/StatisticsFunctions\arm_var_f16.c:154:12
	ldr	r0, [sp, #24]
	.loc	11 154 10 is_stmt 0             @ D:/keil_1/keilpacks/ARM/CMSIS-DSP/1.16.2/Source/StatisticsFunctions\arm_var_f16.c:154:10
	str	r0, [sp]
	.loc	11 185 12 is_stmt 1             @ D:/keil_1/keilpacks/ARM/CMSIS-DSP/1.16.2/Source/StatisticsFunctions\arm_var_f16.c:185:12
	ldr	r0, [sp, #20]
	.loc	11 185 10 is_stmt 0             @ D:/keil_1/keilpacks/ARM/CMSIS-DSP/1.16.2/Source/StatisticsFunctions\arm_var_f16.c:185:10
	str	r0, [sp, #12]
	.loc	11 189 3 is_stmt 1              @ D:/keil_1/keilpacks/ARM/CMSIS-DSP/1.16.2/Source/StatisticsFunctions\arm_var_f16.c:189:3
	b	.LBB6_6
.LBB6_6:                                @ =>This Inner Loop Header: Depth=1
	.loc	11 189 10 is_stmt 0             @ D:/keil_1/keilpacks/ARM/CMSIS-DSP/1.16.2/Source/StatisticsFunctions\arm_var_f16.c:189:10
	ldr	r0, [sp, #12]
	.loc	11 189 3                        @ D:/keil_1/keilpacks/ARM/CMSIS-DSP/1.16.2/Source/StatisticsFunctions\arm_var_f16.c:189:3
	cbz	r0, .LBB6_8
	b	.LBB6_7
.LBB6_7:                                @   in Loop: Header=BB6_6 Depth=1
.Ltmp53:
	.loc	11 191 31 is_stmt 1             @ D:/keil_1/keilpacks/ARM/CMSIS-DSP/1.16.2/Source/StatisticsFunctions\arm_var_f16.c:191:31
	ldr	r0, [sp]
	adds	r1, r0, #2
	str	r1, [sp]
	.loc	11 191 24 is_stmt 0             @ D:/keil_1/keilpacks/ARM/CMSIS-DSP/1.16.2/Source/StatisticsFunctions\arm_var_f16.c:191:24
	ldrh	r0, [r0]
	.loc	11 191 34                       @ D:/keil_1/keilpacks/ARM/CMSIS-DSP/1.16.2/Source/StatisticsFunctions\arm_var_f16.c:191:34
	vmov	s0, r0
	vcvtb.f32.f16	s0, s0
	.loc	11 191 46                       @ D:/keil_1/keilpacks/ARM/CMSIS-DSP/1.16.2/Source/StatisticsFunctions\arm_var_f16.c:191:46
	ldrh.w	r0, [sp, #6]
	.loc	11 191 34                       @ D:/keil_1/keilpacks/ARM/CMSIS-DSP/1.16.2/Source/StatisticsFunctions\arm_var_f16.c:191:34
	vmov	s2, r0
	vcvtb.f32.f16	s2, s2
	vsub.f32	s2, s0, s2
                                        @ implicit-def: $s0
	vcvtb.f16.f32	s0, s2
	vmov	r0, s0
	.loc	11 191 12                       @ D:/keil_1/keilpacks/ARM/CMSIS-DSP/1.16.2/Source/StatisticsFunctions\arm_var_f16.c:191:12
	strh.w	r0, [sp, #4]
	.loc	11 192 23 is_stmt 1             @ D:/keil_1/keilpacks/ARM/CMSIS-DSP/1.16.2/Source/StatisticsFunctions\arm_var_f16.c:192:23
	ldrh.w	r0, [sp, #4]
	.loc	11 192 10 is_stmt 0             @ D:/keil_1/keilpacks/ARM/CMSIS-DSP/1.16.2/Source/StatisticsFunctions\arm_var_f16.c:192:10
	vmov	s0, r0
	vcvtb.f32.f16	s0, s0
	ldrh.w	r0, [sp, #8]
	vmov	s2, r0
	vcvtb.f32.f16	s2, s2
	vfma.f32	s2, s0, s0
                                        @ implicit-def: $s0
	vcvtb.f16.f32	s0, s2
	vmov	r0, s0
	strh.w	r0, [sp, #8]
	.loc	11 195 11 is_stmt 1             @ D:/keil_1/keilpacks/ARM/CMSIS-DSP/1.16.2/Source/StatisticsFunctions\arm_var_f16.c:195:11
	ldr	r0, [sp, #12]
	subs	r0, #1
	str	r0, [sp, #12]
.Ltmp54:
	.loc	11 189 3                        @ D:/keil_1/keilpacks/ARM/CMSIS-DSP/1.16.2/Source/StatisticsFunctions\arm_var_f16.c:189:3
	b	.LBB6_6
.LBB6_8:
	.loc	11 199 24                       @ D:/keil_1/keilpacks/ARM/CMSIS-DSP/1.16.2/Source/StatisticsFunctions\arm_var_f16.c:199:24
	ldrh.w	r0, [sp, #8]
	.loc	11 199 29 is_stmt 0             @ D:/keil_1/keilpacks/ARM/CMSIS-DSP/1.16.2/Source/StatisticsFunctions\arm_var_f16.c:199:29
	vmov	s0, r0
	vcvtb.f32.f16	s0, s0
	.loc	11 199 32                       @ D:/keil_1/keilpacks/ARM/CMSIS-DSP/1.16.2/Source/StatisticsFunctions\arm_var_f16.c:199:32
	vldr	s2, [sp, #20]
	vcvt.f32.u32	s4, s2
                                        @ implicit-def: $s2
	vcvtb.f16.f32	s2, s4
	vmov	r0, s2
	.loc	11 199 29                       @ D:/keil_1/keilpacks/ARM/CMSIS-DSP/1.16.2/Source/StatisticsFunctions\arm_var_f16.c:199:29
	vmov	s2, r0
	vcvtb.f32.f16	s2, s2
	vmov.f32	s4, #-1.000000e+00
	vadd.f32	s2, s2, s4
	vdiv.f32	s2, s0, s2
                                        @ implicit-def: $s0
	vcvtb.f16.f32	s0, s2
	vmov	r0, s0
	.loc	11 199 4                        @ D:/keil_1/keilpacks/ARM/CMSIS-DSP/1.16.2/Source/StatisticsFunctions\arm_var_f16.c:199:4
	ldr	r1, [sp, #16]
	.loc	11 199 12                       @ D:/keil_1/keilpacks/ARM/CMSIS-DSP/1.16.2/Source/StatisticsFunctions\arm_var_f16.c:199:12
	strh	r0, [r1]
	.loc	11 200 1 is_stmt 1              @ D:/keil_1/keilpacks/ARM/CMSIS-DSP/1.16.2/Source/StatisticsFunctions\arm_var_f16.c:200:1
	b	.LBB6_9
.LBB6_9:
	.loc	11 200 1 epilogue_begin is_stmt 0 @ D:/keil_1/keilpacks/ARM/CMSIS-DSP/1.16.2/Source/StatisticsFunctions\arm_var_f16.c:200:1
	add	sp, #28
	bx	lr
.Ltmp55:
.Lfunc_end6:
	.size	arm_var_f16, .Lfunc_end6-arm_var_f16
	.cfi_endproc
	.cantunwind
	.fnend
                                        @ -- End function
	.section	.text.arm_entropy_f16,"ax",%progbits
	.hidden	arm_entropy_f16                 @ -- Begin function arm_entropy_f16
	.globl	arm_entropy_f16
	.p2align	3
	.type	arm_entropy_f16,%function
	.code	16                              @ @arm_entropy_f16
	.thumb_func
arm_entropy_f16:
.Lfunc_begin7:
	.file	12 "D:/keil_1/keilpacks/ARM/CMSIS-DSP/1.16.2/Source/StatisticsFunctions" "arm_entropy_f16.c"
	.loc	12 112 0 is_stmt 1              @ D:/keil_1/keilpacks/ARM/CMSIS-DSP/1.16.2/Source/StatisticsFunctions\arm_entropy_f16.c:112:0
	.fnstart
	.cfi_startproc
@ %bb.0:
	.save	{r7, lr}
	push	{r7, lr}
	.cfi_def_cfa_offset 8
	.cfi_offset lr, -4
	.cfi_offset r7, -8
	.pad	#24
	sub	sp, #24
	.cfi_def_cfa_offset 32
	str	r0, [sp, #20]
	str	r1, [sp, #16]
.Ltmp56:
	.loc	12 117 11 prologue_end          @ D:/keil_1/keilpacks/ARM/CMSIS-DSP/1.16.2/Source/StatisticsFunctions\arm_entropy_f16.c:117:11
	ldr	r0, [sp, #20]
	.loc	12 117 9 is_stmt 0              @ D:/keil_1/keilpacks/ARM/CMSIS-DSP/1.16.2/Source/StatisticsFunctions\arm_entropy_f16.c:117:9
	str	r0, [sp, #12]
	.loc	12 118 14 is_stmt 1             @ D:/keil_1/keilpacks/ARM/CMSIS-DSP/1.16.2/Source/StatisticsFunctions\arm_entropy_f16.c:118:14
	ldr	r0, [sp, #16]
	.loc	12 118 12 is_stmt 0             @ D:/keil_1/keilpacks/ARM/CMSIS-DSP/1.16.2/Source/StatisticsFunctions\arm_entropy_f16.c:118:12
	str	r0, [sp, #8]
	movs	r0, #0
	.loc	12 120 11 is_stmt 1             @ D:/keil_1/keilpacks/ARM/CMSIS-DSP/1.16.2/Source/StatisticsFunctions\arm_entropy_f16.c:120:11
	strh.w	r0, [sp, #6]
	.loc	12 122 5                        @ D:/keil_1/keilpacks/ARM/CMSIS-DSP/1.16.2/Source/StatisticsFunctions\arm_entropy_f16.c:122:5
	b	.LBB7_1
.LBB7_1:                                @ =>This Inner Loop Header: Depth=1
	.loc	12 122 11 is_stmt 0             @ D:/keil_1/keilpacks/ARM/CMSIS-DSP/1.16.2/Source/StatisticsFunctions\arm_entropy_f16.c:122:11
	ldr	r0, [sp, #8]
	.loc	12 122 5                        @ D:/keil_1/keilpacks/ARM/CMSIS-DSP/1.16.2/Source/StatisticsFunctions\arm_entropy_f16.c:122:5
	cbz	r0, .LBB7_3
	b	.LBB7_2
.LBB7_2:                                @   in Loop: Header=BB7_1 Depth=1
.Ltmp57:
	.loc	12 124 16 is_stmt 1             @ D:/keil_1/keilpacks/ARM/CMSIS-DSP/1.16.2/Source/StatisticsFunctions\arm_entropy_f16.c:124:16
	ldr	r0, [sp, #12]
	adds	r1, r0, #2
	str	r1, [sp, #12]
	.loc	12 124 12 is_stmt 0             @ D:/keil_1/keilpacks/ARM/CMSIS-DSP/1.16.2/Source/StatisticsFunctions\arm_entropy_f16.c:124:12
	ldrh	r0, [r0]
	.loc	12 124 10                       @ D:/keil_1/keilpacks/ARM/CMSIS-DSP/1.16.2/Source/StatisticsFunctions\arm_entropy_f16.c:124:10
	strh.w	r0, [sp, #4]
	.loc	12 125 17 is_stmt 1             @ D:/keil_1/keilpacks/ARM/CMSIS-DSP/1.16.2/Source/StatisticsFunctions\arm_entropy_f16.c:125:17
	ldrh.w	r0, [sp, #4]
	.loc	12 125 14 is_stmt 0             @ D:/keil_1/keilpacks/ARM/CMSIS-DSP/1.16.2/Source/StatisticsFunctions\arm_entropy_f16.c:125:14
	vmov	s0, r0
	vcvtb.f32.f16	s0, s0
	vstr	s0, [sp]                        @ 4-byte Spill
	.loc	12 125 31                       @ D:/keil_1/keilpacks/ARM/CMSIS-DSP/1.16.2/Source/StatisticsFunctions\arm_entropy_f16.c:125:31
	bl	__hardfp_logf
	vmov.f32	s4, s0
	.loc	12 125 21                       @ D:/keil_1/keilpacks/ARM/CMSIS-DSP/1.16.2/Source/StatisticsFunctions\arm_entropy_f16.c:125:21
	vldr	s0, [sp]                        @ 4-byte Reload
                                        @ implicit-def: $s2
	vcvtb.f16.f32	s2, s4
	vmov	r0, s2
	.loc	12 125 14                       @ D:/keil_1/keilpacks/ARM/CMSIS-DSP/1.16.2/Source/StatisticsFunctions\arm_entropy_f16.c:125:14
	vmov	s2, r0
	vcvtb.f32.f16	s4, s2
	ldrh.w	r0, [sp, #6]
	vmov	s2, r0
	vcvtb.f32.f16	s2, s2
	vfma.f32	s2, s0, s4
                                        @ implicit-def: $s0
	vcvtb.f16.f32	s0, s2
	vmov	r0, s0
	strh.w	r0, [sp, #6]
	.loc	12 127 14 is_stmt 1             @ D:/keil_1/keilpacks/ARM/CMSIS-DSP/1.16.2/Source/StatisticsFunctions\arm_entropy_f16.c:127:14
	ldr	r0, [sp, #8]
	subs	r0, #1
	str	r0, [sp, #8]
.Ltmp58:
	.loc	12 122 5                        @ D:/keil_1/keilpacks/ARM/CMSIS-DSP/1.16.2/Source/StatisticsFunctions\arm_entropy_f16.c:122:5
	b	.LBB7_1
.LBB7_3:
	.loc	12 131 13                       @ D:/keil_1/keilpacks/ARM/CMSIS-DSP/1.16.2/Source/StatisticsFunctions\arm_entropy_f16.c:131:13
	ldrh.w	r0, [sp, #6]
	.loc	12 131 12 is_stmt 0             @ D:/keil_1/keilpacks/ARM/CMSIS-DSP/1.16.2/Source/StatisticsFunctions\arm_entropy_f16.c:131:12
	vmov	s0, r0
	vcvtb.f32.f16	s0, s0
	vneg.f32	s2, s0
                                        @ implicit-def: $s0
	vcvtb.f16.f32	s0, s2
	vmov	r0, s0
	.loc	12 131 5                        @ D:/keil_1/keilpacks/ARM/CMSIS-DSP/1.16.2/Source/StatisticsFunctions\arm_entropy_f16.c:131:5
	vmov	s0, r0
	.loc	12 131 5 epilogue_begin         @ D:/keil_1/keilpacks/ARM/CMSIS-DSP/1.16.2/Source/StatisticsFunctions\arm_entropy_f16.c:131:5
	add	sp, #24
	pop	{r7, pc}
.Ltmp59:
.Lfunc_end7:
	.size	arm_entropy_f16, .Lfunc_end7-arm_entropy_f16
	.cfi_endproc
	.cantunwind
	.fnend
                                        @ -- End function
	.section	.text.arm_kullback_leibler_f16,"ax",%progbits
	.hidden	arm_kullback_leibler_f16        @ -- Begin function arm_kullback_leibler_f16
	.globl	arm_kullback_leibler_f16
	.p2align	3
	.type	arm_kullback_leibler_f16,%function
	.code	16                              @ @arm_kullback_leibler_f16
	.thumb_func
arm_kullback_leibler_f16:
.Lfunc_begin8:
	.file	13 "D:/keil_1/keilpacks/ARM/CMSIS-DSP/1.16.2/Source/StatisticsFunctions" "arm_kullback_leibler_f16.c"
	.loc	13 122 0 is_stmt 1              @ D:/keil_1/keilpacks/ARM/CMSIS-DSP/1.16.2/Source/StatisticsFunctions\arm_kullback_leibler_f16.c:122:0
	.fnstart
	.cfi_startproc
@ %bb.0:
	.save	{r7, lr}
	push	{r7, lr}
	.cfi_def_cfa_offset 8
	.cfi_offset lr, -4
	.cfi_offset r7, -8
	.pad	#40
	sub	sp, #40
	.cfi_def_cfa_offset 48
	str	r0, [sp, #36]
	str	r1, [sp, #32]
	str	r2, [sp, #28]
.Ltmp60:
	.loc	13 127 12 prologue_end          @ D:/keil_1/keilpacks/ARM/CMSIS-DSP/1.16.2/Source/StatisticsFunctions\arm_kullback_leibler_f16.c:127:12
	ldr	r0, [sp, #36]
	.loc	13 127 10 is_stmt 0             @ D:/keil_1/keilpacks/ARM/CMSIS-DSP/1.16.2/Source/StatisticsFunctions\arm_kullback_leibler_f16.c:127:10
	str	r0, [sp, #24]
	.loc	13 128 12 is_stmt 1             @ D:/keil_1/keilpacks/ARM/CMSIS-DSP/1.16.2/Source/StatisticsFunctions\arm_kullback_leibler_f16.c:128:12
	ldr	r0, [sp, #32]
	.loc	13 128 10 is_stmt 0             @ D:/keil_1/keilpacks/ARM/CMSIS-DSP/1.16.2/Source/StatisticsFunctions\arm_kullback_leibler_f16.c:128:10
	str	r0, [sp, #20]
	.loc	13 129 14 is_stmt 1             @ D:/keil_1/keilpacks/ARM/CMSIS-DSP/1.16.2/Source/StatisticsFunctions\arm_kullback_leibler_f16.c:129:14
	ldr	r0, [sp, #28]
	.loc	13 129 12 is_stmt 0             @ D:/keil_1/keilpacks/ARM/CMSIS-DSP/1.16.2/Source/StatisticsFunctions\arm_kullback_leibler_f16.c:129:12
	str	r0, [sp, #16]
	movs	r0, #0
	.loc	13 131 11 is_stmt 1             @ D:/keil_1/keilpacks/ARM/CMSIS-DSP/1.16.2/Source/StatisticsFunctions\arm_kullback_leibler_f16.c:131:11
	strh.w	r0, [sp, #14]
	.loc	13 133 5                        @ D:/keil_1/keilpacks/ARM/CMSIS-DSP/1.16.2/Source/StatisticsFunctions\arm_kullback_leibler_f16.c:133:5
	b	.LBB8_1
.LBB8_1:                                @ =>This Inner Loop Header: Depth=1
	.loc	13 133 11 is_stmt 0             @ D:/keil_1/keilpacks/ARM/CMSIS-DSP/1.16.2/Source/StatisticsFunctions\arm_kullback_leibler_f16.c:133:11
	ldr	r0, [sp, #16]
	.loc	13 133 5                        @ D:/keil_1/keilpacks/ARM/CMSIS-DSP/1.16.2/Source/StatisticsFunctions\arm_kullback_leibler_f16.c:133:5
	cbz	r0, .LBB8_3
	b	.LBB8_2
.LBB8_2:                                @   in Loop: Header=BB8_1 Depth=1
.Ltmp61:
	.loc	13 135 18 is_stmt 1             @ D:/keil_1/keilpacks/ARM/CMSIS-DSP/1.16.2/Source/StatisticsFunctions\arm_kullback_leibler_f16.c:135:18
	ldr	r0, [sp, #24]
	adds	r1, r0, #2
	str	r1, [sp, #24]
	.loc	13 135 13 is_stmt 0             @ D:/keil_1/keilpacks/ARM/CMSIS-DSP/1.16.2/Source/StatisticsFunctions\arm_kullback_leibler_f16.c:135:13
	ldrh	r0, [r0]
	.loc	13 135 11                       @ D:/keil_1/keilpacks/ARM/CMSIS-DSP/1.16.2/Source/StatisticsFunctions\arm_kullback_leibler_f16.c:135:11
	strh.w	r0, [sp, #12]
	.loc	13 136 18 is_stmt 1             @ D:/keil_1/keilpacks/ARM/CMSIS-DSP/1.16.2/Source/StatisticsFunctions\arm_kullback_leibler_f16.c:136:18
	ldr	r0, [sp, #20]
	adds	r1, r0, #2
	str	r1, [sp, #20]
	.loc	13 136 13 is_stmt 0             @ D:/keil_1/keilpacks/ARM/CMSIS-DSP/1.16.2/Source/StatisticsFunctions\arm_kullback_leibler_f16.c:136:13
	ldrh	r0, [r0]
	.loc	13 136 11                       @ D:/keil_1/keilpacks/ARM/CMSIS-DSP/1.16.2/Source/StatisticsFunctions\arm_kullback_leibler_f16.c:136:11
	strh.w	r0, [sp, #10]
	.loc	13 137 17 is_stmt 1             @ D:/keil_1/keilpacks/ARM/CMSIS-DSP/1.16.2/Source/StatisticsFunctions\arm_kullback_leibler_f16.c:137:17
	ldrh.w	r0, [sp, #12]
	.loc	13 137 14 is_stmt 0             @ D:/keil_1/keilpacks/ARM/CMSIS-DSP/1.16.2/Source/StatisticsFunctions\arm_kullback_leibler_f16.c:137:14
	vmov	s0, r0
	vcvtb.f32.f16	s2, s0
	vstr	s2, [sp, #4]                    @ 4-byte Spill
	.loc	13 137 48                       @ D:/keil_1/keilpacks/ARM/CMSIS-DSP/1.16.2/Source/StatisticsFunctions\arm_kullback_leibler_f16.c:137:48
	ldrh.w	r0, [sp, #10]
	.loc	13 137 37                       @ D:/keil_1/keilpacks/ARM/CMSIS-DSP/1.16.2/Source/StatisticsFunctions\arm_kullback_leibler_f16.c:137:37
	vmov	s0, r0
	vcvtb.f32.f16	s0, s0
	.loc	13 137 51                       @ D:/keil_1/keilpacks/ARM/CMSIS-DSP/1.16.2/Source/StatisticsFunctions\arm_kullback_leibler_f16.c:137:51
	vdiv.f32	s0, s0, s2
	.loc	13 137 32                       @ D:/keil_1/keilpacks/ARM/CMSIS-DSP/1.16.2/Source/StatisticsFunctions\arm_kullback_leibler_f16.c:137:32
	bl	__hardfp_logf
	vmov.f32	s4, s0
	.loc	13 137 22                       @ D:/keil_1/keilpacks/ARM/CMSIS-DSP/1.16.2/Source/StatisticsFunctions\arm_kullback_leibler_f16.c:137:22
	vldr	s0, [sp, #4]                    @ 4-byte Reload
                                        @ implicit-def: $s2
	vcvtb.f16.f32	s2, s4
	vmov	r0, s2
	.loc	13 137 14                       @ D:/keil_1/keilpacks/ARM/CMSIS-DSP/1.16.2/Source/StatisticsFunctions\arm_kullback_leibler_f16.c:137:14
	vmov	s2, r0
	vcvtb.f32.f16	s4, s2
	ldrh.w	r0, [sp, #14]
	vmov	s2, r0
	vcvtb.f32.f16	s2, s2
	vfma.f32	s2, s0, s4
                                        @ implicit-def: $s0
	vcvtb.f16.f32	s0, s2
	vmov	r0, s0
	strh.w	r0, [sp, #14]
	.loc	13 139 14 is_stmt 1             @ D:/keil_1/keilpacks/ARM/CMSIS-DSP/1.16.2/Source/StatisticsFunctions\arm_kullback_leibler_f16.c:139:14
	ldr	r0, [sp, #16]
	subs	r0, #1
	str	r0, [sp, #16]
.Ltmp62:
	.loc	13 133 5                        @ D:/keil_1/keilpacks/ARM/CMSIS-DSP/1.16.2/Source/StatisticsFunctions\arm_kullback_leibler_f16.c:133:5
	b	.LBB8_1
.LBB8_3:
	.loc	13 143 13                       @ D:/keil_1/keilpacks/ARM/CMSIS-DSP/1.16.2/Source/StatisticsFunctions\arm_kullback_leibler_f16.c:143:13
	ldrh.w	r0, [sp, #14]
	.loc	13 143 12 is_stmt 0             @ D:/keil_1/keilpacks/ARM/CMSIS-DSP/1.16.2/Source/StatisticsFunctions\arm_kullback_leibler_f16.c:143:12
	vmov	s0, r0
	vcvtb.f32.f16	s0, s0
	vneg.f32	s2, s0
                                        @ implicit-def: $s0
	vcvtb.f16.f32	s0, s2
	vmov	r0, s0
	.loc	13 143 5                        @ D:/keil_1/keilpacks/ARM/CMSIS-DSP/1.16.2/Source/StatisticsFunctions\arm_kullback_leibler_f16.c:143:5
	vmov	s0, r0
	.loc	13 143 5 epilogue_begin         @ D:/keil_1/keilpacks/ARM/CMSIS-DSP/1.16.2/Source/StatisticsFunctions\arm_kullback_leibler_f16.c:143:5
	add	sp, #40
	pop	{r7, pc}
.Ltmp63:
.Lfunc_end8:
	.size	arm_kullback_leibler_f16, .Lfunc_end8-arm_kullback_leibler_f16
	.cfi_endproc
	.cantunwind
	.fnend
                                        @ -- End function
	.section	.text.arm_logsumexp_dot_prod_f16,"ax",%progbits
	.hidden	arm_logsumexp_dot_prod_f16      @ -- Begin function arm_logsumexp_dot_prod_f16
	.globl	arm_logsumexp_dot_prod_f16
	.p2align	3
	.type	arm_logsumexp_dot_prod_f16,%function
	.code	16                              @ @arm_logsumexp_dot_prod_f16
	.thumb_func
arm_logsumexp_dot_prod_f16:
.Lfunc_begin9:
	.file	14 "D:/keil_1/keilpacks/ARM/CMSIS-DSP/1.16.2/Source/StatisticsFunctions" "arm_logsumexp_dot_prod_f16.c"
	.loc	14 71 0 is_stmt 1               @ D:/keil_1/keilpacks/ARM/CMSIS-DSP/1.16.2/Source/StatisticsFunctions\arm_logsumexp_dot_prod_f16.c:71:0
	.fnstart
	.cfi_startproc
@ %bb.0:
	.save	{r7, lr}
	push	{r7, lr}
	.cfi_def_cfa_offset 8
	.cfi_offset lr, -4
	.cfi_offset r7, -8
	.pad	#24
	sub	sp, #24
	.cfi_def_cfa_offset 32
	str	r0, [sp, #20]
	str	r1, [sp, #16]
	str	r2, [sp, #12]
	str	r3, [sp, #8]
.Ltmp64:
	.loc	14 73 29 prologue_end           @ D:/keil_1/keilpacks/ARM/CMSIS-DSP/1.16.2/Source/StatisticsFunctions\arm_logsumexp_dot_prod_f16.c:73:29
	ldr	r0, [sp, #20]
	.loc	14 73 48 is_stmt 0              @ D:/keil_1/keilpacks/ARM/CMSIS-DSP/1.16.2/Source/StatisticsFunctions\arm_logsumexp_dot_prod_f16.c:73:48
	ldr	r1, [sp, #16]
	.loc	14 73 55                        @ D:/keil_1/keilpacks/ARM/CMSIS-DSP/1.16.2/Source/StatisticsFunctions\arm_logsumexp_dot_prod_f16.c:73:55
	ldr	r2, [sp, #8]
	.loc	14 73 67                        @ D:/keil_1/keilpacks/ARM/CMSIS-DSP/1.16.2/Source/StatisticsFunctions\arm_logsumexp_dot_prod_f16.c:73:67
	ldr	r3, [sp, #12]
	.loc	14 73 5                         @ D:/keil_1/keilpacks/ARM/CMSIS-DSP/1.16.2/Source/StatisticsFunctions\arm_logsumexp_dot_prod_f16.c:73:5
	bl	arm_add_f16
	.loc	14 75 32 is_stmt 1              @ D:/keil_1/keilpacks/ARM/CMSIS-DSP/1.16.2/Source/StatisticsFunctions\arm_logsumexp_dot_prod_f16.c:75:32
	ldr	r0, [sp, #8]
	.loc	14 75 44 is_stmt 0              @ D:/keil_1/keilpacks/ARM/CMSIS-DSP/1.16.2/Source/StatisticsFunctions\arm_logsumexp_dot_prod_f16.c:75:44
	ldr	r1, [sp, #12]
	.loc	14 75 14                        @ D:/keil_1/keilpacks/ARM/CMSIS-DSP/1.16.2/Source/StatisticsFunctions\arm_logsumexp_dot_prod_f16.c:75:14
	bl	arm_logsumexp_f16
	vmov	r0, s0
	.loc	14 75 12                        @ D:/keil_1/keilpacks/ARM/CMSIS-DSP/1.16.2/Source/StatisticsFunctions\arm_logsumexp_dot_prod_f16.c:75:12
	strh.w	r0, [sp, #6]
	.loc	14 76 5 is_stmt 1               @ D:/keil_1/keilpacks/ARM/CMSIS-DSP/1.16.2/Source/StatisticsFunctions\arm_logsumexp_dot_prod_f16.c:76:5
	ldrh.w	r0, [sp, #6]
	vmov	s0, r0
	.loc	14 76 5 epilogue_begin is_stmt 0 @ D:/keil_1/keilpacks/ARM/CMSIS-DSP/1.16.2/Source/StatisticsFunctions\arm_logsumexp_dot_prod_f16.c:76:5
	add	sp, #24
	pop	{r7, pc}
.Ltmp65:
.Lfunc_end9:
	.size	arm_logsumexp_dot_prod_f16, .Lfunc_end9-arm_logsumexp_dot_prod_f16
	.cfi_endproc
	.cantunwind
	.fnend
                                        @ -- End function
	.section	.text.arm_logsumexp_f16,"ax",%progbits
	.hidden	arm_logsumexp_f16               @ -- Begin function arm_logsumexp_f16
	.globl	arm_logsumexp_f16
	.p2align	3
	.type	arm_logsumexp_f16,%function
	.code	16                              @ @arm_logsumexp_f16
	.thumb_func
arm_logsumexp_f16:
.Lfunc_begin10:
	.file	15 "D:/keil_1/keilpacks/ARM/CMSIS-DSP/1.16.2/Source/StatisticsFunctions" "arm_logsumexp_f16.c"
	.loc	15 126 0 is_stmt 1              @ D:/keil_1/keilpacks/ARM/CMSIS-DSP/1.16.2/Source/StatisticsFunctions\arm_logsumexp_f16.c:126:0
	.fnstart
	.cfi_startproc
@ %bb.0:
	.save	{r7, lr}
	push	{r7, lr}
	.cfi_def_cfa_offset 8
	.cfi_offset lr, -4
	.cfi_offset r7, -8
	.pad	#32
	sub	sp, #32
	.cfi_def_cfa_offset 40
	str	r0, [sp, #28]
	str	r1, [sp, #24]
.Ltmp66:
	.loc	15 133 11 prologue_end          @ D:/keil_1/keilpacks/ARM/CMSIS-DSP/1.16.2/Source/StatisticsFunctions\arm_logsumexp_f16.c:133:11
	ldr	r0, [sp, #28]
	.loc	15 133 9 is_stmt 0              @ D:/keil_1/keilpacks/ARM/CMSIS-DSP/1.16.2/Source/StatisticsFunctions\arm_logsumexp_f16.c:133:9
	str	r0, [sp, #16]
	.loc	15 134 14 is_stmt 1             @ D:/keil_1/keilpacks/ARM/CMSIS-DSP/1.16.2/Source/StatisticsFunctions\arm_logsumexp_f16.c:134:14
	ldr	r0, [sp, #24]
	.loc	15 134 12 is_stmt 0             @ D:/keil_1/keilpacks/ARM/CMSIS-DSP/1.16.2/Source/StatisticsFunctions\arm_logsumexp_f16.c:134:12
	str	r0, [sp, #12]
	.loc	15 136 18 is_stmt 1             @ D:/keil_1/keilpacks/ARM/CMSIS-DSP/1.16.2/Source/StatisticsFunctions\arm_logsumexp_f16.c:136:18
	ldr	r0, [sp, #16]
	adds	r1, r0, #2
	str	r1, [sp, #16]
	.loc	15 136 14 is_stmt 0             @ D:/keil_1/keilpacks/ARM/CMSIS-DSP/1.16.2/Source/StatisticsFunctions\arm_logsumexp_f16.c:136:14
	ldrh	r0, [r0]
	.loc	15 136 12                       @ D:/keil_1/keilpacks/ARM/CMSIS-DSP/1.16.2/Source/StatisticsFunctions\arm_logsumexp_f16.c:136:12
	strh.w	r0, [sp, #22]
	.loc	15 137 11 is_stmt 1             @ D:/keil_1/keilpacks/ARM/CMSIS-DSP/1.16.2/Source/StatisticsFunctions\arm_logsumexp_f16.c:137:11
	ldr	r0, [sp, #12]
	subs	r0, #1
	str	r0, [sp, #12]
	.loc	15 139 5                        @ D:/keil_1/keilpacks/ARM/CMSIS-DSP/1.16.2/Source/StatisticsFunctions\arm_logsumexp_f16.c:139:5
	b	.LBB10_1
.LBB10_1:                               @ =>This Inner Loop Header: Depth=1
	.loc	15 139 11 is_stmt 0             @ D:/keil_1/keilpacks/ARM/CMSIS-DSP/1.16.2/Source/StatisticsFunctions\arm_logsumexp_f16.c:139:11
	ldr	r0, [sp, #12]
	.loc	15 139 5                        @ D:/keil_1/keilpacks/ARM/CMSIS-DSP/1.16.2/Source/StatisticsFunctions\arm_logsumexp_f16.c:139:5
	cbz	r0, .LBB10_5
	b	.LBB10_2
.LBB10_2:                               @   in Loop: Header=BB10_1 Depth=1
.Ltmp67:
	.loc	15 141 18 is_stmt 1             @ D:/keil_1/keilpacks/ARM/CMSIS-DSP/1.16.2/Source/StatisticsFunctions\arm_logsumexp_f16.c:141:18
	ldr	r0, [sp, #16]
	adds	r1, r0, #2
	str	r1, [sp, #16]
	.loc	15 141 14 is_stmt 0             @ D:/keil_1/keilpacks/ARM/CMSIS-DSP/1.16.2/Source/StatisticsFunctions\arm_logsumexp_f16.c:141:14
	ldrh	r0, [r0]
	.loc	15 141 12                       @ D:/keil_1/keilpacks/ARM/CMSIS-DSP/1.16.2/Source/StatisticsFunctions\arm_logsumexp_f16.c:141:12
	strh.w	r0, [sp, #20]
.Ltmp68:
	.loc	15 143 12 is_stmt 1             @ D:/keil_1/keilpacks/ARM/CMSIS-DSP/1.16.2/Source/StatisticsFunctions\arm_logsumexp_f16.c:143:12
	ldrh.w	r0, [sp, #20]
	.loc	15 143 18 is_stmt 0             @ D:/keil_1/keilpacks/ARM/CMSIS-DSP/1.16.2/Source/StatisticsFunctions\arm_logsumexp_f16.c:143:18
	ldrh.w	r1, [sp, #22]
	.loc	15 143 16                       @ D:/keil_1/keilpacks/ARM/CMSIS-DSP/1.16.2/Source/StatisticsFunctions\arm_logsumexp_f16.c:143:16
	vmov	s0, r1
	vcvtb.f32.f16	s2, s0
	vmov	s0, r0
	vcvtb.f32.f16	s0, s0
.Ltmp69:
	.loc	15 143 12                       @ D:/keil_1/keilpacks/ARM/CMSIS-DSP/1.16.2/Source/StatisticsFunctions\arm_logsumexp_f16.c:143:12
	vcmp.f32	s0, s2
	vmrs	APSR_nzcv, fpscr
	ble	.LBB10_4
	b	.LBB10_3
.LBB10_3:                               @   in Loop: Header=BB10_1 Depth=1
.Ltmp70:
	.loc	15 145 20 is_stmt 1             @ D:/keil_1/keilpacks/ARM/CMSIS-DSP/1.16.2/Source/StatisticsFunctions\arm_logsumexp_f16.c:145:20
	ldrh.w	r0, [sp, #20]
	.loc	15 145 18 is_stmt 0             @ D:/keil_1/keilpacks/ARM/CMSIS-DSP/1.16.2/Source/StatisticsFunctions\arm_logsumexp_f16.c:145:18
	strh.w	r0, [sp, #22]
	.loc	15 146 8 is_stmt 1              @ D:/keil_1/keilpacks/ARM/CMSIS-DSP/1.16.2/Source/StatisticsFunctions\arm_logsumexp_f16.c:146:8
	b	.LBB10_4
.Ltmp71:
.LBB10_4:                               @   in Loop: Header=BB10_1 Depth=1
	.loc	15 147 14                       @ D:/keil_1/keilpacks/ARM/CMSIS-DSP/1.16.2/Source/StatisticsFunctions\arm_logsumexp_f16.c:147:14
	ldr	r0, [sp, #12]
	subs	r0, #1
	str	r0, [sp, #12]
.Ltmp72:
	.loc	15 139 5                        @ D:/keil_1/keilpacks/ARM/CMSIS-DSP/1.16.2/Source/StatisticsFunctions\arm_logsumexp_f16.c:139:5
	b	.LBB10_1
.LBB10_5:
	.loc	15 151 14                       @ D:/keil_1/keilpacks/ARM/CMSIS-DSP/1.16.2/Source/StatisticsFunctions\arm_logsumexp_f16.c:151:14
	ldr	r0, [sp, #24]
	.loc	15 151 12 is_stmt 0             @ D:/keil_1/keilpacks/ARM/CMSIS-DSP/1.16.2/Source/StatisticsFunctions\arm_logsumexp_f16.c:151:12
	str	r0, [sp, #12]
	.loc	15 152 11 is_stmt 1             @ D:/keil_1/keilpacks/ARM/CMSIS-DSP/1.16.2/Source/StatisticsFunctions\arm_logsumexp_f16.c:152:11
	ldr	r0, [sp, #28]
	.loc	15 152 9 is_stmt 0              @ D:/keil_1/keilpacks/ARM/CMSIS-DSP/1.16.2/Source/StatisticsFunctions\arm_logsumexp_f16.c:152:9
	str	r0, [sp, #16]
	movs	r0, #0
	.loc	15 153 11 is_stmt 1             @ D:/keil_1/keilpacks/ARM/CMSIS-DSP/1.16.2/Source/StatisticsFunctions\arm_logsumexp_f16.c:153:11
	strh.w	r0, [sp, #10]
	.loc	15 154 5                        @ D:/keil_1/keilpacks/ARM/CMSIS-DSP/1.16.2/Source/StatisticsFunctions\arm_logsumexp_f16.c:154:5
	b	.LBB10_6
.LBB10_6:                               @ =>This Inner Loop Header: Depth=1
	.loc	15 154 11 is_stmt 0             @ D:/keil_1/keilpacks/ARM/CMSIS-DSP/1.16.2/Source/StatisticsFunctions\arm_logsumexp_f16.c:154:11
	ldr	r0, [sp, #12]
	.loc	15 154 5                        @ D:/keil_1/keilpacks/ARM/CMSIS-DSP/1.16.2/Source/StatisticsFunctions\arm_logsumexp_f16.c:154:5
	cbz	r0, .LBB10_8
	b	.LBB10_7
.LBB10_7:                               @   in Loop: Header=BB10_6 Depth=1
.Ltmp73:
	.loc	15 156 18 is_stmt 1             @ D:/keil_1/keilpacks/ARM/CMSIS-DSP/1.16.2/Source/StatisticsFunctions\arm_logsumexp_f16.c:156:18
	ldr	r0, [sp, #16]
	adds	r1, r0, #2
	str	r1, [sp, #16]
	.loc	15 156 14 is_stmt 0             @ D:/keil_1/keilpacks/ARM/CMSIS-DSP/1.16.2/Source/StatisticsFunctions\arm_logsumexp_f16.c:156:14
	ldrh	r0, [r0]
	.loc	15 156 12                       @ D:/keil_1/keilpacks/ARM/CMSIS-DSP/1.16.2/Source/StatisticsFunctions\arm_logsumexp_f16.c:156:12
	strh.w	r0, [sp, #20]
	.loc	15 157 54 is_stmt 1             @ D:/keil_1/keilpacks/ARM/CMSIS-DSP/1.16.2/Source/StatisticsFunctions\arm_logsumexp_f16.c:157:54
	ldrh.w	r0, [sp, #20]
	.loc	15 157 58 is_stmt 0             @ D:/keil_1/keilpacks/ARM/CMSIS-DSP/1.16.2/Source/StatisticsFunctions\arm_logsumexp_f16.c:157:58
	vmov	s0, r0
	vcvtb.f32.f16	s0, s0
	.loc	15 157 70                       @ D:/keil_1/keilpacks/ARM/CMSIS-DSP/1.16.2/Source/StatisticsFunctions\arm_logsumexp_f16.c:157:70
	ldrh.w	r0, [sp, #22]
	.loc	15 157 58                       @ D:/keil_1/keilpacks/ARM/CMSIS-DSP/1.16.2/Source/StatisticsFunctions\arm_logsumexp_f16.c:157:58
	vmov	s2, r0
	vcvtb.f32.f16	s2, s2
	vsub.f32	s2, s0, s2
                                        @ implicit-def: $s0
	vcvtb.f16.f32	s0, s2
	vmov	r0, s0
	.loc	15 157 32                       @ D:/keil_1/keilpacks/ARM/CMSIS-DSP/1.16.2/Source/StatisticsFunctions\arm_logsumexp_f16.c:157:32
	vmov	s0, r0
	vcvtb.f32.f16	s0, s0
	.loc	15 157 27                       @ D:/keil_1/keilpacks/ARM/CMSIS-DSP/1.16.2/Source/StatisticsFunctions\arm_logsumexp_f16.c:157:27
	bl	__hardfp_expf
	vmov.f32	s2, s0
                                        @ implicit-def: $s0
	.loc	15 157 17                       @ D:/keil_1/keilpacks/ARM/CMSIS-DSP/1.16.2/Source/StatisticsFunctions\arm_logsumexp_f16.c:157:17
	vcvtb.f16.f32	s0, s2
	vmov	r0, s0
	.loc	15 157 14                       @ D:/keil_1/keilpacks/ARM/CMSIS-DSP/1.16.2/Source/StatisticsFunctions\arm_logsumexp_f16.c:157:14
	vmov	s0, r0
	vcvtb.f32.f16	s2, s0
	ldrh.w	r0, [sp, #10]
	vmov	s0, r0
	vcvtb.f32.f16	s0, s0
	vadd.f32	s2, s0, s2
                                        @ implicit-def: $s0
	vcvtb.f16.f32	s0, s2
	vmov	r0, s0
	strh.w	r0, [sp, #10]
	.loc	15 158 14 is_stmt 1             @ D:/keil_1/keilpacks/ARM/CMSIS-DSP/1.16.2/Source/StatisticsFunctions\arm_logsumexp_f16.c:158:14
	ldr	r0, [sp, #12]
	subs	r0, #1
	str	r0, [sp, #12]
.Ltmp74:
	.loc	15 154 5                        @ D:/keil_1/keilpacks/ARM/CMSIS-DSP/1.16.2/Source/StatisticsFunctions\arm_logsumexp_f16.c:154:5
	b	.LBB10_6
.LBB10_8:
	.loc	15 161 23                       @ D:/keil_1/keilpacks/ARM/CMSIS-DSP/1.16.2/Source/StatisticsFunctions\arm_logsumexp_f16.c:161:23
	ldrh.w	r0, [sp, #22]
	.loc	15 161 30 is_stmt 0             @ D:/keil_1/keilpacks/ARM/CMSIS-DSP/1.16.2/Source/StatisticsFunctions\arm_logsumexp_f16.c:161:30
	vmov	s0, r0
	vcvtb.f32.f16	s0, s0
	vstr	s0, [sp, #4]                    @ 4-byte Spill
	.loc	15 161 58                       @ D:/keil_1/keilpacks/ARM/CMSIS-DSP/1.16.2/Source/StatisticsFunctions\arm_logsumexp_f16.c:161:58
	ldrh.w	r0, [sp, #10]
	.loc	15 161 47                       @ D:/keil_1/keilpacks/ARM/CMSIS-DSP/1.16.2/Source/StatisticsFunctions\arm_logsumexp_f16.c:161:47
	vmov	s0, r0
	vcvtb.f32.f16	s0, s0
	.loc	15 161 42                       @ D:/keil_1/keilpacks/ARM/CMSIS-DSP/1.16.2/Source/StatisticsFunctions\arm_logsumexp_f16.c:161:42
	bl	__hardfp_logf
	vmov.f32	s4, s0
	.loc	15 161 32                       @ D:/keil_1/keilpacks/ARM/CMSIS-DSP/1.16.2/Source/StatisticsFunctions\arm_logsumexp_f16.c:161:32
	vldr	s0, [sp, #4]                    @ 4-byte Reload
                                        @ implicit-def: $s2
	vcvtb.f16.f32	s2, s4
	vmov	r0, s2
	.loc	15 161 30                       @ D:/keil_1/keilpacks/ARM/CMSIS-DSP/1.16.2/Source/StatisticsFunctions\arm_logsumexp_f16.c:161:30
	vmov	s2, r0
	vcvtb.f32.f16	s2, s2
	vadd.f32	s2, s0, s2
                                        @ implicit-def: $s0
	vcvtb.f16.f32	s0, s2
	vmov	r0, s0
	.loc	15 161 11                       @ D:/keil_1/keilpacks/ARM/CMSIS-DSP/1.16.2/Source/StatisticsFunctions\arm_logsumexp_f16.c:161:11
	strh.w	r0, [sp, #10]
	.loc	15 163 5 is_stmt 1              @ D:/keil_1/keilpacks/ARM/CMSIS-DSP/1.16.2/Source/StatisticsFunctions\arm_logsumexp_f16.c:163:5
	ldrh.w	r0, [sp, #10]
	vmov	s0, r0
	.loc	15 163 5 epilogue_begin is_stmt 0 @ D:/keil_1/keilpacks/ARM/CMSIS-DSP/1.16.2/Source/StatisticsFunctions\arm_logsumexp_f16.c:163:5
	add	sp, #32
	pop	{r7, pc}
.Ltmp75:
.Lfunc_end10:
	.size	arm_logsumexp_f16, .Lfunc_end10-arm_logsumexp_f16
	.cfi_endproc
	.cantunwind
	.fnend
                                        @ -- End function
	.section	.text.arm_max_no_idx_f16,"ax",%progbits
	.hidden	arm_max_no_idx_f16              @ -- Begin function arm_max_no_idx_f16
	.globl	arm_max_no_idx_f16
	.p2align	3
	.type	arm_max_no_idx_f16,%function
	.code	16                              @ @arm_max_no_idx_f16
	.thumb_func
arm_max_no_idx_f16:
.Lfunc_begin11:
	.file	16 "D:/keil_1/keilpacks/ARM/CMSIS-DSP/1.16.2/Source/StatisticsFunctions" "arm_max_no_idx_f16.c"
	.loc	16 115 0 is_stmt 1              @ D:/keil_1/keilpacks/ARM/CMSIS-DSP/1.16.2/Source/StatisticsFunctions\arm_max_no_idx_f16.c:115:0
	.fnstart
	.cfi_startproc
@ %bb.0:
	.pad	#16
	sub	sp, #16
	.cfi_def_cfa_offset 16
	str	r0, [sp, #12]
	str	r1, [sp, #8]
	str	r2, [sp, #4]
	movw	r0, #64511
.Ltmp76:
	.loc	16 116 16 prologue_end          @ D:/keil_1/keilpacks/ARM/CMSIS-DSP/1.16.2/Source/StatisticsFunctions\arm_max_no_idx_f16.c:116:16
	strh.w	r0, [sp, #2]
	.loc	16 119 4                        @ D:/keil_1/keilpacks/ARM/CMSIS-DSP/1.16.2/Source/StatisticsFunctions\arm_max_no_idx_f16.c:119:4
	b	.LBB11_1
.LBB11_1:                               @ =>This Inner Loop Header: Depth=1
	.loc	16 119 11 is_stmt 0             @ D:/keil_1/keilpacks/ARM/CMSIS-DSP/1.16.2/Source/StatisticsFunctions\arm_max_no_idx_f16.c:119:11
	ldr	r0, [sp, #8]
	.loc	16 119 4                        @ D:/keil_1/keilpacks/ARM/CMSIS-DSP/1.16.2/Source/StatisticsFunctions\arm_max_no_idx_f16.c:119:4
	cbz	r0, .LBB11_5
	b	.LBB11_2
.LBB11_2:                               @   in Loop: Header=BB11_1 Depth=1
.Ltmp77:
	.loc	16 121 22 is_stmt 1             @ D:/keil_1/keilpacks/ARM/CMSIS-DSP/1.16.2/Source/StatisticsFunctions\arm_max_no_idx_f16.c:121:22
	ldr	r0, [sp, #12]
	adds	r1, r0, #2
	str	r1, [sp, #12]
	.loc	16 121 17 is_stmt 0             @ D:/keil_1/keilpacks/ARM/CMSIS-DSP/1.16.2/Source/StatisticsFunctions\arm_max_no_idx_f16.c:121:17
	ldrh	r0, [r0]
	.loc	16 121 15                       @ D:/keil_1/keilpacks/ARM/CMSIS-DSP/1.16.2/Source/StatisticsFunctions\arm_max_no_idx_f16.c:121:15
	strh.w	r0, [sp]
.Ltmp78:
	.loc	16 124 22 is_stmt 1             @ D:/keil_1/keilpacks/ARM/CMSIS-DSP/1.16.2/Source/StatisticsFunctions\arm_max_no_idx_f16.c:124:22
	ldrh.w	r0, [sp, #2]
	.loc	16 124 43 is_stmt 0             @ D:/keil_1/keilpacks/ARM/CMSIS-DSP/1.16.2/Source/StatisticsFunctions\arm_max_no_idx_f16.c:124:43
	ldrh.w	r1, [sp]
	.loc	16 124 31                       @ D:/keil_1/keilpacks/ARM/CMSIS-DSP/1.16.2/Source/StatisticsFunctions\arm_max_no_idx_f16.c:124:31
	vmov	s0, r1
	vcvtb.f32.f16	s2, s0
	vmov	s0, r0
	vcvtb.f32.f16	s0, s0
.Ltmp79:
	.loc	16 124 12                       @ D:/keil_1/keilpacks/ARM/CMSIS-DSP/1.16.2/Source/StatisticsFunctions\arm_max_no_idx_f16.c:124:12
	vcmp.f32	s0, s2
	vmrs	APSR_nzcv, fpscr
	bge	.LBB11_4
	b	.LBB11_3
.LBB11_3:                               @   in Loop: Header=BB11_1 Depth=1
.Ltmp80:
	.loc	16 127 23 is_stmt 1             @ D:/keil_1/keilpacks/ARM/CMSIS-DSP/1.16.2/Source/StatisticsFunctions\arm_max_no_idx_f16.c:127:23
	ldrh.w	r0, [sp]
	.loc	16 127 21 is_stmt 0             @ D:/keil_1/keilpacks/ARM/CMSIS-DSP/1.16.2/Source/StatisticsFunctions\arm_max_no_idx_f16.c:127:21
	strh.w	r0, [sp, #2]
	.loc	16 128 8 is_stmt 1              @ D:/keil_1/keilpacks/ARM/CMSIS-DSP/1.16.2/Source/StatisticsFunctions\arm_max_no_idx_f16.c:128:8
	b	.LBB11_4
.Ltmp81:
.LBB11_4:                               @   in Loop: Header=BB11_1 Depth=1
	.loc	16 130 18                       @ D:/keil_1/keilpacks/ARM/CMSIS-DSP/1.16.2/Source/StatisticsFunctions\arm_max_no_idx_f16.c:130:18
	ldr	r0, [sp, #8]
	subs	r0, #1
	str	r0, [sp, #8]
.Ltmp82:
	.loc	16 119 4                        @ D:/keil_1/keilpacks/ARM/CMSIS-DSP/1.16.2/Source/StatisticsFunctions\arm_max_no_idx_f16.c:119:4
	b	.LBB11_1
.LBB11_5:
	.loc	16 133 15                       @ D:/keil_1/keilpacks/ARM/CMSIS-DSP/1.16.2/Source/StatisticsFunctions\arm_max_no_idx_f16.c:133:15
	ldrh.w	r0, [sp, #2]
	.loc	16 133 5 is_stmt 0              @ D:/keil_1/keilpacks/ARM/CMSIS-DSP/1.16.2/Source/StatisticsFunctions\arm_max_no_idx_f16.c:133:5
	ldr	r1, [sp, #4]
	.loc	16 133 13                       @ D:/keil_1/keilpacks/ARM/CMSIS-DSP/1.16.2/Source/StatisticsFunctions\arm_max_no_idx_f16.c:133:13
	strh	r0, [r1]
	.loc	16 134 1 epilogue_begin is_stmt 1 @ D:/keil_1/keilpacks/ARM/CMSIS-DSP/1.16.2/Source/StatisticsFunctions\arm_max_no_idx_f16.c:134:1
	add	sp, #16
	bx	lr
.Ltmp83:
.Lfunc_end11:
	.size	arm_max_no_idx_f16, .Lfunc_end11-arm_max_no_idx_f16
	.cfi_endproc
	.cantunwind
	.fnend
                                        @ -- End function
	.section	.text.arm_min_no_idx_f16,"ax",%progbits
	.hidden	arm_min_no_idx_f16              @ -- Begin function arm_min_no_idx_f16
	.globl	arm_min_no_idx_f16
	.p2align	3
	.type	arm_min_no_idx_f16,%function
	.code	16                              @ @arm_min_no_idx_f16
	.thumb_func
arm_min_no_idx_f16:
.Lfunc_begin12:
	.file	17 "D:/keil_1/keilpacks/ARM/CMSIS-DSP/1.16.2/Source/StatisticsFunctions" "arm_min_no_idx_f16.c"
	.loc	17 115 0                        @ D:/keil_1/keilpacks/ARM/CMSIS-DSP/1.16.2/Source/StatisticsFunctions\arm_min_no_idx_f16.c:115:0
	.fnstart
	.cfi_startproc
@ %bb.0:
	.pad	#16
	sub	sp, #16
	.cfi_def_cfa_offset 16
	str	r0, [sp, #12]
	str	r1, [sp, #8]
	str	r2, [sp, #4]
	movw	r0, #31743
.Ltmp84:
	.loc	17 116 16 prologue_end          @ D:/keil_1/keilpacks/ARM/CMSIS-DSP/1.16.2/Source/StatisticsFunctions\arm_min_no_idx_f16.c:116:16
	strh.w	r0, [sp, #2]
	.loc	17 119 4                        @ D:/keil_1/keilpacks/ARM/CMSIS-DSP/1.16.2/Source/StatisticsFunctions\arm_min_no_idx_f16.c:119:4
	b	.LBB12_1
.LBB12_1:                               @ =>This Inner Loop Header: Depth=1
	.loc	17 119 11 is_stmt 0             @ D:/keil_1/keilpacks/ARM/CMSIS-DSP/1.16.2/Source/StatisticsFunctions\arm_min_no_idx_f16.c:119:11
	ldr	r0, [sp, #8]
	.loc	17 119 4                        @ D:/keil_1/keilpacks/ARM/CMSIS-DSP/1.16.2/Source/StatisticsFunctions\arm_min_no_idx_f16.c:119:4
	cbz	r0, .LBB12_5
	b	.LBB12_2
.LBB12_2:                               @   in Loop: Header=BB12_1 Depth=1
.Ltmp85:
	.loc	17 121 22 is_stmt 1             @ D:/keil_1/keilpacks/ARM/CMSIS-DSP/1.16.2/Source/StatisticsFunctions\arm_min_no_idx_f16.c:121:22
	ldr	r0, [sp, #12]
	adds	r1, r0, #2
	str	r1, [sp, #12]
	.loc	17 121 17 is_stmt 0             @ D:/keil_1/keilpacks/ARM/CMSIS-DSP/1.16.2/Source/StatisticsFunctions\arm_min_no_idx_f16.c:121:17
	ldrh	r0, [r0]
	.loc	17 121 15                       @ D:/keil_1/keilpacks/ARM/CMSIS-DSP/1.16.2/Source/StatisticsFunctions\arm_min_no_idx_f16.c:121:15
	strh.w	r0, [sp]
.Ltmp86:
	.loc	17 124 22 is_stmt 1             @ D:/keil_1/keilpacks/ARM/CMSIS-DSP/1.16.2/Source/StatisticsFunctions\arm_min_no_idx_f16.c:124:22
	ldrh.w	r0, [sp, #2]
	.loc	17 124 43 is_stmt 0             @ D:/keil_1/keilpacks/ARM/CMSIS-DSP/1.16.2/Source/StatisticsFunctions\arm_min_no_idx_f16.c:124:43
	ldrh.w	r1, [sp]
	.loc	17 124 31                       @ D:/keil_1/keilpacks/ARM/CMSIS-DSP/1.16.2/Source/StatisticsFunctions\arm_min_no_idx_f16.c:124:31
	vmov	s0, r1
	vcvtb.f32.f16	s2, s0
	vmov	s0, r0
	vcvtb.f32.f16	s0, s0
.Ltmp87:
	.loc	17 124 12                       @ D:/keil_1/keilpacks/ARM/CMSIS-DSP/1.16.2/Source/StatisticsFunctions\arm_min_no_idx_f16.c:124:12
	vcmp.f32	s0, s2
	vmrs	APSR_nzcv, fpscr
	ble	.LBB12_4
	b	.LBB12_3
.LBB12_3:                               @   in Loop: Header=BB12_1 Depth=1
.Ltmp88:
	.loc	17 127 23 is_stmt 1             @ D:/keil_1/keilpacks/ARM/CMSIS-DSP/1.16.2/Source/StatisticsFunctions\arm_min_no_idx_f16.c:127:23
	ldrh.w	r0, [sp]
	.loc	17 127 21 is_stmt 0             @ D:/keil_1/keilpacks/ARM/CMSIS-DSP/1.16.2/Source/StatisticsFunctions\arm_min_no_idx_f16.c:127:21
	strh.w	r0, [sp, #2]
	.loc	17 128 8 is_stmt 1              @ D:/keil_1/keilpacks/ARM/CMSIS-DSP/1.16.2/Source/StatisticsFunctions\arm_min_no_idx_f16.c:128:8
	b	.LBB12_4
.Ltmp89:
.LBB12_4:                               @   in Loop: Header=BB12_1 Depth=1
	.loc	17 130 18                       @ D:/keil_1/keilpacks/ARM/CMSIS-DSP/1.16.2/Source/StatisticsFunctions\arm_min_no_idx_f16.c:130:18
	ldr	r0, [sp, #8]
	subs	r0, #1
	str	r0, [sp, #8]
.Ltmp90:
	.loc	17 119 4                        @ D:/keil_1/keilpacks/ARM/CMSIS-DSP/1.16.2/Source/StatisticsFunctions\arm_min_no_idx_f16.c:119:4
	b	.LBB12_1
.LBB12_5:
	.loc	17 133 15                       @ D:/keil_1/keilpacks/ARM/CMSIS-DSP/1.16.2/Source/StatisticsFunctions\arm_min_no_idx_f16.c:133:15
	ldrh.w	r0, [sp, #2]
	.loc	17 133 5 is_stmt 0              @ D:/keil_1/keilpacks/ARM/CMSIS-DSP/1.16.2/Source/StatisticsFunctions\arm_min_no_idx_f16.c:133:5
	ldr	r1, [sp, #4]
	.loc	17 133 13                       @ D:/keil_1/keilpacks/ARM/CMSIS-DSP/1.16.2/Source/StatisticsFunctions\arm_min_no_idx_f16.c:133:13
	strh	r0, [r1]
	.loc	17 134 1 epilogue_begin is_stmt 1 @ D:/keil_1/keilpacks/ARM/CMSIS-DSP/1.16.2/Source/StatisticsFunctions\arm_min_no_idx_f16.c:134:1
	add	sp, #16
	bx	lr
.Ltmp91:
.Lfunc_end12:
	.size	arm_min_no_idx_f16, .Lfunc_end12-arm_min_no_idx_f16
	.cfi_endproc
	.cantunwind
	.fnend
                                        @ -- End function
	.section	.text.arm_absmax_f16,"ax",%progbits
	.hidden	arm_absmax_f16                  @ -- Begin function arm_absmax_f16
	.globl	arm_absmax_f16
	.p2align	3
	.type	arm_absmax_f16,%function
	.code	16                              @ @arm_absmax_f16
	.thumb_func
arm_absmax_f16:
.Lfunc_begin13:
	.file	18 "D:/keil_1/keilpacks/ARM/CMSIS-DSP/1.16.2/Source/StatisticsFunctions" "arm_absmax_f16.c"
	.loc	18 232 0                        @ D:/keil_1/keilpacks/ARM/CMSIS-DSP/1.16.2/Source/StatisticsFunctions\arm_absmax_f16.c:232:0
	.fnstart
	.cfi_startproc
@ %bb.0:
	.pad	#28
	sub	sp, #28
	.cfi_def_cfa_offset 28
	str	r0, [sp, #24]
	str	r1, [sp, #20]
	str	r2, [sp, #16]
	str	r3, [sp, #12]
	movs	r0, #0
.Ltmp92:
	.loc	18 237 12 prologue_end          @ D:/keil_1/keilpacks/ARM/CMSIS-DSP/1.16.2/Source/StatisticsFunctions\arm_absmax_f16.c:237:12
	str	r0, [sp]
	.loc	18 240 41                       @ D:/keil_1/keilpacks/ARM/CMSIS-DSP/1.16.2/Source/StatisticsFunctions\arm_absmax_f16.c:240:41
	ldr	r0, [sp, #24]
	adds	r1, r0, #2
	str	r1, [sp, #24]
	.loc	18 240 36 is_stmt 0             @ D:/keil_1/keilpacks/ARM/CMSIS-DSP/1.16.2/Source/StatisticsFunctions\arm_absmax_f16.c:240:36
	ldrh	r0, [r0]
	.loc	18 240 25                       @ D:/keil_1/keilpacks/ARM/CMSIS-DSP/1.16.2/Source/StatisticsFunctions\arm_absmax_f16.c:240:25
	vmov	s0, r0
	vcvtb.f32.f16	s0, s0
	.loc	18 240 19                       @ D:/keil_1/keilpacks/ARM/CMSIS-DSP/1.16.2/Source/StatisticsFunctions\arm_absmax_f16.c:240:19
	vabs.f32	s2, s0
                                        @ implicit-def: $s0
	.loc	18 240 9                        @ D:/keil_1/keilpacks/ARM/CMSIS-DSP/1.16.2/Source/StatisticsFunctions\arm_absmax_f16.c:240:9
	vcvtb.f16.f32	s0, s2
	vmov	r0, s0
	.loc	18 240 7                        @ D:/keil_1/keilpacks/ARM/CMSIS-DSP/1.16.2/Source/StatisticsFunctions\arm_absmax_f16.c:240:7
	strh.w	r0, [sp, #8]
	.loc	18 243 13 is_stmt 1             @ D:/keil_1/keilpacks/ARM/CMSIS-DSP/1.16.2/Source/StatisticsFunctions\arm_absmax_f16.c:243:13
	ldr	r0, [sp, #20]
	.loc	18 243 23 is_stmt 0             @ D:/keil_1/keilpacks/ARM/CMSIS-DSP/1.16.2/Source/StatisticsFunctions\arm_absmax_f16.c:243:23
	subs	r0, #1
	.loc	18 243 10                       @ D:/keil_1/keilpacks/ARM/CMSIS-DSP/1.16.2/Source/StatisticsFunctions\arm_absmax_f16.c:243:10
	str	r0, [sp, #4]
	.loc	18 245 3 is_stmt 1              @ D:/keil_1/keilpacks/ARM/CMSIS-DSP/1.16.2/Source/StatisticsFunctions\arm_absmax_f16.c:245:3
	b	.LBB13_1
.LBB13_1:                               @ =>This Inner Loop Header: Depth=1
	.loc	18 245 10 is_stmt 0             @ D:/keil_1/keilpacks/ARM/CMSIS-DSP/1.16.2/Source/StatisticsFunctions\arm_absmax_f16.c:245:10
	ldr	r0, [sp, #4]
	.loc	18 245 3                        @ D:/keil_1/keilpacks/ARM/CMSIS-DSP/1.16.2/Source/StatisticsFunctions\arm_absmax_f16.c:245:3
	cbz	r0, .LBB13_5
	b	.LBB13_2
.LBB13_2:                               @   in Loop: Header=BB13_1 Depth=1
.Ltmp93:
	.loc	18 248 46 is_stmt 1             @ D:/keil_1/keilpacks/ARM/CMSIS-DSP/1.16.2/Source/StatisticsFunctions\arm_absmax_f16.c:248:46
	ldr	r0, [sp, #24]
	adds	r1, r0, #2
	str	r1, [sp, #24]
	.loc	18 248 41 is_stmt 0             @ D:/keil_1/keilpacks/ARM/CMSIS-DSP/1.16.2/Source/StatisticsFunctions\arm_absmax_f16.c:248:41
	ldrh	r0, [r0]
	.loc	18 248 30                       @ D:/keil_1/keilpacks/ARM/CMSIS-DSP/1.16.2/Source/StatisticsFunctions\arm_absmax_f16.c:248:30
	vmov	s0, r0
	vcvtb.f32.f16	s0, s0
	.loc	18 248 24                       @ D:/keil_1/keilpacks/ARM/CMSIS-DSP/1.16.2/Source/StatisticsFunctions\arm_absmax_f16.c:248:24
	vabs.f32	s2, s0
                                        @ implicit-def: $s0
	.loc	18 248 14                       @ D:/keil_1/keilpacks/ARM/CMSIS-DSP/1.16.2/Source/StatisticsFunctions\arm_absmax_f16.c:248:14
	vcvtb.f16.f32	s0, s2
	vmov	r0, s0
	.loc	18 248 12                       @ D:/keil_1/keilpacks/ARM/CMSIS-DSP/1.16.2/Source/StatisticsFunctions\arm_absmax_f16.c:248:12
	strh.w	r0, [sp, #10]
.Ltmp94:
	.loc	18 251 19 is_stmt 1             @ D:/keil_1/keilpacks/ARM/CMSIS-DSP/1.16.2/Source/StatisticsFunctions\arm_absmax_f16.c:251:19
	ldrh.w	r0, [sp, #8]
	.loc	18 251 35 is_stmt 0             @ D:/keil_1/keilpacks/ARM/CMSIS-DSP/1.16.2/Source/StatisticsFunctions\arm_absmax_f16.c:251:35
	ldrh.w	r1, [sp, #10]
	.loc	18 251 23                       @ D:/keil_1/keilpacks/ARM/CMSIS-DSP/1.16.2/Source/StatisticsFunctions\arm_absmax_f16.c:251:23
	vmov	s0, r1
	vcvtb.f32.f16	s2, s0
	vmov	s0, r0
	vcvtb.f32.f16	s0, s0
.Ltmp95:
	.loc	18 251 9                        @ D:/keil_1/keilpacks/ARM/CMSIS-DSP/1.16.2/Source/StatisticsFunctions\arm_absmax_f16.c:251:9
	vcmp.f32	s0, s2
	vmrs	APSR_nzcv, fpscr
	bge	.LBB13_4
	b	.LBB13_3
.LBB13_3:                               @   in Loop: Header=BB13_1 Depth=1
.Ltmp96:
	.loc	18 254 13 is_stmt 1             @ D:/keil_1/keilpacks/ARM/CMSIS-DSP/1.16.2/Source/StatisticsFunctions\arm_absmax_f16.c:254:13
	ldrh.w	r0, [sp, #10]
	.loc	18 254 11 is_stmt 0             @ D:/keil_1/keilpacks/ARM/CMSIS-DSP/1.16.2/Source/StatisticsFunctions\arm_absmax_f16.c:254:11
	strh.w	r0, [sp, #8]
	.loc	18 255 18 is_stmt 1             @ D:/keil_1/keilpacks/ARM/CMSIS-DSP/1.16.2/Source/StatisticsFunctions\arm_absmax_f16.c:255:18
	ldr	r0, [sp, #20]
	.loc	18 255 30 is_stmt 0             @ D:/keil_1/keilpacks/ARM/CMSIS-DSP/1.16.2/Source/StatisticsFunctions\arm_absmax_f16.c:255:30
	ldr	r1, [sp, #4]
	.loc	18 255 28                       @ D:/keil_1/keilpacks/ARM/CMSIS-DSP/1.16.2/Source/StatisticsFunctions\arm_absmax_f16.c:255:28
	subs	r0, r0, r1
	.loc	18 255 16                       @ D:/keil_1/keilpacks/ARM/CMSIS-DSP/1.16.2/Source/StatisticsFunctions\arm_absmax_f16.c:255:16
	str	r0, [sp]
	.loc	18 256 5 is_stmt 1              @ D:/keil_1/keilpacks/ARM/CMSIS-DSP/1.16.2/Source/StatisticsFunctions\arm_absmax_f16.c:256:5
	b	.LBB13_4
.Ltmp97:
.LBB13_4:                               @   in Loop: Header=BB13_1 Depth=1
	.loc	18 259 11                       @ D:/keil_1/keilpacks/ARM/CMSIS-DSP/1.16.2/Source/StatisticsFunctions\arm_absmax_f16.c:259:11
	ldr	r0, [sp, #4]
	subs	r0, #1
	str	r0, [sp, #4]
.Ltmp98:
	.loc	18 245 3                        @ D:/keil_1/keilpacks/ARM/CMSIS-DSP/1.16.2/Source/StatisticsFunctions\arm_absmax_f16.c:245:3
	b	.LBB13_1
.LBB13_5:
	.loc	18 263 14                       @ D:/keil_1/keilpacks/ARM/CMSIS-DSP/1.16.2/Source/StatisticsFunctions\arm_absmax_f16.c:263:14
	ldrh.w	r0, [sp, #8]
	.loc	18 263 4 is_stmt 0              @ D:/keil_1/keilpacks/ARM/CMSIS-DSP/1.16.2/Source/StatisticsFunctions\arm_absmax_f16.c:263:4
	ldr	r1, [sp, #16]
	.loc	18 263 12                       @ D:/keil_1/keilpacks/ARM/CMSIS-DSP/1.16.2/Source/StatisticsFunctions\arm_absmax_f16.c:263:12
	strh	r0, [r1]
	.loc	18 264 13 is_stmt 1             @ D:/keil_1/keilpacks/ARM/CMSIS-DSP/1.16.2/Source/StatisticsFunctions\arm_absmax_f16.c:264:13
	ldr	r0, [sp]
	.loc	18 264 4 is_stmt 0              @ D:/keil_1/keilpacks/ARM/CMSIS-DSP/1.16.2/Source/StatisticsFunctions\arm_absmax_f16.c:264:4
	ldr	r1, [sp, #12]
	.loc	18 264 11                       @ D:/keil_1/keilpacks/ARM/CMSIS-DSP/1.16.2/Source/StatisticsFunctions\arm_absmax_f16.c:264:11
	str	r0, [r1]
	.loc	18 265 1 epilogue_begin is_stmt 1 @ D:/keil_1/keilpacks/ARM/CMSIS-DSP/1.16.2/Source/StatisticsFunctions\arm_absmax_f16.c:265:1
	add	sp, #28
	bx	lr
.Ltmp99:
.Lfunc_end13:
	.size	arm_absmax_f16, .Lfunc_end13-arm_absmax_f16
	.cfi_endproc
	.cantunwind
	.fnend
                                        @ -- End function
	.section	.text.arm_absmin_f16,"ax",%progbits
	.hidden	arm_absmin_f16                  @ -- Begin function arm_absmin_f16
	.globl	arm_absmin_f16
	.p2align	3
	.type	arm_absmin_f16,%function
	.code	16                              @ @arm_absmin_f16
	.thumb_func
arm_absmin_f16:
.Lfunc_begin14:
	.file	19 "D:/keil_1/keilpacks/ARM/CMSIS-DSP/1.16.2/Source/StatisticsFunctions" "arm_absmin_f16.c"
	.loc	19 234 0                        @ D:/keil_1/keilpacks/ARM/CMSIS-DSP/1.16.2/Source/StatisticsFunctions\arm_absmin_f16.c:234:0
	.fnstart
	.cfi_startproc
@ %bb.0:
	.pad	#28
	sub	sp, #28
	.cfi_def_cfa_offset 28
	str	r0, [sp, #24]
	str	r1, [sp, #20]
	str	r2, [sp, #16]
	str	r3, [sp, #12]
	movs	r0, #0
.Ltmp100:
	.loc	19 239 12 prologue_end          @ D:/keil_1/keilpacks/ARM/CMSIS-DSP/1.16.2/Source/StatisticsFunctions\arm_absmin_f16.c:239:12
	str	r0, [sp]
	.loc	19 242 41                       @ D:/keil_1/keilpacks/ARM/CMSIS-DSP/1.16.2/Source/StatisticsFunctions\arm_absmin_f16.c:242:41
	ldr	r0, [sp, #24]
	adds	r1, r0, #2
	str	r1, [sp, #24]
	.loc	19 242 36 is_stmt 0             @ D:/keil_1/keilpacks/ARM/CMSIS-DSP/1.16.2/Source/StatisticsFunctions\arm_absmin_f16.c:242:36
	ldrh	r0, [r0]
	.loc	19 242 25                       @ D:/keil_1/keilpacks/ARM/CMSIS-DSP/1.16.2/Source/StatisticsFunctions\arm_absmin_f16.c:242:25
	vmov	s0, r0
	vcvtb.f32.f16	s0, s0
	.loc	19 242 19                       @ D:/keil_1/keilpacks/ARM/CMSIS-DSP/1.16.2/Source/StatisticsFunctions\arm_absmin_f16.c:242:19
	vabs.f32	s2, s0
                                        @ implicit-def: $s0
	.loc	19 242 9                        @ D:/keil_1/keilpacks/ARM/CMSIS-DSP/1.16.2/Source/StatisticsFunctions\arm_absmin_f16.c:242:9
	vcvtb.f16.f32	s0, s2
	vmov	r0, s0
	.loc	19 242 7                        @ D:/keil_1/keilpacks/ARM/CMSIS-DSP/1.16.2/Source/StatisticsFunctions\arm_absmin_f16.c:242:7
	strh.w	r0, [sp, #8]
	.loc	19 245 13 is_stmt 1             @ D:/keil_1/keilpacks/ARM/CMSIS-DSP/1.16.2/Source/StatisticsFunctions\arm_absmin_f16.c:245:13
	ldr	r0, [sp, #20]
	.loc	19 245 23 is_stmt 0             @ D:/keil_1/keilpacks/ARM/CMSIS-DSP/1.16.2/Source/StatisticsFunctions\arm_absmin_f16.c:245:23
	subs	r0, #1
	.loc	19 245 10                       @ D:/keil_1/keilpacks/ARM/CMSIS-DSP/1.16.2/Source/StatisticsFunctions\arm_absmin_f16.c:245:10
	str	r0, [sp, #4]
	.loc	19 247 3 is_stmt 1              @ D:/keil_1/keilpacks/ARM/CMSIS-DSP/1.16.2/Source/StatisticsFunctions\arm_absmin_f16.c:247:3
	b	.LBB14_1
.LBB14_1:                               @ =>This Inner Loop Header: Depth=1
	.loc	19 247 10 is_stmt 0             @ D:/keil_1/keilpacks/ARM/CMSIS-DSP/1.16.2/Source/StatisticsFunctions\arm_absmin_f16.c:247:10
	ldr	r0, [sp, #4]
	.loc	19 247 3                        @ D:/keil_1/keilpacks/ARM/CMSIS-DSP/1.16.2/Source/StatisticsFunctions\arm_absmin_f16.c:247:3
	cbz	r0, .LBB14_5
	b	.LBB14_2
.LBB14_2:                               @   in Loop: Header=BB14_1 Depth=1
.Ltmp101:
	.loc	19 250 46 is_stmt 1             @ D:/keil_1/keilpacks/ARM/CMSIS-DSP/1.16.2/Source/StatisticsFunctions\arm_absmin_f16.c:250:46
	ldr	r0, [sp, #24]
	adds	r1, r0, #2
	str	r1, [sp, #24]
	.loc	19 250 41 is_stmt 0             @ D:/keil_1/keilpacks/ARM/CMSIS-DSP/1.16.2/Source/StatisticsFunctions\arm_absmin_f16.c:250:41
	ldrh	r0, [r0]
	.loc	19 250 30                       @ D:/keil_1/keilpacks/ARM/CMSIS-DSP/1.16.2/Source/StatisticsFunctions\arm_absmin_f16.c:250:30
	vmov	s0, r0
	vcvtb.f32.f16	s0, s0
	.loc	19 250 24                       @ D:/keil_1/keilpacks/ARM/CMSIS-DSP/1.16.2/Source/StatisticsFunctions\arm_absmin_f16.c:250:24
	vabs.f32	s2, s0
                                        @ implicit-def: $s0
	.loc	19 250 14                       @ D:/keil_1/keilpacks/ARM/CMSIS-DSP/1.16.2/Source/StatisticsFunctions\arm_absmin_f16.c:250:14
	vcvtb.f16.f32	s0, s2
	vmov	r0, s0
	.loc	19 250 12                       @ D:/keil_1/keilpacks/ARM/CMSIS-DSP/1.16.2/Source/StatisticsFunctions\arm_absmin_f16.c:250:12
	strh.w	r0, [sp, #10]
.Ltmp102:
	.loc	19 253 19 is_stmt 1             @ D:/keil_1/keilpacks/ARM/CMSIS-DSP/1.16.2/Source/StatisticsFunctions\arm_absmin_f16.c:253:19
	ldrh.w	r0, [sp, #8]
	.loc	19 253 35 is_stmt 0             @ D:/keil_1/keilpacks/ARM/CMSIS-DSP/1.16.2/Source/StatisticsFunctions\arm_absmin_f16.c:253:35
	ldrh.w	r1, [sp, #10]
	.loc	19 253 23                       @ D:/keil_1/keilpacks/ARM/CMSIS-DSP/1.16.2/Source/StatisticsFunctions\arm_absmin_f16.c:253:23
	vmov	s0, r1
	vcvtb.f32.f16	s2, s0
	vmov	s0, r0
	vcvtb.f32.f16	s0, s0
.Ltmp103:
	.loc	19 253 9                        @ D:/keil_1/keilpacks/ARM/CMSIS-DSP/1.16.2/Source/StatisticsFunctions\arm_absmin_f16.c:253:9
	vcmp.f32	s0, s2
	vmrs	APSR_nzcv, fpscr
	ble	.LBB14_4
	b	.LBB14_3
.LBB14_3:                               @   in Loop: Header=BB14_1 Depth=1
.Ltmp104:
	.loc	19 256 13 is_stmt 1             @ D:/keil_1/keilpacks/ARM/CMSIS-DSP/1.16.2/Source/StatisticsFunctions\arm_absmin_f16.c:256:13
	ldrh.w	r0, [sp, #10]
	.loc	19 256 11 is_stmt 0             @ D:/keil_1/keilpacks/ARM/CMSIS-DSP/1.16.2/Source/StatisticsFunctions\arm_absmin_f16.c:256:11
	strh.w	r0, [sp, #8]
	.loc	19 257 18 is_stmt 1             @ D:/keil_1/keilpacks/ARM/CMSIS-DSP/1.16.2/Source/StatisticsFunctions\arm_absmin_f16.c:257:18
	ldr	r0, [sp, #20]
	.loc	19 257 30 is_stmt 0             @ D:/keil_1/keilpacks/ARM/CMSIS-DSP/1.16.2/Source/StatisticsFunctions\arm_absmin_f16.c:257:30
	ldr	r1, [sp, #4]
	.loc	19 257 28                       @ D:/keil_1/keilpacks/ARM/CMSIS-DSP/1.16.2/Source/StatisticsFunctions\arm_absmin_f16.c:257:28
	subs	r0, r0, r1
	.loc	19 257 16                       @ D:/keil_1/keilpacks/ARM/CMSIS-DSP/1.16.2/Source/StatisticsFunctions\arm_absmin_f16.c:257:16
	str	r0, [sp]
	.loc	19 258 5 is_stmt 1              @ D:/keil_1/keilpacks/ARM/CMSIS-DSP/1.16.2/Source/StatisticsFunctions\arm_absmin_f16.c:258:5
	b	.LBB14_4
.Ltmp105:
.LBB14_4:                               @   in Loop: Header=BB14_1 Depth=1
	.loc	19 261 11                       @ D:/keil_1/keilpacks/ARM/CMSIS-DSP/1.16.2/Source/StatisticsFunctions\arm_absmin_f16.c:261:11
	ldr	r0, [sp, #4]
	subs	r0, #1
	str	r0, [sp, #4]
.Ltmp106:
	.loc	19 247 3                        @ D:/keil_1/keilpacks/ARM/CMSIS-DSP/1.16.2/Source/StatisticsFunctions\arm_absmin_f16.c:247:3
	b	.LBB14_1
.LBB14_5:
	.loc	19 265 14                       @ D:/keil_1/keilpacks/ARM/CMSIS-DSP/1.16.2/Source/StatisticsFunctions\arm_absmin_f16.c:265:14
	ldrh.w	r0, [sp, #8]
	.loc	19 265 4 is_stmt 0              @ D:/keil_1/keilpacks/ARM/CMSIS-DSP/1.16.2/Source/StatisticsFunctions\arm_absmin_f16.c:265:4
	ldr	r1, [sp, #16]
	.loc	19 265 12                       @ D:/keil_1/keilpacks/ARM/CMSIS-DSP/1.16.2/Source/StatisticsFunctions\arm_absmin_f16.c:265:12
	strh	r0, [r1]
	.loc	19 266 13 is_stmt 1             @ D:/keil_1/keilpacks/ARM/CMSIS-DSP/1.16.2/Source/StatisticsFunctions\arm_absmin_f16.c:266:13
	ldr	r0, [sp]
	.loc	19 266 4 is_stmt 0              @ D:/keil_1/keilpacks/ARM/CMSIS-DSP/1.16.2/Source/StatisticsFunctions\arm_absmin_f16.c:266:4
	ldr	r1, [sp, #12]
	.loc	19 266 11                       @ D:/keil_1/keilpacks/ARM/CMSIS-DSP/1.16.2/Source/StatisticsFunctions\arm_absmin_f16.c:266:11
	str	r0, [r1]
	.loc	19 267 1 epilogue_begin is_stmt 1 @ D:/keil_1/keilpacks/ARM/CMSIS-DSP/1.16.2/Source/StatisticsFunctions\arm_absmin_f16.c:267:1
	add	sp, #28
	bx	lr
.Ltmp107:
.Lfunc_end14:
	.size	arm_absmin_f16, .Lfunc_end14-arm_absmin_f16
	.cfi_endproc
	.cantunwind
	.fnend
                                        @ -- End function
	.section	.text.arm_absmax_no_idx_f16,"ax",%progbits
	.hidden	arm_absmax_no_idx_f16           @ -- Begin function arm_absmax_no_idx_f16
	.globl	arm_absmax_no_idx_f16
	.p2align	3
	.type	arm_absmax_no_idx_f16,%function
	.code	16                              @ @arm_absmax_no_idx_f16
	.thumb_func
arm_absmax_no_idx_f16:
.Lfunc_begin15:
	.file	20 "D:/keil_1/keilpacks/ARM/CMSIS-DSP/1.16.2/Source/StatisticsFunctions" "arm_absmax_no_idx_f16.c"
	.loc	20 189 0                        @ D:/keil_1/keilpacks/ARM/CMSIS-DSP/1.16.2/Source/StatisticsFunctions\arm_absmax_no_idx_f16.c:189:0
	.fnstart
	.cfi_startproc
@ %bb.0:
	.pad	#20
	sub	sp, #20
	.cfi_def_cfa_offset 20
	str	r0, [sp, #16]
	str	r1, [sp, #12]
	str	r2, [sp, #8]
.Ltmp108:
	.loc	20 196 41 prologue_end          @ D:/keil_1/keilpacks/ARM/CMSIS-DSP/1.16.2/Source/StatisticsFunctions\arm_absmax_no_idx_f16.c:196:41
	ldr	r0, [sp, #16]
	adds	r1, r0, #2
	str	r1, [sp, #16]
	.loc	20 196 36 is_stmt 0             @ D:/keil_1/keilpacks/ARM/CMSIS-DSP/1.16.2/Source/StatisticsFunctions\arm_absmax_no_idx_f16.c:196:36
	ldrh	r0, [r0]
	.loc	20 196 25                       @ D:/keil_1/keilpacks/ARM/CMSIS-DSP/1.16.2/Source/StatisticsFunctions\arm_absmax_no_idx_f16.c:196:25
	vmov	s0, r0
	vcvtb.f32.f16	s0, s0
	.loc	20 196 19                       @ D:/keil_1/keilpacks/ARM/CMSIS-DSP/1.16.2/Source/StatisticsFunctions\arm_absmax_no_idx_f16.c:196:19
	vabs.f32	s2, s0
                                        @ implicit-def: $s0
	.loc	20 196 9                        @ D:/keil_1/keilpacks/ARM/CMSIS-DSP/1.16.2/Source/StatisticsFunctions\arm_absmax_no_idx_f16.c:196:9
	vcvtb.f16.f32	s0, s2
	vmov	r0, s0
	.loc	20 196 7                        @ D:/keil_1/keilpacks/ARM/CMSIS-DSP/1.16.2/Source/StatisticsFunctions\arm_absmax_no_idx_f16.c:196:7
	strh.w	r0, [sp, #4]
	.loc	20 199 13 is_stmt 1             @ D:/keil_1/keilpacks/ARM/CMSIS-DSP/1.16.2/Source/StatisticsFunctions\arm_absmax_no_idx_f16.c:199:13
	ldr	r0, [sp, #12]
	.loc	20 199 23 is_stmt 0             @ D:/keil_1/keilpacks/ARM/CMSIS-DSP/1.16.2/Source/StatisticsFunctions\arm_absmax_no_idx_f16.c:199:23
	subs	r0, #1
	.loc	20 199 10                       @ D:/keil_1/keilpacks/ARM/CMSIS-DSP/1.16.2/Source/StatisticsFunctions\arm_absmax_no_idx_f16.c:199:10
	str	r0, [sp]
	.loc	20 201 3 is_stmt 1              @ D:/keil_1/keilpacks/ARM/CMSIS-DSP/1.16.2/Source/StatisticsFunctions\arm_absmax_no_idx_f16.c:201:3
	b	.LBB15_1
.LBB15_1:                               @ =>This Inner Loop Header: Depth=1
	.loc	20 201 10 is_stmt 0             @ D:/keil_1/keilpacks/ARM/CMSIS-DSP/1.16.2/Source/StatisticsFunctions\arm_absmax_no_idx_f16.c:201:10
	ldr	r0, [sp]
	.loc	20 201 3                        @ D:/keil_1/keilpacks/ARM/CMSIS-DSP/1.16.2/Source/StatisticsFunctions\arm_absmax_no_idx_f16.c:201:3
	cbz	r0, .LBB15_5
	b	.LBB15_2
.LBB15_2:                               @   in Loop: Header=BB15_1 Depth=1
.Ltmp109:
	.loc	20 204 46 is_stmt 1             @ D:/keil_1/keilpacks/ARM/CMSIS-DSP/1.16.2/Source/StatisticsFunctions\arm_absmax_no_idx_f16.c:204:46
	ldr	r0, [sp, #16]
	adds	r1, r0, #2
	str	r1, [sp, #16]
	.loc	20 204 41 is_stmt 0             @ D:/keil_1/keilpacks/ARM/CMSIS-DSP/1.16.2/Source/StatisticsFunctions\arm_absmax_no_idx_f16.c:204:41
	ldrh	r0, [r0]
	.loc	20 204 30                       @ D:/keil_1/keilpacks/ARM/CMSIS-DSP/1.16.2/Source/StatisticsFunctions\arm_absmax_no_idx_f16.c:204:30
	vmov	s0, r0
	vcvtb.f32.f16	s0, s0
	.loc	20 204 24                       @ D:/keil_1/keilpacks/ARM/CMSIS-DSP/1.16.2/Source/StatisticsFunctions\arm_absmax_no_idx_f16.c:204:24
	vabs.f32	s2, s0
                                        @ implicit-def: $s0
	.loc	20 204 14                       @ D:/keil_1/keilpacks/ARM/CMSIS-DSP/1.16.2/Source/StatisticsFunctions\arm_absmax_no_idx_f16.c:204:14
	vcvtb.f16.f32	s0, s2
	vmov	r0, s0
	.loc	20 204 12                       @ D:/keil_1/keilpacks/ARM/CMSIS-DSP/1.16.2/Source/StatisticsFunctions\arm_absmax_no_idx_f16.c:204:12
	strh.w	r0, [sp, #6]
.Ltmp110:
	.loc	20 207 19 is_stmt 1             @ D:/keil_1/keilpacks/ARM/CMSIS-DSP/1.16.2/Source/StatisticsFunctions\arm_absmax_no_idx_f16.c:207:19
	ldrh.w	r0, [sp, #4]
	.loc	20 207 35 is_stmt 0             @ D:/keil_1/keilpacks/ARM/CMSIS-DSP/1.16.2/Source/StatisticsFunctions\arm_absmax_no_idx_f16.c:207:35
	ldrh.w	r1, [sp, #6]
	.loc	20 207 23                       @ D:/keil_1/keilpacks/ARM/CMSIS-DSP/1.16.2/Source/StatisticsFunctions\arm_absmax_no_idx_f16.c:207:23
	vmov	s0, r1
	vcvtb.f32.f16	s2, s0
	vmov	s0, r0
	vcvtb.f32.f16	s0, s0
.Ltmp111:
	.loc	20 207 9                        @ D:/keil_1/keilpacks/ARM/CMSIS-DSP/1.16.2/Source/StatisticsFunctions\arm_absmax_no_idx_f16.c:207:9
	vcmp.f32	s0, s2
	vmrs	APSR_nzcv, fpscr
	bge	.LBB15_4
	b	.LBB15_3
.LBB15_3:                               @   in Loop: Header=BB15_1 Depth=1
.Ltmp112:
	.loc	20 210 13 is_stmt 1             @ D:/keil_1/keilpacks/ARM/CMSIS-DSP/1.16.2/Source/StatisticsFunctions\arm_absmax_no_idx_f16.c:210:13
	ldrh.w	r0, [sp, #6]
	.loc	20 210 11 is_stmt 0             @ D:/keil_1/keilpacks/ARM/CMSIS-DSP/1.16.2/Source/StatisticsFunctions\arm_absmax_no_idx_f16.c:210:11
	strh.w	r0, [sp, #4]
	.loc	20 211 5 is_stmt 1              @ D:/keil_1/keilpacks/ARM/CMSIS-DSP/1.16.2/Source/StatisticsFunctions\arm_absmax_no_idx_f16.c:211:5
	b	.LBB15_4
.Ltmp113:
.LBB15_4:                               @   in Loop: Header=BB15_1 Depth=1
	.loc	20 214 11                       @ D:/keil_1/keilpacks/ARM/CMSIS-DSP/1.16.2/Source/StatisticsFunctions\arm_absmax_no_idx_f16.c:214:11
	ldr	r0, [sp]
	subs	r0, #1
	str	r0, [sp]
.Ltmp114:
	.loc	20 201 3                        @ D:/keil_1/keilpacks/ARM/CMSIS-DSP/1.16.2/Source/StatisticsFunctions\arm_absmax_no_idx_f16.c:201:3
	b	.LBB15_1
.LBB15_5:
	.loc	20 218 14                       @ D:/keil_1/keilpacks/ARM/CMSIS-DSP/1.16.2/Source/StatisticsFunctions\arm_absmax_no_idx_f16.c:218:14
	ldrh.w	r0, [sp, #4]
	.loc	20 218 4 is_stmt 0              @ D:/keil_1/keilpacks/ARM/CMSIS-DSP/1.16.2/Source/StatisticsFunctions\arm_absmax_no_idx_f16.c:218:4
	ldr	r1, [sp, #8]
	.loc	20 218 12                       @ D:/keil_1/keilpacks/ARM/CMSIS-DSP/1.16.2/Source/StatisticsFunctions\arm_absmax_no_idx_f16.c:218:12
	strh	r0, [r1]
	.loc	20 219 1 epilogue_begin is_stmt 1 @ D:/keil_1/keilpacks/ARM/CMSIS-DSP/1.16.2/Source/StatisticsFunctions\arm_absmax_no_idx_f16.c:219:1
	add	sp, #20
	bx	lr
.Ltmp115:
.Lfunc_end15:
	.size	arm_absmax_no_idx_f16, .Lfunc_end15-arm_absmax_no_idx_f16
	.cfi_endproc
	.cantunwind
	.fnend
                                        @ -- End function
	.section	.text.arm_absmin_no_idx_f16,"ax",%progbits
	.hidden	arm_absmin_no_idx_f16           @ -- Begin function arm_absmin_no_idx_f16
	.globl	arm_absmin_no_idx_f16
	.p2align	3
	.type	arm_absmin_no_idx_f16,%function
	.code	16                              @ @arm_absmin_no_idx_f16
	.thumb_func
arm_absmin_no_idx_f16:
.Lfunc_begin16:
	.file	21 "D:/keil_1/keilpacks/ARM/CMSIS-DSP/1.16.2/Source/StatisticsFunctions" "arm_absmin_no_idx_f16.c"
	.loc	21 191 0                        @ D:/keil_1/keilpacks/ARM/CMSIS-DSP/1.16.2/Source/StatisticsFunctions\arm_absmin_no_idx_f16.c:191:0
	.fnstart
	.cfi_startproc
@ %bb.0:
	.pad	#20
	sub	sp, #20
	.cfi_def_cfa_offset 20
	str	r0, [sp, #16]
	str	r1, [sp, #12]
	str	r2, [sp, #8]
.Ltmp116:
	.loc	21 198 41 prologue_end          @ D:/keil_1/keilpacks/ARM/CMSIS-DSP/1.16.2/Source/StatisticsFunctions\arm_absmin_no_idx_f16.c:198:41
	ldr	r0, [sp, #16]
	adds	r1, r0, #2
	str	r1, [sp, #16]
	.loc	21 198 36 is_stmt 0             @ D:/keil_1/keilpacks/ARM/CMSIS-DSP/1.16.2/Source/StatisticsFunctions\arm_absmin_no_idx_f16.c:198:36
	ldrh	r0, [r0]
	.loc	21 198 25                       @ D:/keil_1/keilpacks/ARM/CMSIS-DSP/1.16.2/Source/StatisticsFunctions\arm_absmin_no_idx_f16.c:198:25
	vmov	s0, r0
	vcvtb.f32.f16	s0, s0
	.loc	21 198 19                       @ D:/keil_1/keilpacks/ARM/CMSIS-DSP/1.16.2/Source/StatisticsFunctions\arm_absmin_no_idx_f16.c:198:19
	vabs.f32	s2, s0
                                        @ implicit-def: $s0
	.loc	21 198 9                        @ D:/keil_1/keilpacks/ARM/CMSIS-DSP/1.16.2/Source/StatisticsFunctions\arm_absmin_no_idx_f16.c:198:9
	vcvtb.f16.f32	s0, s2
	vmov	r0, s0
	.loc	21 198 7                        @ D:/keil_1/keilpacks/ARM/CMSIS-DSP/1.16.2/Source/StatisticsFunctions\arm_absmin_no_idx_f16.c:198:7
	strh.w	r0, [sp, #4]
	.loc	21 201 13 is_stmt 1             @ D:/keil_1/keilpacks/ARM/CMSIS-DSP/1.16.2/Source/StatisticsFunctions\arm_absmin_no_idx_f16.c:201:13
	ldr	r0, [sp, #12]
	.loc	21 201 23 is_stmt 0             @ D:/keil_1/keilpacks/ARM/CMSIS-DSP/1.16.2/Source/StatisticsFunctions\arm_absmin_no_idx_f16.c:201:23
	subs	r0, #1
	.loc	21 201 10                       @ D:/keil_1/keilpacks/ARM/CMSIS-DSP/1.16.2/Source/StatisticsFunctions\arm_absmin_no_idx_f16.c:201:10
	str	r0, [sp]
	.loc	21 203 3 is_stmt 1              @ D:/keil_1/keilpacks/ARM/CMSIS-DSP/1.16.2/Source/StatisticsFunctions\arm_absmin_no_idx_f16.c:203:3
	b	.LBB16_1
.LBB16_1:                               @ =>This Inner Loop Header: Depth=1
	.loc	21 203 10 is_stmt 0             @ D:/keil_1/keilpacks/ARM/CMSIS-DSP/1.16.2/Source/StatisticsFunctions\arm_absmin_no_idx_f16.c:203:10
	ldr	r0, [sp]
	.loc	21 203 3                        @ D:/keil_1/keilpacks/ARM/CMSIS-DSP/1.16.2/Source/StatisticsFunctions\arm_absmin_no_idx_f16.c:203:3
	cbz	r0, .LBB16_5
	b	.LBB16_2
.LBB16_2:                               @   in Loop: Header=BB16_1 Depth=1
.Ltmp117:
	.loc	21 206 46 is_stmt 1             @ D:/keil_1/keilpacks/ARM/CMSIS-DSP/1.16.2/Source/StatisticsFunctions\arm_absmin_no_idx_f16.c:206:46
	ldr	r0, [sp, #16]
	adds	r1, r0, #2
	str	r1, [sp, #16]
	.loc	21 206 41 is_stmt 0             @ D:/keil_1/keilpacks/ARM/CMSIS-DSP/1.16.2/Source/StatisticsFunctions\arm_absmin_no_idx_f16.c:206:41
	ldrh	r0, [r0]
	.loc	21 206 30                       @ D:/keil_1/keilpacks/ARM/CMSIS-DSP/1.16.2/Source/StatisticsFunctions\arm_absmin_no_idx_f16.c:206:30
	vmov	s0, r0
	vcvtb.f32.f16	s0, s0
	.loc	21 206 24                       @ D:/keil_1/keilpacks/ARM/CMSIS-DSP/1.16.2/Source/StatisticsFunctions\arm_absmin_no_idx_f16.c:206:24
	vabs.f32	s2, s0
                                        @ implicit-def: $s0
	.loc	21 206 14                       @ D:/keil_1/keilpacks/ARM/CMSIS-DSP/1.16.2/Source/StatisticsFunctions\arm_absmin_no_idx_f16.c:206:14
	vcvtb.f16.f32	s0, s2
	vmov	r0, s0
	.loc	21 206 12                       @ D:/keil_1/keilpacks/ARM/CMSIS-DSP/1.16.2/Source/StatisticsFunctions\arm_absmin_no_idx_f16.c:206:12
	strh.w	r0, [sp, #6]
.Ltmp118:
	.loc	21 209 19 is_stmt 1             @ D:/keil_1/keilpacks/ARM/CMSIS-DSP/1.16.2/Source/StatisticsFunctions\arm_absmin_no_idx_f16.c:209:19
	ldrh.w	r0, [sp, #4]
	.loc	21 209 35 is_stmt 0             @ D:/keil_1/keilpacks/ARM/CMSIS-DSP/1.16.2/Source/StatisticsFunctions\arm_absmin_no_idx_f16.c:209:35
	ldrh.w	r1, [sp, #6]
	.loc	21 209 23                       @ D:/keil_1/keilpacks/ARM/CMSIS-DSP/1.16.2/Source/StatisticsFunctions\arm_absmin_no_idx_f16.c:209:23
	vmov	s0, r1
	vcvtb.f32.f16	s2, s0
	vmov	s0, r0
	vcvtb.f32.f16	s0, s0
.Ltmp119:
	.loc	21 209 9                        @ D:/keil_1/keilpacks/ARM/CMSIS-DSP/1.16.2/Source/StatisticsFunctions\arm_absmin_no_idx_f16.c:209:9
	vcmp.f32	s0, s2
	vmrs	APSR_nzcv, fpscr
	ble	.LBB16_4
	b	.LBB16_3
.LBB16_3:                               @   in Loop: Header=BB16_1 Depth=1
.Ltmp120:
	.loc	21 212 13 is_stmt 1             @ D:/keil_1/keilpacks/ARM/CMSIS-DSP/1.16.2/Source/StatisticsFunctions\arm_absmin_no_idx_f16.c:212:13
	ldrh.w	r0, [sp, #6]
	.loc	21 212 11 is_stmt 0             @ D:/keil_1/keilpacks/ARM/CMSIS-DSP/1.16.2/Source/StatisticsFunctions\arm_absmin_no_idx_f16.c:212:11
	strh.w	r0, [sp, #4]
	.loc	21 213 5 is_stmt 1              @ D:/keil_1/keilpacks/ARM/CMSIS-DSP/1.16.2/Source/StatisticsFunctions\arm_absmin_no_idx_f16.c:213:5
	b	.LBB16_4
.Ltmp121:
.LBB16_4:                               @   in Loop: Header=BB16_1 Depth=1
	.loc	21 216 11                       @ D:/keil_1/keilpacks/ARM/CMSIS-DSP/1.16.2/Source/StatisticsFunctions\arm_absmin_no_idx_f16.c:216:11
	ldr	r0, [sp]
	subs	r0, #1
	str	r0, [sp]
.Ltmp122:
	.loc	21 203 3                        @ D:/keil_1/keilpacks/ARM/CMSIS-DSP/1.16.2/Source/StatisticsFunctions\arm_absmin_no_idx_f16.c:203:3
	b	.LBB16_1
.LBB16_5:
	.loc	21 220 14                       @ D:/keil_1/keilpacks/ARM/CMSIS-DSP/1.16.2/Source/StatisticsFunctions\arm_absmin_no_idx_f16.c:220:14
	ldrh.w	r0, [sp, #4]
	.loc	21 220 4 is_stmt 0              @ D:/keil_1/keilpacks/ARM/CMSIS-DSP/1.16.2/Source/StatisticsFunctions\arm_absmin_no_idx_f16.c:220:4
	ldr	r1, [sp, #8]
	.loc	21 220 12                       @ D:/keil_1/keilpacks/ARM/CMSIS-DSP/1.16.2/Source/StatisticsFunctions\arm_absmin_no_idx_f16.c:220:12
	strh	r0, [r1]
	.loc	21 221 1 epilogue_begin is_stmt 1 @ D:/keil_1/keilpacks/ARM/CMSIS-DSP/1.16.2/Source/StatisticsFunctions\arm_absmin_no_idx_f16.c:221:1
	add	sp, #20
	bx	lr
.Ltmp123:
.Lfunc_end16:
	.size	arm_absmin_no_idx_f16, .Lfunc_end16-arm_absmin_no_idx_f16
	.cfi_endproc
	.cantunwind
	.fnend
                                        @ -- End function
	.section	.text.arm_mse_f16,"ax",%progbits
	.hidden	arm_mse_f16                     @ -- Begin function arm_mse_f16
	.globl	arm_mse_f16
	.p2align	3
	.type	arm_mse_f16,%function
	.code	16                              @ @arm_mse_f16
	.thumb_func
arm_mse_f16:
.Lfunc_begin17:
	.file	22 "D:/keil_1/keilpacks/ARM/CMSIS-DSP/1.16.2/Source/StatisticsFunctions" "arm_mse_f16.c"
	.loc	22 121 0                        @ D:/keil_1/keilpacks/ARM/CMSIS-DSP/1.16.2/Source/StatisticsFunctions\arm_mse_f16.c:121:0
	.fnstart
	.cfi_startproc
@ %bb.0:
	.pad	#28
	sub	sp, #28
	.cfi_def_cfa_offset 28
	str	r0, [sp, #24]
	str	r1, [sp, #20]
	str	r2, [sp, #16]
	str	r3, [sp, #12]
	movs	r0, #0
.Ltmp124:
	.loc	22 124 12 prologue_end          @ D:/keil_1/keilpacks/ARM/CMSIS-DSP/1.16.2/Source/StatisticsFunctions\arm_mse_f16.c:124:12
	strh.w	r0, [sp, #2]
	.loc	22 180 12                       @ D:/keil_1/keilpacks/ARM/CMSIS-DSP/1.16.2/Source/StatisticsFunctions\arm_mse_f16.c:180:12
	ldr	r0, [sp, #16]
	.loc	22 180 10 is_stmt 0             @ D:/keil_1/keilpacks/ARM/CMSIS-DSP/1.16.2/Source/StatisticsFunctions\arm_mse_f16.c:180:10
	str	r0, [sp, #8]
	.loc	22 182 3 is_stmt 1              @ D:/keil_1/keilpacks/ARM/CMSIS-DSP/1.16.2/Source/StatisticsFunctions\arm_mse_f16.c:182:3
	b	.LBB17_1
.LBB17_1:                               @ =>This Inner Loop Header: Depth=1
	.loc	22 182 10 is_stmt 0             @ D:/keil_1/keilpacks/ARM/CMSIS-DSP/1.16.2/Source/StatisticsFunctions\arm_mse_f16.c:182:10
	ldr	r0, [sp, #8]
	.loc	22 182 3                        @ D:/keil_1/keilpacks/ARM/CMSIS-DSP/1.16.2/Source/StatisticsFunctions\arm_mse_f16.c:182:3
	cbz	r0, .LBB17_3
	b	.LBB17_2
.LBB17_2:                               @   in Loop: Header=BB17_1 Depth=1
.Ltmp125:
	.loc	22 184 17 is_stmt 1             @ D:/keil_1/keilpacks/ARM/CMSIS-DSP/1.16.2/Source/StatisticsFunctions\arm_mse_f16.c:184:17
	ldr	r0, [sp, #24]
	adds	r1, r0, #2
	str	r1, [sp, #24]
	.loc	22 184 11 is_stmt 0             @ D:/keil_1/keilpacks/ARM/CMSIS-DSP/1.16.2/Source/StatisticsFunctions\arm_mse_f16.c:184:11
	ldrh	r0, [r0]
	.loc	22 184 9                        @ D:/keil_1/keilpacks/ARM/CMSIS-DSP/1.16.2/Source/StatisticsFunctions\arm_mse_f16.c:184:9
	strh.w	r0, [sp, #6]
	.loc	22 185 17 is_stmt 1             @ D:/keil_1/keilpacks/ARM/CMSIS-DSP/1.16.2/Source/StatisticsFunctions\arm_mse_f16.c:185:17
	ldr	r0, [sp, #20]
	adds	r1, r0, #2
	str	r1, [sp, #20]
	.loc	22 185 11 is_stmt 0             @ D:/keil_1/keilpacks/ARM/CMSIS-DSP/1.16.2/Source/StatisticsFunctions\arm_mse_f16.c:185:11
	ldrh	r0, [r0]
	.loc	22 185 9                        @ D:/keil_1/keilpacks/ARM/CMSIS-DSP/1.16.2/Source/StatisticsFunctions\arm_mse_f16.c:185:9
	strh.w	r0, [sp, #4]
	.loc	22 186 21 is_stmt 1             @ D:/keil_1/keilpacks/ARM/CMSIS-DSP/1.16.2/Source/StatisticsFunctions\arm_mse_f16.c:186:21
	ldrh.w	r0, [sp, #6]
	.loc	22 186 25 is_stmt 0             @ D:/keil_1/keilpacks/ARM/CMSIS-DSP/1.16.2/Source/StatisticsFunctions\arm_mse_f16.c:186:25
	vmov	s0, r0
	vcvtb.f32.f16	s0, s0
	.loc	22 186 37                       @ D:/keil_1/keilpacks/ARM/CMSIS-DSP/1.16.2/Source/StatisticsFunctions\arm_mse_f16.c:186:37
	ldrh.w	r0, [sp, #4]
	.loc	22 186 25                       @ D:/keil_1/keilpacks/ARM/CMSIS-DSP/1.16.2/Source/StatisticsFunctions\arm_mse_f16.c:186:25
	vmov	s2, r0
	vcvtb.f32.f16	s2, s2
	vsub.f32	s2, s0, s2
                                        @ implicit-def: $s0
	vcvtb.f16.f32	s0, s2
	vmov	r0, s0
	.loc	22 186 9                        @ D:/keil_1/keilpacks/ARM/CMSIS-DSP/1.16.2/Source/StatisticsFunctions\arm_mse_f16.c:186:9
	strh.w	r0, [sp, #6]
	.loc	22 187 22 is_stmt 1             @ D:/keil_1/keilpacks/ARM/CMSIS-DSP/1.16.2/Source/StatisticsFunctions\arm_mse_f16.c:187:22
	ldrh.w	r0, [sp, #6]
	.loc	22 187 9 is_stmt 0              @ D:/keil_1/keilpacks/ARM/CMSIS-DSP/1.16.2/Source/StatisticsFunctions\arm_mse_f16.c:187:9
	vmov	s0, r0
	vcvtb.f32.f16	s0, s0
	ldrh.w	r0, [sp, #2]
	vmov	s2, r0
	vcvtb.f32.f16	s2, s2
	vfma.f32	s2, s0, s0
                                        @ implicit-def: $s0
	vcvtb.f16.f32	s0, s2
	vmov	r0, s0
	strh.w	r0, [sp, #2]
	.loc	22 190 11 is_stmt 1             @ D:/keil_1/keilpacks/ARM/CMSIS-DSP/1.16.2/Source/StatisticsFunctions\arm_mse_f16.c:190:11
	ldr	r0, [sp, #8]
	subs	r0, #1
	str	r0, [sp, #8]
.Ltmp126:
	.loc	22 182 3                        @ D:/keil_1/keilpacks/ARM/CMSIS-DSP/1.16.2/Source/StatisticsFunctions\arm_mse_f16.c:182:3
	b	.LBB17_1
.LBB17_3:
	.loc	22 194 23                       @ D:/keil_1/keilpacks/ARM/CMSIS-DSP/1.16.2/Source/StatisticsFunctions\arm_mse_f16.c:194:23
	ldrh.w	r0, [sp, #2]
	.loc	22 194 27 is_stmt 0             @ D:/keil_1/keilpacks/ARM/CMSIS-DSP/1.16.2/Source/StatisticsFunctions\arm_mse_f16.c:194:27
	vmov	s0, r0
	vcvtb.f32.f16	s0, s0
	.loc	22 194 29                       @ D:/keil_1/keilpacks/ARM/CMSIS-DSP/1.16.2/Source/StatisticsFunctions\arm_mse_f16.c:194:29
	vldr	s2, [sp, #16]
	vcvt.f32.u32	s4, s2
                                        @ implicit-def: $s2
	vcvtb.f16.f32	s2, s4
	vmov	r0, s2
	.loc	22 194 27                       @ D:/keil_1/keilpacks/ARM/CMSIS-DSP/1.16.2/Source/StatisticsFunctions\arm_mse_f16.c:194:27
	vmov	s2, r0
	vcvtb.f32.f16	s2, s2
	vdiv.f32	s2, s0, s2
                                        @ implicit-def: $s0
	vcvtb.f16.f32	s0, s2
	vmov	r0, s0
	.loc	22 194 4                        @ D:/keil_1/keilpacks/ARM/CMSIS-DSP/1.16.2/Source/StatisticsFunctions\arm_mse_f16.c:194:4
	ldr	r1, [sp, #12]
	.loc	22 194 11                       @ D:/keil_1/keilpacks/ARM/CMSIS-DSP/1.16.2/Source/StatisticsFunctions\arm_mse_f16.c:194:11
	strh	r0, [r1]
	.loc	22 195 1 epilogue_begin is_stmt 1 @ D:/keil_1/keilpacks/ARM/CMSIS-DSP/1.16.2/Source/StatisticsFunctions\arm_mse_f16.c:195:1
	add	sp, #28
	bx	lr
.Ltmp127:
.Lfunc_end17:
	.size	arm_mse_f16, .Lfunc_end17-arm_mse_f16
	.cfi_endproc
	.cantunwind
	.fnend
                                        @ -- End function
	.section	.text.arm_accumulate_f16,"ax",%progbits
	.hidden	arm_accumulate_f16              @ -- Begin function arm_accumulate_f16
	.globl	arm_accumulate_f16
	.p2align	3
	.type	arm_accumulate_f16,%function
	.code	16                              @ @arm_accumulate_f16
	.thumb_func
arm_accumulate_f16:
.Lfunc_begin18:
	.file	23 "D:/keil_1/keilpacks/ARM/CMSIS-DSP/1.16.2/Source/StatisticsFunctions" "arm_accumulate_f16.c"
	.loc	23 67 0                         @ D:/keil_1/keilpacks/ARM/CMSIS-DSP/1.16.2/Source/StatisticsFunctions\arm_accumulate_f16.c:67:0
	.fnstart
	.cfi_startproc
@ %bb.0:
	.pad	#20
	sub	sp, #20
	.cfi_def_cfa_offset 20
	str	r0, [sp, #16]
	str	r1, [sp, #12]
	str	r2, [sp, #8]
	movs	r0, #0
.Ltmp128:
	.loc	23 69 13 prologue_end           @ D:/keil_1/keilpacks/ARM/CMSIS-DSP/1.16.2/Source/StatisticsFunctions\arm_accumulate_f16.c:69:13
	strh.w	r0, [sp, #2]
	.loc	23 97 12                        @ D:/keil_1/keilpacks/ARM/CMSIS-DSP/1.16.2/Source/StatisticsFunctions\arm_accumulate_f16.c:97:12
	ldr	r0, [sp, #12]
	.loc	23 97 10 is_stmt 0              @ D:/keil_1/keilpacks/ARM/CMSIS-DSP/1.16.2/Source/StatisticsFunctions\arm_accumulate_f16.c:97:10
	str	r0, [sp, #4]
	.loc	23 101 3 is_stmt 1              @ D:/keil_1/keilpacks/ARM/CMSIS-DSP/1.16.2/Source/StatisticsFunctions\arm_accumulate_f16.c:101:3
	b	.LBB18_1
.LBB18_1:                               @ =>This Inner Loop Header: Depth=1
	.loc	23 101 10 is_stmt 0             @ D:/keil_1/keilpacks/ARM/CMSIS-DSP/1.16.2/Source/StatisticsFunctions\arm_accumulate_f16.c:101:10
	ldr	r0, [sp, #4]
	.loc	23 101 3                        @ D:/keil_1/keilpacks/ARM/CMSIS-DSP/1.16.2/Source/StatisticsFunctions\arm_accumulate_f16.c:101:3
	cbz	r0, .LBB18_3
	b	.LBB18_2
.LBB18_2:                               @   in Loop: Header=BB18_1 Depth=1
.Ltmp129:
	.loc	23 104 27 is_stmt 1             @ D:/keil_1/keilpacks/ARM/CMSIS-DSP/1.16.2/Source/StatisticsFunctions\arm_accumulate_f16.c:104:27
	ldr	r0, [sp, #16]
	adds	r1, r0, #2
	str	r1, [sp, #16]
	.loc	23 104 22 is_stmt 0             @ D:/keil_1/keilpacks/ARM/CMSIS-DSP/1.16.2/Source/StatisticsFunctions\arm_accumulate_f16.c:104:22
	ldrh	r1, [r0]
	.loc	23 104 9                        @ D:/keil_1/keilpacks/ARM/CMSIS-DSP/1.16.2/Source/StatisticsFunctions\arm_accumulate_f16.c:104:9
	ldrh.w	r0, [sp, #2]
	vmov	s0, r1
	vcvtb.f32.f16	s2, s0
	vmov	s0, r0
	vcvtb.f32.f16	s0, s0
	vadd.f32	s2, s0, s2
                                        @ implicit-def: $s0
	vcvtb.f16.f32	s0, s2
	vmov	r0, s0
	strh.w	r0, [sp, #2]
	.loc	23 107 11 is_stmt 1             @ D:/keil_1/keilpacks/ARM/CMSIS-DSP/1.16.2/Source/StatisticsFunctions\arm_accumulate_f16.c:107:11
	ldr	r0, [sp, #4]
	subs	r0, #1
	str	r0, [sp, #4]
.Ltmp130:
	.loc	23 101 3                        @ D:/keil_1/keilpacks/ARM/CMSIS-DSP/1.16.2/Source/StatisticsFunctions\arm_accumulate_f16.c:101:3
	b	.LBB18_1
.LBB18_3:
	.loc	23 112 14                       @ D:/keil_1/keilpacks/ARM/CMSIS-DSP/1.16.2/Source/StatisticsFunctions\arm_accumulate_f16.c:112:14
	ldrh.w	r0, [sp, #2]
	.loc	23 112 4 is_stmt 0              @ D:/keil_1/keilpacks/ARM/CMSIS-DSP/1.16.2/Source/StatisticsFunctions\arm_accumulate_f16.c:112:4
	ldr	r1, [sp, #8]
	.loc	23 112 12                       @ D:/keil_1/keilpacks/ARM/CMSIS-DSP/1.16.2/Source/StatisticsFunctions\arm_accumulate_f16.c:112:12
	strh	r0, [r1]
	.loc	23 113 1 epilogue_begin is_stmt 1 @ D:/keil_1/keilpacks/ARM/CMSIS-DSP/1.16.2/Source/StatisticsFunctions\arm_accumulate_f16.c:113:1
	add	sp, #20
	bx	lr
.Ltmp131:
.Lfunc_end18:
	.size	arm_accumulate_f16, .Lfunc_end18-arm_accumulate_f16
	.cfi_endproc
	.cantunwind
	.fnend
                                        @ -- End function
	.section	.text._sqrtf,"ax",%progbits
	.p2align	3                               @ -- Begin function _sqrtf
	.type	_sqrtf,%function
	.code	16                              @ @_sqrtf
	.thumb_func
_sqrtf:
.Lfunc_begin19:
	.file	24 "D:\\keil_1\\keil\\ARM\\ARMCLANG\\bin\\..\\include" "math.h"
	.loc	24 425 0                        @ D:\keil_1\keil\ARM\ARMCLANG\bin\..\include\math.h:425:0
	.fnstart
	.cfi_startproc
@ %bb.0:
	.pad	#8
	sub	sp, #8
	.cfi_def_cfa_offset 8
	vstr	s0, [sp]
.Ltmp132:
	.loc	24 425 61 prologue_end          @ D:\keil_1\keil\ARM\ARMCLANG\bin\..\include\math.h:425:61
	ldr	r0, [sp]
	str	r0, [sp, #4]
.Ltmp133:
	.loc	24 415 7                        @ D:\keil_1\keil\ARM\ARMCLANG\bin\..\include\math.h:415:7
	vldr	s0, [sp, #4]
	@APP
	vsqrt.f32	s0, s0
	@NO_APP
	vstr	s0, [sp, #4]
	.loc	24 422 14                       @ D:\keil_1\keil\ARM\ARMCLANG\bin\..\include\math.h:422:14
	vldr	s0, [sp, #4]
.Ltmp134:
	.loc	24 425 46 epilogue_begin        @ D:\keil_1\keil\ARM\ARMCLANG\bin\..\include\math.h:425:46
	add	sp, #8
	bx	lr
.Ltmp135:
.Lfunc_end19:
	.size	_sqrtf, .Lfunc_end19-_sqrtf
	.cfi_endproc
	.cantunwind
	.fnend
                                        @ -- End function
	.file	25 "D:\\keil_1\\keil\\ARM\\ARMCLANG\\bin\\..\\include" "stdint.h"
	.section	.debug_abbrev,"",%progbits
	.byte	1                               @ Abbreviation Code
	.byte	17                              @ DW_TAG_compile_unit
	.byte	1                               @ DW_CHILDREN_yes
	.byte	37                              @ DW_AT_producer
	.byte	14                              @ DW_FORM_strp
	.byte	19                              @ DW_AT_language
	.byte	5                               @ DW_FORM_data2
	.byte	3                               @ DW_AT_name
	.byte	14                              @ DW_FORM_strp
	.byte	16                              @ DW_AT_stmt_list
	.byte	23                              @ DW_FORM_sec_offset
	.byte	27                              @ DW_AT_comp_dir
	.byte	14                              @ DW_FORM_strp
	.byte	17                              @ DW_AT_low_pc
	.byte	1                               @ DW_FORM_addr
	.byte	85                              @ DW_AT_ranges
	.byte	23                              @ DW_FORM_sec_offset
	.byte	0                               @ EOM(1)
	.byte	0                               @ EOM(2)
	.byte	2                               @ Abbreviation Code
	.byte	4                               @ DW_TAG_enumeration_type
	.byte	1                               @ DW_CHILDREN_yes
	.byte	73                              @ DW_AT_type
	.byte	19                              @ DW_FORM_ref4
	.byte	11                              @ DW_AT_byte_size
	.byte	11                              @ DW_FORM_data1
	.byte	58                              @ DW_AT_decl_file
	.byte	11                              @ DW_FORM_data1
	.byte	59                              @ DW_AT_decl_line
	.byte	5                               @ DW_FORM_data2
	.byte	0                               @ EOM(1)
	.byte	0                               @ EOM(2)
	.byte	3                               @ Abbreviation Code
	.byte	40                              @ DW_TAG_enumerator
	.byte	0                               @ DW_CHILDREN_no
	.byte	3                               @ DW_AT_name
	.byte	14                              @ DW_FORM_strp
	.byte	28                              @ DW_AT_const_value
	.byte	13                              @ DW_FORM_sdata
	.byte	0                               @ EOM(1)
	.byte	0                               @ EOM(2)
	.byte	4                               @ Abbreviation Code
	.byte	36                              @ DW_TAG_base_type
	.byte	0                               @ DW_CHILDREN_no
	.byte	3                               @ DW_AT_name
	.byte	14                              @ DW_FORM_strp
	.byte	62                              @ DW_AT_encoding
	.byte	11                              @ DW_FORM_data1
	.byte	11                              @ DW_AT_byte_size
	.byte	11                              @ DW_FORM_data1
	.byte	0                               @ EOM(1)
	.byte	0                               @ EOM(2)
	.byte	5                               @ Abbreviation Code
	.byte	22                              @ DW_TAG_typedef
	.byte	0                               @ DW_CHILDREN_no
	.byte	73                              @ DW_AT_type
	.byte	19                              @ DW_FORM_ref4
	.byte	3                               @ DW_AT_name
	.byte	14                              @ DW_FORM_strp
	.byte	58                              @ DW_AT_decl_file
	.byte	11                              @ DW_FORM_data1
	.byte	59                              @ DW_AT_decl_line
	.byte	5                               @ DW_FORM_data2
	.byte	0                               @ EOM(1)
	.byte	0                               @ EOM(2)
	.byte	6                               @ Abbreviation Code
	.byte	15                              @ DW_TAG_pointer_type
	.byte	0                               @ DW_CHILDREN_no
	.byte	73                              @ DW_AT_type
	.byte	19                              @ DW_FORM_ref4
	.byte	0                               @ EOM(1)
	.byte	0                               @ EOM(2)
	.byte	7                               @ Abbreviation Code
	.byte	22                              @ DW_TAG_typedef
	.byte	0                               @ DW_CHILDREN_no
	.byte	73                              @ DW_AT_type
	.byte	19                              @ DW_FORM_ref4
	.byte	3                               @ DW_AT_name
	.byte	14                              @ DW_FORM_strp
	.byte	58                              @ DW_AT_decl_file
	.byte	11                              @ DW_FORM_data1
	.byte	59                              @ DW_AT_decl_line
	.byte	11                              @ DW_FORM_data1
	.byte	0                               @ EOM(1)
	.byte	0                               @ EOM(2)
	.byte	8                               @ Abbreviation Code
	.byte	46                              @ DW_TAG_subprogram
	.byte	1                               @ DW_CHILDREN_yes
	.byte	17                              @ DW_AT_low_pc
	.byte	1                               @ DW_FORM_addr
	.byte	18                              @ DW_AT_high_pc
	.byte	6                               @ DW_FORM_data4
	.byte	64                              @ DW_AT_frame_base
	.byte	24                              @ DW_FORM_exprloc
	.byte	3                               @ DW_AT_name
	.byte	14                              @ DW_FORM_strp
	.byte	58                              @ DW_AT_decl_file
	.byte	11                              @ DW_FORM_data1
	.byte	59                              @ DW_AT_decl_line
	.byte	11                              @ DW_FORM_data1
	.byte	39                              @ DW_AT_prototyped
	.byte	25                              @ DW_FORM_flag_present
	.byte	63                              @ DW_AT_external
	.byte	25                              @ DW_FORM_flag_present
	.byte	0                               @ EOM(1)
	.byte	0                               @ EOM(2)
	.byte	9                               @ Abbreviation Code
	.byte	5                               @ DW_TAG_formal_parameter
	.byte	0                               @ DW_CHILDREN_no
	.byte	2                               @ DW_AT_location
	.byte	24                              @ DW_FORM_exprloc
	.byte	3                               @ DW_AT_name
	.byte	14                              @ DW_FORM_strp
	.byte	58                              @ DW_AT_decl_file
	.byte	11                              @ DW_FORM_data1
	.byte	59                              @ DW_AT_decl_line
	.byte	11                              @ DW_FORM_data1
	.byte	73                              @ DW_AT_type
	.byte	19                              @ DW_FORM_ref4
	.byte	0                               @ EOM(1)
	.byte	0                               @ EOM(2)
	.byte	10                              @ Abbreviation Code
	.byte	52                              @ DW_TAG_variable
	.byte	0                               @ DW_CHILDREN_no
	.byte	2                               @ DW_AT_location
	.byte	24                              @ DW_FORM_exprloc
	.byte	3                               @ DW_AT_name
	.byte	14                              @ DW_FORM_strp
	.byte	58                              @ DW_AT_decl_file
	.byte	11                              @ DW_FORM_data1
	.byte	59                              @ DW_AT_decl_line
	.byte	11                              @ DW_FORM_data1
	.byte	73                              @ DW_AT_type
	.byte	19                              @ DW_FORM_ref4
	.byte	0                               @ EOM(1)
	.byte	0                               @ EOM(2)
	.byte	11                              @ Abbreviation Code
	.byte	46                              @ DW_TAG_subprogram
	.byte	1                               @ DW_CHILDREN_yes
	.byte	3                               @ DW_AT_name
	.byte	14                              @ DW_FORM_strp
	.byte	58                              @ DW_AT_decl_file
	.byte	11                              @ DW_FORM_data1
	.byte	59                              @ DW_AT_decl_line
	.byte	11                              @ DW_FORM_data1
	.byte	39                              @ DW_AT_prototyped
	.byte	25                              @ DW_FORM_flag_present
	.byte	73                              @ DW_AT_type
	.byte	19                              @ DW_FORM_ref4
	.byte	32                              @ DW_AT_inline
	.byte	11                              @ DW_FORM_data1
	.byte	0                               @ EOM(1)
	.byte	0                               @ EOM(2)
	.byte	12                              @ Abbreviation Code
	.byte	5                               @ DW_TAG_formal_parameter
	.byte	0                               @ DW_CHILDREN_no
	.byte	3                               @ DW_AT_name
	.byte	14                              @ DW_FORM_strp
	.byte	58                              @ DW_AT_decl_file
	.byte	11                              @ DW_FORM_data1
	.byte	59                              @ DW_AT_decl_line
	.byte	11                              @ DW_FORM_data1
	.byte	73                              @ DW_AT_type
	.byte	19                              @ DW_FORM_ref4
	.byte	0                               @ EOM(1)
	.byte	0                               @ EOM(2)
	.byte	13                              @ Abbreviation Code
	.byte	52                              @ DW_TAG_variable
	.byte	0                               @ DW_CHILDREN_no
	.byte	3                               @ DW_AT_name
	.byte	14                              @ DW_FORM_strp
	.byte	58                              @ DW_AT_decl_file
	.byte	11                              @ DW_FORM_data1
	.byte	59                              @ DW_AT_decl_line
	.byte	11                              @ DW_FORM_data1
	.byte	73                              @ DW_AT_type
	.byte	19                              @ DW_FORM_ref4
	.byte	0                               @ EOM(1)
	.byte	0                               @ EOM(2)
	.byte	14                              @ Abbreviation Code
	.byte	38                              @ DW_TAG_const_type
	.byte	0                               @ DW_CHILDREN_no
	.byte	73                              @ DW_AT_type
	.byte	19                              @ DW_FORM_ref4
	.byte	0                               @ EOM(1)
	.byte	0                               @ EOM(2)
	.byte	15                              @ Abbreviation Code
	.byte	29                              @ DW_TAG_inlined_subroutine
	.byte	1                               @ DW_CHILDREN_yes
	.byte	49                              @ DW_AT_abstract_origin
	.byte	19                              @ DW_FORM_ref4
	.byte	17                              @ DW_AT_low_pc
	.byte	1                               @ DW_FORM_addr
	.byte	18                              @ DW_AT_high_pc
	.byte	6                               @ DW_FORM_data4
	.byte	88                              @ DW_AT_call_file
	.byte	11                              @ DW_FORM_data1
	.byte	89                              @ DW_AT_call_line
	.byte	11                              @ DW_FORM_data1
	.byte	87                              @ DW_AT_call_column
	.byte	11                              @ DW_FORM_data1
	.byte	0                               @ EOM(1)
	.byte	0                               @ EOM(2)
	.byte	16                              @ Abbreviation Code
	.byte	5                               @ DW_TAG_formal_parameter
	.byte	0                               @ DW_CHILDREN_no
	.byte	2                               @ DW_AT_location
	.byte	24                              @ DW_FORM_exprloc
	.byte	49                              @ DW_AT_abstract_origin
	.byte	19                              @ DW_FORM_ref4
	.byte	0                               @ EOM(1)
	.byte	0                               @ EOM(2)
	.byte	17                              @ Abbreviation Code
	.byte	52                              @ DW_TAG_variable
	.byte	0                               @ DW_CHILDREN_no
	.byte	2                               @ DW_AT_location
	.byte	24                              @ DW_FORM_exprloc
	.byte	49                              @ DW_AT_abstract_origin
	.byte	19                              @ DW_FORM_ref4
	.byte	0                               @ EOM(1)
	.byte	0                               @ EOM(2)
	.byte	18                              @ Abbreviation Code
	.byte	46                              @ DW_TAG_subprogram
	.byte	1                               @ DW_CHILDREN_yes
	.byte	17                              @ DW_AT_low_pc
	.byte	1                               @ DW_FORM_addr
	.byte	18                              @ DW_AT_high_pc
	.byte	6                               @ DW_FORM_data4
	.byte	64                              @ DW_AT_frame_base
	.byte	24                              @ DW_FORM_exprloc
	.byte	3                               @ DW_AT_name
	.byte	14                              @ DW_FORM_strp
	.byte	58                              @ DW_AT_decl_file
	.byte	11                              @ DW_FORM_data1
	.byte	59                              @ DW_AT_decl_line
	.byte	11                              @ DW_FORM_data1
	.byte	39                              @ DW_AT_prototyped
	.byte	25                              @ DW_FORM_flag_present
	.byte	73                              @ DW_AT_type
	.byte	19                              @ DW_FORM_ref4
	.byte	63                              @ DW_AT_external
	.byte	25                              @ DW_FORM_flag_present
	.byte	0                               @ EOM(1)
	.byte	0                               @ EOM(2)
	.byte	19                              @ Abbreviation Code
	.byte	46                              @ DW_TAG_subprogram
	.byte	1                               @ DW_CHILDREN_yes
	.byte	3                               @ DW_AT_name
	.byte	14                              @ DW_FORM_strp
	.byte	58                              @ DW_AT_decl_file
	.byte	11                              @ DW_FORM_data1
	.byte	59                              @ DW_AT_decl_line
	.byte	5                               @ DW_FORM_data2
	.byte	39                              @ DW_AT_prototyped
	.byte	25                              @ DW_FORM_flag_present
	.byte	73                              @ DW_AT_type
	.byte	19                              @ DW_FORM_ref4
	.byte	32                              @ DW_AT_inline
	.byte	11                              @ DW_FORM_data1
	.byte	0                               @ EOM(1)
	.byte	0                               @ EOM(2)
	.byte	20                              @ Abbreviation Code
	.byte	5                               @ DW_TAG_formal_parameter
	.byte	0                               @ DW_CHILDREN_no
	.byte	3                               @ DW_AT_name
	.byte	14                              @ DW_FORM_strp
	.byte	58                              @ DW_AT_decl_file
	.byte	11                              @ DW_FORM_data1
	.byte	59                              @ DW_AT_decl_line
	.byte	5                               @ DW_FORM_data2
	.byte	73                              @ DW_AT_type
	.byte	19                              @ DW_FORM_ref4
	.byte	0                               @ EOM(1)
	.byte	0                               @ EOM(2)
	.byte	21                              @ Abbreviation Code
	.byte	46                              @ DW_TAG_subprogram
	.byte	1                               @ DW_CHILDREN_yes
	.byte	17                              @ DW_AT_low_pc
	.byte	1                               @ DW_FORM_addr
	.byte	18                              @ DW_AT_high_pc
	.byte	6                               @ DW_FORM_data4
	.byte	64                              @ DW_AT_frame_base
	.byte	24                              @ DW_FORM_exprloc
	.byte	3                               @ DW_AT_name
	.byte	14                              @ DW_FORM_strp
	.byte	58                              @ DW_AT_decl_file
	.byte	11                              @ DW_FORM_data1
	.byte	59                              @ DW_AT_decl_line
	.byte	5                               @ DW_FORM_data2
	.byte	39                              @ DW_AT_prototyped
	.byte	25                              @ DW_FORM_flag_present
	.byte	73                              @ DW_AT_type
	.byte	19                              @ DW_FORM_ref4
	.byte	0                               @ EOM(1)
	.byte	0                               @ EOM(2)
	.byte	22                              @ Abbreviation Code
	.byte	5                               @ DW_TAG_formal_parameter
	.byte	0                               @ DW_CHILDREN_no
	.byte	2                               @ DW_AT_location
	.byte	24                              @ DW_FORM_exprloc
	.byte	3                               @ DW_AT_name
	.byte	14                              @ DW_FORM_strp
	.byte	58                              @ DW_AT_decl_file
	.byte	11                              @ DW_FORM_data1
	.byte	59                              @ DW_AT_decl_line
	.byte	5                               @ DW_FORM_data2
	.byte	73                              @ DW_AT_type
	.byte	19                              @ DW_FORM_ref4
	.byte	0                               @ EOM(1)
	.byte	0                               @ EOM(2)
	.byte	23                              @ Abbreviation Code
	.byte	29                              @ DW_TAG_inlined_subroutine
	.byte	1                               @ DW_CHILDREN_yes
	.byte	49                              @ DW_AT_abstract_origin
	.byte	19                              @ DW_FORM_ref4
	.byte	17                              @ DW_AT_low_pc
	.byte	1                               @ DW_FORM_addr
	.byte	18                              @ DW_AT_high_pc
	.byte	6                               @ DW_FORM_data4
	.byte	88                              @ DW_AT_call_file
	.byte	11                              @ DW_FORM_data1
	.byte	89                              @ DW_AT_call_line
	.byte	5                               @ DW_FORM_data2
	.byte	87                              @ DW_AT_call_column
	.byte	11                              @ DW_FORM_data1
	.byte	0                               @ EOM(1)
	.byte	0                               @ EOM(2)
	.byte	0                               @ EOM(3)
	.section	.debug_info,"",%progbits
.Lcu_begin0:
	.long	.Ldebug_info_end0-.Ldebug_info_start0 @ Length of Unit
.Ldebug_info_start0:
	.short	4                               @ DWARF version number
	.long	.debug_abbrev                   @ Offset Into Abbrev. Section
	.byte	4                               @ Address Size (in bytes)
	.byte	1                               @ Abbrev [1] 0xb:0xa4d DW_TAG_compile_unit
	.long	.Linfo_string0                  @ DW_AT_producer
	.short	12                              @ DW_AT_language
	.long	.Linfo_string1                  @ DW_AT_name
	.long	.Lline_table_start0             @ DW_AT_stmt_list
	.long	.Linfo_string2                  @ DW_AT_comp_dir
	.long	0                               @ DW_AT_low_pc
	.long	.Ldebug_ranges0                 @ DW_AT_ranges
	.byte	2                               @ Abbrev [2] 0x26:0x3a DW_TAG_enumeration_type
	.long	96                              @ DW_AT_type
	.byte	1                               @ DW_AT_byte_size
	.byte	1                               @ DW_AT_decl_file
	.short	588                             @ DW_AT_decl_line
	.byte	3                               @ Abbrev [3] 0x2f:0x6 DW_TAG_enumerator
	.long	.Linfo_string4                  @ DW_AT_name
	.byte	0                               @ DW_AT_const_value
	.byte	3                               @ Abbrev [3] 0x35:0x6 DW_TAG_enumerator
	.long	.Linfo_string5                  @ DW_AT_name
	.byte	127                             @ DW_AT_const_value
	.byte	3                               @ Abbrev [3] 0x3b:0x6 DW_TAG_enumerator
	.long	.Linfo_string6                  @ DW_AT_name
	.byte	126                             @ DW_AT_const_value
	.byte	3                               @ Abbrev [3] 0x41:0x6 DW_TAG_enumerator
	.long	.Linfo_string7                  @ DW_AT_name
	.byte	125                             @ DW_AT_const_value
	.byte	3                               @ Abbrev [3] 0x47:0x6 DW_TAG_enumerator
	.long	.Linfo_string8                  @ DW_AT_name
	.byte	124                             @ DW_AT_const_value
	.byte	3                               @ Abbrev [3] 0x4d:0x6 DW_TAG_enumerator
	.long	.Linfo_string9                  @ DW_AT_name
	.byte	123                             @ DW_AT_const_value
	.byte	3                               @ Abbrev [3] 0x53:0x6 DW_TAG_enumerator
	.long	.Linfo_string10                 @ DW_AT_name
	.byte	122                             @ DW_AT_const_value
	.byte	3                               @ Abbrev [3] 0x59:0x6 DW_TAG_enumerator
	.long	.Linfo_string11                 @ DW_AT_name
	.byte	121                             @ DW_AT_const_value
	.byte	0                               @ End Of Children Mark
	.byte	4                               @ Abbrev [4] 0x60:0x7 DW_TAG_base_type
	.long	.Linfo_string3                  @ DW_AT_name
	.byte	6                               @ DW_AT_encoding
	.byte	1                               @ DW_AT_byte_size
	.byte	4                               @ Abbrev [4] 0x67:0x7 DW_TAG_base_type
	.long	.Linfo_string12                 @ DW_AT_name
	.byte	4                               @ DW_AT_encoding
	.byte	2                               @ DW_AT_byte_size
	.byte	5                               @ Abbrev [5] 0x6e:0xc DW_TAG_typedef
	.long	122                             @ DW_AT_type
	.long	.Linfo_string14                 @ DW_AT_name
	.byte	1                               @ DW_AT_decl_file
	.short	334                             @ DW_AT_decl_line
	.byte	4                               @ Abbrev [4] 0x7a:0x7 DW_TAG_base_type
	.long	.Linfo_string13                 @ DW_AT_name
	.byte	4                               @ DW_AT_encoding
	.byte	4                               @ DW_AT_byte_size
	.byte	6                               @ Abbrev [6] 0x81:0x5 DW_TAG_pointer_type
	.long	134                             @ DW_AT_type
	.byte	7                               @ Abbrev [7] 0x86:0xb DW_TAG_typedef
	.long	145                             @ DW_AT_type
	.long	.Linfo_string16                 @ DW_AT_name
	.byte	2                               @ DW_AT_decl_file
	.byte	58                              @ DW_AT_decl_line
	.byte	4                               @ Abbrev [4] 0x91:0x7 DW_TAG_base_type
	.long	.Linfo_string15                 @ DW_AT_name
	.byte	4                               @ DW_AT_encoding
	.byte	2                               @ DW_AT_byte_size
	.byte	8                               @ Abbrev [8] 0x98:0x82 DW_TAG_subprogram
	.long	.Lfunc_begin0                   @ DW_AT_low_pc
	.long	.Lfunc_end0-.Lfunc_begin0       @ DW_AT_high_pc
	.byte	1                               @ DW_AT_frame_base
	.byte	93
	.long	.Linfo_string26                 @ DW_AT_name
	.byte	3                               @ DW_AT_decl_file
	.byte	141                             @ DW_AT_decl_line
                                        @ DW_AT_prototyped
                                        @ DW_AT_external
	.byte	9                               @ Abbrev [9] 0xa9:0xe DW_TAG_formal_parameter
	.byte	2                               @ DW_AT_location
	.byte	145
	.byte	24
	.long	.Linfo_string46                 @ DW_AT_name
	.byte	3                               @ DW_AT_decl_file
	.byte	142                             @ DW_AT_decl_line
	.long	2614                            @ DW_AT_type
	.byte	9                               @ Abbrev [9] 0xb7:0xe DW_TAG_formal_parameter
	.byte	2                               @ DW_AT_location
	.byte	145
	.byte	20
	.long	.Linfo_string47                 @ DW_AT_name
	.byte	3                               @ DW_AT_decl_file
	.byte	143                             @ DW_AT_decl_line
	.long	2624                            @ DW_AT_type
	.byte	9                               @ Abbrev [9] 0xc5:0xe DW_TAG_formal_parameter
	.byte	2                               @ DW_AT_location
	.byte	145
	.byte	16
	.long	.Linfo_string50                 @ DW_AT_name
	.byte	3                               @ DW_AT_decl_file
	.byte	144                             @ DW_AT_decl_line
	.long	129                             @ DW_AT_type
	.byte	9                               @ Abbrev [9] 0xd3:0xe DW_TAG_formal_parameter
	.byte	2                               @ DW_AT_location
	.byte	145
	.byte	12
	.long	.Linfo_string51                 @ DW_AT_name
	.byte	3                               @ DW_AT_decl_file
	.byte	145                             @ DW_AT_decl_line
	.long	2642                            @ DW_AT_type
	.byte	10                              @ Abbrev [10] 0xe1:0xe DW_TAG_variable
	.byte	2                               @ DW_AT_location
	.byte	145
	.byte	10
	.long	.Linfo_string52                 @ DW_AT_name
	.byte	3                               @ DW_AT_decl_file
	.byte	147                             @ DW_AT_decl_line
	.long	134                             @ DW_AT_type
	.byte	10                              @ Abbrev [10] 0xef:0xe DW_TAG_variable
	.byte	2                               @ DW_AT_location
	.byte	145
	.byte	8
	.long	.Linfo_string53                 @ DW_AT_name
	.byte	3                               @ DW_AT_decl_file
	.byte	147                             @ DW_AT_decl_line
	.long	134                             @ DW_AT_type
	.byte	10                              @ Abbrev [10] 0xfd:0xe DW_TAG_variable
	.byte	2                               @ DW_AT_location
	.byte	145
	.byte	4
	.long	.Linfo_string54                 @ DW_AT_name
	.byte	3                               @ DW_AT_decl_file
	.byte	148                             @ DW_AT_decl_line
	.long	2624                            @ DW_AT_type
	.byte	10                              @ Abbrev [10] 0x10b:0xe DW_TAG_variable
	.byte	2                               @ DW_AT_location
	.byte	145
	.byte	0
	.long	.Linfo_string55                 @ DW_AT_name
	.byte	3                               @ DW_AT_decl_file
	.byte	148                             @ DW_AT_decl_line
	.long	2624                            @ DW_AT_type
	.byte	0                               @ End Of Children Mark
	.byte	8                               @ Abbrev [8] 0x11a:0x82 DW_TAG_subprogram
	.long	.Lfunc_begin1                   @ DW_AT_low_pc
	.long	.Lfunc_end1-.Lfunc_begin1       @ DW_AT_high_pc
	.byte	1                               @ DW_AT_frame_base
	.byte	93
	.long	.Linfo_string27                 @ DW_AT_name
	.byte	4                               @ DW_AT_decl_file
	.byte	135                             @ DW_AT_decl_line
                                        @ DW_AT_prototyped
                                        @ DW_AT_external
	.byte	9                               @ Abbrev [9] 0x12b:0xe DW_TAG_formal_parameter
	.byte	2                               @ DW_AT_location
	.byte	145
	.byte	24
	.long	.Linfo_string46                 @ DW_AT_name
	.byte	4                               @ DW_AT_decl_file
	.byte	136                             @ DW_AT_decl_line
	.long	2614                            @ DW_AT_type
	.byte	9                               @ Abbrev [9] 0x139:0xe DW_TAG_formal_parameter
	.byte	2                               @ DW_AT_location
	.byte	145
	.byte	20
	.long	.Linfo_string47                 @ DW_AT_name
	.byte	4                               @ DW_AT_decl_file
	.byte	137                             @ DW_AT_decl_line
	.long	2624                            @ DW_AT_type
	.byte	9                               @ Abbrev [9] 0x147:0xe DW_TAG_formal_parameter
	.byte	2                               @ DW_AT_location
	.byte	145
	.byte	16
	.long	.Linfo_string50                 @ DW_AT_name
	.byte	4                               @ DW_AT_decl_file
	.byte	138                             @ DW_AT_decl_line
	.long	129                             @ DW_AT_type
	.byte	9                               @ Abbrev [9] 0x155:0xe DW_TAG_formal_parameter
	.byte	2                               @ DW_AT_location
	.byte	145
	.byte	12
	.long	.Linfo_string51                 @ DW_AT_name
	.byte	4                               @ DW_AT_decl_file
	.byte	139                             @ DW_AT_decl_line
	.long	2642                            @ DW_AT_type
	.byte	10                              @ Abbrev [10] 0x163:0xe DW_TAG_variable
	.byte	2                               @ DW_AT_location
	.byte	145
	.byte	10
	.long	.Linfo_string56                 @ DW_AT_name
	.byte	4                               @ DW_AT_decl_file
	.byte	141                             @ DW_AT_decl_line
	.long	134                             @ DW_AT_type
	.byte	10                              @ Abbrev [10] 0x171:0xe DW_TAG_variable
	.byte	2                               @ DW_AT_location
	.byte	145
	.byte	8
	.long	.Linfo_string53                 @ DW_AT_name
	.byte	4                               @ DW_AT_decl_file
	.byte	141                             @ DW_AT_decl_line
	.long	134                             @ DW_AT_type
	.byte	10                              @ Abbrev [10] 0x17f:0xe DW_TAG_variable
	.byte	2                               @ DW_AT_location
	.byte	145
	.byte	4
	.long	.Linfo_string54                 @ DW_AT_name
	.byte	4                               @ DW_AT_decl_file
	.byte	142                             @ DW_AT_decl_line
	.long	2624                            @ DW_AT_type
	.byte	10                              @ Abbrev [10] 0x18d:0xe DW_TAG_variable
	.byte	2                               @ DW_AT_location
	.byte	145
	.byte	0
	.long	.Linfo_string55                 @ DW_AT_name
	.byte	4                               @ DW_AT_decl_file
	.byte	142                             @ DW_AT_decl_line
	.long	2624                            @ DW_AT_type
	.byte	0                               @ End Of Children Mark
	.byte	8                               @ Abbrev [8] 0x19c:0x58 DW_TAG_subprogram
	.long	.Lfunc_begin2                   @ DW_AT_low_pc
	.long	.Lfunc_end2-.Lfunc_begin2       @ DW_AT_high_pc
	.byte	1                               @ DW_AT_frame_base
	.byte	93
	.long	.Linfo_string28                 @ DW_AT_name
	.byte	5                               @ DW_AT_decl_file
	.byte	93                              @ DW_AT_decl_line
                                        @ DW_AT_prototyped
                                        @ DW_AT_external
	.byte	9                               @ Abbrev [9] 0x1ad:0xe DW_TAG_formal_parameter
	.byte	2                               @ DW_AT_location
	.byte	145
	.byte	16
	.long	.Linfo_string46                 @ DW_AT_name
	.byte	5                               @ DW_AT_decl_file
	.byte	94                              @ DW_AT_decl_line
	.long	2614                            @ DW_AT_type
	.byte	9                               @ Abbrev [9] 0x1bb:0xe DW_TAG_formal_parameter
	.byte	2                               @ DW_AT_location
	.byte	145
	.byte	12
	.long	.Linfo_string47                 @ DW_AT_name
	.byte	5                               @ DW_AT_decl_file
	.byte	95                              @ DW_AT_decl_line
	.long	2624                            @ DW_AT_type
	.byte	9                               @ Abbrev [9] 0x1c9:0xe DW_TAG_formal_parameter
	.byte	2                               @ DW_AT_location
	.byte	145
	.byte	8
	.long	.Linfo_string50                 @ DW_AT_name
	.byte	5                               @ DW_AT_decl_file
	.byte	96                              @ DW_AT_decl_line
	.long	129                             @ DW_AT_type
	.byte	10                              @ Abbrev [10] 0x1d7:0xe DW_TAG_variable
	.byte	2                               @ DW_AT_location
	.byte	145
	.byte	4
	.long	.Linfo_string54                 @ DW_AT_name
	.byte	5                               @ DW_AT_decl_file
	.byte	98                              @ DW_AT_decl_line
	.long	2624                            @ DW_AT_type
	.byte	10                              @ Abbrev [10] 0x1e5:0xe DW_TAG_variable
	.byte	2                               @ DW_AT_location
	.byte	145
	.byte	2
	.long	.Linfo_string57                 @ DW_AT_name
	.byte	5                               @ DW_AT_decl_file
	.byte	99                              @ DW_AT_decl_line
	.long	134                             @ DW_AT_type
	.byte	0                               @ End Of Children Mark
	.byte	8                               @ Abbrev [8] 0x1f4:0x66 DW_TAG_subprogram
	.long	.Lfunc_begin3                   @ DW_AT_low_pc
	.long	.Lfunc_end3-.Lfunc_begin3       @ DW_AT_high_pc
	.byte	1                               @ DW_AT_frame_base
	.byte	93
	.long	.Linfo_string29                 @ DW_AT_name
	.byte	6                               @ DW_AT_decl_file
	.byte	84                              @ DW_AT_decl_line
                                        @ DW_AT_prototyped
                                        @ DW_AT_external
	.byte	9                               @ Abbrev [9] 0x205:0xe DW_TAG_formal_parameter
	.byte	2                               @ DW_AT_location
	.byte	145
	.byte	16
	.long	.Linfo_string46                 @ DW_AT_name
	.byte	6                               @ DW_AT_decl_file
	.byte	85                              @ DW_AT_decl_line
	.long	2614                            @ DW_AT_type
	.byte	9                               @ Abbrev [9] 0x213:0xe DW_TAG_formal_parameter
	.byte	2                               @ DW_AT_location
	.byte	145
	.byte	12
	.long	.Linfo_string47                 @ DW_AT_name
	.byte	6                               @ DW_AT_decl_file
	.byte	86                              @ DW_AT_decl_line
	.long	2624                            @ DW_AT_type
	.byte	9                               @ Abbrev [9] 0x221:0xe DW_TAG_formal_parameter
	.byte	2                               @ DW_AT_location
	.byte	145
	.byte	8
	.long	.Linfo_string50                 @ DW_AT_name
	.byte	6                               @ DW_AT_decl_file
	.byte	87                              @ DW_AT_decl_line
	.long	129                             @ DW_AT_type
	.byte	10                              @ Abbrev [10] 0x22f:0xe DW_TAG_variable
	.byte	2                               @ DW_AT_location
	.byte	145
	.byte	4
	.long	.Linfo_string54                 @ DW_AT_name
	.byte	6                               @ DW_AT_decl_file
	.byte	89                              @ DW_AT_decl_line
	.long	2624                            @ DW_AT_type
	.byte	10                              @ Abbrev [10] 0x23d:0xe DW_TAG_variable
	.byte	2                               @ DW_AT_location
	.byte	145
	.byte	2
	.long	.Linfo_string57                 @ DW_AT_name
	.byte	6                               @ DW_AT_decl_file
	.byte	90                              @ DW_AT_decl_line
	.long	103                             @ DW_AT_type
	.byte	10                              @ Abbrev [10] 0x24b:0xe DW_TAG_variable
	.byte	2                               @ DW_AT_location
	.byte	145
	.byte	0
	.long	.Linfo_string19                 @ DW_AT_name
	.byte	6                               @ DW_AT_decl_file
	.byte	91                              @ DW_AT_decl_line
	.long	103                             @ DW_AT_type
	.byte	0                               @ End Of Children Mark
	.byte	11                              @ Abbrev [11] 0x25a:0x39 DW_TAG_subprogram
	.long	.Linfo_string17                 @ DW_AT_name
	.byte	8                               @ DW_AT_decl_file
	.byte	59                              @ DW_AT_decl_line
                                        @ DW_AT_prototyped
	.long	659                             @ DW_AT_type
	.byte	1                               @ DW_AT_inline
	.byte	12                              @ Abbrev [12] 0x266:0xb DW_TAG_formal_parameter
	.long	.Linfo_string19                 @ DW_AT_name
	.byte	8                               @ DW_AT_decl_file
	.byte	60                              @ DW_AT_decl_line
	.long	134                             @ DW_AT_type
	.byte	12                              @ Abbrev [12] 0x271:0xb DW_TAG_formal_parameter
	.long	.Linfo_string20                 @ DW_AT_name
	.byte	8                               @ DW_AT_decl_file
	.byte	61                              @ DW_AT_decl_line
	.long	129                             @ DW_AT_type
	.byte	13                              @ Abbrev [13] 0x27c:0xb DW_TAG_variable
	.long	.Linfo_string21                 @ DW_AT_name
	.byte	8                               @ DW_AT_decl_file
	.byte	63                              @ DW_AT_decl_line
	.long	110                             @ DW_AT_type
	.byte	13                              @ Abbrev [13] 0x287:0xb DW_TAG_variable
	.long	.Linfo_string22                 @ DW_AT_name
	.byte	8                               @ DW_AT_decl_file
	.byte	64                              @ DW_AT_decl_line
	.long	659                             @ DW_AT_type
	.byte	0                               @ End Of Children Mark
	.byte	5                               @ Abbrev [5] 0x293:0xc DW_TAG_typedef
	.long	38                              @ DW_AT_type
	.long	.Linfo_string18                 @ DW_AT_name
	.byte	1                               @ DW_AT_decl_file
	.short	598                             @ DW_AT_decl_line
	.byte	11                              @ Abbrev [11] 0x29f:0x23 DW_TAG_subprogram
	.long	.Linfo_string23                 @ DW_AT_name
	.byte	9                               @ DW_AT_decl_file
	.byte	234                             @ DW_AT_decl_line
                                        @ DW_AT_prototyped
	.long	659                             @ DW_AT_type
	.byte	1                               @ DW_AT_inline
	.byte	12                              @ Abbrev [12] 0x2ab:0xb DW_TAG_formal_parameter
	.long	.Linfo_string19                 @ DW_AT_name
	.byte	9                               @ DW_AT_decl_file
	.byte	235                             @ DW_AT_decl_line
	.long	706                             @ DW_AT_type
	.byte	12                              @ Abbrev [12] 0x2b6:0xb DW_TAG_formal_parameter
	.long	.Linfo_string20                 @ DW_AT_name
	.byte	9                               @ DW_AT_decl_file
	.byte	236                             @ DW_AT_decl_line
	.long	711                             @ DW_AT_type
	.byte	0                               @ End Of Children Mark
	.byte	14                              @ Abbrev [14] 0x2c2:0x5 DW_TAG_const_type
	.long	110                             @ DW_AT_type
	.byte	6                               @ Abbrev [6] 0x2c7:0x5 DW_TAG_pointer_type
	.long	110                             @ DW_AT_type
	.byte	8                               @ Abbrev [8] 0x2cc:0xb8 DW_TAG_subprogram
	.long	.Lfunc_begin4                   @ DW_AT_low_pc
	.long	.Lfunc_end4-.Lfunc_begin4       @ DW_AT_high_pc
	.byte	1                               @ DW_AT_frame_base
	.byte	93
	.long	.Linfo_string30                 @ DW_AT_name
	.byte	7                               @ DW_AT_decl_file
	.byte	68                              @ DW_AT_decl_line
                                        @ DW_AT_prototyped
                                        @ DW_AT_external
	.byte	9                               @ Abbrev [9] 0x2dd:0xe DW_TAG_formal_parameter
	.byte	2                               @ DW_AT_location
	.byte	145
	.byte	16
	.long	.Linfo_string46                 @ DW_AT_name
	.byte	7                               @ DW_AT_decl_file
	.byte	69                              @ DW_AT_decl_line
	.long	2614                            @ DW_AT_type
	.byte	9                               @ Abbrev [9] 0x2eb:0xe DW_TAG_formal_parameter
	.byte	2                               @ DW_AT_location
	.byte	145
	.byte	12
	.long	.Linfo_string47                 @ DW_AT_name
	.byte	7                               @ DW_AT_decl_file
	.byte	70                              @ DW_AT_decl_line
	.long	2624                            @ DW_AT_type
	.byte	9                               @ Abbrev [9] 0x2f9:0xe DW_TAG_formal_parameter
	.byte	2                               @ DW_AT_location
	.byte	145
	.byte	8
	.long	.Linfo_string50                 @ DW_AT_name
	.byte	7                               @ DW_AT_decl_file
	.byte	71                              @ DW_AT_decl_line
	.long	129                             @ DW_AT_type
	.byte	10                              @ Abbrev [10] 0x307:0xe DW_TAG_variable
	.byte	2                               @ DW_AT_location
	.byte	145
	.byte	4
	.long	.Linfo_string54                 @ DW_AT_name
	.byte	7                               @ DW_AT_decl_file
	.byte	73                              @ DW_AT_decl_line
	.long	2624                            @ DW_AT_type
	.byte	10                              @ Abbrev [10] 0x315:0xe DW_TAG_variable
	.byte	2                               @ DW_AT_location
	.byte	145
	.byte	2
	.long	.Linfo_string57                 @ DW_AT_name
	.byte	7                               @ DW_AT_decl_file
	.byte	74                              @ DW_AT_decl_line
	.long	103                             @ DW_AT_type
	.byte	10                              @ Abbrev [10] 0x323:0xe DW_TAG_variable
	.byte	2                               @ DW_AT_location
	.byte	145
	.byte	0
	.long	.Linfo_string19                 @ DW_AT_name
	.byte	7                               @ DW_AT_decl_file
	.byte	75                              @ DW_AT_decl_line
	.long	103                             @ DW_AT_type
	.byte	15                              @ Abbrev [15] 0x331:0x52 DW_TAG_inlined_subroutine
	.long	602                             @ DW_AT_abstract_origin
	.long	.Ltmp27                         @ DW_AT_low_pc
	.long	.Ltmp34-.Ltmp27                 @ DW_AT_high_pc
	.byte	7                               @ DW_AT_call_file
	.byte	126                             @ DW_AT_call_line
	.byte	3                               @ DW_AT_call_column
	.byte	16                              @ Abbrev [16] 0x341:0x8 DW_TAG_formal_parameter
	.byte	2                               @ DW_AT_location
	.byte	145
	.byte	34
	.long	614                             @ DW_AT_abstract_origin
	.byte	16                              @ Abbrev [16] 0x349:0x8 DW_TAG_formal_parameter
	.byte	2                               @ DW_AT_location
	.byte	145
	.byte	28
	.long	625                             @ DW_AT_abstract_origin
	.byte	17                              @ Abbrev [17] 0x351:0x8 DW_TAG_variable
	.byte	2                               @ DW_AT_location
	.byte	145
	.byte	24
	.long	636                             @ DW_AT_abstract_origin
	.byte	17                              @ Abbrev [17] 0x359:0x8 DW_TAG_variable
	.byte	2                               @ DW_AT_location
	.byte	145
	.byte	23
	.long	647                             @ DW_AT_abstract_origin
	.byte	15                              @ Abbrev [15] 0x361:0x21 DW_TAG_inlined_subroutine
	.long	671                             @ DW_AT_abstract_origin
	.long	.Ltmp28                         @ DW_AT_low_pc
	.long	.Ltmp33-.Ltmp28                 @ DW_AT_high_pc
	.byte	8                               @ DW_AT_call_file
	.byte	65                              @ DW_AT_call_line
	.byte	12                              @ DW_AT_call_column
	.byte	16                              @ Abbrev [16] 0x371:0x8 DW_TAG_formal_parameter
	.byte	2                               @ DW_AT_location
	.byte	145
	.byte	40
	.long	683                             @ DW_AT_abstract_origin
	.byte	16                              @ Abbrev [16] 0x379:0x8 DW_TAG_formal_parameter
	.byte	2                               @ DW_AT_location
	.byte	145
	.byte	36
	.long	694                             @ DW_AT_abstract_origin
	.byte	0                               @ End Of Children Mark
	.byte	0                               @ End Of Children Mark
	.byte	0                               @ End Of Children Mark
	.byte	8                               @ Abbrev [8] 0x384:0x9c DW_TAG_subprogram
	.long	.Lfunc_begin5                   @ DW_AT_low_pc
	.long	.Lfunc_end5-.Lfunc_begin5       @ DW_AT_high_pc
	.byte	1                               @ DW_AT_frame_base
	.byte	93
	.long	.Linfo_string31                 @ DW_AT_name
	.byte	10                              @ DW_AT_decl_file
	.byte	51                              @ DW_AT_decl_line
                                        @ DW_AT_prototyped
                                        @ DW_AT_external
	.byte	9                               @ Abbrev [9] 0x395:0xe DW_TAG_formal_parameter
	.byte	2                               @ DW_AT_location
	.byte	145
	.byte	16
	.long	.Linfo_string46                 @ DW_AT_name
	.byte	10                              @ DW_AT_decl_file
	.byte	52                              @ DW_AT_decl_line
	.long	2614                            @ DW_AT_type
	.byte	9                               @ Abbrev [9] 0x3a3:0xe DW_TAG_formal_parameter
	.byte	2                               @ DW_AT_location
	.byte	145
	.byte	12
	.long	.Linfo_string47                 @ DW_AT_name
	.byte	10                              @ DW_AT_decl_file
	.byte	53                              @ DW_AT_decl_line
	.long	2624                            @ DW_AT_type
	.byte	9                               @ Abbrev [9] 0x3b1:0xe DW_TAG_formal_parameter
	.byte	2                               @ DW_AT_location
	.byte	145
	.byte	8
	.long	.Linfo_string50                 @ DW_AT_name
	.byte	10                              @ DW_AT_decl_file
	.byte	54                              @ DW_AT_decl_line
	.long	129                             @ DW_AT_type
	.byte	10                              @ Abbrev [10] 0x3bf:0xe DW_TAG_variable
	.byte	2                               @ DW_AT_location
	.byte	145
	.byte	6
	.long	.Linfo_string58                 @ DW_AT_name
	.byte	10                              @ DW_AT_decl_file
	.byte	56                              @ DW_AT_decl_line
	.long	134                             @ DW_AT_type
	.byte	15                              @ Abbrev [15] 0x3cd:0x52 DW_TAG_inlined_subroutine
	.long	602                             @ DW_AT_abstract_origin
	.long	.Ltmp37                         @ DW_AT_low_pc
	.long	.Ltmp44-.Ltmp37                 @ DW_AT_high_pc
	.byte	10                              @ DW_AT_call_file
	.byte	58                              @ DW_AT_call_line
	.byte	3                               @ DW_AT_call_column
	.byte	16                              @ Abbrev [16] 0x3dd:0x8 DW_TAG_formal_parameter
	.byte	2                               @ DW_AT_location
	.byte	145
	.byte	34
	.long	614                             @ DW_AT_abstract_origin
	.byte	16                              @ Abbrev [16] 0x3e5:0x8 DW_TAG_formal_parameter
	.byte	2                               @ DW_AT_location
	.byte	145
	.byte	28
	.long	625                             @ DW_AT_abstract_origin
	.byte	17                              @ Abbrev [17] 0x3ed:0x8 DW_TAG_variable
	.byte	2                               @ DW_AT_location
	.byte	145
	.byte	24
	.long	636                             @ DW_AT_abstract_origin
	.byte	17                              @ Abbrev [17] 0x3f5:0x8 DW_TAG_variable
	.byte	2                               @ DW_AT_location
	.byte	145
	.byte	23
	.long	647                             @ DW_AT_abstract_origin
	.byte	15                              @ Abbrev [15] 0x3fd:0x21 DW_TAG_inlined_subroutine
	.long	671                             @ DW_AT_abstract_origin
	.long	.Ltmp38                         @ DW_AT_low_pc
	.long	.Ltmp43-.Ltmp38                 @ DW_AT_high_pc
	.byte	8                               @ DW_AT_call_file
	.byte	65                              @ DW_AT_call_line
	.byte	12                              @ DW_AT_call_column
	.byte	16                              @ Abbrev [16] 0x40d:0x8 DW_TAG_formal_parameter
	.byte	2                               @ DW_AT_location
	.byte	145
	.byte	40
	.long	683                             @ DW_AT_abstract_origin
	.byte	16                              @ Abbrev [16] 0x415:0x8 DW_TAG_formal_parameter
	.byte	2                               @ DW_AT_location
	.byte	145
	.byte	36
	.long	694                             @ DW_AT_abstract_origin
	.byte	0                               @ End Of Children Mark
	.byte	0                               @ End Of Children Mark
	.byte	0                               @ End Of Children Mark
	.byte	8                               @ Abbrev [8] 0x420:0x90 DW_TAG_subprogram
	.long	.Lfunc_begin6                   @ DW_AT_low_pc
	.long	.Lfunc_end6-.Lfunc_begin6       @ DW_AT_high_pc
	.byte	1                               @ DW_AT_frame_base
	.byte	93
	.long	.Linfo_string32                 @ DW_AT_name
	.byte	11                              @ DW_AT_decl_file
	.byte	95                              @ DW_AT_decl_line
                                        @ DW_AT_prototyped
                                        @ DW_AT_external
	.byte	9                               @ Abbrev [9] 0x431:0xe DW_TAG_formal_parameter
	.byte	2                               @ DW_AT_location
	.byte	145
	.byte	24
	.long	.Linfo_string46                 @ DW_AT_name
	.byte	11                              @ DW_AT_decl_file
	.byte	96                              @ DW_AT_decl_line
	.long	2614                            @ DW_AT_type
	.byte	9                               @ Abbrev [9] 0x43f:0xe DW_TAG_formal_parameter
	.byte	2                               @ DW_AT_location
	.byte	145
	.byte	20
	.long	.Linfo_string47                 @ DW_AT_name
	.byte	11                              @ DW_AT_decl_file
	.byte	97                              @ DW_AT_decl_line
	.long	2624                            @ DW_AT_type
	.byte	9                               @ Abbrev [9] 0x44d:0xe DW_TAG_formal_parameter
	.byte	2                               @ DW_AT_location
	.byte	145
	.byte	16
	.long	.Linfo_string50                 @ DW_AT_name
	.byte	11                              @ DW_AT_decl_file
	.byte	98                              @ DW_AT_decl_line
	.long	129                             @ DW_AT_type
	.byte	10                              @ Abbrev [10] 0x45b:0xe DW_TAG_variable
	.byte	2                               @ DW_AT_location
	.byte	145
	.byte	12
	.long	.Linfo_string54                 @ DW_AT_name
	.byte	11                              @ DW_AT_decl_file
	.byte	100                             @ DW_AT_decl_line
	.long	2624                            @ DW_AT_type
	.byte	10                              @ Abbrev [10] 0x469:0xe DW_TAG_variable
	.byte	2                               @ DW_AT_location
	.byte	145
	.byte	10
	.long	.Linfo_string57                 @ DW_AT_name
	.byte	11                              @ DW_AT_decl_file
	.byte	101                             @ DW_AT_decl_line
	.long	103                             @ DW_AT_type
	.byte	10                              @ Abbrev [10] 0x477:0xe DW_TAG_variable
	.byte	2                               @ DW_AT_location
	.byte	145
	.byte	8
	.long	.Linfo_string59                 @ DW_AT_name
	.byte	11                              @ DW_AT_decl_file
	.byte	102                             @ DW_AT_decl_line
	.long	103                             @ DW_AT_type
	.byte	10                              @ Abbrev [10] 0x485:0xe DW_TAG_variable
	.byte	2                               @ DW_AT_location
	.byte	145
	.byte	6
	.long	.Linfo_string60                 @ DW_AT_name
	.byte	11                              @ DW_AT_decl_file
	.byte	103                             @ DW_AT_decl_line
	.long	103                             @ DW_AT_type
	.byte	10                              @ Abbrev [10] 0x493:0xe DW_TAG_variable
	.byte	2                               @ DW_AT_location
	.byte	145
	.byte	4
	.long	.Linfo_string61                 @ DW_AT_name
	.byte	11                              @ DW_AT_decl_file
	.byte	103                             @ DW_AT_decl_line
	.long	103                             @ DW_AT_type
	.byte	10                              @ Abbrev [10] 0x4a1:0xe DW_TAG_variable
	.byte	2                               @ DW_AT_location
	.byte	145
	.byte	0
	.long	.Linfo_string62                 @ DW_AT_name
	.byte	11                              @ DW_AT_decl_file
	.byte	104                             @ DW_AT_decl_line
	.long	2614                            @ DW_AT_type
	.byte	0                               @ End Of Children Mark
	.byte	18                              @ Abbrev [18] 0x4b0:0x6a DW_TAG_subprogram
	.long	.Lfunc_begin7                   @ DW_AT_low_pc
	.long	.Lfunc_end7-.Lfunc_begin7       @ DW_AT_high_pc
	.byte	1                               @ DW_AT_frame_base
	.byte	93
	.long	.Linfo_string33                 @ DW_AT_name
	.byte	12                              @ DW_AT_decl_file
	.byte	111                             @ DW_AT_decl_line
                                        @ DW_AT_prototyped
	.long	134                             @ DW_AT_type
                                        @ DW_AT_external
	.byte	9                               @ Abbrev [9] 0x4c5:0xe DW_TAG_formal_parameter
	.byte	2                               @ DW_AT_location
	.byte	145
	.byte	20
	.long	.Linfo_string63                 @ DW_AT_name
	.byte	12                              @ DW_AT_decl_file
	.byte	111                             @ DW_AT_decl_line
	.long	2614                            @ DW_AT_type
	.byte	9                               @ Abbrev [9] 0x4d3:0xe DW_TAG_formal_parameter
	.byte	2                               @ DW_AT_location
	.byte	145
	.byte	16
	.long	.Linfo_string47                 @ DW_AT_name
	.byte	12                              @ DW_AT_decl_file
	.byte	111                             @ DW_AT_decl_line
	.long	2624                            @ DW_AT_type
	.byte	10                              @ Abbrev [10] 0x4e1:0xe DW_TAG_variable
	.byte	2                               @ DW_AT_location
	.byte	145
	.byte	12
	.long	.Linfo_string64                 @ DW_AT_name
	.byte	12                              @ DW_AT_decl_file
	.byte	113                             @ DW_AT_decl_line
	.long	2614                            @ DW_AT_type
	.byte	10                              @ Abbrev [10] 0x4ef:0xe DW_TAG_variable
	.byte	2                               @ DW_AT_location
	.byte	145
	.byte	8
	.long	.Linfo_string54                 @ DW_AT_name
	.byte	12                              @ DW_AT_decl_file
	.byte	114                             @ DW_AT_decl_line
	.long	2624                            @ DW_AT_type
	.byte	10                              @ Abbrev [10] 0x4fd:0xe DW_TAG_variable
	.byte	2                               @ DW_AT_location
	.byte	145
	.byte	6
	.long	.Linfo_string65                 @ DW_AT_name
	.byte	12                              @ DW_AT_decl_file
	.byte	115                             @ DW_AT_decl_line
	.long	103                             @ DW_AT_type
	.byte	10                              @ Abbrev [10] 0x50b:0xe DW_TAG_variable
	.byte	2                               @ DW_AT_location
	.byte	145
	.byte	4
	.long	.Linfo_string66                 @ DW_AT_name
	.byte	12                              @ DW_AT_decl_file
	.byte	115                             @ DW_AT_decl_line
	.long	103                             @ DW_AT_type
	.byte	0                               @ End Of Children Mark
	.byte	18                              @ Abbrev [18] 0x51a:0x94 DW_TAG_subprogram
	.long	.Lfunc_begin8                   @ DW_AT_low_pc
	.long	.Lfunc_end8-.Lfunc_begin8       @ DW_AT_high_pc
	.byte	1                               @ DW_AT_frame_base
	.byte	93
	.long	.Linfo_string34                 @ DW_AT_name
	.byte	13                              @ DW_AT_decl_file
	.byte	121                             @ DW_AT_decl_line
                                        @ DW_AT_prototyped
	.long	134                             @ DW_AT_type
                                        @ DW_AT_external
	.byte	9                               @ Abbrev [9] 0x52f:0xe DW_TAG_formal_parameter
	.byte	2                               @ DW_AT_location
	.byte	145
	.byte	36
	.long	.Linfo_string63                 @ DW_AT_name
	.byte	13                              @ DW_AT_decl_file
	.byte	121                             @ DW_AT_decl_line
	.long	2614                            @ DW_AT_type
	.byte	9                               @ Abbrev [9] 0x53d:0xe DW_TAG_formal_parameter
	.byte	2                               @ DW_AT_location
	.byte	145
	.byte	32
	.long	.Linfo_string67                 @ DW_AT_name
	.byte	13                              @ DW_AT_decl_file
	.byte	121                             @ DW_AT_decl_line
	.long	2614                            @ DW_AT_type
	.byte	9                               @ Abbrev [9] 0x54b:0xe DW_TAG_formal_parameter
	.byte	2                               @ DW_AT_location
	.byte	145
	.byte	28
	.long	.Linfo_string47                 @ DW_AT_name
	.byte	13                              @ DW_AT_decl_file
	.byte	121                             @ DW_AT_decl_line
	.long	2624                            @ DW_AT_type
	.byte	10                              @ Abbrev [10] 0x559:0xe DW_TAG_variable
	.byte	2                               @ DW_AT_location
	.byte	145
	.byte	24
	.long	.Linfo_string68                 @ DW_AT_name
	.byte	13                              @ DW_AT_decl_file
	.byte	123                             @ DW_AT_decl_line
	.long	2614                            @ DW_AT_type
	.byte	10                              @ Abbrev [10] 0x567:0xe DW_TAG_variable
	.byte	2                               @ DW_AT_location
	.byte	145
	.byte	20
	.long	.Linfo_string69                 @ DW_AT_name
	.byte	13                              @ DW_AT_decl_file
	.byte	123                             @ DW_AT_decl_line
	.long	2614                            @ DW_AT_type
	.byte	10                              @ Abbrev [10] 0x575:0xe DW_TAG_variable
	.byte	2                               @ DW_AT_location
	.byte	145
	.byte	16
	.long	.Linfo_string54                 @ DW_AT_name
	.byte	13                              @ DW_AT_decl_file
	.byte	124                             @ DW_AT_decl_line
	.long	2624                            @ DW_AT_type
	.byte	10                              @ Abbrev [10] 0x583:0xe DW_TAG_variable
	.byte	2                               @ DW_AT_location
	.byte	145
	.byte	14
	.long	.Linfo_string65                 @ DW_AT_name
	.byte	13                              @ DW_AT_decl_file
	.byte	125                             @ DW_AT_decl_line
	.long	103                             @ DW_AT_type
	.byte	10                              @ Abbrev [10] 0x591:0xe DW_TAG_variable
	.byte	2                               @ DW_AT_location
	.byte	145
	.byte	12
	.long	.Linfo_string70                 @ DW_AT_name
	.byte	13                              @ DW_AT_decl_file
	.byte	125                             @ DW_AT_decl_line
	.long	103                             @ DW_AT_type
	.byte	10                              @ Abbrev [10] 0x59f:0xe DW_TAG_variable
	.byte	2                               @ DW_AT_location
	.byte	145
	.byte	10
	.long	.Linfo_string71                 @ DW_AT_name
	.byte	13                              @ DW_AT_decl_file
	.byte	125                             @ DW_AT_decl_line
	.long	103                             @ DW_AT_type
	.byte	0                               @ End Of Children Mark
	.byte	18                              @ Abbrev [18] 0x5ae:0x5c DW_TAG_subprogram
	.long	.Lfunc_begin9                   @ DW_AT_low_pc
	.long	.Lfunc_end9-.Lfunc_begin9       @ DW_AT_high_pc
	.byte	1                               @ DW_AT_frame_base
	.byte	93
	.long	.Linfo_string35                 @ DW_AT_name
	.byte	14                              @ DW_AT_decl_file
	.byte	67                              @ DW_AT_decl_line
                                        @ DW_AT_prototyped
	.long	134                             @ DW_AT_type
                                        @ DW_AT_external
	.byte	9                               @ Abbrev [9] 0x5c3:0xe DW_TAG_formal_parameter
	.byte	2                               @ DW_AT_location
	.byte	145
	.byte	20
	.long	.Linfo_string63                 @ DW_AT_name
	.byte	14                              @ DW_AT_decl_file
	.byte	67                              @ DW_AT_decl_line
	.long	2614                            @ DW_AT_type
	.byte	9                               @ Abbrev [9] 0x5d1:0xe DW_TAG_formal_parameter
	.byte	2                               @ DW_AT_location
	.byte	145
	.byte	16
	.long	.Linfo_string67                 @ DW_AT_name
	.byte	14                              @ DW_AT_decl_file
	.byte	68                              @ DW_AT_decl_line
	.long	2614                            @ DW_AT_type
	.byte	9                               @ Abbrev [9] 0x5df:0xe DW_TAG_formal_parameter
	.byte	2                               @ DW_AT_location
	.byte	145
	.byte	12
	.long	.Linfo_string47                 @ DW_AT_name
	.byte	14                              @ DW_AT_decl_file
	.byte	69                              @ DW_AT_decl_line
	.long	2624                            @ DW_AT_type
	.byte	9                               @ Abbrev [9] 0x5ed:0xe DW_TAG_formal_parameter
	.byte	2                               @ DW_AT_location
	.byte	145
	.byte	8
	.long	.Linfo_string72                 @ DW_AT_name
	.byte	14                              @ DW_AT_decl_file
	.byte	70                              @ DW_AT_decl_line
	.long	129                             @ DW_AT_type
	.byte	10                              @ Abbrev [10] 0x5fb:0xe DW_TAG_variable
	.byte	2                               @ DW_AT_location
	.byte	145
	.byte	6
	.long	.Linfo_string73                 @ DW_AT_name
	.byte	14                              @ DW_AT_decl_file
	.byte	72                              @ DW_AT_decl_line
	.long	134                             @ DW_AT_type
	.byte	0                               @ End Of Children Mark
	.byte	18                              @ Abbrev [18] 0x60a:0x78 DW_TAG_subprogram
	.long	.Lfunc_begin10                  @ DW_AT_low_pc
	.long	.Lfunc_end10-.Lfunc_begin10     @ DW_AT_high_pc
	.byte	1                               @ DW_AT_frame_base
	.byte	93
	.long	.Linfo_string36                 @ DW_AT_name
	.byte	15                              @ DW_AT_decl_file
	.byte	125                             @ DW_AT_decl_line
                                        @ DW_AT_prototyped
	.long	134                             @ DW_AT_type
                                        @ DW_AT_external
	.byte	9                               @ Abbrev [9] 0x61f:0xe DW_TAG_formal_parameter
	.byte	2                               @ DW_AT_location
	.byte	145
	.byte	28
	.long	.Linfo_string19                 @ DW_AT_name
	.byte	15                              @ DW_AT_decl_file
	.byte	125                             @ DW_AT_decl_line
	.long	2614                            @ DW_AT_type
	.byte	9                               @ Abbrev [9] 0x62d:0xe DW_TAG_formal_parameter
	.byte	2                               @ DW_AT_location
	.byte	145
	.byte	24
	.long	.Linfo_string47                 @ DW_AT_name
	.byte	15                              @ DW_AT_decl_file
	.byte	125                             @ DW_AT_decl_line
	.long	2624                            @ DW_AT_type
	.byte	10                              @ Abbrev [10] 0x63b:0xe DW_TAG_variable
	.byte	2                               @ DW_AT_location
	.byte	145
	.byte	22
	.long	.Linfo_string52                 @ DW_AT_name
	.byte	15                              @ DW_AT_decl_file
	.byte	127                             @ DW_AT_decl_line
	.long	103                             @ DW_AT_type
	.byte	10                              @ Abbrev [10] 0x649:0xe DW_TAG_variable
	.byte	2                               @ DW_AT_location
	.byte	145
	.byte	20
	.long	.Linfo_string74                 @ DW_AT_name
	.byte	15                              @ DW_AT_decl_file
	.byte	128                             @ DW_AT_decl_line
	.long	103                             @ DW_AT_type
	.byte	10                              @ Abbrev [10] 0x657:0xe DW_TAG_variable
	.byte	2                               @ DW_AT_location
	.byte	145
	.byte	16
	.long	.Linfo_string64                 @ DW_AT_name
	.byte	15                              @ DW_AT_decl_file
	.byte	129                             @ DW_AT_decl_line
	.long	2614                            @ DW_AT_type
	.byte	10                              @ Abbrev [10] 0x665:0xe DW_TAG_variable
	.byte	2                               @ DW_AT_location
	.byte	145
	.byte	12
	.long	.Linfo_string54                 @ DW_AT_name
	.byte	15                              @ DW_AT_decl_file
	.byte	130                             @ DW_AT_decl_line
	.long	2624                            @ DW_AT_type
	.byte	10                              @ Abbrev [10] 0x673:0xe DW_TAG_variable
	.byte	2                               @ DW_AT_location
	.byte	145
	.byte	10
	.long	.Linfo_string65                 @ DW_AT_name
	.byte	15                              @ DW_AT_decl_file
	.byte	131                             @ DW_AT_decl_line
	.long	103                             @ DW_AT_type
	.byte	0                               @ End Of Children Mark
	.byte	8                               @ Abbrev [8] 0x682:0x58 DW_TAG_subprogram
	.long	.Lfunc_begin11                  @ DW_AT_low_pc
	.long	.Lfunc_end11-.Lfunc_begin11     @ DW_AT_high_pc
	.byte	1                               @ DW_AT_frame_base
	.byte	93
	.long	.Linfo_string37                 @ DW_AT_name
	.byte	16                              @ DW_AT_decl_file
	.byte	111                             @ DW_AT_decl_line
                                        @ DW_AT_prototyped
                                        @ DW_AT_external
	.byte	9                               @ Abbrev [9] 0x693:0xe DW_TAG_formal_parameter
	.byte	2                               @ DW_AT_location
	.byte	145
	.byte	12
	.long	.Linfo_string46                 @ DW_AT_name
	.byte	16                              @ DW_AT_decl_file
	.byte	112                             @ DW_AT_decl_line
	.long	2614                            @ DW_AT_type
	.byte	9                               @ Abbrev [9] 0x6a1:0xe DW_TAG_formal_parameter
	.byte	2                               @ DW_AT_location
	.byte	145
	.byte	8
	.long	.Linfo_string47                 @ DW_AT_name
	.byte	16                              @ DW_AT_decl_file
	.byte	113                             @ DW_AT_decl_line
	.long	2624                            @ DW_AT_type
	.byte	9                               @ Abbrev [9] 0x6af:0xe DW_TAG_formal_parameter
	.byte	2                               @ DW_AT_location
	.byte	145
	.byte	4
	.long	.Linfo_string50                 @ DW_AT_name
	.byte	16                              @ DW_AT_decl_file
	.byte	114                             @ DW_AT_decl_line
	.long	129                             @ DW_AT_type
	.byte	10                              @ Abbrev [10] 0x6bd:0xe DW_TAG_variable
	.byte	2                               @ DW_AT_location
	.byte	145
	.byte	2
	.long	.Linfo_string75                 @ DW_AT_name
	.byte	16                              @ DW_AT_decl_file
	.byte	116                             @ DW_AT_decl_line
	.long	134                             @ DW_AT_type
	.byte	10                              @ Abbrev [10] 0x6cb:0xe DW_TAG_variable
	.byte	2                               @ DW_AT_location
	.byte	145
	.byte	0
	.long	.Linfo_string76                 @ DW_AT_name
	.byte	16                              @ DW_AT_decl_file
	.byte	117                             @ DW_AT_decl_line
	.long	134                             @ DW_AT_type
	.byte	0                               @ End Of Children Mark
	.byte	8                               @ Abbrev [8] 0x6da:0x58 DW_TAG_subprogram
	.long	.Lfunc_begin12                  @ DW_AT_low_pc
	.long	.Lfunc_end12-.Lfunc_begin12     @ DW_AT_high_pc
	.byte	1                               @ DW_AT_frame_base
	.byte	93
	.long	.Linfo_string38                 @ DW_AT_name
	.byte	17                              @ DW_AT_decl_file
	.byte	111                             @ DW_AT_decl_line
                                        @ DW_AT_prototyped
                                        @ DW_AT_external
	.byte	9                               @ Abbrev [9] 0x6eb:0xe DW_TAG_formal_parameter
	.byte	2                               @ DW_AT_location
	.byte	145
	.byte	12
	.long	.Linfo_string46                 @ DW_AT_name
	.byte	17                              @ DW_AT_decl_file
	.byte	112                             @ DW_AT_decl_line
	.long	2614                            @ DW_AT_type
	.byte	9                               @ Abbrev [9] 0x6f9:0xe DW_TAG_formal_parameter
	.byte	2                               @ DW_AT_location
	.byte	145
	.byte	8
	.long	.Linfo_string47                 @ DW_AT_name
	.byte	17                              @ DW_AT_decl_file
	.byte	113                             @ DW_AT_decl_line
	.long	2624                            @ DW_AT_type
	.byte	9                               @ Abbrev [9] 0x707:0xe DW_TAG_formal_parameter
	.byte	2                               @ DW_AT_location
	.byte	145
	.byte	4
	.long	.Linfo_string50                 @ DW_AT_name
	.byte	17                              @ DW_AT_decl_file
	.byte	114                             @ DW_AT_decl_line
	.long	129                             @ DW_AT_type
	.byte	10                              @ Abbrev [10] 0x715:0xe DW_TAG_variable
	.byte	2                               @ DW_AT_location
	.byte	145
	.byte	2
	.long	.Linfo_string77                 @ DW_AT_name
	.byte	17                              @ DW_AT_decl_file
	.byte	116                             @ DW_AT_decl_line
	.long	134                             @ DW_AT_type
	.byte	10                              @ Abbrev [10] 0x723:0xe DW_TAG_variable
	.byte	2                               @ DW_AT_location
	.byte	145
	.byte	0
	.long	.Linfo_string76                 @ DW_AT_name
	.byte	17                              @ DW_AT_decl_file
	.byte	117                             @ DW_AT_decl_line
	.long	134                             @ DW_AT_type
	.byte	0                               @ End Of Children Mark
	.byte	8                               @ Abbrev [8] 0x732:0x82 DW_TAG_subprogram
	.long	.Lfunc_begin13                  @ DW_AT_low_pc
	.long	.Lfunc_end13-.Lfunc_begin13     @ DW_AT_high_pc
	.byte	1                               @ DW_AT_frame_base
	.byte	93
	.long	.Linfo_string39                 @ DW_AT_name
	.byte	18                              @ DW_AT_decl_file
	.byte	227                             @ DW_AT_decl_line
                                        @ DW_AT_prototyped
                                        @ DW_AT_external
	.byte	9                               @ Abbrev [9] 0x743:0xe DW_TAG_formal_parameter
	.byte	2                               @ DW_AT_location
	.byte	145
	.byte	24
	.long	.Linfo_string46                 @ DW_AT_name
	.byte	18                              @ DW_AT_decl_file
	.byte	228                             @ DW_AT_decl_line
	.long	2614                            @ DW_AT_type
	.byte	9                               @ Abbrev [9] 0x751:0xe DW_TAG_formal_parameter
	.byte	2                               @ DW_AT_location
	.byte	145
	.byte	20
	.long	.Linfo_string47                 @ DW_AT_name
	.byte	18                              @ DW_AT_decl_file
	.byte	229                             @ DW_AT_decl_line
	.long	2624                            @ DW_AT_type
	.byte	9                               @ Abbrev [9] 0x75f:0xe DW_TAG_formal_parameter
	.byte	2                               @ DW_AT_location
	.byte	145
	.byte	16
	.long	.Linfo_string50                 @ DW_AT_name
	.byte	18                              @ DW_AT_decl_file
	.byte	230                             @ DW_AT_decl_line
	.long	129                             @ DW_AT_type
	.byte	9                               @ Abbrev [9] 0x76d:0xe DW_TAG_formal_parameter
	.byte	2                               @ DW_AT_location
	.byte	145
	.byte	12
	.long	.Linfo_string51                 @ DW_AT_name
	.byte	18                              @ DW_AT_decl_file
	.byte	231                             @ DW_AT_decl_line
	.long	2642                            @ DW_AT_type
	.byte	10                              @ Abbrev [10] 0x77b:0xe DW_TAG_variable
	.byte	2                               @ DW_AT_location
	.byte	145
	.byte	10
	.long	.Linfo_string52                 @ DW_AT_name
	.byte	18                              @ DW_AT_decl_file
	.byte	233                             @ DW_AT_decl_line
	.long	134                             @ DW_AT_type
	.byte	10                              @ Abbrev [10] 0x789:0xe DW_TAG_variable
	.byte	2                               @ DW_AT_location
	.byte	145
	.byte	8
	.long	.Linfo_string53                 @ DW_AT_name
	.byte	18                              @ DW_AT_decl_file
	.byte	233                             @ DW_AT_decl_line
	.long	134                             @ DW_AT_type
	.byte	10                              @ Abbrev [10] 0x797:0xe DW_TAG_variable
	.byte	2                               @ DW_AT_location
	.byte	145
	.byte	4
	.long	.Linfo_string54                 @ DW_AT_name
	.byte	18                              @ DW_AT_decl_file
	.byte	234                             @ DW_AT_decl_line
	.long	2624                            @ DW_AT_type
	.byte	10                              @ Abbrev [10] 0x7a5:0xe DW_TAG_variable
	.byte	2                               @ DW_AT_location
	.byte	145
	.byte	0
	.long	.Linfo_string55                 @ DW_AT_name
	.byte	18                              @ DW_AT_decl_file
	.byte	234                             @ DW_AT_decl_line
	.long	2624                            @ DW_AT_type
	.byte	0                               @ End Of Children Mark
	.byte	8                               @ Abbrev [8] 0x7b4:0x82 DW_TAG_subprogram
	.long	.Lfunc_begin14                  @ DW_AT_low_pc
	.long	.Lfunc_end14-.Lfunc_begin14     @ DW_AT_high_pc
	.byte	1                               @ DW_AT_frame_base
	.byte	93
	.long	.Linfo_string40                 @ DW_AT_name
	.byte	19                              @ DW_AT_decl_file
	.byte	229                             @ DW_AT_decl_line
                                        @ DW_AT_prototyped
                                        @ DW_AT_external
	.byte	9                               @ Abbrev [9] 0x7c5:0xe DW_TAG_formal_parameter
	.byte	2                               @ DW_AT_location
	.byte	145
	.byte	24
	.long	.Linfo_string46                 @ DW_AT_name
	.byte	19                              @ DW_AT_decl_file
	.byte	230                             @ DW_AT_decl_line
	.long	2614                            @ DW_AT_type
	.byte	9                               @ Abbrev [9] 0x7d3:0xe DW_TAG_formal_parameter
	.byte	2                               @ DW_AT_location
	.byte	145
	.byte	20
	.long	.Linfo_string47                 @ DW_AT_name
	.byte	19                              @ DW_AT_decl_file
	.byte	231                             @ DW_AT_decl_line
	.long	2624                            @ DW_AT_type
	.byte	9                               @ Abbrev [9] 0x7e1:0xe DW_TAG_formal_parameter
	.byte	2                               @ DW_AT_location
	.byte	145
	.byte	16
	.long	.Linfo_string50                 @ DW_AT_name
	.byte	19                              @ DW_AT_decl_file
	.byte	232                             @ DW_AT_decl_line
	.long	129                             @ DW_AT_type
	.byte	9                               @ Abbrev [9] 0x7ef:0xe DW_TAG_formal_parameter
	.byte	2                               @ DW_AT_location
	.byte	145
	.byte	12
	.long	.Linfo_string51                 @ DW_AT_name
	.byte	19                              @ DW_AT_decl_file
	.byte	233                             @ DW_AT_decl_line
	.long	2642                            @ DW_AT_type
	.byte	10                              @ Abbrev [10] 0x7fd:0xe DW_TAG_variable
	.byte	2                               @ DW_AT_location
	.byte	145
	.byte	10
	.long	.Linfo_string56                 @ DW_AT_name
	.byte	19                              @ DW_AT_decl_file
	.byte	235                             @ DW_AT_decl_line
	.long	134                             @ DW_AT_type
	.byte	10                              @ Abbrev [10] 0x80b:0xe DW_TAG_variable
	.byte	2                               @ DW_AT_location
	.byte	145
	.byte	8
	.long	.Linfo_string53                 @ DW_AT_name
	.byte	19                              @ DW_AT_decl_file
	.byte	235                             @ DW_AT_decl_line
	.long	134                             @ DW_AT_type
	.byte	10                              @ Abbrev [10] 0x819:0xe DW_TAG_variable
	.byte	2                               @ DW_AT_location
	.byte	145
	.byte	4
	.long	.Linfo_string54                 @ DW_AT_name
	.byte	19                              @ DW_AT_decl_file
	.byte	236                             @ DW_AT_decl_line
	.long	2624                            @ DW_AT_type
	.byte	10                              @ Abbrev [10] 0x827:0xe DW_TAG_variable
	.byte	2                               @ DW_AT_location
	.byte	145
	.byte	0
	.long	.Linfo_string55                 @ DW_AT_name
	.byte	19                              @ DW_AT_decl_file
	.byte	236                             @ DW_AT_decl_line
	.long	2624                            @ DW_AT_type
	.byte	0                               @ End Of Children Mark
	.byte	8                               @ Abbrev [8] 0x836:0x66 DW_TAG_subprogram
	.long	.Lfunc_begin15                  @ DW_AT_low_pc
	.long	.Lfunc_end15-.Lfunc_begin15     @ DW_AT_high_pc
	.byte	1                               @ DW_AT_frame_base
	.byte	93
	.long	.Linfo_string41                 @ DW_AT_name
	.byte	20                              @ DW_AT_decl_file
	.byte	185                             @ DW_AT_decl_line
                                        @ DW_AT_prototyped
                                        @ DW_AT_external
	.byte	9                               @ Abbrev [9] 0x847:0xe DW_TAG_formal_parameter
	.byte	2                               @ DW_AT_location
	.byte	145
	.byte	16
	.long	.Linfo_string46                 @ DW_AT_name
	.byte	20                              @ DW_AT_decl_file
	.byte	186                             @ DW_AT_decl_line
	.long	2614                            @ DW_AT_type
	.byte	9                               @ Abbrev [9] 0x855:0xe DW_TAG_formal_parameter
	.byte	2                               @ DW_AT_location
	.byte	145
	.byte	12
	.long	.Linfo_string47                 @ DW_AT_name
	.byte	20                              @ DW_AT_decl_file
	.byte	187                             @ DW_AT_decl_line
	.long	2624                            @ DW_AT_type
	.byte	9                               @ Abbrev [9] 0x863:0xe DW_TAG_formal_parameter
	.byte	2                               @ DW_AT_location
	.byte	145
	.byte	8
	.long	.Linfo_string50                 @ DW_AT_name
	.byte	20                              @ DW_AT_decl_file
	.byte	188                             @ DW_AT_decl_line
	.long	129                             @ DW_AT_type
	.byte	10                              @ Abbrev [10] 0x871:0xe DW_TAG_variable
	.byte	2                               @ DW_AT_location
	.byte	145
	.byte	6
	.long	.Linfo_string52                 @ DW_AT_name
	.byte	20                              @ DW_AT_decl_file
	.byte	190                             @ DW_AT_decl_line
	.long	134                             @ DW_AT_type
	.byte	10                              @ Abbrev [10] 0x87f:0xe DW_TAG_variable
	.byte	2                               @ DW_AT_location
	.byte	145
	.byte	4
	.long	.Linfo_string53                 @ DW_AT_name
	.byte	20                              @ DW_AT_decl_file
	.byte	190                             @ DW_AT_decl_line
	.long	134                             @ DW_AT_type
	.byte	10                              @ Abbrev [10] 0x88d:0xe DW_TAG_variable
	.byte	2                               @ DW_AT_location
	.byte	145
	.byte	0
	.long	.Linfo_string54                 @ DW_AT_name
	.byte	20                              @ DW_AT_decl_file
	.byte	191                             @ DW_AT_decl_line
	.long	2624                            @ DW_AT_type
	.byte	0                               @ End Of Children Mark
	.byte	8                               @ Abbrev [8] 0x89c:0x66 DW_TAG_subprogram
	.long	.Lfunc_begin16                  @ DW_AT_low_pc
	.long	.Lfunc_end16-.Lfunc_begin16     @ DW_AT_high_pc
	.byte	1                               @ DW_AT_frame_base
	.byte	93
	.long	.Linfo_string42                 @ DW_AT_name
	.byte	21                              @ DW_AT_decl_file
	.byte	187                             @ DW_AT_decl_line
                                        @ DW_AT_prototyped
                                        @ DW_AT_external
	.byte	9                               @ Abbrev [9] 0x8ad:0xe DW_TAG_formal_parameter
	.byte	2                               @ DW_AT_location
	.byte	145
	.byte	16
	.long	.Linfo_string46                 @ DW_AT_name
	.byte	21                              @ DW_AT_decl_file
	.byte	188                             @ DW_AT_decl_line
	.long	2614                            @ DW_AT_type
	.byte	9                               @ Abbrev [9] 0x8bb:0xe DW_TAG_formal_parameter
	.byte	2                               @ DW_AT_location
	.byte	145
	.byte	12
	.long	.Linfo_string47                 @ DW_AT_name
	.byte	21                              @ DW_AT_decl_file
	.byte	189                             @ DW_AT_decl_line
	.long	2624                            @ DW_AT_type
	.byte	9                               @ Abbrev [9] 0x8c9:0xe DW_TAG_formal_parameter
	.byte	2                               @ DW_AT_location
	.byte	145
	.byte	8
	.long	.Linfo_string50                 @ DW_AT_name
	.byte	21                              @ DW_AT_decl_file
	.byte	190                             @ DW_AT_decl_line
	.long	129                             @ DW_AT_type
	.byte	10                              @ Abbrev [10] 0x8d7:0xe DW_TAG_variable
	.byte	2                               @ DW_AT_location
	.byte	145
	.byte	6
	.long	.Linfo_string56                 @ DW_AT_name
	.byte	21                              @ DW_AT_decl_file
	.byte	192                             @ DW_AT_decl_line
	.long	134                             @ DW_AT_type
	.byte	10                              @ Abbrev [10] 0x8e5:0xe DW_TAG_variable
	.byte	2                               @ DW_AT_location
	.byte	145
	.byte	4
	.long	.Linfo_string53                 @ DW_AT_name
	.byte	21                              @ DW_AT_decl_file
	.byte	192                             @ DW_AT_decl_line
	.long	134                             @ DW_AT_type
	.byte	10                              @ Abbrev [10] 0x8f3:0xe DW_TAG_variable
	.byte	2                               @ DW_AT_location
	.byte	145
	.byte	0
	.long	.Linfo_string54                 @ DW_AT_name
	.byte	21                              @ DW_AT_decl_file
	.byte	193                             @ DW_AT_decl_line
	.long	2624                            @ DW_AT_type
	.byte	0                               @ End Of Children Mark
	.byte	8                               @ Abbrev [8] 0x902:0x82 DW_TAG_subprogram
	.long	.Lfunc_begin17                  @ DW_AT_low_pc
	.long	.Lfunc_end17-.Lfunc_begin17     @ DW_AT_high_pc
	.byte	1                               @ DW_AT_frame_base
	.byte	93
	.long	.Linfo_string43                 @ DW_AT_name
	.byte	22                              @ DW_AT_decl_file
	.byte	115                             @ DW_AT_decl_line
                                        @ DW_AT_prototyped
                                        @ DW_AT_external
	.byte	9                               @ Abbrev [9] 0x913:0xe DW_TAG_formal_parameter
	.byte	2                               @ DW_AT_location
	.byte	145
	.byte	24
	.long	.Linfo_string63                 @ DW_AT_name
	.byte	22                              @ DW_AT_decl_file
	.byte	116                             @ DW_AT_decl_line
	.long	2614                            @ DW_AT_type
	.byte	9                               @ Abbrev [9] 0x921:0xe DW_TAG_formal_parameter
	.byte	2                               @ DW_AT_location
	.byte	145
	.byte	20
	.long	.Linfo_string67                 @ DW_AT_name
	.byte	22                              @ DW_AT_decl_file
	.byte	117                             @ DW_AT_decl_line
	.long	2614                            @ DW_AT_type
	.byte	9                               @ Abbrev [9] 0x92f:0xe DW_TAG_formal_parameter
	.byte	2                               @ DW_AT_location
	.byte	145
	.byte	16
	.long	.Linfo_string47                 @ DW_AT_name
	.byte	22                              @ DW_AT_decl_file
	.byte	118                             @ DW_AT_decl_line
	.long	2624                            @ DW_AT_type
	.byte	9                               @ Abbrev [9] 0x93d:0xe DW_TAG_formal_parameter
	.byte	2                               @ DW_AT_location
	.byte	145
	.byte	12
	.long	.Linfo_string73                 @ DW_AT_name
	.byte	22                              @ DW_AT_decl_file
	.byte	119                             @ DW_AT_decl_line
	.long	129                             @ DW_AT_type
	.byte	10                              @ Abbrev [10] 0x94b:0xe DW_TAG_variable
	.byte	2                               @ DW_AT_location
	.byte	145
	.byte	8
	.long	.Linfo_string54                 @ DW_AT_name
	.byte	22                              @ DW_AT_decl_file
	.byte	122                             @ DW_AT_decl_line
	.long	2624                            @ DW_AT_type
	.byte	10                              @ Abbrev [10] 0x959:0xe DW_TAG_variable
	.byte	2                               @ DW_AT_location
	.byte	145
	.byte	6
	.long	.Linfo_string78                 @ DW_AT_name
	.byte	22                              @ DW_AT_decl_file
	.byte	123                             @ DW_AT_decl_line
	.long	103                             @ DW_AT_type
	.byte	10                              @ Abbrev [10] 0x967:0xe DW_TAG_variable
	.byte	2                               @ DW_AT_location
	.byte	145
	.byte	4
	.long	.Linfo_string79                 @ DW_AT_name
	.byte	22                              @ DW_AT_decl_file
	.byte	123                             @ DW_AT_decl_line
	.long	103                             @ DW_AT_type
	.byte	10                              @ Abbrev [10] 0x975:0xe DW_TAG_variable
	.byte	2                               @ DW_AT_location
	.byte	145
	.byte	2
	.long	.Linfo_string57                 @ DW_AT_name
	.byte	22                              @ DW_AT_decl_file
	.byte	124                             @ DW_AT_decl_line
	.long	103                             @ DW_AT_type
	.byte	0                               @ End Of Children Mark
	.byte	8                               @ Abbrev [8] 0x984:0x58 DW_TAG_subprogram
	.long	.Lfunc_begin18                  @ DW_AT_low_pc
	.long	.Lfunc_end18-.Lfunc_begin18     @ DW_AT_high_pc
	.byte	1                               @ DW_AT_frame_base
	.byte	93
	.long	.Linfo_string44                 @ DW_AT_name
	.byte	23                              @ DW_AT_decl_file
	.byte	63                              @ DW_AT_decl_line
                                        @ DW_AT_prototyped
                                        @ DW_AT_external
	.byte	9                               @ Abbrev [9] 0x995:0xe DW_TAG_formal_parameter
	.byte	2                               @ DW_AT_location
	.byte	145
	.byte	16
	.long	.Linfo_string46                 @ DW_AT_name
	.byte	23                              @ DW_AT_decl_file
	.byte	64                              @ DW_AT_decl_line
	.long	2614                            @ DW_AT_type
	.byte	9                               @ Abbrev [9] 0x9a3:0xe DW_TAG_formal_parameter
	.byte	2                               @ DW_AT_location
	.byte	145
	.byte	12
	.long	.Linfo_string47                 @ DW_AT_name
	.byte	23                              @ DW_AT_decl_file
	.byte	65                              @ DW_AT_decl_line
	.long	2624                            @ DW_AT_type
	.byte	9                               @ Abbrev [9] 0x9b1:0xe DW_TAG_formal_parameter
	.byte	2                               @ DW_AT_location
	.byte	145
	.byte	8
	.long	.Linfo_string50                 @ DW_AT_name
	.byte	23                              @ DW_AT_decl_file
	.byte	66                              @ DW_AT_decl_line
	.long	129                             @ DW_AT_type
	.byte	10                              @ Abbrev [10] 0x9bf:0xe DW_TAG_variable
	.byte	2                               @ DW_AT_location
	.byte	145
	.byte	4
	.long	.Linfo_string54                 @ DW_AT_name
	.byte	23                              @ DW_AT_decl_file
	.byte	68                              @ DW_AT_decl_line
	.long	2624                            @ DW_AT_type
	.byte	10                              @ Abbrev [10] 0x9cd:0xe DW_TAG_variable
	.byte	2                               @ DW_AT_location
	.byte	145
	.byte	2
	.long	.Linfo_string57                 @ DW_AT_name
	.byte	23                              @ DW_AT_decl_file
	.byte	69                              @ DW_AT_decl_line
	.long	134                             @ DW_AT_type
	.byte	0                               @ End Of Children Mark
	.byte	19                              @ Abbrev [19] 0x9dc:0x1a DW_TAG_subprogram
	.long	.Linfo_string24                 @ DW_AT_name
	.byte	24                              @ DW_AT_decl_file
	.short	414                             @ DW_AT_decl_line
                                        @ DW_AT_prototyped
	.long	122                             @ DW_AT_type
	.byte	1                               @ DW_AT_inline
	.byte	20                              @ Abbrev [20] 0x9e9:0xc DW_TAG_formal_parameter
	.long	.Linfo_string25                 @ DW_AT_name
	.byte	24                              @ DW_AT_decl_file
	.short	414                             @ DW_AT_decl_line
	.long	122                             @ DW_AT_type
	.byte	0                               @ End Of Children Mark
	.byte	21                              @ Abbrev [21] 0x9f6:0x40 DW_TAG_subprogram
	.long	.Lfunc_begin19                  @ DW_AT_low_pc
	.long	.Lfunc_end19-.Lfunc_begin19     @ DW_AT_high_pc
	.byte	1                               @ DW_AT_frame_base
	.byte	93
	.long	.Linfo_string45                 @ DW_AT_name
	.byte	24                              @ DW_AT_decl_file
	.short	425                             @ DW_AT_decl_line
                                        @ DW_AT_prototyped
	.long	122                             @ DW_AT_type
	.byte	22                              @ Abbrev [22] 0xa0c:0xf DW_TAG_formal_parameter
	.byte	2                               @ DW_AT_location
	.byte	145
	.byte	0
	.long	.Linfo_string80                 @ DW_AT_name
	.byte	24                              @ DW_AT_decl_file
	.short	425                             @ DW_AT_decl_line
	.long	122                             @ DW_AT_type
	.byte	23                              @ Abbrev [23] 0xa1b:0x1a DW_TAG_inlined_subroutine
	.long	2524                            @ DW_AT_abstract_origin
	.long	.Ltmp133                        @ DW_AT_low_pc
	.long	.Ltmp134-.Ltmp133               @ DW_AT_high_pc
	.byte	24                              @ DW_AT_call_file
	.short	425                             @ DW_AT_call_line
	.byte	53                              @ DW_AT_call_column
	.byte	16                              @ Abbrev [16] 0xa2c:0x8 DW_TAG_formal_parameter
	.byte	2                               @ DW_AT_location
	.byte	145
	.byte	4
	.long	2537                            @ DW_AT_abstract_origin
	.byte	0                               @ End Of Children Mark
	.byte	0                               @ End Of Children Mark
	.byte	6                               @ Abbrev [6] 0xa36:0x5 DW_TAG_pointer_type
	.long	2619                            @ DW_AT_type
	.byte	14                              @ Abbrev [14] 0xa3b:0x5 DW_TAG_const_type
	.long	134                             @ DW_AT_type
	.byte	7                               @ Abbrev [7] 0xa40:0xb DW_TAG_typedef
	.long	2635                            @ DW_AT_type
	.long	.Linfo_string49                 @ DW_AT_name
	.byte	25                              @ DW_AT_decl_file
	.byte	64                              @ DW_AT_decl_line
	.byte	4                               @ Abbrev [4] 0xa4b:0x7 DW_TAG_base_type
	.long	.Linfo_string48                 @ DW_AT_name
	.byte	7                               @ DW_AT_encoding
	.byte	4                               @ DW_AT_byte_size
	.byte	6                               @ Abbrev [6] 0xa52:0x5 DW_TAG_pointer_type
	.long	2624                            @ DW_AT_type
	.byte	0                               @ End Of Children Mark
.Ldebug_info_end0:
	.section	.debug_ranges,"",%progbits
.Ldebug_ranges0:
	.long	.Lfunc_begin0
	.long	.Lfunc_end0
	.long	.Lfunc_begin1
	.long	.Lfunc_end1
	.long	.Lfunc_begin2
	.long	.Lfunc_end2
	.long	.Lfunc_begin3
	.long	.Lfunc_end3
	.long	.Lfunc_begin4
	.long	.Lfunc_end4
	.long	.Lfunc_begin5
	.long	.Lfunc_end5
	.long	.Lfunc_begin6
	.long	.Lfunc_end6
	.long	.Lfunc_begin7
	.long	.Lfunc_end7
	.long	.Lfunc_begin8
	.long	.Lfunc_end8
	.long	.Lfunc_begin9
	.long	.Lfunc_end9
	.long	.Lfunc_begin10
	.long	.Lfunc_end10
	.long	.Lfunc_begin11
	.long	.Lfunc_end11
	.long	.Lfunc_begin12
	.long	.Lfunc_end12
	.long	.Lfunc_begin13
	.long	.Lfunc_end13
	.long	.Lfunc_begin14
	.long	.Lfunc_end14
	.long	.Lfunc_begin15
	.long	.Lfunc_end15
	.long	.Lfunc_begin16
	.long	.Lfunc_end16
	.long	.Lfunc_begin17
	.long	.Lfunc_end17
	.long	.Lfunc_begin18
	.long	.Lfunc_end18
	.long	.Lfunc_begin19
	.long	.Lfunc_end19
	.long	0
	.long	0
	.section	.debug_str,"MS",%progbits,1
.Linfo_string0:
	.asciz	"Component: Arm Compiler for Embedded 6.24 Tool: armclang [5f371800]" @ string offset=0
.Linfo_string1:
	.asciz	"D:/keil_1/keilpacks/ARM/CMSIS-DSP/1.16.2/Source/StatisticsFunctions\\StatisticsFunctionsF16.c" @ string offset=68
.Linfo_string2:
	.asciz	"D:\\RM_projects\\h7_final_4\\MDK-ARM" @ string offset=161
.Linfo_string3:
	.asciz	"signed char"                   @ string offset=195
.Linfo_string4:
	.asciz	"ARM_MATH_SUCCESS"              @ string offset=207
.Linfo_string5:
	.asciz	"ARM_MATH_ARGUMENT_ERROR"       @ string offset=224
.Linfo_string6:
	.asciz	"ARM_MATH_LENGTH_ERROR"         @ string offset=248
.Linfo_string7:
	.asciz	"ARM_MATH_SIZE_MISMATCH"        @ string offset=270
.Linfo_string8:
	.asciz	"ARM_MATH_NANINF"               @ string offset=293
.Linfo_string9:
	.asciz	"ARM_MATH_SINGULAR"             @ string offset=309
.Linfo_string10:
	.asciz	"ARM_MATH_TEST_FAILURE"         @ string offset=327
.Linfo_string11:
	.asciz	"ARM_MATH_DECOMPOSITION_FAILURE" @ string offset=349
.Linfo_string12:
	.asciz	"_Float16"                      @ string offset=380
.Linfo_string13:
	.asciz	"float"                         @ string offset=389
.Linfo_string14:
	.asciz	"float32_t"                     @ string offset=395
.Linfo_string15:
	.asciz	"__fp16"                        @ string offset=405
.Linfo_string16:
	.asciz	"float16_t"                     @ string offset=412
.Linfo_string17:
	.asciz	"arm_sqrt_f16"                  @ string offset=422
.Linfo_string18:
	.asciz	"arm_status"                    @ string offset=435
.Linfo_string19:
	.asciz	"in"                            @ string offset=446
.Linfo_string20:
	.asciz	"pOut"                          @ string offset=449
.Linfo_string21:
	.asciz	"r"                             @ string offset=454
.Linfo_string22:
	.asciz	"status"                        @ string offset=456
.Linfo_string23:
	.asciz	"arm_sqrt_f32"                  @ string offset=463
.Linfo_string24:
	.asciz	"__sqrtf"                       @ string offset=476
.Linfo_string25:
	.asciz	"f"                             @ string offset=484
.Linfo_string26:
	.asciz	"arm_max_f16"                   @ string offset=486
.Linfo_string27:
	.asciz	"arm_min_f16"                   @ string offset=498
.Linfo_string28:
	.asciz	"arm_mean_f16"                  @ string offset=510
.Linfo_string29:
	.asciz	"arm_power_f16"                 @ string offset=523
.Linfo_string30:
	.asciz	"arm_rms_f16"                   @ string offset=537
.Linfo_string31:
	.asciz	"arm_std_f16"                   @ string offset=549
.Linfo_string32:
	.asciz	"arm_var_f16"                   @ string offset=561
.Linfo_string33:
	.asciz	"arm_entropy_f16"               @ string offset=573
.Linfo_string34:
	.asciz	"arm_kullback_leibler_f16"      @ string offset=589
.Linfo_string35:
	.asciz	"arm_logsumexp_dot_prod_f16"    @ string offset=614
.Linfo_string36:
	.asciz	"arm_logsumexp_f16"             @ string offset=641
.Linfo_string37:
	.asciz	"arm_max_no_idx_f16"            @ string offset=659
.Linfo_string38:
	.asciz	"arm_min_no_idx_f16"            @ string offset=678
.Linfo_string39:
	.asciz	"arm_absmax_f16"                @ string offset=697
.Linfo_string40:
	.asciz	"arm_absmin_f16"                @ string offset=712
.Linfo_string41:
	.asciz	"arm_absmax_no_idx_f16"         @ string offset=727
.Linfo_string42:
	.asciz	"arm_absmin_no_idx_f16"         @ string offset=749
.Linfo_string43:
	.asciz	"arm_mse_f16"                   @ string offset=771
.Linfo_string44:
	.asciz	"arm_accumulate_f16"            @ string offset=783
.Linfo_string45:
	.asciz	"_sqrtf"                        @ string offset=802
.Linfo_string46:
	.asciz	"pSrc"                          @ string offset=809
.Linfo_string47:
	.asciz	"blockSize"                     @ string offset=814
.Linfo_string48:
	.asciz	"unsigned int"                  @ string offset=824
.Linfo_string49:
	.asciz	"uint32_t"                      @ string offset=837
.Linfo_string50:
	.asciz	"pResult"                       @ string offset=846
.Linfo_string51:
	.asciz	"pIndex"                        @ string offset=854
.Linfo_string52:
	.asciz	"maxVal"                        @ string offset=861
.Linfo_string53:
	.asciz	"out"                           @ string offset=868
.Linfo_string54:
	.asciz	"blkCnt"                        @ string offset=872
.Linfo_string55:
	.asciz	"outIndex"                      @ string offset=879
.Linfo_string56:
	.asciz	"minVal"                        @ string offset=888
.Linfo_string57:
	.asciz	"sum"                           @ string offset=895
.Linfo_string58:
	.asciz	"var"                           @ string offset=899
.Linfo_string59:
	.asciz	"fSum"                          @ string offset=903
.Linfo_string60:
	.asciz	"fMean"                         @ string offset=908
.Linfo_string61:
	.asciz	"fValue"                        @ string offset=914
.Linfo_string62:
	.asciz	"pInput"                        @ string offset=921
.Linfo_string63:
	.asciz	"pSrcA"                         @ string offset=928
.Linfo_string64:
	.asciz	"pIn"                           @ string offset=934
.Linfo_string65:
	.asciz	"accum"                         @ string offset=938
.Linfo_string66:
	.asciz	"p"                             @ string offset=944
.Linfo_string67:
	.asciz	"pSrcB"                         @ string offset=946
.Linfo_string68:
	.asciz	"pInA"                          @ string offset=952
.Linfo_string69:
	.asciz	"pInB"                          @ string offset=957
.Linfo_string70:
	.asciz	"pA"                            @ string offset=962
.Linfo_string71:
	.asciz	"pB"                            @ string offset=965
.Linfo_string72:
	.asciz	"pTmpBuffer"                    @ string offset=968
.Linfo_string73:
	.asciz	"result"                        @ string offset=979
.Linfo_string74:
	.asciz	"tmp"                           @ string offset=986
.Linfo_string75:
	.asciz	"maxValue"                      @ string offset=990
.Linfo_string76:
	.asciz	"newVal"                        @ string offset=999
.Linfo_string77:
	.asciz	"minValue"                      @ string offset=1006
.Linfo_string78:
	.asciz	"inA"                           @ string offset=1015
.Linfo_string79:
	.asciz	"inB"                           @ string offset=1019
.Linfo_string80:
	.asciz	"__x"                           @ string offset=1023
	.ident	"Component: Arm Compiler for Embedded 6.24 Tool: armclang [5f371800]"
	.section	".note.GNU-stack","",%progbits
	.eabi_attribute	30, 6	@ Tag_ABI_optimization_goals
	.ARM_attribute	16, 1	@ Tag_AV_eba
	.section	.debug_line,"",%progbits
.Lline_table_start0:
