	.text
	.syntax unified
	.eabi_attribute	67, "2.09"	@ Tag_conformance
	.cpu	cortex-m7
	.eabi_attribute	6, 13	@ Tag_CPU_arch
	.eabi_attribute	7, 77	@ Tag_CPU_arch_profile
	.eabi_attribute	8, 0	@ Tag_ARM_ISA_use
	.eabi_attribute	9, 2	@ Tag_THUMB_ISA_use
	.fpu	fpv5-d16
	.eabi_attribute	36, 1	@ Tag_FP_HP_extension
	.eabi_attribute	34, 1	@ Tag_CPU_unaligned_access
	.eabi_attribute	17, 1	@ Tag_ABI_PCS_GOT_use
	.eabi_attribute	20, 2	@ Tag_ABI_FP_denormal
	.eabi_attribute	21, 0	@ Tag_ABI_FP_exceptions
	.eabi_attribute	23, 1	@ Tag_ABI_FP_number_model
	.eabi_attribute	24, 1	@ Tag_ABI_align_needed
	.eabi_attribute	25, 1	@ Tag_ABI_align_preserved
	.eabi_attribute	28, 1	@ Tag_ABI_VFP_args
	.eabi_attribute	38, 1	@ Tag_ABI_FP_16bit_format
	.eabi_attribute	18, 2	@ Tag_ABI_PCS_wchar_t
	.eabi_attribute	26, 1	@ Tag_ABI_enum_size
	.eabi_attribute	14, 0	@ Tag_ABI_PCS_R9_use
	.file	"stm32h7xx_hal_timebase_tim.c"
	.file	1 "D:\\keil_1\\keil\\ARM\\ARMCLANG\\bin\\..\\include" "stdint.h"
	.file	2 "D:\\RM_projects\\h7_final_4\\MDK-ARM" "../Drivers/CMSIS/Device/ST/STM32H7xx/Include\\stm32h723xx.h"
	.file	3 "D:\\RM_projects\\h7_final_4\\MDK-ARM" "../Drivers/STM32H7xx_HAL_Driver/Inc\\stm32h7xx_hal_tim.h"
	.file	4 "D:\\RM_projects\\h7_final_4\\MDK-ARM" "../Drivers/STM32H7xx_HAL_Driver/Inc\\stm32h7xx_hal_dma.h"
	.file	5 "D:\\RM_projects\\h7_final_4\\MDK-ARM" "../Drivers/STM32H7xx_HAL_Driver/Inc\\stm32h7xx_hal_def.h"
	.file	6 "D:\\RM_projects\\h7_final_4\\MDK-ARM" "../Core/Src/stm32h7xx_hal_timebase_tim.c"
	.section	.text.HAL_InitTick,"ax",%progbits
	.hidden	HAL_InitTick                    @ -- Begin function HAL_InitTick
	.globl	HAL_InitTick
	.p2align	3
	.type	HAL_InitTick,%function
	.code	16                              @ @HAL_InitTick
	.thumb_func
HAL_InitTick:
.Lfunc_begin0:
	.loc	6 42 0                          @ ../Core/Src/stm32h7xx_hal_timebase_tim.c:42:0
	.fnstart
	.cfi_sections .debug_frame
	.cfi_startproc
@ %bb.0:
	.save	{r7, lr}
	push	{r7, lr}
	.cfi_def_cfa_offset 8
	.cfi_offset lr, -4
	.cfi_offset r7, -8
	.pad	#64
	sub	sp, #64
	.cfi_def_cfa_offset 72
	str	r0, [sp, #56]
.Ltmp0:
	.loc	6 49 7 prologue_end             @ ../Core/Src/stm32h7xx_hal_timebase_tim.c:49:7
	ldr	r0, [sp, #56]
.Ltmp1:
	.loc	6 49 7 is_stmt 0                @ ../Core/Src/stm32h7xx_hal_timebase_tim.c:49:7
	cmp	r0, #15
	bhi	.LBB0_2
	b	.LBB0_1
.LBB0_1:
.Ltmp2:
	.loc	6 51 38 is_stmt 1               @ ../Core/Src/stm32h7xx_hal_timebase_tim.c:51:38
	ldr	r1, [sp, #56]
	movs	r0, #28
	str	r0, [sp]                        @ 4-byte Spill
	movs	r2, #0
	.loc	6 51 6 is_stmt 0                @ ../Core/Src/stm32h7xx_hal_timebase_tim.c:51:6
	bl	HAL_NVIC_SetPriority
	ldr	r0, [sp]                        @ 4-byte Reload
	.loc	6 54 6 is_stmt 1                @ ../Core/Src/stm32h7xx_hal_timebase_tim.c:54:6
	bl	HAL_NVIC_EnableIRQ
	.loc	6 55 19                         @ ../Core/Src/stm32h7xx_hal_timebase_tim.c:55:19
	ldr	r0, [sp, #56]
	.loc	6 55 17 is_stmt 0               @ ../Core/Src/stm32h7xx_hal_timebase_tim.c:55:17
	movw	r1, :lower16:uwTickPrio
	movt	r1, :upper16:uwTickPrio
	str	r0, [r1]
	.loc	6 56 5 is_stmt 1                @ ../Core/Src/stm32h7xx_hal_timebase_tim.c:56:5
	b	.LBB0_3
.Ltmp3:
.LBB0_2:
	.loc	6 0 5 is_stmt 0                 @ ../Core/Src/stm32h7xx_hal_timebase_tim.c:0:5
	movs	r0, #1
.Ltmp4:
	.loc	6 59 5 is_stmt 1                @ ../Core/Src/stm32h7xx_hal_timebase_tim.c:59:5
	strb.w	r0, [sp, #63]
	b	.LBB0_11
.Ltmp5:
.LBB0_3:
	.loc	6 63 3                          @ ../Core/Src/stm32h7xx_hal_timebase_tim.c:63:3
	b	.LBB0_4
.LBB0_4:
	.loc	6 0 3 is_stmt 0                 @ ../Core/Src/stm32h7xx_hal_timebase_tim.c:0:3
	movw	r0, #17640
	movt	r0, #22530
.Ltmp6:
	.loc	6 63 3                          @ ../Core/Src/stm32h7xx_hal_timebase_tim.c:63:3
	ldr	r1, [r0]
	orr	r1, r1, #1
	str	r1, [r0]
	ldr	r0, [r0]
	and	r0, r0, #1
	str	r0, [sp, #4]
	ldr	r0, [sp, #4]
	b	.LBB0_5
.Ltmp7:
.LBB0_5:
	.loc	6 0 3                           @ ../Core/Src/stm32h7xx_hal_timebase_tim.c:0:3
	add	r0, sp, #24
	add	r1, sp, #8
	.loc	6 66 3 is_stmt 1                @ ../Core/Src/stm32h7xx_hal_timebase_tim.c:66:3
	bl	HAL_RCC_GetClockConfig
	.loc	6 69 31                         @ ../Core/Src/stm32h7xx_hal_timebase_tim.c:69:31
	ldr	r0, [sp, #44]
	.loc	6 69 19 is_stmt 0               @ ../Core/Src/stm32h7xx_hal_timebase_tim.c:69:19
	str	r0, [sp, #16]
.Ltmp8:
	.loc	6 71 7 is_stmt 1                @ ../Core/Src/stm32h7xx_hal_timebase_tim.c:71:7
	ldr	r0, [sp, #16]
.Ltmp9:
	.loc	6 71 7 is_stmt 0                @ ../Core/Src/stm32h7xx_hal_timebase_tim.c:71:7
	cbnz	r0, .LBB0_7
	b	.LBB0_6
.LBB0_6:
.Ltmp10:
	.loc	6 73 18 is_stmt 1               @ ../Core/Src/stm32h7xx_hal_timebase_tim.c:73:18
	bl	HAL_RCC_GetPCLK1Freq
	.loc	6 73 16 is_stmt 0               @ ../Core/Src/stm32h7xx_hal_timebase_tim.c:73:16
	str	r0, [sp, #20]
	.loc	6 74 3 is_stmt 1                @ ../Core/Src/stm32h7xx_hal_timebase_tim.c:74:3
	b	.LBB0_8
.Ltmp11:
.LBB0_7:
	.loc	6 77 24                         @ ../Core/Src/stm32h7xx_hal_timebase_tim.c:77:24
	bl	HAL_RCC_GetPCLK1Freq
	.loc	6 77 22 is_stmt 0               @ ../Core/Src/stm32h7xx_hal_timebase_tim.c:77:22
	lsls	r0, r0, #1
	.loc	6 77 16                         @ ../Core/Src/stm32h7xx_hal_timebase_tim.c:77:16
	str	r0, [sp, #20]
	b	.LBB0_8
.Ltmp12:
.LBB0_8:
	.loc	6 81 35 is_stmt 1               @ ../Core/Src/stm32h7xx_hal_timebase_tim.c:81:35
	ldr	r0, [sp, #20]
	movw	r1, #56963
	movt	r1, #17179
	.loc	6 81 46 is_stmt 0               @ ../Core/Src/stm32h7xx_hal_timebase_tim.c:81:46
	umull	r0, r1, r0, r1
	mov.w	r0, #-1
	.loc	6 81 58                         @ ../Core/Src/stm32h7xx_hal_timebase_tim.c:81:58
	add.w	r0, r0, r1, lsr #18
	.loc	6 81 20                         @ ../Core/Src/stm32h7xx_hal_timebase_tim.c:81:20
	str	r0, [sp, #12]
	.loc	6 84 18 is_stmt 1               @ ../Core/Src/stm32h7xx_hal_timebase_tim.c:84:18
	movw	r0, :lower16:htim2
	movt	r0, :upper16:htim2
	mov.w	r1, #1073741824
	str	r1, [r0]
	movw	r1, #999
	.loc	6 92 21                         @ ../Core/Src/stm32h7xx_hal_timebase_tim.c:92:21
	str	r1, [r0, #12]
	.loc	6 93 26                         @ ../Core/Src/stm32h7xx_hal_timebase_tim.c:93:26
	ldr	r1, [sp, #12]
	.loc	6 93 24 is_stmt 0               @ ../Core/Src/stm32h7xx_hal_timebase_tim.c:93:24
	str	r1, [r0, #4]
	movs	r1, #0
	.loc	6 94 28 is_stmt 1               @ ../Core/Src/stm32h7xx_hal_timebase_tim.c:94:28
	str	r1, [r0, #16]
	.loc	6 95 26                         @ ../Core/Src/stm32h7xx_hal_timebase_tim.c:95:26
	str	r1, [r0, #8]
.Ltmp13:
	.loc	6 97 6                          @ ../Core/Src/stm32h7xx_hal_timebase_tim.c:97:6
	bl	HAL_TIM_Base_Init
.Ltmp14:
	.loc	6 97 6 is_stmt 0                @ ../Core/Src/stm32h7xx_hal_timebase_tim.c:97:6
	cbnz	r0, .LBB0_10
	b	.LBB0_9
.LBB0_9:
.Ltmp15:
	.loc	6 101 12 is_stmt 1              @ ../Core/Src/stm32h7xx_hal_timebase_tim.c:101:12
	movw	r0, :lower16:htim2
	movt	r0, :upper16:htim2
	bl	HAL_TIM_Base_Start_IT
	.loc	6 101 5 is_stmt 0               @ ../Core/Src/stm32h7xx_hal_timebase_tim.c:101:5
	strb.w	r0, [sp, #63]
	b	.LBB0_11
.Ltmp16:
.LBB0_10:
	.loc	6 0 5                           @ ../Core/Src/stm32h7xx_hal_timebase_tim.c:0:5
	movs	r0, #1
	.loc	6 105 3 is_stmt 1               @ ../Core/Src/stm32h7xx_hal_timebase_tim.c:105:3
	strb.w	r0, [sp, #63]
	b	.LBB0_11
.LBB0_11:
	.loc	6 106 1                         @ ../Core/Src/stm32h7xx_hal_timebase_tim.c:106:1
	ldrb.w	r0, [sp, #63]
	.loc	6 106 1 epilogue_begin is_stmt 0 @ ../Core/Src/stm32h7xx_hal_timebase_tim.c:106:1
	add	sp, #64
	pop	{r7, pc}
.Ltmp17:
.Lfunc_end0:
	.size	HAL_InitTick, .Lfunc_end0-HAL_InitTick
	.cfi_endproc
	.cantunwind
	.fnend
                                        @ -- End function
	.section	.text.HAL_SuspendTick,"ax",%progbits
	.hidden	HAL_SuspendTick                 @ -- Begin function HAL_SuspendTick
	.globl	HAL_SuspendTick
	.p2align	3
	.type	HAL_SuspendTick,%function
	.code	16                              @ @HAL_SuspendTick
	.thumb_func
HAL_SuspendTick:
.Lfunc_begin1:
	.fnstart
	.cfi_startproc
@ %bb.0:
	.loc	6 117 3 prologue_end is_stmt 1  @ ../Core/Src/stm32h7xx_hal_timebase_tim.c:117:3
	movw	r0, :lower16:htim2
	movt	r0, :upper16:htim2
	ldr	r1, [r0]
	ldr	r0, [r1, #12]
	bic	r0, r0, #1
	str	r0, [r1, #12]
	.loc	6 118 1                         @ ../Core/Src/stm32h7xx_hal_timebase_tim.c:118:1
	bx	lr
.Ltmp18:
.Lfunc_end1:
	.size	HAL_SuspendTick, .Lfunc_end1-HAL_SuspendTick
	.cfi_endproc
	.cantunwind
	.fnend
                                        @ -- End function
	.section	.text.HAL_ResumeTick,"ax",%progbits
	.hidden	HAL_ResumeTick                  @ -- Begin function HAL_ResumeTick
	.globl	HAL_ResumeTick
	.p2align	3
	.type	HAL_ResumeTick,%function
	.code	16                              @ @HAL_ResumeTick
	.thumb_func
HAL_ResumeTick:
.Lfunc_begin2:
	.fnstart
	.cfi_startproc
@ %bb.0:
	.loc	6 129 3 prologue_end            @ ../Core/Src/stm32h7xx_hal_timebase_tim.c:129:3
	movw	r0, :lower16:htim2
	movt	r0, :upper16:htim2
	ldr	r1, [r0]
	ldr	r0, [r1, #12]
	orr	r0, r0, #1
	str	r0, [r1, #12]
	.loc	6 130 1                         @ ../Core/Src/stm32h7xx_hal_timebase_tim.c:130:1
	bx	lr
.Ltmp19:
.Lfunc_end2:
	.size	HAL_ResumeTick, .Lfunc_end2-HAL_ResumeTick
	.cfi_endproc
	.cantunwind
	.fnend
                                        @ -- End function
	.hidden	htim2                           @ @htim2
	.type	htim2,%object
	.section	.bss.htim2,"aw",%nobits
	.globl	htim2
	.p2align	2, 0x0
htim2:
	.zero	76
	.size	htim2, 76

	.file	7 "D:\\RM_projects\\h7_final_4\\MDK-ARM" "../Drivers/STM32H7xx_HAL_Driver/Inc\\stm32h7xx_hal_rcc.h"
	.section	.debug_abbrev,"",%progbits
	.byte	1                               @ Abbreviation Code
	.byte	17                              @ DW_TAG_compile_unit
	.byte	1                               @ DW_CHILDREN_yes
	.byte	37                              @ DW_AT_producer
	.byte	14                              @ DW_FORM_strp
	.byte	19                              @ DW_AT_language
	.byte	5                               @ DW_FORM_data2
	.byte	3                               @ DW_AT_name
	.byte	14                              @ DW_FORM_strp
	.byte	16                              @ DW_AT_stmt_list
	.byte	23                              @ DW_FORM_sec_offset
	.byte	27                              @ DW_AT_comp_dir
	.byte	14                              @ DW_FORM_strp
	.byte	17                              @ DW_AT_low_pc
	.byte	1                               @ DW_FORM_addr
	.byte	85                              @ DW_AT_ranges
	.byte	23                              @ DW_FORM_sec_offset
	.byte	0                               @ EOM(1)
	.byte	0                               @ EOM(2)
	.byte	2                               @ Abbreviation Code
	.byte	52                              @ DW_TAG_variable
	.byte	0                               @ DW_CHILDREN_no
	.byte	3                               @ DW_AT_name
	.byte	14                              @ DW_FORM_strp
	.byte	73                              @ DW_AT_type
	.byte	19                              @ DW_FORM_ref4
	.byte	63                              @ DW_AT_external
	.byte	25                              @ DW_FORM_flag_present
	.byte	58                              @ DW_AT_decl_file
	.byte	11                              @ DW_FORM_data1
	.byte	59                              @ DW_AT_decl_line
	.byte	11                              @ DW_FORM_data1
	.byte	2                               @ DW_AT_location
	.byte	24                              @ DW_FORM_exprloc
	.byte	0                               @ EOM(1)
	.byte	0                               @ EOM(2)
	.byte	3                               @ Abbreviation Code
	.byte	22                              @ DW_TAG_typedef
	.byte	0                               @ DW_CHILDREN_no
	.byte	73                              @ DW_AT_type
	.byte	19                              @ DW_FORM_ref4
	.byte	3                               @ DW_AT_name
	.byte	14                              @ DW_FORM_strp
	.byte	58                              @ DW_AT_decl_file
	.byte	11                              @ DW_FORM_data1
	.byte	59                              @ DW_AT_decl_line
	.byte	5                               @ DW_FORM_data2
	.byte	0                               @ EOM(1)
	.byte	0                               @ EOM(2)
	.byte	4                               @ Abbreviation Code
	.byte	19                              @ DW_TAG_structure_type
	.byte	1                               @ DW_CHILDREN_yes
	.byte	11                              @ DW_AT_byte_size
	.byte	11                              @ DW_FORM_data1
	.byte	58                              @ DW_AT_decl_file
	.byte	11                              @ DW_FORM_data1
	.byte	59                              @ DW_AT_decl_line
	.byte	5                               @ DW_FORM_data2
	.byte	0                               @ EOM(1)
	.byte	0                               @ EOM(2)
	.byte	5                               @ Abbreviation Code
	.byte	13                              @ DW_TAG_member
	.byte	0                               @ DW_CHILDREN_no
	.byte	3                               @ DW_AT_name
	.byte	14                              @ DW_FORM_strp
	.byte	73                              @ DW_AT_type
	.byte	19                              @ DW_FORM_ref4
	.byte	58                              @ DW_AT_decl_file
	.byte	11                              @ DW_FORM_data1
	.byte	59                              @ DW_AT_decl_line
	.byte	5                               @ DW_FORM_data2
	.byte	56                              @ DW_AT_data_member_location
	.byte	11                              @ DW_FORM_data1
	.byte	0                               @ EOM(1)
	.byte	0                               @ EOM(2)
	.byte	6                               @ Abbreviation Code
	.byte	15                              @ DW_TAG_pointer_type
	.byte	0                               @ DW_CHILDREN_no
	.byte	73                              @ DW_AT_type
	.byte	19                              @ DW_FORM_ref4
	.byte	0                               @ EOM(1)
	.byte	0                               @ EOM(2)
	.byte	7                               @ Abbreviation Code
	.byte	53                              @ DW_TAG_volatile_type
	.byte	0                               @ DW_CHILDREN_no
	.byte	73                              @ DW_AT_type
	.byte	19                              @ DW_FORM_ref4
	.byte	0                               @ EOM(1)
	.byte	0                               @ EOM(2)
	.byte	8                               @ Abbreviation Code
	.byte	22                              @ DW_TAG_typedef
	.byte	0                               @ DW_CHILDREN_no
	.byte	73                              @ DW_AT_type
	.byte	19                              @ DW_FORM_ref4
	.byte	3                               @ DW_AT_name
	.byte	14                              @ DW_FORM_strp
	.byte	58                              @ DW_AT_decl_file
	.byte	11                              @ DW_FORM_data1
	.byte	59                              @ DW_AT_decl_line
	.byte	11                              @ DW_FORM_data1
	.byte	0                               @ EOM(1)
	.byte	0                               @ EOM(2)
	.byte	9                               @ Abbreviation Code
	.byte	36                              @ DW_TAG_base_type
	.byte	0                               @ DW_CHILDREN_no
	.byte	3                               @ DW_AT_name
	.byte	14                              @ DW_FORM_strp
	.byte	62                              @ DW_AT_encoding
	.byte	11                              @ DW_FORM_data1
	.byte	11                              @ DW_AT_byte_size
	.byte	11                              @ DW_FORM_data1
	.byte	0                               @ EOM(1)
	.byte	0                               @ EOM(2)
	.byte	10                              @ Abbreviation Code
	.byte	19                              @ DW_TAG_structure_type
	.byte	1                               @ DW_CHILDREN_yes
	.byte	11                              @ DW_AT_byte_size
	.byte	11                              @ DW_FORM_data1
	.byte	58                              @ DW_AT_decl_file
	.byte	11                              @ DW_FORM_data1
	.byte	59                              @ DW_AT_decl_line
	.byte	11                              @ DW_FORM_data1
	.byte	0                               @ EOM(1)
	.byte	0                               @ EOM(2)
	.byte	11                              @ Abbreviation Code
	.byte	13                              @ DW_TAG_member
	.byte	0                               @ DW_CHILDREN_no
	.byte	3                               @ DW_AT_name
	.byte	14                              @ DW_FORM_strp
	.byte	73                              @ DW_AT_type
	.byte	19                              @ DW_FORM_ref4
	.byte	58                              @ DW_AT_decl_file
	.byte	11                              @ DW_FORM_data1
	.byte	59                              @ DW_AT_decl_line
	.byte	11                              @ DW_FORM_data1
	.byte	56                              @ DW_AT_data_member_location
	.byte	11                              @ DW_FORM_data1
	.byte	0                               @ EOM(1)
	.byte	0                               @ EOM(2)
	.byte	12                              @ Abbreviation Code
	.byte	4                               @ DW_TAG_enumeration_type
	.byte	1                               @ DW_CHILDREN_yes
	.byte	73                              @ DW_AT_type
	.byte	19                              @ DW_FORM_ref4
	.byte	11                              @ DW_AT_byte_size
	.byte	11                              @ DW_FORM_data1
	.byte	58                              @ DW_AT_decl_file
	.byte	11                              @ DW_FORM_data1
	.byte	59                              @ DW_AT_decl_line
	.byte	5                               @ DW_FORM_data2
	.byte	0                               @ EOM(1)
	.byte	0                               @ EOM(2)
	.byte	13                              @ Abbreviation Code
	.byte	40                              @ DW_TAG_enumerator
	.byte	0                               @ DW_CHILDREN_no
	.byte	3                               @ DW_AT_name
	.byte	14                              @ DW_FORM_strp
	.byte	28                              @ DW_AT_const_value
	.byte	15                              @ DW_FORM_udata
	.byte	0                               @ EOM(1)
	.byte	0                               @ EOM(2)
	.byte	14                              @ Abbreviation Code
	.byte	1                               @ DW_TAG_array_type
	.byte	1                               @ DW_CHILDREN_yes
	.byte	73                              @ DW_AT_type
	.byte	19                              @ DW_FORM_ref4
	.byte	0                               @ EOM(1)
	.byte	0                               @ EOM(2)
	.byte	15                              @ Abbreviation Code
	.byte	33                              @ DW_TAG_subrange_type
	.byte	0                               @ DW_CHILDREN_no
	.byte	73                              @ DW_AT_type
	.byte	19                              @ DW_FORM_ref4
	.byte	55                              @ DW_AT_count
	.byte	11                              @ DW_FORM_data1
	.byte	0                               @ EOM(1)
	.byte	0                               @ EOM(2)
	.byte	16                              @ Abbreviation Code
	.byte	19                              @ DW_TAG_structure_type
	.byte	1                               @ DW_CHILDREN_yes
	.byte	3                               @ DW_AT_name
	.byte	14                              @ DW_FORM_strp
	.byte	11                              @ DW_AT_byte_size
	.byte	11                              @ DW_FORM_data1
	.byte	58                              @ DW_AT_decl_file
	.byte	11                              @ DW_FORM_data1
	.byte	59                              @ DW_AT_decl_line
	.byte	11                              @ DW_FORM_data1
	.byte	0                               @ EOM(1)
	.byte	0                               @ EOM(2)
	.byte	17                              @ Abbreviation Code
	.byte	15                              @ DW_TAG_pointer_type
	.byte	0                               @ DW_CHILDREN_no
	.byte	0                               @ EOM(1)
	.byte	0                               @ EOM(2)
	.byte	18                              @ Abbreviation Code
	.byte	4                               @ DW_TAG_enumeration_type
	.byte	1                               @ DW_CHILDREN_yes
	.byte	73                              @ DW_AT_type
	.byte	19                              @ DW_FORM_ref4
	.byte	11                              @ DW_AT_byte_size
	.byte	11                              @ DW_FORM_data1
	.byte	58                              @ DW_AT_decl_file
	.byte	11                              @ DW_FORM_data1
	.byte	59                              @ DW_AT_decl_line
	.byte	11                              @ DW_FORM_data1
	.byte	0                               @ EOM(1)
	.byte	0                               @ EOM(2)
	.byte	19                              @ Abbreviation Code
	.byte	21                              @ DW_TAG_subroutine_type
	.byte	1                               @ DW_CHILDREN_yes
	.byte	39                              @ DW_AT_prototyped
	.byte	25                              @ DW_FORM_flag_present
	.byte	0                               @ EOM(1)
	.byte	0                               @ EOM(2)
	.byte	20                              @ Abbreviation Code
	.byte	5                               @ DW_TAG_formal_parameter
	.byte	0                               @ DW_CHILDREN_no
	.byte	73                              @ DW_AT_type
	.byte	19                              @ DW_FORM_ref4
	.byte	0                               @ EOM(1)
	.byte	0                               @ EOM(2)
	.byte	21                              @ Abbreviation Code
	.byte	36                              @ DW_TAG_base_type
	.byte	0                               @ DW_CHILDREN_no
	.byte	3                               @ DW_AT_name
	.byte	14                              @ DW_FORM_strp
	.byte	11                              @ DW_AT_byte_size
	.byte	11                              @ DW_FORM_data1
	.byte	62                              @ DW_AT_encoding
	.byte	11                              @ DW_FORM_data1
	.byte	0                               @ EOM(1)
	.byte	0                               @ EOM(2)
	.byte	22                              @ Abbreviation Code
	.byte	40                              @ DW_TAG_enumerator
	.byte	0                               @ DW_CHILDREN_no
	.byte	3                               @ DW_AT_name
	.byte	14                              @ DW_FORM_strp
	.byte	28                              @ DW_AT_const_value
	.byte	13                              @ DW_FORM_sdata
	.byte	0                               @ EOM(1)
	.byte	0                               @ EOM(2)
	.byte	23                              @ Abbreviation Code
	.byte	19                              @ DW_TAG_structure_type
	.byte	1                               @ DW_CHILDREN_yes
	.byte	11                              @ DW_AT_byte_size
	.byte	5                               @ DW_FORM_data2
	.byte	58                              @ DW_AT_decl_file
	.byte	11                              @ DW_FORM_data1
	.byte	59                              @ DW_AT_decl_line
	.byte	5                               @ DW_FORM_data2
	.byte	0                               @ EOM(1)
	.byte	0                               @ EOM(2)
	.byte	24                              @ Abbreviation Code
	.byte	13                              @ DW_TAG_member
	.byte	0                               @ DW_CHILDREN_no
	.byte	3                               @ DW_AT_name
	.byte	14                              @ DW_FORM_strp
	.byte	73                              @ DW_AT_type
	.byte	19                              @ DW_FORM_ref4
	.byte	58                              @ DW_AT_decl_file
	.byte	11                              @ DW_FORM_data1
	.byte	59                              @ DW_AT_decl_line
	.byte	5                               @ DW_FORM_data2
	.byte	56                              @ DW_AT_data_member_location
	.byte	5                               @ DW_FORM_data2
	.byte	0                               @ EOM(1)
	.byte	0                               @ EOM(2)
	.byte	25                              @ Abbreviation Code
	.byte	46                              @ DW_TAG_subprogram
	.byte	1                               @ DW_CHILDREN_yes
	.byte	17                              @ DW_AT_low_pc
	.byte	1                               @ DW_FORM_addr
	.byte	18                              @ DW_AT_high_pc
	.byte	6                               @ DW_FORM_data4
	.byte	64                              @ DW_AT_frame_base
	.byte	24                              @ DW_FORM_exprloc
	.byte	3                               @ DW_AT_name
	.byte	14                              @ DW_FORM_strp
	.byte	58                              @ DW_AT_decl_file
	.byte	11                              @ DW_FORM_data1
	.byte	59                              @ DW_AT_decl_line
	.byte	11                              @ DW_FORM_data1
	.byte	39                              @ DW_AT_prototyped
	.byte	25                              @ DW_FORM_flag_present
	.byte	73                              @ DW_AT_type
	.byte	19                              @ DW_FORM_ref4
	.byte	63                              @ DW_AT_external
	.byte	25                              @ DW_FORM_flag_present
	.byte	0                               @ EOM(1)
	.byte	0                               @ EOM(2)
	.byte	26                              @ Abbreviation Code
	.byte	5                               @ DW_TAG_formal_parameter
	.byte	0                               @ DW_CHILDREN_no
	.byte	2                               @ DW_AT_location
	.byte	24                              @ DW_FORM_exprloc
	.byte	3                               @ DW_AT_name
	.byte	14                              @ DW_FORM_strp
	.byte	58                              @ DW_AT_decl_file
	.byte	11                              @ DW_FORM_data1
	.byte	59                              @ DW_AT_decl_line
	.byte	11                              @ DW_FORM_data1
	.byte	73                              @ DW_AT_type
	.byte	19                              @ DW_FORM_ref4
	.byte	0                               @ EOM(1)
	.byte	0                               @ EOM(2)
	.byte	27                              @ Abbreviation Code
	.byte	52                              @ DW_TAG_variable
	.byte	0                               @ DW_CHILDREN_no
	.byte	2                               @ DW_AT_location
	.byte	24                              @ DW_FORM_exprloc
	.byte	3                               @ DW_AT_name
	.byte	14                              @ DW_FORM_strp
	.byte	58                              @ DW_AT_decl_file
	.byte	11                              @ DW_FORM_data1
	.byte	59                              @ DW_AT_decl_line
	.byte	11                              @ DW_FORM_data1
	.byte	73                              @ DW_AT_type
	.byte	19                              @ DW_FORM_ref4
	.byte	0                               @ EOM(1)
	.byte	0                               @ EOM(2)
	.byte	28                              @ Abbreviation Code
	.byte	11                              @ DW_TAG_lexical_block
	.byte	1                               @ DW_CHILDREN_yes
	.byte	17                              @ DW_AT_low_pc
	.byte	1                               @ DW_FORM_addr
	.byte	18                              @ DW_AT_high_pc
	.byte	6                               @ DW_FORM_data4
	.byte	0                               @ EOM(1)
	.byte	0                               @ EOM(2)
	.byte	29                              @ Abbreviation Code
	.byte	46                              @ DW_TAG_subprogram
	.byte	0                               @ DW_CHILDREN_no
	.byte	17                              @ DW_AT_low_pc
	.byte	1                               @ DW_FORM_addr
	.byte	18                              @ DW_AT_high_pc
	.byte	6                               @ DW_FORM_data4
	.byte	64                              @ DW_AT_frame_base
	.byte	24                              @ DW_FORM_exprloc
	.byte	3                               @ DW_AT_name
	.byte	14                              @ DW_FORM_strp
	.byte	58                              @ DW_AT_decl_file
	.byte	11                              @ DW_FORM_data1
	.byte	59                              @ DW_AT_decl_line
	.byte	11                              @ DW_FORM_data1
	.byte	39                              @ DW_AT_prototyped
	.byte	25                              @ DW_FORM_flag_present
	.byte	63                              @ DW_AT_external
	.byte	25                              @ DW_FORM_flag_present
	.byte	0                               @ EOM(1)
	.byte	0                               @ EOM(2)
	.byte	0                               @ EOM(3)
	.section	.debug_info,"",%progbits
.Lcu_begin0:
	.long	.Ldebug_info_end0-.Ldebug_info_start0 @ Length of Unit
.Ldebug_info_start0:
	.short	4                               @ DWARF version number
	.long	.debug_abbrev                   @ Offset Into Abbrev. Section
	.byte	4                               @ Address Size (in bytes)
	.byte	1                               @ Abbrev [1] 0xb:0xee6 DW_TAG_compile_unit
	.long	.Linfo_string0                  @ DW_AT_producer
	.short	12                              @ DW_AT_language
	.long	.Linfo_string1                  @ DW_AT_name
	.long	.Lline_table_start0             @ DW_AT_stmt_list
	.long	.Linfo_string2                  @ DW_AT_comp_dir
	.long	0                               @ DW_AT_low_pc
	.long	.Ldebug_ranges0                 @ DW_AT_ranges
	.byte	2                               @ Abbrev [2] 0x26:0x11 DW_TAG_variable
	.long	.Linfo_string3                  @ DW_AT_name
	.long	55                              @ DW_AT_type
                                        @ DW_AT_external
	.byte	6                               @ DW_AT_decl_file
	.byte	28                              @ DW_AT_decl_line
	.byte	5                               @ DW_AT_location
	.byte	3
	.long	htim2
	.byte	3                               @ Abbrev [3] 0x37:0xc DW_TAG_typedef
	.long	67                              @ DW_AT_type
	.long	.Linfo_string124                @ DW_AT_name
	.byte	3                               @ DW_AT_decl_file
	.short	401                             @ DW_AT_decl_line
	.byte	4                               @ Abbrev [4] 0x43:0x7b DW_TAG_structure_type
	.byte	76                              @ DW_AT_byte_size
	.byte	3                               @ DW_AT_decl_file
	.short	357                             @ DW_AT_decl_line
	.byte	5                               @ Abbrev [5] 0x48:0xd DW_TAG_member
	.long	.Linfo_string4                  @ DW_AT_name
	.long	190                             @ DW_AT_type
	.byte	3                               @ DW_AT_decl_file
	.short	360                             @ DW_AT_decl_line
	.byte	0                               @ DW_AT_data_member_location
	.byte	5                               @ Abbrev [5] 0x55:0xd DW_TAG_member
	.long	.Linfo_string35                 @ DW_AT_name
	.long	587                             @ DW_AT_type
	.byte	3                               @ DW_AT_decl_file
	.short	361                             @ DW_AT_decl_line
	.byte	4                               @ DW_AT_data_member_location
	.byte	5                               @ Abbrev [5] 0x62:0xd DW_TAG_member
	.long	.Linfo_string43                 @ DW_AT_name
	.long	675                             @ DW_AT_type
	.byte	3                               @ DW_AT_decl_file
	.short	362                             @ DW_AT_decl_line
	.byte	28                              @ DW_AT_data_member_location
	.byte	5                               @ Abbrev [5] 0x6f:0xd DW_TAG_member
	.long	.Linfo_string53                 @ DW_AT_name
	.long	746                             @ DW_AT_type
	.byte	3                               @ DW_AT_decl_file
	.short	363                             @ DW_AT_decl_line
	.byte	32                              @ DW_AT_data_member_location
	.byte	5                               @ Abbrev [5] 0x7c:0xd DW_TAG_member
	.long	.Linfo_string67                 @ DW_AT_name
	.long	1184                            @ DW_AT_type
	.byte	3                               @ DW_AT_decl_file
	.short	365                             @ DW_AT_decl_line
	.byte	60                              @ DW_AT_data_member_location
	.byte	5                               @ Abbrev [5] 0x89:0xd DW_TAG_member
	.long	.Linfo_string71                 @ DW_AT_name
	.long	1465                            @ DW_AT_type
	.byte	3                               @ DW_AT_decl_file
	.short	366                             @ DW_AT_decl_line
	.byte	61                              @ DW_AT_data_member_location
	.byte	5                               @ Abbrev [5] 0x96:0xd DW_TAG_member
	.long	.Linfo_string113                @ DW_AT_name
	.long	1522                            @ DW_AT_type
	.byte	3                               @ DW_AT_decl_file
	.short	367                             @ DW_AT_decl_line
	.byte	62                              @ DW_AT_data_member_location
	.byte	5                               @ Abbrev [5] 0xa3:0xd DW_TAG_member
	.long	.Linfo_string118                @ DW_AT_name
	.long	1579                            @ DW_AT_type
	.byte	3                               @ DW_AT_decl_file
	.short	368                             @ DW_AT_decl_line
	.byte	68                              @ DW_AT_data_member_location
	.byte	5                               @ Abbrev [5] 0xb0:0xd DW_TAG_member
	.long	.Linfo_string119                @ DW_AT_name
	.long	1591                            @ DW_AT_type
	.byte	3                               @ DW_AT_decl_file
	.short	369                             @ DW_AT_decl_line
	.byte	72                              @ DW_AT_data_member_location
	.byte	0                               @ End Of Children Mark
	.byte	6                               @ Abbrev [6] 0xbe:0x5 DW_TAG_pointer_type
	.long	195                             @ DW_AT_type
	.byte	3                               @ Abbrev [3] 0xc3:0xc DW_TAG_typedef
	.long	207                             @ DW_AT_type
	.long	.Linfo_string34                 @ DW_AT_name
	.byte	2                               @ DW_AT_decl_file
	.short	1553                            @ DW_AT_decl_line
	.byte	4                               @ Abbrev [4] 0xcf:0x165 DW_TAG_structure_type
	.byte	108                             @ DW_AT_byte_size
	.byte	2                               @ DW_AT_decl_file
	.short	1524                            @ DW_AT_decl_line
	.byte	5                               @ Abbrev [5] 0xd4:0xd DW_TAG_member
	.long	.Linfo_string5                  @ DW_AT_name
	.long	564                             @ DW_AT_type
	.byte	2                               @ DW_AT_decl_file
	.short	1526                            @ DW_AT_decl_line
	.byte	0                               @ DW_AT_data_member_location
	.byte	5                               @ Abbrev [5] 0xe1:0xd DW_TAG_member
	.long	.Linfo_string8                  @ DW_AT_name
	.long	564                             @ DW_AT_type
	.byte	2                               @ DW_AT_decl_file
	.short	1527                            @ DW_AT_decl_line
	.byte	4                               @ DW_AT_data_member_location
	.byte	5                               @ Abbrev [5] 0xee:0xd DW_TAG_member
	.long	.Linfo_string9                  @ DW_AT_name
	.long	564                             @ DW_AT_type
	.byte	2                               @ DW_AT_decl_file
	.short	1528                            @ DW_AT_decl_line
	.byte	8                               @ DW_AT_data_member_location
	.byte	5                               @ Abbrev [5] 0xfb:0xd DW_TAG_member
	.long	.Linfo_string10                 @ DW_AT_name
	.long	564                             @ DW_AT_type
	.byte	2                               @ DW_AT_decl_file
	.short	1529                            @ DW_AT_decl_line
	.byte	12                              @ DW_AT_data_member_location
	.byte	5                               @ Abbrev [5] 0x108:0xd DW_TAG_member
	.long	.Linfo_string11                 @ DW_AT_name
	.long	564                             @ DW_AT_type
	.byte	2                               @ DW_AT_decl_file
	.short	1530                            @ DW_AT_decl_line
	.byte	16                              @ DW_AT_data_member_location
	.byte	5                               @ Abbrev [5] 0x115:0xd DW_TAG_member
	.long	.Linfo_string12                 @ DW_AT_name
	.long	564                             @ DW_AT_type
	.byte	2                               @ DW_AT_decl_file
	.short	1531                            @ DW_AT_decl_line
	.byte	20                              @ DW_AT_data_member_location
	.byte	5                               @ Abbrev [5] 0x122:0xd DW_TAG_member
	.long	.Linfo_string13                 @ DW_AT_name
	.long	564                             @ DW_AT_type
	.byte	2                               @ DW_AT_decl_file
	.short	1532                            @ DW_AT_decl_line
	.byte	24                              @ DW_AT_data_member_location
	.byte	5                               @ Abbrev [5] 0x12f:0xd DW_TAG_member
	.long	.Linfo_string14                 @ DW_AT_name
	.long	564                             @ DW_AT_type
	.byte	2                               @ DW_AT_decl_file
	.short	1533                            @ DW_AT_decl_line
	.byte	28                              @ DW_AT_data_member_location
	.byte	5                               @ Abbrev [5] 0x13c:0xd DW_TAG_member
	.long	.Linfo_string15                 @ DW_AT_name
	.long	564                             @ DW_AT_type
	.byte	2                               @ DW_AT_decl_file
	.short	1534                            @ DW_AT_decl_line
	.byte	32                              @ DW_AT_data_member_location
	.byte	5                               @ Abbrev [5] 0x149:0xd DW_TAG_member
	.long	.Linfo_string16                 @ DW_AT_name
	.long	564                             @ DW_AT_type
	.byte	2                               @ DW_AT_decl_file
	.short	1535                            @ DW_AT_decl_line
	.byte	36                              @ DW_AT_data_member_location
	.byte	5                               @ Abbrev [5] 0x156:0xd DW_TAG_member
	.long	.Linfo_string17                 @ DW_AT_name
	.long	564                             @ DW_AT_type
	.byte	2                               @ DW_AT_decl_file
	.short	1536                            @ DW_AT_decl_line
	.byte	40                              @ DW_AT_data_member_location
	.byte	5                               @ Abbrev [5] 0x163:0xd DW_TAG_member
	.long	.Linfo_string18                 @ DW_AT_name
	.long	564                             @ DW_AT_type
	.byte	2                               @ DW_AT_decl_file
	.short	1537                            @ DW_AT_decl_line
	.byte	44                              @ DW_AT_data_member_location
	.byte	5                               @ Abbrev [5] 0x170:0xd DW_TAG_member
	.long	.Linfo_string19                 @ DW_AT_name
	.long	564                             @ DW_AT_type
	.byte	2                               @ DW_AT_decl_file
	.short	1538                            @ DW_AT_decl_line
	.byte	48                              @ DW_AT_data_member_location
	.byte	5                               @ Abbrev [5] 0x17d:0xd DW_TAG_member
	.long	.Linfo_string20                 @ DW_AT_name
	.long	564                             @ DW_AT_type
	.byte	2                               @ DW_AT_decl_file
	.short	1539                            @ DW_AT_decl_line
	.byte	52                              @ DW_AT_data_member_location
	.byte	5                               @ Abbrev [5] 0x18a:0xd DW_TAG_member
	.long	.Linfo_string21                 @ DW_AT_name
	.long	564                             @ DW_AT_type
	.byte	2                               @ DW_AT_decl_file
	.short	1540                            @ DW_AT_decl_line
	.byte	56                              @ DW_AT_data_member_location
	.byte	5                               @ Abbrev [5] 0x197:0xd DW_TAG_member
	.long	.Linfo_string22                 @ DW_AT_name
	.long	564                             @ DW_AT_type
	.byte	2                               @ DW_AT_decl_file
	.short	1541                            @ DW_AT_decl_line
	.byte	60                              @ DW_AT_data_member_location
	.byte	5                               @ Abbrev [5] 0x1a4:0xd DW_TAG_member
	.long	.Linfo_string23                 @ DW_AT_name
	.long	564                             @ DW_AT_type
	.byte	2                               @ DW_AT_decl_file
	.short	1542                            @ DW_AT_decl_line
	.byte	64                              @ DW_AT_data_member_location
	.byte	5                               @ Abbrev [5] 0x1b1:0xd DW_TAG_member
	.long	.Linfo_string24                 @ DW_AT_name
	.long	564                             @ DW_AT_type
	.byte	2                               @ DW_AT_decl_file
	.short	1543                            @ DW_AT_decl_line
	.byte	68                              @ DW_AT_data_member_location
	.byte	5                               @ Abbrev [5] 0x1be:0xd DW_TAG_member
	.long	.Linfo_string25                 @ DW_AT_name
	.long	564                             @ DW_AT_type
	.byte	2                               @ DW_AT_decl_file
	.short	1544                            @ DW_AT_decl_line
	.byte	72                              @ DW_AT_data_member_location
	.byte	5                               @ Abbrev [5] 0x1cb:0xd DW_TAG_member
	.long	.Linfo_string26                 @ DW_AT_name
	.long	564                             @ DW_AT_type
	.byte	2                               @ DW_AT_decl_file
	.short	1545                            @ DW_AT_decl_line
	.byte	76                              @ DW_AT_data_member_location
	.byte	5                               @ Abbrev [5] 0x1d8:0xd DW_TAG_member
	.long	.Linfo_string27                 @ DW_AT_name
	.long	569                             @ DW_AT_type
	.byte	2                               @ DW_AT_decl_file
	.short	1546                            @ DW_AT_decl_line
	.byte	80                              @ DW_AT_data_member_location
	.byte	5                               @ Abbrev [5] 0x1e5:0xd DW_TAG_member
	.long	.Linfo_string28                 @ DW_AT_name
	.long	564                             @ DW_AT_type
	.byte	2                               @ DW_AT_decl_file
	.short	1547                            @ DW_AT_decl_line
	.byte	84                              @ DW_AT_data_member_location
	.byte	5                               @ Abbrev [5] 0x1f2:0xd DW_TAG_member
	.long	.Linfo_string29                 @ DW_AT_name
	.long	564                             @ DW_AT_type
	.byte	2                               @ DW_AT_decl_file
	.short	1548                            @ DW_AT_decl_line
	.byte	88                              @ DW_AT_data_member_location
	.byte	5                               @ Abbrev [5] 0x1ff:0xd DW_TAG_member
	.long	.Linfo_string30                 @ DW_AT_name
	.long	564                             @ DW_AT_type
	.byte	2                               @ DW_AT_decl_file
	.short	1549                            @ DW_AT_decl_line
	.byte	92                              @ DW_AT_data_member_location
	.byte	5                               @ Abbrev [5] 0x20c:0xd DW_TAG_member
	.long	.Linfo_string31                 @ DW_AT_name
	.long	564                             @ DW_AT_type
	.byte	2                               @ DW_AT_decl_file
	.short	1550                            @ DW_AT_decl_line
	.byte	96                              @ DW_AT_data_member_location
	.byte	5                               @ Abbrev [5] 0x219:0xd DW_TAG_member
	.long	.Linfo_string32                 @ DW_AT_name
	.long	564                             @ DW_AT_type
	.byte	2                               @ DW_AT_decl_file
	.short	1551                            @ DW_AT_decl_line
	.byte	100                             @ DW_AT_data_member_location
	.byte	5                               @ Abbrev [5] 0x226:0xd DW_TAG_member
	.long	.Linfo_string33                 @ DW_AT_name
	.long	564                             @ DW_AT_type
	.byte	2                               @ DW_AT_decl_file
	.short	1552                            @ DW_AT_decl_line
	.byte	104                             @ DW_AT_data_member_location
	.byte	0                               @ End Of Children Mark
	.byte	7                               @ Abbrev [7] 0x234:0x5 DW_TAG_volatile_type
	.long	569                             @ DW_AT_type
	.byte	8                               @ Abbrev [8] 0x239:0xb DW_TAG_typedef
	.long	580                             @ DW_AT_type
	.long	.Linfo_string7                  @ DW_AT_name
	.byte	1                               @ DW_AT_decl_file
	.byte	64                              @ DW_AT_decl_line
	.byte	9                               @ Abbrev [9] 0x244:0x7 DW_TAG_base_type
	.long	.Linfo_string6                  @ DW_AT_name
	.byte	7                               @ DW_AT_encoding
	.byte	4                               @ DW_AT_byte_size
	.byte	8                               @ Abbrev [8] 0x24b:0xb DW_TAG_typedef
	.long	598                             @ DW_AT_type
	.long	.Linfo_string42                 @ DW_AT_name
	.byte	3                               @ DW_AT_decl_file
	.byte	74                              @ DW_AT_decl_line
	.byte	10                              @ Abbrev [10] 0x256:0x4d DW_TAG_structure_type
	.byte	24                              @ DW_AT_byte_size
	.byte	3                               @ DW_AT_decl_file
	.byte	46                              @ DW_AT_decl_line
	.byte	11                              @ Abbrev [11] 0x25a:0xc DW_TAG_member
	.long	.Linfo_string36                 @ DW_AT_name
	.long	569                             @ DW_AT_type
	.byte	3                               @ DW_AT_decl_file
	.byte	48                              @ DW_AT_decl_line
	.byte	0                               @ DW_AT_data_member_location
	.byte	11                              @ Abbrev [11] 0x266:0xc DW_TAG_member
	.long	.Linfo_string37                 @ DW_AT_name
	.long	569                             @ DW_AT_type
	.byte	3                               @ DW_AT_decl_file
	.byte	51                              @ DW_AT_decl_line
	.byte	4                               @ DW_AT_data_member_location
	.byte	11                              @ Abbrev [11] 0x272:0xc DW_TAG_member
	.long	.Linfo_string38                 @ DW_AT_name
	.long	569                             @ DW_AT_type
	.byte	3                               @ DW_AT_decl_file
	.byte	54                              @ DW_AT_decl_line
	.byte	8                               @ DW_AT_data_member_location
	.byte	11                              @ Abbrev [11] 0x27e:0xc DW_TAG_member
	.long	.Linfo_string39                 @ DW_AT_name
	.long	569                             @ DW_AT_type
	.byte	3                               @ DW_AT_decl_file
	.byte	58                              @ DW_AT_decl_line
	.byte	12                              @ DW_AT_data_member_location
	.byte	11                              @ Abbrev [11] 0x28a:0xc DW_TAG_member
	.long	.Linfo_string40                 @ DW_AT_name
	.long	569                             @ DW_AT_type
	.byte	3                               @ DW_AT_decl_file
	.byte	61                              @ DW_AT_decl_line
	.byte	16                              @ DW_AT_data_member_location
	.byte	11                              @ Abbrev [11] 0x296:0xc DW_TAG_member
	.long	.Linfo_string41                 @ DW_AT_name
	.long	569                             @ DW_AT_type
	.byte	3                               @ DW_AT_decl_file
	.byte	72                              @ DW_AT_decl_line
	.byte	20                              @ DW_AT_data_member_location
	.byte	0                               @ End Of Children Mark
	.byte	3                               @ Abbrev [3] 0x2a3:0xc DW_TAG_typedef
	.long	687                             @ DW_AT_type
	.long	.Linfo_string52                 @ DW_AT_name
	.byte	3                               @ DW_AT_decl_file
	.short	349                             @ DW_AT_decl_line
	.byte	12                              @ Abbrev [12] 0x2af:0x34 DW_TAG_enumeration_type
	.long	739                             @ DW_AT_type
	.byte	1                               @ DW_AT_byte_size
	.byte	3                               @ DW_AT_decl_file
	.short	340                             @ DW_AT_decl_line
	.byte	13                              @ Abbrev [13] 0x2b8:0x6 DW_TAG_enumerator
	.long	.Linfo_string45                 @ DW_AT_name
	.byte	1                               @ DW_AT_const_value
	.byte	13                              @ Abbrev [13] 0x2be:0x6 DW_TAG_enumerator
	.long	.Linfo_string46                 @ DW_AT_name
	.byte	2                               @ DW_AT_const_value
	.byte	13                              @ Abbrev [13] 0x2c4:0x6 DW_TAG_enumerator
	.long	.Linfo_string47                 @ DW_AT_name
	.byte	4                               @ DW_AT_const_value
	.byte	13                              @ Abbrev [13] 0x2ca:0x6 DW_TAG_enumerator
	.long	.Linfo_string48                 @ DW_AT_name
	.byte	8                               @ DW_AT_const_value
	.byte	13                              @ Abbrev [13] 0x2d0:0x6 DW_TAG_enumerator
	.long	.Linfo_string49                 @ DW_AT_name
	.byte	16                              @ DW_AT_const_value
	.byte	13                              @ Abbrev [13] 0x2d6:0x6 DW_TAG_enumerator
	.long	.Linfo_string50                 @ DW_AT_name
	.byte	32                              @ DW_AT_const_value
	.byte	13                              @ Abbrev [13] 0x2dc:0x6 DW_TAG_enumerator
	.long	.Linfo_string51                 @ DW_AT_name
	.byte	0                               @ DW_AT_const_value
	.byte	0                               @ End Of Children Mark
	.byte	9                               @ Abbrev [9] 0x2e3:0x7 DW_TAG_base_type
	.long	.Linfo_string44                 @ DW_AT_name
	.byte	8                               @ DW_AT_encoding
	.byte	1                               @ DW_AT_byte_size
	.byte	14                              @ Abbrev [14] 0x2ea:0xc DW_TAG_array_type
	.long	758                             @ DW_AT_type
	.byte	15                              @ Abbrev [15] 0x2ef:0x6 DW_TAG_subrange_type
	.long	1458                            @ DW_AT_type
	.byte	7                               @ DW_AT_count
	.byte	0                               @ End Of Children Mark
	.byte	6                               @ Abbrev [6] 0x2f6:0x5 DW_TAG_pointer_type
	.long	763                             @ DW_AT_type
	.byte	8                               @ Abbrev [8] 0x2fb:0xb DW_TAG_typedef
	.long	774                             @ DW_AT_type
	.long	.Linfo_string105                @ DW_AT_name
	.byte	4                               @ DW_AT_decl_file
	.byte	179                             @ DW_AT_decl_line
	.byte	16                              @ Abbrev [16] 0x306:0xf9 DW_TAG_structure_type
	.long	.Linfo_string104                @ DW_AT_name
	.byte	120                             @ DW_AT_byte_size
	.byte	4                               @ DW_AT_decl_file
	.byte	136                             @ DW_AT_decl_line
	.byte	11                              @ Abbrev [11] 0x30e:0xc DW_TAG_member
	.long	.Linfo_string4                  @ DW_AT_name
	.long	1023                            @ DW_AT_type
	.byte	4                               @ DW_AT_decl_file
	.byte	138                             @ DW_AT_decl_line
	.byte	0                               @ DW_AT_data_member_location
	.byte	11                              @ Abbrev [11] 0x31a:0xc DW_TAG_member
	.long	.Linfo_string35                 @ DW_AT_name
	.long	1024                            @ DW_AT_type
	.byte	4                               @ DW_AT_decl_file
	.byte	140                             @ DW_AT_decl_line
	.byte	4                               @ DW_AT_data_member_location
	.byte	11                              @ Abbrev [11] 0x326:0xc DW_TAG_member
	.long	.Linfo_string67                 @ DW_AT_name
	.long	1184                            @ DW_AT_type
	.byte	4                               @ DW_AT_decl_file
	.byte	142                             @ DW_AT_decl_line
	.byte	52                              @ DW_AT_data_member_location
	.byte	11                              @ Abbrev [11] 0x332:0xc DW_TAG_member
	.long	.Linfo_string71                 @ DW_AT_name
	.long	1216                            @ DW_AT_type
	.byte	4                               @ DW_AT_decl_file
	.byte	144                             @ DW_AT_decl_line
	.byte	53                              @ DW_AT_data_member_location
	.byte	11                              @ Abbrev [11] 0x33e:0xc DW_TAG_member
	.long	.Linfo_string78                 @ DW_AT_name
	.long	1023                            @ DW_AT_type
	.byte	4                               @ DW_AT_decl_file
	.byte	146                             @ DW_AT_decl_line
	.byte	56                              @ DW_AT_data_member_location
	.byte	11                              @ Abbrev [11] 0x34a:0xc DW_TAG_member
	.long	.Linfo_string79                 @ DW_AT_name
	.long	1271                            @ DW_AT_type
	.byte	4                               @ DW_AT_decl_file
	.byte	148                             @ DW_AT_decl_line
	.byte	60                              @ DW_AT_data_member_location
	.byte	11                              @ Abbrev [11] 0x356:0xc DW_TAG_member
	.long	.Linfo_string80                 @ DW_AT_name
	.long	1271                            @ DW_AT_type
	.byte	4                               @ DW_AT_decl_file
	.byte	150                             @ DW_AT_decl_line
	.byte	64                              @ DW_AT_data_member_location
	.byte	11                              @ Abbrev [11] 0x362:0xc DW_TAG_member
	.long	.Linfo_string81                 @ DW_AT_name
	.long	1271                            @ DW_AT_type
	.byte	4                               @ DW_AT_decl_file
	.byte	152                             @ DW_AT_decl_line
	.byte	68                              @ DW_AT_data_member_location
	.byte	11                              @ Abbrev [11] 0x36e:0xc DW_TAG_member
	.long	.Linfo_string82                 @ DW_AT_name
	.long	1271                            @ DW_AT_type
	.byte	4                               @ DW_AT_decl_file
	.byte	154                             @ DW_AT_decl_line
	.byte	72                              @ DW_AT_data_member_location
	.byte	11                              @ Abbrev [11] 0x37a:0xc DW_TAG_member
	.long	.Linfo_string83                 @ DW_AT_name
	.long	1271                            @ DW_AT_type
	.byte	4                               @ DW_AT_decl_file
	.byte	156                             @ DW_AT_decl_line
	.byte	76                              @ DW_AT_data_member_location
	.byte	11                              @ Abbrev [11] 0x386:0xc DW_TAG_member
	.long	.Linfo_string84                 @ DW_AT_name
	.long	1271                            @ DW_AT_type
	.byte	4                               @ DW_AT_decl_file
	.byte	158                             @ DW_AT_decl_line
	.byte	80                              @ DW_AT_data_member_location
	.byte	11                              @ Abbrev [11] 0x392:0xc DW_TAG_member
	.long	.Linfo_string85                 @ DW_AT_name
	.long	564                             @ DW_AT_type
	.byte	4                               @ DW_AT_decl_file
	.byte	160                             @ DW_AT_decl_line
	.byte	84                              @ DW_AT_data_member_location
	.byte	11                              @ Abbrev [11] 0x39e:0xc DW_TAG_member
	.long	.Linfo_string86                 @ DW_AT_name
	.long	569                             @ DW_AT_type
	.byte	4                               @ DW_AT_decl_file
	.byte	162                             @ DW_AT_decl_line
	.byte	88                              @ DW_AT_data_member_location
	.byte	11                              @ Abbrev [11] 0x3aa:0xc DW_TAG_member
	.long	.Linfo_string87                 @ DW_AT_name
	.long	569                             @ DW_AT_type
	.byte	4                               @ DW_AT_decl_file
	.byte	164                             @ DW_AT_decl_line
	.byte	92                              @ DW_AT_data_member_location
	.byte	11                              @ Abbrev [11] 0x3b6:0xc DW_TAG_member
	.long	.Linfo_string88                 @ DW_AT_name
	.long	1288                            @ DW_AT_type
	.byte	4                               @ DW_AT_decl_file
	.byte	166                             @ DW_AT_decl_line
	.byte	96                              @ DW_AT_data_member_location
	.byte	11                              @ Abbrev [11] 0x3c2:0xc DW_TAG_member
	.long	.Linfo_string91                 @ DW_AT_name
	.long	1324                            @ DW_AT_type
	.byte	4                               @ DW_AT_decl_file
	.byte	168                             @ DW_AT_decl_line
	.byte	100                             @ DW_AT_data_member_location
	.byte	11                              @ Abbrev [11] 0x3ce:0xc DW_TAG_member
	.long	.Linfo_string95                 @ DW_AT_name
	.long	569                             @ DW_AT_type
	.byte	4                               @ DW_AT_decl_file
	.byte	170                             @ DW_AT_decl_line
	.byte	104                             @ DW_AT_data_member_location
	.byte	11                              @ Abbrev [11] 0x3da:0xc DW_TAG_member
	.long	.Linfo_string96                 @ DW_AT_name
	.long	1373                            @ DW_AT_type
	.byte	4                               @ DW_AT_decl_file
	.byte	173                             @ DW_AT_decl_line
	.byte	108                             @ DW_AT_data_member_location
	.byte	11                              @ Abbrev [11] 0x3e6:0xc DW_TAG_member
	.long	.Linfo_string99                 @ DW_AT_name
	.long	1409                            @ DW_AT_type
	.byte	4                               @ DW_AT_decl_file
	.byte	175                             @ DW_AT_decl_line
	.byte	112                             @ DW_AT_data_member_location
	.byte	11                              @ Abbrev [11] 0x3f2:0xc DW_TAG_member
	.long	.Linfo_string103                @ DW_AT_name
	.long	569                             @ DW_AT_type
	.byte	4                               @ DW_AT_decl_file
	.byte	177                             @ DW_AT_decl_line
	.byte	116                             @ DW_AT_data_member_location
	.byte	0                               @ End Of Children Mark
	.byte	17                              @ Abbrev [17] 0x3ff:0x1 DW_TAG_pointer_type
	.byte	8                               @ Abbrev [8] 0x400:0xb DW_TAG_typedef
	.long	1035                            @ DW_AT_type
	.long	.Linfo_string66                 @ DW_AT_name
	.byte	4                               @ DW_AT_decl_file
	.byte	96                              @ DW_AT_decl_line
	.byte	10                              @ Abbrev [10] 0x40b:0x95 DW_TAG_structure_type
	.byte	48                              @ DW_AT_byte_size
	.byte	4                               @ DW_AT_decl_file
	.byte	48                              @ DW_AT_decl_line
	.byte	11                              @ Abbrev [11] 0x40f:0xc DW_TAG_member
	.long	.Linfo_string54                 @ DW_AT_name
	.long	569                             @ DW_AT_type
	.byte	4                               @ DW_AT_decl_file
	.byte	50                              @ DW_AT_decl_line
	.byte	0                               @ DW_AT_data_member_location
	.byte	11                              @ Abbrev [11] 0x41b:0xc DW_TAG_member
	.long	.Linfo_string55                 @ DW_AT_name
	.long	569                             @ DW_AT_type
	.byte	4                               @ DW_AT_decl_file
	.byte	53                              @ DW_AT_decl_line
	.byte	4                               @ DW_AT_data_member_location
	.byte	11                              @ Abbrev [11] 0x427:0xc DW_TAG_member
	.long	.Linfo_string56                 @ DW_AT_name
	.long	569                             @ DW_AT_type
	.byte	4                               @ DW_AT_decl_file
	.byte	57                              @ DW_AT_decl_line
	.byte	8                               @ DW_AT_data_member_location
	.byte	11                              @ Abbrev [11] 0x433:0xc DW_TAG_member
	.long	.Linfo_string57                 @ DW_AT_name
	.long	569                             @ DW_AT_type
	.byte	4                               @ DW_AT_decl_file
	.byte	60                              @ DW_AT_decl_line
	.byte	12                              @ DW_AT_data_member_location
	.byte	11                              @ Abbrev [11] 0x43f:0xc DW_TAG_member
	.long	.Linfo_string58                 @ DW_AT_name
	.long	569                             @ DW_AT_type
	.byte	4                               @ DW_AT_decl_file
	.byte	63                              @ DW_AT_decl_line
	.byte	16                              @ DW_AT_data_member_location
	.byte	11                              @ Abbrev [11] 0x44b:0xc DW_TAG_member
	.long	.Linfo_string59                 @ DW_AT_name
	.long	569                             @ DW_AT_type
	.byte	4                               @ DW_AT_decl_file
	.byte	66                              @ DW_AT_decl_line
	.byte	20                              @ DW_AT_data_member_location
	.byte	11                              @ Abbrev [11] 0x457:0xc DW_TAG_member
	.long	.Linfo_string60                 @ DW_AT_name
	.long	569                             @ DW_AT_type
	.byte	4                               @ DW_AT_decl_file
	.byte	69                              @ DW_AT_decl_line
	.byte	24                              @ DW_AT_data_member_location
	.byte	11                              @ Abbrev [11] 0x463:0xc DW_TAG_member
	.long	.Linfo_string61                 @ DW_AT_name
	.long	569                             @ DW_AT_type
	.byte	4                               @ DW_AT_decl_file
	.byte	74                              @ DW_AT_decl_line
	.byte	28                              @ DW_AT_data_member_location
	.byte	11                              @ Abbrev [11] 0x46f:0xc DW_TAG_member
	.long	.Linfo_string62                 @ DW_AT_name
	.long	569                             @ DW_AT_type
	.byte	4                               @ DW_AT_decl_file
	.byte	77                              @ DW_AT_decl_line
	.byte	32                              @ DW_AT_data_member_location
	.byte	11                              @ Abbrev [11] 0x47b:0xc DW_TAG_member
	.long	.Linfo_string63                 @ DW_AT_name
	.long	569                             @ DW_AT_type
	.byte	4                               @ DW_AT_decl_file
	.byte	82                              @ DW_AT_decl_line
	.byte	36                              @ DW_AT_data_member_location
	.byte	11                              @ Abbrev [11] 0x487:0xc DW_TAG_member
	.long	.Linfo_string64                 @ DW_AT_name
	.long	569                             @ DW_AT_type
	.byte	4                               @ DW_AT_decl_file
	.byte	85                              @ DW_AT_decl_line
	.byte	40                              @ DW_AT_data_member_location
	.byte	11                              @ Abbrev [11] 0x493:0xc DW_TAG_member
	.long	.Linfo_string65                 @ DW_AT_name
	.long	569                             @ DW_AT_type
	.byte	4                               @ DW_AT_decl_file
	.byte	91                              @ DW_AT_decl_line
	.byte	44                              @ DW_AT_data_member_location
	.byte	0                               @ End Of Children Mark
	.byte	8                               @ Abbrev [8] 0x4a0:0xb DW_TAG_typedef
	.long	1195                            @ DW_AT_type
	.long	.Linfo_string70                 @ DW_AT_name
	.byte	5                               @ DW_AT_decl_file
	.byte	54                              @ DW_AT_decl_line
	.byte	18                              @ Abbrev [18] 0x4ab:0x15 DW_TAG_enumeration_type
	.long	739                             @ DW_AT_type
	.byte	1                               @ DW_AT_byte_size
	.byte	5                               @ DW_AT_decl_file
	.byte	50                              @ DW_AT_decl_line
	.byte	13                              @ Abbrev [13] 0x4b3:0x6 DW_TAG_enumerator
	.long	.Linfo_string68                 @ DW_AT_name
	.byte	0                               @ DW_AT_const_value
	.byte	13                              @ Abbrev [13] 0x4b9:0x6 DW_TAG_enumerator
	.long	.Linfo_string69                 @ DW_AT_name
	.byte	1                               @ DW_AT_const_value
	.byte	0                               @ End Of Children Mark
	.byte	7                               @ Abbrev [7] 0x4c0:0x5 DW_TAG_volatile_type
	.long	1221                            @ DW_AT_type
	.byte	8                               @ Abbrev [8] 0x4c5:0xb DW_TAG_typedef
	.long	1232                            @ DW_AT_type
	.long	.Linfo_string77                 @ DW_AT_name
	.byte	4                               @ DW_AT_decl_file
	.byte	108                             @ DW_AT_decl_line
	.byte	18                              @ Abbrev [18] 0x4d0:0x27 DW_TAG_enumeration_type
	.long	739                             @ DW_AT_type
	.byte	1                               @ DW_AT_byte_size
	.byte	4                               @ DW_AT_decl_file
	.byte	101                             @ DW_AT_decl_line
	.byte	13                              @ Abbrev [13] 0x4d8:0x6 DW_TAG_enumerator
	.long	.Linfo_string72                 @ DW_AT_name
	.byte	0                               @ DW_AT_const_value
	.byte	13                              @ Abbrev [13] 0x4de:0x6 DW_TAG_enumerator
	.long	.Linfo_string73                 @ DW_AT_name
	.byte	1                               @ DW_AT_const_value
	.byte	13                              @ Abbrev [13] 0x4e4:0x6 DW_TAG_enumerator
	.long	.Linfo_string74                 @ DW_AT_name
	.byte	2                               @ DW_AT_const_value
	.byte	13                              @ Abbrev [13] 0x4ea:0x6 DW_TAG_enumerator
	.long	.Linfo_string75                 @ DW_AT_name
	.byte	3                               @ DW_AT_const_value
	.byte	13                              @ Abbrev [13] 0x4f0:0x6 DW_TAG_enumerator
	.long	.Linfo_string76                 @ DW_AT_name
	.byte	4                               @ DW_AT_const_value
	.byte	0                               @ End Of Children Mark
	.byte	6                               @ Abbrev [6] 0x4f7:0x5 DW_TAG_pointer_type
	.long	1276                            @ DW_AT_type
	.byte	19                              @ Abbrev [19] 0x4fc:0x7 DW_TAG_subroutine_type
                                        @ DW_AT_prototyped
	.byte	20                              @ Abbrev [20] 0x4fd:0x5 DW_TAG_formal_parameter
	.long	1283                            @ DW_AT_type
	.byte	0                               @ End Of Children Mark
	.byte	6                               @ Abbrev [6] 0x503:0x5 DW_TAG_pointer_type
	.long	774                             @ DW_AT_type
	.byte	6                               @ Abbrev [6] 0x508:0x5 DW_TAG_pointer_type
	.long	1293                            @ DW_AT_type
	.byte	3                               @ Abbrev [3] 0x50d:0xc DW_TAG_typedef
	.long	1305                            @ DW_AT_type
	.long	.Linfo_string90                 @ DW_AT_name
	.byte	2                               @ DW_AT_decl_file
	.short	636                             @ DW_AT_decl_line
	.byte	4                               @ Abbrev [4] 0x519:0x13 DW_TAG_structure_type
	.byte	4                               @ DW_AT_byte_size
	.byte	2                               @ DW_AT_decl_file
	.short	633                             @ DW_AT_decl_line
	.byte	5                               @ Abbrev [5] 0x51e:0xd DW_TAG_member
	.long	.Linfo_string89                 @ DW_AT_name
	.long	564                             @ DW_AT_type
	.byte	2                               @ DW_AT_decl_file
	.short	635                             @ DW_AT_decl_line
	.byte	0                               @ DW_AT_data_member_location
	.byte	0                               @ End Of Children Mark
	.byte	6                               @ Abbrev [6] 0x52c:0x5 DW_TAG_pointer_type
	.long	1329                            @ DW_AT_type
	.byte	3                               @ Abbrev [3] 0x531:0xc DW_TAG_typedef
	.long	1341                            @ DW_AT_type
	.long	.Linfo_string94                 @ DW_AT_name
	.byte	2                               @ DW_AT_decl_file
	.short	642                             @ DW_AT_decl_line
	.byte	4                               @ Abbrev [4] 0x53d:0x20 DW_TAG_structure_type
	.byte	8                               @ DW_AT_byte_size
	.byte	2                               @ DW_AT_decl_file
	.short	638                             @ DW_AT_decl_line
	.byte	5                               @ Abbrev [5] 0x542:0xd DW_TAG_member
	.long	.Linfo_string92                 @ DW_AT_name
	.long	564                             @ DW_AT_type
	.byte	2                               @ DW_AT_decl_file
	.short	640                             @ DW_AT_decl_line
	.byte	0                               @ DW_AT_data_member_location
	.byte	5                               @ Abbrev [5] 0x54f:0xd DW_TAG_member
	.long	.Linfo_string93                 @ DW_AT_name
	.long	564                             @ DW_AT_type
	.byte	2                               @ DW_AT_decl_file
	.short	641                             @ DW_AT_decl_line
	.byte	4                               @ DW_AT_data_member_location
	.byte	0                               @ End Of Children Mark
	.byte	6                               @ Abbrev [6] 0x55d:0x5 DW_TAG_pointer_type
	.long	1378                            @ DW_AT_type
	.byte	3                               @ Abbrev [3] 0x562:0xc DW_TAG_typedef
	.long	1390                            @ DW_AT_type
	.long	.Linfo_string98                 @ DW_AT_name
	.byte	2                               @ DW_AT_decl_file
	.short	647                             @ DW_AT_decl_line
	.byte	4                               @ Abbrev [4] 0x56e:0x13 DW_TAG_structure_type
	.byte	4                               @ DW_AT_byte_size
	.byte	2                               @ DW_AT_decl_file
	.short	644                             @ DW_AT_decl_line
	.byte	5                               @ Abbrev [5] 0x573:0xd DW_TAG_member
	.long	.Linfo_string97                 @ DW_AT_name
	.long	564                             @ DW_AT_type
	.byte	2                               @ DW_AT_decl_file
	.short	646                             @ DW_AT_decl_line
	.byte	0                               @ DW_AT_data_member_location
	.byte	0                               @ End Of Children Mark
	.byte	6                               @ Abbrev [6] 0x581:0x5 DW_TAG_pointer_type
	.long	1414                            @ DW_AT_type
	.byte	3                               @ Abbrev [3] 0x586:0xc DW_TAG_typedef
	.long	1426                            @ DW_AT_type
	.long	.Linfo_string102                @ DW_AT_name
	.byte	2                               @ DW_AT_decl_file
	.short	653                             @ DW_AT_decl_line
	.byte	4                               @ Abbrev [4] 0x592:0x20 DW_TAG_structure_type
	.byte	8                               @ DW_AT_byte_size
	.byte	2                               @ DW_AT_decl_file
	.short	649                             @ DW_AT_decl_line
	.byte	5                               @ Abbrev [5] 0x597:0xd DW_TAG_member
	.long	.Linfo_string100                @ DW_AT_name
	.long	564                             @ DW_AT_type
	.byte	2                               @ DW_AT_decl_file
	.short	651                             @ DW_AT_decl_line
	.byte	0                               @ DW_AT_data_member_location
	.byte	5                               @ Abbrev [5] 0x5a4:0xd DW_TAG_member
	.long	.Linfo_string101                @ DW_AT_name
	.long	564                             @ DW_AT_type
	.byte	2                               @ DW_AT_decl_file
	.short	652                             @ DW_AT_decl_line
	.byte	4                               @ DW_AT_data_member_location
	.byte	0                               @ End Of Children Mark
	.byte	21                              @ Abbrev [21] 0x5b2:0x7 DW_TAG_base_type
	.long	.Linfo_string106                @ DW_AT_name
	.byte	8                               @ DW_AT_byte_size
	.byte	7                               @ DW_AT_encoding
	.byte	7                               @ Abbrev [7] 0x5b9:0x5 DW_TAG_volatile_type
	.long	1470                            @ DW_AT_type
	.byte	3                               @ Abbrev [3] 0x5be:0xc DW_TAG_typedef
	.long	1482                            @ DW_AT_type
	.long	.Linfo_string112                @ DW_AT_name
	.byte	3                               @ DW_AT_decl_file
	.short	315                             @ DW_AT_decl_line
	.byte	12                              @ Abbrev [12] 0x5ca:0x28 DW_TAG_enumeration_type
	.long	739                             @ DW_AT_type
	.byte	1                               @ DW_AT_byte_size
	.byte	3                               @ DW_AT_decl_file
	.short	308                             @ DW_AT_decl_line
	.byte	13                              @ Abbrev [13] 0x5d3:0x6 DW_TAG_enumerator
	.long	.Linfo_string107                @ DW_AT_name
	.byte	0                               @ DW_AT_const_value
	.byte	13                              @ Abbrev [13] 0x5d9:0x6 DW_TAG_enumerator
	.long	.Linfo_string108                @ DW_AT_name
	.byte	1                               @ DW_AT_const_value
	.byte	13                              @ Abbrev [13] 0x5df:0x6 DW_TAG_enumerator
	.long	.Linfo_string109                @ DW_AT_name
	.byte	2                               @ DW_AT_const_value
	.byte	13                              @ Abbrev [13] 0x5e5:0x6 DW_TAG_enumerator
	.long	.Linfo_string110                @ DW_AT_name
	.byte	3                               @ DW_AT_const_value
	.byte	13                              @ Abbrev [13] 0x5eb:0x6 DW_TAG_enumerator
	.long	.Linfo_string111                @ DW_AT_name
	.byte	4                               @ DW_AT_const_value
	.byte	0                               @ End Of Children Mark
	.byte	14                              @ Abbrev [14] 0x5f2:0xc DW_TAG_array_type
	.long	1534                            @ DW_AT_type
	.byte	15                              @ Abbrev [15] 0x5f7:0x6 DW_TAG_subrange_type
	.long	1458                            @ DW_AT_type
	.byte	6                               @ DW_AT_count
	.byte	0                               @ End Of Children Mark
	.byte	7                               @ Abbrev [7] 0x5fe:0x5 DW_TAG_volatile_type
	.long	1539                            @ DW_AT_type
	.byte	3                               @ Abbrev [3] 0x603:0xc DW_TAG_typedef
	.long	1551                            @ DW_AT_type
	.long	.Linfo_string117                @ DW_AT_name
	.byte	3                               @ DW_AT_decl_file
	.short	325                             @ DW_AT_decl_line
	.byte	12                              @ Abbrev [12] 0x60f:0x1c DW_TAG_enumeration_type
	.long	739                             @ DW_AT_type
	.byte	1                               @ DW_AT_byte_size
	.byte	3                               @ DW_AT_decl_file
	.short	320                             @ DW_AT_decl_line
	.byte	13                              @ Abbrev [13] 0x618:0x6 DW_TAG_enumerator
	.long	.Linfo_string114                @ DW_AT_name
	.byte	0                               @ DW_AT_const_value
	.byte	13                              @ Abbrev [13] 0x61e:0x6 DW_TAG_enumerator
	.long	.Linfo_string115                @ DW_AT_name
	.byte	1                               @ DW_AT_const_value
	.byte	13                              @ Abbrev [13] 0x624:0x6 DW_TAG_enumerator
	.long	.Linfo_string116                @ DW_AT_name
	.byte	2                               @ DW_AT_const_value
	.byte	0                               @ End Of Children Mark
	.byte	14                              @ Abbrev [14] 0x62b:0xc DW_TAG_array_type
	.long	1534                            @ DW_AT_type
	.byte	15                              @ Abbrev [15] 0x630:0x6 DW_TAG_subrange_type
	.long	1458                            @ DW_AT_type
	.byte	4                               @ DW_AT_count
	.byte	0                               @ End Of Children Mark
	.byte	7                               @ Abbrev [7] 0x637:0x5 DW_TAG_volatile_type
	.long	1596                            @ DW_AT_type
	.byte	3                               @ Abbrev [3] 0x63c:0xc DW_TAG_typedef
	.long	1608                            @ DW_AT_type
	.long	.Linfo_string123                @ DW_AT_name
	.byte	3                               @ DW_AT_decl_file
	.short	335                             @ DW_AT_decl_line
	.byte	12                              @ Abbrev [12] 0x648:0x1c DW_TAG_enumeration_type
	.long	739                             @ DW_AT_type
	.byte	1                               @ DW_AT_byte_size
	.byte	3                               @ DW_AT_decl_file
	.short	330                             @ DW_AT_decl_line
	.byte	13                              @ Abbrev [13] 0x651:0x6 DW_TAG_enumerator
	.long	.Linfo_string120                @ DW_AT_name
	.byte	0                               @ DW_AT_const_value
	.byte	13                              @ Abbrev [13] 0x657:0x6 DW_TAG_enumerator
	.long	.Linfo_string121                @ DW_AT_name
	.byte	1                               @ DW_AT_const_value
	.byte	13                              @ Abbrev [13] 0x65d:0x6 DW_TAG_enumerator
	.long	.Linfo_string122                @ DW_AT_name
	.byte	2                               @ DW_AT_const_value
	.byte	0                               @ End Of Children Mark
	.byte	18                              @ Abbrev [18] 0x664:0x21 DW_TAG_enumeration_type
	.long	739                             @ DW_AT_type
	.byte	1                               @ DW_AT_byte_size
	.byte	5                               @ DW_AT_decl_file
	.byte	39                              @ DW_AT_decl_line
	.byte	13                              @ Abbrev [13] 0x66c:0x6 DW_TAG_enumerator
	.long	.Linfo_string125                @ DW_AT_name
	.byte	0                               @ DW_AT_const_value
	.byte	13                              @ Abbrev [13] 0x672:0x6 DW_TAG_enumerator
	.long	.Linfo_string126                @ DW_AT_name
	.byte	1                               @ DW_AT_const_value
	.byte	13                              @ Abbrev [13] 0x678:0x6 DW_TAG_enumerator
	.long	.Linfo_string127                @ DW_AT_name
	.byte	2                               @ DW_AT_const_value
	.byte	13                              @ Abbrev [13] 0x67e:0x6 DW_TAG_enumerator
	.long	.Linfo_string128                @ DW_AT_name
	.byte	3                               @ DW_AT_const_value
	.byte	0                               @ End Of Children Mark
	.byte	18                              @ Abbrev [18] 0x685:0x3bf DW_TAG_enumeration_type
	.long	2628                            @ DW_AT_type
	.byte	2                               @ DW_AT_byte_size
	.byte	2                               @ DW_AT_decl_file
	.byte	48                              @ DW_AT_decl_line
	.byte	22                              @ Abbrev [22] 0x68d:0x6 DW_TAG_enumerator
	.long	.Linfo_string130                @ DW_AT_name
	.byte	114                             @ DW_AT_const_value
	.byte	22                              @ Abbrev [22] 0x693:0x6 DW_TAG_enumerator
	.long	.Linfo_string131                @ DW_AT_name
	.byte	115                             @ DW_AT_const_value
	.byte	22                              @ Abbrev [22] 0x699:0x6 DW_TAG_enumerator
	.long	.Linfo_string132                @ DW_AT_name
	.byte	116                             @ DW_AT_const_value
	.byte	22                              @ Abbrev [22] 0x69f:0x6 DW_TAG_enumerator
	.long	.Linfo_string133                @ DW_AT_name
	.byte	117                             @ DW_AT_const_value
	.byte	22                              @ Abbrev [22] 0x6a5:0x6 DW_TAG_enumerator
	.long	.Linfo_string134                @ DW_AT_name
	.byte	118                             @ DW_AT_const_value
	.byte	22                              @ Abbrev [22] 0x6ab:0x6 DW_TAG_enumerator
	.long	.Linfo_string135                @ DW_AT_name
	.byte	123                             @ DW_AT_const_value
	.byte	22                              @ Abbrev [22] 0x6b1:0x6 DW_TAG_enumerator
	.long	.Linfo_string136                @ DW_AT_name
	.byte	124                             @ DW_AT_const_value
	.byte	22                              @ Abbrev [22] 0x6b7:0x6 DW_TAG_enumerator
	.long	.Linfo_string137                @ DW_AT_name
	.byte	126                             @ DW_AT_const_value
	.byte	22                              @ Abbrev [22] 0x6bd:0x6 DW_TAG_enumerator
	.long	.Linfo_string138                @ DW_AT_name
	.byte	127                             @ DW_AT_const_value
	.byte	22                              @ Abbrev [22] 0x6c3:0x6 DW_TAG_enumerator
	.long	.Linfo_string139                @ DW_AT_name
	.byte	0                               @ DW_AT_const_value
	.byte	22                              @ Abbrev [22] 0x6c9:0x6 DW_TAG_enumerator
	.long	.Linfo_string140                @ DW_AT_name
	.byte	1                               @ DW_AT_const_value
	.byte	22                              @ Abbrev [22] 0x6cf:0x6 DW_TAG_enumerator
	.long	.Linfo_string141                @ DW_AT_name
	.byte	2                               @ DW_AT_const_value
	.byte	22                              @ Abbrev [22] 0x6d5:0x6 DW_TAG_enumerator
	.long	.Linfo_string142                @ DW_AT_name
	.byte	3                               @ DW_AT_const_value
	.byte	22                              @ Abbrev [22] 0x6db:0x6 DW_TAG_enumerator
	.long	.Linfo_string143                @ DW_AT_name
	.byte	4                               @ DW_AT_const_value
	.byte	22                              @ Abbrev [22] 0x6e1:0x6 DW_TAG_enumerator
	.long	.Linfo_string144                @ DW_AT_name
	.byte	5                               @ DW_AT_const_value
	.byte	22                              @ Abbrev [22] 0x6e7:0x6 DW_TAG_enumerator
	.long	.Linfo_string145                @ DW_AT_name
	.byte	6                               @ DW_AT_const_value
	.byte	22                              @ Abbrev [22] 0x6ed:0x6 DW_TAG_enumerator
	.long	.Linfo_string146                @ DW_AT_name
	.byte	7                               @ DW_AT_const_value
	.byte	22                              @ Abbrev [22] 0x6f3:0x6 DW_TAG_enumerator
	.long	.Linfo_string147                @ DW_AT_name
	.byte	8                               @ DW_AT_const_value
	.byte	22                              @ Abbrev [22] 0x6f9:0x6 DW_TAG_enumerator
	.long	.Linfo_string148                @ DW_AT_name
	.byte	9                               @ DW_AT_const_value
	.byte	22                              @ Abbrev [22] 0x6ff:0x6 DW_TAG_enumerator
	.long	.Linfo_string149                @ DW_AT_name
	.byte	10                              @ DW_AT_const_value
	.byte	22                              @ Abbrev [22] 0x705:0x6 DW_TAG_enumerator
	.long	.Linfo_string150                @ DW_AT_name
	.byte	11                              @ DW_AT_const_value
	.byte	22                              @ Abbrev [22] 0x70b:0x6 DW_TAG_enumerator
	.long	.Linfo_string151                @ DW_AT_name
	.byte	12                              @ DW_AT_const_value
	.byte	22                              @ Abbrev [22] 0x711:0x6 DW_TAG_enumerator
	.long	.Linfo_string152                @ DW_AT_name
	.byte	13                              @ DW_AT_const_value
	.byte	22                              @ Abbrev [22] 0x717:0x6 DW_TAG_enumerator
	.long	.Linfo_string153                @ DW_AT_name
	.byte	14                              @ DW_AT_const_value
	.byte	22                              @ Abbrev [22] 0x71d:0x6 DW_TAG_enumerator
	.long	.Linfo_string154                @ DW_AT_name
	.byte	15                              @ DW_AT_const_value
	.byte	22                              @ Abbrev [22] 0x723:0x6 DW_TAG_enumerator
	.long	.Linfo_string155                @ DW_AT_name
	.byte	16                              @ DW_AT_const_value
	.byte	22                              @ Abbrev [22] 0x729:0x6 DW_TAG_enumerator
	.long	.Linfo_string156                @ DW_AT_name
	.byte	17                              @ DW_AT_const_value
	.byte	22                              @ Abbrev [22] 0x72f:0x6 DW_TAG_enumerator
	.long	.Linfo_string157                @ DW_AT_name
	.byte	18                              @ DW_AT_const_value
	.byte	22                              @ Abbrev [22] 0x735:0x6 DW_TAG_enumerator
	.long	.Linfo_string158                @ DW_AT_name
	.byte	19                              @ DW_AT_const_value
	.byte	22                              @ Abbrev [22] 0x73b:0x6 DW_TAG_enumerator
	.long	.Linfo_string159                @ DW_AT_name
	.byte	20                              @ DW_AT_const_value
	.byte	22                              @ Abbrev [22] 0x741:0x6 DW_TAG_enumerator
	.long	.Linfo_string160                @ DW_AT_name
	.byte	21                              @ DW_AT_const_value
	.byte	22                              @ Abbrev [22] 0x747:0x6 DW_TAG_enumerator
	.long	.Linfo_string161                @ DW_AT_name
	.byte	22                              @ DW_AT_const_value
	.byte	22                              @ Abbrev [22] 0x74d:0x6 DW_TAG_enumerator
	.long	.Linfo_string162                @ DW_AT_name
	.byte	23                              @ DW_AT_const_value
	.byte	22                              @ Abbrev [22] 0x753:0x6 DW_TAG_enumerator
	.long	.Linfo_string163                @ DW_AT_name
	.byte	24                              @ DW_AT_const_value
	.byte	22                              @ Abbrev [22] 0x759:0x6 DW_TAG_enumerator
	.long	.Linfo_string164                @ DW_AT_name
	.byte	25                              @ DW_AT_const_value
	.byte	22                              @ Abbrev [22] 0x75f:0x6 DW_TAG_enumerator
	.long	.Linfo_string165                @ DW_AT_name
	.byte	26                              @ DW_AT_const_value
	.byte	22                              @ Abbrev [22] 0x765:0x6 DW_TAG_enumerator
	.long	.Linfo_string166                @ DW_AT_name
	.byte	27                              @ DW_AT_const_value
	.byte	22                              @ Abbrev [22] 0x76b:0x6 DW_TAG_enumerator
	.long	.Linfo_string167                @ DW_AT_name
	.byte	28                              @ DW_AT_const_value
	.byte	22                              @ Abbrev [22] 0x771:0x6 DW_TAG_enumerator
	.long	.Linfo_string168                @ DW_AT_name
	.byte	29                              @ DW_AT_const_value
	.byte	22                              @ Abbrev [22] 0x777:0x6 DW_TAG_enumerator
	.long	.Linfo_string169                @ DW_AT_name
	.byte	30                              @ DW_AT_const_value
	.byte	22                              @ Abbrev [22] 0x77d:0x6 DW_TAG_enumerator
	.long	.Linfo_string170                @ DW_AT_name
	.byte	31                              @ DW_AT_const_value
	.byte	22                              @ Abbrev [22] 0x783:0x6 DW_TAG_enumerator
	.long	.Linfo_string171                @ DW_AT_name
	.byte	32                              @ DW_AT_const_value
	.byte	22                              @ Abbrev [22] 0x789:0x6 DW_TAG_enumerator
	.long	.Linfo_string172                @ DW_AT_name
	.byte	33                              @ DW_AT_const_value
	.byte	22                              @ Abbrev [22] 0x78f:0x6 DW_TAG_enumerator
	.long	.Linfo_string173                @ DW_AT_name
	.byte	34                              @ DW_AT_const_value
	.byte	22                              @ Abbrev [22] 0x795:0x6 DW_TAG_enumerator
	.long	.Linfo_string174                @ DW_AT_name
	.byte	35                              @ DW_AT_const_value
	.byte	22                              @ Abbrev [22] 0x79b:0x6 DW_TAG_enumerator
	.long	.Linfo_string175                @ DW_AT_name
	.byte	36                              @ DW_AT_const_value
	.byte	22                              @ Abbrev [22] 0x7a1:0x6 DW_TAG_enumerator
	.long	.Linfo_string176                @ DW_AT_name
	.byte	37                              @ DW_AT_const_value
	.byte	22                              @ Abbrev [22] 0x7a7:0x6 DW_TAG_enumerator
	.long	.Linfo_string177                @ DW_AT_name
	.byte	38                              @ DW_AT_const_value
	.byte	22                              @ Abbrev [22] 0x7ad:0x6 DW_TAG_enumerator
	.long	.Linfo_string178                @ DW_AT_name
	.byte	39                              @ DW_AT_const_value
	.byte	22                              @ Abbrev [22] 0x7b3:0x6 DW_TAG_enumerator
	.long	.Linfo_string179                @ DW_AT_name
	.byte	40                              @ DW_AT_const_value
	.byte	22                              @ Abbrev [22] 0x7b9:0x6 DW_TAG_enumerator
	.long	.Linfo_string180                @ DW_AT_name
	.byte	41                              @ DW_AT_const_value
	.byte	22                              @ Abbrev [22] 0x7bf:0x6 DW_TAG_enumerator
	.long	.Linfo_string181                @ DW_AT_name
	.byte	43                              @ DW_AT_const_value
	.byte	22                              @ Abbrev [22] 0x7c5:0x6 DW_TAG_enumerator
	.long	.Linfo_string182                @ DW_AT_name
	.byte	44                              @ DW_AT_const_value
	.byte	22                              @ Abbrev [22] 0x7cb:0x6 DW_TAG_enumerator
	.long	.Linfo_string183                @ DW_AT_name
	.byte	45                              @ DW_AT_const_value
	.byte	22                              @ Abbrev [22] 0x7d1:0x6 DW_TAG_enumerator
	.long	.Linfo_string184                @ DW_AT_name
	.byte	46                              @ DW_AT_const_value
	.byte	22                              @ Abbrev [22] 0x7d7:0x6 DW_TAG_enumerator
	.long	.Linfo_string185                @ DW_AT_name
	.byte	47                              @ DW_AT_const_value
	.byte	22                              @ Abbrev [22] 0x7dd:0x6 DW_TAG_enumerator
	.long	.Linfo_string186                @ DW_AT_name
	.byte	48                              @ DW_AT_const_value
	.byte	22                              @ Abbrev [22] 0x7e3:0x6 DW_TAG_enumerator
	.long	.Linfo_string187                @ DW_AT_name
	.byte	49                              @ DW_AT_const_value
	.byte	22                              @ Abbrev [22] 0x7e9:0x6 DW_TAG_enumerator
	.long	.Linfo_string188                @ DW_AT_name
	.byte	50                              @ DW_AT_const_value
	.byte	22                              @ Abbrev [22] 0x7ef:0x6 DW_TAG_enumerator
	.long	.Linfo_string189                @ DW_AT_name
	.byte	51                              @ DW_AT_const_value
	.byte	22                              @ Abbrev [22] 0x7f5:0x6 DW_TAG_enumerator
	.long	.Linfo_string190                @ DW_AT_name
	.byte	52                              @ DW_AT_const_value
	.byte	22                              @ Abbrev [22] 0x7fb:0x6 DW_TAG_enumerator
	.long	.Linfo_string191                @ DW_AT_name
	.byte	53                              @ DW_AT_const_value
	.byte	22                              @ Abbrev [22] 0x801:0x6 DW_TAG_enumerator
	.long	.Linfo_string192                @ DW_AT_name
	.byte	54                              @ DW_AT_const_value
	.byte	22                              @ Abbrev [22] 0x807:0x6 DW_TAG_enumerator
	.long	.Linfo_string193                @ DW_AT_name
	.byte	55                              @ DW_AT_const_value
	.byte	22                              @ Abbrev [22] 0x80d:0x6 DW_TAG_enumerator
	.long	.Linfo_string194                @ DW_AT_name
	.byte	56                              @ DW_AT_const_value
	.byte	22                              @ Abbrev [22] 0x813:0x6 DW_TAG_enumerator
	.long	.Linfo_string195                @ DW_AT_name
	.byte	57                              @ DW_AT_const_value
	.byte	22                              @ Abbrev [22] 0x819:0x6 DW_TAG_enumerator
	.long	.Linfo_string196                @ DW_AT_name
	.byte	58                              @ DW_AT_const_value
	.byte	22                              @ Abbrev [22] 0x81f:0x6 DW_TAG_enumerator
	.long	.Linfo_string197                @ DW_AT_name
	.byte	59                              @ DW_AT_const_value
	.byte	22                              @ Abbrev [22] 0x825:0x6 DW_TAG_enumerator
	.long	.Linfo_string198                @ DW_AT_name
	.byte	60                              @ DW_AT_const_value
	.byte	22                              @ Abbrev [22] 0x82b:0x6 DW_TAG_enumerator
	.long	.Linfo_string199                @ DW_AT_name
	.byte	61                              @ DW_AT_const_value
	.byte	22                              @ Abbrev [22] 0x831:0x6 DW_TAG_enumerator
	.long	.Linfo_string200                @ DW_AT_name
	.byte	62                              @ DW_AT_const_value
	.byte	22                              @ Abbrev [22] 0x837:0x6 DW_TAG_enumerator
	.long	.Linfo_string201                @ DW_AT_name
	.byte	63                              @ DW_AT_const_value
	.byte	22                              @ Abbrev [22] 0x83d:0x7 DW_TAG_enumerator
	.long	.Linfo_string202                @ DW_AT_name
	.asciz	"\304"                          @ DW_AT_const_value
	.byte	22                              @ Abbrev [22] 0x844:0x7 DW_TAG_enumerator
	.long	.Linfo_string203                @ DW_AT_name
	.asciz	"\305"                          @ DW_AT_const_value
	.byte	22                              @ Abbrev [22] 0x84b:0x7 DW_TAG_enumerator
	.long	.Linfo_string204                @ DW_AT_name
	.asciz	"\306"                          @ DW_AT_const_value
	.byte	22                              @ Abbrev [22] 0x852:0x7 DW_TAG_enumerator
	.long	.Linfo_string205                @ DW_AT_name
	.asciz	"\307"                          @ DW_AT_const_value
	.byte	22                              @ Abbrev [22] 0x859:0x7 DW_TAG_enumerator
	.long	.Linfo_string206                @ DW_AT_name
	.asciz	"\310"                          @ DW_AT_const_value
	.byte	22                              @ Abbrev [22] 0x860:0x7 DW_TAG_enumerator
	.long	.Linfo_string207                @ DW_AT_name
	.asciz	"\311"                          @ DW_AT_const_value
	.byte	22                              @ Abbrev [22] 0x867:0x7 DW_TAG_enumerator
	.long	.Linfo_string208                @ DW_AT_name
	.asciz	"\312"                          @ DW_AT_const_value
	.byte	22                              @ Abbrev [22] 0x86e:0x7 DW_TAG_enumerator
	.long	.Linfo_string209                @ DW_AT_name
	.asciz	"\313"                          @ DW_AT_const_value
	.byte	22                              @ Abbrev [22] 0x875:0x7 DW_TAG_enumerator
	.long	.Linfo_string210                @ DW_AT_name
	.asciz	"\314"                          @ DW_AT_const_value
	.byte	22                              @ Abbrev [22] 0x87c:0x7 DW_TAG_enumerator
	.long	.Linfo_string211                @ DW_AT_name
	.asciz	"\315"                          @ DW_AT_const_value
	.byte	22                              @ Abbrev [22] 0x883:0x7 DW_TAG_enumerator
	.long	.Linfo_string212                @ DW_AT_name
	.asciz	"\316"                          @ DW_AT_const_value
	.byte	22                              @ Abbrev [22] 0x88a:0x7 DW_TAG_enumerator
	.long	.Linfo_string213                @ DW_AT_name
	.asciz	"\320"                          @ DW_AT_const_value
	.byte	22                              @ Abbrev [22] 0x891:0x7 DW_TAG_enumerator
	.long	.Linfo_string214                @ DW_AT_name
	.asciz	"\321"                          @ DW_AT_const_value
	.byte	22                              @ Abbrev [22] 0x898:0x7 DW_TAG_enumerator
	.long	.Linfo_string215                @ DW_AT_name
	.asciz	"\322"                          @ DW_AT_const_value
	.byte	22                              @ Abbrev [22] 0x89f:0x7 DW_TAG_enumerator
	.long	.Linfo_string216                @ DW_AT_name
	.asciz	"\323"                          @ DW_AT_const_value
	.byte	22                              @ Abbrev [22] 0x8a6:0x7 DW_TAG_enumerator
	.long	.Linfo_string217                @ DW_AT_name
	.asciz	"\324"                          @ DW_AT_const_value
	.byte	22                              @ Abbrev [22] 0x8ad:0x7 DW_TAG_enumerator
	.long	.Linfo_string218                @ DW_AT_name
	.asciz	"\325"                          @ DW_AT_const_value
	.byte	22                              @ Abbrev [22] 0x8b4:0x7 DW_TAG_enumerator
	.long	.Linfo_string219                @ DW_AT_name
	.asciz	"\326"                          @ DW_AT_const_value
	.byte	22                              @ Abbrev [22] 0x8bb:0x7 DW_TAG_enumerator
	.long	.Linfo_string220                @ DW_AT_name
	.asciz	"\327"                          @ DW_AT_const_value
	.byte	22                              @ Abbrev [22] 0x8c2:0x7 DW_TAG_enumerator
	.long	.Linfo_string221                @ DW_AT_name
	.asciz	"\330"                          @ DW_AT_const_value
	.byte	22                              @ Abbrev [22] 0x8c9:0x7 DW_TAG_enumerator
	.long	.Linfo_string222                @ DW_AT_name
	.asciz	"\331"                          @ DW_AT_const_value
	.byte	22                              @ Abbrev [22] 0x8d0:0x7 DW_TAG_enumerator
	.long	.Linfo_string223                @ DW_AT_name
	.asciz	"\332"                          @ DW_AT_const_value
	.byte	22                              @ Abbrev [22] 0x8d7:0x7 DW_TAG_enumerator
	.long	.Linfo_string224                @ DW_AT_name
	.asciz	"\334"                          @ DW_AT_const_value
	.byte	22                              @ Abbrev [22] 0x8de:0x7 DW_TAG_enumerator
	.long	.Linfo_string225                @ DW_AT_name
	.asciz	"\335"                          @ DW_AT_const_value
	.byte	22                              @ Abbrev [22] 0x8e5:0x7 DW_TAG_enumerator
	.long	.Linfo_string226                @ DW_AT_name
	.asciz	"\336"                          @ DW_AT_const_value
	.byte	22                              @ Abbrev [22] 0x8ec:0x7 DW_TAG_enumerator
	.long	.Linfo_string227                @ DW_AT_name
	.asciz	"\337"                          @ DW_AT_const_value
	.byte	22                              @ Abbrev [22] 0x8f3:0x7 DW_TAG_enumerator
	.long	.Linfo_string228                @ DW_AT_name
	.asciz	"\340"                          @ DW_AT_const_value
	.byte	22                              @ Abbrev [22] 0x8fa:0x7 DW_TAG_enumerator
	.long	.Linfo_string229                @ DW_AT_name
	.asciz	"\341"                          @ DW_AT_const_value
	.byte	22                              @ Abbrev [22] 0x901:0x7 DW_TAG_enumerator
	.long	.Linfo_string230                @ DW_AT_name
	.asciz	"\346"                          @ DW_AT_const_value
	.byte	22                              @ Abbrev [22] 0x908:0x7 DW_TAG_enumerator
	.long	.Linfo_string231                @ DW_AT_name
	.asciz	"\356"                          @ DW_AT_const_value
	.byte	22                              @ Abbrev [22] 0x90f:0x7 DW_TAG_enumerator
	.long	.Linfo_string232                @ DW_AT_name
	.asciz	"\357"                          @ DW_AT_const_value
	.byte	22                              @ Abbrev [22] 0x916:0x7 DW_TAG_enumerator
	.long	.Linfo_string233                @ DW_AT_name
	.asciz	"\360"                          @ DW_AT_const_value
	.byte	22                              @ Abbrev [22] 0x91d:0x7 DW_TAG_enumerator
	.long	.Linfo_string234                @ DW_AT_name
	.asciz	"\361"                          @ DW_AT_const_value
	.byte	22                              @ Abbrev [22] 0x924:0x7 DW_TAG_enumerator
	.long	.Linfo_string235                @ DW_AT_name
	.asciz	"\363"                          @ DW_AT_const_value
	.byte	22                              @ Abbrev [22] 0x92b:0x7 DW_TAG_enumerator
	.long	.Linfo_string236                @ DW_AT_name
	.asciz	"\364"                          @ DW_AT_const_value
	.byte	22                              @ Abbrev [22] 0x932:0x7 DW_TAG_enumerator
	.long	.Linfo_string237                @ DW_AT_name
	.asciz	"\365"                          @ DW_AT_const_value
	.byte	22                              @ Abbrev [22] 0x939:0x7 DW_TAG_enumerator
	.long	.Linfo_string238                @ DW_AT_name
	.asciz	"\366"                          @ DW_AT_const_value
	.byte	22                              @ Abbrev [22] 0x940:0x7 DW_TAG_enumerator
	.long	.Linfo_string239                @ DW_AT_name
	.asciz	"\367"                          @ DW_AT_const_value
	.byte	22                              @ Abbrev [22] 0x947:0x7 DW_TAG_enumerator
	.long	.Linfo_string240                @ DW_AT_name
	.asciz	"\370"                          @ DW_AT_const_value
	.byte	22                              @ Abbrev [22] 0x94e:0x7 DW_TAG_enumerator
	.long	.Linfo_string241                @ DW_AT_name
	.asciz	"\372"                          @ DW_AT_const_value
	.byte	22                              @ Abbrev [22] 0x955:0x7 DW_TAG_enumerator
	.long	.Linfo_string242                @ DW_AT_name
	.asciz	"\374"                          @ DW_AT_const_value
	.byte	22                              @ Abbrev [22] 0x95c:0x7 DW_TAG_enumerator
	.long	.Linfo_string243                @ DW_AT_name
	.asciz	"\375"                          @ DW_AT_const_value
	.byte	22                              @ Abbrev [22] 0x963:0x7 DW_TAG_enumerator
	.long	.Linfo_string244                @ DW_AT_name
	.asciz	"\377"                          @ DW_AT_const_value
	.byte	22                              @ Abbrev [22] 0x96a:0x7 DW_TAG_enumerator
	.long	.Linfo_string245                @ DW_AT_name
	.ascii	"\200\001"                      @ DW_AT_const_value
	.byte	22                              @ Abbrev [22] 0x971:0x7 DW_TAG_enumerator
	.long	.Linfo_string246                @ DW_AT_name
	.ascii	"\201\001"                      @ DW_AT_const_value
	.byte	22                              @ Abbrev [22] 0x978:0x7 DW_TAG_enumerator
	.long	.Linfo_string247                @ DW_AT_name
	.ascii	"\202\001"                      @ DW_AT_const_value
	.byte	22                              @ Abbrev [22] 0x97f:0x7 DW_TAG_enumerator
	.long	.Linfo_string248                @ DW_AT_name
	.ascii	"\203\001"                      @ DW_AT_const_value
	.byte	22                              @ Abbrev [22] 0x986:0x7 DW_TAG_enumerator
	.long	.Linfo_string249                @ DW_AT_name
	.ascii	"\204\001"                      @ DW_AT_const_value
	.byte	22                              @ Abbrev [22] 0x98d:0x7 DW_TAG_enumerator
	.long	.Linfo_string250                @ DW_AT_name
	.ascii	"\205\001"                      @ DW_AT_const_value
	.byte	22                              @ Abbrev [22] 0x994:0x7 DW_TAG_enumerator
	.long	.Linfo_string251                @ DW_AT_name
	.ascii	"\206\001"                      @ DW_AT_const_value
	.byte	22                              @ Abbrev [22] 0x99b:0x7 DW_TAG_enumerator
	.long	.Linfo_string252                @ DW_AT_name
	.ascii	"\207\001"                      @ DW_AT_const_value
	.byte	22                              @ Abbrev [22] 0x9a2:0x7 DW_TAG_enumerator
	.long	.Linfo_string253                @ DW_AT_name
	.ascii	"\210\001"                      @ DW_AT_const_value
	.byte	22                              @ Abbrev [22] 0x9a9:0x7 DW_TAG_enumerator
	.long	.Linfo_string254                @ DW_AT_name
	.ascii	"\211\001"                      @ DW_AT_const_value
	.byte	22                              @ Abbrev [22] 0x9b0:0x7 DW_TAG_enumerator
	.long	.Linfo_string255                @ DW_AT_name
	.ascii	"\212\001"                      @ DW_AT_const_value
	.byte	22                              @ Abbrev [22] 0x9b7:0x7 DW_TAG_enumerator
	.long	.Linfo_string256                @ DW_AT_name
	.ascii	"\213\001"                      @ DW_AT_const_value
	.byte	22                              @ Abbrev [22] 0x9be:0x7 DW_TAG_enumerator
	.long	.Linfo_string257                @ DW_AT_name
	.ascii	"\214\001"                      @ DW_AT_const_value
	.byte	22                              @ Abbrev [22] 0x9c5:0x7 DW_TAG_enumerator
	.long	.Linfo_string258                @ DW_AT_name
	.ascii	"\215\001"                      @ DW_AT_const_value
	.byte	22                              @ Abbrev [22] 0x9cc:0x7 DW_TAG_enumerator
	.long	.Linfo_string259                @ DW_AT_name
	.ascii	"\216\001"                      @ DW_AT_const_value
	.byte	22                              @ Abbrev [22] 0x9d3:0x7 DW_TAG_enumerator
	.long	.Linfo_string260                @ DW_AT_name
	.ascii	"\220\001"                      @ DW_AT_const_value
	.byte	22                              @ Abbrev [22] 0x9da:0x7 DW_TAG_enumerator
	.long	.Linfo_string261                @ DW_AT_name
	.ascii	"\221\001"                      @ DW_AT_const_value
	.byte	22                              @ Abbrev [22] 0x9e1:0x7 DW_TAG_enumerator
	.long	.Linfo_string262                @ DW_AT_name
	.ascii	"\222\001"                      @ DW_AT_const_value
	.byte	22                              @ Abbrev [22] 0x9e8:0x7 DW_TAG_enumerator
	.long	.Linfo_string263                @ DW_AT_name
	.ascii	"\223\001"                      @ DW_AT_const_value
	.byte	22                              @ Abbrev [22] 0x9ef:0x7 DW_TAG_enumerator
	.long	.Linfo_string264                @ DW_AT_name
	.ascii	"\225\001"                      @ DW_AT_const_value
	.byte	22                              @ Abbrev [22] 0x9f6:0x7 DW_TAG_enumerator
	.long	.Linfo_string265                @ DW_AT_name
	.ascii	"\226\001"                      @ DW_AT_const_value
	.byte	22                              @ Abbrev [22] 0x9fd:0x7 DW_TAG_enumerator
	.long	.Linfo_string266                @ DW_AT_name
	.ascii	"\231\001"                      @ DW_AT_const_value
	.byte	22                              @ Abbrev [22] 0xa04:0x7 DW_TAG_enumerator
	.long	.Linfo_string267                @ DW_AT_name
	.ascii	"\232\001"                      @ DW_AT_const_value
	.byte	22                              @ Abbrev [22] 0xa0b:0x7 DW_TAG_enumerator
	.long	.Linfo_string268                @ DW_AT_name
	.ascii	"\233\001"                      @ DW_AT_const_value
	.byte	22                              @ Abbrev [22] 0xa12:0x7 DW_TAG_enumerator
	.long	.Linfo_string269                @ DW_AT_name
	.ascii	"\234\001"                      @ DW_AT_const_value
	.byte	22                              @ Abbrev [22] 0xa19:0x7 DW_TAG_enumerator
	.long	.Linfo_string270                @ DW_AT_name
	.ascii	"\235\001"                      @ DW_AT_const_value
	.byte	22                              @ Abbrev [22] 0xa20:0x7 DW_TAG_enumerator
	.long	.Linfo_string271                @ DW_AT_name
	.ascii	"\236\001"                      @ DW_AT_const_value
	.byte	22                              @ Abbrev [22] 0xa27:0x7 DW_TAG_enumerator
	.long	.Linfo_string272                @ DW_AT_name
	.ascii	"\237\001"                      @ DW_AT_const_value
	.byte	22                              @ Abbrev [22] 0xa2e:0x7 DW_TAG_enumerator
	.long	.Linfo_string273                @ DW_AT_name
	.ascii	"\240\001"                      @ DW_AT_const_value
	.byte	22                              @ Abbrev [22] 0xa35:0x7 DW_TAG_enumerator
	.long	.Linfo_string274                @ DW_AT_name
	.ascii	"\241\001"                      @ DW_AT_const_value
	.byte	22                              @ Abbrev [22] 0xa3c:0x7 DW_TAG_enumerator
	.long	.Linfo_string275                @ DW_AT_name
	.ascii	"\242\001"                      @ DW_AT_const_value
	.byte	0                               @ End Of Children Mark
	.byte	9                               @ Abbrev [9] 0xa44:0x7 DW_TAG_base_type
	.long	.Linfo_string129                @ DW_AT_name
	.byte	5                               @ DW_AT_encoding
	.byte	2                               @ DW_AT_byte_size
	.byte	6                               @ Abbrev [6] 0xa4b:0x5 DW_TAG_pointer_type
	.long	2640                            @ DW_AT_type
	.byte	3                               @ Abbrev [3] 0xa50:0xc DW_TAG_typedef
	.long	2652                            @ DW_AT_type
	.long	.Linfo_string339                @ DW_AT_name
	.byte	2                               @ DW_AT_decl_file
	.short	1300                            @ DW_AT_decl_line
	.byte	23                              @ Abbrev [23] 0xa5c:0x35d DW_TAG_structure_type
	.short	304                             @ DW_AT_byte_size
	.byte	2                               @ DW_AT_decl_file
	.short	1232                            @ DW_AT_decl_line
	.byte	5                               @ Abbrev [5] 0xa62:0xd DW_TAG_member
	.long	.Linfo_string276                @ DW_AT_name
	.long	564                             @ DW_AT_type
	.byte	2                               @ DW_AT_decl_file
	.short	1234                            @ DW_AT_decl_line
	.byte	0                               @ DW_AT_data_member_location
	.byte	5                               @ Abbrev [5] 0xa6f:0xd DW_TAG_member
	.long	.Linfo_string277                @ DW_AT_name
	.long	564                             @ DW_AT_type
	.byte	2                               @ DW_AT_decl_file
	.short	1235                            @ DW_AT_decl_line
	.byte	4                               @ DW_AT_data_member_location
	.byte	5                               @ Abbrev [5] 0xa7c:0xd DW_TAG_member
	.long	.Linfo_string278                @ DW_AT_name
	.long	564                             @ DW_AT_type
	.byte	2                               @ DW_AT_decl_file
	.short	1236                            @ DW_AT_decl_line
	.byte	8                               @ DW_AT_data_member_location
	.byte	5                               @ Abbrev [5] 0xa89:0xd DW_TAG_member
	.long	.Linfo_string279                @ DW_AT_name
	.long	564                             @ DW_AT_type
	.byte	2                               @ DW_AT_decl_file
	.short	1237                            @ DW_AT_decl_line
	.byte	12                              @ DW_AT_data_member_location
	.byte	5                               @ Abbrev [5] 0xa96:0xd DW_TAG_member
	.long	.Linfo_string280                @ DW_AT_name
	.long	564                             @ DW_AT_type
	.byte	2                               @ DW_AT_decl_file
	.short	1238                            @ DW_AT_decl_line
	.byte	16                              @ DW_AT_data_member_location
	.byte	5                               @ Abbrev [5] 0xaa3:0xd DW_TAG_member
	.long	.Linfo_string27                 @ DW_AT_name
	.long	569                             @ DW_AT_type
	.byte	2                               @ DW_AT_decl_file
	.short	1239                            @ DW_AT_decl_line
	.byte	20                              @ DW_AT_data_member_location
	.byte	5                               @ Abbrev [5] 0xab0:0xd DW_TAG_member
	.long	.Linfo_string281                @ DW_AT_name
	.long	564                             @ DW_AT_type
	.byte	2                               @ DW_AT_decl_file
	.short	1240                            @ DW_AT_decl_line
	.byte	24                              @ DW_AT_data_member_location
	.byte	5                               @ Abbrev [5] 0xabd:0xd DW_TAG_member
	.long	.Linfo_string282                @ DW_AT_name
	.long	564                             @ DW_AT_type
	.byte	2                               @ DW_AT_decl_file
	.short	1241                            @ DW_AT_decl_line
	.byte	28                              @ DW_AT_data_member_location
	.byte	5                               @ Abbrev [5] 0xaca:0xd DW_TAG_member
	.long	.Linfo_string283                @ DW_AT_name
	.long	564                             @ DW_AT_type
	.byte	2                               @ DW_AT_decl_file
	.short	1242                            @ DW_AT_decl_line
	.byte	32                              @ DW_AT_data_member_location
	.byte	5                               @ Abbrev [5] 0xad7:0xd DW_TAG_member
	.long	.Linfo_string284                @ DW_AT_name
	.long	569                             @ DW_AT_type
	.byte	2                               @ DW_AT_decl_file
	.short	1243                            @ DW_AT_decl_line
	.byte	36                              @ DW_AT_data_member_location
	.byte	5                               @ Abbrev [5] 0xae4:0xd DW_TAG_member
	.long	.Linfo_string285                @ DW_AT_name
	.long	564                             @ DW_AT_type
	.byte	2                               @ DW_AT_decl_file
	.short	1244                            @ DW_AT_decl_line
	.byte	40                              @ DW_AT_data_member_location
	.byte	5                               @ Abbrev [5] 0xaf1:0xd DW_TAG_member
	.long	.Linfo_string286                @ DW_AT_name
	.long	564                             @ DW_AT_type
	.byte	2                               @ DW_AT_decl_file
	.short	1245                            @ DW_AT_decl_line
	.byte	44                              @ DW_AT_data_member_location
	.byte	5                               @ Abbrev [5] 0xafe:0xd DW_TAG_member
	.long	.Linfo_string287                @ DW_AT_name
	.long	564                             @ DW_AT_type
	.byte	2                               @ DW_AT_decl_file
	.short	1246                            @ DW_AT_decl_line
	.byte	48                              @ DW_AT_data_member_location
	.byte	5                               @ Abbrev [5] 0xb0b:0xd DW_TAG_member
	.long	.Linfo_string288                @ DW_AT_name
	.long	564                             @ DW_AT_type
	.byte	2                               @ DW_AT_decl_file
	.short	1247                            @ DW_AT_decl_line
	.byte	52                              @ DW_AT_data_member_location
	.byte	5                               @ Abbrev [5] 0xb18:0xd DW_TAG_member
	.long	.Linfo_string289                @ DW_AT_name
	.long	564                             @ DW_AT_type
	.byte	2                               @ DW_AT_decl_file
	.short	1248                            @ DW_AT_decl_line
	.byte	56                              @ DW_AT_data_member_location
	.byte	5                               @ Abbrev [5] 0xb25:0xd DW_TAG_member
	.long	.Linfo_string290                @ DW_AT_name
	.long	564                             @ DW_AT_type
	.byte	2                               @ DW_AT_decl_file
	.short	1249                            @ DW_AT_decl_line
	.byte	60                              @ DW_AT_data_member_location
	.byte	5                               @ Abbrev [5] 0xb32:0xd DW_TAG_member
	.long	.Linfo_string291                @ DW_AT_name
	.long	564                             @ DW_AT_type
	.byte	2                               @ DW_AT_decl_file
	.short	1250                            @ DW_AT_decl_line
	.byte	64                              @ DW_AT_data_member_location
	.byte	5                               @ Abbrev [5] 0xb3f:0xd DW_TAG_member
	.long	.Linfo_string292                @ DW_AT_name
	.long	564                             @ DW_AT_type
	.byte	2                               @ DW_AT_decl_file
	.short	1251                            @ DW_AT_decl_line
	.byte	68                              @ DW_AT_data_member_location
	.byte	5                               @ Abbrev [5] 0xb4c:0xd DW_TAG_member
	.long	.Linfo_string293                @ DW_AT_name
	.long	569                             @ DW_AT_type
	.byte	2                               @ DW_AT_decl_file
	.short	1252                            @ DW_AT_decl_line
	.byte	72                              @ DW_AT_data_member_location
	.byte	5                               @ Abbrev [5] 0xb59:0xd DW_TAG_member
	.long	.Linfo_string294                @ DW_AT_name
	.long	564                             @ DW_AT_type
	.byte	2                               @ DW_AT_decl_file
	.short	1253                            @ DW_AT_decl_line
	.byte	76                              @ DW_AT_data_member_location
	.byte	5                               @ Abbrev [5] 0xb66:0xd DW_TAG_member
	.long	.Linfo_string295                @ DW_AT_name
	.long	564                             @ DW_AT_type
	.byte	2                               @ DW_AT_decl_file
	.short	1254                            @ DW_AT_decl_line
	.byte	80                              @ DW_AT_data_member_location
	.byte	5                               @ Abbrev [5] 0xb73:0xd DW_TAG_member
	.long	.Linfo_string296                @ DW_AT_name
	.long	564                             @ DW_AT_type
	.byte	2                               @ DW_AT_decl_file
	.short	1255                            @ DW_AT_decl_line
	.byte	84                              @ DW_AT_data_member_location
	.byte	5                               @ Abbrev [5] 0xb80:0xd DW_TAG_member
	.long	.Linfo_string297                @ DW_AT_name
	.long	564                             @ DW_AT_type
	.byte	2                               @ DW_AT_decl_file
	.short	1256                            @ DW_AT_decl_line
	.byte	88                              @ DW_AT_data_member_location
	.byte	5                               @ Abbrev [5] 0xb8d:0xd DW_TAG_member
	.long	.Linfo_string298                @ DW_AT_name
	.long	569                             @ DW_AT_type
	.byte	2                               @ DW_AT_decl_file
	.short	1257                            @ DW_AT_decl_line
	.byte	92                              @ DW_AT_data_member_location
	.byte	5                               @ Abbrev [5] 0xb9a:0xd DW_TAG_member
	.long	.Linfo_string299                @ DW_AT_name
	.long	564                             @ DW_AT_type
	.byte	2                               @ DW_AT_decl_file
	.short	1258                            @ DW_AT_decl_line
	.byte	96                              @ DW_AT_data_member_location
	.byte	5                               @ Abbrev [5] 0xba7:0xd DW_TAG_member
	.long	.Linfo_string300                @ DW_AT_name
	.long	564                             @ DW_AT_type
	.byte	2                               @ DW_AT_decl_file
	.short	1259                            @ DW_AT_decl_line
	.byte	100                             @ DW_AT_data_member_location
	.byte	5                               @ Abbrev [5] 0xbb4:0xd DW_TAG_member
	.long	.Linfo_string301                @ DW_AT_name
	.long	564                             @ DW_AT_type
	.byte	2                               @ DW_AT_decl_file
	.short	1260                            @ DW_AT_decl_line
	.byte	104                             @ DW_AT_data_member_location
	.byte	5                               @ Abbrev [5] 0xbc1:0xd DW_TAG_member
	.long	.Linfo_string302                @ DW_AT_name
	.long	569                             @ DW_AT_type
	.byte	2                               @ DW_AT_decl_file
	.short	1261                            @ DW_AT_decl_line
	.byte	108                             @ DW_AT_data_member_location
	.byte	5                               @ Abbrev [5] 0xbce:0xd DW_TAG_member
	.long	.Linfo_string303                @ DW_AT_name
	.long	564                             @ DW_AT_type
	.byte	2                               @ DW_AT_decl_file
	.short	1262                            @ DW_AT_decl_line
	.byte	112                             @ DW_AT_data_member_location
	.byte	5                               @ Abbrev [5] 0xbdb:0xd DW_TAG_member
	.long	.Linfo_string92                 @ DW_AT_name
	.long	564                             @ DW_AT_type
	.byte	2                               @ DW_AT_decl_file
	.short	1263                            @ DW_AT_decl_line
	.byte	116                             @ DW_AT_data_member_location
	.byte	5                               @ Abbrev [5] 0xbe8:0xd DW_TAG_member
	.long	.Linfo_string304                @ DW_AT_name
	.long	569                             @ DW_AT_type
	.byte	2                               @ DW_AT_decl_file
	.short	1264                            @ DW_AT_decl_line
	.byte	120                             @ DW_AT_data_member_location
	.byte	5                               @ Abbrev [5] 0xbf5:0xd DW_TAG_member
	.long	.Linfo_string305                @ DW_AT_name
	.long	564                             @ DW_AT_type
	.byte	2                               @ DW_AT_decl_file
	.short	1265                            @ DW_AT_decl_line
	.byte	124                             @ DW_AT_data_member_location
	.byte	5                               @ Abbrev [5] 0xc02:0xd DW_TAG_member
	.long	.Linfo_string306                @ DW_AT_name
	.long	564                             @ DW_AT_type
	.byte	2                               @ DW_AT_decl_file
	.short	1266                            @ DW_AT_decl_line
	.byte	128                             @ DW_AT_data_member_location
	.byte	5                               @ Abbrev [5] 0xc0f:0xd DW_TAG_member
	.long	.Linfo_string307                @ DW_AT_name
	.long	564                             @ DW_AT_type
	.byte	2                               @ DW_AT_decl_file
	.short	1267                            @ DW_AT_decl_line
	.byte	132                             @ DW_AT_data_member_location
	.byte	5                               @ Abbrev [5] 0xc1c:0xd DW_TAG_member
	.long	.Linfo_string308                @ DW_AT_name
	.long	564                             @ DW_AT_type
	.byte	2                               @ DW_AT_decl_file
	.short	1268                            @ DW_AT_decl_line
	.byte	136                             @ DW_AT_data_member_location
	.byte	5                               @ Abbrev [5] 0xc29:0xd DW_TAG_member
	.long	.Linfo_string309                @ DW_AT_name
	.long	564                             @ DW_AT_type
	.byte	2                               @ DW_AT_decl_file
	.short	1269                            @ DW_AT_decl_line
	.byte	140                             @ DW_AT_data_member_location
	.byte	5                               @ Abbrev [5] 0xc36:0xd DW_TAG_member
	.long	.Linfo_string310                @ DW_AT_name
	.long	564                             @ DW_AT_type
	.byte	2                               @ DW_AT_decl_file
	.short	1270                            @ DW_AT_decl_line
	.byte	144                             @ DW_AT_data_member_location
	.byte	5                               @ Abbrev [5] 0xc43:0xd DW_TAG_member
	.long	.Linfo_string311                @ DW_AT_name
	.long	564                             @ DW_AT_type
	.byte	2                               @ DW_AT_decl_file
	.short	1271                            @ DW_AT_decl_line
	.byte	148                             @ DW_AT_data_member_location
	.byte	5                               @ Abbrev [5] 0xc50:0xd DW_TAG_member
	.long	.Linfo_string312                @ DW_AT_name
	.long	564                             @ DW_AT_type
	.byte	2                               @ DW_AT_decl_file
	.short	1272                            @ DW_AT_decl_line
	.byte	152                             @ DW_AT_data_member_location
	.byte	5                               @ Abbrev [5] 0xc5d:0xd DW_TAG_member
	.long	.Linfo_string313                @ DW_AT_name
	.long	564                             @ DW_AT_type
	.byte	2                               @ DW_AT_decl_file
	.short	1273                            @ DW_AT_decl_line
	.byte	156                             @ DW_AT_data_member_location
	.byte	5                               @ Abbrev [5] 0xc6a:0xd DW_TAG_member
	.long	.Linfo_string314                @ DW_AT_name
	.long	564                             @ DW_AT_type
	.byte	2                               @ DW_AT_decl_file
	.short	1274                            @ DW_AT_decl_line
	.byte	160                             @ DW_AT_data_member_location
	.byte	5                               @ Abbrev [5] 0xc77:0xd DW_TAG_member
	.long	.Linfo_string315                @ DW_AT_name
	.long	569                             @ DW_AT_type
	.byte	2                               @ DW_AT_decl_file
	.short	1275                            @ DW_AT_decl_line
	.byte	164                             @ DW_AT_data_member_location
	.byte	5                               @ Abbrev [5] 0xc84:0xd DW_TAG_member
	.long	.Linfo_string316                @ DW_AT_name
	.long	564                             @ DW_AT_type
	.byte	2                               @ DW_AT_decl_file
	.short	1276                            @ DW_AT_decl_line
	.byte	168                             @ DW_AT_data_member_location
	.byte	5                               @ Abbrev [5] 0xc91:0xd DW_TAG_member
	.long	.Linfo_string317                @ DW_AT_name
	.long	3513                            @ DW_AT_type
	.byte	2                               @ DW_AT_decl_file
	.short	1277                            @ DW_AT_decl_line
	.byte	172                             @ DW_AT_data_member_location
	.byte	5                               @ Abbrev [5] 0xc9e:0xd DW_TAG_member
	.long	.Linfo_string318                @ DW_AT_name
	.long	564                             @ DW_AT_type
	.byte	2                               @ DW_AT_decl_file
	.short	1278                            @ DW_AT_decl_line
	.byte	208                             @ DW_AT_data_member_location
	.byte	5                               @ Abbrev [5] 0xcab:0xd DW_TAG_member
	.long	.Linfo_string319                @ DW_AT_name
	.long	564                             @ DW_AT_type
	.byte	2                               @ DW_AT_decl_file
	.short	1279                            @ DW_AT_decl_line
	.byte	212                             @ DW_AT_data_member_location
	.byte	5                               @ Abbrev [5] 0xcb8:0xd DW_TAG_member
	.long	.Linfo_string320                @ DW_AT_name
	.long	564                             @ DW_AT_type
	.byte	2                               @ DW_AT_decl_file
	.short	1280                            @ DW_AT_decl_line
	.byte	216                             @ DW_AT_data_member_location
	.byte	5                               @ Abbrev [5] 0xcc5:0xd DW_TAG_member
	.long	.Linfo_string321                @ DW_AT_name
	.long	564                             @ DW_AT_type
	.byte	2                               @ DW_AT_decl_file
	.short	1281                            @ DW_AT_decl_line
	.byte	220                             @ DW_AT_data_member_location
	.byte	5                               @ Abbrev [5] 0xcd2:0xd DW_TAG_member
	.long	.Linfo_string322                @ DW_AT_name
	.long	564                             @ DW_AT_type
	.byte	2                               @ DW_AT_decl_file
	.short	1282                            @ DW_AT_decl_line
	.byte	224                             @ DW_AT_data_member_location
	.byte	5                               @ Abbrev [5] 0xcdf:0xd DW_TAG_member
	.long	.Linfo_string323                @ DW_AT_name
	.long	564                             @ DW_AT_type
	.byte	2                               @ DW_AT_decl_file
	.short	1283                            @ DW_AT_decl_line
	.byte	228                             @ DW_AT_data_member_location
	.byte	5                               @ Abbrev [5] 0xcec:0xd DW_TAG_member
	.long	.Linfo_string324                @ DW_AT_name
	.long	564                             @ DW_AT_type
	.byte	2                               @ DW_AT_decl_file
	.short	1284                            @ DW_AT_decl_line
	.byte	232                             @ DW_AT_data_member_location
	.byte	5                               @ Abbrev [5] 0xcf9:0xd DW_TAG_member
	.long	.Linfo_string325                @ DW_AT_name
	.long	564                             @ DW_AT_type
	.byte	2                               @ DW_AT_decl_file
	.short	1285                            @ DW_AT_decl_line
	.byte	236                             @ DW_AT_data_member_location
	.byte	5                               @ Abbrev [5] 0xd06:0xd DW_TAG_member
	.long	.Linfo_string326                @ DW_AT_name
	.long	564                             @ DW_AT_type
	.byte	2                               @ DW_AT_decl_file
	.short	1286                            @ DW_AT_decl_line
	.byte	240                             @ DW_AT_data_member_location
	.byte	5                               @ Abbrev [5] 0xd13:0xd DW_TAG_member
	.long	.Linfo_string327                @ DW_AT_name
	.long	564                             @ DW_AT_type
	.byte	2                               @ DW_AT_decl_file
	.short	1287                            @ DW_AT_decl_line
	.byte	244                             @ DW_AT_data_member_location
	.byte	5                               @ Abbrev [5] 0xd20:0xd DW_TAG_member
	.long	.Linfo_string328                @ DW_AT_name
	.long	569                             @ DW_AT_type
	.byte	2                               @ DW_AT_decl_file
	.short	1288                            @ DW_AT_decl_line
	.byte	248                             @ DW_AT_data_member_location
	.byte	5                               @ Abbrev [5] 0xd2d:0xd DW_TAG_member
	.long	.Linfo_string329                @ DW_AT_name
	.long	564                             @ DW_AT_type
	.byte	2                               @ DW_AT_decl_file
	.short	1289                            @ DW_AT_decl_line
	.byte	252                             @ DW_AT_data_member_location
	.byte	24                              @ Abbrev [24] 0xd3a:0xe DW_TAG_member
	.long	.Linfo_string330                @ DW_AT_name
	.long	564                             @ DW_AT_type
	.byte	2                               @ DW_AT_decl_file
	.short	1290                            @ DW_AT_decl_line
	.short	256                             @ DW_AT_data_member_location
	.byte	24                              @ Abbrev [24] 0xd48:0xe DW_TAG_member
	.long	.Linfo_string331                @ DW_AT_name
	.long	564                             @ DW_AT_type
	.byte	2                               @ DW_AT_decl_file
	.short	1291                            @ DW_AT_decl_line
	.short	260                             @ DW_AT_data_member_location
	.byte	24                              @ Abbrev [24] 0xd56:0xe DW_TAG_member
	.long	.Linfo_string332                @ DW_AT_name
	.long	564                             @ DW_AT_type
	.byte	2                               @ DW_AT_decl_file
	.short	1292                            @ DW_AT_decl_line
	.short	264                             @ DW_AT_data_member_location
	.byte	24                              @ Abbrev [24] 0xd64:0xe DW_TAG_member
	.long	.Linfo_string333                @ DW_AT_name
	.long	564                             @ DW_AT_type
	.byte	2                               @ DW_AT_decl_file
	.short	1293                            @ DW_AT_decl_line
	.short	268                             @ DW_AT_data_member_location
	.byte	24                              @ Abbrev [24] 0xd72:0xe DW_TAG_member
	.long	.Linfo_string334                @ DW_AT_name
	.long	564                             @ DW_AT_type
	.byte	2                               @ DW_AT_decl_file
	.short	1294                            @ DW_AT_decl_line
	.short	272                             @ DW_AT_data_member_location
	.byte	24                              @ Abbrev [24] 0xd80:0xe DW_TAG_member
	.long	.Linfo_string335                @ DW_AT_name
	.long	564                             @ DW_AT_type
	.byte	2                               @ DW_AT_decl_file
	.short	1295                            @ DW_AT_decl_line
	.short	276                             @ DW_AT_data_member_location
	.byte	24                              @ Abbrev [24] 0xd8e:0xe DW_TAG_member
	.long	.Linfo_string336                @ DW_AT_name
	.long	564                             @ DW_AT_type
	.byte	2                               @ DW_AT_decl_file
	.short	1296                            @ DW_AT_decl_line
	.short	280                             @ DW_AT_data_member_location
	.byte	24                              @ Abbrev [24] 0xd9c:0xe DW_TAG_member
	.long	.Linfo_string337                @ DW_AT_name
	.long	564                             @ DW_AT_type
	.byte	2                               @ DW_AT_decl_file
	.short	1297                            @ DW_AT_decl_line
	.short	284                             @ DW_AT_data_member_location
	.byte	24                              @ Abbrev [24] 0xdaa:0xe DW_TAG_member
	.long	.Linfo_string338                @ DW_AT_name
	.long	3525                            @ DW_AT_type
	.byte	2                               @ DW_AT_decl_file
	.short	1298                            @ DW_AT_decl_line
	.short	288                             @ DW_AT_data_member_location
	.byte	0                               @ End Of Children Mark
	.byte	14                              @ Abbrev [14] 0xdb9:0xc DW_TAG_array_type
	.long	569                             @ DW_AT_type
	.byte	15                              @ Abbrev [15] 0xdbe:0x6 DW_TAG_subrange_type
	.long	1458                            @ DW_AT_type
	.byte	9                               @ DW_AT_count
	.byte	0                               @ End Of Children Mark
	.byte	14                              @ Abbrev [14] 0xdc5:0xc DW_TAG_array_type
	.long	569                             @ DW_AT_type
	.byte	15                              @ Abbrev [15] 0xdca:0x6 DW_TAG_subrange_type
	.long	1458                            @ DW_AT_type
	.byte	4                               @ DW_AT_count
	.byte	0                               @ End Of Children Mark
	.byte	25                              @ Abbrev [25] 0xdd1:0x82 DW_TAG_subprogram
	.long	.Lfunc_begin0                   @ DW_AT_low_pc
	.long	.Lfunc_end0-.Lfunc_begin0       @ DW_AT_high_pc
	.byte	1                               @ DW_AT_frame_base
	.byte	93
	.long	.Linfo_string340                @ DW_AT_name
	.byte	6                               @ DW_AT_decl_file
	.byte	41                              @ DW_AT_decl_line
                                        @ DW_AT_prototyped
	.long	3701                            @ DW_AT_type
                                        @ DW_AT_external
	.byte	26                              @ Abbrev [26] 0xde6:0xe DW_TAG_formal_parameter
	.byte	2                               @ DW_AT_location
	.byte	145
	.byte	56
	.long	.Linfo_string344                @ DW_AT_name
	.byte	6                               @ DW_AT_decl_file
	.byte	41                              @ DW_AT_decl_line
	.long	569                             @ DW_AT_type
	.byte	27                              @ Abbrev [27] 0xdf4:0xe DW_TAG_variable
	.byte	2                               @ DW_AT_location
	.byte	145
	.byte	24
	.long	.Linfo_string345                @ DW_AT_name
	.byte	6                               @ DW_AT_decl_file
	.byte	43                              @ DW_AT_decl_line
	.long	3712                            @ DW_AT_type
	.byte	27                              @ Abbrev [27] 0xe02:0xe DW_TAG_variable
	.byte	2                               @ DW_AT_location
	.byte	145
	.byte	20
	.long	.Linfo_string355                @ DW_AT_name
	.byte	6                               @ DW_AT_decl_file
	.byte	44                              @ DW_AT_decl_line
	.long	569                             @ DW_AT_type
	.byte	27                              @ Abbrev [27] 0xe10:0xe DW_TAG_variable
	.byte	2                               @ DW_AT_location
	.byte	145
	.byte	16
	.long	.Linfo_string356                @ DW_AT_name
	.byte	6                               @ DW_AT_decl_file
	.byte	44                              @ DW_AT_decl_line
	.long	569                             @ DW_AT_type
	.byte	27                              @ Abbrev [27] 0xe1e:0xe DW_TAG_variable
	.byte	2                               @ DW_AT_location
	.byte	145
	.byte	12
	.long	.Linfo_string357                @ DW_AT_name
	.byte	6                               @ DW_AT_decl_file
	.byte	45                              @ DW_AT_decl_line
	.long	569                             @ DW_AT_type
	.byte	27                              @ Abbrev [27] 0xe2c:0xe DW_TAG_variable
	.byte	2                               @ DW_AT_location
	.byte	145
	.byte	8
	.long	.Linfo_string358                @ DW_AT_name
	.byte	6                               @ DW_AT_decl_file
	.byte	46                              @ DW_AT_decl_line
	.long	569                             @ DW_AT_type
	.byte	28                              @ Abbrev [28] 0xe3a:0x18 DW_TAG_lexical_block
	.long	.Ltmp6                          @ DW_AT_low_pc
	.long	.Ltmp7-.Ltmp6                   @ DW_AT_high_pc
	.byte	27                              @ Abbrev [27] 0xe43:0xe DW_TAG_variable
	.byte	2                               @ DW_AT_location
	.byte	145
	.byte	4
	.long	.Linfo_string359                @ DW_AT_name
	.byte	6                               @ DW_AT_decl_file
	.byte	63                              @ DW_AT_decl_line
	.long	564                             @ DW_AT_type
	.byte	0                               @ End Of Children Mark
	.byte	0                               @ End Of Children Mark
	.byte	29                              @ Abbrev [29] 0xe53:0x11 DW_TAG_subprogram
	.long	.Lfunc_begin1                   @ DW_AT_low_pc
	.long	.Lfunc_end1-.Lfunc_begin1       @ DW_AT_high_pc
	.byte	1                               @ DW_AT_frame_base
	.byte	93
	.long	.Linfo_string342                @ DW_AT_name
	.byte	6                               @ DW_AT_decl_file
	.byte	114                             @ DW_AT_decl_line
                                        @ DW_AT_prototyped
                                        @ DW_AT_external
	.byte	29                              @ Abbrev [29] 0xe64:0x11 DW_TAG_subprogram
	.long	.Lfunc_begin2                   @ DW_AT_low_pc
	.long	.Lfunc_end2-.Lfunc_begin2       @ DW_AT_high_pc
	.byte	1                               @ DW_AT_frame_base
	.byte	93
	.long	.Linfo_string343                @ DW_AT_name
	.byte	6                               @ DW_AT_decl_file
	.byte	126                             @ DW_AT_decl_line
                                        @ DW_AT_prototyped
                                        @ DW_AT_external
	.byte	8                               @ Abbrev [8] 0xe75:0xb DW_TAG_typedef
	.long	1636                            @ DW_AT_type
	.long	.Linfo_string341                @ DW_AT_name
	.byte	5                               @ DW_AT_decl_file
	.byte	45                              @ DW_AT_decl_line
	.byte	8                               @ Abbrev [8] 0xe80:0xb DW_TAG_typedef
	.long	3723                            @ DW_AT_type
	.long	.Linfo_string354                @ DW_AT_name
	.byte	7                               @ DW_AT_decl_file
	.byte	145                             @ DW_AT_decl_line
	.byte	10                              @ Abbrev [10] 0xe8b:0x65 DW_TAG_structure_type
	.byte	32                              @ DW_AT_byte_size
	.byte	7                               @ DW_AT_decl_file
	.byte	122                             @ DW_AT_decl_line
	.byte	11                              @ Abbrev [11] 0xe8f:0xc DW_TAG_member
	.long	.Linfo_string346                @ DW_AT_name
	.long	569                             @ DW_AT_type
	.byte	7                               @ DW_AT_decl_file
	.byte	124                             @ DW_AT_decl_line
	.byte	0                               @ DW_AT_data_member_location
	.byte	11                              @ Abbrev [11] 0xe9b:0xc DW_TAG_member
	.long	.Linfo_string347                @ DW_AT_name
	.long	569                             @ DW_AT_type
	.byte	7                               @ DW_AT_decl_file
	.byte	127                             @ DW_AT_decl_line
	.byte	4                               @ DW_AT_data_member_location
	.byte	11                              @ Abbrev [11] 0xea7:0xc DW_TAG_member
	.long	.Linfo_string348                @ DW_AT_name
	.long	569                             @ DW_AT_type
	.byte	7                               @ DW_AT_decl_file
	.byte	130                             @ DW_AT_decl_line
	.byte	8                               @ DW_AT_data_member_location
	.byte	11                              @ Abbrev [11] 0xeb3:0xc DW_TAG_member
	.long	.Linfo_string349                @ DW_AT_name
	.long	569                             @ DW_AT_type
	.byte	7                               @ DW_AT_decl_file
	.byte	133                             @ DW_AT_decl_line
	.byte	12                              @ DW_AT_data_member_location
	.byte	11                              @ Abbrev [11] 0xebf:0xc DW_TAG_member
	.long	.Linfo_string350                @ DW_AT_name
	.long	569                             @ DW_AT_type
	.byte	7                               @ DW_AT_decl_file
	.byte	136                             @ DW_AT_decl_line
	.byte	16                              @ DW_AT_data_member_location
	.byte	11                              @ Abbrev [11] 0xecb:0xc DW_TAG_member
	.long	.Linfo_string351                @ DW_AT_name
	.long	569                             @ DW_AT_type
	.byte	7                               @ DW_AT_decl_file
	.byte	139                             @ DW_AT_decl_line
	.byte	20                              @ DW_AT_data_member_location
	.byte	11                              @ Abbrev [11] 0xed7:0xc DW_TAG_member
	.long	.Linfo_string352                @ DW_AT_name
	.long	569                             @ DW_AT_type
	.byte	7                               @ DW_AT_decl_file
	.byte	141                             @ DW_AT_decl_line
	.byte	24                              @ DW_AT_data_member_location
	.byte	11                              @ Abbrev [11] 0xee3:0xc DW_TAG_member
	.long	.Linfo_string353                @ DW_AT_name
	.long	569                             @ DW_AT_type
	.byte	7                               @ DW_AT_decl_file
	.byte	143                             @ DW_AT_decl_line
	.byte	28                              @ DW_AT_data_member_location
	.byte	0                               @ End Of Children Mark
	.byte	0                               @ End Of Children Mark
.Ldebug_info_end0:
	.section	.debug_ranges,"",%progbits
.Ldebug_ranges0:
	.long	.Lfunc_begin0
	.long	.Lfunc_end0
	.long	.Lfunc_begin1
	.long	.Lfunc_end1
	.long	.Lfunc_begin2
	.long	.Lfunc_end2
	.long	0
	.long	0
	.section	.debug_str,"MS",%progbits,1
.Linfo_string0:
	.asciz	"Component: Arm Compiler for Embedded 6.24 Tool: armclang [5f371800]" @ string offset=0
.Linfo_string1:
	.asciz	"../Core/Src\\stm32h7xx_hal_timebase_tim.c" @ string offset=68
.Linfo_string2:
	.asciz	"D:\\RM_projects\\h7_final_4\\MDK-ARM" @ string offset=109
.Linfo_string3:
	.asciz	"htim2"                         @ string offset=143
.Linfo_string4:
	.asciz	"Instance"                      @ string offset=149
.Linfo_string5:
	.asciz	"CR1"                           @ string offset=158
.Linfo_string6:
	.asciz	"unsigned int"                  @ string offset=162
.Linfo_string7:
	.asciz	"uint32_t"                      @ string offset=175
.Linfo_string8:
	.asciz	"CR2"                           @ string offset=184
.Linfo_string9:
	.asciz	"SMCR"                          @ string offset=188
.Linfo_string10:
	.asciz	"DIER"                          @ string offset=193
.Linfo_string11:
	.asciz	"SR"                            @ string offset=198
.Linfo_string12:
	.asciz	"EGR"                           @ string offset=201
.Linfo_string13:
	.asciz	"CCMR1"                         @ string offset=205
.Linfo_string14:
	.asciz	"CCMR2"                         @ string offset=211
.Linfo_string15:
	.asciz	"CCER"                          @ string offset=217
.Linfo_string16:
	.asciz	"CNT"                           @ string offset=222
.Linfo_string17:
	.asciz	"PSC"                           @ string offset=226
.Linfo_string18:
	.asciz	"ARR"                           @ string offset=230
.Linfo_string19:
	.asciz	"RCR"                           @ string offset=234
.Linfo_string20:
	.asciz	"CCR1"                          @ string offset=238
.Linfo_string21:
	.asciz	"CCR2"                          @ string offset=243
.Linfo_string22:
	.asciz	"CCR3"                          @ string offset=248
.Linfo_string23:
	.asciz	"CCR4"                          @ string offset=253
.Linfo_string24:
	.asciz	"BDTR"                          @ string offset=258
.Linfo_string25:
	.asciz	"DCR"                           @ string offset=263
.Linfo_string26:
	.asciz	"DMAR"                          @ string offset=267
.Linfo_string27:
	.asciz	"RESERVED1"                     @ string offset=272
.Linfo_string28:
	.asciz	"CCMR3"                         @ string offset=282
.Linfo_string29:
	.asciz	"CCR5"                          @ string offset=288
.Linfo_string30:
	.asciz	"CCR6"                          @ string offset=293
.Linfo_string31:
	.asciz	"AF1"                           @ string offset=298
.Linfo_string32:
	.asciz	"AF2"                           @ string offset=302
.Linfo_string33:
	.asciz	"TISEL"                         @ string offset=306
.Linfo_string34:
	.asciz	"TIM_TypeDef"                   @ string offset=312
.Linfo_string35:
	.asciz	"Init"                          @ string offset=324
.Linfo_string36:
	.asciz	"Prescaler"                     @ string offset=329
.Linfo_string37:
	.asciz	"CounterMode"                   @ string offset=339
.Linfo_string38:
	.asciz	"Period"                        @ string offset=351
.Linfo_string39:
	.asciz	"ClockDivision"                 @ string offset=358
.Linfo_string40:
	.asciz	"RepetitionCounter"             @ string offset=372
.Linfo_string41:
	.asciz	"AutoReloadPreload"             @ string offset=390
.Linfo_string42:
	.asciz	"TIM_Base_InitTypeDef"          @ string offset=408
.Linfo_string43:
	.asciz	"Channel"                       @ string offset=429
.Linfo_string44:
	.asciz	"unsigned char"                 @ string offset=437
.Linfo_string45:
	.asciz	"HAL_TIM_ACTIVE_CHANNEL_1"      @ string offset=451
.Linfo_string46:
	.asciz	"HAL_TIM_ACTIVE_CHANNEL_2"      @ string offset=476
.Linfo_string47:
	.asciz	"HAL_TIM_ACTIVE_CHANNEL_3"      @ string offset=501
.Linfo_string48:
	.asciz	"HAL_TIM_ACTIVE_CHANNEL_4"      @ string offset=526
.Linfo_string49:
	.asciz	"HAL_TIM_ACTIVE_CHANNEL_5"      @ string offset=551
.Linfo_string50:
	.asciz	"HAL_TIM_ACTIVE_CHANNEL_6"      @ string offset=576
.Linfo_string51:
	.asciz	"HAL_TIM_ACTIVE_CHANNEL_CLEARED" @ string offset=601
.Linfo_string52:
	.asciz	"HAL_TIM_ActiveChannel"         @ string offset=632
.Linfo_string53:
	.asciz	"hdma"                          @ string offset=654
.Linfo_string54:
	.asciz	"Request"                       @ string offset=659
.Linfo_string55:
	.asciz	"Direction"                     @ string offset=667
.Linfo_string56:
	.asciz	"PeriphInc"                     @ string offset=677
.Linfo_string57:
	.asciz	"MemInc"                        @ string offset=687
.Linfo_string58:
	.asciz	"PeriphDataAlignment"           @ string offset=694
.Linfo_string59:
	.asciz	"MemDataAlignment"              @ string offset=714
.Linfo_string60:
	.asciz	"Mode"                          @ string offset=731
.Linfo_string61:
	.asciz	"Priority"                      @ string offset=736
.Linfo_string62:
	.asciz	"FIFOMode"                      @ string offset=745
.Linfo_string63:
	.asciz	"FIFOThreshold"                 @ string offset=754
.Linfo_string64:
	.asciz	"MemBurst"                      @ string offset=768
.Linfo_string65:
	.asciz	"PeriphBurst"                   @ string offset=777
.Linfo_string66:
	.asciz	"DMA_InitTypeDef"               @ string offset=789
.Linfo_string67:
	.asciz	"Lock"                          @ string offset=805
.Linfo_string68:
	.asciz	"HAL_UNLOCKED"                  @ string offset=810
.Linfo_string69:
	.asciz	"HAL_LOCKED"                    @ string offset=823
.Linfo_string70:
	.asciz	"HAL_LockTypeDef"               @ string offset=834
.Linfo_string71:
	.asciz	"State"                         @ string offset=850
.Linfo_string72:
	.asciz	"HAL_DMA_STATE_RESET"           @ string offset=856
.Linfo_string73:
	.asciz	"HAL_DMA_STATE_READY"           @ string offset=876
.Linfo_string74:
	.asciz	"HAL_DMA_STATE_BUSY"            @ string offset=896
.Linfo_string75:
	.asciz	"HAL_DMA_STATE_ERROR"           @ string offset=915
.Linfo_string76:
	.asciz	"HAL_DMA_STATE_ABORT"           @ string offset=935
.Linfo_string77:
	.asciz	"HAL_DMA_StateTypeDef"          @ string offset=955
.Linfo_string78:
	.asciz	"Parent"                        @ string offset=976
.Linfo_string79:
	.asciz	"XferCpltCallback"              @ string offset=983
.Linfo_string80:
	.asciz	"XferHalfCpltCallback"          @ string offset=1000
.Linfo_string81:
	.asciz	"XferM1CpltCallback"            @ string offset=1021
.Linfo_string82:
	.asciz	"XferM1HalfCpltCallback"        @ string offset=1040
.Linfo_string83:
	.asciz	"XferErrorCallback"             @ string offset=1063
.Linfo_string84:
	.asciz	"XferAbortCallback"             @ string offset=1081
.Linfo_string85:
	.asciz	"ErrorCode"                     @ string offset=1099
.Linfo_string86:
	.asciz	"StreamBaseAddress"             @ string offset=1109
.Linfo_string87:
	.asciz	"StreamIndex"                   @ string offset=1127
.Linfo_string88:
	.asciz	"DMAmuxChannel"                 @ string offset=1139
.Linfo_string89:
	.asciz	"CCR"                           @ string offset=1153
.Linfo_string90:
	.asciz	"DMAMUX_Channel_TypeDef"        @ string offset=1157
.Linfo_string91:
	.asciz	"DMAmuxChannelStatus"           @ string offset=1180
.Linfo_string92:
	.asciz	"CSR"                           @ string offset=1200
.Linfo_string93:
	.asciz	"CFR"                           @ string offset=1204
.Linfo_string94:
	.asciz	"DMAMUX_ChannelStatus_TypeDef"  @ string offset=1208
.Linfo_string95:
	.asciz	"DMAmuxChannelStatusMask"       @ string offset=1237
.Linfo_string96:
	.asciz	"DMAmuxRequestGen"              @ string offset=1261
.Linfo_string97:
	.asciz	"RGCR"                          @ string offset=1278
.Linfo_string98:
	.asciz	"DMAMUX_RequestGen_TypeDef"     @ string offset=1283
.Linfo_string99:
	.asciz	"DMAmuxRequestGenStatus"        @ string offset=1309
.Linfo_string100:
	.asciz	"RGSR"                          @ string offset=1332
.Linfo_string101:
	.asciz	"RGCFR"                         @ string offset=1337
.Linfo_string102:
	.asciz	"DMAMUX_RequestGenStatus_TypeDef" @ string offset=1343
.Linfo_string103:
	.asciz	"DMAmuxRequestGenStatusMask"    @ string offset=1375
.Linfo_string104:
	.asciz	"__DMA_HandleTypeDef"           @ string offset=1402
.Linfo_string105:
	.asciz	"DMA_HandleTypeDef"             @ string offset=1422
.Linfo_string106:
	.asciz	"__ARRAY_SIZE_TYPE__"           @ string offset=1440
.Linfo_string107:
	.asciz	"HAL_TIM_STATE_RESET"           @ string offset=1460
.Linfo_string108:
	.asciz	"HAL_TIM_STATE_READY"           @ string offset=1480
.Linfo_string109:
	.asciz	"HAL_TIM_STATE_BUSY"            @ string offset=1500
.Linfo_string110:
	.asciz	"HAL_TIM_STATE_TIMEOUT"         @ string offset=1519
.Linfo_string111:
	.asciz	"HAL_TIM_STATE_ERROR"           @ string offset=1541
.Linfo_string112:
	.asciz	"HAL_TIM_StateTypeDef"          @ string offset=1561
.Linfo_string113:
	.asciz	"ChannelState"                  @ string offset=1582
.Linfo_string114:
	.asciz	"HAL_TIM_CHANNEL_STATE_RESET"   @ string offset=1595
.Linfo_string115:
	.asciz	"HAL_TIM_CHANNEL_STATE_READY"   @ string offset=1623
.Linfo_string116:
	.asciz	"HAL_TIM_CHANNEL_STATE_BUSY"    @ string offset=1651
.Linfo_string117:
	.asciz	"HAL_TIM_ChannelStateTypeDef"   @ string offset=1678
.Linfo_string118:
	.asciz	"ChannelNState"                 @ string offset=1706
.Linfo_string119:
	.asciz	"DMABurstState"                 @ string offset=1720
.Linfo_string120:
	.asciz	"HAL_DMA_BURST_STATE_RESET"     @ string offset=1734
.Linfo_string121:
	.asciz	"HAL_DMA_BURST_STATE_READY"     @ string offset=1760
.Linfo_string122:
	.asciz	"HAL_DMA_BURST_STATE_BUSY"      @ string offset=1786
.Linfo_string123:
	.asciz	"HAL_TIM_DMABurstStateTypeDef"  @ string offset=1811
.Linfo_string124:
	.asciz	"TIM_HandleTypeDef"             @ string offset=1840
.Linfo_string125:
	.asciz	"HAL_OK"                        @ string offset=1858
.Linfo_string126:
	.asciz	"HAL_ERROR"                     @ string offset=1865
.Linfo_string127:
	.asciz	"HAL_BUSY"                      @ string offset=1875
.Linfo_string128:
	.asciz	"HAL_TIMEOUT"                   @ string offset=1884
.Linfo_string129:
	.asciz	"short"                         @ string offset=1896
.Linfo_string130:
	.asciz	"NonMaskableInt_IRQn"           @ string offset=1902
.Linfo_string131:
	.asciz	"HardFault_IRQn"                @ string offset=1922
.Linfo_string132:
	.asciz	"MemoryManagement_IRQn"         @ string offset=1937
.Linfo_string133:
	.asciz	"BusFault_IRQn"                 @ string offset=1959
.Linfo_string134:
	.asciz	"UsageFault_IRQn"               @ string offset=1973
.Linfo_string135:
	.asciz	"SVCall_IRQn"                   @ string offset=1989
.Linfo_string136:
	.asciz	"DebugMonitor_IRQn"             @ string offset=2001
.Linfo_string137:
	.asciz	"PendSV_IRQn"                   @ string offset=2019
.Linfo_string138:
	.asciz	"SysTick_IRQn"                  @ string offset=2031
.Linfo_string139:
	.asciz	"WWDG_IRQn"                     @ string offset=2044
.Linfo_string140:
	.asciz	"PVD_AVD_IRQn"                  @ string offset=2054
.Linfo_string141:
	.asciz	"TAMP_STAMP_IRQn"               @ string offset=2067
.Linfo_string142:
	.asciz	"RTC_WKUP_IRQn"                 @ string offset=2083
.Linfo_string143:
	.asciz	"FLASH_IRQn"                    @ string offset=2097
.Linfo_string144:
	.asciz	"RCC_IRQn"                      @ string offset=2108
.Linfo_string145:
	.asciz	"EXTI0_IRQn"                    @ string offset=2117
.Linfo_string146:
	.asciz	"EXTI1_IRQn"                    @ string offset=2128
.Linfo_string147:
	.asciz	"EXTI2_IRQn"                    @ string offset=2139
.Linfo_string148:
	.asciz	"EXTI3_IRQn"                    @ string offset=2150
.Linfo_string149:
	.asciz	"EXTI4_IRQn"                    @ string offset=2161
.Linfo_string150:
	.asciz	"DMA1_Stream0_IRQn"             @ string offset=2172
.Linfo_string151:
	.asciz	"DMA1_Stream1_IRQn"             @ string offset=2190
.Linfo_string152:
	.asciz	"DMA1_Stream2_IRQn"             @ string offset=2208
.Linfo_string153:
	.asciz	"DMA1_Stream3_IRQn"             @ string offset=2226
.Linfo_string154:
	.asciz	"DMA1_Stream4_IRQn"             @ string offset=2244
.Linfo_string155:
	.asciz	"DMA1_Stream5_IRQn"             @ string offset=2262
.Linfo_string156:
	.asciz	"DMA1_Stream6_IRQn"             @ string offset=2280
.Linfo_string157:
	.asciz	"ADC_IRQn"                      @ string offset=2298
.Linfo_string158:
	.asciz	"FDCAN1_IT0_IRQn"               @ string offset=2307
.Linfo_string159:
	.asciz	"FDCAN2_IT0_IRQn"               @ string offset=2323
.Linfo_string160:
	.asciz	"FDCAN1_IT1_IRQn"               @ string offset=2339
.Linfo_string161:
	.asciz	"FDCAN2_IT1_IRQn"               @ string offset=2355
.Linfo_string162:
	.asciz	"EXTI9_5_IRQn"                  @ string offset=2371
.Linfo_string163:
	.asciz	"TIM1_BRK_IRQn"                 @ string offset=2384
.Linfo_string164:
	.asciz	"TIM1_UP_IRQn"                  @ string offset=2398
.Linfo_string165:
	.asciz	"TIM1_TRG_COM_IRQn"             @ string offset=2411
.Linfo_string166:
	.asciz	"TIM1_CC_IRQn"                  @ string offset=2429
.Linfo_string167:
	.asciz	"TIM2_IRQn"                     @ string offset=2442
.Linfo_string168:
	.asciz	"TIM3_IRQn"                     @ string offset=2452
.Linfo_string169:
	.asciz	"TIM4_IRQn"                     @ string offset=2462
.Linfo_string170:
	.asciz	"I2C1_EV_IRQn"                  @ string offset=2472
.Linfo_string171:
	.asciz	"I2C1_ER_IRQn"                  @ string offset=2485
.Linfo_string172:
	.asciz	"I2C2_EV_IRQn"                  @ string offset=2498
.Linfo_string173:
	.asciz	"I2C2_ER_IRQn"                  @ string offset=2511
.Linfo_string174:
	.asciz	"SPI1_IRQn"                     @ string offset=2524
.Linfo_string175:
	.asciz	"SPI2_IRQn"                     @ string offset=2534
.Linfo_string176:
	.asciz	"USART1_IRQn"                   @ string offset=2544
.Linfo_string177:
	.asciz	"USART2_IRQn"                   @ string offset=2556
.Linfo_string178:
	.asciz	"USART3_IRQn"                   @ string offset=2568
.Linfo_string179:
	.asciz	"EXTI15_10_IRQn"                @ string offset=2580
.Linfo_string180:
	.asciz	"RTC_Alarm_IRQn"                @ string offset=2595
.Linfo_string181:
	.asciz	"TIM8_BRK_TIM12_IRQn"           @ string offset=2610
.Linfo_string182:
	.asciz	"TIM8_UP_TIM13_IRQn"            @ string offset=2630
.Linfo_string183:
	.asciz	"TIM8_TRG_COM_TIM14_IRQn"       @ string offset=2649
.Linfo_string184:
	.asciz	"TIM8_CC_IRQn"                  @ string offset=2673
.Linfo_string185:
	.asciz	"DMA1_Stream7_IRQn"             @ string offset=2686
.Linfo_string186:
	.asciz	"FMC_IRQn"                      @ string offset=2704
.Linfo_string187:
	.asciz	"SDMMC1_IRQn"                   @ string offset=2713
.Linfo_string188:
	.asciz	"TIM5_IRQn"                     @ string offset=2725
.Linfo_string189:
	.asciz	"SPI3_IRQn"                     @ string offset=2735
.Linfo_string190:
	.asciz	"UART4_IRQn"                    @ string offset=2745
.Linfo_string191:
	.asciz	"UART5_IRQn"                    @ string offset=2756
.Linfo_string192:
	.asciz	"TIM6_DAC_IRQn"                 @ string offset=2767
.Linfo_string193:
	.asciz	"TIM7_IRQn"                     @ string offset=2781
.Linfo_string194:
	.asciz	"DMA2_Stream0_IRQn"             @ string offset=2791
.Linfo_string195:
	.asciz	"DMA2_Stream1_IRQn"             @ string offset=2809
.Linfo_string196:
	.asciz	"DMA2_Stream2_IRQn"             @ string offset=2827
.Linfo_string197:
	.asciz	"DMA2_Stream3_IRQn"             @ string offset=2845
.Linfo_string198:
	.asciz	"DMA2_Stream4_IRQn"             @ string offset=2863
.Linfo_string199:
	.asciz	"ETH_IRQn"                      @ string offset=2881
.Linfo_string200:
	.asciz	"ETH_WKUP_IRQn"                 @ string offset=2890
.Linfo_string201:
	.asciz	"FDCAN_CAL_IRQn"                @ string offset=2904
.Linfo_string202:
	.asciz	"DMA2_Stream5_IRQn"             @ string offset=2919
.Linfo_string203:
	.asciz	"DMA2_Stream6_IRQn"             @ string offset=2937
.Linfo_string204:
	.asciz	"DMA2_Stream7_IRQn"             @ string offset=2955
.Linfo_string205:
	.asciz	"USART6_IRQn"                   @ string offset=2973
.Linfo_string206:
	.asciz	"I2C3_EV_IRQn"                  @ string offset=2985
.Linfo_string207:
	.asciz	"I2C3_ER_IRQn"                  @ string offset=2998
.Linfo_string208:
	.asciz	"OTG_HS_EP1_OUT_IRQn"           @ string offset=3011
.Linfo_string209:
	.asciz	"OTG_HS_EP1_IN_IRQn"            @ string offset=3031
.Linfo_string210:
	.asciz	"OTG_HS_WKUP_IRQn"              @ string offset=3050
.Linfo_string211:
	.asciz	"OTG_HS_IRQn"                   @ string offset=3067
.Linfo_string212:
	.asciz	"DCMI_PSSI_IRQn"                @ string offset=3079
.Linfo_string213:
	.asciz	"RNG_IRQn"                      @ string offset=3094
.Linfo_string214:
	.asciz	"FPU_IRQn"                      @ string offset=3103
.Linfo_string215:
	.asciz	"UART7_IRQn"                    @ string offset=3112
.Linfo_string216:
	.asciz	"UART8_IRQn"                    @ string offset=3123
.Linfo_string217:
	.asciz	"SPI4_IRQn"                     @ string offset=3134
.Linfo_string218:
	.asciz	"SPI5_IRQn"                     @ string offset=3144
.Linfo_string219:
	.asciz	"SPI6_IRQn"                     @ string offset=3154
.Linfo_string220:
	.asciz	"SAI1_IRQn"                     @ string offset=3164
.Linfo_string221:
	.asciz	"LTDC_IRQn"                     @ string offset=3174
.Linfo_string222:
	.asciz	"LTDC_ER_IRQn"                  @ string offset=3184
.Linfo_string223:
	.asciz	"DMA2D_IRQn"                    @ string offset=3197
.Linfo_string224:
	.asciz	"OCTOSPI1_IRQn"                 @ string offset=3208
.Linfo_string225:
	.asciz	"LPTIM1_IRQn"                   @ string offset=3222
.Linfo_string226:
	.asciz	"CEC_IRQn"                      @ string offset=3234
.Linfo_string227:
	.asciz	"I2C4_EV_IRQn"                  @ string offset=3243
.Linfo_string228:
	.asciz	"I2C4_ER_IRQn"                  @ string offset=3256
.Linfo_string229:
	.asciz	"SPDIF_RX_IRQn"                 @ string offset=3269
.Linfo_string230:
	.asciz	"DMAMUX1_OVR_IRQn"              @ string offset=3283
.Linfo_string231:
	.asciz	"DFSDM1_FLT0_IRQn"              @ string offset=3300
.Linfo_string232:
	.asciz	"DFSDM1_FLT1_IRQn"              @ string offset=3317
.Linfo_string233:
	.asciz	"DFSDM1_FLT2_IRQn"              @ string offset=3334
.Linfo_string234:
	.asciz	"DFSDM1_FLT3_IRQn"              @ string offset=3351
.Linfo_string235:
	.asciz	"SWPMI1_IRQn"                   @ string offset=3368
.Linfo_string236:
	.asciz	"TIM15_IRQn"                    @ string offset=3380
.Linfo_string237:
	.asciz	"TIM16_IRQn"                    @ string offset=3391
.Linfo_string238:
	.asciz	"TIM17_IRQn"                    @ string offset=3402
.Linfo_string239:
	.asciz	"MDIOS_WKUP_IRQn"               @ string offset=3413
.Linfo_string240:
	.asciz	"MDIOS_IRQn"                    @ string offset=3429
.Linfo_string241:
	.asciz	"MDMA_IRQn"                     @ string offset=3440
.Linfo_string242:
	.asciz	"SDMMC2_IRQn"                   @ string offset=3450
.Linfo_string243:
	.asciz	"HSEM1_IRQn"                    @ string offset=3462
.Linfo_string244:
	.asciz	"ADC3_IRQn"                     @ string offset=3473
.Linfo_string245:
	.asciz	"DMAMUX2_OVR_IRQn"              @ string offset=3483
.Linfo_string246:
	.asciz	"BDMA_Channel0_IRQn"            @ string offset=3500
.Linfo_string247:
	.asciz	"BDMA_Channel1_IRQn"            @ string offset=3519
.Linfo_string248:
	.asciz	"BDMA_Channel2_IRQn"            @ string offset=3538
.Linfo_string249:
	.asciz	"BDMA_Channel3_IRQn"            @ string offset=3557
.Linfo_string250:
	.asciz	"BDMA_Channel4_IRQn"            @ string offset=3576
.Linfo_string251:
	.asciz	"BDMA_Channel5_IRQn"            @ string offset=3595
.Linfo_string252:
	.asciz	"BDMA_Channel6_IRQn"            @ string offset=3614
.Linfo_string253:
	.asciz	"BDMA_Channel7_IRQn"            @ string offset=3633
.Linfo_string254:
	.asciz	"COMP_IRQn"                     @ string offset=3652
.Linfo_string255:
	.asciz	"LPTIM2_IRQn"                   @ string offset=3662
.Linfo_string256:
	.asciz	"LPTIM3_IRQn"                   @ string offset=3674
.Linfo_string257:
	.asciz	"LPTIM4_IRQn"                   @ string offset=3686
.Linfo_string258:
	.asciz	"LPTIM5_IRQn"                   @ string offset=3698
.Linfo_string259:
	.asciz	"LPUART1_IRQn"                  @ string offset=3710
.Linfo_string260:
	.asciz	"CRS_IRQn"                      @ string offset=3723
.Linfo_string261:
	.asciz	"ECC_IRQn"                      @ string offset=3732
.Linfo_string262:
	.asciz	"SAI4_IRQn"                     @ string offset=3741
.Linfo_string263:
	.asciz	"DTS_IRQn"                      @ string offset=3751
.Linfo_string264:
	.asciz	"WAKEUP_PIN_IRQn"               @ string offset=3760
.Linfo_string265:
	.asciz	"OCTOSPI2_IRQn"                 @ string offset=3776
.Linfo_string266:
	.asciz	"FMAC_IRQn"                     @ string offset=3790
.Linfo_string267:
	.asciz	"CORDIC_IRQn"                   @ string offset=3800
.Linfo_string268:
	.asciz	"UART9_IRQn"                    @ string offset=3812
.Linfo_string269:
	.asciz	"USART10_IRQn"                  @ string offset=3823
.Linfo_string270:
	.asciz	"I2C5_EV_IRQn"                  @ string offset=3836
.Linfo_string271:
	.asciz	"I2C5_ER_IRQn"                  @ string offset=3849
.Linfo_string272:
	.asciz	"FDCAN3_IT0_IRQn"               @ string offset=3862
.Linfo_string273:
	.asciz	"FDCAN3_IT1_IRQn"               @ string offset=3878
.Linfo_string274:
	.asciz	"TIM23_IRQn"                    @ string offset=3894
.Linfo_string275:
	.asciz	"TIM24_IRQn"                    @ string offset=3905
.Linfo_string276:
	.asciz	"CR"                            @ string offset=3916
.Linfo_string277:
	.asciz	"HSICFGR"                       @ string offset=3919
.Linfo_string278:
	.asciz	"CRRCR"                         @ string offset=3927
.Linfo_string279:
	.asciz	"CSICFGR"                       @ string offset=3933
.Linfo_string280:
	.asciz	"CFGR"                          @ string offset=3941
.Linfo_string281:
	.asciz	"D1CFGR"                        @ string offset=3946
.Linfo_string282:
	.asciz	"D2CFGR"                        @ string offset=3953
.Linfo_string283:
	.asciz	"D3CFGR"                        @ string offset=3960
.Linfo_string284:
	.asciz	"RESERVED2"                     @ string offset=3967
.Linfo_string285:
	.asciz	"PLLCKSELR"                     @ string offset=3977
.Linfo_string286:
	.asciz	"PLLCFGR"                       @ string offset=3987
.Linfo_string287:
	.asciz	"PLL1DIVR"                      @ string offset=3995
.Linfo_string288:
	.asciz	"PLL1FRACR"                     @ string offset=4004
.Linfo_string289:
	.asciz	"PLL2DIVR"                      @ string offset=4014
.Linfo_string290:
	.asciz	"PLL2FRACR"                     @ string offset=4023
.Linfo_string291:
	.asciz	"PLL3DIVR"                      @ string offset=4033
.Linfo_string292:
	.asciz	"PLL3FRACR"                     @ string offset=4042
.Linfo_string293:
	.asciz	"RESERVED3"                     @ string offset=4052
.Linfo_string294:
	.asciz	"D1CCIPR"                       @ string offset=4062
.Linfo_string295:
	.asciz	"D2CCIP1R"                      @ string offset=4070
.Linfo_string296:
	.asciz	"D2CCIP2R"                      @ string offset=4079
.Linfo_string297:
	.asciz	"D3CCIPR"                       @ string offset=4088
.Linfo_string298:
	.asciz	"RESERVED4"                     @ string offset=4096
.Linfo_string299:
	.asciz	"CIER"                          @ string offset=4106
.Linfo_string300:
	.asciz	"CIFR"                          @ string offset=4111
.Linfo_string301:
	.asciz	"CICR"                          @ string offset=4116
.Linfo_string302:
	.asciz	"RESERVED5"                     @ string offset=4121
.Linfo_string303:
	.asciz	"BDCR"                          @ string offset=4131
.Linfo_string304:
	.asciz	"RESERVED6"                     @ string offset=4136
.Linfo_string305:
	.asciz	"AHB3RSTR"                      @ string offset=4146
.Linfo_string306:
	.asciz	"AHB1RSTR"                      @ string offset=4155
.Linfo_string307:
	.asciz	"AHB2RSTR"                      @ string offset=4164
.Linfo_string308:
	.asciz	"AHB4RSTR"                      @ string offset=4173
.Linfo_string309:
	.asciz	"APB3RSTR"                      @ string offset=4182
.Linfo_string310:
	.asciz	"APB1LRSTR"                     @ string offset=4191
.Linfo_string311:
	.asciz	"APB1HRSTR"                     @ string offset=4201
.Linfo_string312:
	.asciz	"APB2RSTR"                      @ string offset=4211
.Linfo_string313:
	.asciz	"APB4RSTR"                      @ string offset=4220
.Linfo_string314:
	.asciz	"GCR"                           @ string offset=4229
.Linfo_string315:
	.asciz	"RESERVED8"                     @ string offset=4233
.Linfo_string316:
	.asciz	"D3AMR"                         @ string offset=4243
.Linfo_string317:
	.asciz	"RESERVED11"                    @ string offset=4249
.Linfo_string318:
	.asciz	"RSR"                           @ string offset=4260
.Linfo_string319:
	.asciz	"AHB3ENR"                       @ string offset=4264
.Linfo_string320:
	.asciz	"AHB1ENR"                       @ string offset=4272
.Linfo_string321:
	.asciz	"AHB2ENR"                       @ string offset=4280
.Linfo_string322:
	.asciz	"AHB4ENR"                       @ string offset=4288
.Linfo_string323:
	.asciz	"APB3ENR"                       @ string offset=4296
.Linfo_string324:
	.asciz	"APB1LENR"                      @ string offset=4304
.Linfo_string325:
	.asciz	"APB1HENR"                      @ string offset=4313
.Linfo_string326:
	.asciz	"APB2ENR"                       @ string offset=4322
.Linfo_string327:
	.asciz	"APB4ENR"                       @ string offset=4330
.Linfo_string328:
	.asciz	"RESERVED12"                    @ string offset=4338
.Linfo_string329:
	.asciz	"AHB3LPENR"                     @ string offset=4349
.Linfo_string330:
	.asciz	"AHB1LPENR"                     @ string offset=4359
.Linfo_string331:
	.asciz	"AHB2LPENR"                     @ string offset=4369
.Linfo_string332:
	.asciz	"AHB4LPENR"                     @ string offset=4379
.Linfo_string333:
	.asciz	"APB3LPENR"                     @ string offset=4389
.Linfo_string334:
	.asciz	"APB1LLPENR"                    @ string offset=4399
.Linfo_string335:
	.asciz	"APB1HLPENR"                    @ string offset=4410
.Linfo_string336:
	.asciz	"APB2LPENR"                     @ string offset=4421
.Linfo_string337:
	.asciz	"APB4LPENR"                     @ string offset=4431
.Linfo_string338:
	.asciz	"RESERVED13"                    @ string offset=4441
.Linfo_string339:
	.asciz	"RCC_TypeDef"                   @ string offset=4452
.Linfo_string340:
	.asciz	"HAL_InitTick"                  @ string offset=4464
.Linfo_string341:
	.asciz	"HAL_StatusTypeDef"             @ string offset=4477
.Linfo_string342:
	.asciz	"HAL_SuspendTick"               @ string offset=4495
.Linfo_string343:
	.asciz	"HAL_ResumeTick"                @ string offset=4511
.Linfo_string344:
	.asciz	"TickPriority"                  @ string offset=4526
.Linfo_string345:
	.asciz	"clkconfig"                     @ string offset=4539
.Linfo_string346:
	.asciz	"ClockType"                     @ string offset=4549
.Linfo_string347:
	.asciz	"SYSCLKSource"                  @ string offset=4559
.Linfo_string348:
	.asciz	"SYSCLKDivider"                 @ string offset=4572
.Linfo_string349:
	.asciz	"AHBCLKDivider"                 @ string offset=4586
.Linfo_string350:
	.asciz	"APB3CLKDivider"                @ string offset=4600
.Linfo_string351:
	.asciz	"APB1CLKDivider"                @ string offset=4615
.Linfo_string352:
	.asciz	"APB2CLKDivider"                @ string offset=4630
.Linfo_string353:
	.asciz	"APB4CLKDivider"                @ string offset=4645
.Linfo_string354:
	.asciz	"RCC_ClkInitTypeDef"            @ string offset=4660
.Linfo_string355:
	.asciz	"uwTimclock"                    @ string offset=4679
.Linfo_string356:
	.asciz	"uwAPB1Prescaler"               @ string offset=4690
.Linfo_string357:
	.asciz	"uwPrescalerValue"              @ string offset=4706
.Linfo_string358:
	.asciz	"pFLatency"                     @ string offset=4723
.Linfo_string359:
	.asciz	"tmpreg"                        @ string offset=4733
	.ident	"Component: Arm Compiler for Embedded 6.24 Tool: armclang [5f371800]"
	.section	".note.GNU-stack","",%progbits
	.eabi_attribute	30, 6	@ Tag_ABI_optimization_goals
	.ARM_attribute	16, 1	@ Tag_AV_eba
	.section	.debug_line,"",%progbits
.Lline_table_start0:
