	.text
	.syntax unified
	.eabi_attribute	67, "2.09"	@ Tag_conformance
	.cpu	cortex-m7
	.eabi_attribute	6, 13	@ Tag_CPU_arch
	.eabi_attribute	7, 77	@ Tag_CPU_arch_profile
	.eabi_attribute	8, 0	@ Tag_ARM_ISA_use
	.eabi_attribute	9, 2	@ Tag_THUMB_ISA_use
	.fpu	fpv5-d16
	.eabi_attribute	36, 1	@ Tag_FP_HP_extension
	.eabi_attribute	34, 1	@ Tag_CPU_unaligned_access
	.eabi_attribute	17, 1	@ Tag_ABI_PCS_GOT_use
	.eabi_attribute	20, 2	@ Tag_ABI_FP_denormal
	.eabi_attribute	21, 0	@ Tag_ABI_FP_exceptions
	.eabi_attribute	23, 1	@ Tag_ABI_FP_number_model
	.eabi_attribute	24, 1	@ Tag_ABI_align_needed
	.eabi_attribute	25, 1	@ Tag_ABI_align_preserved
	.eabi_attribute	28, 1	@ Tag_ABI_VFP_args
	.eabi_attribute	38, 1	@ Tag_ABI_FP_16bit_format
	.eabi_attribute	18, 2	@ Tag_ABI_PCS_wchar_t
	.eabi_attribute	26, 1	@ Tag_ABI_enum_size
	.eabi_attribute	14, 0	@ Tag_ABI_PCS_R9_use
	.file	"stm32h7xx_hal_spi.c"
	.file	1 "D:\\RM_projects\\h7_final_4\\MDK-ARM" "../Drivers/STM32H7xx_HAL_Driver/Inc\\stm32h7xx_hal_def.h"
	.file	2 "D:\\RM_projects\\h7_final_4\\MDK-ARM" "../Drivers/STM32H7xx_HAL_Driver/Inc\\stm32h7xx_hal_dma.h"
	.file	3 "D:\\RM_projects\\h7_final_4\\MDK-ARM" "../Drivers/STM32H7xx_HAL_Driver/Inc\\stm32h7xx_hal_spi.h"
	.file	4 "D:\\RM_projects\\h7_final_4\\MDK-ARM" "../Drivers/CMSIS/Device/ST/STM32H7xx/Include\\stm32h7xx.h"
	.file	5 "D:\\keil_1\\keil\\ARM\\ARMCLANG\\bin\\..\\include" "stdint.h"
	.file	6 "D:\\RM_projects\\h7_final_4\\MDK-ARM" "../Drivers/CMSIS/Device/ST/STM32H7xx/Include\\stm32h723xx.h"
	.section	.text.HAL_SPI_Init,"ax",%progbits
	.hidden	HAL_SPI_Init                    @ -- Begin function HAL_SPI_Init
	.globl	HAL_SPI_Init
	.p2align	3
	.type	HAL_SPI_Init,%function
	.code	16                              @ @HAL_SPI_Init
	.thumb_func
HAL_SPI_Init:
.Lfunc_begin0:
	.file	7 "D:\\RM_projects\\h7_final_4\\MDK-ARM" "../Drivers/STM32H7xx_HAL_Driver/Src/stm32h7xx_hal_spi.c"
	.loc	7 240 0                         @ ../Drivers/STM32H7xx_HAL_Driver/Src/stm32h7xx_hal_spi.c:240:0
	.fnstart
	.cfi_sections .debug_frame
	.cfi_startproc
@ %bb.0:
	.save	{r7, lr}
	push	{r7, lr}
	.cfi_def_cfa_offset 8
	.cfi_offset lr, -4
	.cfi_offset r7, -8
	.pad	#24
	sub	sp, #24
	.cfi_def_cfa_offset 32
	str	r0, [sp, #16]
.Ltmp0:
	.loc	7 248 7 prologue_end            @ ../Drivers/STM32H7xx_HAL_Driver/Src/stm32h7xx_hal_spi.c:248:7
	ldr	r0, [sp, #16]
.Ltmp1:
	.loc	7 248 7 is_stmt 0               @ ../Drivers/STM32H7xx_HAL_Driver/Src/stm32h7xx_hal_spi.c:248:7
	cbnz	r0, .LBB0_2
	b	.LBB0_1
.LBB0_1:
	.loc	7 0 7                           @ ../Drivers/STM32H7xx_HAL_Driver/Src/stm32h7xx_hal_spi.c:0:7
	movs	r0, #1
.Ltmp2:
	.loc	7 250 5 is_stmt 1               @ ../Drivers/STM32H7xx_HAL_Driver/Src/stm32h7xx_hal_spi.c:250:5
	strb.w	r0, [sp, #23]
	b	.LBB0_35
.Ltmp3:
.LBB0_2:
	.loc	7 264 7                         @ ../Drivers/STM32H7xx_HAL_Driver/Src/stm32h7xx_hal_spi.c:264:7
	ldr	r0, [sp, #16]
	.loc	7 264 18 is_stmt 0              @ ../Drivers/STM32H7xx_HAL_Driver/Src/stm32h7xx_hal_spi.c:264:18
	ldr	r0, [r0, #36]
.Ltmp4:
	.loc	7 264 7                         @ ../Drivers/STM32H7xx_HAL_Driver/Src/stm32h7xx_hal_spi.c:264:7
	cbnz	r0, .LBB0_4
	b	.LBB0_3
.LBB0_3:
.Ltmp5:
	.loc	7 268 3 is_stmt 1               @ ../Drivers/STM32H7xx_HAL_Driver/Src/stm32h7xx_hal_spi.c:268:3
	b	.LBB0_4
.Ltmp6:
.LBB0_4:
	.loc	7 279 3                         @ ../Drivers/STM32H7xx_HAL_Driver/Src/stm32h7xx_hal_spi.c:279:3
	ldr	r1, [sp, #16]
	movs	r0, #0
	.loc	7 279 29 is_stmt 0              @ ../Drivers/STM32H7xx_HAL_Driver/Src/stm32h7xx_hal_spi.c:279:29
	str	r0, [r1, #40]
.Ltmp7:
	.loc	7 283 9 is_stmt 1               @ ../Drivers/STM32H7xx_HAL_Driver/Src/stm32h7xx_hal_spi.c:283:9
	ldr	r0, [sp, #16]
	ldr	r0, [r0]
	movw	r1, #12288
	movt	r1, #16385
	cmp	r0, r1
	beq	.LBB0_9
	b	.LBB0_5
.LBB0_5:
	ldr	r0, [sp, #16]
	ldr	r0, [r0]
	movw	r1, #14336
	movt	r1, #16384
	cmp	r0, r1
	beq	.LBB0_9
	b	.LBB0_6
.LBB0_6:
	ldr	r0, [sp, #16]
	ldr	r0, [r0]
	movw	r1, #15360
	movt	r1, #16384
	.loc	7 283 50 is_stmt 0              @ ../Drivers/STM32H7xx_HAL_Driver/Src/stm32h7xx_hal_spi.c:283:50
	cmp	r0, r1
	beq	.LBB0_9
	b	.LBB0_7
.LBB0_7:
	.loc	7 283 54                        @ ../Drivers/STM32H7xx_HAL_Driver/Src/stm32h7xx_hal_spi.c:283:54
	ldr	r0, [sp, #16]
	.loc	7 283 65                        @ ../Drivers/STM32H7xx_HAL_Driver/Src/stm32h7xx_hal_spi.c:283:65
	ldr	r0, [r0, #12]
.Ltmp8:
	.loc	7 283 7                         @ ../Drivers/STM32H7xx_HAL_Driver/Src/stm32h7xx_hal_spi.c:283:7
	cmp	r0, #16
	blo	.LBB0_9
	b	.LBB0_8
.LBB0_8:
	.loc	7 0 7                           @ ../Drivers/STM32H7xx_HAL_Driver/Src/stm32h7xx_hal_spi.c:0:7
	movs	r0, #1
.Ltmp9:
	.loc	7 285 5 is_stmt 1               @ ../Drivers/STM32H7xx_HAL_Driver/Src/stm32h7xx_hal_spi.c:285:5
	strb.w	r0, [sp, #23]
	b	.LBB0_35
.Ltmp10:
.LBB0_9:
	.loc	7 289 37                        @ ../Drivers/STM32H7xx_HAL_Driver/Src/stm32h7xx_hal_spi.c:289:37
	ldr	r0, [sp, #16]
	.loc	7 289 19 is_stmt 0              @ ../Drivers/STM32H7xx_HAL_Driver/Src/stm32h7xx_hal_spi.c:289:19
	bl	SPI_GetPacketSize
	.loc	7 289 17                        @ ../Drivers/STM32H7xx_HAL_Driver/Src/stm32h7xx_hal_spi.c:289:17
	str	r0, [sp, #8]
.Ltmp11:
	.loc	7 290 10 is_stmt 1              @ ../Drivers/STM32H7xx_HAL_Driver/Src/stm32h7xx_hal_spi.c:290:10
	ldr	r0, [sp, #16]
	ldr	r0, [r0]
	movw	r1, #12288
	movt	r1, #16385
	cmp	r0, r1
	beq	.LBB0_13
	b	.LBB0_10
.LBB0_10:
	ldr	r0, [sp, #16]
	ldr	r0, [r0]
	movw	r1, #14336
	movt	r1, #16384
	cmp	r0, r1
	beq	.LBB0_13
	b	.LBB0_11
.LBB0_11:
	ldr	r0, [sp, #16]
	ldr	r0, [r0]
	movw	r1, #15360
	movt	r1, #16384
	.loc	7 290 51 is_stmt 0              @ ../Drivers/STM32H7xx_HAL_Driver/Src/stm32h7xx_hal_spi.c:290:51
	cmp	r0, r1
	beq	.LBB0_13
	b	.LBB0_12
.LBB0_12:
	.loc	7 290 55                        @ ../Drivers/STM32H7xx_HAL_Driver/Src/stm32h7xx_hal_spi.c:290:55
	ldr	r0, [sp, #8]
	.loc	7 290 94                        @ ../Drivers/STM32H7xx_HAL_Driver/Src/stm32h7xx_hal_spi.c:290:94
	cmp	r0, #8
	bhi	.LBB0_17
	b	.LBB0_13
.LBB0_13:
	.loc	7 291 9 is_stmt 1               @ ../Drivers/STM32H7xx_HAL_Driver/Src/stm32h7xx_hal_spi.c:291:9
	ldr	r0, [sp, #16]
	ldr	r0, [r0]
	movw	r1, #12288
	movt	r1, #16385
	cmp	r0, r1
	beq	.LBB0_16
	b	.LBB0_14
.LBB0_14:
	ldr	r0, [sp, #16]
	ldr	r0, [r0]
	movw	r1, #14336
	movt	r1, #16384
	cmp	r0, r1
	beq	.LBB0_16
	b	.LBB0_15
.LBB0_15:
	ldr	r0, [sp, #16]
	ldr	r0, [r0]
	movw	r1, #15360
	movt	r1, #16384
	.loc	7 291 50 is_stmt 0              @ ../Drivers/STM32H7xx_HAL_Driver/Src/stm32h7xx_hal_spi.c:291:50
	cmp	r0, r1
	bne	.LBB0_18
	b	.LBB0_16
.LBB0_16:
	.loc	7 291 54                        @ ../Drivers/STM32H7xx_HAL_Driver/Src/stm32h7xx_hal_spi.c:291:54
	ldr	r0, [sp, #8]
.Ltmp12:
	.loc	7 290 7 is_stmt 1               @ ../Drivers/STM32H7xx_HAL_Driver/Src/stm32h7xx_hal_spi.c:290:7
	cmp	r0, #17
	blo	.LBB0_18
	b	.LBB0_17
.LBB0_17:
	.loc	7 0 7 is_stmt 0                 @ ../Drivers/STM32H7xx_HAL_Driver/Src/stm32h7xx_hal_spi.c:0:7
	movs	r0, #1
.Ltmp13:
	.loc	7 293 5 is_stmt 1               @ ../Drivers/STM32H7xx_HAL_Driver/Src/stm32h7xx_hal_spi.c:293:5
	strb.w	r0, [sp, #23]
	b	.LBB0_35
.Ltmp14:
.LBB0_18:
	.loc	7 330 7                         @ ../Drivers/STM32H7xx_HAL_Driver/Src/stm32h7xx_hal_spi.c:330:7
	ldr	r0, [sp, #16]
	.loc	7 330 13 is_stmt 0              @ ../Drivers/STM32H7xx_HAL_Driver/Src/stm32h7xx_hal_spi.c:330:13
	ldrb.w	r0, [r0, #129]
.Ltmp15:
	.loc	7 330 7                         @ ../Drivers/STM32H7xx_HAL_Driver/Src/stm32h7xx_hal_spi.c:330:7
	cbnz	r0, .LBB0_20
	b	.LBB0_19
.LBB0_19:
.Ltmp16:
	.loc	7 333 5 is_stmt 1               @ ../Drivers/STM32H7xx_HAL_Driver/Src/stm32h7xx_hal_spi.c:333:5
	ldr	r1, [sp, #16]
	movs	r0, #0
	.loc	7 333 16 is_stmt 0              @ ../Drivers/STM32H7xx_HAL_Driver/Src/stm32h7xx_hal_spi.c:333:16
	strb.w	r0, [r1, #128]
	.loc	7 356 21 is_stmt 1              @ ../Drivers/STM32H7xx_HAL_Driver/Src/stm32h7xx_hal_spi.c:356:21
	ldr	r0, [sp, #16]
	.loc	7 356 5 is_stmt 0               @ ../Drivers/STM32H7xx_HAL_Driver/Src/stm32h7xx_hal_spi.c:356:5
	bl	HAL_SPI_MspInit
	.loc	7 358 3 is_stmt 1               @ ../Drivers/STM32H7xx_HAL_Driver/Src/stm32h7xx_hal_spi.c:358:3
	b	.LBB0_20
.Ltmp17:
.LBB0_20:
	.loc	7 360 3                         @ ../Drivers/STM32H7xx_HAL_Driver/Src/stm32h7xx_hal_spi.c:360:3
	ldr	r1, [sp, #16]
	movs	r0, #2
	.loc	7 360 15 is_stmt 0              @ ../Drivers/STM32H7xx_HAL_Driver/Src/stm32h7xx_hal_spi.c:360:15
	strb.w	r0, [r1, #129]
	.loc	7 363 3 is_stmt 1               @ ../Drivers/STM32H7xx_HAL_Driver/Src/stm32h7xx_hal_spi.c:363:3
	ldr	r0, [sp, #16]
	ldr	r1, [r0]
	ldr	r0, [r1]
	bic	r0, r0, #1
	str	r0, [r1]
	.loc	7 367 16                        @ ../Drivers/STM32H7xx_HAL_Driver/Src/stm32h7xx_hal_spi.c:367:16
	ldr	r0, [sp, #16]
	.loc	7 367 22 is_stmt 0              @ ../Drivers/STM32H7xx_HAL_Driver/Src/stm32h7xx_hal_spi.c:367:22
	ldr	r0, [r0]
	.loc	7 367 32                        @ ../Drivers/STM32H7xx_HAL_Driver/Src/stm32h7xx_hal_spi.c:367:32
	ldr	r0, [r0, #8]
	.loc	7 367 37                        @ ../Drivers/STM32H7xx_HAL_Driver/Src/stm32h7xx_hal_spi.c:367:37
	and	r0, r0, #2031616
	.loc	7 367 14                        @ ../Drivers/STM32H7xx_HAL_Driver/Src/stm32h7xx_hal_spi.c:367:14
	str	r0, [sp, #12]
.Ltmp18:
	.loc	7 375 8 is_stmt 1               @ ../Drivers/STM32H7xx_HAL_Driver/Src/stm32h7xx_hal_spi.c:375:8
	ldr	r0, [sp, #16]
	.loc	7 375 19 is_stmt 0              @ ../Drivers/STM32H7xx_HAL_Driver/Src/stm32h7xx_hal_spi.c:375:19
	ldr	r0, [r0, #24]
	.loc	7 375 40                        @ ../Drivers/STM32H7xx_HAL_Driver/Src/stm32h7xx_hal_spi.c:375:40
	cmp.w	r0, #67108864
	bne	.LBB0_26
	b	.LBB0_21
.LBB0_21:
	.loc	7 375 46                        @ ../Drivers/STM32H7xx_HAL_Driver/Src/stm32h7xx_hal_spi.c:375:46
	ldr	r0, [sp, #16]
	.loc	7 375 57                        @ ../Drivers/STM32H7xx_HAL_Driver/Src/stm32h7xx_hal_spi.c:375:57
	ldr	r0, [r0, #4]
	.loc	7 375 82                        @ ../Drivers/STM32H7xx_HAL_Driver/Src/stm32h7xx_hal_spi.c:375:82
	cmp.w	r0, #4194304
	bne	.LBB0_23
	b	.LBB0_22
.LBB0_22:
	.loc	7 376 46 is_stmt 1              @ ../Drivers/STM32H7xx_HAL_Driver/Src/stm32h7xx_hal_spi.c:376:46
	ldr	r0, [sp, #16]
	.loc	7 376 57 is_stmt 0              @ ../Drivers/STM32H7xx_HAL_Driver/Src/stm32h7xx_hal_spi.c:376:57
	ldr	r0, [r0, #56]
	.loc	7 376 95                        @ ../Drivers/STM32H7xx_HAL_Driver/Src/stm32h7xx_hal_spi.c:376:95
	cbz	r0, .LBB0_25
	b	.LBB0_23
.LBB0_23:
	.loc	7 377 46 is_stmt 1              @ ../Drivers/STM32H7xx_HAL_Driver/Src/stm32h7xx_hal_spi.c:377:46
	ldr	r0, [sp, #16]
	.loc	7 377 57 is_stmt 0              @ ../Drivers/STM32H7xx_HAL_Driver/Src/stm32h7xx_hal_spi.c:377:57
	ldr	r0, [r0, #4]
	.loc	7 377 81                        @ ../Drivers/STM32H7xx_HAL_Driver/Src/stm32h7xx_hal_spi.c:377:81
	cbnz	r0, .LBB0_26
	b	.LBB0_24
.LBB0_24:
	.loc	7 378 46 is_stmt 1              @ ../Drivers/STM32H7xx_HAL_Driver/Src/stm32h7xx_hal_spi.c:378:46
	ldr	r0, [sp, #16]
	.loc	7 378 57 is_stmt 0              @ ../Drivers/STM32H7xx_HAL_Driver/Src/stm32h7xx_hal_spi.c:378:57
	ldr	r0, [r0, #56]
.Ltmp19:
	.loc	7 375 7 is_stmt 1               @ ../Drivers/STM32H7xx_HAL_Driver/Src/stm32h7xx_hal_spi.c:375:7
	cmp.w	r0, #268435456
	bne	.LBB0_26
	b	.LBB0_25
.LBB0_25:
.Ltmp20:
	.loc	7 380 5                         @ ../Drivers/STM32H7xx_HAL_Driver/Src/stm32h7xx_hal_spi.c:380:5
	ldr	r0, [sp, #16]
	ldr	r1, [r0]
	ldr	r0, [r1]
	orr	r0, r0, #4096
	str	r0, [r1]
	.loc	7 381 3                         @ ../Drivers/STM32H7xx_HAL_Driver/Src/stm32h7xx_hal_spi.c:381:3
	b	.LBB0_26
.Ltmp21:
.LBB0_26:
	.loc	7 384 9                         @ ../Drivers/STM32H7xx_HAL_Driver/Src/stm32h7xx_hal_spi.c:384:9
	ldr	r0, [sp, #16]
	.loc	7 384 64 is_stmt 0              @ ../Drivers/STM32H7xx_HAL_Driver/Src/stm32h7xx_hal_spi.c:384:64
	ldrb	r0, [r0, #6]
	lsls	r0, r0, #25
	cmp	r0, #0
	bpl	.LBB0_29
	b	.LBB0_27
.LBB0_27:
	.loc	7 384 68                        @ ../Drivers/STM32H7xx_HAL_Driver/Src/stm32h7xx_hal_spi.c:384:68
	ldr	r0, [sp, #16]
	.loc	7 384 79                        @ ../Drivers/STM32H7xx_HAL_Driver/Src/stm32h7xx_hal_spi.c:384:79
	ldr	r0, [r0, #12]
.Ltmp22:
	.loc	7 384 7                         @ ../Drivers/STM32H7xx_HAL_Driver/Src/stm32h7xx_hal_spi.c:384:7
	cmp	r0, #7
	blo	.LBB0_29
	b	.LBB0_28
.LBB0_28:
.Ltmp23:
	.loc	7 386 5 is_stmt 1               @ ../Drivers/STM32H7xx_HAL_Driver/Src/stm32h7xx_hal_spi.c:386:5
	ldr	r0, [sp, #16]
	ldr	r0, [r0]
	ldr	r0, [r0]
	bic	r0, r0, #256
	ldr	r2, [sp, #16]
	ldr	r1, [r2]
	ldr	r2, [r2, #80]
	orrs	r0, r2
	str	r0, [r1]
	.loc	7 387 3                         @ ../Drivers/STM32H7xx_HAL_Driver/Src/stm32h7xx_hal_spi.c:387:3
	b	.LBB0_30
.Ltmp24:
.LBB0_29:
	.loc	7 390 5                         @ ../Drivers/STM32H7xx_HAL_Driver/Src/stm32h7xx_hal_spi.c:390:5
	ldr	r0, [sp, #16]
	ldr	r1, [r0]
	ldr	r0, [r1]
	bic	r0, r0, #256
	str	r0, [r1]
	b	.LBB0_30
.Ltmp25:
.LBB0_30:
	.loc	7 394 3                         @ ../Drivers/STM32H7xx_HAL_Driver/Src/stm32h7xx_hal_spi.c:394:3
	ldr	r3, [sp, #16]
	ldr	r1, [r3]
	ldr	r2, [r3, #12]
	ldr	r0, [r3, #28]
	ldr.w	r12, [r3, #40]
	orr.w	r0, r0, r12
	ldr.w	r12, [sp, #12]
	orr.w	r0, r0, r12
	ldr	r3, [r3, #60]
	orrs	r0, r3
	orrs	r0, r2
	str	r0, [r1, #8]
	.loc	7 398 3                         @ ../Drivers/STM32H7xx_HAL_Driver/Src/stm32h7xx_hal_spi.c:398:3
	ldr	r2, [sp, #16]
	str	r2, [sp, #4]                    @ 4-byte Spill
	ldr	r0, [r2, #52]
	ldr	r1, [r2, #36]
	orrs	r0, r1
	ldr	r1, [r2, #56]
	orrs	r0, r1
	ldr	r1, [r2, #24]
	orrs	r0, r1
	ldr	r1, [r2]
	ldr.w	r12, [r2, #4]
	ldr	r3, [r2, #8]
	ldr.w	lr, [r2, #16]
	orr.w	r0, r0, lr
	ldr.w	lr, [r2, #20]
	orr.w	r0, r0, lr
	ldr.w	lr, [r2, #32]
	orr.w	r0, r0, lr
	orr.w	r0, r0, r12
	ldr.w	r12, [r2, #76]
	orr.w	r0, r0, r12
	orrs	r0, r3
	ldr	r3, [r2, #72]
	orrs	r0, r3
	ldr	r2, [r2, #88]
	orrs	r0, r2
	str	r0, [r1, #12]
.Ltmp26:
	.loc	7 453 7                         @ ../Drivers/STM32H7xx_HAL_Driver/Src/stm32h7xx_hal_spi.c:453:7
	ldr	r0, [sp, #16]
	.loc	7 453 18 is_stmt 0              @ ../Drivers/STM32H7xx_HAL_Driver/Src/stm32h7xx_hal_spi.c:453:18
	ldr	r0, [r0, #4]
.Ltmp27:
	.loc	7 453 7                         @ ../Drivers/STM32H7xx_HAL_Driver/Src/stm32h7xx_hal_spi.c:453:7
	cbnz	r0, .LBB0_32
	b	.LBB0_31
.LBB0_31:
.Ltmp28:
	.loc	7 460 7 is_stmt 1               @ ../Drivers/STM32H7xx_HAL_Driver/Src/stm32h7xx_hal_spi.c:460:7
	ldr	r0, [sp, #16]
	ldr	r0, [r0]
	ldr	r0, [r0, #8]
	movs	r1, #1
	bfi	r0, r1, #11, #2
	ldr	r1, [sp, #16]
	ldr	r1, [r1]
	str	r0, [r1, #8]
.Ltmp29:
	.loc	7 462 5                         @ ../Drivers/STM32H7xx_HAL_Driver/Src/stm32h7xx_hal_spi.c:462:5
	ldr	r0, [sp, #16]
	ldr	r0, [r0]
	ldr	r0, [r0, #8]
	movs	r1, #2
	bfi	r0, r1, #9, #2
	ldr	r1, [sp, #16]
	ldr	r1, [r1]
	str	r0, [r1, #8]
	.loc	7 463 3                         @ ../Drivers/STM32H7xx_HAL_Driver/Src/stm32h7xx_hal_spi.c:463:3
	b	.LBB0_32
.Ltmp30:
.LBB0_32:
	.loc	7 467 3                         @ ../Drivers/STM32H7xx_HAL_Driver/Src/stm32h7xx_hal_spi.c:467:3
	ldr	r0, [sp, #16]
	ldr	r1, [r0]
	ldr	r0, [r1, #80]
	bic	r0, r0, #1
	str	r0, [r1, #80]
.Ltmp31:
	.loc	7 471 8                         @ ../Drivers/STM32H7xx_HAL_Driver/Src/stm32h7xx_hal_spi.c:471:8
	ldr	r0, [sp, #16]
.Ltmp32:
	.loc	7 471 7 is_stmt 0               @ ../Drivers/STM32H7xx_HAL_Driver/Src/stm32h7xx_hal_spi.c:471:7
	ldrb	r0, [r0, #6]
	lsls	r0, r0, #25
	cmp	r0, #0
	bpl	.LBB0_34
	b	.LBB0_33
.LBB0_33:
.Ltmp33:
	.loc	7 474 5 is_stmt 1               @ ../Drivers/STM32H7xx_HAL_Driver/Src/stm32h7xx_hal_spi.c:474:5
	ldr	r0, [sp, #16]
	ldr	r0, [r0]
	ldr	r0, [r0, #12]
	bic	r0, r0, #-2147483648
	ldr	r2, [sp, #16]
	ldr	r1, [r2]
	ldr	r2, [r2, #84]
	orrs	r0, r2
	str	r0, [r1, #12]
	.loc	7 475 3                         @ ../Drivers/STM32H7xx_HAL_Driver/Src/stm32h7xx_hal_spi.c:475:3
	b	.LBB0_34
.Ltmp34:
.LBB0_34:
	.loc	7 477 3                         @ ../Drivers/STM32H7xx_HAL_Driver/Src/stm32h7xx_hal_spi.c:477:3
	ldr	r1, [sp, #16]
	movs	r0, #0
	.loc	7 477 19 is_stmt 0              @ ../Drivers/STM32H7xx_HAL_Driver/Src/stm32h7xx_hal_spi.c:477:19
	str.w	r0, [r1, #132]
	.loc	7 478 3 is_stmt 1               @ ../Drivers/STM32H7xx_HAL_Driver/Src/stm32h7xx_hal_spi.c:478:3
	ldr	r2, [sp, #16]
	movs	r1, #1
	.loc	7 478 19 is_stmt 0              @ ../Drivers/STM32H7xx_HAL_Driver/Src/stm32h7xx_hal_spi.c:478:19
	strb.w	r1, [r2, #129]
	.loc	7 480 3 is_stmt 1               @ ../Drivers/STM32H7xx_HAL_Driver/Src/stm32h7xx_hal_spi.c:480:3
	strb.w	r0, [sp, #23]
	b	.LBB0_35
.LBB0_35:
	.loc	7 481 1                         @ ../Drivers/STM32H7xx_HAL_Driver/Src/stm32h7xx_hal_spi.c:481:1
	ldrb.w	r0, [sp, #23]
	.loc	7 481 1 epilogue_begin is_stmt 0 @ ../Drivers/STM32H7xx_HAL_Driver/Src/stm32h7xx_hal_spi.c:481:1
	add	sp, #24
	pop	{r7, pc}
.Ltmp35:
.Lfunc_end0:
	.size	HAL_SPI_Init, .Lfunc_end0-HAL_SPI_Init
	.cfi_endproc
	.cantunwind
	.fnend
                                        @ -- End function
	.section	.text.SPI_GetPacketSize,"ax",%progbits
	.p2align	3                               @ -- Begin function SPI_GetPacketSize
	.type	SPI_GetPacketSize,%function
	.code	16                              @ @SPI_GetPacketSize
	.thumb_func
SPI_GetPacketSize:
.Lfunc_begin1:
	.loc	7 4036 0 is_stmt 1              @ ../Drivers/STM32H7xx_HAL_Driver/Src/stm32h7xx_hal_spi.c:4036:0
	.fnstart
	.cfi_startproc
@ %bb.0:
	.pad	#12
	sub	sp, #12
	.cfi_def_cfa_offset 12
	str	r0, [sp, #8]
.Ltmp36:
	.loc	7 4037 31 prologue_end          @ ../Drivers/STM32H7xx_HAL_Driver/Src/stm32h7xx_hal_spi.c:4037:31
	ldr	r0, [sp, #8]
	.loc	7 4037 42 is_stmt 0             @ ../Drivers/STM32H7xx_HAL_Driver/Src/stm32h7xx_hal_spi.c:4037:42
	ldr	r1, [r0, #60]
	movs	r0, #1
	.loc	7 4037 79                       @ ../Drivers/STM32H7xx_HAL_Driver/Src/stm32h7xx_hal_spi.c:4037:79
	add.w	r0, r0, r1, lsr #5
	.loc	7 4037 12                       @ ../Drivers/STM32H7xx_HAL_Driver/Src/stm32h7xx_hal_spi.c:4037:12
	str	r0, [sp, #4]
	.loc	7 4038 31 is_stmt 1             @ ../Drivers/STM32H7xx_HAL_Driver/Src/stm32h7xx_hal_spi.c:4038:31
	ldr	r0, [sp, #8]
	.loc	7 4038 42 is_stmt 0             @ ../Drivers/STM32H7xx_HAL_Driver/Src/stm32h7xx_hal_spi.c:4038:42
	ldr	r0, [r0, #12]
	.loc	7 4038 79                       @ ../Drivers/STM32H7xx_HAL_Driver/Src/stm32h7xx_hal_spi.c:4038:79
	adds	r0, #1
	.loc	7 4038 12                       @ ../Drivers/STM32H7xx_HAL_Driver/Src/stm32h7xx_hal_spi.c:4038:12
	str	r0, [sp]
	.loc	7 4041 16 is_stmt 1             @ ../Drivers/STM32H7xx_HAL_Driver/Src/stm32h7xx_hal_spi.c:4041:16
	ldr	r0, [sp]
	.loc	7 4041 26 is_stmt 0             @ ../Drivers/STM32H7xx_HAL_Driver/Src/stm32h7xx_hal_spi.c:4041:26
	adds	r0, #7
	.loc	7 4041 33                       @ ../Drivers/STM32H7xx_HAL_Driver/Src/stm32h7xx_hal_spi.c:4041:33
	lsrs	r0, r0, #3
	.loc	7 4041 13                       @ ../Drivers/STM32H7xx_HAL_Driver/Src/stm32h7xx_hal_spi.c:4041:13
	str	r0, [sp]
	.loc	7 4043 10 is_stmt 1             @ ../Drivers/STM32H7xx_HAL_Driver/Src/stm32h7xx_hal_spi.c:4043:10
	ldr	r0, [sp]
	.loc	7 4043 22 is_stmt 0             @ ../Drivers/STM32H7xx_HAL_Driver/Src/stm32h7xx_hal_spi.c:4043:22
	ldr	r1, [sp, #4]
	.loc	7 4043 20                       @ ../Drivers/STM32H7xx_HAL_Driver/Src/stm32h7xx_hal_spi.c:4043:20
	muls	r0, r1, r0
	.loc	7 4043 3 epilogue_begin         @ ../Drivers/STM32H7xx_HAL_Driver/Src/stm32h7xx_hal_spi.c:4043:3
	add	sp, #12
	bx	lr
.Ltmp37:
.Lfunc_end1:
	.size	SPI_GetPacketSize, .Lfunc_end1-SPI_GetPacketSize
	.cfi_endproc
	.cantunwind
	.fnend
                                        @ -- End function
	.section	.text.HAL_SPI_MspInit,"ax",%progbits
	.hidden	HAL_SPI_MspInit                 @ -- Begin function HAL_SPI_MspInit
	.weak	HAL_SPI_MspInit
	.p2align	3
	.type	HAL_SPI_MspInit,%function
	.code	16                              @ @HAL_SPI_MspInit
	.thumb_func
HAL_SPI_MspInit:
.Lfunc_begin2:
	.loc	7 534 0 is_stmt 1               @ ../Drivers/STM32H7xx_HAL_Driver/Src/stm32h7xx_hal_spi.c:534:0
	.fnstart
	.cfi_startproc
@ %bb.0:
	.pad	#4
	sub	sp, #4
	.cfi_def_cfa_offset 4
	str	r0, [sp]
.Ltmp38:
	.loc	7 541 1 prologue_end epilogue_begin @ ../Drivers/STM32H7xx_HAL_Driver/Src/stm32h7xx_hal_spi.c:541:1
	add	sp, #4
	bx	lr
.Ltmp39:
.Lfunc_end2:
	.size	HAL_SPI_MspInit, .Lfunc_end2-HAL_SPI_MspInit
	.cfi_endproc
	.cantunwind
	.fnend
                                        @ -- End function
	.section	.text.HAL_SPI_DeInit,"ax",%progbits
	.hidden	HAL_SPI_DeInit                  @ -- Begin function HAL_SPI_DeInit
	.globl	HAL_SPI_DeInit
	.p2align	3
	.type	HAL_SPI_DeInit,%function
	.code	16                              @ @HAL_SPI_DeInit
	.thumb_func
HAL_SPI_DeInit:
.Lfunc_begin3:
	.loc	7 490 0                         @ ../Drivers/STM32H7xx_HAL_Driver/Src/stm32h7xx_hal_spi.c:490:0
	.fnstart
	.cfi_startproc
@ %bb.0:
	.save	{r7, lr}
	push	{r7, lr}
	.cfi_def_cfa_offset 8
	.cfi_offset lr, -4
	.cfi_offset r7, -8
	.pad	#8
	sub	sp, #8
	.cfi_def_cfa_offset 16
	str	r0, [sp]
.Ltmp40:
	.loc	7 492 7 prologue_end            @ ../Drivers/STM32H7xx_HAL_Driver/Src/stm32h7xx_hal_spi.c:492:7
	ldr	r0, [sp]
.Ltmp41:
	.loc	7 492 7 is_stmt 0               @ ../Drivers/STM32H7xx_HAL_Driver/Src/stm32h7xx_hal_spi.c:492:7
	cbnz	r0, .LBB3_2
	b	.LBB3_1
.LBB3_1:
	.loc	7 0 7                           @ ../Drivers/STM32H7xx_HAL_Driver/Src/stm32h7xx_hal_spi.c:0:7
	movs	r0, #1
.Ltmp42:
	.loc	7 494 5 is_stmt 1               @ ../Drivers/STM32H7xx_HAL_Driver/Src/stm32h7xx_hal_spi.c:494:5
	strb.w	r0, [sp, #7]
	b	.LBB3_5
.Ltmp43:
.LBB3_2:
	.loc	7 500 3                         @ ../Drivers/STM32H7xx_HAL_Driver/Src/stm32h7xx_hal_spi.c:500:3
	ldr	r1, [sp]
	movs	r0, #2
	.loc	7 500 15 is_stmt 0              @ ../Drivers/STM32H7xx_HAL_Driver/Src/stm32h7xx_hal_spi.c:500:15
	strb.w	r0, [r1, #129]
	.loc	7 503 3 is_stmt 1               @ ../Drivers/STM32H7xx_HAL_Driver/Src/stm32h7xx_hal_spi.c:503:3
	ldr	r0, [sp]
	ldr	r1, [r0]
	ldr	r0, [r1]
	bic	r0, r0, #1
	str	r0, [r1]
	.loc	7 515 21                        @ ../Drivers/STM32H7xx_HAL_Driver/Src/stm32h7xx_hal_spi.c:515:21
	ldr	r0, [sp]
	.loc	7 515 3 is_stmt 0               @ ../Drivers/STM32H7xx_HAL_Driver/Src/stm32h7xx_hal_spi.c:515:3
	bl	HAL_SPI_MspDeInit
	.loc	7 518 3 is_stmt 1               @ ../Drivers/STM32H7xx_HAL_Driver/Src/stm32h7xx_hal_spi.c:518:3
	ldr	r1, [sp]
	movs	r0, #0
	.loc	7 518 19 is_stmt 0              @ ../Drivers/STM32H7xx_HAL_Driver/Src/stm32h7xx_hal_spi.c:518:19
	str.w	r0, [r1, #132]
	.loc	7 519 3 is_stmt 1               @ ../Drivers/STM32H7xx_HAL_Driver/Src/stm32h7xx_hal_spi.c:519:3
	ldr	r1, [sp]
	.loc	7 519 15 is_stmt 0              @ ../Drivers/STM32H7xx_HAL_Driver/Src/stm32h7xx_hal_spi.c:519:15
	strb.w	r0, [r1, #129]
	.loc	7 522 3 is_stmt 1               @ ../Drivers/STM32H7xx_HAL_Driver/Src/stm32h7xx_hal_spi.c:522:3
	b	.LBB3_3
.LBB3_3:
.Ltmp44:
	.loc	7 522 3 is_stmt 0               @ ../Drivers/STM32H7xx_HAL_Driver/Src/stm32h7xx_hal_spi.c:522:3
	ldr	r1, [sp]
	movs	r0, #0
	strb.w	r0, [r1, #128]
	b	.LBB3_4
.Ltmp45:
.LBB3_4:
	.loc	7 0 3                           @ ../Drivers/STM32H7xx_HAL_Driver/Src/stm32h7xx_hal_spi.c:0:3
	movs	r0, #0
	.loc	7 524 3 is_stmt 1               @ ../Drivers/STM32H7xx_HAL_Driver/Src/stm32h7xx_hal_spi.c:524:3
	strb.w	r0, [sp, #7]
	b	.LBB3_5
.LBB3_5:
	.loc	7 525 1                         @ ../Drivers/STM32H7xx_HAL_Driver/Src/stm32h7xx_hal_spi.c:525:1
	ldrb.w	r0, [sp, #7]
	.loc	7 525 1 epilogue_begin is_stmt 0 @ ../Drivers/STM32H7xx_HAL_Driver/Src/stm32h7xx_hal_spi.c:525:1
	add	sp, #8
	pop	{r7, pc}
.Ltmp46:
.Lfunc_end3:
	.size	HAL_SPI_DeInit, .Lfunc_end3-HAL_SPI_DeInit
	.cfi_endproc
	.cantunwind
	.fnend
                                        @ -- End function
	.section	.text.HAL_SPI_MspDeInit,"ax",%progbits
	.hidden	HAL_SPI_MspDeInit               @ -- Begin function HAL_SPI_MspDeInit
	.weak	HAL_SPI_MspDeInit
	.p2align	3
	.type	HAL_SPI_MspDeInit,%function
	.code	16                              @ @HAL_SPI_MspDeInit
	.thumb_func
HAL_SPI_MspDeInit:
.Lfunc_begin4:
	.loc	7 550 0 is_stmt 1               @ ../Drivers/STM32H7xx_HAL_Driver/Src/stm32h7xx_hal_spi.c:550:0
	.fnstart
	.cfi_startproc
@ %bb.0:
	.pad	#4
	sub	sp, #4
	.cfi_def_cfa_offset 4
	str	r0, [sp]
.Ltmp47:
	.loc	7 557 1 prologue_end epilogue_begin @ ../Drivers/STM32H7xx_HAL_Driver/Src/stm32h7xx_hal_spi.c:557:1
	add	sp, #4
	bx	lr
.Ltmp48:
.Lfunc_end4:
	.size	HAL_SPI_MspDeInit, .Lfunc_end4-HAL_SPI_MspDeInit
	.cfi_endproc
	.cantunwind
	.fnend
                                        @ -- End function
	.section	.text.HAL_SPI_Transmit,"ax",%progbits
	.hidden	HAL_SPI_Transmit                @ -- Begin function HAL_SPI_Transmit
	.globl	HAL_SPI_Transmit
	.p2align	3
	.type	HAL_SPI_Transmit,%function
	.code	16                              @ @HAL_SPI_Transmit
	.thumb_func
HAL_SPI_Transmit:
.Lfunc_begin5:
	.loc	7 825 0                         @ ../Drivers/STM32H7xx_HAL_Driver/Src/stm32h7xx_hal_spi.c:825:0
	.fnstart
	.cfi_startproc
@ %bb.0:
	.save	{r7, lr}
	push	{r7, lr}
	.cfi_def_cfa_offset 8
	.cfi_offset lr, -4
	.cfi_offset r7, -8
	.pad	#32
	sub	sp, #32
	.cfi_def_cfa_offset 40
                                        @ kill: def $r12 killed $r2
	str	r0, [sp, #24]
	str	r1, [sp, #20]
	strh.w	r2, [sp, #18]
	str	r3, [sp, #12]
.Ltmp49:
	.loc	7 827 53 prologue_end           @ ../Drivers/STM32H7xx_HAL_Driver/Src/stm32h7xx_hal_spi.c:827:53
	ldr	r0, [sp, #24]
	.loc	7 827 59 is_stmt 0              @ ../Drivers/STM32H7xx_HAL_Driver/Src/stm32h7xx_hal_spi.c:827:59
	ldr	r0, [r0]
	.loc	7 827 69                        @ ../Drivers/STM32H7xx_HAL_Driver/Src/stm32h7xx_hal_spi.c:827:69
	adds	r0, #32
	.loc	7 827 18                        @ ../Drivers/STM32H7xx_HAL_Driver/Src/stm32h7xx_hal_spi.c:827:18
	str	r0, [sp, #8]
	.loc	7 836 15 is_stmt 1              @ ../Drivers/STM32H7xx_HAL_Driver/Src/stm32h7xx_hal_spi.c:836:15
	bl	HAL_GetTick
	.loc	7 836 13 is_stmt 0              @ ../Drivers/STM32H7xx_HAL_Driver/Src/stm32h7xx_hal_spi.c:836:13
	str	r0, [sp, #4]
.Ltmp50:
	.loc	7 838 7 is_stmt 1               @ ../Drivers/STM32H7xx_HAL_Driver/Src/stm32h7xx_hal_spi.c:838:7
	ldr	r0, [sp, #24]
	.loc	7 838 13 is_stmt 0              @ ../Drivers/STM32H7xx_HAL_Driver/Src/stm32h7xx_hal_spi.c:838:13
	ldrb.w	r0, [r0, #129]
.Ltmp51:
	.loc	7 838 7                         @ ../Drivers/STM32H7xx_HAL_Driver/Src/stm32h7xx_hal_spi.c:838:7
	cmp	r0, #1
	beq	.LBB5_2
	b	.LBB5_1
.LBB5_1:
	.loc	7 0 7                           @ ../Drivers/STM32H7xx_HAL_Driver/Src/stm32h7xx_hal_spi.c:0:7
	movs	r0, #2
.Ltmp52:
	.loc	7 840 5 is_stmt 1               @ ../Drivers/STM32H7xx_HAL_Driver/Src/stm32h7xx_hal_spi.c:840:5
	strb.w	r0, [sp, #31]
	b	.LBB5_76
.Ltmp53:
.LBB5_2:
	.loc	7 843 8                         @ ../Drivers/STM32H7xx_HAL_Driver/Src/stm32h7xx_hal_spi.c:843:8
	ldr	r0, [sp, #20]
	.loc	7 843 23 is_stmt 0              @ ../Drivers/STM32H7xx_HAL_Driver/Src/stm32h7xx_hal_spi.c:843:23
	cbz	r0, .LBB5_4
	b	.LBB5_3
.LBB5_3:
	.loc	7 843 27                        @ ../Drivers/STM32H7xx_HAL_Driver/Src/stm32h7xx_hal_spi.c:843:27
	ldrh.w	r0, [sp, #18]
.Ltmp54:
	.loc	7 843 7                         @ ../Drivers/STM32H7xx_HAL_Driver/Src/stm32h7xx_hal_spi.c:843:7
	cbnz	r0, .LBB5_5
	b	.LBB5_4
.LBB5_4:
	.loc	7 0 7                           @ ../Drivers/STM32H7xx_HAL_Driver/Src/stm32h7xx_hal_spi.c:0:7
	movs	r0, #1
.Ltmp55:
	.loc	7 845 5 is_stmt 1               @ ../Drivers/STM32H7xx_HAL_Driver/Src/stm32h7xx_hal_spi.c:845:5
	strb.w	r0, [sp, #31]
	b	.LBB5_76
.Ltmp56:
.LBB5_5:
	.loc	7 849 3                         @ ../Drivers/STM32H7xx_HAL_Driver/Src/stm32h7xx_hal_spi.c:849:3
	b	.LBB5_6
.LBB5_6:
.Ltmp57:
	.loc	7 849 3 is_stmt 0               @ ../Drivers/STM32H7xx_HAL_Driver/Src/stm32h7xx_hal_spi.c:849:3
	ldr	r0, [sp, #24]
	ldrb.w	r0, [r0, #128]
.Ltmp58:
	.loc	7 849 3                         @ ../Drivers/STM32H7xx_HAL_Driver/Src/stm32h7xx_hal_spi.c:849:3
	cmp	r0, #1
	bne	.LBB5_8
	b	.LBB5_7
.LBB5_7:
	.loc	7 0 3                           @ ../Drivers/STM32H7xx_HAL_Driver/Src/stm32h7xx_hal_spi.c:0:3
	movs	r0, #2
.Ltmp59:
	.loc	7 849 3                         @ ../Drivers/STM32H7xx_HAL_Driver/Src/stm32h7xx_hal_spi.c:849:3
	strb.w	r0, [sp, #31]
	b	.LBB5_76
.Ltmp60:
.LBB5_8:
	.loc	7 849 3                         @ ../Drivers/STM32H7xx_HAL_Driver/Src/stm32h7xx_hal_spi.c:849:3
	ldr	r1, [sp, #24]
	movs	r0, #1
	strb.w	r0, [r1, #128]
	b	.LBB5_9
.Ltmp61:
.LBB5_9:
	.loc	7 849 3                         @ ../Drivers/STM32H7xx_HAL_Driver/Src/stm32h7xx_hal_spi.c:849:3
	b	.LBB5_10
.Ltmp62:
.LBB5_10:
	.loc	7 852 3 is_stmt 1               @ ../Drivers/STM32H7xx_HAL_Driver/Src/stm32h7xx_hal_spi.c:852:3
	ldr	r1, [sp, #24]
	movs	r0, #3
	.loc	7 852 21 is_stmt 0              @ ../Drivers/STM32H7xx_HAL_Driver/Src/stm32h7xx_hal_spi.c:852:21
	strb.w	r0, [r1, #129]
	.loc	7 853 3 is_stmt 1               @ ../Drivers/STM32H7xx_HAL_Driver/Src/stm32h7xx_hal_spi.c:853:3
	ldr	r1, [sp, #24]
	movs	r0, #0
	.loc	7 853 21 is_stmt 0              @ ../Drivers/STM32H7xx_HAL_Driver/Src/stm32h7xx_hal_spi.c:853:21
	str.w	r0, [r1, #132]
	.loc	7 854 40 is_stmt 1              @ ../Drivers/STM32H7xx_HAL_Driver/Src/stm32h7xx_hal_spi.c:854:40
	ldr	r1, [sp, #20]
	.loc	7 854 3 is_stmt 0               @ ../Drivers/STM32H7xx_HAL_Driver/Src/stm32h7xx_hal_spi.c:854:3
	ldr	r2, [sp, #24]
	.loc	7 854 21                        @ ../Drivers/STM32H7xx_HAL_Driver/Src/stm32h7xx_hal_spi.c:854:21
	str	r1, [r2, #92]
	.loc	7 855 23 is_stmt 1              @ ../Drivers/STM32H7xx_HAL_Driver/Src/stm32h7xx_hal_spi.c:855:23
	ldrh.w	r1, [sp, #18]
	.loc	7 855 3 is_stmt 0               @ ../Drivers/STM32H7xx_HAL_Driver/Src/stm32h7xx_hal_spi.c:855:3
	ldr	r2, [sp, #24]
	.loc	7 855 21                        @ ../Drivers/STM32H7xx_HAL_Driver/Src/stm32h7xx_hal_spi.c:855:21
	strh.w	r1, [r2, #96]
	.loc	7 856 23 is_stmt 1              @ ../Drivers/STM32H7xx_HAL_Driver/Src/stm32h7xx_hal_spi.c:856:23
	ldrh.w	r1, [sp, #18]
	.loc	7 856 3 is_stmt 0               @ ../Drivers/STM32H7xx_HAL_Driver/Src/stm32h7xx_hal_spi.c:856:3
	ldr	r2, [sp, #24]
	.loc	7 856 21                        @ ../Drivers/STM32H7xx_HAL_Driver/Src/stm32h7xx_hal_spi.c:856:21
	strh.w	r1, [r2, #98]
	.loc	7 859 3 is_stmt 1               @ ../Drivers/STM32H7xx_HAL_Driver/Src/stm32h7xx_hal_spi.c:859:3
	ldr	r1, [sp, #24]
	.loc	7 859 21 is_stmt 0              @ ../Drivers/STM32H7xx_HAL_Driver/Src/stm32h7xx_hal_spi.c:859:21
	str	r0, [r1, #100]
	.loc	7 860 3 is_stmt 1               @ ../Drivers/STM32H7xx_HAL_Driver/Src/stm32h7xx_hal_spi.c:860:3
	ldr	r1, [sp, #24]
	.loc	7 860 21 is_stmt 0              @ ../Drivers/STM32H7xx_HAL_Driver/Src/stm32h7xx_hal_spi.c:860:21
	strh.w	r0, [r1, #104]
	.loc	7 861 3 is_stmt 1               @ ../Drivers/STM32H7xx_HAL_Driver/Src/stm32h7xx_hal_spi.c:861:3
	ldr	r1, [sp, #24]
	.loc	7 861 21 is_stmt 0              @ ../Drivers/STM32H7xx_HAL_Driver/Src/stm32h7xx_hal_spi.c:861:21
	strh.w	r0, [r1, #106]
	.loc	7 862 3 is_stmt 1               @ ../Drivers/STM32H7xx_HAL_Driver/Src/stm32h7xx_hal_spi.c:862:3
	ldr	r1, [sp, #24]
	.loc	7 862 21 is_stmt 0              @ ../Drivers/STM32H7xx_HAL_Driver/Src/stm32h7xx_hal_spi.c:862:21
	str	r0, [r1, #116]
	.loc	7 863 3 is_stmt 1               @ ../Drivers/STM32H7xx_HAL_Driver/Src/stm32h7xx_hal_spi.c:863:3
	ldr	r1, [sp, #24]
	.loc	7 863 21 is_stmt 0              @ ../Drivers/STM32H7xx_HAL_Driver/Src/stm32h7xx_hal_spi.c:863:21
	str	r0, [r1, #112]
.Ltmp63:
	.loc	7 866 7 is_stmt 1               @ ../Drivers/STM32H7xx_HAL_Driver/Src/stm32h7xx_hal_spi.c:866:7
	ldr	r0, [sp, #24]
	.loc	7 866 18 is_stmt 0              @ ../Drivers/STM32H7xx_HAL_Driver/Src/stm32h7xx_hal_spi.c:866:18
	ldr	r0, [r0, #8]
.Ltmp64:
	.loc	7 866 7                         @ ../Drivers/STM32H7xx_HAL_Driver/Src/stm32h7xx_hal_spi.c:866:7
	cmp.w	r0, #393216
	bne	.LBB5_12
	b	.LBB5_11
.LBB5_11:
.Ltmp65:
	.loc	7 868 5 is_stmt 1               @ ../Drivers/STM32H7xx_HAL_Driver/Src/stm32h7xx_hal_spi.c:868:5
	ldr	r0, [sp, #24]
	ldr	r1, [r0]
	ldr	r0, [r1]
	orr	r0, r0, #2048
	str	r0, [r1]
	.loc	7 869 3                         @ ../Drivers/STM32H7xx_HAL_Driver/Src/stm32h7xx_hal_spi.c:869:3
	b	.LBB5_13
.Ltmp66:
.LBB5_12:
	.loc	7 872 5                         @ ../Drivers/STM32H7xx_HAL_Driver/Src/stm32h7xx_hal_spi.c:872:5
	ldr	r0, [sp, #24]
	ldr	r0, [r0]
	ldr	r0, [r0, #12]
	movs	r1, #1
	bfi	r0, r1, #17, #2
	ldr	r1, [sp, #24]
	ldr	r1, [r1]
	str	r0, [r1, #12]
	b	.LBB5_13
.Ltmp67:
.LBB5_13:
	.loc	7 876 3                         @ ../Drivers/STM32H7xx_HAL_Driver/Src/stm32h7xx_hal_spi.c:876:3
	ldr	r0, [sp, #24]
	ldr	r0, [r0]
	ldr	r0, [r0, #4]
	movw	r1, #65535
	bics	r0, r1
	ldrh.w	r1, [sp, #18]
	add	r0, r1
	ldr	r1, [sp, #24]
	ldr	r1, [r1]
	str	r0, [r1, #4]
	.loc	7 879 3                         @ ../Drivers/STM32H7xx_HAL_Driver/Src/stm32h7xx_hal_spi.c:879:3
	ldr	r0, [sp, #24]
	ldr	r1, [r0]
	ldr	r0, [r1]
	orr	r0, r0, #1
	str	r0, [r1]
.Ltmp68:
	.loc	7 881 7                         @ ../Drivers/STM32H7xx_HAL_Driver/Src/stm32h7xx_hal_spi.c:881:7
	ldr	r0, [sp, #24]
	.loc	7 881 18 is_stmt 0              @ ../Drivers/STM32H7xx_HAL_Driver/Src/stm32h7xx_hal_spi.c:881:18
	ldr	r0, [r0, #4]
.Ltmp69:
	.loc	7 881 7                         @ ../Drivers/STM32H7xx_HAL_Driver/Src/stm32h7xx_hal_spi.c:881:7
	cmp.w	r0, #4194304
	bne	.LBB5_15
	b	.LBB5_14
.LBB5_14:
.Ltmp70:
	.loc	7 884 5 is_stmt 1               @ ../Drivers/STM32H7xx_HAL_Driver/Src/stm32h7xx_hal_spi.c:884:5
	ldr	r0, [sp, #24]
	ldr	r1, [r0]
	ldr	r0, [r1]
	orr	r0, r0, #512
	str	r0, [r1]
	.loc	7 885 3                         @ ../Drivers/STM32H7xx_HAL_Driver/Src/stm32h7xx_hal_spi.c:885:3
	b	.LBB5_15
.Ltmp71:
.LBB5_15:
	.loc	7 888 7                         @ ../Drivers/STM32H7xx_HAL_Driver/Src/stm32h7xx_hal_spi.c:888:7
	ldr	r0, [sp, #24]
	.loc	7 888 18 is_stmt 0              @ ../Drivers/STM32H7xx_HAL_Driver/Src/stm32h7xx_hal_spi.c:888:18
	ldr	r0, [r0, #12]
.Ltmp72:
	.loc	7 888 7                         @ ../Drivers/STM32H7xx_HAL_Driver/Src/stm32h7xx_hal_spi.c:888:7
	cmp	r0, #16
	blo	.LBB5_29
	b	.LBB5_16
.LBB5_16:
.Ltmp73:
	.loc	7 891 5 is_stmt 1               @ ../Drivers/STM32H7xx_HAL_Driver/Src/stm32h7xx_hal_spi.c:891:5
	b	.LBB5_17
.LBB5_17:                               @ =>This Inner Loop Header: Depth=1
	.loc	7 891 12 is_stmt 0              @ ../Drivers/STM32H7xx_HAL_Driver/Src/stm32h7xx_hal_spi.c:891:12
	ldr	r0, [sp, #24]
	.loc	7 891 18                        @ ../Drivers/STM32H7xx_HAL_Driver/Src/stm32h7xx_hal_spi.c:891:18
	ldrh.w	r0, [r0, #98]
	.loc	7 891 5                         @ ../Drivers/STM32H7xx_HAL_Driver/Src/stm32h7xx_hal_spi.c:891:5
	cmp	r0, #0
	beq	.LBB5_28
	b	.LBB5_18
.LBB5_18:                               @   in Loop: Header=BB5_17 Depth=1
.Ltmp74:
	.loc	7 894 11 is_stmt 1              @ ../Drivers/STM32H7xx_HAL_Driver/Src/stm32h7xx_hal_spi.c:894:11
	ldr	r0, [sp, #24]
	ldr	r0, [r0]
	ldr	r0, [r0, #20]
.Ltmp75:
	.loc	7 894 11 is_stmt 0              @ ../Drivers/STM32H7xx_HAL_Driver/Src/stm32h7xx_hal_spi.c:894:11
	lsls	r0, r0, #30
	cmp	r0, #0
	bpl	.LBB5_20
	b	.LBB5_19
.LBB5_19:                               @   in Loop: Header=BB5_17 Depth=1
.Ltmp76:
	.loc	7 896 73 is_stmt 1              @ ../Drivers/STM32H7xx_HAL_Driver/Src/stm32h7xx_hal_spi.c:896:73
	ldr	r0, [sp, #24]
	.loc	7 896 35 is_stmt 0              @ ../Drivers/STM32H7xx_HAL_Driver/Src/stm32h7xx_hal_spi.c:896:35
	ldr	r1, [r0]
	.loc	7 896 79                        @ ../Drivers/STM32H7xx_HAL_Driver/Src/stm32h7xx_hal_spi.c:896:79
	ldr	r0, [r0, #92]
	.loc	7 896 53                        @ ../Drivers/STM32H7xx_HAL_Driver/Src/stm32h7xx_hal_spi.c:896:53
	ldr	r0, [r0]
	.loc	7 896 51                        @ ../Drivers/STM32H7xx_HAL_Driver/Src/stm32h7xx_hal_spi.c:896:51
	str	r0, [r1, #32]
	.loc	7 897 9 is_stmt 1               @ ../Drivers/STM32H7xx_HAL_Driver/Src/stm32h7xx_hal_spi.c:897:9
	ldr	r1, [sp, #24]
	.loc	7 897 26 is_stmt 0              @ ../Drivers/STM32H7xx_HAL_Driver/Src/stm32h7xx_hal_spi.c:897:26
	ldr	r0, [r1, #92]
	adds	r0, #4
	str	r0, [r1, #92]
	.loc	7 898 9 is_stmt 1               @ ../Drivers/STM32H7xx_HAL_Driver/Src/stm32h7xx_hal_spi.c:898:9
	ldr	r1, [sp, #24]
	.loc	7 898 26 is_stmt 0              @ ../Drivers/STM32H7xx_HAL_Driver/Src/stm32h7xx_hal_spi.c:898:26
	ldrh.w	r0, [r1, #98]
	subs	r0, #1
	strh.w	r0, [r1, #98]
	.loc	7 899 7 is_stmt 1               @ ../Drivers/STM32H7xx_HAL_Driver/Src/stm32h7xx_hal_spi.c:899:7
	b	.LBB5_27
.Ltmp77:
.LBB5_20:                               @   in Loop: Header=BB5_17 Depth=1
	.loc	7 903 16                        @ ../Drivers/STM32H7xx_HAL_Driver/Src/stm32h7xx_hal_spi.c:903:16
	bl	HAL_GetTick
	.loc	7 903 32 is_stmt 0              @ ../Drivers/STM32H7xx_HAL_Driver/Src/stm32h7xx_hal_spi.c:903:32
	ldr	r1, [sp, #4]
	.loc	7 903 30                        @ ../Drivers/STM32H7xx_HAL_Driver/Src/stm32h7xx_hal_spi.c:903:30
	subs	r0, r0, r1
	.loc	7 903 47                        @ ../Drivers/STM32H7xx_HAL_Driver/Src/stm32h7xx_hal_spi.c:903:47
	ldr	r1, [sp, #12]
	.loc	7 903 56                        @ ../Drivers/STM32H7xx_HAL_Driver/Src/stm32h7xx_hal_spi.c:903:56
	cmp	r0, r1
	blo	.LBB5_22
	b	.LBB5_21
.LBB5_21:                               @   in Loop: Header=BB5_17 Depth=1
	.loc	7 903 60                        @ ../Drivers/STM32H7xx_HAL_Driver/Src/stm32h7xx_hal_spi.c:903:60
	ldr	r0, [sp, #12]
	.loc	7 903 87                        @ ../Drivers/STM32H7xx_HAL_Driver/Src/stm32h7xx_hal_spi.c:903:87
	adds	r0, #1
	cbnz	r0, .LBB5_23
	b	.LBB5_22
.LBB5_22:                               @   in Loop: Header=BB5_17 Depth=1
	.loc	7 903 91                        @ ../Drivers/STM32H7xx_HAL_Driver/Src/stm32h7xx_hal_spi.c:903:91
	ldr	r0, [sp, #12]
.Ltmp78:
	.loc	7 903 13                        @ ../Drivers/STM32H7xx_HAL_Driver/Src/stm32h7xx_hal_spi.c:903:13
	cbnz	r0, .LBB5_26
	b	.LBB5_23
.LBB5_23:
.Ltmp79:
	.loc	7 906 29 is_stmt 1              @ ../Drivers/STM32H7xx_HAL_Driver/Src/stm32h7xx_hal_spi.c:906:29
	ldr	r0, [sp, #24]
	.loc	7 906 11 is_stmt 0              @ ../Drivers/STM32H7xx_HAL_Driver/Src/stm32h7xx_hal_spi.c:906:11
	bl	SPI_CloseTransfer
	.loc	7 908 11 is_stmt 1              @ ../Drivers/STM32H7xx_HAL_Driver/Src/stm32h7xx_hal_spi.c:908:11
	ldr	r1, [sp, #24]
	ldr.w	r0, [r1, #132]
	orr	r0, r0, #256
	str.w	r0, [r1, #132]
	.loc	7 909 11                        @ ../Drivers/STM32H7xx_HAL_Driver/Src/stm32h7xx_hal_spi.c:909:11
	ldr	r1, [sp, #24]
	movs	r0, #1
	.loc	7 909 23 is_stmt 0              @ ../Drivers/STM32H7xx_HAL_Driver/Src/stm32h7xx_hal_spi.c:909:23
	strb.w	r0, [r1, #129]
	.loc	7 912 11 is_stmt 1              @ ../Drivers/STM32H7xx_HAL_Driver/Src/stm32h7xx_hal_spi.c:912:11
	b	.LBB5_24
.LBB5_24:
.Ltmp80:
	.loc	7 912 11 is_stmt 0              @ ../Drivers/STM32H7xx_HAL_Driver/Src/stm32h7xx_hal_spi.c:912:11
	ldr	r1, [sp, #24]
	movs	r0, #0
	strb.w	r0, [r1, #128]
	b	.LBB5_25
.Ltmp81:
.LBB5_25:
	.loc	7 0 11                          @ ../Drivers/STM32H7xx_HAL_Driver/Src/stm32h7xx_hal_spi.c:0:11
	movs	r0, #3
	.loc	7 914 11 is_stmt 1              @ ../Drivers/STM32H7xx_HAL_Driver/Src/stm32h7xx_hal_spi.c:914:11
	strb.w	r0, [sp, #31]
	b	.LBB5_76
.Ltmp82:
.LBB5_26:                               @   in Loop: Header=BB5_17 Depth=1
	.loc	7 0 11 is_stmt 0                @ ../Drivers/STM32H7xx_HAL_Driver/Src/stm32h7xx_hal_spi.c:0:11
	b	.LBB5_27
.LBB5_27:                               @   in Loop: Header=BB5_17 Depth=1
	.loc	7 891 5 is_stmt 1               @ ../Drivers/STM32H7xx_HAL_Driver/Src/stm32h7xx_hal_spi.c:891:5
	b	.LBB5_17
.LBB5_28:
	.loc	7 918 3                         @ ../Drivers/STM32H7xx_HAL_Driver/Src/stm32h7xx_hal_spi.c:918:3
	b	.LBB5_69
.Ltmp83:
.LBB5_29:
	.loc	7 920 12                        @ ../Drivers/STM32H7xx_HAL_Driver/Src/stm32h7xx_hal_spi.c:920:12
	ldr	r0, [sp, #24]
	.loc	7 920 23 is_stmt 0              @ ../Drivers/STM32H7xx_HAL_Driver/Src/stm32h7xx_hal_spi.c:920:23
	ldr	r0, [r0, #12]
.Ltmp84:
	.loc	7 920 12                        @ ../Drivers/STM32H7xx_HAL_Driver/Src/stm32h7xx_hal_spi.c:920:12
	cmp	r0, #8
	blo	.LBB5_47
	b	.LBB5_30
.LBB5_30:
.Ltmp85:
	.loc	7 923 5 is_stmt 1               @ ../Drivers/STM32H7xx_HAL_Driver/Src/stm32h7xx_hal_spi.c:923:5
	b	.LBB5_31
.LBB5_31:                               @ =>This Inner Loop Header: Depth=1
	.loc	7 923 12 is_stmt 0              @ ../Drivers/STM32H7xx_HAL_Driver/Src/stm32h7xx_hal_spi.c:923:12
	ldr	r0, [sp, #24]
	.loc	7 923 18                        @ ../Drivers/STM32H7xx_HAL_Driver/Src/stm32h7xx_hal_spi.c:923:18
	ldrh.w	r0, [r0, #98]
	.loc	7 923 5                         @ ../Drivers/STM32H7xx_HAL_Driver/Src/stm32h7xx_hal_spi.c:923:5
	cmp	r0, #0
	beq	.LBB5_46
	b	.LBB5_32
.LBB5_32:                               @   in Loop: Header=BB5_31 Depth=1
.Ltmp86:
	.loc	7 926 11 is_stmt 1              @ ../Drivers/STM32H7xx_HAL_Driver/Src/stm32h7xx_hal_spi.c:926:11
	ldr	r0, [sp, #24]
	ldr	r0, [r0]
	ldr	r0, [r0, #20]
.Ltmp87:
	.loc	7 926 11 is_stmt 0              @ ../Drivers/STM32H7xx_HAL_Driver/Src/stm32h7xx_hal_spi.c:926:11
	lsls	r0, r0, #30
	cmp	r0, #0
	bpl	.LBB5_38
	b	.LBB5_33
.LBB5_33:                               @   in Loop: Header=BB5_31 Depth=1
.Ltmp88:
	.loc	7 928 14 is_stmt 1              @ ../Drivers/STM32H7xx_HAL_Driver/Src/stm32h7xx_hal_spi.c:928:14
	ldr	r0, [sp, #24]
	.loc	7 928 20 is_stmt 0              @ ../Drivers/STM32H7xx_HAL_Driver/Src/stm32h7xx_hal_spi.c:928:20
	ldrh.w	r0, [r0, #98]
	.loc	7 928 39                        @ ../Drivers/STM32H7xx_HAL_Driver/Src/stm32h7xx_hal_spi.c:928:39
	cmp	r0, #2
	blo	.LBB5_36
	b	.LBB5_34
.LBB5_34:                               @   in Loop: Header=BB5_31 Depth=1
	.loc	7 928 43                        @ ../Drivers/STM32H7xx_HAL_Driver/Src/stm32h7xx_hal_spi.c:928:43
	ldr	r0, [sp, #24]
	.loc	7 928 54                        @ ../Drivers/STM32H7xx_HAL_Driver/Src/stm32h7xx_hal_spi.c:928:54
	ldr	r0, [r0, #60]
.Ltmp89:
	.loc	7 928 13                        @ ../Drivers/STM32H7xx_HAL_Driver/Src/stm32h7xx_hal_spi.c:928:13
	cbz	r0, .LBB5_36
	b	.LBB5_35
.LBB5_35:                               @   in Loop: Header=BB5_31 Depth=1
.Ltmp90:
	.loc	7 930 75 is_stmt 1              @ ../Drivers/STM32H7xx_HAL_Driver/Src/stm32h7xx_hal_spi.c:930:75
	ldr	r0, [sp, #24]
	.loc	7 930 37 is_stmt 0              @ ../Drivers/STM32H7xx_HAL_Driver/Src/stm32h7xx_hal_spi.c:930:37
	ldr	r1, [r0]
	.loc	7 930 81                        @ ../Drivers/STM32H7xx_HAL_Driver/Src/stm32h7xx_hal_spi.c:930:81
	ldr	r0, [r0, #92]
	.loc	7 930 55                        @ ../Drivers/STM32H7xx_HAL_Driver/Src/stm32h7xx_hal_spi.c:930:55
	ldr	r0, [r0]
	.loc	7 930 53                        @ ../Drivers/STM32H7xx_HAL_Driver/Src/stm32h7xx_hal_spi.c:930:53
	str	r0, [r1, #32]
	.loc	7 931 11 is_stmt 1              @ ../Drivers/STM32H7xx_HAL_Driver/Src/stm32h7xx_hal_spi.c:931:11
	ldr	r1, [sp, #24]
	.loc	7 931 28 is_stmt 0              @ ../Drivers/STM32H7xx_HAL_Driver/Src/stm32h7xx_hal_spi.c:931:28
	ldr	r0, [r1, #92]
	adds	r0, #4
	str	r0, [r1, #92]
	.loc	7 932 11 is_stmt 1              @ ../Drivers/STM32H7xx_HAL_Driver/Src/stm32h7xx_hal_spi.c:932:11
	ldr	r1, [sp, #24]
	.loc	7 932 29 is_stmt 0              @ ../Drivers/STM32H7xx_HAL_Driver/Src/stm32h7xx_hal_spi.c:932:29
	ldrh.w	r0, [r1, #98]
	subs	r0, #2
	strh.w	r0, [r1, #98]
	.loc	7 933 9 is_stmt 1               @ ../Drivers/STM32H7xx_HAL_Driver/Src/stm32h7xx_hal_spi.c:933:9
	b	.LBB5_37
.Ltmp91:
.LBB5_36:                               @   in Loop: Header=BB5_31 Depth=1
	.loc	7 937 47                        @ ../Drivers/STM32H7xx_HAL_Driver/Src/stm32h7xx_hal_spi.c:937:47
	ldr	r0, [sp, #24]
	.loc	7 937 53 is_stmt 0              @ ../Drivers/STM32H7xx_HAL_Driver/Src/stm32h7xx_hal_spi.c:937:53
	ldr	r0, [r0, #92]
	.loc	7 937 27                        @ ../Drivers/STM32H7xx_HAL_Driver/Src/stm32h7xx_hal_spi.c:937:27
	ldrh	r0, [r0]
	.loc	7 937 12                        @ ../Drivers/STM32H7xx_HAL_Driver/Src/stm32h7xx_hal_spi.c:937:12
	ldr	r1, [sp, #8]
	.loc	7 937 25                        @ ../Drivers/STM32H7xx_HAL_Driver/Src/stm32h7xx_hal_spi.c:937:25
	strh	r0, [r1]
	.loc	7 941 11 is_stmt 1              @ ../Drivers/STM32H7xx_HAL_Driver/Src/stm32h7xx_hal_spi.c:941:11
	ldr	r1, [sp, #24]
	.loc	7 941 28 is_stmt 0              @ ../Drivers/STM32H7xx_HAL_Driver/Src/stm32h7xx_hal_spi.c:941:28
	ldr	r0, [r1, #92]
	adds	r0, #2
	str	r0, [r1, #92]
	.loc	7 942 11 is_stmt 1              @ ../Drivers/STM32H7xx_HAL_Driver/Src/stm32h7xx_hal_spi.c:942:11
	ldr	r1, [sp, #24]
	.loc	7 942 28 is_stmt 0              @ ../Drivers/STM32H7xx_HAL_Driver/Src/stm32h7xx_hal_spi.c:942:28
	ldrh.w	r0, [r1, #98]
	subs	r0, #1
	strh.w	r0, [r1, #98]
	b	.LBB5_37
.Ltmp92:
.LBB5_37:                               @   in Loop: Header=BB5_31 Depth=1
	.loc	7 944 7 is_stmt 1               @ ../Drivers/STM32H7xx_HAL_Driver/Src/stm32h7xx_hal_spi.c:944:7
	b	.LBB5_45
.Ltmp93:
.LBB5_38:                               @   in Loop: Header=BB5_31 Depth=1
	.loc	7 948 16                        @ ../Drivers/STM32H7xx_HAL_Driver/Src/stm32h7xx_hal_spi.c:948:16
	bl	HAL_GetTick
	.loc	7 948 32 is_stmt 0              @ ../Drivers/STM32H7xx_HAL_Driver/Src/stm32h7xx_hal_spi.c:948:32
	ldr	r1, [sp, #4]
	.loc	7 948 30                        @ ../Drivers/STM32H7xx_HAL_Driver/Src/stm32h7xx_hal_spi.c:948:30
	subs	r0, r0, r1
	.loc	7 948 47                        @ ../Drivers/STM32H7xx_HAL_Driver/Src/stm32h7xx_hal_spi.c:948:47
	ldr	r1, [sp, #12]
	.loc	7 948 56                        @ ../Drivers/STM32H7xx_HAL_Driver/Src/stm32h7xx_hal_spi.c:948:56
	cmp	r0, r1
	blo	.LBB5_40
	b	.LBB5_39
.LBB5_39:                               @   in Loop: Header=BB5_31 Depth=1
	.loc	7 948 60                        @ ../Drivers/STM32H7xx_HAL_Driver/Src/stm32h7xx_hal_spi.c:948:60
	ldr	r0, [sp, #12]
	.loc	7 948 87                        @ ../Drivers/STM32H7xx_HAL_Driver/Src/stm32h7xx_hal_spi.c:948:87
	adds	r0, #1
	cbnz	r0, .LBB5_41
	b	.LBB5_40
.LBB5_40:                               @   in Loop: Header=BB5_31 Depth=1
	.loc	7 948 91                        @ ../Drivers/STM32H7xx_HAL_Driver/Src/stm32h7xx_hal_spi.c:948:91
	ldr	r0, [sp, #12]
.Ltmp94:
	.loc	7 948 13                        @ ../Drivers/STM32H7xx_HAL_Driver/Src/stm32h7xx_hal_spi.c:948:13
	cbnz	r0, .LBB5_44
	b	.LBB5_41
.LBB5_41:
.Ltmp95:
	.loc	7 951 29 is_stmt 1              @ ../Drivers/STM32H7xx_HAL_Driver/Src/stm32h7xx_hal_spi.c:951:29
	ldr	r0, [sp, #24]
	.loc	7 951 11 is_stmt 0              @ ../Drivers/STM32H7xx_HAL_Driver/Src/stm32h7xx_hal_spi.c:951:11
	bl	SPI_CloseTransfer
	.loc	7 953 11 is_stmt 1              @ ../Drivers/STM32H7xx_HAL_Driver/Src/stm32h7xx_hal_spi.c:953:11
	ldr	r1, [sp, #24]
	ldr.w	r0, [r1, #132]
	orr	r0, r0, #256
	str.w	r0, [r1, #132]
	.loc	7 954 11                        @ ../Drivers/STM32H7xx_HAL_Driver/Src/stm32h7xx_hal_spi.c:954:11
	ldr	r1, [sp, #24]
	movs	r0, #1
	.loc	7 954 23 is_stmt 0              @ ../Drivers/STM32H7xx_HAL_Driver/Src/stm32h7xx_hal_spi.c:954:23
	strb.w	r0, [r1, #129]
	.loc	7 957 11 is_stmt 1              @ ../Drivers/STM32H7xx_HAL_Driver/Src/stm32h7xx_hal_spi.c:957:11
	b	.LBB5_42
.LBB5_42:
.Ltmp96:
	.loc	7 957 11 is_stmt 0              @ ../Drivers/STM32H7xx_HAL_Driver/Src/stm32h7xx_hal_spi.c:957:11
	ldr	r1, [sp, #24]
	movs	r0, #0
	strb.w	r0, [r1, #128]
	b	.LBB5_43
.Ltmp97:
.LBB5_43:
	.loc	7 0 11                          @ ../Drivers/STM32H7xx_HAL_Driver/Src/stm32h7xx_hal_spi.c:0:11
	movs	r0, #3
	.loc	7 959 11 is_stmt 1              @ ../Drivers/STM32H7xx_HAL_Driver/Src/stm32h7xx_hal_spi.c:959:11
	strb.w	r0, [sp, #31]
	b	.LBB5_76
.Ltmp98:
.LBB5_44:                               @   in Loop: Header=BB5_31 Depth=1
	.loc	7 0 11 is_stmt 0                @ ../Drivers/STM32H7xx_HAL_Driver/Src/stm32h7xx_hal_spi.c:0:11
	b	.LBB5_45
.LBB5_45:                               @   in Loop: Header=BB5_31 Depth=1
	.loc	7 923 5 is_stmt 1               @ ../Drivers/STM32H7xx_HAL_Driver/Src/stm32h7xx_hal_spi.c:923:5
	b	.LBB5_31
.LBB5_46:
	.loc	7 963 3                         @ ../Drivers/STM32H7xx_HAL_Driver/Src/stm32h7xx_hal_spi.c:963:3
	b	.LBB5_68
.Ltmp99:
.LBB5_47:
	.loc	7 967 5                         @ ../Drivers/STM32H7xx_HAL_Driver/Src/stm32h7xx_hal_spi.c:967:5
	b	.LBB5_48
.LBB5_48:                               @ =>This Inner Loop Header: Depth=1
	.loc	7 967 12 is_stmt 0              @ ../Drivers/STM32H7xx_HAL_Driver/Src/stm32h7xx_hal_spi.c:967:12
	ldr	r0, [sp, #24]
	.loc	7 967 18                        @ ../Drivers/STM32H7xx_HAL_Driver/Src/stm32h7xx_hal_spi.c:967:18
	ldrh.w	r0, [r0, #98]
	.loc	7 967 5                         @ ../Drivers/STM32H7xx_HAL_Driver/Src/stm32h7xx_hal_spi.c:967:5
	cmp	r0, #0
	beq	.LBB5_67
	b	.LBB5_49
.LBB5_49:                               @   in Loop: Header=BB5_48 Depth=1
.Ltmp100:
	.loc	7 970 11 is_stmt 1              @ ../Drivers/STM32H7xx_HAL_Driver/Src/stm32h7xx_hal_spi.c:970:11
	ldr	r0, [sp, #24]
	ldr	r0, [r0]
	ldr	r0, [r0, #20]
.Ltmp101:
	.loc	7 970 11 is_stmt 0              @ ../Drivers/STM32H7xx_HAL_Driver/Src/stm32h7xx_hal_spi.c:970:11
	lsls	r0, r0, #30
	cmp	r0, #0
	bpl	.LBB5_59
	b	.LBB5_50
.LBB5_50:                               @   in Loop: Header=BB5_48 Depth=1
.Ltmp102:
	.loc	7 972 14 is_stmt 1              @ ../Drivers/STM32H7xx_HAL_Driver/Src/stm32h7xx_hal_spi.c:972:14
	ldr	r0, [sp, #24]
	.loc	7 972 20 is_stmt 0              @ ../Drivers/STM32H7xx_HAL_Driver/Src/stm32h7xx_hal_spi.c:972:20
	ldrh.w	r0, [r0, #98]
	.loc	7 972 39                        @ ../Drivers/STM32H7xx_HAL_Driver/Src/stm32h7xx_hal_spi.c:972:39
	cmp	r0, #4
	blo	.LBB5_53
	b	.LBB5_51
.LBB5_51:                               @   in Loop: Header=BB5_48 Depth=1
	.loc	7 972 43                        @ ../Drivers/STM32H7xx_HAL_Driver/Src/stm32h7xx_hal_spi.c:972:43
	ldr	r0, [sp, #24]
	.loc	7 972 54                        @ ../Drivers/STM32H7xx_HAL_Driver/Src/stm32h7xx_hal_spi.c:972:54
	ldr	r0, [r0, #60]
.Ltmp103:
	.loc	7 972 13                        @ ../Drivers/STM32H7xx_HAL_Driver/Src/stm32h7xx_hal_spi.c:972:13
	cmp	r0, #65
	blo	.LBB5_53
	b	.LBB5_52
.LBB5_52:                               @   in Loop: Header=BB5_48 Depth=1
.Ltmp104:
	.loc	7 974 75 is_stmt 1              @ ../Drivers/STM32H7xx_HAL_Driver/Src/stm32h7xx_hal_spi.c:974:75
	ldr	r0, [sp, #24]
	.loc	7 974 37 is_stmt 0              @ ../Drivers/STM32H7xx_HAL_Driver/Src/stm32h7xx_hal_spi.c:974:37
	ldr	r1, [r0]
	.loc	7 974 81                        @ ../Drivers/STM32H7xx_HAL_Driver/Src/stm32h7xx_hal_spi.c:974:81
	ldr	r0, [r0, #92]
	.loc	7 974 55                        @ ../Drivers/STM32H7xx_HAL_Driver/Src/stm32h7xx_hal_spi.c:974:55
	ldr	r0, [r0]
	.loc	7 974 53                        @ ../Drivers/STM32H7xx_HAL_Driver/Src/stm32h7xx_hal_spi.c:974:53
	str	r0, [r1, #32]
	.loc	7 975 11 is_stmt 1              @ ../Drivers/STM32H7xx_HAL_Driver/Src/stm32h7xx_hal_spi.c:975:11
	ldr	r1, [sp, #24]
	.loc	7 975 28 is_stmt 0              @ ../Drivers/STM32H7xx_HAL_Driver/Src/stm32h7xx_hal_spi.c:975:28
	ldr	r0, [r1, #92]
	adds	r0, #4
	str	r0, [r1, #92]
	.loc	7 976 11 is_stmt 1              @ ../Drivers/STM32H7xx_HAL_Driver/Src/stm32h7xx_hal_spi.c:976:11
	ldr	r1, [sp, #24]
	.loc	7 976 29 is_stmt 0              @ ../Drivers/STM32H7xx_HAL_Driver/Src/stm32h7xx_hal_spi.c:976:29
	ldrh.w	r0, [r1, #98]
	subs	r0, #4
	strh.w	r0, [r1, #98]
	.loc	7 977 9 is_stmt 1               @ ../Drivers/STM32H7xx_HAL_Driver/Src/stm32h7xx_hal_spi.c:977:9
	b	.LBB5_58
.Ltmp105:
.LBB5_53:                               @   in Loop: Header=BB5_48 Depth=1
	.loc	7 978 19                        @ ../Drivers/STM32H7xx_HAL_Driver/Src/stm32h7xx_hal_spi.c:978:19
	ldr	r0, [sp, #24]
	.loc	7 978 25 is_stmt 0              @ ../Drivers/STM32H7xx_HAL_Driver/Src/stm32h7xx_hal_spi.c:978:25
	ldrh.w	r0, [r0, #98]
	.loc	7 978 44                        @ ../Drivers/STM32H7xx_HAL_Driver/Src/stm32h7xx_hal_spi.c:978:44
	cmp	r0, #2
	blo	.LBB5_56
	b	.LBB5_54
.LBB5_54:                               @   in Loop: Header=BB5_48 Depth=1
	.loc	7 978 48                        @ ../Drivers/STM32H7xx_HAL_Driver/Src/stm32h7xx_hal_spi.c:978:48
	ldr	r0, [sp, #24]
	.loc	7 978 59                        @ ../Drivers/STM32H7xx_HAL_Driver/Src/stm32h7xx_hal_spi.c:978:59
	ldr	r0, [r0, #60]
.Ltmp106:
	.loc	7 978 18                        @ ../Drivers/STM32H7xx_HAL_Driver/Src/stm32h7xx_hal_spi.c:978:18
	cbz	r0, .LBB5_56
	b	.LBB5_55
.LBB5_55:                               @   in Loop: Header=BB5_48 Depth=1
.Ltmp107:
	.loc	7 981 47 is_stmt 1              @ ../Drivers/STM32H7xx_HAL_Driver/Src/stm32h7xx_hal_spi.c:981:47
	ldr	r0, [sp, #24]
	.loc	7 981 53 is_stmt 0              @ ../Drivers/STM32H7xx_HAL_Driver/Src/stm32h7xx_hal_spi.c:981:53
	ldr	r0, [r0, #92]
	.loc	7 981 27                        @ ../Drivers/STM32H7xx_HAL_Driver/Src/stm32h7xx_hal_spi.c:981:27
	ldrh	r0, [r0]
	.loc	7 981 12                        @ ../Drivers/STM32H7xx_HAL_Driver/Src/stm32h7xx_hal_spi.c:981:12
	ldr	r1, [sp, #8]
	.loc	7 981 25                        @ ../Drivers/STM32H7xx_HAL_Driver/Src/stm32h7xx_hal_spi.c:981:25
	strh	r0, [r1]
	.loc	7 985 11 is_stmt 1              @ ../Drivers/STM32H7xx_HAL_Driver/Src/stm32h7xx_hal_spi.c:985:11
	ldr	r1, [sp, #24]
	.loc	7 985 28 is_stmt 0              @ ../Drivers/STM32H7xx_HAL_Driver/Src/stm32h7xx_hal_spi.c:985:28
	ldr	r0, [r1, #92]
	adds	r0, #2
	str	r0, [r1, #92]
	.loc	7 986 11 is_stmt 1              @ ../Drivers/STM32H7xx_HAL_Driver/Src/stm32h7xx_hal_spi.c:986:11
	ldr	r1, [sp, #24]
	.loc	7 986 29 is_stmt 0              @ ../Drivers/STM32H7xx_HAL_Driver/Src/stm32h7xx_hal_spi.c:986:29
	ldrh.w	r0, [r1, #98]
	subs	r0, #2
	strh.w	r0, [r1, #98]
	.loc	7 987 9 is_stmt 1               @ ../Drivers/STM32H7xx_HAL_Driver/Src/stm32h7xx_hal_spi.c:987:9
	b	.LBB5_57
.Ltmp108:
.LBB5_56:                               @   in Loop: Header=BB5_48 Depth=1
	.loc	7 990 73                        @ ../Drivers/STM32H7xx_HAL_Driver/Src/stm32h7xx_hal_spi.c:990:73
	ldr	r0, [sp, #24]
	.loc	7 990 36 is_stmt 0              @ ../Drivers/STM32H7xx_HAL_Driver/Src/stm32h7xx_hal_spi.c:990:36
	ldr	r1, [r0]
	.loc	7 990 79                        @ ../Drivers/STM32H7xx_HAL_Driver/Src/stm32h7xx_hal_spi.c:990:79
	ldr	r0, [r0, #92]
	.loc	7 990 54                        @ ../Drivers/STM32H7xx_HAL_Driver/Src/stm32h7xx_hal_spi.c:990:54
	ldrb	r0, [r0]
	.loc	7 990 52                        @ ../Drivers/STM32H7xx_HAL_Driver/Src/stm32h7xx_hal_spi.c:990:52
	strb.w	r0, [r1, #32]
	.loc	7 991 11 is_stmt 1              @ ../Drivers/STM32H7xx_HAL_Driver/Src/stm32h7xx_hal_spi.c:991:11
	ldr	r1, [sp, #24]
	.loc	7 991 28 is_stmt 0              @ ../Drivers/STM32H7xx_HAL_Driver/Src/stm32h7xx_hal_spi.c:991:28
	ldr	r0, [r1, #92]
	adds	r0, #1
	str	r0, [r1, #92]
	.loc	7 992 11 is_stmt 1              @ ../Drivers/STM32H7xx_HAL_Driver/Src/stm32h7xx_hal_spi.c:992:11
	ldr	r1, [sp, #24]
	.loc	7 992 28 is_stmt 0              @ ../Drivers/STM32H7xx_HAL_Driver/Src/stm32h7xx_hal_spi.c:992:28
	ldrh.w	r0, [r1, #98]
	subs	r0, #1
	strh.w	r0, [r1, #98]
	b	.LBB5_57
.Ltmp109:
.LBB5_57:                               @   in Loop: Header=BB5_48 Depth=1
	.loc	7 0 28                          @ ../Drivers/STM32H7xx_HAL_Driver/Src/stm32h7xx_hal_spi.c:0:28
	b	.LBB5_58
.LBB5_58:                               @   in Loop: Header=BB5_48 Depth=1
	.loc	7 994 7 is_stmt 1               @ ../Drivers/STM32H7xx_HAL_Driver/Src/stm32h7xx_hal_spi.c:994:7
	b	.LBB5_66
.Ltmp110:
.LBB5_59:                               @   in Loop: Header=BB5_48 Depth=1
	.loc	7 998 16                        @ ../Drivers/STM32H7xx_HAL_Driver/Src/stm32h7xx_hal_spi.c:998:16
	bl	HAL_GetTick
	.loc	7 998 32 is_stmt 0              @ ../Drivers/STM32H7xx_HAL_Driver/Src/stm32h7xx_hal_spi.c:998:32
	ldr	r1, [sp, #4]
	.loc	7 998 30                        @ ../Drivers/STM32H7xx_HAL_Driver/Src/stm32h7xx_hal_spi.c:998:30
	subs	r0, r0, r1
	.loc	7 998 47                        @ ../Drivers/STM32H7xx_HAL_Driver/Src/stm32h7xx_hal_spi.c:998:47
	ldr	r1, [sp, #12]
	.loc	7 998 56                        @ ../Drivers/STM32H7xx_HAL_Driver/Src/stm32h7xx_hal_spi.c:998:56
	cmp	r0, r1
	blo	.LBB5_61
	b	.LBB5_60
.LBB5_60:                               @   in Loop: Header=BB5_48 Depth=1
	.loc	7 998 60                        @ ../Drivers/STM32H7xx_HAL_Driver/Src/stm32h7xx_hal_spi.c:998:60
	ldr	r0, [sp, #12]
	.loc	7 998 87                        @ ../Drivers/STM32H7xx_HAL_Driver/Src/stm32h7xx_hal_spi.c:998:87
	adds	r0, #1
	cbnz	r0, .LBB5_62
	b	.LBB5_61
.LBB5_61:                               @   in Loop: Header=BB5_48 Depth=1
	.loc	7 998 91                        @ ../Drivers/STM32H7xx_HAL_Driver/Src/stm32h7xx_hal_spi.c:998:91
	ldr	r0, [sp, #12]
.Ltmp111:
	.loc	7 998 13                        @ ../Drivers/STM32H7xx_HAL_Driver/Src/stm32h7xx_hal_spi.c:998:13
	cbnz	r0, .LBB5_65
	b	.LBB5_62
.LBB5_62:
.Ltmp112:
	.loc	7 1001 29 is_stmt 1             @ ../Drivers/STM32H7xx_HAL_Driver/Src/stm32h7xx_hal_spi.c:1001:29
	ldr	r0, [sp, #24]
	.loc	7 1001 11 is_stmt 0             @ ../Drivers/STM32H7xx_HAL_Driver/Src/stm32h7xx_hal_spi.c:1001:11
	bl	SPI_CloseTransfer
	.loc	7 1003 11 is_stmt 1             @ ../Drivers/STM32H7xx_HAL_Driver/Src/stm32h7xx_hal_spi.c:1003:11
	ldr	r1, [sp, #24]
	ldr.w	r0, [r1, #132]
	orr	r0, r0, #256
	str.w	r0, [r1, #132]
	.loc	7 1004 11                       @ ../Drivers/STM32H7xx_HAL_Driver/Src/stm32h7xx_hal_spi.c:1004:11
	ldr	r1, [sp, #24]
	movs	r0, #1
	.loc	7 1004 23 is_stmt 0             @ ../Drivers/STM32H7xx_HAL_Driver/Src/stm32h7xx_hal_spi.c:1004:23
	strb.w	r0, [r1, #129]
	.loc	7 1007 11 is_stmt 1             @ ../Drivers/STM32H7xx_HAL_Driver/Src/stm32h7xx_hal_spi.c:1007:11
	b	.LBB5_63
.LBB5_63:
.Ltmp113:
	.loc	7 1007 11 is_stmt 0             @ ../Drivers/STM32H7xx_HAL_Driver/Src/stm32h7xx_hal_spi.c:1007:11
	ldr	r1, [sp, #24]
	movs	r0, #0
	strb.w	r0, [r1, #128]
	b	.LBB5_64
.Ltmp114:
.LBB5_64:
	.loc	7 0 11                          @ ../Drivers/STM32H7xx_HAL_Driver/Src/stm32h7xx_hal_spi.c:0:11
	movs	r0, #3
	.loc	7 1009 11 is_stmt 1             @ ../Drivers/STM32H7xx_HAL_Driver/Src/stm32h7xx_hal_spi.c:1009:11
	strb.w	r0, [sp, #31]
	b	.LBB5_76
.Ltmp115:
.LBB5_65:                               @   in Loop: Header=BB5_48 Depth=1
	.loc	7 0 11 is_stmt 0                @ ../Drivers/STM32H7xx_HAL_Driver/Src/stm32h7xx_hal_spi.c:0:11
	b	.LBB5_66
.LBB5_66:                               @   in Loop: Header=BB5_48 Depth=1
	.loc	7 967 5 is_stmt 1               @ ../Drivers/STM32H7xx_HAL_Driver/Src/stm32h7xx_hal_spi.c:967:5
	b	.LBB5_48
.Ltmp116:
.LBB5_67:
	.loc	7 0 5 is_stmt 0                 @ ../Drivers/STM32H7xx_HAL_Driver/Src/stm32h7xx_hal_spi.c:0:5
	b	.LBB5_68
.LBB5_68:
	b	.LBB5_69
.LBB5_69:
.Ltmp117:
	.loc	7 1016 34 is_stmt 1             @ ../Drivers/STM32H7xx_HAL_Driver/Src/stm32h7xx_hal_spi.c:1016:34
	ldr	r0, [sp, #24]
	.loc	7 1016 61 is_stmt 0             @ ../Drivers/STM32H7xx_HAL_Driver/Src/stm32h7xx_hal_spi.c:1016:61
	ldr	r3, [sp, #12]
	.loc	7 1016 70                       @ ../Drivers/STM32H7xx_HAL_Driver/Src/stm32h7xx_hal_spi.c:1016:70
	ldr	r1, [sp, #4]
	.loc	7 1016 7                        @ ../Drivers/STM32H7xx_HAL_Driver/Src/stm32h7xx_hal_spi.c:1016:7
	mov	r2, sp
	str	r1, [r2]
	movs	r1, #8
	movs	r2, #0
	bl	SPI_WaitOnFlagUntilTimeout
.Ltmp118:
	.loc	7 1016 7                        @ ../Drivers/STM32H7xx_HAL_Driver/Src/stm32h7xx_hal_spi.c:1016:7
	cbz	r0, .LBB5_71
	b	.LBB5_70
.LBB5_70:
.Ltmp119:
	.loc	7 1018 5 is_stmt 1              @ ../Drivers/STM32H7xx_HAL_Driver/Src/stm32h7xx_hal_spi.c:1018:5
	ldr	r1, [sp, #24]
	ldr.w	r0, [r1, #132]
	orr	r0, r0, #32
	str.w	r0, [r1, #132]
	.loc	7 1019 3                        @ ../Drivers/STM32H7xx_HAL_Driver/Src/stm32h7xx_hal_spi.c:1019:3
	b	.LBB5_71
.Ltmp120:
.LBB5_71:
	.loc	7 1022 21                       @ ../Drivers/STM32H7xx_HAL_Driver/Src/stm32h7xx_hal_spi.c:1022:21
	ldr	r0, [sp, #24]
	.loc	7 1022 3 is_stmt 0              @ ../Drivers/STM32H7xx_HAL_Driver/Src/stm32h7xx_hal_spi.c:1022:3
	bl	SPI_CloseTransfer
	.loc	7 1024 3 is_stmt 1              @ ../Drivers/STM32H7xx_HAL_Driver/Src/stm32h7xx_hal_spi.c:1024:3
	ldr	r1, [sp, #24]
	movs	r0, #1
	.loc	7 1024 15 is_stmt 0             @ ../Drivers/STM32H7xx_HAL_Driver/Src/stm32h7xx_hal_spi.c:1024:15
	strb.w	r0, [r1, #129]
	.loc	7 1027 3 is_stmt 1              @ ../Drivers/STM32H7xx_HAL_Driver/Src/stm32h7xx_hal_spi.c:1027:3
	b	.LBB5_72
.LBB5_72:
.Ltmp121:
	.loc	7 1027 3 is_stmt 0              @ ../Drivers/STM32H7xx_HAL_Driver/Src/stm32h7xx_hal_spi.c:1027:3
	ldr	r1, [sp, #24]
	movs	r0, #0
	strb.w	r0, [r1, #128]
	b	.LBB5_73
.Ltmp122:
.LBB5_73:
	.loc	7 1029 7 is_stmt 1              @ ../Drivers/STM32H7xx_HAL_Driver/Src/stm32h7xx_hal_spi.c:1029:7
	ldr	r0, [sp, #24]
	.loc	7 1029 13 is_stmt 0             @ ../Drivers/STM32H7xx_HAL_Driver/Src/stm32h7xx_hal_spi.c:1029:13
	ldr.w	r0, [r0, #132]
.Ltmp123:
	.loc	7 1029 7                        @ ../Drivers/STM32H7xx_HAL_Driver/Src/stm32h7xx_hal_spi.c:1029:7
	cbz	r0, .LBB5_75
	b	.LBB5_74
.LBB5_74:
	.loc	7 0 7                           @ ../Drivers/STM32H7xx_HAL_Driver/Src/stm32h7xx_hal_spi.c:0:7
	movs	r0, #1
.Ltmp124:
	.loc	7 1031 5 is_stmt 1              @ ../Drivers/STM32H7xx_HAL_Driver/Src/stm32h7xx_hal_spi.c:1031:5
	strb.w	r0, [sp, #31]
	b	.LBB5_76
.Ltmp125:
.LBB5_75:
	.loc	7 0 5 is_stmt 0                 @ ../Drivers/STM32H7xx_HAL_Driver/Src/stm32h7xx_hal_spi.c:0:5
	movs	r0, #0
.Ltmp126:
	.loc	7 1035 5 is_stmt 1              @ ../Drivers/STM32H7xx_HAL_Driver/Src/stm32h7xx_hal_spi.c:1035:5
	strb.w	r0, [sp, #31]
	b	.LBB5_76
.Ltmp127:
.LBB5_76:
	.loc	7 1037 1                        @ ../Drivers/STM32H7xx_HAL_Driver/Src/stm32h7xx_hal_spi.c:1037:1
	ldrb.w	r0, [sp, #31]
	.loc	7 1037 1 epilogue_begin is_stmt 0 @ ../Drivers/STM32H7xx_HAL_Driver/Src/stm32h7xx_hal_spi.c:1037:1
	add	sp, #32
	pop	{r7, pc}
.Ltmp128:
.Lfunc_end5:
	.size	HAL_SPI_Transmit, .Lfunc_end5-HAL_SPI_Transmit
	.cfi_endproc
	.cantunwind
	.fnend
                                        @ -- End function
	.section	.text.SPI_CloseTransfer,"ax",%progbits
	.p2align	3                               @ -- Begin function SPI_CloseTransfer
	.type	SPI_CloseTransfer,%function
	.code	16                              @ @SPI_CloseTransfer
	.thumb_func
SPI_CloseTransfer:
.Lfunc_begin6:
	.loc	7 3938 0 is_stmt 1              @ ../Drivers/STM32H7xx_HAL_Driver/Src/stm32h7xx_hal_spi.c:3938:0
	.fnstart
	.cfi_startproc
@ %bb.0:
	.pad	#8
	sub	sp, #8
	.cfi_def_cfa_offset 8
	str	r0, [sp, #4]
.Ltmp129:
	.loc	7 3939 21 prologue_end          @ ../Drivers/STM32H7xx_HAL_Driver/Src/stm32h7xx_hal_spi.c:3939:21
	ldr	r0, [sp, #4]
	.loc	7 3939 27 is_stmt 0             @ ../Drivers/STM32H7xx_HAL_Driver/Src/stm32h7xx_hal_spi.c:3939:27
	ldr	r0, [r0]
	.loc	7 3939 37                       @ ../Drivers/STM32H7xx_HAL_Driver/Src/stm32h7xx_hal_spi.c:3939:37
	ldr	r0, [r0, #20]
	.loc	7 3939 12                       @ ../Drivers/STM32H7xx_HAL_Driver/Src/stm32h7xx_hal_spi.c:3939:12
	str	r0, [sp]
	.loc	7 3941 3 is_stmt 1              @ ../Drivers/STM32H7xx_HAL_Driver/Src/stm32h7xx_hal_spi.c:3941:3
	ldr	r0, [sp, #4]
	ldr	r1, [r0]
	ldr	r0, [r1, #24]
	orr	r0, r0, #8
	str	r0, [r1, #24]
	.loc	7 3942 3                        @ ../Drivers/STM32H7xx_HAL_Driver/Src/stm32h7xx_hal_spi.c:3942:3
	ldr	r0, [sp, #4]
	ldr	r1, [r0]
	ldr	r0, [r1, #24]
	orr	r0, r0, #16
	str	r0, [r1, #24]
	.loc	7 3945 3                        @ ../Drivers/STM32H7xx_HAL_Driver/Src/stm32h7xx_hal_spi.c:3945:3
	ldr	r0, [sp, #4]
	ldr	r1, [r0]
	ldr	r0, [r1]
	bic	r0, r0, #1
	str	r0, [r1]
	.loc	7 3948 3                        @ ../Drivers/STM32H7xx_HAL_Driver/Src/stm32h7xx_hal_spi.c:3948:3
	ldr	r0, [sp, #4]
	ldr	r1, [r0]
	ldr	r0, [r1, #16]
	movw	r2, #879
	bics	r0, r2
	str	r0, [r1, #16]
	.loc	7 3952 3                        @ ../Drivers/STM32H7xx_HAL_Driver/Src/stm32h7xx_hal_spi.c:3952:3
	ldr	r0, [sp, #4]
	ldr	r1, [r0]
	ldr	r0, [r1, #8]
	bic	r0, r0, #49152
	str	r0, [r1, #8]
.Ltmp130:
	.loc	7 3955 7                        @ ../Drivers/STM32H7xx_HAL_Driver/Src/stm32h7xx_hal_spi.c:3955:7
	ldr	r0, [sp, #4]
	.loc	7 3955 13 is_stmt 0             @ ../Drivers/STM32H7xx_HAL_Driver/Src/stm32h7xx_hal_spi.c:3955:13
	ldrb.w	r0, [r0, #129]
.Ltmp131:
	.loc	7 3955 7                        @ ../Drivers/STM32H7xx_HAL_Driver/Src/stm32h7xx_hal_spi.c:3955:7
	cmp	r0, #4
	beq	.LBB6_4
	b	.LBB6_1
.LBB6_1:
.Ltmp132:
	.loc	7 3957 9 is_stmt 1              @ ../Drivers/STM32H7xx_HAL_Driver/Src/stm32h7xx_hal_spi.c:3957:9
	ldrb.w	r0, [sp]
	lsls	r0, r0, #26
	cmp	r0, #0
	bpl	.LBB6_3
	b	.LBB6_2
.LBB6_2:
.Ltmp133:
	.loc	7 3959 7                        @ ../Drivers/STM32H7xx_HAL_Driver/Src/stm32h7xx_hal_spi.c:3959:7
	ldr	r1, [sp, #4]
	ldr.w	r0, [r1, #132]
	orr	r0, r0, #128
	str.w	r0, [r1, #132]
	.loc	7 3960 7                        @ ../Drivers/STM32H7xx_HAL_Driver/Src/stm32h7xx_hal_spi.c:3960:7
	ldr	r0, [sp, #4]
	ldr	r1, [r0]
	ldr	r0, [r1, #24]
	orr	r0, r0, #32
	str	r0, [r1, #24]
	.loc	7 3961 5                        @ ../Drivers/STM32H7xx_HAL_Driver/Src/stm32h7xx_hal_spi.c:3961:5
	b	.LBB6_3
.Ltmp134:
.LBB6_3:
	.loc	7 3962 3                        @ ../Drivers/STM32H7xx_HAL_Driver/Src/stm32h7xx_hal_spi.c:3962:3
	b	.LBB6_4
.Ltmp135:
.LBB6_4:
	.loc	7 3965 7                        @ ../Drivers/STM32H7xx_HAL_Driver/Src/stm32h7xx_hal_spi.c:3965:7
	ldr	r0, [sp, #4]
	.loc	7 3965 13 is_stmt 0             @ ../Drivers/STM32H7xx_HAL_Driver/Src/stm32h7xx_hal_spi.c:3965:13
	ldrb.w	r0, [r0, #129]
.Ltmp136:
	.loc	7 3965 7                        @ ../Drivers/STM32H7xx_HAL_Driver/Src/stm32h7xx_hal_spi.c:3965:7
	cmp	r0, #3
	beq	.LBB6_8
	b	.LBB6_5
.LBB6_5:
.Ltmp137:
	.loc	7 3967 9 is_stmt 1              @ ../Drivers/STM32H7xx_HAL_Driver/Src/stm32h7xx_hal_spi.c:3967:9
	ldrb.w	r0, [sp]
	lsls	r0, r0, #25
	cmp	r0, #0
	bpl	.LBB6_7
	b	.LBB6_6
.LBB6_6:
.Ltmp138:
	.loc	7 3969 7                        @ ../Drivers/STM32H7xx_HAL_Driver/Src/stm32h7xx_hal_spi.c:3969:7
	ldr	r1, [sp, #4]
	ldr.w	r0, [r1, #132]
	orr	r0, r0, #4
	str.w	r0, [r1, #132]
	.loc	7 3970 7                        @ ../Drivers/STM32H7xx_HAL_Driver/Src/stm32h7xx_hal_spi.c:3970:7
	ldr	r0, [sp, #4]
	ldr	r1, [r0]
	ldr	r0, [r1, #24]
	orr	r0, r0, #64
	str	r0, [r1, #24]
	.loc	7 3971 5                        @ ../Drivers/STM32H7xx_HAL_Driver/Src/stm32h7xx_hal_spi.c:3971:5
	b	.LBB6_7
.Ltmp139:
.LBB6_7:
	.loc	7 3984 3                        @ ../Drivers/STM32H7xx_HAL_Driver/Src/stm32h7xx_hal_spi.c:3984:3
	b	.LBB6_8
.Ltmp140:
.LBB6_8:
	.loc	7 3987 7                        @ ../Drivers/STM32H7xx_HAL_Driver/Src/stm32h7xx_hal_spi.c:3987:7
	ldrb.w	r0, [sp, #1]
	lsls	r0, r0, #30
	cmp	r0, #0
	bpl	.LBB6_10
	b	.LBB6_9
.LBB6_9:
.Ltmp141:
	.loc	7 3989 5                        @ ../Drivers/STM32H7xx_HAL_Driver/Src/stm32h7xx_hal_spi.c:3989:5
	ldr	r1, [sp, #4]
	ldr.w	r0, [r1, #132]
	orr	r0, r0, #1
	str.w	r0, [r1, #132]
	.loc	7 3990 5                        @ ../Drivers/STM32H7xx_HAL_Driver/Src/stm32h7xx_hal_spi.c:3990:5
	ldr	r0, [sp, #4]
	ldr	r1, [r0]
	ldr	r0, [r1, #24]
	orr	r0, r0, #512
	str	r0, [r1, #24]
	.loc	7 3991 3                        @ ../Drivers/STM32H7xx_HAL_Driver/Src/stm32h7xx_hal_spi.c:3991:3
	b	.LBB6_10
.Ltmp142:
.LBB6_10:
	.loc	7 3994 7                        @ ../Drivers/STM32H7xx_HAL_Driver/Src/stm32h7xx_hal_spi.c:3994:7
	ldrb.w	r0, [sp, #1]
	lsls	r0, r0, #31
	cbz	r0, .LBB6_12
	b	.LBB6_11
.LBB6_11:
.Ltmp143:
	.loc	7 3996 5                        @ ../Drivers/STM32H7xx_HAL_Driver/Src/stm32h7xx_hal_spi.c:3996:5
	ldr	r1, [sp, #4]
	ldr.w	r0, [r1, #132]
	orr	r0, r0, #8
	str.w	r0, [r1, #132]
	.loc	7 3997 5                        @ ../Drivers/STM32H7xx_HAL_Driver/Src/stm32h7xx_hal_spi.c:3997:5
	ldr	r0, [sp, #4]
	ldr	r1, [r0]
	ldr	r0, [r1, #24]
	orr	r0, r0, #256
	str	r0, [r1, #24]
	.loc	7 3998 3                        @ ../Drivers/STM32H7xx_HAL_Driver/Src/stm32h7xx_hal_spi.c:3998:3
	b	.LBB6_12
.Ltmp144:
.LBB6_12:
	.loc	7 4000 3                        @ ../Drivers/STM32H7xx_HAL_Driver/Src/stm32h7xx_hal_spi.c:4000:3
	ldr	r1, [sp, #4]
	movs	r0, #0
	.loc	7 4000 21 is_stmt 0             @ ../Drivers/STM32H7xx_HAL_Driver/Src/stm32h7xx_hal_spi.c:4000:21
	strh.w	r0, [r1, #98]
	.loc	7 4001 3 is_stmt 1              @ ../Drivers/STM32H7xx_HAL_Driver/Src/stm32h7xx_hal_spi.c:4001:3
	ldr	r1, [sp, #4]
	.loc	7 4001 21 is_stmt 0             @ ../Drivers/STM32H7xx_HAL_Driver/Src/stm32h7xx_hal_spi.c:4001:21
	strh.w	r0, [r1, #106]
	.loc	7 4002 1 epilogue_begin is_stmt 1 @ ../Drivers/STM32H7xx_HAL_Driver/Src/stm32h7xx_hal_spi.c:4002:1
	add	sp, #8
	bx	lr
.Ltmp145:
.Lfunc_end6:
	.size	SPI_CloseTransfer, .Lfunc_end6-SPI_CloseTransfer
	.cfi_endproc
	.cantunwind
	.fnend
                                        @ -- End function
	.section	.text.SPI_WaitOnFlagUntilTimeout,"ax",%progbits
	.p2align	3                               @ -- Begin function SPI_WaitOnFlagUntilTimeout
	.type	SPI_WaitOnFlagUntilTimeout,%function
	.code	16                              @ @SPI_WaitOnFlagUntilTimeout
	.thumb_func
SPI_WaitOnFlagUntilTimeout:
.Lfunc_begin7:
	.loc	7 4016 0                        @ ../Drivers/STM32H7xx_HAL_Driver/Src/stm32h7xx_hal_spi.c:4016:0
	.fnstart
	.cfi_startproc
@ %bb.0:
	.save	{r7, lr}
	push	{r7, lr}
	.cfi_def_cfa_offset 8
	.cfi_offset lr, -4
	.cfi_offset r7, -8
	.pad	#24
	sub	sp, #24
	.cfi_def_cfa_offset 32
	ldr.w	r12, [sp, #32]
                                        @ kill: def $r12 killed $r2
	str	r0, [sp, #16]
	str	r1, [sp, #12]
	strb.w	r2, [sp, #11]
	str	r3, [sp, #4]
.Ltmp146:
	.loc	7 4018 3 prologue_end           @ ../Drivers/STM32H7xx_HAL_Driver/Src/stm32h7xx_hal_spi.c:4018:3
	b	.LBB7_1
.LBB7_1:                                @ =>This Inner Loop Header: Depth=1
	.loc	7 4018 11 is_stmt 0             @ ../Drivers/STM32H7xx_HAL_Driver/Src/stm32h7xx_hal_spi.c:4018:11
	ldr	r0, [sp, #16]
	ldr	r0, [r0]
	ldr	r0, [r0, #20]
	ldr	r1, [sp, #12]
	ands	r0, r1
	subs	r0, r0, r1
	clz	r0, r0
	lsrs	r0, r0, #5
	.loc	7 4018 60                       @ ../Drivers/STM32H7xx_HAL_Driver/Src/stm32h7xx_hal_spi.c:4018:60
	ldrb.w	r1, [sp, #11]
	.loc	7 4018 3                        @ ../Drivers/STM32H7xx_HAL_Driver/Src/stm32h7xx_hal_spi.c:4018:3
	cmp	r0, r1
	bne	.LBB7_7
	b	.LBB7_2
.LBB7_2:                                @   in Loop: Header=BB7_1 Depth=1
.Ltmp147:
	.loc	7 4021 12 is_stmt 1             @ ../Drivers/STM32H7xx_HAL_Driver/Src/stm32h7xx_hal_spi.c:4021:12
	bl	HAL_GetTick
	.loc	7 4021 28 is_stmt 0             @ ../Drivers/STM32H7xx_HAL_Driver/Src/stm32h7xx_hal_spi.c:4021:28
	ldr	r1, [sp, #32]
	.loc	7 4021 26                       @ ../Drivers/STM32H7xx_HAL_Driver/Src/stm32h7xx_hal_spi.c:4021:26
	subs	r0, r0, r1
	.loc	7 4021 43                       @ ../Drivers/STM32H7xx_HAL_Driver/Src/stm32h7xx_hal_spi.c:4021:43
	ldr	r1, [sp, #4]
	.loc	7 4021 52                       @ ../Drivers/STM32H7xx_HAL_Driver/Src/stm32h7xx_hal_spi.c:4021:52
	cmp	r0, r1
	blo	.LBB7_4
	b	.LBB7_3
.LBB7_3:                                @   in Loop: Header=BB7_1 Depth=1
	.loc	7 4021 56                       @ ../Drivers/STM32H7xx_HAL_Driver/Src/stm32h7xx_hal_spi.c:4021:56
	ldr	r0, [sp, #4]
	.loc	7 4021 83                       @ ../Drivers/STM32H7xx_HAL_Driver/Src/stm32h7xx_hal_spi.c:4021:83
	adds	r0, #1
	cbnz	r0, .LBB7_5
	b	.LBB7_4
.LBB7_4:                                @   in Loop: Header=BB7_1 Depth=1
	.loc	7 4021 87                       @ ../Drivers/STM32H7xx_HAL_Driver/Src/stm32h7xx_hal_spi.c:4021:87
	ldr	r0, [sp, #4]
.Ltmp148:
	.loc	7 4021 9                        @ ../Drivers/STM32H7xx_HAL_Driver/Src/stm32h7xx_hal_spi.c:4021:9
	cbnz	r0, .LBB7_6
	b	.LBB7_5
.LBB7_5:
	.loc	7 0 9                           @ ../Drivers/STM32H7xx_HAL_Driver/Src/stm32h7xx_hal_spi.c:0:9
	movs	r0, #3
.Ltmp149:
	.loc	7 4023 7 is_stmt 1              @ ../Drivers/STM32H7xx_HAL_Driver/Src/stm32h7xx_hal_spi.c:4023:7
	strb.w	r0, [sp, #23]
	b	.LBB7_8
.Ltmp150:
.LBB7_6:                                @   in Loop: Header=BB7_1 Depth=1
	.loc	7 4018 3                        @ ../Drivers/STM32H7xx_HAL_Driver/Src/stm32h7xx_hal_spi.c:4018:3
	b	.LBB7_1
.LBB7_7:
	.loc	7 0 3 is_stmt 0                 @ ../Drivers/STM32H7xx_HAL_Driver/Src/stm32h7xx_hal_spi.c:0:3
	movs	r0, #0
	.loc	7 4026 3 is_stmt 1              @ ../Drivers/STM32H7xx_HAL_Driver/Src/stm32h7xx_hal_spi.c:4026:3
	strb.w	r0, [sp, #23]
	b	.LBB7_8
.LBB7_8:
	.loc	7 4027 1                        @ ../Drivers/STM32H7xx_HAL_Driver/Src/stm32h7xx_hal_spi.c:4027:1
	ldrb.w	r0, [sp, #23]
	.loc	7 4027 1 epilogue_begin is_stmt 0 @ ../Drivers/STM32H7xx_HAL_Driver/Src/stm32h7xx_hal_spi.c:4027:1
	add	sp, #24
	pop	{r7, pc}
.Ltmp151:
.Lfunc_end7:
	.size	SPI_WaitOnFlagUntilTimeout, .Lfunc_end7-SPI_WaitOnFlagUntilTimeout
	.cfi_endproc
	.cantunwind
	.fnend
                                        @ -- End function
	.section	.text.HAL_SPI_Receive,"ax",%progbits
	.hidden	HAL_SPI_Receive                 @ -- Begin function HAL_SPI_Receive
	.globl	HAL_SPI_Receive
	.p2align	3
	.type	HAL_SPI_Receive,%function
	.code	16                              @ @HAL_SPI_Receive
	.thumb_func
HAL_SPI_Receive:
.Lfunc_begin8:
	.loc	7 1049 0 is_stmt 1              @ ../Drivers/STM32H7xx_HAL_Driver/Src/stm32h7xx_hal_spi.c:1049:0
	.fnstart
	.cfi_startproc
@ %bb.0:
	.save	{r7, lr}
	push	{r7, lr}
	.cfi_def_cfa_offset 8
	.cfi_offset lr, -4
	.cfi_offset r7, -8
	.pad	#40
	sub	sp, #40
	.cfi_def_cfa_offset 48
                                        @ kill: def $r12 killed $r2
	str	r0, [sp, #32]
	str	r1, [sp, #28]
	strh.w	r2, [sp, #26]
	str	r3, [sp, #20]
.Ltmp152:
	.loc	7 1053 40 prologue_end          @ ../Drivers/STM32H7xx_HAL_Driver/Src/stm32h7xx_hal_spi.c:1053:40
	ldr	r0, [sp, #32]
	.loc	7 1053 51 is_stmt 0             @ ../Drivers/STM32H7xx_HAL_Driver/Src/stm32h7xx_hal_spi.c:1053:51
	ldr	r1, [r0, #60]
	movs	r0, #1
	.loc	7 1053 72                       @ ../Drivers/STM32H7xx_HAL_Driver/Src/stm32h7xx_hal_spi.c:1053:72
	add.w	r0, r0, r1, lsr #5
	.loc	7 1053 25                       @ ../Drivers/STM32H7xx_HAL_Driver/Src/stm32h7xx_hal_spi.c:1053:25
	strh.w	r0, [sp, #10]
	.loc	7 1055 53 is_stmt 1             @ ../Drivers/STM32H7xx_HAL_Driver/Src/stm32h7xx_hal_spi.c:1055:53
	ldr	r0, [sp, #32]
	.loc	7 1055 59 is_stmt 0             @ ../Drivers/STM32H7xx_HAL_Driver/Src/stm32h7xx_hal_spi.c:1055:59
	ldr	r0, [r0]
	.loc	7 1055 69                       @ ../Drivers/STM32H7xx_HAL_Driver/Src/stm32h7xx_hal_spi.c:1055:69
	adds	r0, #48
	.loc	7 1055 18                       @ ../Drivers/STM32H7xx_HAL_Driver/Src/stm32h7xx_hal_spi.c:1055:18
	str	r0, [sp, #4]
	.loc	7 1062 15 is_stmt 1             @ ../Drivers/STM32H7xx_HAL_Driver/Src/stm32h7xx_hal_spi.c:1062:15
	bl	HAL_GetTick
	.loc	7 1062 13 is_stmt 0             @ ../Drivers/STM32H7xx_HAL_Driver/Src/stm32h7xx_hal_spi.c:1062:13
	str	r0, [sp, #16]
.Ltmp153:
	.loc	7 1064 7 is_stmt 1              @ ../Drivers/STM32H7xx_HAL_Driver/Src/stm32h7xx_hal_spi.c:1064:7
	ldr	r0, [sp, #32]
	.loc	7 1064 13 is_stmt 0             @ ../Drivers/STM32H7xx_HAL_Driver/Src/stm32h7xx_hal_spi.c:1064:13
	ldrb.w	r0, [r0, #129]
.Ltmp154:
	.loc	7 1064 7                        @ ../Drivers/STM32H7xx_HAL_Driver/Src/stm32h7xx_hal_spi.c:1064:7
	cmp	r0, #1
	beq	.LBB8_2
	b	.LBB8_1
.LBB8_1:
	.loc	7 0 7                           @ ../Drivers/STM32H7xx_HAL_Driver/Src/stm32h7xx_hal_spi.c:0:7
	movs	r0, #2
.Ltmp155:
	.loc	7 1066 5 is_stmt 1              @ ../Drivers/STM32H7xx_HAL_Driver/Src/stm32h7xx_hal_spi.c:1066:5
	strb.w	r0, [sp, #39]
	b	.LBB8_97
.Ltmp156:
.LBB8_2:
	.loc	7 1069 8                        @ ../Drivers/STM32H7xx_HAL_Driver/Src/stm32h7xx_hal_spi.c:1069:8
	ldr	r0, [sp, #28]
	.loc	7 1069 23 is_stmt 0             @ ../Drivers/STM32H7xx_HAL_Driver/Src/stm32h7xx_hal_spi.c:1069:23
	cbz	r0, .LBB8_4
	b	.LBB8_3
.LBB8_3:
	.loc	7 1069 27                       @ ../Drivers/STM32H7xx_HAL_Driver/Src/stm32h7xx_hal_spi.c:1069:27
	ldrh.w	r0, [sp, #26]
.Ltmp157:
	.loc	7 1069 7                        @ ../Drivers/STM32H7xx_HAL_Driver/Src/stm32h7xx_hal_spi.c:1069:7
	cbnz	r0, .LBB8_5
	b	.LBB8_4
.LBB8_4:
	.loc	7 0 7                           @ ../Drivers/STM32H7xx_HAL_Driver/Src/stm32h7xx_hal_spi.c:0:7
	movs	r0, #1
.Ltmp158:
	.loc	7 1071 5 is_stmt 1              @ ../Drivers/STM32H7xx_HAL_Driver/Src/stm32h7xx_hal_spi.c:1071:5
	strb.w	r0, [sp, #39]
	b	.LBB8_97
.Ltmp159:
.LBB8_5:
	.loc	7 1075 3                        @ ../Drivers/STM32H7xx_HAL_Driver/Src/stm32h7xx_hal_spi.c:1075:3
	b	.LBB8_6
.LBB8_6:
.Ltmp160:
	.loc	7 1075 3 is_stmt 0              @ ../Drivers/STM32H7xx_HAL_Driver/Src/stm32h7xx_hal_spi.c:1075:3
	ldr	r0, [sp, #32]
	ldrb.w	r0, [r0, #128]
.Ltmp161:
	.loc	7 1075 3                        @ ../Drivers/STM32H7xx_HAL_Driver/Src/stm32h7xx_hal_spi.c:1075:3
	cmp	r0, #1
	bne	.LBB8_8
	b	.LBB8_7
.LBB8_7:
	.loc	7 0 3                           @ ../Drivers/STM32H7xx_HAL_Driver/Src/stm32h7xx_hal_spi.c:0:3
	movs	r0, #2
.Ltmp162:
	.loc	7 1075 3                        @ ../Drivers/STM32H7xx_HAL_Driver/Src/stm32h7xx_hal_spi.c:1075:3
	strb.w	r0, [sp, #39]
	b	.LBB8_97
.Ltmp163:
.LBB8_8:
	.loc	7 1075 3                        @ ../Drivers/STM32H7xx_HAL_Driver/Src/stm32h7xx_hal_spi.c:1075:3
	ldr	r1, [sp, #32]
	movs	r0, #1
	strb.w	r0, [r1, #128]
	b	.LBB8_9
.Ltmp164:
.LBB8_9:
	.loc	7 1075 3                        @ ../Drivers/STM32H7xx_HAL_Driver/Src/stm32h7xx_hal_spi.c:1075:3
	b	.LBB8_10
.Ltmp165:
.LBB8_10:
	.loc	7 1078 3 is_stmt 1              @ ../Drivers/STM32H7xx_HAL_Driver/Src/stm32h7xx_hal_spi.c:1078:3
	ldr	r1, [sp, #32]
	movs	r0, #4
	.loc	7 1078 21 is_stmt 0             @ ../Drivers/STM32H7xx_HAL_Driver/Src/stm32h7xx_hal_spi.c:1078:21
	strb.w	r0, [r1, #129]
	.loc	7 1079 3 is_stmt 1              @ ../Drivers/STM32H7xx_HAL_Driver/Src/stm32h7xx_hal_spi.c:1079:3
	ldr	r1, [sp, #32]
	movs	r0, #0
	.loc	7 1079 21 is_stmt 0             @ ../Drivers/STM32H7xx_HAL_Driver/Src/stm32h7xx_hal_spi.c:1079:21
	str.w	r0, [r1, #132]
	.loc	7 1080 34 is_stmt 1             @ ../Drivers/STM32H7xx_HAL_Driver/Src/stm32h7xx_hal_spi.c:1080:34
	ldr	r1, [sp, #28]
	.loc	7 1080 3 is_stmt 0              @ ../Drivers/STM32H7xx_HAL_Driver/Src/stm32h7xx_hal_spi.c:1080:3
	ldr	r2, [sp, #32]
	.loc	7 1080 21                       @ ../Drivers/STM32H7xx_HAL_Driver/Src/stm32h7xx_hal_spi.c:1080:21
	str	r1, [r2, #100]
	.loc	7 1081 23 is_stmt 1             @ ../Drivers/STM32H7xx_HAL_Driver/Src/stm32h7xx_hal_spi.c:1081:23
	ldrh.w	r1, [sp, #26]
	.loc	7 1081 3 is_stmt 0              @ ../Drivers/STM32H7xx_HAL_Driver/Src/stm32h7xx_hal_spi.c:1081:3
	ldr	r2, [sp, #32]
	.loc	7 1081 21                       @ ../Drivers/STM32H7xx_HAL_Driver/Src/stm32h7xx_hal_spi.c:1081:21
	strh.w	r1, [r2, #104]
	.loc	7 1082 23 is_stmt 1             @ ../Drivers/STM32H7xx_HAL_Driver/Src/stm32h7xx_hal_spi.c:1082:23
	ldrh.w	r1, [sp, #26]
	.loc	7 1082 3 is_stmt 0              @ ../Drivers/STM32H7xx_HAL_Driver/Src/stm32h7xx_hal_spi.c:1082:3
	ldr	r2, [sp, #32]
	.loc	7 1082 21                       @ ../Drivers/STM32H7xx_HAL_Driver/Src/stm32h7xx_hal_spi.c:1082:21
	strh.w	r1, [r2, #106]
	.loc	7 1085 3 is_stmt 1              @ ../Drivers/STM32H7xx_HAL_Driver/Src/stm32h7xx_hal_spi.c:1085:3
	ldr	r1, [sp, #32]
	.loc	7 1085 21 is_stmt 0             @ ../Drivers/STM32H7xx_HAL_Driver/Src/stm32h7xx_hal_spi.c:1085:21
	str	r0, [r1, #92]
	.loc	7 1086 3 is_stmt 1              @ ../Drivers/STM32H7xx_HAL_Driver/Src/stm32h7xx_hal_spi.c:1086:3
	ldr	r1, [sp, #32]
	.loc	7 1086 21 is_stmt 0             @ ../Drivers/STM32H7xx_HAL_Driver/Src/stm32h7xx_hal_spi.c:1086:21
	strh.w	r0, [r1, #96]
	.loc	7 1087 3 is_stmt 1              @ ../Drivers/STM32H7xx_HAL_Driver/Src/stm32h7xx_hal_spi.c:1087:3
	ldr	r1, [sp, #32]
	.loc	7 1087 21 is_stmt 0             @ ../Drivers/STM32H7xx_HAL_Driver/Src/stm32h7xx_hal_spi.c:1087:21
	strh.w	r0, [r1, #98]
	.loc	7 1088 3 is_stmt 1              @ ../Drivers/STM32H7xx_HAL_Driver/Src/stm32h7xx_hal_spi.c:1088:3
	ldr	r1, [sp, #32]
	.loc	7 1088 21 is_stmt 0             @ ../Drivers/STM32H7xx_HAL_Driver/Src/stm32h7xx_hal_spi.c:1088:21
	str	r0, [r1, #112]
	.loc	7 1089 3 is_stmt 1              @ ../Drivers/STM32H7xx_HAL_Driver/Src/stm32h7xx_hal_spi.c:1089:3
	ldr	r1, [sp, #32]
	.loc	7 1089 21 is_stmt 0             @ ../Drivers/STM32H7xx_HAL_Driver/Src/stm32h7xx_hal_spi.c:1089:21
	str	r0, [r1, #116]
.Ltmp166:
	.loc	7 1092 7 is_stmt 1              @ ../Drivers/STM32H7xx_HAL_Driver/Src/stm32h7xx_hal_spi.c:1092:7
	ldr	r0, [sp, #32]
	.loc	7 1092 18 is_stmt 0             @ ../Drivers/STM32H7xx_HAL_Driver/Src/stm32h7xx_hal_spi.c:1092:18
	ldr	r0, [r0, #8]
.Ltmp167:
	.loc	7 1092 7                        @ ../Drivers/STM32H7xx_HAL_Driver/Src/stm32h7xx_hal_spi.c:1092:7
	cmp.w	r0, #393216
	bne	.LBB8_12
	b	.LBB8_11
.LBB8_11:
.Ltmp168:
	.loc	7 1094 5 is_stmt 1              @ ../Drivers/STM32H7xx_HAL_Driver/Src/stm32h7xx_hal_spi.c:1094:5
	ldr	r0, [sp, #32]
	ldr	r1, [r0]
	ldr	r0, [r1]
	bic	r0, r0, #2048
	str	r0, [r1]
	.loc	7 1095 3                        @ ../Drivers/STM32H7xx_HAL_Driver/Src/stm32h7xx_hal_spi.c:1095:3
	b	.LBB8_13
.Ltmp169:
.LBB8_12:
	.loc	7 1098 5                        @ ../Drivers/STM32H7xx_HAL_Driver/Src/stm32h7xx_hal_spi.c:1098:5
	ldr	r0, [sp, #32]
	ldr	r0, [r0]
	ldr	r0, [r0, #12]
	movs	r1, #2
	bfi	r0, r1, #17, #2
	ldr	r1, [sp, #32]
	ldr	r1, [r1]
	str	r0, [r1, #12]
	b	.LBB8_13
.Ltmp170:
.LBB8_13:
	.loc	7 1102 3                        @ ../Drivers/STM32H7xx_HAL_Driver/Src/stm32h7xx_hal_spi.c:1102:3
	ldr	r0, [sp, #32]
	ldr	r0, [r0]
	ldr	r0, [r0, #4]
	movw	r1, #65535
	bics	r0, r1
	ldrh.w	r1, [sp, #26]
	add	r0, r1
	ldr	r1, [sp, #32]
	ldr	r1, [r1]
	str	r0, [r1, #4]
	.loc	7 1105 3                        @ ../Drivers/STM32H7xx_HAL_Driver/Src/stm32h7xx_hal_spi.c:1105:3
	ldr	r0, [sp, #32]
	ldr	r1, [r0]
	ldr	r0, [r1]
	orr	r0, r0, #1
	str	r0, [r1]
.Ltmp171:
	.loc	7 1107 7                        @ ../Drivers/STM32H7xx_HAL_Driver/Src/stm32h7xx_hal_spi.c:1107:7
	ldr	r0, [sp, #32]
	.loc	7 1107 18 is_stmt 0             @ ../Drivers/STM32H7xx_HAL_Driver/Src/stm32h7xx_hal_spi.c:1107:18
	ldr	r0, [r0, #4]
.Ltmp172:
	.loc	7 1107 7                        @ ../Drivers/STM32H7xx_HAL_Driver/Src/stm32h7xx_hal_spi.c:1107:7
	cmp.w	r0, #4194304
	bne	.LBB8_15
	b	.LBB8_14
.LBB8_14:
.Ltmp173:
	.loc	7 1110 5 is_stmt 1              @ ../Drivers/STM32H7xx_HAL_Driver/Src/stm32h7xx_hal_spi.c:1110:5
	ldr	r0, [sp, #32]
	ldr	r1, [r0]
	ldr	r0, [r1]
	orr	r0, r0, #512
	str	r0, [r1]
	.loc	7 1111 3                        @ ../Drivers/STM32H7xx_HAL_Driver/Src/stm32h7xx_hal_spi.c:1111:3
	b	.LBB8_15
.Ltmp174:
.LBB8_15:
	.loc	7 1114 7                        @ ../Drivers/STM32H7xx_HAL_Driver/Src/stm32h7xx_hal_spi.c:1114:7
	ldr	r0, [sp, #32]
	.loc	7 1114 18 is_stmt 0             @ ../Drivers/STM32H7xx_HAL_Driver/Src/stm32h7xx_hal_spi.c:1114:18
	ldr	r0, [r0, #12]
.Ltmp175:
	.loc	7 1114 7                        @ ../Drivers/STM32H7xx_HAL_Driver/Src/stm32h7xx_hal_spi.c:1114:7
	cmp	r0, #16
	blo.w	.LBB8_38
	b	.LBB8_16
.LBB8_16:
.Ltmp176:
	.loc	7 1117 5 is_stmt 1              @ ../Drivers/STM32H7xx_HAL_Driver/Src/stm32h7xx_hal_spi.c:1117:5
	b	.LBB8_17
.LBB8_17:                               @ =>This Inner Loop Header: Depth=1
	.loc	7 1117 12 is_stmt 0             @ ../Drivers/STM32H7xx_HAL_Driver/Src/stm32h7xx_hal_spi.c:1117:12
	ldr	r0, [sp, #32]
	.loc	7 1117 18                       @ ../Drivers/STM32H7xx_HAL_Driver/Src/stm32h7xx_hal_spi.c:1117:18
	ldrh.w	r0, [r0, #106]
	.loc	7 1117 5                        @ ../Drivers/STM32H7xx_HAL_Driver/Src/stm32h7xx_hal_spi.c:1117:5
	cmp	r0, #0
	beq	.LBB8_37
	b	.LBB8_18
.LBB8_18:                               @   in Loop: Header=BB8_17 Depth=1
.Ltmp177:
	.loc	7 1120 21 is_stmt 1             @ ../Drivers/STM32H7xx_HAL_Driver/Src/stm32h7xx_hal_spi.c:1120:21
	ldr	r0, [sp, #32]
	.loc	7 1120 27 is_stmt 0             @ ../Drivers/STM32H7xx_HAL_Driver/Src/stm32h7xx_hal_spi.c:1120:27
	ldr	r0, [r0]
	.loc	7 1120 37                       @ ../Drivers/STM32H7xx_HAL_Driver/Src/stm32h7xx_hal_spi.c:1120:37
	ldr	r0, [r0, #20]
	.loc	7 1120 19                       @ ../Drivers/STM32H7xx_HAL_Driver/Src/stm32h7xx_hal_spi.c:1120:19
	str	r0, [sp, #12]
.Ltmp178:
	.loc	7 1123 11 is_stmt 1             @ ../Drivers/STM32H7xx_HAL_Driver/Src/stm32h7xx_hal_spi.c:1123:11
	ldr	r0, [sp, #32]
	ldr	r0, [r0]
	ldr	r0, [r0, #20]
.Ltmp179:
	.loc	7 1123 11 is_stmt 0             @ ../Drivers/STM32H7xx_HAL_Driver/Src/stm32h7xx_hal_spi.c:1123:11
	lsls	r0, r0, #31
	cbz	r0, .LBB8_20
	b	.LBB8_19
.LBB8_19:                               @   in Loop: Header=BB8_17 Depth=1
.Ltmp180:
	.loc	7 1125 63 is_stmt 1             @ ../Drivers/STM32H7xx_HAL_Driver/Src/stm32h7xx_hal_spi.c:1125:63
	ldr	r0, [sp, #32]
	.loc	7 1125 69 is_stmt 0             @ ../Drivers/STM32H7xx_HAL_Driver/Src/stm32h7xx_hal_spi.c:1125:69
	ldr	r0, [r0]
	.loc	7 1125 43                       @ ../Drivers/STM32H7xx_HAL_Driver/Src/stm32h7xx_hal_spi.c:1125:43
	ldr	r0, [r0, #48]
	.loc	7 1125 23                       @ ../Drivers/STM32H7xx_HAL_Driver/Src/stm32h7xx_hal_spi.c:1125:23
	ldr	r1, [sp, #32]
	.loc	7 1125 29                       @ ../Drivers/STM32H7xx_HAL_Driver/Src/stm32h7xx_hal_spi.c:1125:29
	ldr	r1, [r1, #100]
	.loc	7 1125 41                       @ ../Drivers/STM32H7xx_HAL_Driver/Src/stm32h7xx_hal_spi.c:1125:41
	str	r0, [r1]
	.loc	7 1126 9 is_stmt 1              @ ../Drivers/STM32H7xx_HAL_Driver/Src/stm32h7xx_hal_spi.c:1126:9
	ldr	r1, [sp, #32]
	.loc	7 1126 26 is_stmt 0             @ ../Drivers/STM32H7xx_HAL_Driver/Src/stm32h7xx_hal_spi.c:1126:26
	ldr	r0, [r1, #100]
	adds	r0, #4
	str	r0, [r1, #100]
	.loc	7 1127 9 is_stmt 1              @ ../Drivers/STM32H7xx_HAL_Driver/Src/stm32h7xx_hal_spi.c:1127:9
	ldr	r1, [sp, #32]
	.loc	7 1127 26 is_stmt 0             @ ../Drivers/STM32H7xx_HAL_Driver/Src/stm32h7xx_hal_spi.c:1127:26
	ldrh.w	r0, [r1, #106]
	subs	r0, #1
	strh.w	r0, [r1, #106]
	.loc	7 1128 7 is_stmt 1              @ ../Drivers/STM32H7xx_HAL_Driver/Src/stm32h7xx_hal_spi.c:1128:7
	b	.LBB8_36
.Ltmp181:
.LBB8_20:                               @   in Loop: Header=BB8_17 Depth=1
	.loc	7 1130 17                       @ ../Drivers/STM32H7xx_HAL_Driver/Src/stm32h7xx_hal_spi.c:1130:17
	ldr	r0, [sp, #32]
	.loc	7 1130 23 is_stmt 0             @ ../Drivers/STM32H7xx_HAL_Driver/Src/stm32h7xx_hal_spi.c:1130:23
	ldrh.w	r0, [r0, #106]
	.loc	7 1130 37                       @ ../Drivers/STM32H7xx_HAL_Driver/Src/stm32h7xx_hal_spi.c:1130:37
	ldrh.w	r1, [sp, #10]
	.loc	7 1130 60                       @ ../Drivers/STM32H7xx_HAL_Driver/Src/stm32h7xx_hal_spi.c:1130:60
	cmp	r0, r1
	bge	.LBB8_23
	b	.LBB8_21
.Ltmp182:
.LBB8_21:                               @   in Loop: Header=BB8_17 Depth=1
	.loc	7 1130 16                       @ ../Drivers/STM32H7xx_HAL_Driver/Src/stm32h7xx_hal_spi.c:1130:16
	ldrb.w	r0, [sp, #13]
	lsls	r0, r0, #24
	cmp	r0, #0
	bpl	.LBB8_23
	b	.LBB8_22
.LBB8_22:                               @   in Loop: Header=BB8_17 Depth=1
.Ltmp183:
	.loc	7 1132 63 is_stmt 1             @ ../Drivers/STM32H7xx_HAL_Driver/Src/stm32h7xx_hal_spi.c:1132:63
	ldr	r0, [sp, #32]
	.loc	7 1132 69 is_stmt 0             @ ../Drivers/STM32H7xx_HAL_Driver/Src/stm32h7xx_hal_spi.c:1132:69
	ldr	r0, [r0]
	.loc	7 1132 43                       @ ../Drivers/STM32H7xx_HAL_Driver/Src/stm32h7xx_hal_spi.c:1132:43
	ldr	r0, [r0, #48]
	.loc	7 1132 23                       @ ../Drivers/STM32H7xx_HAL_Driver/Src/stm32h7xx_hal_spi.c:1132:23
	ldr	r1, [sp, #32]
	.loc	7 1132 29                       @ ../Drivers/STM32H7xx_HAL_Driver/Src/stm32h7xx_hal_spi.c:1132:29
	ldr	r1, [r1, #100]
	.loc	7 1132 41                       @ ../Drivers/STM32H7xx_HAL_Driver/Src/stm32h7xx_hal_spi.c:1132:41
	str	r0, [r1]
	.loc	7 1133 9 is_stmt 1              @ ../Drivers/STM32H7xx_HAL_Driver/Src/stm32h7xx_hal_spi.c:1133:9
	ldr	r1, [sp, #32]
	.loc	7 1133 26 is_stmt 0             @ ../Drivers/STM32H7xx_HAL_Driver/Src/stm32h7xx_hal_spi.c:1133:26
	ldr	r0, [r1, #100]
	adds	r0, #4
	str	r0, [r1, #100]
	.loc	7 1134 9 is_stmt 1              @ ../Drivers/STM32H7xx_HAL_Driver/Src/stm32h7xx_hal_spi.c:1134:9
	ldr	r1, [sp, #32]
	.loc	7 1134 26 is_stmt 0             @ ../Drivers/STM32H7xx_HAL_Driver/Src/stm32h7xx_hal_spi.c:1134:26
	ldrh.w	r0, [r1, #106]
	subs	r0, #1
	strh.w	r0, [r1, #106]
	.loc	7 1135 7 is_stmt 1              @ ../Drivers/STM32H7xx_HAL_Driver/Src/stm32h7xx_hal_spi.c:1135:7
	b	.LBB8_35
.Ltmp184:
.LBB8_23:                               @   in Loop: Header=BB8_17 Depth=1
	.loc	7 1137 16                       @ ../Drivers/STM32H7xx_HAL_Driver/Src/stm32h7xx_hal_spi.c:1137:16
	ldrb.w	r0, [sp, #13]
	lsls	r0, r0, #28
	cmp	r0, #0
	bpl	.LBB8_27
	b	.LBB8_24
.LBB8_24:                               @   in Loop: Header=BB8_17 Depth=1
.Ltmp185:
	.loc	7 1140 13                       @ ../Drivers/STM32H7xx_HAL_Driver/Src/stm32h7xx_hal_spi.c:1140:13
	ldr	r0, [sp, #32]
	ldr	r0, [r0]
	ldr	r0, [r0]
.Ltmp186:
	.loc	7 1140 13 is_stmt 0             @ ../Drivers/STM32H7xx_HAL_Driver/Src/stm32h7xx_hal_spi.c:1140:13
	lsls	r0, r0, #22
	cmp	r0, #0
	bpl	.LBB8_26
	b	.LBB8_25
.LBB8_25:                               @   in Loop: Header=BB8_17 Depth=1
.Ltmp187:
	.loc	7 1142 11 is_stmt 1             @ ../Drivers/STM32H7xx_HAL_Driver/Src/stm32h7xx_hal_spi.c:1142:11
	ldr	r0, [sp, #32]
	ldr	r1, [r0]
	ldr	r0, [r1, #24]
	orr	r0, r0, #2048
	str	r0, [r1, #24]
	.loc	7 1143 9                        @ ../Drivers/STM32H7xx_HAL_Driver/Src/stm32h7xx_hal_spi.c:1143:9
	b	.LBB8_26
.Ltmp188:
.LBB8_26:                               @   in Loop: Header=BB8_17 Depth=1
	.loc	7 1144 7                        @ ../Drivers/STM32H7xx_HAL_Driver/Src/stm32h7xx_hal_spi.c:1144:7
	b	.LBB8_34
.Ltmp189:
.LBB8_27:                               @   in Loop: Header=BB8_17 Depth=1
	.loc	7 1148 16                       @ ../Drivers/STM32H7xx_HAL_Driver/Src/stm32h7xx_hal_spi.c:1148:16
	bl	HAL_GetTick
	.loc	7 1148 32 is_stmt 0             @ ../Drivers/STM32H7xx_HAL_Driver/Src/stm32h7xx_hal_spi.c:1148:32
	ldr	r1, [sp, #16]
	.loc	7 1148 30                       @ ../Drivers/STM32H7xx_HAL_Driver/Src/stm32h7xx_hal_spi.c:1148:30
	subs	r0, r0, r1
	.loc	7 1148 47                       @ ../Drivers/STM32H7xx_HAL_Driver/Src/stm32h7xx_hal_spi.c:1148:47
	ldr	r1, [sp, #20]
	.loc	7 1148 56                       @ ../Drivers/STM32H7xx_HAL_Driver/Src/stm32h7xx_hal_spi.c:1148:56
	cmp	r0, r1
	blo	.LBB8_29
	b	.LBB8_28
.LBB8_28:                               @   in Loop: Header=BB8_17 Depth=1
	.loc	7 1148 60                       @ ../Drivers/STM32H7xx_HAL_Driver/Src/stm32h7xx_hal_spi.c:1148:60
	ldr	r0, [sp, #20]
	.loc	7 1148 87                       @ ../Drivers/STM32H7xx_HAL_Driver/Src/stm32h7xx_hal_spi.c:1148:87
	adds	r0, #1
	cbnz	r0, .LBB8_30
	b	.LBB8_29
.LBB8_29:                               @   in Loop: Header=BB8_17 Depth=1
	.loc	7 1148 91                       @ ../Drivers/STM32H7xx_HAL_Driver/Src/stm32h7xx_hal_spi.c:1148:91
	ldr	r0, [sp, #20]
.Ltmp190:
	.loc	7 1148 13                       @ ../Drivers/STM32H7xx_HAL_Driver/Src/stm32h7xx_hal_spi.c:1148:13
	cbnz	r0, .LBB8_33
	b	.LBB8_30
.LBB8_30:
.Ltmp191:
	.loc	7 1151 29 is_stmt 1             @ ../Drivers/STM32H7xx_HAL_Driver/Src/stm32h7xx_hal_spi.c:1151:29
	ldr	r0, [sp, #32]
	.loc	7 1151 11 is_stmt 0             @ ../Drivers/STM32H7xx_HAL_Driver/Src/stm32h7xx_hal_spi.c:1151:11
	bl	SPI_CloseTransfer
	.loc	7 1153 11 is_stmt 1             @ ../Drivers/STM32H7xx_HAL_Driver/Src/stm32h7xx_hal_spi.c:1153:11
	ldr	r1, [sp, #32]
	ldr.w	r0, [r1, #132]
	orr	r0, r0, #256
	str.w	r0, [r1, #132]
	.loc	7 1154 11                       @ ../Drivers/STM32H7xx_HAL_Driver/Src/stm32h7xx_hal_spi.c:1154:11
	ldr	r1, [sp, #32]
	movs	r0, #1
	.loc	7 1154 23 is_stmt 0             @ ../Drivers/STM32H7xx_HAL_Driver/Src/stm32h7xx_hal_spi.c:1154:23
	strb.w	r0, [r1, #129]
	.loc	7 1157 11 is_stmt 1             @ ../Drivers/STM32H7xx_HAL_Driver/Src/stm32h7xx_hal_spi.c:1157:11
	b	.LBB8_31
.LBB8_31:
.Ltmp192:
	.loc	7 1157 11 is_stmt 0             @ ../Drivers/STM32H7xx_HAL_Driver/Src/stm32h7xx_hal_spi.c:1157:11
	ldr	r1, [sp, #32]
	movs	r0, #0
	strb.w	r0, [r1, #128]
	b	.LBB8_32
.Ltmp193:
.LBB8_32:
	.loc	7 0 11                          @ ../Drivers/STM32H7xx_HAL_Driver/Src/stm32h7xx_hal_spi.c:0:11
	movs	r0, #3
	.loc	7 1159 11 is_stmt 1             @ ../Drivers/STM32H7xx_HAL_Driver/Src/stm32h7xx_hal_spi.c:1159:11
	strb.w	r0, [sp, #39]
	b	.LBB8_97
.Ltmp194:
.LBB8_33:                               @   in Loop: Header=BB8_17 Depth=1
	.loc	7 0 11 is_stmt 0                @ ../Drivers/STM32H7xx_HAL_Driver/Src/stm32h7xx_hal_spi.c:0:11
	b	.LBB8_34
.LBB8_34:                               @   in Loop: Header=BB8_17 Depth=1
	b	.LBB8_35
.LBB8_35:                               @   in Loop: Header=BB8_17 Depth=1
	b	.LBB8_36
.LBB8_36:                               @   in Loop: Header=BB8_17 Depth=1
	.loc	7 1117 5 is_stmt 1              @ ../Drivers/STM32H7xx_HAL_Driver/Src/stm32h7xx_hal_spi.c:1117:5
	b	.LBB8_17
.LBB8_37:
	.loc	7 1163 3                        @ ../Drivers/STM32H7xx_HAL_Driver/Src/stm32h7xx_hal_spi.c:1163:3
	b	.LBB8_92
.Ltmp195:
.LBB8_38:
	.loc	7 1165 12                       @ ../Drivers/STM32H7xx_HAL_Driver/Src/stm32h7xx_hal_spi.c:1165:12
	ldr	r0, [sp, #32]
	.loc	7 1165 23 is_stmt 0             @ ../Drivers/STM32H7xx_HAL_Driver/Src/stm32h7xx_hal_spi.c:1165:23
	ldr	r0, [r0, #12]
.Ltmp196:
	.loc	7 1165 12                       @ ../Drivers/STM32H7xx_HAL_Driver/Src/stm32h7xx_hal_spi.c:1165:12
	cmp	r0, #8
	blo.w	.LBB8_65
	b	.LBB8_39
.LBB8_39:
.Ltmp197:
	.loc	7 1168 5 is_stmt 1              @ ../Drivers/STM32H7xx_HAL_Driver/Src/stm32h7xx_hal_spi.c:1168:5
	b	.LBB8_40
.LBB8_40:                               @ =>This Inner Loop Header: Depth=1
	.loc	7 1168 12 is_stmt 0             @ ../Drivers/STM32H7xx_HAL_Driver/Src/stm32h7xx_hal_spi.c:1168:12
	ldr	r0, [sp, #32]
	.loc	7 1168 18                       @ ../Drivers/STM32H7xx_HAL_Driver/Src/stm32h7xx_hal_spi.c:1168:18
	ldrh.w	r0, [r0, #106]
	.loc	7 1168 5                        @ ../Drivers/STM32H7xx_HAL_Driver/Src/stm32h7xx_hal_spi.c:1168:5
	cmp	r0, #0
	beq.w	.LBB8_64
	b	.LBB8_41
.LBB8_41:                               @   in Loop: Header=BB8_40 Depth=1
.Ltmp198:
	.loc	7 1171 21 is_stmt 1             @ ../Drivers/STM32H7xx_HAL_Driver/Src/stm32h7xx_hal_spi.c:1171:21
	ldr	r0, [sp, #32]
	.loc	7 1171 27 is_stmt 0             @ ../Drivers/STM32H7xx_HAL_Driver/Src/stm32h7xx_hal_spi.c:1171:27
	ldr	r0, [r0]
	.loc	7 1171 37                       @ ../Drivers/STM32H7xx_HAL_Driver/Src/stm32h7xx_hal_spi.c:1171:37
	ldr	r0, [r0, #20]
	.loc	7 1171 19                       @ ../Drivers/STM32H7xx_HAL_Driver/Src/stm32h7xx_hal_spi.c:1171:19
	str	r0, [sp, #12]
.Ltmp199:
	.loc	7 1174 11 is_stmt 1             @ ../Drivers/STM32H7xx_HAL_Driver/Src/stm32h7xx_hal_spi.c:1174:11
	ldr	r0, [sp, #32]
	ldr	r0, [r0]
	ldr	r0, [r0, #20]
.Ltmp200:
	.loc	7 1174 11 is_stmt 0             @ ../Drivers/STM32H7xx_HAL_Driver/Src/stm32h7xx_hal_spi.c:1174:11
	lsls	r0, r0, #31
	cbz	r0, .LBB8_43
	b	.LBB8_42
.LBB8_42:                               @   in Loop: Header=BB8_40 Depth=1
.Ltmp201:
	.loc	7 1177 44 is_stmt 1             @ ../Drivers/STM32H7xx_HAL_Driver/Src/stm32h7xx_hal_spi.c:1177:44
	ldr	r0, [sp, #4]
	.loc	7 1177 43 is_stmt 0             @ ../Drivers/STM32H7xx_HAL_Driver/Src/stm32h7xx_hal_spi.c:1177:43
	ldrh	r0, [r0]
	.loc	7 1177 23                       @ ../Drivers/STM32H7xx_HAL_Driver/Src/stm32h7xx_hal_spi.c:1177:23
	ldr	r1, [sp, #32]
	.loc	7 1177 29                       @ ../Drivers/STM32H7xx_HAL_Driver/Src/stm32h7xx_hal_spi.c:1177:29
	ldr	r1, [r1, #100]
	.loc	7 1177 41                       @ ../Drivers/STM32H7xx_HAL_Driver/Src/stm32h7xx_hal_spi.c:1177:41
	strh	r0, [r1]
	.loc	7 1181 9 is_stmt 1              @ ../Drivers/STM32H7xx_HAL_Driver/Src/stm32h7xx_hal_spi.c:1181:9
	ldr	r1, [sp, #32]
	.loc	7 1181 26 is_stmt 0             @ ../Drivers/STM32H7xx_HAL_Driver/Src/stm32h7xx_hal_spi.c:1181:26
	ldr	r0, [r1, #100]
	adds	r0, #2
	str	r0, [r1, #100]
	.loc	7 1182 9 is_stmt 1              @ ../Drivers/STM32H7xx_HAL_Driver/Src/stm32h7xx_hal_spi.c:1182:9
	ldr	r1, [sp, #32]
	.loc	7 1182 26 is_stmt 0             @ ../Drivers/STM32H7xx_HAL_Driver/Src/stm32h7xx_hal_spi.c:1182:26
	ldrh.w	r0, [r1, #106]
	subs	r0, #1
	strh.w	r0, [r1, #106]
	.loc	7 1183 7 is_stmt 1              @ ../Drivers/STM32H7xx_HAL_Driver/Src/stm32h7xx_hal_spi.c:1183:7
	b	.LBB8_63
.Ltmp202:
.LBB8_43:                               @   in Loop: Header=BB8_40 Depth=1
	.loc	7 1185 17                       @ ../Drivers/STM32H7xx_HAL_Driver/Src/stm32h7xx_hal_spi.c:1185:17
	ldr	r0, [sp, #32]
	.loc	7 1185 23 is_stmt 0             @ ../Drivers/STM32H7xx_HAL_Driver/Src/stm32h7xx_hal_spi.c:1185:23
	ldrh.w	r0, [r0, #106]
	.loc	7 1185 37                       @ ../Drivers/STM32H7xx_HAL_Driver/Src/stm32h7xx_hal_spi.c:1185:37
	ldrh.w	r1, [sp, #10]
	.loc	7 1185 60                       @ ../Drivers/STM32H7xx_HAL_Driver/Src/stm32h7xx_hal_spi.c:1185:60
	cmp	r0, r1
	bge	.LBB8_46
	b	.LBB8_44
.Ltmp203:
.LBB8_44:                               @   in Loop: Header=BB8_40 Depth=1
	.loc	7 1185 16                       @ ../Drivers/STM32H7xx_HAL_Driver/Src/stm32h7xx_hal_spi.c:1185:16
	ldrb.w	r0, [sp, #13]
	lsls	r0, r0, #24
	cmp	r0, #0
	bpl	.LBB8_46
	b	.LBB8_45
.LBB8_45:                               @   in Loop: Header=BB8_40 Depth=1
.Ltmp204:
	.loc	7 1188 44 is_stmt 1             @ ../Drivers/STM32H7xx_HAL_Driver/Src/stm32h7xx_hal_spi.c:1188:44
	ldr	r0, [sp, #4]
	.loc	7 1188 43 is_stmt 0             @ ../Drivers/STM32H7xx_HAL_Driver/Src/stm32h7xx_hal_spi.c:1188:43
	ldrh	r0, [r0]
	.loc	7 1188 23                       @ ../Drivers/STM32H7xx_HAL_Driver/Src/stm32h7xx_hal_spi.c:1188:23
	ldr	r1, [sp, #32]
	.loc	7 1188 29                       @ ../Drivers/STM32H7xx_HAL_Driver/Src/stm32h7xx_hal_spi.c:1188:29
	ldr	r1, [r1, #100]
	.loc	7 1188 41                       @ ../Drivers/STM32H7xx_HAL_Driver/Src/stm32h7xx_hal_spi.c:1188:41
	strh	r0, [r1]
	.loc	7 1192 9 is_stmt 1              @ ../Drivers/STM32H7xx_HAL_Driver/Src/stm32h7xx_hal_spi.c:1192:9
	ldr	r1, [sp, #32]
	.loc	7 1192 26 is_stmt 0             @ ../Drivers/STM32H7xx_HAL_Driver/Src/stm32h7xx_hal_spi.c:1192:26
	ldr	r0, [r1, #100]
	adds	r0, #2
	str	r0, [r1, #100]
	.loc	7 1194 44 is_stmt 1             @ ../Drivers/STM32H7xx_HAL_Driver/Src/stm32h7xx_hal_spi.c:1194:44
	ldr	r0, [sp, #4]
	.loc	7 1194 43 is_stmt 0             @ ../Drivers/STM32H7xx_HAL_Driver/Src/stm32h7xx_hal_spi.c:1194:43
	ldrh	r0, [r0]
	.loc	7 1194 23                       @ ../Drivers/STM32H7xx_HAL_Driver/Src/stm32h7xx_hal_spi.c:1194:23
	ldr	r1, [sp, #32]
	.loc	7 1194 29                       @ ../Drivers/STM32H7xx_HAL_Driver/Src/stm32h7xx_hal_spi.c:1194:29
	ldr	r1, [r1, #100]
	.loc	7 1194 41                       @ ../Drivers/STM32H7xx_HAL_Driver/Src/stm32h7xx_hal_spi.c:1194:41
	strh	r0, [r1]
	.loc	7 1198 9 is_stmt 1              @ ../Drivers/STM32H7xx_HAL_Driver/Src/stm32h7xx_hal_spi.c:1198:9
	ldr	r1, [sp, #32]
	.loc	7 1198 26 is_stmt 0             @ ../Drivers/STM32H7xx_HAL_Driver/Src/stm32h7xx_hal_spi.c:1198:26
	ldr	r0, [r1, #100]
	adds	r0, #2
	str	r0, [r1, #100]
	.loc	7 1199 9 is_stmt 1              @ ../Drivers/STM32H7xx_HAL_Driver/Src/stm32h7xx_hal_spi.c:1199:9
	ldr	r1, [sp, #32]
	.loc	7 1199 27 is_stmt 0             @ ../Drivers/STM32H7xx_HAL_Driver/Src/stm32h7xx_hal_spi.c:1199:27
	ldrh.w	r0, [r1, #106]
	subs	r0, #2
	strh.w	r0, [r1, #106]
	.loc	7 1200 7 is_stmt 1              @ ../Drivers/STM32H7xx_HAL_Driver/Src/stm32h7xx_hal_spi.c:1200:7
	b	.LBB8_62
.Ltmp205:
.LBB8_46:                               @   in Loop: Header=BB8_40 Depth=1
	.loc	7 1202 17                       @ ../Drivers/STM32H7xx_HAL_Driver/Src/stm32h7xx_hal_spi.c:1202:17
	ldr	r0, [sp, #32]
	.loc	7 1202 23 is_stmt 0             @ ../Drivers/STM32H7xx_HAL_Driver/Src/stm32h7xx_hal_spi.c:1202:23
	ldrh.w	r0, [r0, #106]
	.loc	7 1202 43                       @ ../Drivers/STM32H7xx_HAL_Driver/Src/stm32h7xx_hal_spi.c:1202:43
	cmp	r0, #1
	bne	.LBB8_49
	b	.LBB8_47
.Ltmp206:
.LBB8_47:                               @   in Loop: Header=BB8_40 Depth=1
	.loc	7 1202 16                       @ ../Drivers/STM32H7xx_HAL_Driver/Src/stm32h7xx_hal_spi.c:1202:16
	ldrb.w	r0, [sp, #13]
	lsls	r0, r0, #26
	cmp	r0, #0
	bpl	.LBB8_49
	b	.LBB8_48
.LBB8_48:                               @   in Loop: Header=BB8_40 Depth=1
.Ltmp207:
	.loc	7 1205 44 is_stmt 1             @ ../Drivers/STM32H7xx_HAL_Driver/Src/stm32h7xx_hal_spi.c:1205:44
	ldr	r0, [sp, #4]
	.loc	7 1205 43 is_stmt 0             @ ../Drivers/STM32H7xx_HAL_Driver/Src/stm32h7xx_hal_spi.c:1205:43
	ldrh	r0, [r0]
	.loc	7 1205 23                       @ ../Drivers/STM32H7xx_HAL_Driver/Src/stm32h7xx_hal_spi.c:1205:23
	ldr	r1, [sp, #32]
	.loc	7 1205 29                       @ ../Drivers/STM32H7xx_HAL_Driver/Src/stm32h7xx_hal_spi.c:1205:29
	ldr	r1, [r1, #100]
	.loc	7 1205 41                       @ ../Drivers/STM32H7xx_HAL_Driver/Src/stm32h7xx_hal_spi.c:1205:41
	strh	r0, [r1]
	.loc	7 1209 9 is_stmt 1              @ ../Drivers/STM32H7xx_HAL_Driver/Src/stm32h7xx_hal_spi.c:1209:9
	ldr	r1, [sp, #32]
	.loc	7 1209 26 is_stmt 0             @ ../Drivers/STM32H7xx_HAL_Driver/Src/stm32h7xx_hal_spi.c:1209:26
	ldr	r0, [r1, #100]
	adds	r0, #2
	str	r0, [r1, #100]
	.loc	7 1210 9 is_stmt 1              @ ../Drivers/STM32H7xx_HAL_Driver/Src/stm32h7xx_hal_spi.c:1210:9
	ldr	r1, [sp, #32]
	.loc	7 1210 26 is_stmt 0             @ ../Drivers/STM32H7xx_HAL_Driver/Src/stm32h7xx_hal_spi.c:1210:26
	ldrh.w	r0, [r1, #106]
	subs	r0, #1
	strh.w	r0, [r1, #106]
	.loc	7 1211 7 is_stmt 1              @ ../Drivers/STM32H7xx_HAL_Driver/Src/stm32h7xx_hal_spi.c:1211:7
	b	.LBB8_61
.Ltmp208:
.LBB8_49:                               @   in Loop: Header=BB8_40 Depth=1
	.loc	7 1213 16                       @ ../Drivers/STM32H7xx_HAL_Driver/Src/stm32h7xx_hal_spi.c:1213:16
	ldrb.w	r0, [sp, #13]
	lsls	r0, r0, #28
	cmp	r0, #0
	bpl	.LBB8_53
	b	.LBB8_50
.LBB8_50:                               @   in Loop: Header=BB8_40 Depth=1
.Ltmp209:
	.loc	7 1216 13                       @ ../Drivers/STM32H7xx_HAL_Driver/Src/stm32h7xx_hal_spi.c:1216:13
	ldr	r0, [sp, #32]
	ldr	r0, [r0]
	ldr	r0, [r0]
.Ltmp210:
	.loc	7 1216 13 is_stmt 0             @ ../Drivers/STM32H7xx_HAL_Driver/Src/stm32h7xx_hal_spi.c:1216:13
	lsls	r0, r0, #22
	cmp	r0, #0
	bpl	.LBB8_52
	b	.LBB8_51
.LBB8_51:                               @   in Loop: Header=BB8_40 Depth=1
.Ltmp211:
	.loc	7 1218 11 is_stmt 1             @ ../Drivers/STM32H7xx_HAL_Driver/Src/stm32h7xx_hal_spi.c:1218:11
	ldr	r0, [sp, #32]
	ldr	r1, [r0]
	ldr	r0, [r1, #24]
	orr	r0, r0, #2048
	str	r0, [r1, #24]
	.loc	7 1219 9                        @ ../Drivers/STM32H7xx_HAL_Driver/Src/stm32h7xx_hal_spi.c:1219:9
	b	.LBB8_52
.Ltmp212:
.LBB8_52:                               @   in Loop: Header=BB8_40 Depth=1
	.loc	7 1220 7                        @ ../Drivers/STM32H7xx_HAL_Driver/Src/stm32h7xx_hal_spi.c:1220:7
	b	.LBB8_60
.Ltmp213:
.LBB8_53:                               @   in Loop: Header=BB8_40 Depth=1
	.loc	7 1224 16                       @ ../Drivers/STM32H7xx_HAL_Driver/Src/stm32h7xx_hal_spi.c:1224:16
	bl	HAL_GetTick
	.loc	7 1224 32 is_stmt 0             @ ../Drivers/STM32H7xx_HAL_Driver/Src/stm32h7xx_hal_spi.c:1224:32
	ldr	r1, [sp, #16]
	.loc	7 1224 30                       @ ../Drivers/STM32H7xx_HAL_Driver/Src/stm32h7xx_hal_spi.c:1224:30
	subs	r0, r0, r1
	.loc	7 1224 47                       @ ../Drivers/STM32H7xx_HAL_Driver/Src/stm32h7xx_hal_spi.c:1224:47
	ldr	r1, [sp, #20]
	.loc	7 1224 56                       @ ../Drivers/STM32H7xx_HAL_Driver/Src/stm32h7xx_hal_spi.c:1224:56
	cmp	r0, r1
	blo	.LBB8_55
	b	.LBB8_54
.LBB8_54:                               @   in Loop: Header=BB8_40 Depth=1
	.loc	7 1224 60                       @ ../Drivers/STM32H7xx_HAL_Driver/Src/stm32h7xx_hal_spi.c:1224:60
	ldr	r0, [sp, #20]
	.loc	7 1224 87                       @ ../Drivers/STM32H7xx_HAL_Driver/Src/stm32h7xx_hal_spi.c:1224:87
	adds	r0, #1
	cbnz	r0, .LBB8_56
	b	.LBB8_55
.LBB8_55:                               @   in Loop: Header=BB8_40 Depth=1
	.loc	7 1224 91                       @ ../Drivers/STM32H7xx_HAL_Driver/Src/stm32h7xx_hal_spi.c:1224:91
	ldr	r0, [sp, #20]
.Ltmp214:
	.loc	7 1224 13                       @ ../Drivers/STM32H7xx_HAL_Driver/Src/stm32h7xx_hal_spi.c:1224:13
	cbnz	r0, .LBB8_59
	b	.LBB8_56
.LBB8_56:
.Ltmp215:
	.loc	7 1227 29 is_stmt 1             @ ../Drivers/STM32H7xx_HAL_Driver/Src/stm32h7xx_hal_spi.c:1227:29
	ldr	r0, [sp, #32]
	.loc	7 1227 11 is_stmt 0             @ ../Drivers/STM32H7xx_HAL_Driver/Src/stm32h7xx_hal_spi.c:1227:11
	bl	SPI_CloseTransfer
	.loc	7 1229 11 is_stmt 1             @ ../Drivers/STM32H7xx_HAL_Driver/Src/stm32h7xx_hal_spi.c:1229:11
	ldr	r1, [sp, #32]
	ldr.w	r0, [r1, #132]
	orr	r0, r0, #256
	str.w	r0, [r1, #132]
	.loc	7 1230 11                       @ ../Drivers/STM32H7xx_HAL_Driver/Src/stm32h7xx_hal_spi.c:1230:11
	ldr	r1, [sp, #32]
	movs	r0, #1
	.loc	7 1230 23 is_stmt 0             @ ../Drivers/STM32H7xx_HAL_Driver/Src/stm32h7xx_hal_spi.c:1230:23
	strb.w	r0, [r1, #129]
	.loc	7 1233 11 is_stmt 1             @ ../Drivers/STM32H7xx_HAL_Driver/Src/stm32h7xx_hal_spi.c:1233:11
	b	.LBB8_57
.LBB8_57:
.Ltmp216:
	.loc	7 1233 11 is_stmt 0             @ ../Drivers/STM32H7xx_HAL_Driver/Src/stm32h7xx_hal_spi.c:1233:11
	ldr	r1, [sp, #32]
	movs	r0, #0
	strb.w	r0, [r1, #128]
	b	.LBB8_58
.Ltmp217:
.LBB8_58:
	.loc	7 0 11                          @ ../Drivers/STM32H7xx_HAL_Driver/Src/stm32h7xx_hal_spi.c:0:11
	movs	r0, #3
	.loc	7 1235 11 is_stmt 1             @ ../Drivers/STM32H7xx_HAL_Driver/Src/stm32h7xx_hal_spi.c:1235:11
	strb.w	r0, [sp, #39]
	b	.LBB8_97
.Ltmp218:
.LBB8_59:                               @   in Loop: Header=BB8_40 Depth=1
	.loc	7 0 11 is_stmt 0                @ ../Drivers/STM32H7xx_HAL_Driver/Src/stm32h7xx_hal_spi.c:0:11
	b	.LBB8_60
.LBB8_60:                               @   in Loop: Header=BB8_40 Depth=1
	b	.LBB8_61
.LBB8_61:                               @   in Loop: Header=BB8_40 Depth=1
	b	.LBB8_62
.LBB8_62:                               @   in Loop: Header=BB8_40 Depth=1
	b	.LBB8_63
.LBB8_63:                               @   in Loop: Header=BB8_40 Depth=1
	.loc	7 1168 5 is_stmt 1              @ ../Drivers/STM32H7xx_HAL_Driver/Src/stm32h7xx_hal_spi.c:1168:5
	b	.LBB8_40
.LBB8_64:
	.loc	7 1239 3                        @ ../Drivers/STM32H7xx_HAL_Driver/Src/stm32h7xx_hal_spi.c:1239:3
	b	.LBB8_91
.Ltmp219:
.LBB8_65:
	.loc	7 1244 5                        @ ../Drivers/STM32H7xx_HAL_Driver/Src/stm32h7xx_hal_spi.c:1244:5
	b	.LBB8_66
.LBB8_66:                               @ =>This Inner Loop Header: Depth=1
	.loc	7 1244 12 is_stmt 0             @ ../Drivers/STM32H7xx_HAL_Driver/Src/stm32h7xx_hal_spi.c:1244:12
	ldr	r0, [sp, #32]
	.loc	7 1244 18                       @ ../Drivers/STM32H7xx_HAL_Driver/Src/stm32h7xx_hal_spi.c:1244:18
	ldrh.w	r0, [r0, #106]
	.loc	7 1244 5                        @ ../Drivers/STM32H7xx_HAL_Driver/Src/stm32h7xx_hal_spi.c:1244:5
	cmp	r0, #0
	beq.w	.LBB8_90
	b	.LBB8_67
.LBB8_67:                               @   in Loop: Header=BB8_66 Depth=1
.Ltmp220:
	.loc	7 1247 21 is_stmt 1             @ ../Drivers/STM32H7xx_HAL_Driver/Src/stm32h7xx_hal_spi.c:1247:21
	ldr	r0, [sp, #32]
	.loc	7 1247 27 is_stmt 0             @ ../Drivers/STM32H7xx_HAL_Driver/Src/stm32h7xx_hal_spi.c:1247:27
	ldr	r0, [r0]
	.loc	7 1247 37                       @ ../Drivers/STM32H7xx_HAL_Driver/Src/stm32h7xx_hal_spi.c:1247:37
	ldr	r0, [r0, #20]
	.loc	7 1247 19                       @ ../Drivers/STM32H7xx_HAL_Driver/Src/stm32h7xx_hal_spi.c:1247:19
	str	r0, [sp, #12]
.Ltmp221:
	.loc	7 1250 11 is_stmt 1             @ ../Drivers/STM32H7xx_HAL_Driver/Src/stm32h7xx_hal_spi.c:1250:11
	ldr	r0, [sp, #32]
	ldr	r0, [r0]
	ldr	r0, [r0, #20]
.Ltmp222:
	.loc	7 1250 11 is_stmt 0             @ ../Drivers/STM32H7xx_HAL_Driver/Src/stm32h7xx_hal_spi.c:1250:11
	lsls	r0, r0, #31
	cbz	r0, .LBB8_69
	b	.LBB8_68
.LBB8_68:                               @   in Loop: Header=BB8_66 Depth=1
.Ltmp223:
	.loc	7 1252 61 is_stmt 1             @ ../Drivers/STM32H7xx_HAL_Driver/Src/stm32h7xx_hal_spi.c:1252:61
	ldr	r0, [sp, #32]
	.loc	7 1252 67 is_stmt 0             @ ../Drivers/STM32H7xx_HAL_Driver/Src/stm32h7xx_hal_spi.c:1252:67
	ldr	r0, [r0]
	.loc	7 1252 42                       @ ../Drivers/STM32H7xx_HAL_Driver/Src/stm32h7xx_hal_spi.c:1252:42
	ldrb.w	r0, [r0, #48]
	.loc	7 1252 22                       @ ../Drivers/STM32H7xx_HAL_Driver/Src/stm32h7xx_hal_spi.c:1252:22
	ldr	r1, [sp, #32]
	.loc	7 1252 28                       @ ../Drivers/STM32H7xx_HAL_Driver/Src/stm32h7xx_hal_spi.c:1252:28
	ldr	r1, [r1, #100]
	.loc	7 1252 40                       @ ../Drivers/STM32H7xx_HAL_Driver/Src/stm32h7xx_hal_spi.c:1252:40
	strb	r0, [r1]
	.loc	7 1253 9 is_stmt 1              @ ../Drivers/STM32H7xx_HAL_Driver/Src/stm32h7xx_hal_spi.c:1253:9
	ldr	r1, [sp, #32]
	.loc	7 1253 26 is_stmt 0             @ ../Drivers/STM32H7xx_HAL_Driver/Src/stm32h7xx_hal_spi.c:1253:26
	ldr	r0, [r1, #100]
	adds	r0, #1
	str	r0, [r1, #100]
	.loc	7 1254 9 is_stmt 1              @ ../Drivers/STM32H7xx_HAL_Driver/Src/stm32h7xx_hal_spi.c:1254:9
	ldr	r1, [sp, #32]
	.loc	7 1254 26 is_stmt 0             @ ../Drivers/STM32H7xx_HAL_Driver/Src/stm32h7xx_hal_spi.c:1254:26
	ldrh.w	r0, [r1, #106]
	subs	r0, #1
	strh.w	r0, [r1, #106]
	.loc	7 1255 7 is_stmt 1              @ ../Drivers/STM32H7xx_HAL_Driver/Src/stm32h7xx_hal_spi.c:1255:7
	b	.LBB8_89
.Ltmp224:
.LBB8_69:                               @   in Loop: Header=BB8_66 Depth=1
	.loc	7 1257 17                       @ ../Drivers/STM32H7xx_HAL_Driver/Src/stm32h7xx_hal_spi.c:1257:17
	ldr	r0, [sp, #32]
	.loc	7 1257 23 is_stmt 0             @ ../Drivers/STM32H7xx_HAL_Driver/Src/stm32h7xx_hal_spi.c:1257:23
	ldrh.w	r0, [r0, #106]
	.loc	7 1257 37                       @ ../Drivers/STM32H7xx_HAL_Driver/Src/stm32h7xx_hal_spi.c:1257:37
	ldrh.w	r1, [sp, #10]
	.loc	7 1257 60                       @ ../Drivers/STM32H7xx_HAL_Driver/Src/stm32h7xx_hal_spi.c:1257:60
	cmp	r0, r1
	bge	.LBB8_72
	b	.LBB8_70
.Ltmp225:
.LBB8_70:                               @   in Loop: Header=BB8_66 Depth=1
	.loc	7 1257 16                       @ ../Drivers/STM32H7xx_HAL_Driver/Src/stm32h7xx_hal_spi.c:1257:16
	ldrb.w	r0, [sp, #13]
	lsls	r0, r0, #24
	cmp	r0, #0
	bpl	.LBB8_72
	b	.LBB8_71
.LBB8_71:                               @   in Loop: Header=BB8_66 Depth=1
.Ltmp226:
	.loc	7 1259 61 is_stmt 1             @ ../Drivers/STM32H7xx_HAL_Driver/Src/stm32h7xx_hal_spi.c:1259:61
	ldr	r0, [sp, #32]
	.loc	7 1259 67 is_stmt 0             @ ../Drivers/STM32H7xx_HAL_Driver/Src/stm32h7xx_hal_spi.c:1259:67
	ldr	r0, [r0]
	.loc	7 1259 42                       @ ../Drivers/STM32H7xx_HAL_Driver/Src/stm32h7xx_hal_spi.c:1259:42
	ldrb.w	r0, [r0, #48]
	.loc	7 1259 22                       @ ../Drivers/STM32H7xx_HAL_Driver/Src/stm32h7xx_hal_spi.c:1259:22
	ldr	r1, [sp, #32]
	.loc	7 1259 28                       @ ../Drivers/STM32H7xx_HAL_Driver/Src/stm32h7xx_hal_spi.c:1259:28
	ldr	r1, [r1, #100]
	.loc	7 1259 40                       @ ../Drivers/STM32H7xx_HAL_Driver/Src/stm32h7xx_hal_spi.c:1259:40
	strb	r0, [r1]
	.loc	7 1260 9 is_stmt 1              @ ../Drivers/STM32H7xx_HAL_Driver/Src/stm32h7xx_hal_spi.c:1260:9
	ldr	r1, [sp, #32]
	.loc	7 1260 26 is_stmt 0             @ ../Drivers/STM32H7xx_HAL_Driver/Src/stm32h7xx_hal_spi.c:1260:26
	ldr	r0, [r1, #100]
	adds	r0, #1
	str	r0, [r1, #100]
	.loc	7 1261 61 is_stmt 1             @ ../Drivers/STM32H7xx_HAL_Driver/Src/stm32h7xx_hal_spi.c:1261:61
	ldr	r0, [sp, #32]
	.loc	7 1261 67 is_stmt 0             @ ../Drivers/STM32H7xx_HAL_Driver/Src/stm32h7xx_hal_spi.c:1261:67
	ldr	r0, [r0]
	.loc	7 1261 42                       @ ../Drivers/STM32H7xx_HAL_Driver/Src/stm32h7xx_hal_spi.c:1261:42
	ldrb.w	r0, [r0, #48]
	.loc	7 1261 22                       @ ../Drivers/STM32H7xx_HAL_Driver/Src/stm32h7xx_hal_spi.c:1261:22
	ldr	r1, [sp, #32]
	.loc	7 1261 28                       @ ../Drivers/STM32H7xx_HAL_Driver/Src/stm32h7xx_hal_spi.c:1261:28
	ldr	r1, [r1, #100]
	.loc	7 1261 40                       @ ../Drivers/STM32H7xx_HAL_Driver/Src/stm32h7xx_hal_spi.c:1261:40
	strb	r0, [r1]
	.loc	7 1262 9 is_stmt 1              @ ../Drivers/STM32H7xx_HAL_Driver/Src/stm32h7xx_hal_spi.c:1262:9
	ldr	r1, [sp, #32]
	.loc	7 1262 26 is_stmt 0             @ ../Drivers/STM32H7xx_HAL_Driver/Src/stm32h7xx_hal_spi.c:1262:26
	ldr	r0, [r1, #100]
	adds	r0, #1
	str	r0, [r1, #100]
	.loc	7 1263 61 is_stmt 1             @ ../Drivers/STM32H7xx_HAL_Driver/Src/stm32h7xx_hal_spi.c:1263:61
	ldr	r0, [sp, #32]
	.loc	7 1263 67 is_stmt 0             @ ../Drivers/STM32H7xx_HAL_Driver/Src/stm32h7xx_hal_spi.c:1263:67
	ldr	r0, [r0]
	.loc	7 1263 42                       @ ../Drivers/STM32H7xx_HAL_Driver/Src/stm32h7xx_hal_spi.c:1263:42
	ldrb.w	r0, [r0, #48]
	.loc	7 1263 22                       @ ../Drivers/STM32H7xx_HAL_Driver/Src/stm32h7xx_hal_spi.c:1263:22
	ldr	r1, [sp, #32]
	.loc	7 1263 28                       @ ../Drivers/STM32H7xx_HAL_Driver/Src/stm32h7xx_hal_spi.c:1263:28
	ldr	r1, [r1, #100]
	.loc	7 1263 40                       @ ../Drivers/STM32H7xx_HAL_Driver/Src/stm32h7xx_hal_spi.c:1263:40
	strb	r0, [r1]
	.loc	7 1264 9 is_stmt 1              @ ../Drivers/STM32H7xx_HAL_Driver/Src/stm32h7xx_hal_spi.c:1264:9
	ldr	r1, [sp, #32]
	.loc	7 1264 26 is_stmt 0             @ ../Drivers/STM32H7xx_HAL_Driver/Src/stm32h7xx_hal_spi.c:1264:26
	ldr	r0, [r1, #100]
	adds	r0, #1
	str	r0, [r1, #100]
	.loc	7 1265 61 is_stmt 1             @ ../Drivers/STM32H7xx_HAL_Driver/Src/stm32h7xx_hal_spi.c:1265:61
	ldr	r0, [sp, #32]
	.loc	7 1265 67 is_stmt 0             @ ../Drivers/STM32H7xx_HAL_Driver/Src/stm32h7xx_hal_spi.c:1265:67
	ldr	r0, [r0]
	.loc	7 1265 42                       @ ../Drivers/STM32H7xx_HAL_Driver/Src/stm32h7xx_hal_spi.c:1265:42
	ldrb.w	r0, [r0, #48]
	.loc	7 1265 22                       @ ../Drivers/STM32H7xx_HAL_Driver/Src/stm32h7xx_hal_spi.c:1265:22
	ldr	r1, [sp, #32]
	.loc	7 1265 28                       @ ../Drivers/STM32H7xx_HAL_Driver/Src/stm32h7xx_hal_spi.c:1265:28
	ldr	r1, [r1, #100]
	.loc	7 1265 40                       @ ../Drivers/STM32H7xx_HAL_Driver/Src/stm32h7xx_hal_spi.c:1265:40
	strb	r0, [r1]
	.loc	7 1266 9 is_stmt 1              @ ../Drivers/STM32H7xx_HAL_Driver/Src/stm32h7xx_hal_spi.c:1266:9
	ldr	r1, [sp, #32]
	.loc	7 1266 26 is_stmt 0             @ ../Drivers/STM32H7xx_HAL_Driver/Src/stm32h7xx_hal_spi.c:1266:26
	ldr	r0, [r1, #100]
	adds	r0, #1
	str	r0, [r1, #100]
	.loc	7 1267 9 is_stmt 1              @ ../Drivers/STM32H7xx_HAL_Driver/Src/stm32h7xx_hal_spi.c:1267:9
	ldr	r1, [sp, #32]
	.loc	7 1267 27 is_stmt 0             @ ../Drivers/STM32H7xx_HAL_Driver/Src/stm32h7xx_hal_spi.c:1267:27
	ldrh.w	r0, [r1, #106]
	subs	r0, #4
	strh.w	r0, [r1, #106]
	.loc	7 1268 7 is_stmt 1              @ ../Drivers/STM32H7xx_HAL_Driver/Src/stm32h7xx_hal_spi.c:1268:7
	b	.LBB8_88
.Ltmp227:
.LBB8_72:                               @   in Loop: Header=BB8_66 Depth=1
	.loc	7 1270 17                       @ ../Drivers/STM32H7xx_HAL_Driver/Src/stm32h7xx_hal_spi.c:1270:17
	ldr	r0, [sp, #32]
	.loc	7 1270 23 is_stmt 0             @ ../Drivers/STM32H7xx_HAL_Driver/Src/stm32h7xx_hal_spi.c:1270:23
	ldrh.w	r0, [r0, #106]
	.loc	7 1270 42                       @ ../Drivers/STM32H7xx_HAL_Driver/Src/stm32h7xx_hal_spi.c:1270:42
	cmp	r0, #3
	bhi	.LBB8_75
	b	.LBB8_73
.Ltmp228:
.LBB8_73:                               @   in Loop: Header=BB8_66 Depth=1
	.loc	7 1270 16                       @ ../Drivers/STM32H7xx_HAL_Driver/Src/stm32h7xx_hal_spi.c:1270:16
	ldrb.w	r0, [sp, #13]
	tst.w	r0, #96
	beq	.LBB8_75
	b	.LBB8_74
.LBB8_74:                               @   in Loop: Header=BB8_66 Depth=1
.Ltmp229:
	.loc	7 1272 61 is_stmt 1             @ ../Drivers/STM32H7xx_HAL_Driver/Src/stm32h7xx_hal_spi.c:1272:61
	ldr	r0, [sp, #32]
	.loc	7 1272 67 is_stmt 0             @ ../Drivers/STM32H7xx_HAL_Driver/Src/stm32h7xx_hal_spi.c:1272:67
	ldr	r0, [r0]
	.loc	7 1272 42                       @ ../Drivers/STM32H7xx_HAL_Driver/Src/stm32h7xx_hal_spi.c:1272:42
	ldrb.w	r0, [r0, #48]
	.loc	7 1272 22                       @ ../Drivers/STM32H7xx_HAL_Driver/Src/stm32h7xx_hal_spi.c:1272:22
	ldr	r1, [sp, #32]
	.loc	7 1272 28                       @ ../Drivers/STM32H7xx_HAL_Driver/Src/stm32h7xx_hal_spi.c:1272:28
	ldr	r1, [r1, #100]
	.loc	7 1272 40                       @ ../Drivers/STM32H7xx_HAL_Driver/Src/stm32h7xx_hal_spi.c:1272:40
	strb	r0, [r1]
	.loc	7 1273 9 is_stmt 1              @ ../Drivers/STM32H7xx_HAL_Driver/Src/stm32h7xx_hal_spi.c:1273:9
	ldr	r1, [sp, #32]
	.loc	7 1273 26 is_stmt 0             @ ../Drivers/STM32H7xx_HAL_Driver/Src/stm32h7xx_hal_spi.c:1273:26
	ldr	r0, [r1, #100]
	adds	r0, #1
	str	r0, [r1, #100]
	.loc	7 1274 9 is_stmt 1              @ ../Drivers/STM32H7xx_HAL_Driver/Src/stm32h7xx_hal_spi.c:1274:9
	ldr	r1, [sp, #32]
	.loc	7 1274 26 is_stmt 0             @ ../Drivers/STM32H7xx_HAL_Driver/Src/stm32h7xx_hal_spi.c:1274:26
	ldrh.w	r0, [r1, #106]
	subs	r0, #1
	strh.w	r0, [r1, #106]
	.loc	7 1275 7 is_stmt 1              @ ../Drivers/STM32H7xx_HAL_Driver/Src/stm32h7xx_hal_spi.c:1275:7
	b	.LBB8_87
.Ltmp230:
.LBB8_75:                               @   in Loop: Header=BB8_66 Depth=1
	.loc	7 1277 16                       @ ../Drivers/STM32H7xx_HAL_Driver/Src/stm32h7xx_hal_spi.c:1277:16
	ldrb.w	r0, [sp, #13]
	lsls	r0, r0, #28
	cmp	r0, #0
	bpl	.LBB8_79
	b	.LBB8_76
.LBB8_76:                               @   in Loop: Header=BB8_66 Depth=1
.Ltmp231:
	.loc	7 1280 13                       @ ../Drivers/STM32H7xx_HAL_Driver/Src/stm32h7xx_hal_spi.c:1280:13
	ldr	r0, [sp, #32]
	ldr	r0, [r0]
	ldr	r0, [r0]
.Ltmp232:
	.loc	7 1280 13 is_stmt 0             @ ../Drivers/STM32H7xx_HAL_Driver/Src/stm32h7xx_hal_spi.c:1280:13
	lsls	r0, r0, #22
	cmp	r0, #0
	bpl	.LBB8_78
	b	.LBB8_77
.LBB8_77:                               @   in Loop: Header=BB8_66 Depth=1
.Ltmp233:
	.loc	7 1282 11 is_stmt 1             @ ../Drivers/STM32H7xx_HAL_Driver/Src/stm32h7xx_hal_spi.c:1282:11
	ldr	r0, [sp, #32]
	ldr	r1, [r0]
	ldr	r0, [r1, #24]
	orr	r0, r0, #2048
	str	r0, [r1, #24]
	.loc	7 1283 9                        @ ../Drivers/STM32H7xx_HAL_Driver/Src/stm32h7xx_hal_spi.c:1283:9
	b	.LBB8_78
.Ltmp234:
.LBB8_78:                               @   in Loop: Header=BB8_66 Depth=1
	.loc	7 1284 7                        @ ../Drivers/STM32H7xx_HAL_Driver/Src/stm32h7xx_hal_spi.c:1284:7
	b	.LBB8_86
.Ltmp235:
.LBB8_79:                               @   in Loop: Header=BB8_66 Depth=1
	.loc	7 1288 16                       @ ../Drivers/STM32H7xx_HAL_Driver/Src/stm32h7xx_hal_spi.c:1288:16
	bl	HAL_GetTick
	.loc	7 1288 32 is_stmt 0             @ ../Drivers/STM32H7xx_HAL_Driver/Src/stm32h7xx_hal_spi.c:1288:32
	ldr	r1, [sp, #16]
	.loc	7 1288 30                       @ ../Drivers/STM32H7xx_HAL_Driver/Src/stm32h7xx_hal_spi.c:1288:30
	subs	r0, r0, r1
	.loc	7 1288 47                       @ ../Drivers/STM32H7xx_HAL_Driver/Src/stm32h7xx_hal_spi.c:1288:47
	ldr	r1, [sp, #20]
	.loc	7 1288 56                       @ ../Drivers/STM32H7xx_HAL_Driver/Src/stm32h7xx_hal_spi.c:1288:56
	cmp	r0, r1
	blo	.LBB8_81
	b	.LBB8_80
.LBB8_80:                               @   in Loop: Header=BB8_66 Depth=1
	.loc	7 1288 60                       @ ../Drivers/STM32H7xx_HAL_Driver/Src/stm32h7xx_hal_spi.c:1288:60
	ldr	r0, [sp, #20]
	.loc	7 1288 87                       @ ../Drivers/STM32H7xx_HAL_Driver/Src/stm32h7xx_hal_spi.c:1288:87
	adds	r0, #1
	cbnz	r0, .LBB8_82
	b	.LBB8_81
.LBB8_81:                               @   in Loop: Header=BB8_66 Depth=1
	.loc	7 1288 91                       @ ../Drivers/STM32H7xx_HAL_Driver/Src/stm32h7xx_hal_spi.c:1288:91
	ldr	r0, [sp, #20]
.Ltmp236:
	.loc	7 1288 13                       @ ../Drivers/STM32H7xx_HAL_Driver/Src/stm32h7xx_hal_spi.c:1288:13
	cbnz	r0, .LBB8_85
	b	.LBB8_82
.LBB8_82:
.Ltmp237:
	.loc	7 1291 29 is_stmt 1             @ ../Drivers/STM32H7xx_HAL_Driver/Src/stm32h7xx_hal_spi.c:1291:29
	ldr	r0, [sp, #32]
	.loc	7 1291 11 is_stmt 0             @ ../Drivers/STM32H7xx_HAL_Driver/Src/stm32h7xx_hal_spi.c:1291:11
	bl	SPI_CloseTransfer
	.loc	7 1293 11 is_stmt 1             @ ../Drivers/STM32H7xx_HAL_Driver/Src/stm32h7xx_hal_spi.c:1293:11
	ldr	r1, [sp, #32]
	ldr.w	r0, [r1, #132]
	orr	r0, r0, #256
	str.w	r0, [r1, #132]
	.loc	7 1294 11                       @ ../Drivers/STM32H7xx_HAL_Driver/Src/stm32h7xx_hal_spi.c:1294:11
	ldr	r1, [sp, #32]
	movs	r0, #1
	.loc	7 1294 23 is_stmt 0             @ ../Drivers/STM32H7xx_HAL_Driver/Src/stm32h7xx_hal_spi.c:1294:23
	strb.w	r0, [r1, #129]
	.loc	7 1297 11 is_stmt 1             @ ../Drivers/STM32H7xx_HAL_Driver/Src/stm32h7xx_hal_spi.c:1297:11
	b	.LBB8_83
.LBB8_83:
.Ltmp238:
	.loc	7 1297 11 is_stmt 0             @ ../Drivers/STM32H7xx_HAL_Driver/Src/stm32h7xx_hal_spi.c:1297:11
	ldr	r1, [sp, #32]
	movs	r0, #0
	strb.w	r0, [r1, #128]
	b	.LBB8_84
.Ltmp239:
.LBB8_84:
	.loc	7 0 11                          @ ../Drivers/STM32H7xx_HAL_Driver/Src/stm32h7xx_hal_spi.c:0:11
	movs	r0, #3
	.loc	7 1299 11 is_stmt 1             @ ../Drivers/STM32H7xx_HAL_Driver/Src/stm32h7xx_hal_spi.c:1299:11
	strb.w	r0, [sp, #39]
	b	.LBB8_97
.Ltmp240:
.LBB8_85:                               @   in Loop: Header=BB8_66 Depth=1
	.loc	7 0 11 is_stmt 0                @ ../Drivers/STM32H7xx_HAL_Driver/Src/stm32h7xx_hal_spi.c:0:11
	b	.LBB8_86
.LBB8_86:                               @   in Loop: Header=BB8_66 Depth=1
	b	.LBB8_87
.LBB8_87:                               @   in Loop: Header=BB8_66 Depth=1
	b	.LBB8_88
.LBB8_88:                               @   in Loop: Header=BB8_66 Depth=1
	b	.LBB8_89
.LBB8_89:                               @   in Loop: Header=BB8_66 Depth=1
	.loc	7 1244 5 is_stmt 1              @ ../Drivers/STM32H7xx_HAL_Driver/Src/stm32h7xx_hal_spi.c:1244:5
	b	.LBB8_66
.Ltmp241:
.LBB8_90:
	.loc	7 0 5 is_stmt 0                 @ ../Drivers/STM32H7xx_HAL_Driver/Src/stm32h7xx_hal_spi.c:0:5
	b	.LBB8_91
.LBB8_91:
	b	.LBB8_92
.LBB8_92:
	.loc	7 1317 21 is_stmt 1             @ ../Drivers/STM32H7xx_HAL_Driver/Src/stm32h7xx_hal_spi.c:1317:21
	ldr	r0, [sp, #32]
	.loc	7 1317 3 is_stmt 0              @ ../Drivers/STM32H7xx_HAL_Driver/Src/stm32h7xx_hal_spi.c:1317:3
	bl	SPI_CloseTransfer
	.loc	7 1319 3 is_stmt 1              @ ../Drivers/STM32H7xx_HAL_Driver/Src/stm32h7xx_hal_spi.c:1319:3
	ldr	r1, [sp, #32]
	movs	r0, #1
	.loc	7 1319 15 is_stmt 0             @ ../Drivers/STM32H7xx_HAL_Driver/Src/stm32h7xx_hal_spi.c:1319:15
	strb.w	r0, [r1, #129]
	.loc	7 1322 3 is_stmt 1              @ ../Drivers/STM32H7xx_HAL_Driver/Src/stm32h7xx_hal_spi.c:1322:3
	b	.LBB8_93
.LBB8_93:
.Ltmp242:
	.loc	7 1322 3 is_stmt 0              @ ../Drivers/STM32H7xx_HAL_Driver/Src/stm32h7xx_hal_spi.c:1322:3
	ldr	r1, [sp, #32]
	movs	r0, #0
	strb.w	r0, [r1, #128]
	b	.LBB8_94
.Ltmp243:
.LBB8_94:
	.loc	7 1325 7 is_stmt 1              @ ../Drivers/STM32H7xx_HAL_Driver/Src/stm32h7xx_hal_spi.c:1325:7
	ldr	r0, [sp, #32]
	.loc	7 1325 13 is_stmt 0             @ ../Drivers/STM32H7xx_HAL_Driver/Src/stm32h7xx_hal_spi.c:1325:13
	ldr.w	r0, [r0, #132]
.Ltmp244:
	.loc	7 1325 7                        @ ../Drivers/STM32H7xx_HAL_Driver/Src/stm32h7xx_hal_spi.c:1325:7
	cbz	r0, .LBB8_96
	b	.LBB8_95
.LBB8_95:
	.loc	7 0 7                           @ ../Drivers/STM32H7xx_HAL_Driver/Src/stm32h7xx_hal_spi.c:0:7
	movs	r0, #1
.Ltmp245:
	.loc	7 1327 5 is_stmt 1              @ ../Drivers/STM32H7xx_HAL_Driver/Src/stm32h7xx_hal_spi.c:1327:5
	strb.w	r0, [sp, #39]
	b	.LBB8_97
.Ltmp246:
.LBB8_96:
	.loc	7 0 5 is_stmt 0                 @ ../Drivers/STM32H7xx_HAL_Driver/Src/stm32h7xx_hal_spi.c:0:5
	movs	r0, #0
.Ltmp247:
	.loc	7 1331 5 is_stmt 1              @ ../Drivers/STM32H7xx_HAL_Driver/Src/stm32h7xx_hal_spi.c:1331:5
	strb.w	r0, [sp, #39]
	b	.LBB8_97
.Ltmp248:
.LBB8_97:
	.loc	7 1333 1                        @ ../Drivers/STM32H7xx_HAL_Driver/Src/stm32h7xx_hal_spi.c:1333:1
	ldrb.w	r0, [sp, #39]
	.loc	7 1333 1 epilogue_begin is_stmt 0 @ ../Drivers/STM32H7xx_HAL_Driver/Src/stm32h7xx_hal_spi.c:1333:1
	add	sp, #40
	pop	{r7, pc}
.Ltmp249:
.Lfunc_end8:
	.size	HAL_SPI_Receive, .Lfunc_end8-HAL_SPI_Receive
	.cfi_endproc
	.cantunwind
	.fnend
                                        @ -- End function
	.section	.text.HAL_SPI_TransmitReceive,"ax",%progbits
	.hidden	HAL_SPI_TransmitReceive         @ -- Begin function HAL_SPI_TransmitReceive
	.globl	HAL_SPI_TransmitReceive
	.p2align	3
	.type	HAL_SPI_TransmitReceive,%function
	.code	16                              @ @HAL_SPI_TransmitReceive
	.thumb_func
HAL_SPI_TransmitReceive:
.Lfunc_begin9:
	.loc	7 1347 0 is_stmt 1              @ ../Drivers/STM32H7xx_HAL_Driver/Src/stm32h7xx_hal_spi.c:1347:0
	.fnstart
	.cfi_startproc
@ %bb.0:
	.save	{r7, lr}
	push	{r7, lr}
	.cfi_def_cfa_offset 8
	.cfi_offset lr, -4
	.cfi_offset r7, -8
	.pad	#64
	sub	sp, #64
	.cfi_def_cfa_offset 72
	ldr.w	r12, [sp, #72]
                                        @ kill: def $r12 killed $r3
	str	r0, [sp, #56]
	str	r1, [sp, #52]
	str	r2, [sp, #48]
	strh.w	r3, [sp, #46]
.Ltmp250:
	.loc	7 1349 53 prologue_end          @ ../Drivers/STM32H7xx_HAL_Driver/Src/stm32h7xx_hal_spi.c:1349:53
	ldr	r0, [sp, #56]
	.loc	7 1349 59 is_stmt 0             @ ../Drivers/STM32H7xx_HAL_Driver/Src/stm32h7xx_hal_spi.c:1349:59
	ldr	r0, [r0]
	.loc	7 1349 69                       @ ../Drivers/STM32H7xx_HAL_Driver/Src/stm32h7xx_hal_spi.c:1349:69
	adds	r0, #32
	.loc	7 1349 18                       @ ../Drivers/STM32H7xx_HAL_Driver/Src/stm32h7xx_hal_spi.c:1349:18
	str	r0, [sp, #40]
	.loc	7 1350 53 is_stmt 1             @ ../Drivers/STM32H7xx_HAL_Driver/Src/stm32h7xx_hal_spi.c:1350:53
	ldr	r0, [sp, #56]
	.loc	7 1350 59 is_stmt 0             @ ../Drivers/STM32H7xx_HAL_Driver/Src/stm32h7xx_hal_spi.c:1350:59
	ldr	r0, [r0]
	.loc	7 1350 69                       @ ../Drivers/STM32H7xx_HAL_Driver/Src/stm32h7xx_hal_spi.c:1350:69
	adds	r0, #48
	.loc	7 1350 18                       @ ../Drivers/STM32H7xx_HAL_Driver/Src/stm32h7xx_hal_spi.c:1350:18
	str	r0, [sp, #36]
	.loc	7 1359 40 is_stmt 1             @ ../Drivers/STM32H7xx_HAL_Driver/Src/stm32h7xx_hal_spi.c:1359:40
	ldr	r0, [sp, #56]
	.loc	7 1359 51 is_stmt 0             @ ../Drivers/STM32H7xx_HAL_Driver/Src/stm32h7xx_hal_spi.c:1359:51
	ldr	r1, [r0, #60]
	movs	r0, #1
	.loc	7 1359 72                       @ ../Drivers/STM32H7xx_HAL_Driver/Src/stm32h7xx_hal_spi.c:1359:72
	add.w	r0, r0, r1, lsr #5
	.loc	7 1359 25                       @ ../Drivers/STM32H7xx_HAL_Driver/Src/stm32h7xx_hal_spi.c:1359:25
	strh.w	r0, [sp, #18]
	.loc	7 1365 15 is_stmt 1             @ ../Drivers/STM32H7xx_HAL_Driver/Src/stm32h7xx_hal_spi.c:1365:15
	bl	HAL_GetTick
	.loc	7 1365 13 is_stmt 0             @ ../Drivers/STM32H7xx_HAL_Driver/Src/stm32h7xx_hal_spi.c:1365:13
	str	r0, [sp, #32]
	.loc	7 1367 25 is_stmt 1             @ ../Drivers/STM32H7xx_HAL_Driver/Src/stm32h7xx_hal_spi.c:1367:25
	ldrh.w	r0, [sp, #46]
	.loc	7 1367 23 is_stmt 0             @ ../Drivers/STM32H7xx_HAL_Driver/Src/stm32h7xx_hal_spi.c:1367:23
	strh.w	r0, [sp, #22]
	.loc	7 1368 25 is_stmt 1             @ ../Drivers/STM32H7xx_HAL_Driver/Src/stm32h7xx_hal_spi.c:1368:25
	ldrh.w	r0, [sp, #46]
	.loc	7 1368 23 is_stmt 0             @ ../Drivers/STM32H7xx_HAL_Driver/Src/stm32h7xx_hal_spi.c:1368:23
	strh.w	r0, [sp, #20]
.Ltmp251:
	.loc	7 1370 7 is_stmt 1              @ ../Drivers/STM32H7xx_HAL_Driver/Src/stm32h7xx_hal_spi.c:1370:7
	ldr	r0, [sp, #56]
	.loc	7 1370 13 is_stmt 0             @ ../Drivers/STM32H7xx_HAL_Driver/Src/stm32h7xx_hal_spi.c:1370:13
	ldrb.w	r0, [r0, #129]
.Ltmp252:
	.loc	7 1370 7                        @ ../Drivers/STM32H7xx_HAL_Driver/Src/stm32h7xx_hal_spi.c:1370:7
	cmp	r0, #1
	beq	.LBB9_2
	b	.LBB9_1
.LBB9_1:
	.loc	7 0 7                           @ ../Drivers/STM32H7xx_HAL_Driver/Src/stm32h7xx_hal_spi.c:0:7
	movs	r0, #2
.Ltmp253:
	.loc	7 1372 5 is_stmt 1              @ ../Drivers/STM32H7xx_HAL_Driver/Src/stm32h7xx_hal_spi.c:1372:5
	strb.w	r0, [sp, #63]
	b	.LBB9_111
.Ltmp254:
.LBB9_2:
	.loc	7 1375 8                        @ ../Drivers/STM32H7xx_HAL_Driver/Src/stm32h7xx_hal_spi.c:1375:8
	ldr	r0, [sp, #52]
	.loc	7 1375 25 is_stmt 0             @ ../Drivers/STM32H7xx_HAL_Driver/Src/stm32h7xx_hal_spi.c:1375:25
	cbz	r0, .LBB9_5
	b	.LBB9_3
.LBB9_3:
	.loc	7 1375 29                       @ ../Drivers/STM32H7xx_HAL_Driver/Src/stm32h7xx_hal_spi.c:1375:29
	ldr	r0, [sp, #48]
	.loc	7 1375 46                       @ ../Drivers/STM32H7xx_HAL_Driver/Src/stm32h7xx_hal_spi.c:1375:46
	cbz	r0, .LBB9_5
	b	.LBB9_4
.LBB9_4:
	.loc	7 1375 50                       @ ../Drivers/STM32H7xx_HAL_Driver/Src/stm32h7xx_hal_spi.c:1375:50
	ldrh.w	r0, [sp, #46]
.Ltmp255:
	.loc	7 1375 7                        @ ../Drivers/STM32H7xx_HAL_Driver/Src/stm32h7xx_hal_spi.c:1375:7
	cbnz	r0, .LBB9_6
	b	.LBB9_5
.LBB9_5:
	.loc	7 0 7                           @ ../Drivers/STM32H7xx_HAL_Driver/Src/stm32h7xx_hal_spi.c:0:7
	movs	r0, #1
.Ltmp256:
	.loc	7 1377 5 is_stmt 1              @ ../Drivers/STM32H7xx_HAL_Driver/Src/stm32h7xx_hal_spi.c:1377:5
	strb.w	r0, [sp, #63]
	b	.LBB9_111
.Ltmp257:
.LBB9_6:
	.loc	7 1381 3                        @ ../Drivers/STM32H7xx_HAL_Driver/Src/stm32h7xx_hal_spi.c:1381:3
	b	.LBB9_7
.LBB9_7:
.Ltmp258:
	.loc	7 1381 3 is_stmt 0              @ ../Drivers/STM32H7xx_HAL_Driver/Src/stm32h7xx_hal_spi.c:1381:3
	ldr	r0, [sp, #56]
	ldrb.w	r0, [r0, #128]
.Ltmp259:
	.loc	7 1381 3                        @ ../Drivers/STM32H7xx_HAL_Driver/Src/stm32h7xx_hal_spi.c:1381:3
	cmp	r0, #1
	bne	.LBB9_9
	b	.LBB9_8
.LBB9_8:
	.loc	7 0 3                           @ ../Drivers/STM32H7xx_HAL_Driver/Src/stm32h7xx_hal_spi.c:0:3
	movs	r0, #2
.Ltmp260:
	.loc	7 1381 3                        @ ../Drivers/STM32H7xx_HAL_Driver/Src/stm32h7xx_hal_spi.c:1381:3
	strb.w	r0, [sp, #63]
	b	.LBB9_111
.Ltmp261:
.LBB9_9:
	.loc	7 1381 3                        @ ../Drivers/STM32H7xx_HAL_Driver/Src/stm32h7xx_hal_spi.c:1381:3
	ldr	r1, [sp, #56]
	movs	r0, #1
	strb.w	r0, [r1, #128]
	b	.LBB9_10
.Ltmp262:
.LBB9_10:
	.loc	7 1381 3                        @ ../Drivers/STM32H7xx_HAL_Driver/Src/stm32h7xx_hal_spi.c:1381:3
	b	.LBB9_11
.Ltmp263:
.LBB9_11:
	.loc	7 1384 3 is_stmt 1              @ ../Drivers/STM32H7xx_HAL_Driver/Src/stm32h7xx_hal_spi.c:1384:3
	ldr	r1, [sp, #56]
	movs	r0, #5
	.loc	7 1384 21 is_stmt 0             @ ../Drivers/STM32H7xx_HAL_Driver/Src/stm32h7xx_hal_spi.c:1384:21
	strb.w	r0, [r1, #129]
	.loc	7 1385 3 is_stmt 1              @ ../Drivers/STM32H7xx_HAL_Driver/Src/stm32h7xx_hal_spi.c:1385:3
	ldr	r1, [sp, #56]
	movs	r0, #0
	.loc	7 1385 21 is_stmt 0             @ ../Drivers/STM32H7xx_HAL_Driver/Src/stm32h7xx_hal_spi.c:1385:21
	str.w	r0, [r1, #132]
	.loc	7 1386 34 is_stmt 1             @ ../Drivers/STM32H7xx_HAL_Driver/Src/stm32h7xx_hal_spi.c:1386:34
	ldr	r1, [sp, #48]
	.loc	7 1386 3 is_stmt 0              @ ../Drivers/STM32H7xx_HAL_Driver/Src/stm32h7xx_hal_spi.c:1386:3
	ldr	r2, [sp, #56]
	.loc	7 1386 21                       @ ../Drivers/STM32H7xx_HAL_Driver/Src/stm32h7xx_hal_spi.c:1386:21
	str	r1, [r2, #100]
	.loc	7 1387 23 is_stmt 1             @ ../Drivers/STM32H7xx_HAL_Driver/Src/stm32h7xx_hal_spi.c:1387:23
	ldrh.w	r1, [sp, #46]
	.loc	7 1387 3 is_stmt 0              @ ../Drivers/STM32H7xx_HAL_Driver/Src/stm32h7xx_hal_spi.c:1387:3
	ldr	r2, [sp, #56]
	.loc	7 1387 21                       @ ../Drivers/STM32H7xx_HAL_Driver/Src/stm32h7xx_hal_spi.c:1387:21
	strh.w	r1, [r2, #106]
	.loc	7 1388 23 is_stmt 1             @ ../Drivers/STM32H7xx_HAL_Driver/Src/stm32h7xx_hal_spi.c:1388:23
	ldrh.w	r1, [sp, #46]
	.loc	7 1388 3 is_stmt 0              @ ../Drivers/STM32H7xx_HAL_Driver/Src/stm32h7xx_hal_spi.c:1388:3
	ldr	r2, [sp, #56]
	.loc	7 1388 21                       @ ../Drivers/STM32H7xx_HAL_Driver/Src/stm32h7xx_hal_spi.c:1388:21
	strh.w	r1, [r2, #104]
	.loc	7 1389 40 is_stmt 1             @ ../Drivers/STM32H7xx_HAL_Driver/Src/stm32h7xx_hal_spi.c:1389:40
	ldr	r1, [sp, #52]
	.loc	7 1389 3 is_stmt 0              @ ../Drivers/STM32H7xx_HAL_Driver/Src/stm32h7xx_hal_spi.c:1389:3
	ldr	r2, [sp, #56]
	.loc	7 1389 21                       @ ../Drivers/STM32H7xx_HAL_Driver/Src/stm32h7xx_hal_spi.c:1389:21
	str	r1, [r2, #92]
	.loc	7 1390 23 is_stmt 1             @ ../Drivers/STM32H7xx_HAL_Driver/Src/stm32h7xx_hal_spi.c:1390:23
	ldrh.w	r1, [sp, #46]
	.loc	7 1390 3 is_stmt 0              @ ../Drivers/STM32H7xx_HAL_Driver/Src/stm32h7xx_hal_spi.c:1390:3
	ldr	r2, [sp, #56]
	.loc	7 1390 21                       @ ../Drivers/STM32H7xx_HAL_Driver/Src/stm32h7xx_hal_spi.c:1390:21
	strh.w	r1, [r2, #98]
	.loc	7 1391 23 is_stmt 1             @ ../Drivers/STM32H7xx_HAL_Driver/Src/stm32h7xx_hal_spi.c:1391:23
	ldrh.w	r1, [sp, #46]
	.loc	7 1391 3 is_stmt 0              @ ../Drivers/STM32H7xx_HAL_Driver/Src/stm32h7xx_hal_spi.c:1391:3
	ldr	r2, [sp, #56]
	.loc	7 1391 21                       @ ../Drivers/STM32H7xx_HAL_Driver/Src/stm32h7xx_hal_spi.c:1391:21
	strh.w	r1, [r2, #96]
	.loc	7 1394 3 is_stmt 1              @ ../Drivers/STM32H7xx_HAL_Driver/Src/stm32h7xx_hal_spi.c:1394:3
	ldr	r1, [sp, #56]
	.loc	7 1394 21 is_stmt 0             @ ../Drivers/STM32H7xx_HAL_Driver/Src/stm32h7xx_hal_spi.c:1394:21
	str	r0, [r1, #112]
	.loc	7 1395 3 is_stmt 1              @ ../Drivers/STM32H7xx_HAL_Driver/Src/stm32h7xx_hal_spi.c:1395:3
	ldr	r1, [sp, #56]
	.loc	7 1395 21 is_stmt 0             @ ../Drivers/STM32H7xx_HAL_Driver/Src/stm32h7xx_hal_spi.c:1395:21
	str	r0, [r1, #116]
	.loc	7 1398 3 is_stmt 1              @ ../Drivers/STM32H7xx_HAL_Driver/Src/stm32h7xx_hal_spi.c:1398:3
	ldr	r0, [sp, #56]
	ldr	r0, [r0]
	ldr	r0, [r0, #12]
	bic	r0, r0, #393216
	ldr	r1, [sp, #56]
	ldr	r1, [r1]
	str	r0, [r1, #12]
.Ltmp264:
	.loc	7 1401 7                        @ ../Drivers/STM32H7xx_HAL_Driver/Src/stm32h7xx_hal_spi.c:1401:7
	ldr	r0, [sp, #56]
	ldr	r0, [r0]
	movw	r1, #12288
	movt	r1, #16385
	cmp	r0, r1
	beq	.LBB9_14
	b	.LBB9_12
.LBB9_12:
	ldr	r0, [sp, #56]
	ldr	r0, [r0]
	movw	r1, #14336
	movt	r1, #16384
	cmp	r0, r1
	beq	.LBB9_14
	b	.LBB9_13
.LBB9_13:
	ldr	r0, [sp, #56]
	ldr	r0, [r0]
	movw	r1, #15360
	movt	r1, #16384
.Ltmp265:
	.loc	7 1401 7 is_stmt 0              @ ../Drivers/STM32H7xx_HAL_Driver/Src/stm32h7xx_hal_spi.c:1401:7
	cmp	r0, r1
	bne	.LBB9_15
	b	.LBB9_14
.LBB9_14:
	.loc	7 0 7                           @ ../Drivers/STM32H7xx_HAL_Driver/Src/stm32h7xx_hal_spi.c:0:7
	movs	r0, #16
.Ltmp266:
	.loc	7 1403 17 is_stmt 1             @ ../Drivers/STM32H7xx_HAL_Driver/Src/stm32h7xx_hal_spi.c:1403:17
	str	r0, [sp, #28]
	.loc	7 1404 3                        @ ../Drivers/STM32H7xx_HAL_Driver/Src/stm32h7xx_hal_spi.c:1404:3
	b	.LBB9_16
.Ltmp267:
.LBB9_15:
	.loc	7 0 3 is_stmt 0                 @ ../Drivers/STM32H7xx_HAL_Driver/Src/stm32h7xx_hal_spi.c:0:3
	movs	r0, #8
.Ltmp268:
	.loc	7 1407 17 is_stmt 1             @ ../Drivers/STM32H7xx_HAL_Driver/Src/stm32h7xx_hal_spi.c:1407:17
	str	r0, [sp, #28]
	b	.LBB9_16
.Ltmp269:
.LBB9_16:
	.loc	7 1411 3                        @ ../Drivers/STM32H7xx_HAL_Driver/Src/stm32h7xx_hal_spi.c:1411:3
	ldr	r0, [sp, #56]
	ldr	r0, [r0]
	ldr	r0, [r0, #4]
	movw	r1, #65535
	bics	r0, r1
	ldrh.w	r1, [sp, #46]
	add	r0, r1
	ldr	r1, [sp, #56]
	ldr	r1, [r1]
	str	r0, [r1, #4]
	.loc	7 1413 3                        @ ../Drivers/STM32H7xx_HAL_Driver/Src/stm32h7xx_hal_spi.c:1413:3
	ldr	r0, [sp, #56]
	ldr	r1, [r0]
	ldr	r0, [r1]
	orr	r0, r0, #1
	str	r0, [r1]
.Ltmp270:
	.loc	7 1415 7                        @ ../Drivers/STM32H7xx_HAL_Driver/Src/stm32h7xx_hal_spi.c:1415:7
	ldr	r0, [sp, #56]
	.loc	7 1415 18 is_stmt 0             @ ../Drivers/STM32H7xx_HAL_Driver/Src/stm32h7xx_hal_spi.c:1415:18
	ldr	r0, [r0, #4]
.Ltmp271:
	.loc	7 1415 7                        @ ../Drivers/STM32H7xx_HAL_Driver/Src/stm32h7xx_hal_spi.c:1415:7
	cmp.w	r0, #4194304
	bne	.LBB9_18
	b	.LBB9_17
.LBB9_17:
.Ltmp272:
	.loc	7 1418 5 is_stmt 1              @ ../Drivers/STM32H7xx_HAL_Driver/Src/stm32h7xx_hal_spi.c:1418:5
	ldr	r0, [sp, #56]
	ldr	r1, [r0]
	ldr	r0, [r1]
	orr	r0, r0, #512
	str	r0, [r1]
	.loc	7 1419 3                        @ ../Drivers/STM32H7xx_HAL_Driver/Src/stm32h7xx_hal_spi.c:1419:3
	b	.LBB9_18
.Ltmp273:
.LBB9_18:
	.loc	7 1422 7                        @ ../Drivers/STM32H7xx_HAL_Driver/Src/stm32h7xx_hal_spi.c:1422:7
	ldr	r0, [sp, #56]
	.loc	7 1422 18 is_stmt 0             @ ../Drivers/STM32H7xx_HAL_Driver/Src/stm32h7xx_hal_spi.c:1422:18
	ldr	r0, [r0, #12]
.Ltmp274:
	.loc	7 1422 7                        @ ../Drivers/STM32H7xx_HAL_Driver/Src/stm32h7xx_hal_spi.c:1422:7
	cmp	r0, #16
	blo.w	.LBB9_44
	b	.LBB9_19
.LBB9_19:
.Ltmp275:
	.loc	7 1425 20 is_stmt 1             @ ../Drivers/STM32H7xx_HAL_Driver/Src/stm32h7xx_hal_spi.c:1425:20
	ldr	r0, [sp, #28]
	.loc	7 1425 32 is_stmt 0             @ ../Drivers/STM32H7xx_HAL_Driver/Src/stm32h7xx_hal_spi.c:1425:32
	lsrs	r0, r0, #2
	.loc	7 1425 17                       @ ../Drivers/STM32H7xx_HAL_Driver/Src/stm32h7xx_hal_spi.c:1425:17
	str	r0, [sp, #28]
	.loc	7 1427 5 is_stmt 1              @ ../Drivers/STM32H7xx_HAL_Driver/Src/stm32h7xx_hal_spi.c:1427:5
	b	.LBB9_20
.LBB9_20:                               @ =>This Inner Loop Header: Depth=1
	.loc	7 1427 13 is_stmt 0             @ ../Drivers/STM32H7xx_HAL_Driver/Src/stm32h7xx_hal_spi.c:1427:13
	ldrh.w	r1, [sp, #22]
	movs	r0, #1
	.loc	7 1427 40                       @ ../Drivers/STM32H7xx_HAL_Driver/Src/stm32h7xx_hal_spi.c:1427:40
	str	r0, [sp, #12]                   @ 4-byte Spill
	cbnz	r1, .LBB9_22
	b	.LBB9_21
.LBB9_21:                               @   in Loop: Header=BB9_20 Depth=1
	.loc	7 1427 44                       @ ../Drivers/STM32H7xx_HAL_Driver/Src/stm32h7xx_hal_spi.c:1427:44
	ldrh.w	r0, [sp, #20]
	.loc	7 1427 64                       @ ../Drivers/STM32H7xx_HAL_Driver/Src/stm32h7xx_hal_spi.c:1427:64
	cmp	r0, #0
	it	ne
	movne	r0, #1
	.loc	7 1427 40                       @ ../Drivers/STM32H7xx_HAL_Driver/Src/stm32h7xx_hal_spi.c:1427:40
	str	r0, [sp, #12]                   @ 4-byte Spill
	b	.LBB9_22
.LBB9_22:                               @   in Loop: Header=BB9_20 Depth=1
	.loc	7 0 40                          @ ../Drivers/STM32H7xx_HAL_Driver/Src/stm32h7xx_hal_spi.c:0:40
	ldr	r0, [sp, #12]                   @ 4-byte Reload
	.loc	7 1427 5                        @ ../Drivers/STM32H7xx_HAL_Driver/Src/stm32h7xx_hal_spi.c:1427:5
	lsls	r0, r0, #31
	cmp	r0, #0
	beq.w	.LBB9_43
	b	.LBB9_23
.LBB9_23:                               @   in Loop: Header=BB9_20 Depth=1
.Ltmp276:
	.loc	7 1430 12 is_stmt 1             @ ../Drivers/STM32H7xx_HAL_Driver/Src/stm32h7xx_hal_spi.c:1430:12
	ldr	r0, [sp, #56]
	ldr	r0, [r0]
	ldr	r0, [r0, #20]
	.loc	7 1430 52 is_stmt 0             @ ../Drivers/STM32H7xx_HAL_Driver/Src/stm32h7xx_hal_spi.c:1430:52
	lsls	r0, r0, #30
	cmp	r0, #0
	bpl	.LBB9_27
	b	.LBB9_24
.LBB9_24:                               @   in Loop: Header=BB9_20 Depth=1
	.loc	7 1430 56                       @ ../Drivers/STM32H7xx_HAL_Driver/Src/stm32h7xx_hal_spi.c:1430:56
	ldrh.w	r0, [sp, #22]
	.loc	7 1430 83                       @ ../Drivers/STM32H7xx_HAL_Driver/Src/stm32h7xx_hal_spi.c:1430:83
	cbz	r0, .LBB9_27
	b	.LBB9_25
.LBB9_25:                               @   in Loop: Header=BB9_20 Depth=1
	.loc	7 1431 12 is_stmt 1             @ ../Drivers/STM32H7xx_HAL_Driver/Src/stm32h7xx_hal_spi.c:1431:12
	ldrh.w	r0, [sp, #20]
	.loc	7 1431 36 is_stmt 0             @ ../Drivers/STM32H7xx_HAL_Driver/Src/stm32h7xx_hal_spi.c:1431:36
	ldrh.w	r1, [sp, #22]
	.loc	7 1431 58                       @ ../Drivers/STM32H7xx_HAL_Driver/Src/stm32h7xx_hal_spi.c:1431:58
	ldr	r2, [sp, #28]
	.loc	7 1431 56                       @ ../Drivers/STM32H7xx_HAL_Driver/Src/stm32h7xx_hal_spi.c:1431:56
	add	r1, r2
.Ltmp277:
	.loc	7 1430 11 is_stmt 1             @ ../Drivers/STM32H7xx_HAL_Driver/Src/stm32h7xx_hal_spi.c:1430:11
	cmp	r0, r1
	bhs	.LBB9_27
	b	.LBB9_26
.LBB9_26:                               @   in Loop: Header=BB9_20 Depth=1
.Ltmp278:
	.loc	7 1433 73                       @ ../Drivers/STM32H7xx_HAL_Driver/Src/stm32h7xx_hal_spi.c:1433:73
	ldr	r0, [sp, #56]
	.loc	7 1433 35 is_stmt 0             @ ../Drivers/STM32H7xx_HAL_Driver/Src/stm32h7xx_hal_spi.c:1433:35
	ldr	r1, [r0]
	.loc	7 1433 79                       @ ../Drivers/STM32H7xx_HAL_Driver/Src/stm32h7xx_hal_spi.c:1433:79
	ldr	r0, [r0, #92]
	.loc	7 1433 53                       @ ../Drivers/STM32H7xx_HAL_Driver/Src/stm32h7xx_hal_spi.c:1433:53
	ldr	r0, [r0]
	.loc	7 1433 51                       @ ../Drivers/STM32H7xx_HAL_Driver/Src/stm32h7xx_hal_spi.c:1433:51
	str	r0, [r1, #32]
	.loc	7 1434 9 is_stmt 1              @ ../Drivers/STM32H7xx_HAL_Driver/Src/stm32h7xx_hal_spi.c:1434:9
	ldr	r1, [sp, #56]
	.loc	7 1434 26 is_stmt 0             @ ../Drivers/STM32H7xx_HAL_Driver/Src/stm32h7xx_hal_spi.c:1434:26
	ldr	r0, [r1, #92]
	adds	r0, #4
	str	r0, [r1, #92]
	.loc	7 1435 9 is_stmt 1              @ ../Drivers/STM32H7xx_HAL_Driver/Src/stm32h7xx_hal_spi.c:1435:9
	ldr	r1, [sp, #56]
	.loc	7 1435 27 is_stmt 0             @ ../Drivers/STM32H7xx_HAL_Driver/Src/stm32h7xx_hal_spi.c:1435:27
	ldrh.w	r0, [r1, #98]
	subs	r0, #1
	strh.w	r0, [r1, #98]
	.loc	7 1436 31 is_stmt 1             @ ../Drivers/STM32H7xx_HAL_Driver/Src/stm32h7xx_hal_spi.c:1436:31
	ldr	r0, [sp, #56]
	.loc	7 1436 37 is_stmt 0             @ ../Drivers/STM32H7xx_HAL_Driver/Src/stm32h7xx_hal_spi.c:1436:37
	ldrh.w	r0, [r0, #98]
	.loc	7 1436 29                       @ ../Drivers/STM32H7xx_HAL_Driver/Src/stm32h7xx_hal_spi.c:1436:29
	strh.w	r0, [sp, #22]
	.loc	7 1437 7 is_stmt 1              @ ../Drivers/STM32H7xx_HAL_Driver/Src/stm32h7xx_hal_spi.c:1437:7
	b	.LBB9_27
.Ltmp279:
.LBB9_27:                               @   in Loop: Header=BB9_20 Depth=1
	.loc	7 1440 21                       @ ../Drivers/STM32H7xx_HAL_Driver/Src/stm32h7xx_hal_spi.c:1440:21
	ldr	r0, [sp, #56]
	.loc	7 1440 27 is_stmt 0             @ ../Drivers/STM32H7xx_HAL_Driver/Src/stm32h7xx_hal_spi.c:1440:27
	ldr	r0, [r0]
	.loc	7 1440 37                       @ ../Drivers/STM32H7xx_HAL_Driver/Src/stm32h7xx_hal_spi.c:1440:37
	ldr	r0, [r0, #20]
	.loc	7 1440 19                       @ ../Drivers/STM32H7xx_HAL_Driver/Src/stm32h7xx_hal_spi.c:1440:19
	str	r0, [sp, #24]
.Ltmp280:
	.loc	7 1442 11 is_stmt 1             @ ../Drivers/STM32H7xx_HAL_Driver/Src/stm32h7xx_hal_spi.c:1442:11
	ldrh.w	r0, [sp, #20]
.Ltmp281:
	.loc	7 1442 11 is_stmt 0             @ ../Drivers/STM32H7xx_HAL_Driver/Src/stm32h7xx_hal_spi.c:1442:11
	cmp	r0, #0
	beq	.LBB9_42
	b	.LBB9_28
.LBB9_28:                               @   in Loop: Header=BB9_20 Depth=1
.Ltmp282:
	.loc	7 1445 13 is_stmt 1             @ ../Drivers/STM32H7xx_HAL_Driver/Src/stm32h7xx_hal_spi.c:1445:13
	ldr	r0, [sp, #56]
	ldr	r0, [r0]
	ldr	r0, [r0, #20]
.Ltmp283:
	.loc	7 1445 13 is_stmt 0             @ ../Drivers/STM32H7xx_HAL_Driver/Src/stm32h7xx_hal_spi.c:1445:13
	lsls	r0, r0, #31
	cbz	r0, .LBB9_30
	b	.LBB9_29
.LBB9_29:                               @   in Loop: Header=BB9_20 Depth=1
.Ltmp284:
	.loc	7 1447 65 is_stmt 1             @ ../Drivers/STM32H7xx_HAL_Driver/Src/stm32h7xx_hal_spi.c:1447:65
	ldr	r0, [sp, #56]
	.loc	7 1447 71 is_stmt 0             @ ../Drivers/STM32H7xx_HAL_Driver/Src/stm32h7xx_hal_spi.c:1447:71
	ldr	r0, [r0]
	.loc	7 1447 45                       @ ../Drivers/STM32H7xx_HAL_Driver/Src/stm32h7xx_hal_spi.c:1447:45
	ldr	r0, [r0, #48]
	.loc	7 1447 25                       @ ../Drivers/STM32H7xx_HAL_Driver/Src/stm32h7xx_hal_spi.c:1447:25
	ldr	r1, [sp, #56]
	.loc	7 1447 31                       @ ../Drivers/STM32H7xx_HAL_Driver/Src/stm32h7xx_hal_spi.c:1447:31
	ldr	r1, [r1, #100]
	.loc	7 1447 43                       @ ../Drivers/STM32H7xx_HAL_Driver/Src/stm32h7xx_hal_spi.c:1447:43
	str	r0, [r1]
	.loc	7 1448 11 is_stmt 1             @ ../Drivers/STM32H7xx_HAL_Driver/Src/stm32h7xx_hal_spi.c:1448:11
	ldr	r1, [sp, #56]
	.loc	7 1448 28 is_stmt 0             @ ../Drivers/STM32H7xx_HAL_Driver/Src/stm32h7xx_hal_spi.c:1448:28
	ldr	r0, [r1, #100]
	adds	r0, #4
	str	r0, [r1, #100]
	.loc	7 1449 11 is_stmt 1             @ ../Drivers/STM32H7xx_HAL_Driver/Src/stm32h7xx_hal_spi.c:1449:11
	ldr	r1, [sp, #56]
	.loc	7 1449 28 is_stmt 0             @ ../Drivers/STM32H7xx_HAL_Driver/Src/stm32h7xx_hal_spi.c:1449:28
	ldrh.w	r0, [r1, #106]
	subs	r0, #1
	strh.w	r0, [r1, #106]
	.loc	7 1450 33 is_stmt 1             @ ../Drivers/STM32H7xx_HAL_Driver/Src/stm32h7xx_hal_spi.c:1450:33
	ldr	r0, [sp, #56]
	.loc	7 1450 39 is_stmt 0             @ ../Drivers/STM32H7xx_HAL_Driver/Src/stm32h7xx_hal_spi.c:1450:39
	ldrh.w	r0, [r0, #106]
	.loc	7 1450 31                       @ ../Drivers/STM32H7xx_HAL_Driver/Src/stm32h7xx_hal_spi.c:1450:31
	strh.w	r0, [sp, #20]
	.loc	7 1451 9 is_stmt 1              @ ../Drivers/STM32H7xx_HAL_Driver/Src/stm32h7xx_hal_spi.c:1451:9
	b	.LBB9_41
.Ltmp285:
.LBB9_30:                               @   in Loop: Header=BB9_20 Depth=1
	.loc	7 1453 19                       @ ../Drivers/STM32H7xx_HAL_Driver/Src/stm32h7xx_hal_spi.c:1453:19
	ldrh.w	r0, [sp, #20]
	.loc	7 1453 41 is_stmt 0             @ ../Drivers/STM32H7xx_HAL_Driver/Src/stm32h7xx_hal_spi.c:1453:41
	ldrh.w	r1, [sp, #18]
	.loc	7 1453 64                       @ ../Drivers/STM32H7xx_HAL_Driver/Src/stm32h7xx_hal_spi.c:1453:64
	cmp	r0, r1
	bge	.LBB9_33
	b	.LBB9_31
.Ltmp286:
.LBB9_31:                               @   in Loop: Header=BB9_20 Depth=1
	.loc	7 1453 18                       @ ../Drivers/STM32H7xx_HAL_Driver/Src/stm32h7xx_hal_spi.c:1453:18
	ldrb.w	r0, [sp, #25]
	lsls	r0, r0, #24
	cmp	r0, #0
	bpl	.LBB9_33
	b	.LBB9_32
.LBB9_32:                               @   in Loop: Header=BB9_20 Depth=1
.Ltmp287:
	.loc	7 1455 65 is_stmt 1             @ ../Drivers/STM32H7xx_HAL_Driver/Src/stm32h7xx_hal_spi.c:1455:65
	ldr	r0, [sp, #56]
	.loc	7 1455 71 is_stmt 0             @ ../Drivers/STM32H7xx_HAL_Driver/Src/stm32h7xx_hal_spi.c:1455:71
	ldr	r0, [r0]
	.loc	7 1455 45                       @ ../Drivers/STM32H7xx_HAL_Driver/Src/stm32h7xx_hal_spi.c:1455:45
	ldr	r0, [r0, #48]
	.loc	7 1455 25                       @ ../Drivers/STM32H7xx_HAL_Driver/Src/stm32h7xx_hal_spi.c:1455:25
	ldr	r1, [sp, #56]
	.loc	7 1455 31                       @ ../Drivers/STM32H7xx_HAL_Driver/Src/stm32h7xx_hal_spi.c:1455:31
	ldr	r1, [r1, #100]
	.loc	7 1455 43                       @ ../Drivers/STM32H7xx_HAL_Driver/Src/stm32h7xx_hal_spi.c:1455:43
	str	r0, [r1]
	.loc	7 1456 11 is_stmt 1             @ ../Drivers/STM32H7xx_HAL_Driver/Src/stm32h7xx_hal_spi.c:1456:11
	ldr	r1, [sp, #56]
	.loc	7 1456 28 is_stmt 0             @ ../Drivers/STM32H7xx_HAL_Driver/Src/stm32h7xx_hal_spi.c:1456:28
	ldr	r0, [r1, #100]
	adds	r0, #4
	str	r0, [r1, #100]
	.loc	7 1457 11 is_stmt 1             @ ../Drivers/STM32H7xx_HAL_Driver/Src/stm32h7xx_hal_spi.c:1457:11
	ldr	r1, [sp, #56]
	.loc	7 1457 28 is_stmt 0             @ ../Drivers/STM32H7xx_HAL_Driver/Src/stm32h7xx_hal_spi.c:1457:28
	ldrh.w	r0, [r1, #106]
	subs	r0, #1
	strh.w	r0, [r1, #106]
	.loc	7 1458 33 is_stmt 1             @ ../Drivers/STM32H7xx_HAL_Driver/Src/stm32h7xx_hal_spi.c:1458:33
	ldr	r0, [sp, #56]
	.loc	7 1458 39 is_stmt 0             @ ../Drivers/STM32H7xx_HAL_Driver/Src/stm32h7xx_hal_spi.c:1458:39
	ldrh.w	r0, [r0, #106]
	.loc	7 1458 31                       @ ../Drivers/STM32H7xx_HAL_Driver/Src/stm32h7xx_hal_spi.c:1458:31
	strh.w	r0, [sp, #20]
	.loc	7 1459 9 is_stmt 1              @ ../Drivers/STM32H7xx_HAL_Driver/Src/stm32h7xx_hal_spi.c:1459:9
	b	.LBB9_40
.Ltmp288:
.LBB9_33:                               @   in Loop: Header=BB9_20 Depth=1
	.loc	7 1463 18                       @ ../Drivers/STM32H7xx_HAL_Driver/Src/stm32h7xx_hal_spi.c:1463:18
	bl	HAL_GetTick
	.loc	7 1463 34 is_stmt 0             @ ../Drivers/STM32H7xx_HAL_Driver/Src/stm32h7xx_hal_spi.c:1463:34
	ldr	r1, [sp, #32]
	.loc	7 1463 32                       @ ../Drivers/STM32H7xx_HAL_Driver/Src/stm32h7xx_hal_spi.c:1463:32
	subs	r0, r0, r1
	.loc	7 1463 49                       @ ../Drivers/STM32H7xx_HAL_Driver/Src/stm32h7xx_hal_spi.c:1463:49
	ldr	r1, [sp, #72]
	.loc	7 1463 58                       @ ../Drivers/STM32H7xx_HAL_Driver/Src/stm32h7xx_hal_spi.c:1463:58
	cmp	r0, r1
	blo	.LBB9_35
	b	.LBB9_34
.LBB9_34:                               @   in Loop: Header=BB9_20 Depth=1
	.loc	7 1463 62                       @ ../Drivers/STM32H7xx_HAL_Driver/Src/stm32h7xx_hal_spi.c:1463:62
	ldr	r0, [sp, #72]
	.loc	7 1463 89                       @ ../Drivers/STM32H7xx_HAL_Driver/Src/stm32h7xx_hal_spi.c:1463:89
	adds	r0, #1
	cbnz	r0, .LBB9_36
	b	.LBB9_35
.LBB9_35:                               @   in Loop: Header=BB9_20 Depth=1
	.loc	7 1463 93                       @ ../Drivers/STM32H7xx_HAL_Driver/Src/stm32h7xx_hal_spi.c:1463:93
	ldr	r0, [sp, #72]
.Ltmp289:
	.loc	7 1463 15                       @ ../Drivers/STM32H7xx_HAL_Driver/Src/stm32h7xx_hal_spi.c:1463:15
	cbnz	r0, .LBB9_39
	b	.LBB9_36
.LBB9_36:
.Ltmp290:
	.loc	7 1466 31 is_stmt 1             @ ../Drivers/STM32H7xx_HAL_Driver/Src/stm32h7xx_hal_spi.c:1466:31
	ldr	r0, [sp, #56]
	.loc	7 1466 13 is_stmt 0             @ ../Drivers/STM32H7xx_HAL_Driver/Src/stm32h7xx_hal_spi.c:1466:13
	bl	SPI_CloseTransfer
	.loc	7 1468 13 is_stmt 1             @ ../Drivers/STM32H7xx_HAL_Driver/Src/stm32h7xx_hal_spi.c:1468:13
	ldr	r1, [sp, #56]
	ldr.w	r0, [r1, #132]
	orr	r0, r0, #256
	str.w	r0, [r1, #132]
	.loc	7 1469 13                       @ ../Drivers/STM32H7xx_HAL_Driver/Src/stm32h7xx_hal_spi.c:1469:13
	ldr	r1, [sp, #56]
	movs	r0, #1
	.loc	7 1469 25 is_stmt 0             @ ../Drivers/STM32H7xx_HAL_Driver/Src/stm32h7xx_hal_spi.c:1469:25
	strb.w	r0, [r1, #129]
	.loc	7 1472 13 is_stmt 1             @ ../Drivers/STM32H7xx_HAL_Driver/Src/stm32h7xx_hal_spi.c:1472:13
	b	.LBB9_37
.LBB9_37:
.Ltmp291:
	.loc	7 1472 13 is_stmt 0             @ ../Drivers/STM32H7xx_HAL_Driver/Src/stm32h7xx_hal_spi.c:1472:13
	ldr	r1, [sp, #56]
	movs	r0, #0
	strb.w	r0, [r1, #128]
	b	.LBB9_38
.Ltmp292:
.LBB9_38:
	.loc	7 0 13                          @ ../Drivers/STM32H7xx_HAL_Driver/Src/stm32h7xx_hal_spi.c:0:13
	movs	r0, #3
	.loc	7 1474 13 is_stmt 1             @ ../Drivers/STM32H7xx_HAL_Driver/Src/stm32h7xx_hal_spi.c:1474:13
	strb.w	r0, [sp, #63]
	b	.LBB9_111
.Ltmp293:
.LBB9_39:                               @   in Loop: Header=BB9_20 Depth=1
	.loc	7 0 13 is_stmt 0                @ ../Drivers/STM32H7xx_HAL_Driver/Src/stm32h7xx_hal_spi.c:0:13
	b	.LBB9_40
.LBB9_40:                               @   in Loop: Header=BB9_20 Depth=1
	b	.LBB9_41
.LBB9_41:                               @   in Loop: Header=BB9_20 Depth=1
	.loc	7 1477 7 is_stmt 1              @ ../Drivers/STM32H7xx_HAL_Driver/Src/stm32h7xx_hal_spi.c:1477:7
	b	.LBB9_42
.Ltmp294:
.LBB9_42:                               @   in Loop: Header=BB9_20 Depth=1
	.loc	7 1427 5                        @ ../Drivers/STM32H7xx_HAL_Driver/Src/stm32h7xx_hal_spi.c:1427:5
	b	.LBB9_20
.LBB9_43:
	.loc	7 1479 3                        @ ../Drivers/STM32H7xx_HAL_Driver/Src/stm32h7xx_hal_spi.c:1479:3
	b	.LBB9_104
.Ltmp295:
.LBB9_44:
	.loc	7 1481 12                       @ ../Drivers/STM32H7xx_HAL_Driver/Src/stm32h7xx_hal_spi.c:1481:12
	ldr	r0, [sp, #56]
	.loc	7 1481 23 is_stmt 0             @ ../Drivers/STM32H7xx_HAL_Driver/Src/stm32h7xx_hal_spi.c:1481:23
	ldr	r0, [r0, #12]
.Ltmp296:
	.loc	7 1481 12                       @ ../Drivers/STM32H7xx_HAL_Driver/Src/stm32h7xx_hal_spi.c:1481:12
	cmp	r0, #8
	blo.w	.LBB9_74
	b	.LBB9_45
.LBB9_45:
.Ltmp297:
	.loc	7 1484 20 is_stmt 1             @ ../Drivers/STM32H7xx_HAL_Driver/Src/stm32h7xx_hal_spi.c:1484:20
	ldr	r0, [sp, #28]
	.loc	7 1484 32 is_stmt 0             @ ../Drivers/STM32H7xx_HAL_Driver/Src/stm32h7xx_hal_spi.c:1484:32
	lsrs	r0, r0, #1
	.loc	7 1484 17                       @ ../Drivers/STM32H7xx_HAL_Driver/Src/stm32h7xx_hal_spi.c:1484:17
	str	r0, [sp, #28]
	.loc	7 1486 5 is_stmt 1              @ ../Drivers/STM32H7xx_HAL_Driver/Src/stm32h7xx_hal_spi.c:1486:5
	b	.LBB9_46
.LBB9_46:                               @ =>This Inner Loop Header: Depth=1
	.loc	7 1486 13 is_stmt 0             @ ../Drivers/STM32H7xx_HAL_Driver/Src/stm32h7xx_hal_spi.c:1486:13
	ldrh.w	r1, [sp, #22]
	movs	r0, #1
	.loc	7 1486 40                       @ ../Drivers/STM32H7xx_HAL_Driver/Src/stm32h7xx_hal_spi.c:1486:40
	str	r0, [sp, #8]                    @ 4-byte Spill
	cbnz	r1, .LBB9_48
	b	.LBB9_47
.LBB9_47:                               @   in Loop: Header=BB9_46 Depth=1
	.loc	7 1486 44                       @ ../Drivers/STM32H7xx_HAL_Driver/Src/stm32h7xx_hal_spi.c:1486:44
	ldrh.w	r0, [sp, #20]
	.loc	7 1486 64                       @ ../Drivers/STM32H7xx_HAL_Driver/Src/stm32h7xx_hal_spi.c:1486:64
	cmp	r0, #0
	it	ne
	movne	r0, #1
	.loc	7 1486 40                       @ ../Drivers/STM32H7xx_HAL_Driver/Src/stm32h7xx_hal_spi.c:1486:40
	str	r0, [sp, #8]                    @ 4-byte Spill
	b	.LBB9_48
.LBB9_48:                               @   in Loop: Header=BB9_46 Depth=1
	.loc	7 0 40                          @ ../Drivers/STM32H7xx_HAL_Driver/Src/stm32h7xx_hal_spi.c:0:40
	ldr	r0, [sp, #8]                    @ 4-byte Reload
	.loc	7 1486 5                        @ ../Drivers/STM32H7xx_HAL_Driver/Src/stm32h7xx_hal_spi.c:1486:5
	lsls	r0, r0, #31
	cmp	r0, #0
	beq.w	.LBB9_73
	b	.LBB9_49
.LBB9_49:                               @   in Loop: Header=BB9_46 Depth=1
.Ltmp298:
	.loc	7 1489 12 is_stmt 1             @ ../Drivers/STM32H7xx_HAL_Driver/Src/stm32h7xx_hal_spi.c:1489:12
	ldr	r0, [sp, #56]
	ldr	r0, [r0]
	ldr	r0, [r0, #20]
	.loc	7 1489 52 is_stmt 0             @ ../Drivers/STM32H7xx_HAL_Driver/Src/stm32h7xx_hal_spi.c:1489:52
	lsls	r0, r0, #30
	cmp	r0, #0
	bpl	.LBB9_53
	b	.LBB9_50
.LBB9_50:                               @   in Loop: Header=BB9_46 Depth=1
	.loc	7 1489 56                       @ ../Drivers/STM32H7xx_HAL_Driver/Src/stm32h7xx_hal_spi.c:1489:56
	ldrh.w	r0, [sp, #22]
	.loc	7 1489 83                       @ ../Drivers/STM32H7xx_HAL_Driver/Src/stm32h7xx_hal_spi.c:1489:83
	cbz	r0, .LBB9_53
	b	.LBB9_51
.LBB9_51:                               @   in Loop: Header=BB9_46 Depth=1
	.loc	7 1490 12 is_stmt 1             @ ../Drivers/STM32H7xx_HAL_Driver/Src/stm32h7xx_hal_spi.c:1490:12
	ldrh.w	r0, [sp, #20]
	.loc	7 1490 36 is_stmt 0             @ ../Drivers/STM32H7xx_HAL_Driver/Src/stm32h7xx_hal_spi.c:1490:36
	ldrh.w	r1, [sp, #22]
	.loc	7 1490 58                       @ ../Drivers/STM32H7xx_HAL_Driver/Src/stm32h7xx_hal_spi.c:1490:58
	ldr	r2, [sp, #28]
	.loc	7 1490 56                       @ ../Drivers/STM32H7xx_HAL_Driver/Src/stm32h7xx_hal_spi.c:1490:56
	add	r1, r2
.Ltmp299:
	.loc	7 1489 11 is_stmt 1             @ ../Drivers/STM32H7xx_HAL_Driver/Src/stm32h7xx_hal_spi.c:1489:11
	cmp	r0, r1
	bhs	.LBB9_53
	b	.LBB9_52
.LBB9_52:                               @   in Loop: Header=BB9_46 Depth=1
.Ltmp300:
	.loc	7 1493 45                       @ ../Drivers/STM32H7xx_HAL_Driver/Src/stm32h7xx_hal_spi.c:1493:45
	ldr	r0, [sp, #56]
	.loc	7 1493 51 is_stmt 0             @ ../Drivers/STM32H7xx_HAL_Driver/Src/stm32h7xx_hal_spi.c:1493:51
	ldr	r0, [r0, #92]
	.loc	7 1493 25                       @ ../Drivers/STM32H7xx_HAL_Driver/Src/stm32h7xx_hal_spi.c:1493:25
	ldrh	r0, [r0]
	.loc	7 1493 10                       @ ../Drivers/STM32H7xx_HAL_Driver/Src/stm32h7xx_hal_spi.c:1493:10
	ldr	r1, [sp, #40]
	.loc	7 1493 23                       @ ../Drivers/STM32H7xx_HAL_Driver/Src/stm32h7xx_hal_spi.c:1493:23
	strh	r0, [r1]
	.loc	7 1497 9 is_stmt 1              @ ../Drivers/STM32H7xx_HAL_Driver/Src/stm32h7xx_hal_spi.c:1497:9
	ldr	r1, [sp, #56]
	.loc	7 1497 26 is_stmt 0             @ ../Drivers/STM32H7xx_HAL_Driver/Src/stm32h7xx_hal_spi.c:1497:26
	ldr	r0, [r1, #92]
	adds	r0, #2
	str	r0, [r1, #92]
	.loc	7 1498 9 is_stmt 1              @ ../Drivers/STM32H7xx_HAL_Driver/Src/stm32h7xx_hal_spi.c:1498:9
	ldr	r1, [sp, #56]
	.loc	7 1498 26 is_stmt 0             @ ../Drivers/STM32H7xx_HAL_Driver/Src/stm32h7xx_hal_spi.c:1498:26
	ldrh.w	r0, [r1, #98]
	subs	r0, #1
	strh.w	r0, [r1, #98]
	.loc	7 1499 31 is_stmt 1             @ ../Drivers/STM32H7xx_HAL_Driver/Src/stm32h7xx_hal_spi.c:1499:31
	ldr	r0, [sp, #56]
	.loc	7 1499 37 is_stmt 0             @ ../Drivers/STM32H7xx_HAL_Driver/Src/stm32h7xx_hal_spi.c:1499:37
	ldrh.w	r0, [r0, #98]
	.loc	7 1499 29                       @ ../Drivers/STM32H7xx_HAL_Driver/Src/stm32h7xx_hal_spi.c:1499:29
	strh.w	r0, [sp, #22]
	.loc	7 1500 7 is_stmt 1              @ ../Drivers/STM32H7xx_HAL_Driver/Src/stm32h7xx_hal_spi.c:1500:7
	b	.LBB9_53
.Ltmp301:
.LBB9_53:                               @   in Loop: Header=BB9_46 Depth=1
	.loc	7 1503 21                       @ ../Drivers/STM32H7xx_HAL_Driver/Src/stm32h7xx_hal_spi.c:1503:21
	ldr	r0, [sp, #56]
	.loc	7 1503 27 is_stmt 0             @ ../Drivers/STM32H7xx_HAL_Driver/Src/stm32h7xx_hal_spi.c:1503:27
	ldr	r0, [r0]
	.loc	7 1503 37                       @ ../Drivers/STM32H7xx_HAL_Driver/Src/stm32h7xx_hal_spi.c:1503:37
	ldr	r0, [r0, #20]
	.loc	7 1503 19                       @ ../Drivers/STM32H7xx_HAL_Driver/Src/stm32h7xx_hal_spi.c:1503:19
	str	r0, [sp, #24]
.Ltmp302:
	.loc	7 1505 11 is_stmt 1             @ ../Drivers/STM32H7xx_HAL_Driver/Src/stm32h7xx_hal_spi.c:1505:11
	ldrh.w	r0, [sp, #20]
.Ltmp303:
	.loc	7 1505 11 is_stmt 0             @ ../Drivers/STM32H7xx_HAL_Driver/Src/stm32h7xx_hal_spi.c:1505:11
	cmp	r0, #0
	beq.w	.LBB9_72
	b	.LBB9_54
.LBB9_54:                               @   in Loop: Header=BB9_46 Depth=1
.Ltmp304:
	.loc	7 1508 13 is_stmt 1             @ ../Drivers/STM32H7xx_HAL_Driver/Src/stm32h7xx_hal_spi.c:1508:13
	ldr	r0, [sp, #56]
	ldr	r0, [r0]
	ldr	r0, [r0, #20]
.Ltmp305:
	.loc	7 1508 13 is_stmt 0             @ ../Drivers/STM32H7xx_HAL_Driver/Src/stm32h7xx_hal_spi.c:1508:13
	lsls	r0, r0, #31
	cbz	r0, .LBB9_56
	b	.LBB9_55
.LBB9_55:                               @   in Loop: Header=BB9_46 Depth=1
.Ltmp306:
	.loc	7 1511 46 is_stmt 1             @ ../Drivers/STM32H7xx_HAL_Driver/Src/stm32h7xx_hal_spi.c:1511:46
	ldr	r0, [sp, #36]
	.loc	7 1511 45 is_stmt 0             @ ../Drivers/STM32H7xx_HAL_Driver/Src/stm32h7xx_hal_spi.c:1511:45
	ldrh	r0, [r0]
	.loc	7 1511 25                       @ ../Drivers/STM32H7xx_HAL_Driver/Src/stm32h7xx_hal_spi.c:1511:25
	ldr	r1, [sp, #56]
	.loc	7 1511 31                       @ ../Drivers/STM32H7xx_HAL_Driver/Src/stm32h7xx_hal_spi.c:1511:31
	ldr	r1, [r1, #100]
	.loc	7 1511 43                       @ ../Drivers/STM32H7xx_HAL_Driver/Src/stm32h7xx_hal_spi.c:1511:43
	strh	r0, [r1]
	.loc	7 1515 11 is_stmt 1             @ ../Drivers/STM32H7xx_HAL_Driver/Src/stm32h7xx_hal_spi.c:1515:11
	ldr	r1, [sp, #56]
	.loc	7 1515 28 is_stmt 0             @ ../Drivers/STM32H7xx_HAL_Driver/Src/stm32h7xx_hal_spi.c:1515:28
	ldr	r0, [r1, #100]
	adds	r0, #2
	str	r0, [r1, #100]
	.loc	7 1516 11 is_stmt 1             @ ../Drivers/STM32H7xx_HAL_Driver/Src/stm32h7xx_hal_spi.c:1516:11
	ldr	r1, [sp, #56]
	.loc	7 1516 28 is_stmt 0             @ ../Drivers/STM32H7xx_HAL_Driver/Src/stm32h7xx_hal_spi.c:1516:28
	ldrh.w	r0, [r1, #106]
	subs	r0, #1
	strh.w	r0, [r1, #106]
	.loc	7 1517 33 is_stmt 1             @ ../Drivers/STM32H7xx_HAL_Driver/Src/stm32h7xx_hal_spi.c:1517:33
	ldr	r0, [sp, #56]
	.loc	7 1517 39 is_stmt 0             @ ../Drivers/STM32H7xx_HAL_Driver/Src/stm32h7xx_hal_spi.c:1517:39
	ldrh.w	r0, [r0, #106]
	.loc	7 1517 31                       @ ../Drivers/STM32H7xx_HAL_Driver/Src/stm32h7xx_hal_spi.c:1517:31
	strh.w	r0, [sp, #20]
	.loc	7 1518 9 is_stmt 1              @ ../Drivers/STM32H7xx_HAL_Driver/Src/stm32h7xx_hal_spi.c:1518:9
	b	.LBB9_71
.Ltmp307:
.LBB9_56:                               @   in Loop: Header=BB9_46 Depth=1
	.loc	7 1520 19                       @ ../Drivers/STM32H7xx_HAL_Driver/Src/stm32h7xx_hal_spi.c:1520:19
	ldrh.w	r0, [sp, #20]
	.loc	7 1520 41 is_stmt 0             @ ../Drivers/STM32H7xx_HAL_Driver/Src/stm32h7xx_hal_spi.c:1520:41
	ldrh.w	r1, [sp, #18]
	.loc	7 1520 64                       @ ../Drivers/STM32H7xx_HAL_Driver/Src/stm32h7xx_hal_spi.c:1520:64
	cmp	r0, r1
	bge	.LBB9_59
	b	.LBB9_57
.Ltmp308:
.LBB9_57:                               @   in Loop: Header=BB9_46 Depth=1
	.loc	7 1520 18                       @ ../Drivers/STM32H7xx_HAL_Driver/Src/stm32h7xx_hal_spi.c:1520:18
	ldrb.w	r0, [sp, #25]
	lsls	r0, r0, #24
	cmp	r0, #0
	bpl	.LBB9_59
	b	.LBB9_58
.LBB9_58:                               @   in Loop: Header=BB9_46 Depth=1
.Ltmp309:
	.loc	7 1523 46 is_stmt 1             @ ../Drivers/STM32H7xx_HAL_Driver/Src/stm32h7xx_hal_spi.c:1523:46
	ldr	r0, [sp, #36]
	.loc	7 1523 45 is_stmt 0             @ ../Drivers/STM32H7xx_HAL_Driver/Src/stm32h7xx_hal_spi.c:1523:45
	ldrh	r0, [r0]
	.loc	7 1523 25                       @ ../Drivers/STM32H7xx_HAL_Driver/Src/stm32h7xx_hal_spi.c:1523:25
	ldr	r1, [sp, #56]
	.loc	7 1523 31                       @ ../Drivers/STM32H7xx_HAL_Driver/Src/stm32h7xx_hal_spi.c:1523:31
	ldr	r1, [r1, #100]
	.loc	7 1523 43                       @ ../Drivers/STM32H7xx_HAL_Driver/Src/stm32h7xx_hal_spi.c:1523:43
	strh	r0, [r1]
	.loc	7 1527 11 is_stmt 1             @ ../Drivers/STM32H7xx_HAL_Driver/Src/stm32h7xx_hal_spi.c:1527:11
	ldr	r1, [sp, #56]
	.loc	7 1527 28 is_stmt 0             @ ../Drivers/STM32H7xx_HAL_Driver/Src/stm32h7xx_hal_spi.c:1527:28
	ldr	r0, [r1, #100]
	adds	r0, #2
	str	r0, [r1, #100]
	.loc	7 1529 46 is_stmt 1             @ ../Drivers/STM32H7xx_HAL_Driver/Src/stm32h7xx_hal_spi.c:1529:46
	ldr	r0, [sp, #36]
	.loc	7 1529 45 is_stmt 0             @ ../Drivers/STM32H7xx_HAL_Driver/Src/stm32h7xx_hal_spi.c:1529:45
	ldrh	r0, [r0]
	.loc	7 1529 25                       @ ../Drivers/STM32H7xx_HAL_Driver/Src/stm32h7xx_hal_spi.c:1529:25
	ldr	r1, [sp, #56]
	.loc	7 1529 31                       @ ../Drivers/STM32H7xx_HAL_Driver/Src/stm32h7xx_hal_spi.c:1529:31
	ldr	r1, [r1, #100]
	.loc	7 1529 43                       @ ../Drivers/STM32H7xx_HAL_Driver/Src/stm32h7xx_hal_spi.c:1529:43
	strh	r0, [r1]
	.loc	7 1533 11 is_stmt 1             @ ../Drivers/STM32H7xx_HAL_Driver/Src/stm32h7xx_hal_spi.c:1533:11
	ldr	r1, [sp, #56]
	.loc	7 1533 28 is_stmt 0             @ ../Drivers/STM32H7xx_HAL_Driver/Src/stm32h7xx_hal_spi.c:1533:28
	ldr	r0, [r1, #100]
	adds	r0, #2
	str	r0, [r1, #100]
	.loc	7 1534 11 is_stmt 1             @ ../Drivers/STM32H7xx_HAL_Driver/Src/stm32h7xx_hal_spi.c:1534:11
	ldr	r1, [sp, #56]
	.loc	7 1534 29 is_stmt 0             @ ../Drivers/STM32H7xx_HAL_Driver/Src/stm32h7xx_hal_spi.c:1534:29
	ldrh.w	r0, [r1, #106]
	subs	r0, #2
	strh.w	r0, [r1, #106]
	.loc	7 1535 33 is_stmt 1             @ ../Drivers/STM32H7xx_HAL_Driver/Src/stm32h7xx_hal_spi.c:1535:33
	ldr	r0, [sp, #56]
	.loc	7 1535 39 is_stmt 0             @ ../Drivers/STM32H7xx_HAL_Driver/Src/stm32h7xx_hal_spi.c:1535:39
	ldrh.w	r0, [r0, #106]
	.loc	7 1535 31                       @ ../Drivers/STM32H7xx_HAL_Driver/Src/stm32h7xx_hal_spi.c:1535:31
	strh.w	r0, [sp, #20]
	.loc	7 1536 9 is_stmt 1              @ ../Drivers/STM32H7xx_HAL_Driver/Src/stm32h7xx_hal_spi.c:1536:9
	b	.LBB9_70
.Ltmp310:
.LBB9_59:                               @   in Loop: Header=BB9_46 Depth=1
	.loc	7 1538 19                       @ ../Drivers/STM32H7xx_HAL_Driver/Src/stm32h7xx_hal_spi.c:1538:19
	ldrh.w	r0, [sp, #20]
	.loc	7 1538 47 is_stmt 0             @ ../Drivers/STM32H7xx_HAL_Driver/Src/stm32h7xx_hal_spi.c:1538:47
	cmp	r0, #1
	bne	.LBB9_62
	b	.LBB9_60
.Ltmp311:
.LBB9_60:                               @   in Loop: Header=BB9_46 Depth=1
	.loc	7 1538 18                       @ ../Drivers/STM32H7xx_HAL_Driver/Src/stm32h7xx_hal_spi.c:1538:18
	ldrb.w	r0, [sp, #25]
	lsls	r0, r0, #26
	cmp	r0, #0
	bpl	.LBB9_62
	b	.LBB9_61
.LBB9_61:                               @   in Loop: Header=BB9_46 Depth=1
.Ltmp312:
	.loc	7 1541 46 is_stmt 1             @ ../Drivers/STM32H7xx_HAL_Driver/Src/stm32h7xx_hal_spi.c:1541:46
	ldr	r0, [sp, #36]
	.loc	7 1541 45 is_stmt 0             @ ../Drivers/STM32H7xx_HAL_Driver/Src/stm32h7xx_hal_spi.c:1541:45
	ldrh	r0, [r0]
	.loc	7 1541 25                       @ ../Drivers/STM32H7xx_HAL_Driver/Src/stm32h7xx_hal_spi.c:1541:25
	ldr	r1, [sp, #56]
	.loc	7 1541 31                       @ ../Drivers/STM32H7xx_HAL_Driver/Src/stm32h7xx_hal_spi.c:1541:31
	ldr	r1, [r1, #100]
	.loc	7 1541 43                       @ ../Drivers/STM32H7xx_HAL_Driver/Src/stm32h7xx_hal_spi.c:1541:43
	strh	r0, [r1]
	.loc	7 1545 11 is_stmt 1             @ ../Drivers/STM32H7xx_HAL_Driver/Src/stm32h7xx_hal_spi.c:1545:11
	ldr	r1, [sp, #56]
	.loc	7 1545 28 is_stmt 0             @ ../Drivers/STM32H7xx_HAL_Driver/Src/stm32h7xx_hal_spi.c:1545:28
	ldr	r0, [r1, #100]
	adds	r0, #2
	str	r0, [r1, #100]
	.loc	7 1546 11 is_stmt 1             @ ../Drivers/STM32H7xx_HAL_Driver/Src/stm32h7xx_hal_spi.c:1546:11
	ldr	r1, [sp, #56]
	.loc	7 1546 28 is_stmt 0             @ ../Drivers/STM32H7xx_HAL_Driver/Src/stm32h7xx_hal_spi.c:1546:28
	ldrh.w	r0, [r1, #106]
	subs	r0, #1
	strh.w	r0, [r1, #106]
	.loc	7 1547 33 is_stmt 1             @ ../Drivers/STM32H7xx_HAL_Driver/Src/stm32h7xx_hal_spi.c:1547:33
	ldr	r0, [sp, #56]
	.loc	7 1547 39 is_stmt 0             @ ../Drivers/STM32H7xx_HAL_Driver/Src/stm32h7xx_hal_spi.c:1547:39
	ldrh.w	r0, [r0, #106]
	.loc	7 1547 31                       @ ../Drivers/STM32H7xx_HAL_Driver/Src/stm32h7xx_hal_spi.c:1547:31
	strh.w	r0, [sp, #20]
	.loc	7 1548 9 is_stmt 1              @ ../Drivers/STM32H7xx_HAL_Driver/Src/stm32h7xx_hal_spi.c:1548:9
	b	.LBB9_69
.Ltmp313:
.LBB9_62:                               @   in Loop: Header=BB9_46 Depth=1
	.loc	7 1552 18                       @ ../Drivers/STM32H7xx_HAL_Driver/Src/stm32h7xx_hal_spi.c:1552:18
	bl	HAL_GetTick
	.loc	7 1552 34 is_stmt 0             @ ../Drivers/STM32H7xx_HAL_Driver/Src/stm32h7xx_hal_spi.c:1552:34
	ldr	r1, [sp, #32]
	.loc	7 1552 32                       @ ../Drivers/STM32H7xx_HAL_Driver/Src/stm32h7xx_hal_spi.c:1552:32
	subs	r0, r0, r1
	.loc	7 1552 49                       @ ../Drivers/STM32H7xx_HAL_Driver/Src/stm32h7xx_hal_spi.c:1552:49
	ldr	r1, [sp, #72]
	.loc	7 1552 58                       @ ../Drivers/STM32H7xx_HAL_Driver/Src/stm32h7xx_hal_spi.c:1552:58
	cmp	r0, r1
	blo	.LBB9_64
	b	.LBB9_63
.LBB9_63:                               @   in Loop: Header=BB9_46 Depth=1
	.loc	7 1552 62                       @ ../Drivers/STM32H7xx_HAL_Driver/Src/stm32h7xx_hal_spi.c:1552:62
	ldr	r0, [sp, #72]
	.loc	7 1552 89                       @ ../Drivers/STM32H7xx_HAL_Driver/Src/stm32h7xx_hal_spi.c:1552:89
	adds	r0, #1
	cbnz	r0, .LBB9_65
	b	.LBB9_64
.LBB9_64:                               @   in Loop: Header=BB9_46 Depth=1
	.loc	7 1552 93                       @ ../Drivers/STM32H7xx_HAL_Driver/Src/stm32h7xx_hal_spi.c:1552:93
	ldr	r0, [sp, #72]
.Ltmp314:
	.loc	7 1552 15                       @ ../Drivers/STM32H7xx_HAL_Driver/Src/stm32h7xx_hal_spi.c:1552:15
	cbnz	r0, .LBB9_68
	b	.LBB9_65
.LBB9_65:
.Ltmp315:
	.loc	7 1555 31 is_stmt 1             @ ../Drivers/STM32H7xx_HAL_Driver/Src/stm32h7xx_hal_spi.c:1555:31
	ldr	r0, [sp, #56]
	.loc	7 1555 13 is_stmt 0             @ ../Drivers/STM32H7xx_HAL_Driver/Src/stm32h7xx_hal_spi.c:1555:13
	bl	SPI_CloseTransfer
	.loc	7 1557 13 is_stmt 1             @ ../Drivers/STM32H7xx_HAL_Driver/Src/stm32h7xx_hal_spi.c:1557:13
	ldr	r1, [sp, #56]
	ldr.w	r0, [r1, #132]
	orr	r0, r0, #256
	str.w	r0, [r1, #132]
	.loc	7 1558 13                       @ ../Drivers/STM32H7xx_HAL_Driver/Src/stm32h7xx_hal_spi.c:1558:13
	ldr	r1, [sp, #56]
	movs	r0, #1
	.loc	7 1558 25 is_stmt 0             @ ../Drivers/STM32H7xx_HAL_Driver/Src/stm32h7xx_hal_spi.c:1558:25
	strb.w	r0, [r1, #129]
	.loc	7 1561 13 is_stmt 1             @ ../Drivers/STM32H7xx_HAL_Driver/Src/stm32h7xx_hal_spi.c:1561:13
	b	.LBB9_66
.LBB9_66:
.Ltmp316:
	.loc	7 1561 13 is_stmt 0             @ ../Drivers/STM32H7xx_HAL_Driver/Src/stm32h7xx_hal_spi.c:1561:13
	ldr	r1, [sp, #56]
	movs	r0, #0
	strb.w	r0, [r1, #128]
	b	.LBB9_67
.Ltmp317:
.LBB9_67:
	.loc	7 0 13                          @ ../Drivers/STM32H7xx_HAL_Driver/Src/stm32h7xx_hal_spi.c:0:13
	movs	r0, #3
	.loc	7 1563 13 is_stmt 1             @ ../Drivers/STM32H7xx_HAL_Driver/Src/stm32h7xx_hal_spi.c:1563:13
	strb.w	r0, [sp, #63]
	b	.LBB9_111
.Ltmp318:
.LBB9_68:                               @   in Loop: Header=BB9_46 Depth=1
	.loc	7 0 13 is_stmt 0                @ ../Drivers/STM32H7xx_HAL_Driver/Src/stm32h7xx_hal_spi.c:0:13
	b	.LBB9_69
.LBB9_69:                               @   in Loop: Header=BB9_46 Depth=1
	b	.LBB9_70
.LBB9_70:                               @   in Loop: Header=BB9_46 Depth=1
	b	.LBB9_71
.LBB9_71:                               @   in Loop: Header=BB9_46 Depth=1
	.loc	7 1566 7 is_stmt 1              @ ../Drivers/STM32H7xx_HAL_Driver/Src/stm32h7xx_hal_spi.c:1566:7
	b	.LBB9_72
.Ltmp319:
.LBB9_72:                               @   in Loop: Header=BB9_46 Depth=1
	.loc	7 1486 5                        @ ../Drivers/STM32H7xx_HAL_Driver/Src/stm32h7xx_hal_spi.c:1486:5
	b	.LBB9_46
.LBB9_73:
	.loc	7 1568 3                        @ ../Drivers/STM32H7xx_HAL_Driver/Src/stm32h7xx_hal_spi.c:1568:3
	b	.LBB9_103
.Ltmp320:
.LBB9_74:
	.loc	7 1572 5                        @ ../Drivers/STM32H7xx_HAL_Driver/Src/stm32h7xx_hal_spi.c:1572:5
	b	.LBB9_75
.LBB9_75:                               @ =>This Inner Loop Header: Depth=1
	.loc	7 1572 13 is_stmt 0             @ ../Drivers/STM32H7xx_HAL_Driver/Src/stm32h7xx_hal_spi.c:1572:13
	ldrh.w	r1, [sp, #22]
	movs	r0, #1
	.loc	7 1572 40                       @ ../Drivers/STM32H7xx_HAL_Driver/Src/stm32h7xx_hal_spi.c:1572:40
	str	r0, [sp, #4]                    @ 4-byte Spill
	cbnz	r1, .LBB9_77
	b	.LBB9_76
.LBB9_76:                               @   in Loop: Header=BB9_75 Depth=1
	.loc	7 1572 44                       @ ../Drivers/STM32H7xx_HAL_Driver/Src/stm32h7xx_hal_spi.c:1572:44
	ldrh.w	r0, [sp, #20]
	.loc	7 1572 64                       @ ../Drivers/STM32H7xx_HAL_Driver/Src/stm32h7xx_hal_spi.c:1572:64
	cmp	r0, #0
	it	ne
	movne	r0, #1
	.loc	7 1572 40                       @ ../Drivers/STM32H7xx_HAL_Driver/Src/stm32h7xx_hal_spi.c:1572:40
	str	r0, [sp, #4]                    @ 4-byte Spill
	b	.LBB9_77
.LBB9_77:                               @   in Loop: Header=BB9_75 Depth=1
	.loc	7 0 40                          @ ../Drivers/STM32H7xx_HAL_Driver/Src/stm32h7xx_hal_spi.c:0:40
	ldr	r0, [sp, #4]                    @ 4-byte Reload
	.loc	7 1572 5                        @ ../Drivers/STM32H7xx_HAL_Driver/Src/stm32h7xx_hal_spi.c:1572:5
	lsls	r0, r0, #31
	cmp	r0, #0
	beq.w	.LBB9_102
	b	.LBB9_78
.LBB9_78:                               @   in Loop: Header=BB9_75 Depth=1
.Ltmp321:
	.loc	7 1575 12 is_stmt 1             @ ../Drivers/STM32H7xx_HAL_Driver/Src/stm32h7xx_hal_spi.c:1575:12
	ldr	r0, [sp, #56]
	ldr	r0, [r0]
	ldr	r0, [r0, #20]
	.loc	7 1575 52 is_stmt 0             @ ../Drivers/STM32H7xx_HAL_Driver/Src/stm32h7xx_hal_spi.c:1575:52
	lsls	r0, r0, #30
	cmp	r0, #0
	bpl	.LBB9_82
	b	.LBB9_79
.LBB9_79:                               @   in Loop: Header=BB9_75 Depth=1
	.loc	7 1575 56                       @ ../Drivers/STM32H7xx_HAL_Driver/Src/stm32h7xx_hal_spi.c:1575:56
	ldrh.w	r0, [sp, #22]
	.loc	7 1575 83                       @ ../Drivers/STM32H7xx_HAL_Driver/Src/stm32h7xx_hal_spi.c:1575:83
	cbz	r0, .LBB9_82
	b	.LBB9_80
.LBB9_80:                               @   in Loop: Header=BB9_75 Depth=1
	.loc	7 1576 12 is_stmt 1             @ ../Drivers/STM32H7xx_HAL_Driver/Src/stm32h7xx_hal_spi.c:1576:12
	ldrh.w	r0, [sp, #20]
	.loc	7 1576 36 is_stmt 0             @ ../Drivers/STM32H7xx_HAL_Driver/Src/stm32h7xx_hal_spi.c:1576:36
	ldrh.w	r1, [sp, #22]
	.loc	7 1576 58                       @ ../Drivers/STM32H7xx_HAL_Driver/Src/stm32h7xx_hal_spi.c:1576:58
	ldr	r2, [sp, #28]
	.loc	7 1576 56                       @ ../Drivers/STM32H7xx_HAL_Driver/Src/stm32h7xx_hal_spi.c:1576:56
	add	r1, r2
.Ltmp322:
	.loc	7 1575 11 is_stmt 1             @ ../Drivers/STM32H7xx_HAL_Driver/Src/stm32h7xx_hal_spi.c:1575:11
	cmp	r0, r1
	bhs	.LBB9_82
	b	.LBB9_81
.LBB9_81:                               @   in Loop: Header=BB9_75 Depth=1
.Ltmp323:
	.loc	7 1578 71                       @ ../Drivers/STM32H7xx_HAL_Driver/Src/stm32h7xx_hal_spi.c:1578:71
	ldr	r0, [sp, #56]
	.loc	7 1578 34 is_stmt 0             @ ../Drivers/STM32H7xx_HAL_Driver/Src/stm32h7xx_hal_spi.c:1578:34
	ldr	r1, [r0]
	.loc	7 1578 77                       @ ../Drivers/STM32H7xx_HAL_Driver/Src/stm32h7xx_hal_spi.c:1578:77
	ldr	r0, [r0, #92]
	.loc	7 1578 52                       @ ../Drivers/STM32H7xx_HAL_Driver/Src/stm32h7xx_hal_spi.c:1578:52
	ldrb	r0, [r0]
	.loc	7 1578 50                       @ ../Drivers/STM32H7xx_HAL_Driver/Src/stm32h7xx_hal_spi.c:1578:50
	strb.w	r0, [r1, #32]
	.loc	7 1579 9 is_stmt 1              @ ../Drivers/STM32H7xx_HAL_Driver/Src/stm32h7xx_hal_spi.c:1579:9
	ldr	r1, [sp, #56]
	.loc	7 1579 26 is_stmt 0             @ ../Drivers/STM32H7xx_HAL_Driver/Src/stm32h7xx_hal_spi.c:1579:26
	ldr	r0, [r1, #92]
	adds	r0, #1
	str	r0, [r1, #92]
	.loc	7 1580 9 is_stmt 1              @ ../Drivers/STM32H7xx_HAL_Driver/Src/stm32h7xx_hal_spi.c:1580:9
	ldr	r1, [sp, #56]
	.loc	7 1580 26 is_stmt 0             @ ../Drivers/STM32H7xx_HAL_Driver/Src/stm32h7xx_hal_spi.c:1580:26
	ldrh.w	r0, [r1, #98]
	subs	r0, #1
	strh.w	r0, [r1, #98]
	.loc	7 1581 31 is_stmt 1             @ ../Drivers/STM32H7xx_HAL_Driver/Src/stm32h7xx_hal_spi.c:1581:31
	ldr	r0, [sp, #56]
	.loc	7 1581 37 is_stmt 0             @ ../Drivers/STM32H7xx_HAL_Driver/Src/stm32h7xx_hal_spi.c:1581:37
	ldrh.w	r0, [r0, #98]
	.loc	7 1581 29                       @ ../Drivers/STM32H7xx_HAL_Driver/Src/stm32h7xx_hal_spi.c:1581:29
	strh.w	r0, [sp, #22]
	.loc	7 1582 7 is_stmt 1              @ ../Drivers/STM32H7xx_HAL_Driver/Src/stm32h7xx_hal_spi.c:1582:7
	b	.LBB9_82
.Ltmp324:
.LBB9_82:                               @   in Loop: Header=BB9_75 Depth=1
	.loc	7 1585 21                       @ ../Drivers/STM32H7xx_HAL_Driver/Src/stm32h7xx_hal_spi.c:1585:21
	ldr	r0, [sp, #56]
	.loc	7 1585 27 is_stmt 0             @ ../Drivers/STM32H7xx_HAL_Driver/Src/stm32h7xx_hal_spi.c:1585:27
	ldr	r0, [r0]
	.loc	7 1585 37                       @ ../Drivers/STM32H7xx_HAL_Driver/Src/stm32h7xx_hal_spi.c:1585:37
	ldr	r0, [r0, #20]
	.loc	7 1585 19                       @ ../Drivers/STM32H7xx_HAL_Driver/Src/stm32h7xx_hal_spi.c:1585:19
	str	r0, [sp, #24]
.Ltmp325:
	.loc	7 1587 11 is_stmt 1             @ ../Drivers/STM32H7xx_HAL_Driver/Src/stm32h7xx_hal_spi.c:1587:11
	ldrh.w	r0, [sp, #20]
.Ltmp326:
	.loc	7 1587 11 is_stmt 0             @ ../Drivers/STM32H7xx_HAL_Driver/Src/stm32h7xx_hal_spi.c:1587:11
	cmp	r0, #0
	beq.w	.LBB9_101
	b	.LBB9_83
.LBB9_83:                               @   in Loop: Header=BB9_75 Depth=1
.Ltmp327:
	.loc	7 1590 13 is_stmt 1             @ ../Drivers/STM32H7xx_HAL_Driver/Src/stm32h7xx_hal_spi.c:1590:13
	ldr	r0, [sp, #56]
	ldr	r0, [r0]
	ldr	r0, [r0, #20]
.Ltmp328:
	.loc	7 1590 13 is_stmt 0             @ ../Drivers/STM32H7xx_HAL_Driver/Src/stm32h7xx_hal_spi.c:1590:13
	lsls	r0, r0, #31
	cbz	r0, .LBB9_85
	b	.LBB9_84
.LBB9_84:                               @   in Loop: Header=BB9_75 Depth=1
.Ltmp329:
	.loc	7 1592 63 is_stmt 1             @ ../Drivers/STM32H7xx_HAL_Driver/Src/stm32h7xx_hal_spi.c:1592:63
	ldr	r0, [sp, #56]
	.loc	7 1592 69 is_stmt 0             @ ../Drivers/STM32H7xx_HAL_Driver/Src/stm32h7xx_hal_spi.c:1592:69
	ldr	r0, [r0]
	.loc	7 1592 44                       @ ../Drivers/STM32H7xx_HAL_Driver/Src/stm32h7xx_hal_spi.c:1592:44
	ldrb.w	r0, [r0, #48]
	.loc	7 1592 24                       @ ../Drivers/STM32H7xx_HAL_Driver/Src/stm32h7xx_hal_spi.c:1592:24
	ldr	r1, [sp, #56]
	.loc	7 1592 30                       @ ../Drivers/STM32H7xx_HAL_Driver/Src/stm32h7xx_hal_spi.c:1592:30
	ldr	r1, [r1, #100]
	.loc	7 1592 42                       @ ../Drivers/STM32H7xx_HAL_Driver/Src/stm32h7xx_hal_spi.c:1592:42
	strb	r0, [r1]
	.loc	7 1593 11 is_stmt 1             @ ../Drivers/STM32H7xx_HAL_Driver/Src/stm32h7xx_hal_spi.c:1593:11
	ldr	r1, [sp, #56]
	.loc	7 1593 28 is_stmt 0             @ ../Drivers/STM32H7xx_HAL_Driver/Src/stm32h7xx_hal_spi.c:1593:28
	ldr	r0, [r1, #100]
	adds	r0, #1
	str	r0, [r1, #100]
	.loc	7 1594 11 is_stmt 1             @ ../Drivers/STM32H7xx_HAL_Driver/Src/stm32h7xx_hal_spi.c:1594:11
	ldr	r1, [sp, #56]
	.loc	7 1594 28 is_stmt 0             @ ../Drivers/STM32H7xx_HAL_Driver/Src/stm32h7xx_hal_spi.c:1594:28
	ldrh.w	r0, [r1, #106]
	subs	r0, #1
	strh.w	r0, [r1, #106]
	.loc	7 1595 33 is_stmt 1             @ ../Drivers/STM32H7xx_HAL_Driver/Src/stm32h7xx_hal_spi.c:1595:33
	ldr	r0, [sp, #56]
	.loc	7 1595 39 is_stmt 0             @ ../Drivers/STM32H7xx_HAL_Driver/Src/stm32h7xx_hal_spi.c:1595:39
	ldrh.w	r0, [r0, #106]
	.loc	7 1595 31                       @ ../Drivers/STM32H7xx_HAL_Driver/Src/stm32h7xx_hal_spi.c:1595:31
	strh.w	r0, [sp, #20]
	.loc	7 1596 9 is_stmt 1              @ ../Drivers/STM32H7xx_HAL_Driver/Src/stm32h7xx_hal_spi.c:1596:9
	b	.LBB9_100
.Ltmp330:
.LBB9_85:                               @   in Loop: Header=BB9_75 Depth=1
	.loc	7 1598 19                       @ ../Drivers/STM32H7xx_HAL_Driver/Src/stm32h7xx_hal_spi.c:1598:19
	ldrh.w	r0, [sp, #20]
	.loc	7 1598 41 is_stmt 0             @ ../Drivers/STM32H7xx_HAL_Driver/Src/stm32h7xx_hal_spi.c:1598:41
	ldrh.w	r1, [sp, #18]
	.loc	7 1598 64                       @ ../Drivers/STM32H7xx_HAL_Driver/Src/stm32h7xx_hal_spi.c:1598:64
	cmp	r0, r1
	bge	.LBB9_88
	b	.LBB9_86
.Ltmp331:
.LBB9_86:                               @   in Loop: Header=BB9_75 Depth=1
	.loc	7 1598 18                       @ ../Drivers/STM32H7xx_HAL_Driver/Src/stm32h7xx_hal_spi.c:1598:18
	ldrb.w	r0, [sp, #25]
	lsls	r0, r0, #24
	cmp	r0, #0
	bpl	.LBB9_88
	b	.LBB9_87
.LBB9_87:                               @   in Loop: Header=BB9_75 Depth=1
.Ltmp332:
	.loc	7 1600 63 is_stmt 1             @ ../Drivers/STM32H7xx_HAL_Driver/Src/stm32h7xx_hal_spi.c:1600:63
	ldr	r0, [sp, #56]
	.loc	7 1600 69 is_stmt 0             @ ../Drivers/STM32H7xx_HAL_Driver/Src/stm32h7xx_hal_spi.c:1600:69
	ldr	r0, [r0]
	.loc	7 1600 44                       @ ../Drivers/STM32H7xx_HAL_Driver/Src/stm32h7xx_hal_spi.c:1600:44
	ldrb.w	r0, [r0, #48]
	.loc	7 1600 24                       @ ../Drivers/STM32H7xx_HAL_Driver/Src/stm32h7xx_hal_spi.c:1600:24
	ldr	r1, [sp, #56]
	.loc	7 1600 30                       @ ../Drivers/STM32H7xx_HAL_Driver/Src/stm32h7xx_hal_spi.c:1600:30
	ldr	r1, [r1, #100]
	.loc	7 1600 42                       @ ../Drivers/STM32H7xx_HAL_Driver/Src/stm32h7xx_hal_spi.c:1600:42
	strb	r0, [r1]
	.loc	7 1601 11 is_stmt 1             @ ../Drivers/STM32H7xx_HAL_Driver/Src/stm32h7xx_hal_spi.c:1601:11
	ldr	r1, [sp, #56]
	.loc	7 1601 28 is_stmt 0             @ ../Drivers/STM32H7xx_HAL_Driver/Src/stm32h7xx_hal_spi.c:1601:28
	ldr	r0, [r1, #100]
	adds	r0, #1
	str	r0, [r1, #100]
	.loc	7 1602 63 is_stmt 1             @ ../Drivers/STM32H7xx_HAL_Driver/Src/stm32h7xx_hal_spi.c:1602:63
	ldr	r0, [sp, #56]
	.loc	7 1602 69 is_stmt 0             @ ../Drivers/STM32H7xx_HAL_Driver/Src/stm32h7xx_hal_spi.c:1602:69
	ldr	r0, [r0]
	.loc	7 1602 44                       @ ../Drivers/STM32H7xx_HAL_Driver/Src/stm32h7xx_hal_spi.c:1602:44
	ldrb.w	r0, [r0, #48]
	.loc	7 1602 24                       @ ../Drivers/STM32H7xx_HAL_Driver/Src/stm32h7xx_hal_spi.c:1602:24
	ldr	r1, [sp, #56]
	.loc	7 1602 30                       @ ../Drivers/STM32H7xx_HAL_Driver/Src/stm32h7xx_hal_spi.c:1602:30
	ldr	r1, [r1, #100]
	.loc	7 1602 42                       @ ../Drivers/STM32H7xx_HAL_Driver/Src/stm32h7xx_hal_spi.c:1602:42
	strb	r0, [r1]
	.loc	7 1603 11 is_stmt 1             @ ../Drivers/STM32H7xx_HAL_Driver/Src/stm32h7xx_hal_spi.c:1603:11
	ldr	r1, [sp, #56]
	.loc	7 1603 28 is_stmt 0             @ ../Drivers/STM32H7xx_HAL_Driver/Src/stm32h7xx_hal_spi.c:1603:28
	ldr	r0, [r1, #100]
	adds	r0, #1
	str	r0, [r1, #100]
	.loc	7 1604 63 is_stmt 1             @ ../Drivers/STM32H7xx_HAL_Driver/Src/stm32h7xx_hal_spi.c:1604:63
	ldr	r0, [sp, #56]
	.loc	7 1604 69 is_stmt 0             @ ../Drivers/STM32H7xx_HAL_Driver/Src/stm32h7xx_hal_spi.c:1604:69
	ldr	r0, [r0]
	.loc	7 1604 44                       @ ../Drivers/STM32H7xx_HAL_Driver/Src/stm32h7xx_hal_spi.c:1604:44
	ldrb.w	r0, [r0, #48]
	.loc	7 1604 24                       @ ../Drivers/STM32H7xx_HAL_Driver/Src/stm32h7xx_hal_spi.c:1604:24
	ldr	r1, [sp, #56]
	.loc	7 1604 30                       @ ../Drivers/STM32H7xx_HAL_Driver/Src/stm32h7xx_hal_spi.c:1604:30
	ldr	r1, [r1, #100]
	.loc	7 1604 42                       @ ../Drivers/STM32H7xx_HAL_Driver/Src/stm32h7xx_hal_spi.c:1604:42
	strb	r0, [r1]
	.loc	7 1605 11 is_stmt 1             @ ../Drivers/STM32H7xx_HAL_Driver/Src/stm32h7xx_hal_spi.c:1605:11
	ldr	r1, [sp, #56]
	.loc	7 1605 28 is_stmt 0             @ ../Drivers/STM32H7xx_HAL_Driver/Src/stm32h7xx_hal_spi.c:1605:28
	ldr	r0, [r1, #100]
	adds	r0, #1
	str	r0, [r1, #100]
	.loc	7 1606 63 is_stmt 1             @ ../Drivers/STM32H7xx_HAL_Driver/Src/stm32h7xx_hal_spi.c:1606:63
	ldr	r0, [sp, #56]
	.loc	7 1606 69 is_stmt 0             @ ../Drivers/STM32H7xx_HAL_Driver/Src/stm32h7xx_hal_spi.c:1606:69
	ldr	r0, [r0]
	.loc	7 1606 44                       @ ../Drivers/STM32H7xx_HAL_Driver/Src/stm32h7xx_hal_spi.c:1606:44
	ldrb.w	r0, [r0, #48]
	.loc	7 1606 24                       @ ../Drivers/STM32H7xx_HAL_Driver/Src/stm32h7xx_hal_spi.c:1606:24
	ldr	r1, [sp, #56]
	.loc	7 1606 30                       @ ../Drivers/STM32H7xx_HAL_Driver/Src/stm32h7xx_hal_spi.c:1606:30
	ldr	r1, [r1, #100]
	.loc	7 1606 42                       @ ../Drivers/STM32H7xx_HAL_Driver/Src/stm32h7xx_hal_spi.c:1606:42
	strb	r0, [r1]
	.loc	7 1607 11 is_stmt 1             @ ../Drivers/STM32H7xx_HAL_Driver/Src/stm32h7xx_hal_spi.c:1607:11
	ldr	r1, [sp, #56]
	.loc	7 1607 28 is_stmt 0             @ ../Drivers/STM32H7xx_HAL_Driver/Src/stm32h7xx_hal_spi.c:1607:28
	ldr	r0, [r1, #100]
	adds	r0, #1
	str	r0, [r1, #100]
	.loc	7 1608 11 is_stmt 1             @ ../Drivers/STM32H7xx_HAL_Driver/Src/stm32h7xx_hal_spi.c:1608:11
	ldr	r1, [sp, #56]
	.loc	7 1608 29 is_stmt 0             @ ../Drivers/STM32H7xx_HAL_Driver/Src/stm32h7xx_hal_spi.c:1608:29
	ldrh.w	r0, [r1, #106]
	subs	r0, #4
	strh.w	r0, [r1, #106]
	.loc	7 1609 33 is_stmt 1             @ ../Drivers/STM32H7xx_HAL_Driver/Src/stm32h7xx_hal_spi.c:1609:33
	ldr	r0, [sp, #56]
	.loc	7 1609 39 is_stmt 0             @ ../Drivers/STM32H7xx_HAL_Driver/Src/stm32h7xx_hal_spi.c:1609:39
	ldrh.w	r0, [r0, #106]
	.loc	7 1609 31                       @ ../Drivers/STM32H7xx_HAL_Driver/Src/stm32h7xx_hal_spi.c:1609:31
	strh.w	r0, [sp, #20]
	.loc	7 1610 9 is_stmt 1              @ ../Drivers/STM32H7xx_HAL_Driver/Src/stm32h7xx_hal_spi.c:1610:9
	b	.LBB9_99
.Ltmp333:
.LBB9_88:                               @   in Loop: Header=BB9_75 Depth=1
	.loc	7 1612 19                       @ ../Drivers/STM32H7xx_HAL_Driver/Src/stm32h7xx_hal_spi.c:1612:19
	ldrh.w	r0, [sp, #20]
	.loc	7 1612 46 is_stmt 0             @ ../Drivers/STM32H7xx_HAL_Driver/Src/stm32h7xx_hal_spi.c:1612:46
	cmp	r0, #3
	bhi	.LBB9_91
	b	.LBB9_89
.Ltmp334:
.LBB9_89:                               @   in Loop: Header=BB9_75 Depth=1
	.loc	7 1612 18                       @ ../Drivers/STM32H7xx_HAL_Driver/Src/stm32h7xx_hal_spi.c:1612:18
	ldrb.w	r0, [sp, #25]
	tst.w	r0, #96
	beq	.LBB9_91
	b	.LBB9_90
.LBB9_90:                               @   in Loop: Header=BB9_75 Depth=1
.Ltmp335:
	.loc	7 1614 63 is_stmt 1             @ ../Drivers/STM32H7xx_HAL_Driver/Src/stm32h7xx_hal_spi.c:1614:63
	ldr	r0, [sp, #56]
	.loc	7 1614 69 is_stmt 0             @ ../Drivers/STM32H7xx_HAL_Driver/Src/stm32h7xx_hal_spi.c:1614:69
	ldr	r0, [r0]
	.loc	7 1614 44                       @ ../Drivers/STM32H7xx_HAL_Driver/Src/stm32h7xx_hal_spi.c:1614:44
	ldrb.w	r0, [r0, #48]
	.loc	7 1614 24                       @ ../Drivers/STM32H7xx_HAL_Driver/Src/stm32h7xx_hal_spi.c:1614:24
	ldr	r1, [sp, #56]
	.loc	7 1614 30                       @ ../Drivers/STM32H7xx_HAL_Driver/Src/stm32h7xx_hal_spi.c:1614:30
	ldr	r1, [r1, #100]
	.loc	7 1614 42                       @ ../Drivers/STM32H7xx_HAL_Driver/Src/stm32h7xx_hal_spi.c:1614:42
	strb	r0, [r1]
	.loc	7 1615 11 is_stmt 1             @ ../Drivers/STM32H7xx_HAL_Driver/Src/stm32h7xx_hal_spi.c:1615:11
	ldr	r1, [sp, #56]
	.loc	7 1615 28 is_stmt 0             @ ../Drivers/STM32H7xx_HAL_Driver/Src/stm32h7xx_hal_spi.c:1615:28
	ldr	r0, [r1, #100]
	adds	r0, #1
	str	r0, [r1, #100]
	.loc	7 1616 11 is_stmt 1             @ ../Drivers/STM32H7xx_HAL_Driver/Src/stm32h7xx_hal_spi.c:1616:11
	ldr	r1, [sp, #56]
	.loc	7 1616 28 is_stmt 0             @ ../Drivers/STM32H7xx_HAL_Driver/Src/stm32h7xx_hal_spi.c:1616:28
	ldrh.w	r0, [r1, #106]
	subs	r0, #1
	strh.w	r0, [r1, #106]
	.loc	7 1617 33 is_stmt 1             @ ../Drivers/STM32H7xx_HAL_Driver/Src/stm32h7xx_hal_spi.c:1617:33
	ldr	r0, [sp, #56]
	.loc	7 1617 39 is_stmt 0             @ ../Drivers/STM32H7xx_HAL_Driver/Src/stm32h7xx_hal_spi.c:1617:39
	ldrh.w	r0, [r0, #106]
	.loc	7 1617 31                       @ ../Drivers/STM32H7xx_HAL_Driver/Src/stm32h7xx_hal_spi.c:1617:31
	strh.w	r0, [sp, #20]
	.loc	7 1618 9 is_stmt 1              @ ../Drivers/STM32H7xx_HAL_Driver/Src/stm32h7xx_hal_spi.c:1618:9
	b	.LBB9_98
.Ltmp336:
.LBB9_91:                               @   in Loop: Header=BB9_75 Depth=1
	.loc	7 1622 18                       @ ../Drivers/STM32H7xx_HAL_Driver/Src/stm32h7xx_hal_spi.c:1622:18
	bl	HAL_GetTick
	.loc	7 1622 34 is_stmt 0             @ ../Drivers/STM32H7xx_HAL_Driver/Src/stm32h7xx_hal_spi.c:1622:34
	ldr	r1, [sp, #32]
	.loc	7 1622 32                       @ ../Drivers/STM32H7xx_HAL_Driver/Src/stm32h7xx_hal_spi.c:1622:32
	subs	r0, r0, r1
	.loc	7 1622 49                       @ ../Drivers/STM32H7xx_HAL_Driver/Src/stm32h7xx_hal_spi.c:1622:49
	ldr	r1, [sp, #72]
	.loc	7 1622 58                       @ ../Drivers/STM32H7xx_HAL_Driver/Src/stm32h7xx_hal_spi.c:1622:58
	cmp	r0, r1
	blo	.LBB9_93
	b	.LBB9_92
.LBB9_92:                               @   in Loop: Header=BB9_75 Depth=1
	.loc	7 1622 62                       @ ../Drivers/STM32H7xx_HAL_Driver/Src/stm32h7xx_hal_spi.c:1622:62
	ldr	r0, [sp, #72]
	.loc	7 1622 89                       @ ../Drivers/STM32H7xx_HAL_Driver/Src/stm32h7xx_hal_spi.c:1622:89
	adds	r0, #1
	cbnz	r0, .LBB9_94
	b	.LBB9_93
.LBB9_93:                               @   in Loop: Header=BB9_75 Depth=1
	.loc	7 1622 93                       @ ../Drivers/STM32H7xx_HAL_Driver/Src/stm32h7xx_hal_spi.c:1622:93
	ldr	r0, [sp, #72]
.Ltmp337:
	.loc	7 1622 15                       @ ../Drivers/STM32H7xx_HAL_Driver/Src/stm32h7xx_hal_spi.c:1622:15
	cbnz	r0, .LBB9_97
	b	.LBB9_94
.LBB9_94:
.Ltmp338:
	.loc	7 1625 31 is_stmt 1             @ ../Drivers/STM32H7xx_HAL_Driver/Src/stm32h7xx_hal_spi.c:1625:31
	ldr	r0, [sp, #56]
	.loc	7 1625 13 is_stmt 0             @ ../Drivers/STM32H7xx_HAL_Driver/Src/stm32h7xx_hal_spi.c:1625:13
	bl	SPI_CloseTransfer
	.loc	7 1627 13 is_stmt 1             @ ../Drivers/STM32H7xx_HAL_Driver/Src/stm32h7xx_hal_spi.c:1627:13
	ldr	r1, [sp, #56]
	ldr.w	r0, [r1, #132]
	orr	r0, r0, #256
	str.w	r0, [r1, #132]
	.loc	7 1628 13                       @ ../Drivers/STM32H7xx_HAL_Driver/Src/stm32h7xx_hal_spi.c:1628:13
	ldr	r1, [sp, #56]
	movs	r0, #1
	.loc	7 1628 25 is_stmt 0             @ ../Drivers/STM32H7xx_HAL_Driver/Src/stm32h7xx_hal_spi.c:1628:25
	strb.w	r0, [r1, #129]
	.loc	7 1631 13 is_stmt 1             @ ../Drivers/STM32H7xx_HAL_Driver/Src/stm32h7xx_hal_spi.c:1631:13
	b	.LBB9_95
.LBB9_95:
.Ltmp339:
	.loc	7 1631 13 is_stmt 0             @ ../Drivers/STM32H7xx_HAL_Driver/Src/stm32h7xx_hal_spi.c:1631:13
	ldr	r1, [sp, #56]
	movs	r0, #0
	strb.w	r0, [r1, #128]
	b	.LBB9_96
.Ltmp340:
.LBB9_96:
	.loc	7 0 13                          @ ../Drivers/STM32H7xx_HAL_Driver/Src/stm32h7xx_hal_spi.c:0:13
	movs	r0, #3
	.loc	7 1633 13 is_stmt 1             @ ../Drivers/STM32H7xx_HAL_Driver/Src/stm32h7xx_hal_spi.c:1633:13
	strb.w	r0, [sp, #63]
	b	.LBB9_111
.Ltmp341:
.LBB9_97:                               @   in Loop: Header=BB9_75 Depth=1
	.loc	7 0 13 is_stmt 0                @ ../Drivers/STM32H7xx_HAL_Driver/Src/stm32h7xx_hal_spi.c:0:13
	b	.LBB9_98
.LBB9_98:                               @   in Loop: Header=BB9_75 Depth=1
	b	.LBB9_99
.LBB9_99:                               @   in Loop: Header=BB9_75 Depth=1
	b	.LBB9_100
.LBB9_100:                              @   in Loop: Header=BB9_75 Depth=1
	.loc	7 1636 7 is_stmt 1              @ ../Drivers/STM32H7xx_HAL_Driver/Src/stm32h7xx_hal_spi.c:1636:7
	b	.LBB9_101
.Ltmp342:
.LBB9_101:                              @   in Loop: Header=BB9_75 Depth=1
	.loc	7 1572 5                        @ ../Drivers/STM32H7xx_HAL_Driver/Src/stm32h7xx_hal_spi.c:1572:5
	b	.LBB9_75
.Ltmp343:
.LBB9_102:
	.loc	7 0 5 is_stmt 0                 @ ../Drivers/STM32H7xx_HAL_Driver/Src/stm32h7xx_hal_spi.c:0:5
	b	.LBB9_103
.LBB9_103:
	b	.LBB9_104
.LBB9_104:
.Ltmp344:
	.loc	7 1641 34 is_stmt 1             @ ../Drivers/STM32H7xx_HAL_Driver/Src/stm32h7xx_hal_spi.c:1641:34
	ldr	r0, [sp, #56]
	.loc	7 1641 61 is_stmt 0             @ ../Drivers/STM32H7xx_HAL_Driver/Src/stm32h7xx_hal_spi.c:1641:61
	ldr	r3, [sp, #72]
	.loc	7 1641 70                       @ ../Drivers/STM32H7xx_HAL_Driver/Src/stm32h7xx_hal_spi.c:1641:70
	ldr	r1, [sp, #32]
	.loc	7 1641 7                        @ ../Drivers/STM32H7xx_HAL_Driver/Src/stm32h7xx_hal_spi.c:1641:7
	mov	r2, sp
	str	r1, [r2]
	movs	r1, #8
	movs	r2, #0
	bl	SPI_WaitOnFlagUntilTimeout
.Ltmp345:
	.loc	7 1641 7                        @ ../Drivers/STM32H7xx_HAL_Driver/Src/stm32h7xx_hal_spi.c:1641:7
	cbz	r0, .LBB9_106
	b	.LBB9_105
.LBB9_105:
.Ltmp346:
	.loc	7 1643 5 is_stmt 1              @ ../Drivers/STM32H7xx_HAL_Driver/Src/stm32h7xx_hal_spi.c:1643:5
	ldr	r1, [sp, #56]
	ldr.w	r0, [r1, #132]
	orr	r0, r0, #32
	str.w	r0, [r1, #132]
	.loc	7 1644 3                        @ ../Drivers/STM32H7xx_HAL_Driver/Src/stm32h7xx_hal_spi.c:1644:3
	b	.LBB9_106
.Ltmp347:
.LBB9_106:
	.loc	7 1647 21                       @ ../Drivers/STM32H7xx_HAL_Driver/Src/stm32h7xx_hal_spi.c:1647:21
	ldr	r0, [sp, #56]
	.loc	7 1647 3 is_stmt 0              @ ../Drivers/STM32H7xx_HAL_Driver/Src/stm32h7xx_hal_spi.c:1647:3
	bl	SPI_CloseTransfer
	.loc	7 1649 3 is_stmt 1              @ ../Drivers/STM32H7xx_HAL_Driver/Src/stm32h7xx_hal_spi.c:1649:3
	ldr	r1, [sp, #56]
	movs	r0, #1
	.loc	7 1649 15 is_stmt 0             @ ../Drivers/STM32H7xx_HAL_Driver/Src/stm32h7xx_hal_spi.c:1649:15
	strb.w	r0, [r1, #129]
	.loc	7 1652 3 is_stmt 1              @ ../Drivers/STM32H7xx_HAL_Driver/Src/stm32h7xx_hal_spi.c:1652:3
	b	.LBB9_107
.LBB9_107:
.Ltmp348:
	.loc	7 1652 3 is_stmt 0              @ ../Drivers/STM32H7xx_HAL_Driver/Src/stm32h7xx_hal_spi.c:1652:3
	ldr	r1, [sp, #56]
	movs	r0, #0
	strb.w	r0, [r1, #128]
	b	.LBB9_108
.Ltmp349:
.LBB9_108:
	.loc	7 1654 7 is_stmt 1              @ ../Drivers/STM32H7xx_HAL_Driver/Src/stm32h7xx_hal_spi.c:1654:7
	ldr	r0, [sp, #56]
	.loc	7 1654 13 is_stmt 0             @ ../Drivers/STM32H7xx_HAL_Driver/Src/stm32h7xx_hal_spi.c:1654:13
	ldr.w	r0, [r0, #132]
.Ltmp350:
	.loc	7 1654 7                        @ ../Drivers/STM32H7xx_HAL_Driver/Src/stm32h7xx_hal_spi.c:1654:7
	cbz	r0, .LBB9_110
	b	.LBB9_109
.LBB9_109:
	.loc	7 0 7                           @ ../Drivers/STM32H7xx_HAL_Driver/Src/stm32h7xx_hal_spi.c:0:7
	movs	r0, #1
.Ltmp351:
	.loc	7 1656 5 is_stmt 1              @ ../Drivers/STM32H7xx_HAL_Driver/Src/stm32h7xx_hal_spi.c:1656:5
	strb.w	r0, [sp, #63]
	b	.LBB9_111
.Ltmp352:
.LBB9_110:
	.loc	7 0 5 is_stmt 0                 @ ../Drivers/STM32H7xx_HAL_Driver/Src/stm32h7xx_hal_spi.c:0:5
	movs	r0, #0
.Ltmp353:
	.loc	7 1660 5 is_stmt 1              @ ../Drivers/STM32H7xx_HAL_Driver/Src/stm32h7xx_hal_spi.c:1660:5
	strb.w	r0, [sp, #63]
	b	.LBB9_111
.Ltmp354:
.LBB9_111:
	.loc	7 1662 1                        @ ../Drivers/STM32H7xx_HAL_Driver/Src/stm32h7xx_hal_spi.c:1662:1
	ldrb.w	r0, [sp, #63]
	.loc	7 1662 1 epilogue_begin is_stmt 0 @ ../Drivers/STM32H7xx_HAL_Driver/Src/stm32h7xx_hal_spi.c:1662:1
	add	sp, #64
	pop	{r7, pc}
.Ltmp355:
.Lfunc_end9:
	.size	HAL_SPI_TransmitReceive, .Lfunc_end9-HAL_SPI_TransmitReceive
	.cfi_endproc
	.cantunwind
	.fnend
                                        @ -- End function
	.section	.text.HAL_SPI_Transmit_IT,"ax",%progbits
	.hidden	HAL_SPI_Transmit_IT             @ -- Begin function HAL_SPI_Transmit_IT
	.globl	HAL_SPI_Transmit_IT
	.p2align	3
	.type	HAL_SPI_Transmit_IT,%function
	.code	16                              @ @HAL_SPI_Transmit_IT
	.thumb_func
HAL_SPI_Transmit_IT:
.Lfunc_begin10:
	.loc	7 1673 0 is_stmt 1              @ ../Drivers/STM32H7xx_HAL_Driver/Src/stm32h7xx_hal_spi.c:1673:0
	.fnstart
	.cfi_startproc
@ %bb.0:
	.pad	#16
	sub	sp, #16
	.cfi_def_cfa_offset 16
                                        @ kill: def $r3 killed $r2
	str	r0, [sp, #8]
	str	r1, [sp, #4]
	strh.w	r2, [sp, #2]
.Ltmp356:
	.loc	7 1677 8 prologue_end           @ ../Drivers/STM32H7xx_HAL_Driver/Src/stm32h7xx_hal_spi.c:1677:8
	ldr	r0, [sp, #4]
	.loc	7 1677 23 is_stmt 0             @ ../Drivers/STM32H7xx_HAL_Driver/Src/stm32h7xx_hal_spi.c:1677:23
	cbz	r0, .LBB10_2
	b	.LBB10_1
.LBB10_1:
	.loc	7 1677 27                       @ ../Drivers/STM32H7xx_HAL_Driver/Src/stm32h7xx_hal_spi.c:1677:27
	ldrh.w	r0, [sp, #2]
.Ltmp357:
	.loc	7 1677 7                        @ ../Drivers/STM32H7xx_HAL_Driver/Src/stm32h7xx_hal_spi.c:1677:7
	cbnz	r0, .LBB10_3
	b	.LBB10_2
.LBB10_2:
	.loc	7 0 7                           @ ../Drivers/STM32H7xx_HAL_Driver/Src/stm32h7xx_hal_spi.c:0:7
	movs	r0, #1
.Ltmp358:
	.loc	7 1679 5 is_stmt 1              @ ../Drivers/STM32H7xx_HAL_Driver/Src/stm32h7xx_hal_spi.c:1679:5
	strb.w	r0, [sp, #15]
	b	.LBB10_24
.Ltmp359:
.LBB10_3:
	.loc	7 1682 7                        @ ../Drivers/STM32H7xx_HAL_Driver/Src/stm32h7xx_hal_spi.c:1682:7
	ldr	r0, [sp, #8]
	.loc	7 1682 13 is_stmt 0             @ ../Drivers/STM32H7xx_HAL_Driver/Src/stm32h7xx_hal_spi.c:1682:13
	ldrb.w	r0, [r0, #129]
.Ltmp360:
	.loc	7 1682 7                        @ ../Drivers/STM32H7xx_HAL_Driver/Src/stm32h7xx_hal_spi.c:1682:7
	cmp	r0, #1
	beq	.LBB10_5
	b	.LBB10_4
.LBB10_4:
	.loc	7 0 7                           @ ../Drivers/STM32H7xx_HAL_Driver/Src/stm32h7xx_hal_spi.c:0:7
	movs	r0, #2
.Ltmp361:
	.loc	7 1684 5 is_stmt 1              @ ../Drivers/STM32H7xx_HAL_Driver/Src/stm32h7xx_hal_spi.c:1684:5
	strb.w	r0, [sp, #15]
	b	.LBB10_24
.Ltmp362:
.LBB10_5:
	.loc	7 1688 3                        @ ../Drivers/STM32H7xx_HAL_Driver/Src/stm32h7xx_hal_spi.c:1688:3
	b	.LBB10_6
.LBB10_6:
.Ltmp363:
	.loc	7 1688 3 is_stmt 0              @ ../Drivers/STM32H7xx_HAL_Driver/Src/stm32h7xx_hal_spi.c:1688:3
	ldr	r0, [sp, #8]
	ldrb.w	r0, [r0, #128]
.Ltmp364:
	.loc	7 1688 3                        @ ../Drivers/STM32H7xx_HAL_Driver/Src/stm32h7xx_hal_spi.c:1688:3
	cmp	r0, #1
	bne	.LBB10_8
	b	.LBB10_7
.LBB10_7:
	.loc	7 0 3                           @ ../Drivers/STM32H7xx_HAL_Driver/Src/stm32h7xx_hal_spi.c:0:3
	movs	r0, #2
.Ltmp365:
	.loc	7 1688 3                        @ ../Drivers/STM32H7xx_HAL_Driver/Src/stm32h7xx_hal_spi.c:1688:3
	strb.w	r0, [sp, #15]
	b	.LBB10_24
.Ltmp366:
.LBB10_8:
	.loc	7 1688 3                        @ ../Drivers/STM32H7xx_HAL_Driver/Src/stm32h7xx_hal_spi.c:1688:3
	ldr	r1, [sp, #8]
	movs	r0, #1
	strb.w	r0, [r1, #128]
	b	.LBB10_9
.Ltmp367:
.LBB10_9:
	.loc	7 1688 3                        @ ../Drivers/STM32H7xx_HAL_Driver/Src/stm32h7xx_hal_spi.c:1688:3
	b	.LBB10_10
.Ltmp368:
.LBB10_10:
	.loc	7 1691 3 is_stmt 1              @ ../Drivers/STM32H7xx_HAL_Driver/Src/stm32h7xx_hal_spi.c:1691:3
	ldr	r1, [sp, #8]
	movs	r0, #3
	.loc	7 1691 21 is_stmt 0             @ ../Drivers/STM32H7xx_HAL_Driver/Src/stm32h7xx_hal_spi.c:1691:21
	strb.w	r0, [r1, #129]
	.loc	7 1692 3 is_stmt 1              @ ../Drivers/STM32H7xx_HAL_Driver/Src/stm32h7xx_hal_spi.c:1692:3
	ldr	r1, [sp, #8]
	movs	r0, #0
	.loc	7 1692 21 is_stmt 0             @ ../Drivers/STM32H7xx_HAL_Driver/Src/stm32h7xx_hal_spi.c:1692:21
	str.w	r0, [r1, #132]
	.loc	7 1693 40 is_stmt 1             @ ../Drivers/STM32H7xx_HAL_Driver/Src/stm32h7xx_hal_spi.c:1693:40
	ldr	r1, [sp, #4]
	.loc	7 1693 3 is_stmt 0              @ ../Drivers/STM32H7xx_HAL_Driver/Src/stm32h7xx_hal_spi.c:1693:3
	ldr	r2, [sp, #8]
	.loc	7 1693 21                       @ ../Drivers/STM32H7xx_HAL_Driver/Src/stm32h7xx_hal_spi.c:1693:21
	str	r1, [r2, #92]
	.loc	7 1694 23 is_stmt 1             @ ../Drivers/STM32H7xx_HAL_Driver/Src/stm32h7xx_hal_spi.c:1694:23
	ldrh.w	r1, [sp, #2]
	.loc	7 1694 3 is_stmt 0              @ ../Drivers/STM32H7xx_HAL_Driver/Src/stm32h7xx_hal_spi.c:1694:3
	ldr	r2, [sp, #8]
	.loc	7 1694 21                       @ ../Drivers/STM32H7xx_HAL_Driver/Src/stm32h7xx_hal_spi.c:1694:21
	strh.w	r1, [r2, #96]
	.loc	7 1695 23 is_stmt 1             @ ../Drivers/STM32H7xx_HAL_Driver/Src/stm32h7xx_hal_spi.c:1695:23
	ldrh.w	r1, [sp, #2]
	.loc	7 1695 3 is_stmt 0              @ ../Drivers/STM32H7xx_HAL_Driver/Src/stm32h7xx_hal_spi.c:1695:3
	ldr	r2, [sp, #8]
	.loc	7 1695 21                       @ ../Drivers/STM32H7xx_HAL_Driver/Src/stm32h7xx_hal_spi.c:1695:21
	strh.w	r1, [r2, #98]
	.loc	7 1698 3 is_stmt 1              @ ../Drivers/STM32H7xx_HAL_Driver/Src/stm32h7xx_hal_spi.c:1698:3
	ldr	r1, [sp, #8]
	.loc	7 1698 21 is_stmt 0             @ ../Drivers/STM32H7xx_HAL_Driver/Src/stm32h7xx_hal_spi.c:1698:21
	str	r0, [r1, #100]
	.loc	7 1699 3 is_stmt 1              @ ../Drivers/STM32H7xx_HAL_Driver/Src/stm32h7xx_hal_spi.c:1699:3
	ldr	r1, [sp, #8]
	.loc	7 1699 21 is_stmt 0             @ ../Drivers/STM32H7xx_HAL_Driver/Src/stm32h7xx_hal_spi.c:1699:21
	strh.w	r0, [r1, #104]
	.loc	7 1700 3 is_stmt 1              @ ../Drivers/STM32H7xx_HAL_Driver/Src/stm32h7xx_hal_spi.c:1700:3
	ldr	r1, [sp, #8]
	.loc	7 1700 21 is_stmt 0             @ ../Drivers/STM32H7xx_HAL_Driver/Src/stm32h7xx_hal_spi.c:1700:21
	strh.w	r0, [r1, #106]
	.loc	7 1701 3 is_stmt 1              @ ../Drivers/STM32H7xx_HAL_Driver/Src/stm32h7xx_hal_spi.c:1701:3
	ldr	r1, [sp, #8]
	.loc	7 1701 21 is_stmt 0             @ ../Drivers/STM32H7xx_HAL_Driver/Src/stm32h7xx_hal_spi.c:1701:21
	str	r0, [r1, #112]
.Ltmp369:
	.loc	7 1710 7 is_stmt 1              @ ../Drivers/STM32H7xx_HAL_Driver/Src/stm32h7xx_hal_spi.c:1710:7
	ldr	r0, [sp, #8]
	.loc	7 1710 18 is_stmt 0             @ ../Drivers/STM32H7xx_HAL_Driver/Src/stm32h7xx_hal_spi.c:1710:18
	ldr	r0, [r0, #12]
.Ltmp370:
	.loc	7 1710 7                        @ ../Drivers/STM32H7xx_HAL_Driver/Src/stm32h7xx_hal_spi.c:1710:7
	cmp	r0, #16
	blo	.LBB10_12
	b	.LBB10_11
.LBB10_11:
.Ltmp371:
	.loc	7 1712 5 is_stmt 1              @ ../Drivers/STM32H7xx_HAL_Driver/Src/stm32h7xx_hal_spi.c:1712:5
	ldr	r1, [sp, #8]
	.loc	7 1712 17 is_stmt 0             @ ../Drivers/STM32H7xx_HAL_Driver/Src/stm32h7xx_hal_spi.c:1712:17
	movw	r0, :lower16:SPI_TxISR_32BIT
	movt	r0, :upper16:SPI_TxISR_32BIT
	str	r0, [r1, #116]
	.loc	7 1713 3 is_stmt 1              @ ../Drivers/STM32H7xx_HAL_Driver/Src/stm32h7xx_hal_spi.c:1713:3
	b	.LBB10_16
.Ltmp372:
.LBB10_12:
	.loc	7 1714 12                       @ ../Drivers/STM32H7xx_HAL_Driver/Src/stm32h7xx_hal_spi.c:1714:12
	ldr	r0, [sp, #8]
	.loc	7 1714 23 is_stmt 0             @ ../Drivers/STM32H7xx_HAL_Driver/Src/stm32h7xx_hal_spi.c:1714:23
	ldr	r0, [r0, #12]
.Ltmp373:
	.loc	7 1714 12                       @ ../Drivers/STM32H7xx_HAL_Driver/Src/stm32h7xx_hal_spi.c:1714:12
	cmp	r0, #8
	blo	.LBB10_14
	b	.LBB10_13
.LBB10_13:
.Ltmp374:
	.loc	7 1716 5 is_stmt 1              @ ../Drivers/STM32H7xx_HAL_Driver/Src/stm32h7xx_hal_spi.c:1716:5
	ldr	r1, [sp, #8]
	.loc	7 1716 17 is_stmt 0             @ ../Drivers/STM32H7xx_HAL_Driver/Src/stm32h7xx_hal_spi.c:1716:17
	movw	r0, :lower16:SPI_TxISR_16BIT
	movt	r0, :upper16:SPI_TxISR_16BIT
	str	r0, [r1, #116]
	.loc	7 1717 3 is_stmt 1              @ ../Drivers/STM32H7xx_HAL_Driver/Src/stm32h7xx_hal_spi.c:1717:3
	b	.LBB10_15
.Ltmp375:
.LBB10_14:
	.loc	7 1720 5                        @ ../Drivers/STM32H7xx_HAL_Driver/Src/stm32h7xx_hal_spi.c:1720:5
	ldr	r1, [sp, #8]
	.loc	7 1720 17 is_stmt 0             @ ../Drivers/STM32H7xx_HAL_Driver/Src/stm32h7xx_hal_spi.c:1720:17
	movw	r0, :lower16:SPI_TxISR_8BIT
	movt	r0, :upper16:SPI_TxISR_8BIT
	str	r0, [r1, #116]
	b	.LBB10_15
.Ltmp376:
.LBB10_15:
	.loc	7 0 17                          @ ../Drivers/STM32H7xx_HAL_Driver/Src/stm32h7xx_hal_spi.c:0:17
	b	.LBB10_16
.LBB10_16:
.Ltmp377:
	.loc	7 1724 7 is_stmt 1              @ ../Drivers/STM32H7xx_HAL_Driver/Src/stm32h7xx_hal_spi.c:1724:7
	ldr	r0, [sp, #8]
	.loc	7 1724 18 is_stmt 0             @ ../Drivers/STM32H7xx_HAL_Driver/Src/stm32h7xx_hal_spi.c:1724:18
	ldr	r0, [r0, #8]
.Ltmp378:
	.loc	7 1724 7                        @ ../Drivers/STM32H7xx_HAL_Driver/Src/stm32h7xx_hal_spi.c:1724:7
	cmp.w	r0, #393216
	bne	.LBB10_18
	b	.LBB10_17
.LBB10_17:
.Ltmp379:
	.loc	7 1726 5 is_stmt 1              @ ../Drivers/STM32H7xx_HAL_Driver/Src/stm32h7xx_hal_spi.c:1726:5
	ldr	r0, [sp, #8]
	ldr	r1, [r0]
	ldr	r0, [r1]
	orr	r0, r0, #2048
	str	r0, [r1]
	.loc	7 1727 3                        @ ../Drivers/STM32H7xx_HAL_Driver/Src/stm32h7xx_hal_spi.c:1727:3
	b	.LBB10_19
.Ltmp380:
.LBB10_18:
	.loc	7 1730 5                        @ ../Drivers/STM32H7xx_HAL_Driver/Src/stm32h7xx_hal_spi.c:1730:5
	ldr	r0, [sp, #8]
	ldr	r0, [r0]
	ldr	r0, [r0, #12]
	movs	r1, #1
	bfi	r0, r1, #17, #2
	ldr	r1, [sp, #8]
	ldr	r1, [r1]
	str	r0, [r1, #12]
	b	.LBB10_19
.Ltmp381:
.LBB10_19:
	.loc	7 1734 3                        @ ../Drivers/STM32H7xx_HAL_Driver/Src/stm32h7xx_hal_spi.c:1734:3
	ldr	r0, [sp, #8]
	ldr	r0, [r0]
	ldr	r0, [r0, #4]
	movw	r1, #65535
	bics	r0, r1
	ldrh.w	r1, [sp, #2]
	add	r0, r1
	ldr	r1, [sp, #8]
	ldr	r1, [r1]
	str	r0, [r1, #4]
	.loc	7 1737 3                        @ ../Drivers/STM32H7xx_HAL_Driver/Src/stm32h7xx_hal_spi.c:1737:3
	ldr	r0, [sp, #8]
	ldr	r1, [r0]
	ldr	r0, [r1]
	orr	r0, r0, #1
	str	r0, [r1]
	.loc	7 1740 3                        @ ../Drivers/STM32H7xx_HAL_Driver/Src/stm32h7xx_hal_spi.c:1740:3
	b	.LBB10_20
.LBB10_20:
.Ltmp382:
	.loc	7 1740 3 is_stmt 0              @ ../Drivers/STM32H7xx_HAL_Driver/Src/stm32h7xx_hal_spi.c:1740:3
	ldr	r1, [sp, #8]
	movs	r0, #0
	strb.w	r0, [r1, #128]
	b	.LBB10_21
.Ltmp383:
.LBB10_21:
	.loc	7 1743 3 is_stmt 1              @ ../Drivers/STM32H7xx_HAL_Driver/Src/stm32h7xx_hal_spi.c:1743:3
	ldr	r0, [sp, #8]
	ldr	r1, [r0]
	ldr	r0, [r1, #16]
	movw	r2, #1834
	orrs	r0, r2
	str	r0, [r1, #16]
.Ltmp384:
	.loc	7 1745 7                        @ ../Drivers/STM32H7xx_HAL_Driver/Src/stm32h7xx_hal_spi.c:1745:7
	ldr	r0, [sp, #8]
	.loc	7 1745 18 is_stmt 0             @ ../Drivers/STM32H7xx_HAL_Driver/Src/stm32h7xx_hal_spi.c:1745:18
	ldr	r0, [r0, #4]
.Ltmp385:
	.loc	7 1745 7                        @ ../Drivers/STM32H7xx_HAL_Driver/Src/stm32h7xx_hal_spi.c:1745:7
	cmp.w	r0, #4194304
	bne	.LBB10_23
	b	.LBB10_22
.LBB10_22:
.Ltmp386:
	.loc	7 1748 5 is_stmt 1              @ ../Drivers/STM32H7xx_HAL_Driver/Src/stm32h7xx_hal_spi.c:1748:5
	ldr	r0, [sp, #8]
	ldr	r1, [r0]
	ldr	r0, [r1]
	orr	r0, r0, #512
	str	r0, [r1]
	.loc	7 1749 3                        @ ../Drivers/STM32H7xx_HAL_Driver/Src/stm32h7xx_hal_spi.c:1749:3
	b	.LBB10_23
.Ltmp387:
.LBB10_23:
	.loc	7 0 3 is_stmt 0                 @ ../Drivers/STM32H7xx_HAL_Driver/Src/stm32h7xx_hal_spi.c:0:3
	movs	r0, #0
	.loc	7 1751 3 is_stmt 1              @ ../Drivers/STM32H7xx_HAL_Driver/Src/stm32h7xx_hal_spi.c:1751:3
	strb.w	r0, [sp, #15]
	b	.LBB10_24
.LBB10_24:
	.loc	7 1752 1                        @ ../Drivers/STM32H7xx_HAL_Driver/Src/stm32h7xx_hal_spi.c:1752:1
	ldrb.w	r0, [sp, #15]
	.loc	7 1752 1 epilogue_begin is_stmt 0 @ ../Drivers/STM32H7xx_HAL_Driver/Src/stm32h7xx_hal_spi.c:1752:1
	add	sp, #16
	bx	lr
.Ltmp388:
.Lfunc_end10:
	.size	HAL_SPI_Transmit_IT, .Lfunc_end10-HAL_SPI_Transmit_IT
	.cfi_endproc
	.cantunwind
	.fnend
                                        @ -- End function
	.section	.text.SPI_TxISR_32BIT,"ax",%progbits
	.p2align	3                               @ -- Begin function SPI_TxISR_32BIT
	.type	SPI_TxISR_32BIT,%function
	.code	16                              @ @SPI_TxISR_32BIT
	.thumb_func
SPI_TxISR_32BIT:
.Lfunc_begin11:
	.loc	7 3855 0 is_stmt 1              @ ../Drivers/STM32H7xx_HAL_Driver/Src/stm32h7xx_hal_spi.c:3855:0
	.fnstart
	.cfi_startproc
@ %bb.0:
	.pad	#4
	sub	sp, #4
	.cfi_def_cfa_offset 4
	str	r0, [sp]
.Ltmp389:
	.loc	7 3857 7 prologue_end           @ ../Drivers/STM32H7xx_HAL_Driver/Src/stm32h7xx_hal_spi.c:3857:7
	ldr	r0, [sp]
	.loc	7 3857 13 is_stmt 0             @ ../Drivers/STM32H7xx_HAL_Driver/Src/stm32h7xx_hal_spi.c:3857:13
	ldrh.w	r0, [r0, #98]
.Ltmp390:
	.loc	7 3857 7                        @ ../Drivers/STM32H7xx_HAL_Driver/Src/stm32h7xx_hal_spi.c:3857:7
	cbz	r0, .LBB11_2
	b	.LBB11_1
.LBB11_1:
.Ltmp391:
	.loc	7 3859 69 is_stmt 1             @ ../Drivers/STM32H7xx_HAL_Driver/Src/stm32h7xx_hal_spi.c:3859:69
	ldr	r0, [sp]
	.loc	7 3859 31 is_stmt 0             @ ../Drivers/STM32H7xx_HAL_Driver/Src/stm32h7xx_hal_spi.c:3859:31
	ldr	r1, [r0]
	.loc	7 3859 75                       @ ../Drivers/STM32H7xx_HAL_Driver/Src/stm32h7xx_hal_spi.c:3859:75
	ldr	r0, [r0, #92]
	.loc	7 3859 49                       @ ../Drivers/STM32H7xx_HAL_Driver/Src/stm32h7xx_hal_spi.c:3859:49
	ldr	r0, [r0]
	.loc	7 3859 47                       @ ../Drivers/STM32H7xx_HAL_Driver/Src/stm32h7xx_hal_spi.c:3859:47
	str	r0, [r1, #32]
	.loc	7 3860 5 is_stmt 1              @ ../Drivers/STM32H7xx_HAL_Driver/Src/stm32h7xx_hal_spi.c:3860:5
	ldr	r1, [sp]
	.loc	7 3860 22 is_stmt 0             @ ../Drivers/STM32H7xx_HAL_Driver/Src/stm32h7xx_hal_spi.c:3860:22
	ldr	r0, [r1, #92]
	adds	r0, #4
	str	r0, [r1, #92]
	.loc	7 3861 5 is_stmt 1              @ ../Drivers/STM32H7xx_HAL_Driver/Src/stm32h7xx_hal_spi.c:3861:5
	ldr	r1, [sp]
	.loc	7 3861 22 is_stmt 0             @ ../Drivers/STM32H7xx_HAL_Driver/Src/stm32h7xx_hal_spi.c:3861:22
	ldrh.w	r0, [r1, #98]
	subs	r0, #1
	strh.w	r0, [r1, #98]
	.loc	7 3862 3 is_stmt 1              @ ../Drivers/STM32H7xx_HAL_Driver/Src/stm32h7xx_hal_spi.c:3862:3
	b	.LBB11_3
.Ltmp392:
.LBB11_2:
	.loc	7 3887 5                        @ ../Drivers/STM32H7xx_HAL_Driver/Src/stm32h7xx_hal_spi.c:3887:5
	ldr	r0, [sp]
	ldr	r1, [r0]
	ldr	r0, [r1, #16]
	bic	r0, r0, #2
	str	r0, [r1, #16]
	b	.LBB11_3
.Ltmp393:
.LBB11_3:
	.loc	7 3890 1 epilogue_begin         @ ../Drivers/STM32H7xx_HAL_Driver/Src/stm32h7xx_hal_spi.c:3890:1
	add	sp, #4
	bx	lr
.Ltmp394:
.Lfunc_end11:
	.size	SPI_TxISR_32BIT, .Lfunc_end11-SPI_TxISR_32BIT
	.cfi_endproc
	.cantunwind
	.fnend
                                        @ -- End function
	.section	.text.SPI_TxISR_16BIT,"ax",%progbits
	.p2align	3                               @ -- Begin function SPI_TxISR_16BIT
	.type	SPI_TxISR_16BIT,%function
	.code	16                              @ @SPI_TxISR_16BIT
	.thumb_func
SPI_TxISR_16BIT:
.Lfunc_begin12:
	.loc	7 3805 0                        @ ../Drivers/STM32H7xx_HAL_Driver/Src/stm32h7xx_hal_spi.c:3805:0
	.fnstart
	.cfi_startproc
@ %bb.0:
	.pad	#8
	sub	sp, #8
	.cfi_def_cfa_offset 8
	str	r0, [sp, #4]
.Ltmp395:
	.loc	7 3807 7 prologue_end           @ ../Drivers/STM32H7xx_HAL_Driver/Src/stm32h7xx_hal_spi.c:3807:7
	ldr	r0, [sp, #4]
	.loc	7 3807 13 is_stmt 0             @ ../Drivers/STM32H7xx_HAL_Driver/Src/stm32h7xx_hal_spi.c:3807:13
	ldrh.w	r0, [r0, #98]
.Ltmp396:
	.loc	7 3807 7                        @ ../Drivers/STM32H7xx_HAL_Driver/Src/stm32h7xx_hal_spi.c:3807:7
	cbz	r0, .LBB12_2
	b	.LBB12_1
.LBB12_1:
.Ltmp397:
	.loc	7 3810 55 is_stmt 1             @ ../Drivers/STM32H7xx_HAL_Driver/Src/stm32h7xx_hal_spi.c:3810:55
	ldr	r0, [sp, #4]
	.loc	7 3810 61 is_stmt 0             @ ../Drivers/STM32H7xx_HAL_Driver/Src/stm32h7xx_hal_spi.c:3810:61
	ldr	r0, [r0]
	.loc	7 3810 71                       @ ../Drivers/STM32H7xx_HAL_Driver/Src/stm32h7xx_hal_spi.c:3810:71
	adds	r0, #32
	.loc	7 3810 20                       @ ../Drivers/STM32H7xx_HAL_Driver/Src/stm32h7xx_hal_spi.c:3810:20
	str	r0, [sp]
	.loc	7 3812 41 is_stmt 1             @ ../Drivers/STM32H7xx_HAL_Driver/Src/stm32h7xx_hal_spi.c:3812:41
	ldr	r0, [sp, #4]
	.loc	7 3812 47 is_stmt 0             @ ../Drivers/STM32H7xx_HAL_Driver/Src/stm32h7xx_hal_spi.c:3812:47
	ldr	r0, [r0, #92]
	.loc	7 3812 21                       @ ../Drivers/STM32H7xx_HAL_Driver/Src/stm32h7xx_hal_spi.c:3812:21
	ldrh	r0, [r0]
	.loc	7 3812 6                        @ ../Drivers/STM32H7xx_HAL_Driver/Src/stm32h7xx_hal_spi.c:3812:6
	ldr	r1, [sp]
	.loc	7 3812 19                       @ ../Drivers/STM32H7xx_HAL_Driver/Src/stm32h7xx_hal_spi.c:3812:19
	strh	r0, [r1]
	.loc	7 3816 5 is_stmt 1              @ ../Drivers/STM32H7xx_HAL_Driver/Src/stm32h7xx_hal_spi.c:3816:5
	ldr	r1, [sp, #4]
	.loc	7 3816 22 is_stmt 0             @ ../Drivers/STM32H7xx_HAL_Driver/Src/stm32h7xx_hal_spi.c:3816:22
	ldr	r0, [r1, #92]
	adds	r0, #2
	str	r0, [r1, #92]
	.loc	7 3817 5 is_stmt 1              @ ../Drivers/STM32H7xx_HAL_Driver/Src/stm32h7xx_hal_spi.c:3817:5
	ldr	r1, [sp, #4]
	.loc	7 3817 22 is_stmt 0             @ ../Drivers/STM32H7xx_HAL_Driver/Src/stm32h7xx_hal_spi.c:3817:22
	ldrh.w	r0, [r1, #98]
	subs	r0, #1
	strh.w	r0, [r1, #98]
	.loc	7 3818 3 is_stmt 1              @ ../Drivers/STM32H7xx_HAL_Driver/Src/stm32h7xx_hal_spi.c:3818:3
	b	.LBB12_3
.Ltmp398:
.LBB12_2:
	.loc	7 3843 5                        @ ../Drivers/STM32H7xx_HAL_Driver/Src/stm32h7xx_hal_spi.c:3843:5
	ldr	r0, [sp, #4]
	ldr	r1, [r0]
	ldr	r0, [r1, #16]
	bic	r0, r0, #2
	str	r0, [r1, #16]
	b	.LBB12_3
.Ltmp399:
.LBB12_3:
	.loc	7 3846 1 epilogue_begin         @ ../Drivers/STM32H7xx_HAL_Driver/Src/stm32h7xx_hal_spi.c:3846:1
	add	sp, #8
	bx	lr
.Ltmp400:
.Lfunc_end12:
	.size	SPI_TxISR_16BIT, .Lfunc_end12-SPI_TxISR_16BIT
	.cfi_endproc
	.cantunwind
	.fnend
                                        @ -- End function
	.section	.text.SPI_TxISR_8BIT,"ax",%progbits
	.p2align	3                               @ -- Begin function SPI_TxISR_8BIT
	.type	SPI_TxISR_8BIT,%function
	.code	16                              @ @SPI_TxISR_8BIT
	.thumb_func
SPI_TxISR_8BIT:
.Lfunc_begin13:
	.loc	7 3761 0                        @ ../Drivers/STM32H7xx_HAL_Driver/Src/stm32h7xx_hal_spi.c:3761:0
	.fnstart
	.cfi_startproc
@ %bb.0:
	.pad	#4
	sub	sp, #4
	.cfi_def_cfa_offset 4
	str	r0, [sp]
.Ltmp401:
	.loc	7 3763 7 prologue_end           @ ../Drivers/STM32H7xx_HAL_Driver/Src/stm32h7xx_hal_spi.c:3763:7
	ldr	r0, [sp]
	.loc	7 3763 13 is_stmt 0             @ ../Drivers/STM32H7xx_HAL_Driver/Src/stm32h7xx_hal_spi.c:3763:13
	ldrh.w	r0, [r0, #98]
.Ltmp402:
	.loc	7 3763 7                        @ ../Drivers/STM32H7xx_HAL_Driver/Src/stm32h7xx_hal_spi.c:3763:7
	cbz	r0, .LBB13_2
	b	.LBB13_1
.LBB13_1:
.Ltmp403:
	.loc	7 3765 65 is_stmt 1             @ ../Drivers/STM32H7xx_HAL_Driver/Src/stm32h7xx_hal_spi.c:3765:65
	ldr	r0, [sp]
	.loc	7 3765 29 is_stmt 0             @ ../Drivers/STM32H7xx_HAL_Driver/Src/stm32h7xx_hal_spi.c:3765:29
	ldr	r1, [r0]
	.loc	7 3765 71                       @ ../Drivers/STM32H7xx_HAL_Driver/Src/stm32h7xx_hal_spi.c:3765:71
	ldr	r0, [r0, #92]
	.loc	7 3765 46                       @ ../Drivers/STM32H7xx_HAL_Driver/Src/stm32h7xx_hal_spi.c:3765:46
	ldrb	r0, [r0]
	.loc	7 3765 44                       @ ../Drivers/STM32H7xx_HAL_Driver/Src/stm32h7xx_hal_spi.c:3765:44
	strb.w	r0, [r1, #32]
	.loc	7 3766 5 is_stmt 1              @ ../Drivers/STM32H7xx_HAL_Driver/Src/stm32h7xx_hal_spi.c:3766:5
	ldr	r1, [sp]
	.loc	7 3766 22 is_stmt 0             @ ../Drivers/STM32H7xx_HAL_Driver/Src/stm32h7xx_hal_spi.c:3766:22
	ldr	r0, [r1, #92]
	adds	r0, #1
	str	r0, [r1, #92]
	.loc	7 3767 5 is_stmt 1              @ ../Drivers/STM32H7xx_HAL_Driver/Src/stm32h7xx_hal_spi.c:3767:5
	ldr	r1, [sp]
	.loc	7 3767 22 is_stmt 0             @ ../Drivers/STM32H7xx_HAL_Driver/Src/stm32h7xx_hal_spi.c:3767:22
	ldrh.w	r0, [r1, #98]
	subs	r0, #1
	strh.w	r0, [r1, #98]
	.loc	7 3768 3 is_stmt 1              @ ../Drivers/STM32H7xx_HAL_Driver/Src/stm32h7xx_hal_spi.c:3768:3
	b	.LBB13_3
.Ltmp404:
.LBB13_2:
	.loc	7 3793 5                        @ ../Drivers/STM32H7xx_HAL_Driver/Src/stm32h7xx_hal_spi.c:3793:5
	ldr	r0, [sp]
	ldr	r1, [r0]
	ldr	r0, [r1, #16]
	bic	r0, r0, #2
	str	r0, [r1, #16]
	b	.LBB13_3
.Ltmp405:
.LBB13_3:
	.loc	7 3796 1 epilogue_begin         @ ../Drivers/STM32H7xx_HAL_Driver/Src/stm32h7xx_hal_spi.c:3796:1
	add	sp, #4
	bx	lr
.Ltmp406:
.Lfunc_end13:
	.size	SPI_TxISR_8BIT, .Lfunc_end13-SPI_TxISR_8BIT
	.cfi_endproc
	.cantunwind
	.fnend
                                        @ -- End function
	.section	.text.HAL_SPI_Receive_IT,"ax",%progbits
	.hidden	HAL_SPI_Receive_IT              @ -- Begin function HAL_SPI_Receive_IT
	.globl	HAL_SPI_Receive_IT
	.p2align	3
	.type	HAL_SPI_Receive_IT,%function
	.code	16                              @ @HAL_SPI_Receive_IT
	.thumb_func
HAL_SPI_Receive_IT:
.Lfunc_begin14:
	.loc	7 1763 0                        @ ../Drivers/STM32H7xx_HAL_Driver/Src/stm32h7xx_hal_spi.c:1763:0
	.fnstart
	.cfi_startproc
@ %bb.0:
	.pad	#16
	sub	sp, #16
	.cfi_def_cfa_offset 16
                                        @ kill: def $r3 killed $r2
	str	r0, [sp, #8]
	str	r1, [sp, #4]
	strh.w	r2, [sp, #2]
.Ltmp407:
	.loc	7 1767 7 prologue_end           @ ../Drivers/STM32H7xx_HAL_Driver/Src/stm32h7xx_hal_spi.c:1767:7
	ldr	r0, [sp, #8]
	.loc	7 1767 13 is_stmt 0             @ ../Drivers/STM32H7xx_HAL_Driver/Src/stm32h7xx_hal_spi.c:1767:13
	ldrb.w	r0, [r0, #129]
.Ltmp408:
	.loc	7 1767 7                        @ ../Drivers/STM32H7xx_HAL_Driver/Src/stm32h7xx_hal_spi.c:1767:7
	cmp	r0, #1
	beq	.LBB14_2
	b	.LBB14_1
.LBB14_1:
	.loc	7 0 7                           @ ../Drivers/STM32H7xx_HAL_Driver/Src/stm32h7xx_hal_spi.c:0:7
	movs	r0, #2
.Ltmp409:
	.loc	7 1769 5 is_stmt 1              @ ../Drivers/STM32H7xx_HAL_Driver/Src/stm32h7xx_hal_spi.c:1769:5
	strb.w	r0, [sp, #15]
	b	.LBB14_24
.Ltmp410:
.LBB14_2:
	.loc	7 1772 8                        @ ../Drivers/STM32H7xx_HAL_Driver/Src/stm32h7xx_hal_spi.c:1772:8
	ldr	r0, [sp, #4]
	.loc	7 1772 23 is_stmt 0             @ ../Drivers/STM32H7xx_HAL_Driver/Src/stm32h7xx_hal_spi.c:1772:23
	cbz	r0, .LBB14_4
	b	.LBB14_3
.LBB14_3:
	.loc	7 1772 27                       @ ../Drivers/STM32H7xx_HAL_Driver/Src/stm32h7xx_hal_spi.c:1772:27
	ldrh.w	r0, [sp, #2]
.Ltmp411:
	.loc	7 1772 7                        @ ../Drivers/STM32H7xx_HAL_Driver/Src/stm32h7xx_hal_spi.c:1772:7
	cbnz	r0, .LBB14_5
	b	.LBB14_4
.LBB14_4:
	.loc	7 0 7                           @ ../Drivers/STM32H7xx_HAL_Driver/Src/stm32h7xx_hal_spi.c:0:7
	movs	r0, #1
.Ltmp412:
	.loc	7 1774 5 is_stmt 1              @ ../Drivers/STM32H7xx_HAL_Driver/Src/stm32h7xx_hal_spi.c:1774:5
	strb.w	r0, [sp, #15]
	b	.LBB14_24
.Ltmp413:
.LBB14_5:
	.loc	7 1778 3                        @ ../Drivers/STM32H7xx_HAL_Driver/Src/stm32h7xx_hal_spi.c:1778:3
	b	.LBB14_6
.LBB14_6:
.Ltmp414:
	.loc	7 1778 3 is_stmt 0              @ ../Drivers/STM32H7xx_HAL_Driver/Src/stm32h7xx_hal_spi.c:1778:3
	ldr	r0, [sp, #8]
	ldrb.w	r0, [r0, #128]
.Ltmp415:
	.loc	7 1778 3                        @ ../Drivers/STM32H7xx_HAL_Driver/Src/stm32h7xx_hal_spi.c:1778:3
	cmp	r0, #1
	bne	.LBB14_8
	b	.LBB14_7
.LBB14_7:
	.loc	7 0 3                           @ ../Drivers/STM32H7xx_HAL_Driver/Src/stm32h7xx_hal_spi.c:0:3
	movs	r0, #2
.Ltmp416:
	.loc	7 1778 3                        @ ../Drivers/STM32H7xx_HAL_Driver/Src/stm32h7xx_hal_spi.c:1778:3
	strb.w	r0, [sp, #15]
	b	.LBB14_24
.Ltmp417:
.LBB14_8:
	.loc	7 1778 3                        @ ../Drivers/STM32H7xx_HAL_Driver/Src/stm32h7xx_hal_spi.c:1778:3
	ldr	r1, [sp, #8]
	movs	r0, #1
	strb.w	r0, [r1, #128]
	b	.LBB14_9
.Ltmp418:
.LBB14_9:
	.loc	7 1778 3                        @ ../Drivers/STM32H7xx_HAL_Driver/Src/stm32h7xx_hal_spi.c:1778:3
	b	.LBB14_10
.Ltmp419:
.LBB14_10:
	.loc	7 1781 3 is_stmt 1              @ ../Drivers/STM32H7xx_HAL_Driver/Src/stm32h7xx_hal_spi.c:1781:3
	ldr	r1, [sp, #8]
	movs	r0, #4
	.loc	7 1781 21 is_stmt 0             @ ../Drivers/STM32H7xx_HAL_Driver/Src/stm32h7xx_hal_spi.c:1781:21
	strb.w	r0, [r1, #129]
	.loc	7 1782 3 is_stmt 1              @ ../Drivers/STM32H7xx_HAL_Driver/Src/stm32h7xx_hal_spi.c:1782:3
	ldr	r1, [sp, #8]
	movs	r0, #0
	.loc	7 1782 21 is_stmt 0             @ ../Drivers/STM32H7xx_HAL_Driver/Src/stm32h7xx_hal_spi.c:1782:21
	str.w	r0, [r1, #132]
	.loc	7 1783 34 is_stmt 1             @ ../Drivers/STM32H7xx_HAL_Driver/Src/stm32h7xx_hal_spi.c:1783:34
	ldr	r1, [sp, #4]
	.loc	7 1783 3 is_stmt 0              @ ../Drivers/STM32H7xx_HAL_Driver/Src/stm32h7xx_hal_spi.c:1783:3
	ldr	r2, [sp, #8]
	.loc	7 1783 21                       @ ../Drivers/STM32H7xx_HAL_Driver/Src/stm32h7xx_hal_spi.c:1783:21
	str	r1, [r2, #100]
	.loc	7 1784 23 is_stmt 1             @ ../Drivers/STM32H7xx_HAL_Driver/Src/stm32h7xx_hal_spi.c:1784:23
	ldrh.w	r1, [sp, #2]
	.loc	7 1784 3 is_stmt 0              @ ../Drivers/STM32H7xx_HAL_Driver/Src/stm32h7xx_hal_spi.c:1784:3
	ldr	r2, [sp, #8]
	.loc	7 1784 21                       @ ../Drivers/STM32H7xx_HAL_Driver/Src/stm32h7xx_hal_spi.c:1784:21
	strh.w	r1, [r2, #104]
	.loc	7 1785 23 is_stmt 1             @ ../Drivers/STM32H7xx_HAL_Driver/Src/stm32h7xx_hal_spi.c:1785:23
	ldrh.w	r1, [sp, #2]
	.loc	7 1785 3 is_stmt 0              @ ../Drivers/STM32H7xx_HAL_Driver/Src/stm32h7xx_hal_spi.c:1785:3
	ldr	r2, [sp, #8]
	.loc	7 1785 21                       @ ../Drivers/STM32H7xx_HAL_Driver/Src/stm32h7xx_hal_spi.c:1785:21
	strh.w	r1, [r2, #106]
	.loc	7 1788 3 is_stmt 1              @ ../Drivers/STM32H7xx_HAL_Driver/Src/stm32h7xx_hal_spi.c:1788:3
	ldr	r1, [sp, #8]
	.loc	7 1788 21 is_stmt 0             @ ../Drivers/STM32H7xx_HAL_Driver/Src/stm32h7xx_hal_spi.c:1788:21
	str	r0, [r1, #92]
	.loc	7 1789 3 is_stmt 1              @ ../Drivers/STM32H7xx_HAL_Driver/Src/stm32h7xx_hal_spi.c:1789:3
	ldr	r1, [sp, #8]
	.loc	7 1789 21 is_stmt 0             @ ../Drivers/STM32H7xx_HAL_Driver/Src/stm32h7xx_hal_spi.c:1789:21
	strh.w	r0, [r1, #96]
	.loc	7 1790 3 is_stmt 1              @ ../Drivers/STM32H7xx_HAL_Driver/Src/stm32h7xx_hal_spi.c:1790:3
	ldr	r1, [sp, #8]
	.loc	7 1790 21 is_stmt 0             @ ../Drivers/STM32H7xx_HAL_Driver/Src/stm32h7xx_hal_spi.c:1790:21
	strh.w	r0, [r1, #98]
	.loc	7 1791 3 is_stmt 1              @ ../Drivers/STM32H7xx_HAL_Driver/Src/stm32h7xx_hal_spi.c:1791:3
	ldr	r1, [sp, #8]
	.loc	7 1791 21 is_stmt 0             @ ../Drivers/STM32H7xx_HAL_Driver/Src/stm32h7xx_hal_spi.c:1791:21
	str	r0, [r1, #116]
.Ltmp420:
	.loc	7 1800 7 is_stmt 1              @ ../Drivers/STM32H7xx_HAL_Driver/Src/stm32h7xx_hal_spi.c:1800:7
	ldr	r0, [sp, #8]
	.loc	7 1800 18 is_stmt 0             @ ../Drivers/STM32H7xx_HAL_Driver/Src/stm32h7xx_hal_spi.c:1800:18
	ldr	r0, [r0, #12]
.Ltmp421:
	.loc	7 1800 7                        @ ../Drivers/STM32H7xx_HAL_Driver/Src/stm32h7xx_hal_spi.c:1800:7
	cmp	r0, #16
	blo	.LBB14_12
	b	.LBB14_11
.LBB14_11:
.Ltmp422:
	.loc	7 1802 5 is_stmt 1              @ ../Drivers/STM32H7xx_HAL_Driver/Src/stm32h7xx_hal_spi.c:1802:5
	ldr	r1, [sp, #8]
	.loc	7 1802 17 is_stmt 0             @ ../Drivers/STM32H7xx_HAL_Driver/Src/stm32h7xx_hal_spi.c:1802:17
	movw	r0, :lower16:SPI_RxISR_32BIT
	movt	r0, :upper16:SPI_RxISR_32BIT
	str	r0, [r1, #112]
	.loc	7 1803 3 is_stmt 1              @ ../Drivers/STM32H7xx_HAL_Driver/Src/stm32h7xx_hal_spi.c:1803:3
	b	.LBB14_16
.Ltmp423:
.LBB14_12:
	.loc	7 1804 12                       @ ../Drivers/STM32H7xx_HAL_Driver/Src/stm32h7xx_hal_spi.c:1804:12
	ldr	r0, [sp, #8]
	.loc	7 1804 23 is_stmt 0             @ ../Drivers/STM32H7xx_HAL_Driver/Src/stm32h7xx_hal_spi.c:1804:23
	ldr	r0, [r0, #12]
.Ltmp424:
	.loc	7 1804 12                       @ ../Drivers/STM32H7xx_HAL_Driver/Src/stm32h7xx_hal_spi.c:1804:12
	cmp	r0, #8
	blo	.LBB14_14
	b	.LBB14_13
.LBB14_13:
.Ltmp425:
	.loc	7 1806 5 is_stmt 1              @ ../Drivers/STM32H7xx_HAL_Driver/Src/stm32h7xx_hal_spi.c:1806:5
	ldr	r1, [sp, #8]
	.loc	7 1806 17 is_stmt 0             @ ../Drivers/STM32H7xx_HAL_Driver/Src/stm32h7xx_hal_spi.c:1806:17
	movw	r0, :lower16:SPI_RxISR_16BIT
	movt	r0, :upper16:SPI_RxISR_16BIT
	str	r0, [r1, #112]
	.loc	7 1807 3 is_stmt 1              @ ../Drivers/STM32H7xx_HAL_Driver/Src/stm32h7xx_hal_spi.c:1807:3
	b	.LBB14_15
.Ltmp426:
.LBB14_14:
	.loc	7 1810 5                        @ ../Drivers/STM32H7xx_HAL_Driver/Src/stm32h7xx_hal_spi.c:1810:5
	ldr	r1, [sp, #8]
	.loc	7 1810 17 is_stmt 0             @ ../Drivers/STM32H7xx_HAL_Driver/Src/stm32h7xx_hal_spi.c:1810:17
	movw	r0, :lower16:SPI_RxISR_8BIT
	movt	r0, :upper16:SPI_RxISR_8BIT
	str	r0, [r1, #112]
	b	.LBB14_15
.Ltmp427:
.LBB14_15:
	.loc	7 0 17                          @ ../Drivers/STM32H7xx_HAL_Driver/Src/stm32h7xx_hal_spi.c:0:17
	b	.LBB14_16
.LBB14_16:
.Ltmp428:
	.loc	7 1814 7 is_stmt 1              @ ../Drivers/STM32H7xx_HAL_Driver/Src/stm32h7xx_hal_spi.c:1814:7
	ldr	r0, [sp, #8]
	.loc	7 1814 18 is_stmt 0             @ ../Drivers/STM32H7xx_HAL_Driver/Src/stm32h7xx_hal_spi.c:1814:18
	ldr	r0, [r0, #8]
.Ltmp429:
	.loc	7 1814 7                        @ ../Drivers/STM32H7xx_HAL_Driver/Src/stm32h7xx_hal_spi.c:1814:7
	cmp.w	r0, #393216
	bne	.LBB14_18
	b	.LBB14_17
.LBB14_17:
.Ltmp430:
	.loc	7 1816 5 is_stmt 1              @ ../Drivers/STM32H7xx_HAL_Driver/Src/stm32h7xx_hal_spi.c:1816:5
	ldr	r0, [sp, #8]
	ldr	r1, [r0]
	ldr	r0, [r1]
	bic	r0, r0, #2048
	str	r0, [r1]
	.loc	7 1817 3                        @ ../Drivers/STM32H7xx_HAL_Driver/Src/stm32h7xx_hal_spi.c:1817:3
	b	.LBB14_19
.Ltmp431:
.LBB14_18:
	.loc	7 1820 5                        @ ../Drivers/STM32H7xx_HAL_Driver/Src/stm32h7xx_hal_spi.c:1820:5
	ldr	r0, [sp, #8]
	ldr	r0, [r0]
	ldr	r0, [r0, #12]
	movs	r1, #2
	bfi	r0, r1, #17, #2
	ldr	r1, [sp, #8]
	ldr	r1, [r1]
	str	r0, [r1, #12]
	b	.LBB14_19
.Ltmp432:
.LBB14_19:
	.loc	7 1828 3                        @ ../Drivers/STM32H7xx_HAL_Driver/Src/stm32h7xx_hal_spi.c:1828:3
	ldr	r0, [sp, #8]
	ldr	r0, [r0]
	ldr	r0, [r0, #4]
	movw	r1, #65535
	bics	r0, r1
	ldrh.w	r1, [sp, #2]
	add	r0, r1
	ldr	r1, [sp, #8]
	ldr	r1, [r1]
	str	r0, [r1, #4]
	.loc	7 1831 3                        @ ../Drivers/STM32H7xx_HAL_Driver/Src/stm32h7xx_hal_spi.c:1831:3
	ldr	r0, [sp, #8]
	ldr	r1, [r0]
	ldr	r0, [r1]
	orr	r0, r0, #1
	str	r0, [r1]
	.loc	7 1834 3                        @ ../Drivers/STM32H7xx_HAL_Driver/Src/stm32h7xx_hal_spi.c:1834:3
	b	.LBB14_20
.LBB14_20:
.Ltmp433:
	.loc	7 1834 3 is_stmt 0              @ ../Drivers/STM32H7xx_HAL_Driver/Src/stm32h7xx_hal_spi.c:1834:3
	ldr	r1, [sp, #8]
	movs	r0, #0
	strb.w	r0, [r1, #128]
	b	.LBB14_21
.Ltmp434:
.LBB14_21:
	.loc	7 1837 3 is_stmt 1              @ ../Drivers/STM32H7xx_HAL_Driver/Src/stm32h7xx_hal_spi.c:1837:3
	ldr	r0, [sp, #8]
	ldr	r1, [r0]
	ldr	r0, [r1, #16]
	movw	r2, #1865
	orrs	r0, r2
	str	r0, [r1, #16]
.Ltmp435:
	.loc	7 1839 7                        @ ../Drivers/STM32H7xx_HAL_Driver/Src/stm32h7xx_hal_spi.c:1839:7
	ldr	r0, [sp, #8]
	.loc	7 1839 18 is_stmt 0             @ ../Drivers/STM32H7xx_HAL_Driver/Src/stm32h7xx_hal_spi.c:1839:18
	ldr	r0, [r0, #4]
.Ltmp436:
	.loc	7 1839 7                        @ ../Drivers/STM32H7xx_HAL_Driver/Src/stm32h7xx_hal_spi.c:1839:7
	cmp.w	r0, #4194304
	bne	.LBB14_23
	b	.LBB14_22
.LBB14_22:
.Ltmp437:
	.loc	7 1842 5 is_stmt 1              @ ../Drivers/STM32H7xx_HAL_Driver/Src/stm32h7xx_hal_spi.c:1842:5
	ldr	r0, [sp, #8]
	ldr	r1, [r0]
	ldr	r0, [r1]
	orr	r0, r0, #512
	str	r0, [r1]
	.loc	7 1843 3                        @ ../Drivers/STM32H7xx_HAL_Driver/Src/stm32h7xx_hal_spi.c:1843:3
	b	.LBB14_23
.Ltmp438:
.LBB14_23:
	.loc	7 0 3 is_stmt 0                 @ ../Drivers/STM32H7xx_HAL_Driver/Src/stm32h7xx_hal_spi.c:0:3
	movs	r0, #0
	.loc	7 1845 3 is_stmt 1              @ ../Drivers/STM32H7xx_HAL_Driver/Src/stm32h7xx_hal_spi.c:1845:3
	strb.w	r0, [sp, #15]
	b	.LBB14_24
.LBB14_24:
	.loc	7 1846 1                        @ ../Drivers/STM32H7xx_HAL_Driver/Src/stm32h7xx_hal_spi.c:1846:1
	ldrb.w	r0, [sp, #15]
	.loc	7 1846 1 epilogue_begin is_stmt 0 @ ../Drivers/STM32H7xx_HAL_Driver/Src/stm32h7xx_hal_spi.c:1846:1
	add	sp, #16
	bx	lr
.Ltmp439:
.Lfunc_end14:
	.size	HAL_SPI_Receive_IT, .Lfunc_end14-HAL_SPI_Receive_IT
	.cfi_endproc
	.cantunwind
	.fnend
                                        @ -- End function
	.section	.text.SPI_RxISR_32BIT,"ax",%progbits
	.p2align	3                               @ -- Begin function SPI_RxISR_32BIT
	.type	SPI_RxISR_32BIT,%function
	.code	16                              @ @SPI_RxISR_32BIT
	.thumb_func
SPI_RxISR_32BIT:
.Lfunc_begin15:
	.loc	7 3723 0 is_stmt 1              @ ../Drivers/STM32H7xx_HAL_Driver/Src/stm32h7xx_hal_spi.c:3723:0
	.fnstart
	.cfi_startproc
@ %bb.0:
	.pad	#4
	sub	sp, #4
	.cfi_def_cfa_offset 4
	str	r0, [sp]
.Ltmp440:
	.loc	7 3725 57 prologue_end          @ ../Drivers/STM32H7xx_HAL_Driver/Src/stm32h7xx_hal_spi.c:3725:57
	ldr	r0, [sp]
	.loc	7 3725 63 is_stmt 0             @ ../Drivers/STM32H7xx_HAL_Driver/Src/stm32h7xx_hal_spi.c:3725:63
	ldr	r0, [r0]
	.loc	7 3725 38                       @ ../Drivers/STM32H7xx_HAL_Driver/Src/stm32h7xx_hal_spi.c:3725:38
	ldr	r0, [r0, #48]
	.loc	7 3725 17                       @ ../Drivers/STM32H7xx_HAL_Driver/Src/stm32h7xx_hal_spi.c:3725:17
	ldr	r1, [sp]
	.loc	7 3725 23                       @ ../Drivers/STM32H7xx_HAL_Driver/Src/stm32h7xx_hal_spi.c:3725:23
	ldr	r1, [r1, #100]
	.loc	7 3725 35                       @ ../Drivers/STM32H7xx_HAL_Driver/Src/stm32h7xx_hal_spi.c:3725:35
	str	r0, [r1]
	.loc	7 3726 3 is_stmt 1              @ ../Drivers/STM32H7xx_HAL_Driver/Src/stm32h7xx_hal_spi.c:3726:3
	ldr	r1, [sp]
	.loc	7 3726 20 is_stmt 0             @ ../Drivers/STM32H7xx_HAL_Driver/Src/stm32h7xx_hal_spi.c:3726:20
	ldr	r0, [r1, #100]
	adds	r0, #4
	str	r0, [r1, #100]
	.loc	7 3727 3 is_stmt 1              @ ../Drivers/STM32H7xx_HAL_Driver/Src/stm32h7xx_hal_spi.c:3727:3
	ldr	r1, [sp]
	.loc	7 3727 20 is_stmt 0             @ ../Drivers/STM32H7xx_HAL_Driver/Src/stm32h7xx_hal_spi.c:3727:20
	ldrh.w	r0, [r1, #106]
	subs	r0, #1
	strh.w	r0, [r1, #106]
.Ltmp441:
	.loc	7 3730 7 is_stmt 1              @ ../Drivers/STM32H7xx_HAL_Driver/Src/stm32h7xx_hal_spi.c:3730:7
	ldr	r0, [sp]
	.loc	7 3730 13 is_stmt 0             @ ../Drivers/STM32H7xx_HAL_Driver/Src/stm32h7xx_hal_spi.c:3730:13
	ldrh.w	r0, [r0, #106]
.Ltmp442:
	.loc	7 3730 7                        @ ../Drivers/STM32H7xx_HAL_Driver/Src/stm32h7xx_hal_spi.c:3730:7
	cbnz	r0, .LBB15_2
	b	.LBB15_1
.LBB15_1:
.Ltmp443:
	.loc	7 3748 5 is_stmt 1              @ ../Drivers/STM32H7xx_HAL_Driver/Src/stm32h7xx_hal_spi.c:3748:5
	ldr	r0, [sp]
	ldr	r1, [r0]
	ldr	r0, [r1, #16]
	bic	r0, r0, #1
	str	r0, [r1, #16]
	.loc	7 3750 3                        @ ../Drivers/STM32H7xx_HAL_Driver/Src/stm32h7xx_hal_spi.c:3750:3
	b	.LBB15_2
.Ltmp444:
.LBB15_2:
	.loc	7 3751 1 epilogue_begin         @ ../Drivers/STM32H7xx_HAL_Driver/Src/stm32h7xx_hal_spi.c:3751:1
	add	sp, #4
	bx	lr
.Ltmp445:
.Lfunc_end15:
	.size	SPI_RxISR_32BIT, .Lfunc_end15-SPI_RxISR_32BIT
	.cfi_endproc
	.cantunwind
	.fnend
                                        @ -- End function
	.section	.text.SPI_RxISR_16BIT,"ax",%progbits
	.p2align	3                               @ -- Begin function SPI_RxISR_16BIT
	.type	SPI_RxISR_16BIT,%function
	.code	16                              @ @SPI_RxISR_16BIT
	.thumb_func
SPI_RxISR_16BIT:
.Lfunc_begin16:
	.loc	7 3679 0                        @ ../Drivers/STM32H7xx_HAL_Driver/Src/stm32h7xx_hal_spi.c:3679:0
	.fnstart
	.cfi_startproc
@ %bb.0:
	.pad	#8
	sub	sp, #8
	.cfi_def_cfa_offset 8
	str	r0, [sp, #4]
.Ltmp446:
	.loc	7 3682 53 prologue_end          @ ../Drivers/STM32H7xx_HAL_Driver/Src/stm32h7xx_hal_spi.c:3682:53
	ldr	r0, [sp, #4]
	.loc	7 3682 59 is_stmt 0             @ ../Drivers/STM32H7xx_HAL_Driver/Src/stm32h7xx_hal_spi.c:3682:59
	ldr	r0, [r0]
	.loc	7 3682 69                       @ ../Drivers/STM32H7xx_HAL_Driver/Src/stm32h7xx_hal_spi.c:3682:69
	adds	r0, #48
	.loc	7 3682 18                       @ ../Drivers/STM32H7xx_HAL_Driver/Src/stm32h7xx_hal_spi.c:3682:18
	str	r0, [sp]
	.loc	7 3684 38 is_stmt 1             @ ../Drivers/STM32H7xx_HAL_Driver/Src/stm32h7xx_hal_spi.c:3684:38
	ldr	r0, [sp]
	.loc	7 3684 37 is_stmt 0             @ ../Drivers/STM32H7xx_HAL_Driver/Src/stm32h7xx_hal_spi.c:3684:37
	ldrh	r0, [r0]
	.loc	7 3684 17                       @ ../Drivers/STM32H7xx_HAL_Driver/Src/stm32h7xx_hal_spi.c:3684:17
	ldr	r1, [sp, #4]
	.loc	7 3684 23                       @ ../Drivers/STM32H7xx_HAL_Driver/Src/stm32h7xx_hal_spi.c:3684:23
	ldr	r1, [r1, #100]
	.loc	7 3684 35                       @ ../Drivers/STM32H7xx_HAL_Driver/Src/stm32h7xx_hal_spi.c:3684:35
	strh	r0, [r1]
	.loc	7 3688 3 is_stmt 1              @ ../Drivers/STM32H7xx_HAL_Driver/Src/stm32h7xx_hal_spi.c:3688:3
	ldr	r1, [sp, #4]
	.loc	7 3688 20 is_stmt 0             @ ../Drivers/STM32H7xx_HAL_Driver/Src/stm32h7xx_hal_spi.c:3688:20
	ldr	r0, [r1, #100]
	adds	r0, #2
	str	r0, [r1, #100]
	.loc	7 3689 3 is_stmt 1              @ ../Drivers/STM32H7xx_HAL_Driver/Src/stm32h7xx_hal_spi.c:3689:3
	ldr	r1, [sp, #4]
	.loc	7 3689 20 is_stmt 0             @ ../Drivers/STM32H7xx_HAL_Driver/Src/stm32h7xx_hal_spi.c:3689:20
	ldrh.w	r0, [r1, #106]
	subs	r0, #1
	strh.w	r0, [r1, #106]
.Ltmp447:
	.loc	7 3692 7 is_stmt 1              @ ../Drivers/STM32H7xx_HAL_Driver/Src/stm32h7xx_hal_spi.c:3692:7
	ldr	r0, [sp, #4]
	.loc	7 3692 13 is_stmt 0             @ ../Drivers/STM32H7xx_HAL_Driver/Src/stm32h7xx_hal_spi.c:3692:13
	ldrh.w	r0, [r0, #106]
.Ltmp448:
	.loc	7 3692 7                        @ ../Drivers/STM32H7xx_HAL_Driver/Src/stm32h7xx_hal_spi.c:3692:7
	cbnz	r0, .LBB16_2
	b	.LBB16_1
.LBB16_1:
.Ltmp449:
	.loc	7 3710 5 is_stmt 1              @ ../Drivers/STM32H7xx_HAL_Driver/Src/stm32h7xx_hal_spi.c:3710:5
	ldr	r0, [sp, #4]
	ldr	r1, [r0]
	ldr	r0, [r1, #16]
	bic	r0, r0, #1
	str	r0, [r1, #16]
	.loc	7 3712 3                        @ ../Drivers/STM32H7xx_HAL_Driver/Src/stm32h7xx_hal_spi.c:3712:3
	b	.LBB16_2
.Ltmp450:
.LBB16_2:
	.loc	7 3713 1 epilogue_begin         @ ../Drivers/STM32H7xx_HAL_Driver/Src/stm32h7xx_hal_spi.c:3713:1
	add	sp, #8
	bx	lr
.Ltmp451:
.Lfunc_end16:
	.size	SPI_RxISR_16BIT, .Lfunc_end16-SPI_RxISR_16BIT
	.cfi_endproc
	.cantunwind
	.fnend
                                        @ -- End function
	.section	.text.SPI_RxISR_8BIT,"ax",%progbits
	.p2align	3                               @ -- Begin function SPI_RxISR_8BIT
	.type	SPI_RxISR_8BIT,%function
	.code	16                              @ @SPI_RxISR_8BIT
	.thumb_func
SPI_RxISR_8BIT:
.Lfunc_begin17:
	.loc	7 3641 0                        @ ../Drivers/STM32H7xx_HAL_Driver/Src/stm32h7xx_hal_spi.c:3641:0
	.fnstart
	.cfi_startproc
@ %bb.0:
	.pad	#4
	sub	sp, #4
	.cfi_def_cfa_offset 4
	str	r0, [sp]
.Ltmp452:
	.loc	7 3643 55 prologue_end          @ ../Drivers/STM32H7xx_HAL_Driver/Src/stm32h7xx_hal_spi.c:3643:55
	ldr	r0, [sp]
	.loc	7 3643 61 is_stmt 0             @ ../Drivers/STM32H7xx_HAL_Driver/Src/stm32h7xx_hal_spi.c:3643:61
	ldr	r0, [r0]
	.loc	7 3643 37                       @ ../Drivers/STM32H7xx_HAL_Driver/Src/stm32h7xx_hal_spi.c:3643:37
	ldrb.w	r0, [r0, #48]
	.loc	7 3643 16                       @ ../Drivers/STM32H7xx_HAL_Driver/Src/stm32h7xx_hal_spi.c:3643:16
	ldr	r1, [sp]
	.loc	7 3643 22                       @ ../Drivers/STM32H7xx_HAL_Driver/Src/stm32h7xx_hal_spi.c:3643:22
	ldr	r1, [r1, #100]
	.loc	7 3643 34                       @ ../Drivers/STM32H7xx_HAL_Driver/Src/stm32h7xx_hal_spi.c:3643:34
	strb	r0, [r1]
	.loc	7 3644 3 is_stmt 1              @ ../Drivers/STM32H7xx_HAL_Driver/Src/stm32h7xx_hal_spi.c:3644:3
	ldr	r1, [sp]
	.loc	7 3644 20 is_stmt 0             @ ../Drivers/STM32H7xx_HAL_Driver/Src/stm32h7xx_hal_spi.c:3644:20
	ldr	r0, [r1, #100]
	adds	r0, #1
	str	r0, [r1, #100]
	.loc	7 3645 3 is_stmt 1              @ ../Drivers/STM32H7xx_HAL_Driver/Src/stm32h7xx_hal_spi.c:3645:3
	ldr	r1, [sp]
	.loc	7 3645 20 is_stmt 0             @ ../Drivers/STM32H7xx_HAL_Driver/Src/stm32h7xx_hal_spi.c:3645:20
	ldrh.w	r0, [r1, #106]
	subs	r0, #1
	strh.w	r0, [r1, #106]
.Ltmp453:
	.loc	7 3648 7 is_stmt 1              @ ../Drivers/STM32H7xx_HAL_Driver/Src/stm32h7xx_hal_spi.c:3648:7
	ldr	r0, [sp]
	.loc	7 3648 13 is_stmt 0             @ ../Drivers/STM32H7xx_HAL_Driver/Src/stm32h7xx_hal_spi.c:3648:13
	ldrh.w	r0, [r0, #106]
.Ltmp454:
	.loc	7 3648 7                        @ ../Drivers/STM32H7xx_HAL_Driver/Src/stm32h7xx_hal_spi.c:3648:7
	cbnz	r0, .LBB17_2
	b	.LBB17_1
.LBB17_1:
.Ltmp455:
	.loc	7 3666 5 is_stmt 1              @ ../Drivers/STM32H7xx_HAL_Driver/Src/stm32h7xx_hal_spi.c:3666:5
	ldr	r0, [sp]
	ldr	r1, [r0]
	ldr	r0, [r1, #16]
	bic	r0, r0, #1
	str	r0, [r1, #16]
	.loc	7 3668 3                        @ ../Drivers/STM32H7xx_HAL_Driver/Src/stm32h7xx_hal_spi.c:3668:3
	b	.LBB17_2
.Ltmp456:
.LBB17_2:
	.loc	7 3669 1 epilogue_begin         @ ../Drivers/STM32H7xx_HAL_Driver/Src/stm32h7xx_hal_spi.c:3669:1
	add	sp, #4
	bx	lr
.Ltmp457:
.Lfunc_end17:
	.size	SPI_RxISR_8BIT, .Lfunc_end17-SPI_RxISR_8BIT
	.cfi_endproc
	.cantunwind
	.fnend
                                        @ -- End function
	.section	.text.HAL_SPI_TransmitReceive_IT,"ax",%progbits
	.hidden	HAL_SPI_TransmitReceive_IT      @ -- Begin function HAL_SPI_TransmitReceive_IT
	.globl	HAL_SPI_TransmitReceive_IT
	.p2align	3
	.type	HAL_SPI_TransmitReceive_IT,%function
	.code	16                              @ @HAL_SPI_TransmitReceive_IT
	.thumb_func
HAL_SPI_TransmitReceive_IT:
.Lfunc_begin18:
	.loc	7 1859 0                        @ ../Drivers/STM32H7xx_HAL_Driver/Src/stm32h7xx_hal_spi.c:1859:0
	.fnstart
	.cfi_startproc
@ %bb.0:
	.pad	#32
	sub	sp, #32
	.cfi_def_cfa_offset 32
                                        @ kill: def $r12 killed $r3
	str	r0, [sp, #24]
	str	r1, [sp, #20]
	str	r2, [sp, #16]
	strh.w	r3, [sp, #14]
.Ltmp458:
	.loc	7 1862 53 prologue_end          @ ../Drivers/STM32H7xx_HAL_Driver/Src/stm32h7xx_hal_spi.c:1862:53
	ldr	r0, [sp, #24]
	.loc	7 1862 59 is_stmt 0             @ ../Drivers/STM32H7xx_HAL_Driver/Src/stm32h7xx_hal_spi.c:1862:59
	ldr	r0, [r0]
	.loc	7 1862 69                       @ ../Drivers/STM32H7xx_HAL_Driver/Src/stm32h7xx_hal_spi.c:1862:69
	adds	r0, #32
	.loc	7 1862 18                       @ ../Drivers/STM32H7xx_HAL_Driver/Src/stm32h7xx_hal_spi.c:1862:18
	str	r0, [sp, #4]
.Ltmp459:
	.loc	7 1868 7 is_stmt 1              @ ../Drivers/STM32H7xx_HAL_Driver/Src/stm32h7xx_hal_spi.c:1868:7
	ldr	r0, [sp, #24]
	.loc	7 1868 13 is_stmt 0             @ ../Drivers/STM32H7xx_HAL_Driver/Src/stm32h7xx_hal_spi.c:1868:13
	ldrb.w	r0, [r0, #129]
.Ltmp460:
	.loc	7 1868 7                        @ ../Drivers/STM32H7xx_HAL_Driver/Src/stm32h7xx_hal_spi.c:1868:7
	cmp	r0, #1
	beq	.LBB18_2
	b	.LBB18_1
.LBB18_1:
	.loc	7 0 7                           @ ../Drivers/STM32H7xx_HAL_Driver/Src/stm32h7xx_hal_spi.c:0:7
	movs	r0, #2
.Ltmp461:
	.loc	7 1870 5 is_stmt 1              @ ../Drivers/STM32H7xx_HAL_Driver/Src/stm32h7xx_hal_spi.c:1870:5
	strb.w	r0, [sp, #31]
	b	.LBB18_33
.Ltmp462:
.LBB18_2:
	.loc	7 1873 8                        @ ../Drivers/STM32H7xx_HAL_Driver/Src/stm32h7xx_hal_spi.c:1873:8
	ldr	r0, [sp, #20]
	.loc	7 1873 25 is_stmt 0             @ ../Drivers/STM32H7xx_HAL_Driver/Src/stm32h7xx_hal_spi.c:1873:25
	cbz	r0, .LBB18_5
	b	.LBB18_3
.LBB18_3:
	.loc	7 1873 29                       @ ../Drivers/STM32H7xx_HAL_Driver/Src/stm32h7xx_hal_spi.c:1873:29
	ldr	r0, [sp, #16]
	.loc	7 1873 46                       @ ../Drivers/STM32H7xx_HAL_Driver/Src/stm32h7xx_hal_spi.c:1873:46
	cbz	r0, .LBB18_5
	b	.LBB18_4
.LBB18_4:
	.loc	7 1873 50                       @ ../Drivers/STM32H7xx_HAL_Driver/Src/stm32h7xx_hal_spi.c:1873:50
	ldrh.w	r0, [sp, #14]
.Ltmp463:
	.loc	7 1873 7                        @ ../Drivers/STM32H7xx_HAL_Driver/Src/stm32h7xx_hal_spi.c:1873:7
	cbnz	r0, .LBB18_6
	b	.LBB18_5
.LBB18_5:
	.loc	7 0 7                           @ ../Drivers/STM32H7xx_HAL_Driver/Src/stm32h7xx_hal_spi.c:0:7
	movs	r0, #1
.Ltmp464:
	.loc	7 1875 5 is_stmt 1              @ ../Drivers/STM32H7xx_HAL_Driver/Src/stm32h7xx_hal_spi.c:1875:5
	strb.w	r0, [sp, #31]
	b	.LBB18_33
.Ltmp465:
.LBB18_6:
	.loc	7 1879 3                        @ ../Drivers/STM32H7xx_HAL_Driver/Src/stm32h7xx_hal_spi.c:1879:3
	b	.LBB18_7
.LBB18_7:
.Ltmp466:
	.loc	7 1879 3 is_stmt 0              @ ../Drivers/STM32H7xx_HAL_Driver/Src/stm32h7xx_hal_spi.c:1879:3
	ldr	r0, [sp, #24]
	ldrb.w	r0, [r0, #128]
.Ltmp467:
	.loc	7 1879 3                        @ ../Drivers/STM32H7xx_HAL_Driver/Src/stm32h7xx_hal_spi.c:1879:3
	cmp	r0, #1
	bne	.LBB18_9
	b	.LBB18_8
.LBB18_8:
	.loc	7 0 3                           @ ../Drivers/STM32H7xx_HAL_Driver/Src/stm32h7xx_hal_spi.c:0:3
	movs	r0, #2
.Ltmp468:
	.loc	7 1879 3                        @ ../Drivers/STM32H7xx_HAL_Driver/Src/stm32h7xx_hal_spi.c:1879:3
	strb.w	r0, [sp, #31]
	b	.LBB18_33
.Ltmp469:
.LBB18_9:
	.loc	7 1879 3                        @ ../Drivers/STM32H7xx_HAL_Driver/Src/stm32h7xx_hal_spi.c:1879:3
	ldr	r1, [sp, #24]
	movs	r0, #1
	strb.w	r0, [r1, #128]
	b	.LBB18_10
.Ltmp470:
.LBB18_10:
	.loc	7 1879 3                        @ ../Drivers/STM32H7xx_HAL_Driver/Src/stm32h7xx_hal_spi.c:1879:3
	b	.LBB18_11
.Ltmp471:
.LBB18_11:
	.loc	7 1882 3 is_stmt 1              @ ../Drivers/STM32H7xx_HAL_Driver/Src/stm32h7xx_hal_spi.c:1882:3
	ldr	r1, [sp, #24]
	movs	r0, #5
	.loc	7 1882 21 is_stmt 0             @ ../Drivers/STM32H7xx_HAL_Driver/Src/stm32h7xx_hal_spi.c:1882:21
	strb.w	r0, [r1, #129]
	.loc	7 1883 3 is_stmt 1              @ ../Drivers/STM32H7xx_HAL_Driver/Src/stm32h7xx_hal_spi.c:1883:3
	ldr	r1, [sp, #24]
	movs	r0, #0
	.loc	7 1883 21 is_stmt 0             @ ../Drivers/STM32H7xx_HAL_Driver/Src/stm32h7xx_hal_spi.c:1883:21
	str.w	r0, [r1, #132]
	.loc	7 1884 40 is_stmt 1             @ ../Drivers/STM32H7xx_HAL_Driver/Src/stm32h7xx_hal_spi.c:1884:40
	ldr	r0, [sp, #20]
	.loc	7 1884 3 is_stmt 0              @ ../Drivers/STM32H7xx_HAL_Driver/Src/stm32h7xx_hal_spi.c:1884:3
	ldr	r1, [sp, #24]
	.loc	7 1884 21                       @ ../Drivers/STM32H7xx_HAL_Driver/Src/stm32h7xx_hal_spi.c:1884:21
	str	r0, [r1, #92]
	.loc	7 1885 23 is_stmt 1             @ ../Drivers/STM32H7xx_HAL_Driver/Src/stm32h7xx_hal_spi.c:1885:23
	ldrh.w	r0, [sp, #14]
	.loc	7 1885 3 is_stmt 0              @ ../Drivers/STM32H7xx_HAL_Driver/Src/stm32h7xx_hal_spi.c:1885:3
	ldr	r1, [sp, #24]
	.loc	7 1885 21                       @ ../Drivers/STM32H7xx_HAL_Driver/Src/stm32h7xx_hal_spi.c:1885:21
	strh.w	r0, [r1, #96]
	.loc	7 1886 23 is_stmt 1             @ ../Drivers/STM32H7xx_HAL_Driver/Src/stm32h7xx_hal_spi.c:1886:23
	ldrh.w	r0, [sp, #14]
	.loc	7 1886 3 is_stmt 0              @ ../Drivers/STM32H7xx_HAL_Driver/Src/stm32h7xx_hal_spi.c:1886:3
	ldr	r1, [sp, #24]
	.loc	7 1886 21                       @ ../Drivers/STM32H7xx_HAL_Driver/Src/stm32h7xx_hal_spi.c:1886:21
	strh.w	r0, [r1, #98]
	.loc	7 1887 34 is_stmt 1             @ ../Drivers/STM32H7xx_HAL_Driver/Src/stm32h7xx_hal_spi.c:1887:34
	ldr	r0, [sp, #16]
	.loc	7 1887 3 is_stmt 0              @ ../Drivers/STM32H7xx_HAL_Driver/Src/stm32h7xx_hal_spi.c:1887:3
	ldr	r1, [sp, #24]
	.loc	7 1887 21                       @ ../Drivers/STM32H7xx_HAL_Driver/Src/stm32h7xx_hal_spi.c:1887:21
	str	r0, [r1, #100]
	.loc	7 1888 23 is_stmt 1             @ ../Drivers/STM32H7xx_HAL_Driver/Src/stm32h7xx_hal_spi.c:1888:23
	ldrh.w	r0, [sp, #14]
	.loc	7 1888 3 is_stmt 0              @ ../Drivers/STM32H7xx_HAL_Driver/Src/stm32h7xx_hal_spi.c:1888:3
	ldr	r1, [sp, #24]
	.loc	7 1888 21                       @ ../Drivers/STM32H7xx_HAL_Driver/Src/stm32h7xx_hal_spi.c:1888:21
	strh.w	r0, [r1, #104]
	.loc	7 1889 23 is_stmt 1             @ ../Drivers/STM32H7xx_HAL_Driver/Src/stm32h7xx_hal_spi.c:1889:23
	ldrh.w	r0, [sp, #14]
	.loc	7 1889 3 is_stmt 0              @ ../Drivers/STM32H7xx_HAL_Driver/Src/stm32h7xx_hal_spi.c:1889:3
	ldr	r1, [sp, #24]
	.loc	7 1889 21                       @ ../Drivers/STM32H7xx_HAL_Driver/Src/stm32h7xx_hal_spi.c:1889:21
	strh.w	r0, [r1, #106]
	.loc	7 1890 23 is_stmt 1             @ ../Drivers/STM32H7xx_HAL_Driver/Src/stm32h7xx_hal_spi.c:1890:23
	ldr	r0, [sp, #24]
	.loc	7 1890 29 is_stmt 0             @ ../Drivers/STM32H7xx_HAL_Driver/Src/stm32h7xx_hal_spi.c:1890:29
	ldrh.w	r0, [r0, #98]
	.loc	7 1890 21                       @ ../Drivers/STM32H7xx_HAL_Driver/Src/stm32h7xx_hal_spi.c:1890:21
	str	r0, [sp, #8]
.Ltmp472:
	.loc	7 1901 7 is_stmt 1              @ ../Drivers/STM32H7xx_HAL_Driver/Src/stm32h7xx_hal_spi.c:1901:7
	ldr	r0, [sp, #24]
	.loc	7 1901 18 is_stmt 0             @ ../Drivers/STM32H7xx_HAL_Driver/Src/stm32h7xx_hal_spi.c:1901:18
	ldr	r0, [r0, #12]
.Ltmp473:
	.loc	7 1901 7                        @ ../Drivers/STM32H7xx_HAL_Driver/Src/stm32h7xx_hal_spi.c:1901:7
	cmp	r0, #16
	blo	.LBB18_13
	b	.LBB18_12
.LBB18_12:
.Ltmp474:
	.loc	7 1903 5 is_stmt 1              @ ../Drivers/STM32H7xx_HAL_Driver/Src/stm32h7xx_hal_spi.c:1903:5
	ldr	r1, [sp, #24]
	.loc	7 1903 21 is_stmt 0             @ ../Drivers/STM32H7xx_HAL_Driver/Src/stm32h7xx_hal_spi.c:1903:21
	movw	r0, :lower16:SPI_TxISR_32BIT
	movt	r0, :upper16:SPI_TxISR_32BIT
	str	r0, [r1, #116]
	.loc	7 1904 5 is_stmt 1              @ ../Drivers/STM32H7xx_HAL_Driver/Src/stm32h7xx_hal_spi.c:1904:5
	ldr	r1, [sp, #24]
	.loc	7 1904 21 is_stmt 0             @ ../Drivers/STM32H7xx_HAL_Driver/Src/stm32h7xx_hal_spi.c:1904:21
	movw	r0, :lower16:SPI_RxISR_32BIT
	movt	r0, :upper16:SPI_RxISR_32BIT
	str	r0, [r1, #112]
	.loc	7 1905 3 is_stmt 1              @ ../Drivers/STM32H7xx_HAL_Driver/Src/stm32h7xx_hal_spi.c:1905:3
	b	.LBB18_17
.Ltmp475:
.LBB18_13:
	.loc	7 1906 12                       @ ../Drivers/STM32H7xx_HAL_Driver/Src/stm32h7xx_hal_spi.c:1906:12
	ldr	r0, [sp, #24]
	.loc	7 1906 23 is_stmt 0             @ ../Drivers/STM32H7xx_HAL_Driver/Src/stm32h7xx_hal_spi.c:1906:23
	ldr	r0, [r0, #12]
.Ltmp476:
	.loc	7 1906 12                       @ ../Drivers/STM32H7xx_HAL_Driver/Src/stm32h7xx_hal_spi.c:1906:12
	cmp	r0, #8
	blo	.LBB18_15
	b	.LBB18_14
.LBB18_14:
.Ltmp477:
	.loc	7 1908 5 is_stmt 1              @ ../Drivers/STM32H7xx_HAL_Driver/Src/stm32h7xx_hal_spi.c:1908:5
	ldr	r1, [sp, #24]
	.loc	7 1908 21 is_stmt 0             @ ../Drivers/STM32H7xx_HAL_Driver/Src/stm32h7xx_hal_spi.c:1908:21
	movw	r0, :lower16:SPI_RxISR_16BIT
	movt	r0, :upper16:SPI_RxISR_16BIT
	str	r0, [r1, #112]
	.loc	7 1909 5 is_stmt 1              @ ../Drivers/STM32H7xx_HAL_Driver/Src/stm32h7xx_hal_spi.c:1909:5
	ldr	r1, [sp, #24]
	.loc	7 1909 21 is_stmt 0             @ ../Drivers/STM32H7xx_HAL_Driver/Src/stm32h7xx_hal_spi.c:1909:21
	movw	r0, :lower16:SPI_TxISR_16BIT
	movt	r0, :upper16:SPI_TxISR_16BIT
	str	r0, [r1, #116]
	.loc	7 1910 3 is_stmt 1              @ ../Drivers/STM32H7xx_HAL_Driver/Src/stm32h7xx_hal_spi.c:1910:3
	b	.LBB18_16
.Ltmp478:
.LBB18_15:
	.loc	7 1913 5                        @ ../Drivers/STM32H7xx_HAL_Driver/Src/stm32h7xx_hal_spi.c:1913:5
	ldr	r1, [sp, #24]
	.loc	7 1913 21 is_stmt 0             @ ../Drivers/STM32H7xx_HAL_Driver/Src/stm32h7xx_hal_spi.c:1913:21
	movw	r0, :lower16:SPI_RxISR_8BIT
	movt	r0, :upper16:SPI_RxISR_8BIT
	str	r0, [r1, #112]
	.loc	7 1914 5 is_stmt 1              @ ../Drivers/STM32H7xx_HAL_Driver/Src/stm32h7xx_hal_spi.c:1914:5
	ldr	r1, [sp, #24]
	.loc	7 1914 21 is_stmt 0             @ ../Drivers/STM32H7xx_HAL_Driver/Src/stm32h7xx_hal_spi.c:1914:21
	movw	r0, :lower16:SPI_TxISR_8BIT
	movt	r0, :upper16:SPI_TxISR_8BIT
	str	r0, [r1, #116]
	b	.LBB18_16
.Ltmp479:
.LBB18_16:
	.loc	7 0 21                          @ ../Drivers/STM32H7xx_HAL_Driver/Src/stm32h7xx_hal_spi.c:0:21
	b	.LBB18_17
.LBB18_17:
	.loc	7 1918 3 is_stmt 1              @ ../Drivers/STM32H7xx_HAL_Driver/Src/stm32h7xx_hal_spi.c:1918:3
	ldr	r0, [sp, #24]
	ldr	r0, [r0]
	ldr	r0, [r0, #12]
	bic	r0, r0, #393216
	ldr	r1, [sp, #24]
	ldr	r1, [r1]
	str	r0, [r1, #12]
	.loc	7 1921 3                        @ ../Drivers/STM32H7xx_HAL_Driver/Src/stm32h7xx_hal_spi.c:1921:3
	ldr	r0, [sp, #24]
	ldr	r0, [r0]
	ldr	r0, [r0, #4]
	movw	r1, #65535
	bics	r0, r1
	ldrh.w	r1, [sp, #14]
	add	r0, r1
	ldr	r1, [sp, #24]
	ldr	r1, [r1]
	str	r0, [r1, #4]
	.loc	7 1924 3                        @ ../Drivers/STM32H7xx_HAL_Driver/Src/stm32h7xx_hal_spi.c:1924:3
	ldr	r0, [sp, #24]
	ldr	r1, [r0]
	ldr	r0, [r1]
	orr	r0, r0, #1
	str	r0, [r1]
	.loc	7 1927 3                        @ ../Drivers/STM32H7xx_HAL_Driver/Src/stm32h7xx_hal_spi.c:1927:3
	b	.LBB18_18
.LBB18_18:                              @ =>This Inner Loop Header: Depth=1
	.loc	7 1927 11 is_stmt 0             @ ../Drivers/STM32H7xx_HAL_Driver/Src/stm32h7xx_hal_spi.c:1927:11
	ldr	r0, [sp, #24]
	ldr	r0, [r0]
	ldr	r1, [r0, #20]
	movs	r0, #0
	.loc	7 1927 51                       @ ../Drivers/STM32H7xx_HAL_Driver/Src/stm32h7xx_hal_spi.c:1927:51
	lsls	r1, r1, #30
	cmp	r1, #0
	str	r0, [sp]                        @ 4-byte Spill
	bpl	.LBB18_20
	b	.LBB18_19
.LBB18_19:                              @   in Loop: Header=BB18_18 Depth=1
	.loc	7 1927 55                       @ ../Drivers/STM32H7xx_HAL_Driver/Src/stm32h7xx_hal_spi.c:1927:55
	ldr	r0, [sp, #8]
	.loc	7 1927 71                       @ ../Drivers/STM32H7xx_HAL_Driver/Src/stm32h7xx_hal_spi.c:1927:71
	cmp	r0, #0
	it	ne
	movne	r0, #1
	str	r0, [sp]                        @ 4-byte Spill
	b	.LBB18_20
.LBB18_20:                              @   in Loop: Header=BB18_18 Depth=1
	.loc	7 0 0                           @ ../Drivers/STM32H7xx_HAL_Driver/Src/stm32h7xx_hal_spi.c:0:0
	ldr	r0, [sp]                        @ 4-byte Reload
	.loc	7 1927 3                        @ ../Drivers/STM32H7xx_HAL_Driver/Src/stm32h7xx_hal_spi.c:1927:3
	lsls	r0, r0, #31
	cmp	r0, #0
	beq	.LBB18_28
	b	.LBB18_21
.LBB18_21:                              @   in Loop: Header=BB18_18 Depth=1
.Ltmp480:
	.loc	7 1930 9 is_stmt 1              @ ../Drivers/STM32H7xx_HAL_Driver/Src/stm32h7xx_hal_spi.c:1930:9
	ldr	r0, [sp, #24]
	.loc	7 1930 20 is_stmt 0             @ ../Drivers/STM32H7xx_HAL_Driver/Src/stm32h7xx_hal_spi.c:1930:20
	ldr	r0, [r0, #12]
.Ltmp481:
	.loc	7 1930 9                        @ ../Drivers/STM32H7xx_HAL_Driver/Src/stm32h7xx_hal_spi.c:1930:9
	cmp	r0, #16
	blo	.LBB18_23
	b	.LBB18_22
.LBB18_22:                              @   in Loop: Header=BB18_18 Depth=1
.Ltmp482:
	.loc	7 1932 71 is_stmt 1             @ ../Drivers/STM32H7xx_HAL_Driver/Src/stm32h7xx_hal_spi.c:1932:71
	ldr	r0, [sp, #24]
	.loc	7 1932 33 is_stmt 0             @ ../Drivers/STM32H7xx_HAL_Driver/Src/stm32h7xx_hal_spi.c:1932:33
	ldr	r1, [r0]
	.loc	7 1932 77                       @ ../Drivers/STM32H7xx_HAL_Driver/Src/stm32h7xx_hal_spi.c:1932:77
	ldr	r0, [r0, #92]
	.loc	7 1932 51                       @ ../Drivers/STM32H7xx_HAL_Driver/Src/stm32h7xx_hal_spi.c:1932:51
	ldr	r0, [r0]
	.loc	7 1932 49                       @ ../Drivers/STM32H7xx_HAL_Driver/Src/stm32h7xx_hal_spi.c:1932:49
	str	r0, [r1, #32]
	.loc	7 1933 7 is_stmt 1              @ ../Drivers/STM32H7xx_HAL_Driver/Src/stm32h7xx_hal_spi.c:1933:7
	ldr	r1, [sp, #24]
	.loc	7 1933 24 is_stmt 0             @ ../Drivers/STM32H7xx_HAL_Driver/Src/stm32h7xx_hal_spi.c:1933:24
	ldr	r0, [r1, #92]
	adds	r0, #4
	str	r0, [r1, #92]
	.loc	7 1934 7 is_stmt 1              @ ../Drivers/STM32H7xx_HAL_Driver/Src/stm32h7xx_hal_spi.c:1934:7
	ldr	r1, [sp, #24]
	.loc	7 1934 24 is_stmt 0             @ ../Drivers/STM32H7xx_HAL_Driver/Src/stm32h7xx_hal_spi.c:1934:24
	ldrh.w	r0, [r1, #98]
	subs	r0, #1
	strh.w	r0, [r1, #98]
	.loc	7 1935 25 is_stmt 1             @ ../Drivers/STM32H7xx_HAL_Driver/Src/stm32h7xx_hal_spi.c:1935:25
	ldr	r0, [sp, #24]
	.loc	7 1935 31 is_stmt 0             @ ../Drivers/STM32H7xx_HAL_Driver/Src/stm32h7xx_hal_spi.c:1935:31
	ldrh.w	r0, [r0, #98]
	.loc	7 1935 23                       @ ../Drivers/STM32H7xx_HAL_Driver/Src/stm32h7xx_hal_spi.c:1935:23
	str	r0, [sp, #8]
	.loc	7 1936 5 is_stmt 1              @ ../Drivers/STM32H7xx_HAL_Driver/Src/stm32h7xx_hal_spi.c:1936:5
	b	.LBB18_27
.Ltmp483:
.LBB18_23:                              @   in Loop: Header=BB18_18 Depth=1
	.loc	7 1938 14                       @ ../Drivers/STM32H7xx_HAL_Driver/Src/stm32h7xx_hal_spi.c:1938:14
	ldr	r0, [sp, #24]
	.loc	7 1938 25 is_stmt 0             @ ../Drivers/STM32H7xx_HAL_Driver/Src/stm32h7xx_hal_spi.c:1938:25
	ldr	r0, [r0, #12]
.Ltmp484:
	.loc	7 1938 14                       @ ../Drivers/STM32H7xx_HAL_Driver/Src/stm32h7xx_hal_spi.c:1938:14
	cmp	r0, #8
	blo	.LBB18_25
	b	.LBB18_24
.LBB18_24:                              @   in Loop: Header=BB18_18 Depth=1
.Ltmp485:
	.loc	7 1941 43 is_stmt 1             @ ../Drivers/STM32H7xx_HAL_Driver/Src/stm32h7xx_hal_spi.c:1941:43
	ldr	r0, [sp, #24]
	.loc	7 1941 49 is_stmt 0             @ ../Drivers/STM32H7xx_HAL_Driver/Src/stm32h7xx_hal_spi.c:1941:49
	ldr	r0, [r0, #92]
	.loc	7 1941 23                       @ ../Drivers/STM32H7xx_HAL_Driver/Src/stm32h7xx_hal_spi.c:1941:23
	ldrh	r0, [r0]
	.loc	7 1941 8                        @ ../Drivers/STM32H7xx_HAL_Driver/Src/stm32h7xx_hal_spi.c:1941:8
	ldr	r1, [sp, #4]
	.loc	7 1941 21                       @ ../Drivers/STM32H7xx_HAL_Driver/Src/stm32h7xx_hal_spi.c:1941:21
	strh	r0, [r1]
	.loc	7 1945 7 is_stmt 1              @ ../Drivers/STM32H7xx_HAL_Driver/Src/stm32h7xx_hal_spi.c:1945:7
	ldr	r1, [sp, #24]
	.loc	7 1945 24 is_stmt 0             @ ../Drivers/STM32H7xx_HAL_Driver/Src/stm32h7xx_hal_spi.c:1945:24
	ldr	r0, [r1, #92]
	adds	r0, #2
	str	r0, [r1, #92]
	.loc	7 1946 7 is_stmt 1              @ ../Drivers/STM32H7xx_HAL_Driver/Src/stm32h7xx_hal_spi.c:1946:7
	ldr	r1, [sp, #24]
	.loc	7 1946 24 is_stmt 0             @ ../Drivers/STM32H7xx_HAL_Driver/Src/stm32h7xx_hal_spi.c:1946:24
	ldrh.w	r0, [r1, #98]
	subs	r0, #1
	strh.w	r0, [r1, #98]
	.loc	7 1947 25 is_stmt 1             @ ../Drivers/STM32H7xx_HAL_Driver/Src/stm32h7xx_hal_spi.c:1947:25
	ldr	r0, [sp, #24]
	.loc	7 1947 31 is_stmt 0             @ ../Drivers/STM32H7xx_HAL_Driver/Src/stm32h7xx_hal_spi.c:1947:31
	ldrh.w	r0, [r0, #98]
	.loc	7 1947 23                       @ ../Drivers/STM32H7xx_HAL_Driver/Src/stm32h7xx_hal_spi.c:1947:23
	str	r0, [sp, #8]
	.loc	7 1948 5 is_stmt 1              @ ../Drivers/STM32H7xx_HAL_Driver/Src/stm32h7xx_hal_spi.c:1948:5
	b	.LBB18_26
.Ltmp486:
.LBB18_25:                              @   in Loop: Header=BB18_18 Depth=1
	.loc	7 1952 69                       @ ../Drivers/STM32H7xx_HAL_Driver/Src/stm32h7xx_hal_spi.c:1952:69
	ldr	r0, [sp, #24]
	.loc	7 1952 32 is_stmt 0             @ ../Drivers/STM32H7xx_HAL_Driver/Src/stm32h7xx_hal_spi.c:1952:32
	ldr	r1, [r0]
	.loc	7 1952 75                       @ ../Drivers/STM32H7xx_HAL_Driver/Src/stm32h7xx_hal_spi.c:1952:75
	ldr	r0, [r0, #92]
	.loc	7 1952 50                       @ ../Drivers/STM32H7xx_HAL_Driver/Src/stm32h7xx_hal_spi.c:1952:50
	ldrb	r0, [r0]
	.loc	7 1952 48                       @ ../Drivers/STM32H7xx_HAL_Driver/Src/stm32h7xx_hal_spi.c:1952:48
	strb.w	r0, [r1, #32]
	.loc	7 1953 7 is_stmt 1              @ ../Drivers/STM32H7xx_HAL_Driver/Src/stm32h7xx_hal_spi.c:1953:7
	ldr	r1, [sp, #24]
	.loc	7 1953 24 is_stmt 0             @ ../Drivers/STM32H7xx_HAL_Driver/Src/stm32h7xx_hal_spi.c:1953:24
	ldr	r0, [r1, #92]
	adds	r0, #1
	str	r0, [r1, #92]
	.loc	7 1954 7 is_stmt 1              @ ../Drivers/STM32H7xx_HAL_Driver/Src/stm32h7xx_hal_spi.c:1954:7
	ldr	r1, [sp, #24]
	.loc	7 1954 24 is_stmt 0             @ ../Drivers/STM32H7xx_HAL_Driver/Src/stm32h7xx_hal_spi.c:1954:24
	ldrh.w	r0, [r1, #98]
	subs	r0, #1
	strh.w	r0, [r1, #98]
	.loc	7 1955 25 is_stmt 1             @ ../Drivers/STM32H7xx_HAL_Driver/Src/stm32h7xx_hal_spi.c:1955:25
	ldr	r0, [sp, #24]
	.loc	7 1955 31 is_stmt 0             @ ../Drivers/STM32H7xx_HAL_Driver/Src/stm32h7xx_hal_spi.c:1955:31
	ldrh.w	r0, [r0, #98]
	.loc	7 1955 23                       @ ../Drivers/STM32H7xx_HAL_Driver/Src/stm32h7xx_hal_spi.c:1955:23
	str	r0, [sp, #8]
	b	.LBB18_26
.Ltmp487:
.LBB18_26:                              @   in Loop: Header=BB18_18 Depth=1
	.loc	7 0 23                          @ ../Drivers/STM32H7xx_HAL_Driver/Src/stm32h7xx_hal_spi.c:0:23
	b	.LBB18_27
.LBB18_27:                              @   in Loop: Header=BB18_18 Depth=1
	.loc	7 1927 3 is_stmt 1              @ ../Drivers/STM32H7xx_HAL_Driver/Src/stm32h7xx_hal_spi.c:1927:3
	b	.LBB18_18
.LBB18_28:
	.loc	7 1960 3                        @ ../Drivers/STM32H7xx_HAL_Driver/Src/stm32h7xx_hal_spi.c:1960:3
	b	.LBB18_29
.LBB18_29:
.Ltmp488:
	.loc	7 1960 3 is_stmt 0              @ ../Drivers/STM32H7xx_HAL_Driver/Src/stm32h7xx_hal_spi.c:1960:3
	ldr	r1, [sp, #24]
	movs	r0, #0
	strb.w	r0, [r1, #128]
	b	.LBB18_30
.Ltmp489:
.LBB18_30:
	.loc	7 1963 3 is_stmt 1              @ ../Drivers/STM32H7xx_HAL_Driver/Src/stm32h7xx_hal_spi.c:1963:3
	ldr	r0, [sp, #24]
	ldr	r1, [r0]
	ldr	r0, [r1, #16]
	movw	r2, #1900
	orrs	r0, r2
	str	r0, [r1, #16]
.Ltmp490:
	.loc	7 1966 7                        @ ../Drivers/STM32H7xx_HAL_Driver/Src/stm32h7xx_hal_spi.c:1966:7
	ldr	r0, [sp, #24]
	.loc	7 1966 18 is_stmt 0             @ ../Drivers/STM32H7xx_HAL_Driver/Src/stm32h7xx_hal_spi.c:1966:18
	ldr	r0, [r0, #4]
.Ltmp491:
	.loc	7 1966 7                        @ ../Drivers/STM32H7xx_HAL_Driver/Src/stm32h7xx_hal_spi.c:1966:7
	cmp.w	r0, #4194304
	bne	.LBB18_32
	b	.LBB18_31
.LBB18_31:
.Ltmp492:
	.loc	7 1969 5 is_stmt 1              @ ../Drivers/STM32H7xx_HAL_Driver/Src/stm32h7xx_hal_spi.c:1969:5
	ldr	r0, [sp, #24]
	ldr	r1, [r0]
	ldr	r0, [r1]
	orr	r0, r0, #512
	str	r0, [r1]
	.loc	7 1970 3                        @ ../Drivers/STM32H7xx_HAL_Driver/Src/stm32h7xx_hal_spi.c:1970:3
	b	.LBB18_32
.Ltmp493:
.LBB18_32:
	.loc	7 0 3 is_stmt 0                 @ ../Drivers/STM32H7xx_HAL_Driver/Src/stm32h7xx_hal_spi.c:0:3
	movs	r0, #0
	.loc	7 1972 3 is_stmt 1              @ ../Drivers/STM32H7xx_HAL_Driver/Src/stm32h7xx_hal_spi.c:1972:3
	strb.w	r0, [sp, #31]
	b	.LBB18_33
.LBB18_33:
	.loc	7 1973 1                        @ ../Drivers/STM32H7xx_HAL_Driver/Src/stm32h7xx_hal_spi.c:1973:1
	ldrb.w	r0, [sp, #31]
	.loc	7 1973 1 epilogue_begin is_stmt 0 @ ../Drivers/STM32H7xx_HAL_Driver/Src/stm32h7xx_hal_spi.c:1973:1
	add	sp, #32
	bx	lr
.Ltmp494:
.Lfunc_end18:
	.size	HAL_SPI_TransmitReceive_IT, .Lfunc_end18-HAL_SPI_TransmitReceive_IT
	.cfi_endproc
	.cantunwind
	.fnend
                                        @ -- End function
	.section	.text.HAL_SPI_Transmit_DMA,"ax",%progbits
	.hidden	HAL_SPI_Transmit_DMA            @ -- Begin function HAL_SPI_Transmit_DMA
	.globl	HAL_SPI_Transmit_DMA
	.p2align	3
	.type	HAL_SPI_Transmit_DMA,%function
	.code	16                              @ @HAL_SPI_Transmit_DMA
	.thumb_func
HAL_SPI_Transmit_DMA:
.Lfunc_begin19:
	.loc	7 2114 0 is_stmt 1              @ ../Drivers/STM32H7xx_HAL_Driver/Src/stm32h7xx_hal_spi.c:2114:0
	.fnstart
	.cfi_startproc
@ %bb.0:
	.save	{r7, lr}
	push	{r7, lr}
	.cfi_def_cfa_offset 8
	.cfi_offset lr, -4
	.cfi_offset r7, -8
	.pad	#16
	sub	sp, #16
	.cfi_def_cfa_offset 24
                                        @ kill: def $r3 killed $r2
	str	r0, [sp, #8]
	str	r1, [sp, #4]
	strh.w	r2, [sp, #2]
.Ltmp495:
	.loc	7 2119 7 prologue_end           @ ../Drivers/STM32H7xx_HAL_Driver/Src/stm32h7xx_hal_spi.c:2119:7
	ldr	r0, [sp, #8]
	.loc	7 2119 13 is_stmt 0             @ ../Drivers/STM32H7xx_HAL_Driver/Src/stm32h7xx_hal_spi.c:2119:13
	ldrb.w	r0, [r0, #129]
.Ltmp496:
	.loc	7 2119 7                        @ ../Drivers/STM32H7xx_HAL_Driver/Src/stm32h7xx_hal_spi.c:2119:7
	cmp	r0, #1
	beq	.LBB19_2
	b	.LBB19_1
.LBB19_1:
	.loc	7 0 7                           @ ../Drivers/STM32H7xx_HAL_Driver/Src/stm32h7xx_hal_spi.c:0:7
	movs	r0, #2
.Ltmp497:
	.loc	7 2121 5 is_stmt 1              @ ../Drivers/STM32H7xx_HAL_Driver/Src/stm32h7xx_hal_spi.c:2121:5
	strb.w	r0, [sp, #15]
	b	.LBB19_45
.Ltmp498:
.LBB19_2:
	.loc	7 2124 8                        @ ../Drivers/STM32H7xx_HAL_Driver/Src/stm32h7xx_hal_spi.c:2124:8
	ldr	r0, [sp, #4]
	.loc	7 2124 23 is_stmt 0             @ ../Drivers/STM32H7xx_HAL_Driver/Src/stm32h7xx_hal_spi.c:2124:23
	cbz	r0, .LBB19_4
	b	.LBB19_3
.LBB19_3:
	.loc	7 2124 27                       @ ../Drivers/STM32H7xx_HAL_Driver/Src/stm32h7xx_hal_spi.c:2124:27
	ldrh.w	r0, [sp, #2]
.Ltmp499:
	.loc	7 2124 7                        @ ../Drivers/STM32H7xx_HAL_Driver/Src/stm32h7xx_hal_spi.c:2124:7
	cbnz	r0, .LBB19_5
	b	.LBB19_4
.LBB19_4:
	.loc	7 0 7                           @ ../Drivers/STM32H7xx_HAL_Driver/Src/stm32h7xx_hal_spi.c:0:7
	movs	r0, #1
.Ltmp500:
	.loc	7 2126 5 is_stmt 1              @ ../Drivers/STM32H7xx_HAL_Driver/Src/stm32h7xx_hal_spi.c:2126:5
	strb.w	r0, [sp, #15]
	b	.LBB19_45
.Ltmp501:
.LBB19_5:
	.loc	7 2130 3                        @ ../Drivers/STM32H7xx_HAL_Driver/Src/stm32h7xx_hal_spi.c:2130:3
	b	.LBB19_6
.LBB19_6:
.Ltmp502:
	.loc	7 2130 3 is_stmt 0              @ ../Drivers/STM32H7xx_HAL_Driver/Src/stm32h7xx_hal_spi.c:2130:3
	ldr	r0, [sp, #8]
	ldrb.w	r0, [r0, #128]
.Ltmp503:
	.loc	7 2130 3                        @ ../Drivers/STM32H7xx_HAL_Driver/Src/stm32h7xx_hal_spi.c:2130:3
	cmp	r0, #1
	bne	.LBB19_8
	b	.LBB19_7
.LBB19_7:
	.loc	7 0 3                           @ ../Drivers/STM32H7xx_HAL_Driver/Src/stm32h7xx_hal_spi.c:0:3
	movs	r0, #2
.Ltmp504:
	.loc	7 2130 3                        @ ../Drivers/STM32H7xx_HAL_Driver/Src/stm32h7xx_hal_spi.c:2130:3
	strb.w	r0, [sp, #15]
	b	.LBB19_45
.Ltmp505:
.LBB19_8:
	.loc	7 2130 3                        @ ../Drivers/STM32H7xx_HAL_Driver/Src/stm32h7xx_hal_spi.c:2130:3
	ldr	r1, [sp, #8]
	movs	r0, #1
	strb.w	r0, [r1, #128]
	b	.LBB19_9
.Ltmp506:
.LBB19_9:
	.loc	7 2130 3                        @ ../Drivers/STM32H7xx_HAL_Driver/Src/stm32h7xx_hal_spi.c:2130:3
	b	.LBB19_10
.Ltmp507:
.LBB19_10:
	.loc	7 2133 3 is_stmt 1              @ ../Drivers/STM32H7xx_HAL_Driver/Src/stm32h7xx_hal_spi.c:2133:3
	ldr	r1, [sp, #8]
	movs	r0, #3
	.loc	7 2133 21 is_stmt 0             @ ../Drivers/STM32H7xx_HAL_Driver/Src/stm32h7xx_hal_spi.c:2133:21
	strb.w	r0, [r1, #129]
	.loc	7 2134 3 is_stmt 1              @ ../Drivers/STM32H7xx_HAL_Driver/Src/stm32h7xx_hal_spi.c:2134:3
	ldr	r1, [sp, #8]
	movs	r0, #0
	.loc	7 2134 21 is_stmt 0             @ ../Drivers/STM32H7xx_HAL_Driver/Src/stm32h7xx_hal_spi.c:2134:21
	str.w	r0, [r1, #132]
	.loc	7 2135 40 is_stmt 1             @ ../Drivers/STM32H7xx_HAL_Driver/Src/stm32h7xx_hal_spi.c:2135:40
	ldr	r1, [sp, #4]
	.loc	7 2135 3 is_stmt 0              @ ../Drivers/STM32H7xx_HAL_Driver/Src/stm32h7xx_hal_spi.c:2135:3
	ldr	r2, [sp, #8]
	.loc	7 2135 21                       @ ../Drivers/STM32H7xx_HAL_Driver/Src/stm32h7xx_hal_spi.c:2135:21
	str	r1, [r2, #92]
	.loc	7 2136 23 is_stmt 1             @ ../Drivers/STM32H7xx_HAL_Driver/Src/stm32h7xx_hal_spi.c:2136:23
	ldrh.w	r1, [sp, #2]
	.loc	7 2136 3 is_stmt 0              @ ../Drivers/STM32H7xx_HAL_Driver/Src/stm32h7xx_hal_spi.c:2136:3
	ldr	r2, [sp, #8]
	.loc	7 2136 21                       @ ../Drivers/STM32H7xx_HAL_Driver/Src/stm32h7xx_hal_spi.c:2136:21
	strh.w	r1, [r2, #96]
	.loc	7 2137 23 is_stmt 1             @ ../Drivers/STM32H7xx_HAL_Driver/Src/stm32h7xx_hal_spi.c:2137:23
	ldrh.w	r1, [sp, #2]
	.loc	7 2137 3 is_stmt 0              @ ../Drivers/STM32H7xx_HAL_Driver/Src/stm32h7xx_hal_spi.c:2137:3
	ldr	r2, [sp, #8]
	.loc	7 2137 21                       @ ../Drivers/STM32H7xx_HAL_Driver/Src/stm32h7xx_hal_spi.c:2137:21
	strh.w	r1, [r2, #98]
	.loc	7 2140 3 is_stmt 1              @ ../Drivers/STM32H7xx_HAL_Driver/Src/stm32h7xx_hal_spi.c:2140:3
	ldr	r1, [sp, #8]
	.loc	7 2140 21 is_stmt 0             @ ../Drivers/STM32H7xx_HAL_Driver/Src/stm32h7xx_hal_spi.c:2140:21
	str	r0, [r1, #100]
	.loc	7 2141 3 is_stmt 1              @ ../Drivers/STM32H7xx_HAL_Driver/Src/stm32h7xx_hal_spi.c:2141:3
	ldr	r1, [sp, #8]
	.loc	7 2141 21 is_stmt 0             @ ../Drivers/STM32H7xx_HAL_Driver/Src/stm32h7xx_hal_spi.c:2141:21
	str	r0, [r1, #116]
	.loc	7 2142 3 is_stmt 1              @ ../Drivers/STM32H7xx_HAL_Driver/Src/stm32h7xx_hal_spi.c:2142:3
	ldr	r1, [sp, #8]
	.loc	7 2142 21 is_stmt 0             @ ../Drivers/STM32H7xx_HAL_Driver/Src/stm32h7xx_hal_spi.c:2142:21
	str	r0, [r1, #112]
	.loc	7 2143 3 is_stmt 1              @ ../Drivers/STM32H7xx_HAL_Driver/Src/stm32h7xx_hal_spi.c:2143:3
	ldr	r1, [sp, #8]
	.loc	7 2143 21 is_stmt 0             @ ../Drivers/STM32H7xx_HAL_Driver/Src/stm32h7xx_hal_spi.c:2143:21
	strh.w	r0, [r1, #104]
	.loc	7 2144 3 is_stmt 1              @ ../Drivers/STM32H7xx_HAL_Driver/Src/stm32h7xx_hal_spi.c:2144:3
	ldr	r1, [sp, #8]
	.loc	7 2144 21 is_stmt 0             @ ../Drivers/STM32H7xx_HAL_Driver/Src/stm32h7xx_hal_spi.c:2144:21
	strh.w	r0, [r1, #106]
.Ltmp508:
	.loc	7 2147 7 is_stmt 1              @ ../Drivers/STM32H7xx_HAL_Driver/Src/stm32h7xx_hal_spi.c:2147:7
	ldr	r0, [sp, #8]
	.loc	7 2147 18 is_stmt 0             @ ../Drivers/STM32H7xx_HAL_Driver/Src/stm32h7xx_hal_spi.c:2147:18
	ldr	r0, [r0, #8]
.Ltmp509:
	.loc	7 2147 7                        @ ../Drivers/STM32H7xx_HAL_Driver/Src/stm32h7xx_hal_spi.c:2147:7
	cmp.w	r0, #393216
	bne	.LBB19_12
	b	.LBB19_11
.LBB19_11:
.Ltmp510:
	.loc	7 2149 5 is_stmt 1              @ ../Drivers/STM32H7xx_HAL_Driver/Src/stm32h7xx_hal_spi.c:2149:5
	ldr	r0, [sp, #8]
	ldr	r1, [r0]
	ldr	r0, [r1]
	orr	r0, r0, #2048
	str	r0, [r1]
	.loc	7 2150 3                        @ ../Drivers/STM32H7xx_HAL_Driver/Src/stm32h7xx_hal_spi.c:2150:3
	b	.LBB19_13
.Ltmp511:
.LBB19_12:
	.loc	7 2153 5                        @ ../Drivers/STM32H7xx_HAL_Driver/Src/stm32h7xx_hal_spi.c:2153:5
	ldr	r0, [sp, #8]
	ldr	r0, [r0]
	ldr	r0, [r0, #12]
	movs	r1, #1
	bfi	r0, r1, #17, #2
	ldr	r1, [sp, #8]
	ldr	r1, [r1]
	str	r0, [r1, #12]
	b	.LBB19_13
.Ltmp512:
.LBB19_13:
	.loc	7 2157 9                        @ ../Drivers/STM32H7xx_HAL_Driver/Src/stm32h7xx_hal_spi.c:2157:9
	ldr	r0, [sp, #8]
	.loc	7 2157 20 is_stmt 0             @ ../Drivers/STM32H7xx_HAL_Driver/Src/stm32h7xx_hal_spi.c:2157:20
	ldr	r0, [r0, #12]
	.loc	7 2157 51                       @ ../Drivers/STM32H7xx_HAL_Driver/Src/stm32h7xx_hal_spi.c:2157:51
	cmp	r0, #16
	blo	.LBB19_15
	b	.LBB19_14
.LBB19_14:
	.loc	7 2157 55                       @ ../Drivers/STM32H7xx_HAL_Driver/Src/stm32h7xx_hal_spi.c:2157:55
	ldr	r0, [sp, #8]
	.loc	7 2157 61                       @ ../Drivers/STM32H7xx_HAL_Driver/Src/stm32h7xx_hal_spi.c:2157:61
	ldr	r0, [r0, #120]
	.loc	7 2157 74                       @ ../Drivers/STM32H7xx_HAL_Driver/Src/stm32h7xx_hal_spi.c:2157:74
	ldr	r0, [r0, #24]
	.loc	7 2157 119                      @ ../Drivers/STM32H7xx_HAL_Driver/Src/stm32h7xx_hal_spi.c:2157:119
	cmp.w	r0, #16384
	bne	.LBB19_18
	b	.LBB19_15
.LBB19_15:
	.loc	7 2158 9 is_stmt 1              @ ../Drivers/STM32H7xx_HAL_Driver/Src/stm32h7xx_hal_spi.c:2158:9
	ldr	r0, [sp, #8]
	.loc	7 2158 20 is_stmt 0             @ ../Drivers/STM32H7xx_HAL_Driver/Src/stm32h7xx_hal_spi.c:2158:20
	ldr	r0, [r0, #12]
	.loc	7 2158 50                       @ ../Drivers/STM32H7xx_HAL_Driver/Src/stm32h7xx_hal_spi.c:2158:50
	cmp	r0, #8
	blo	.LBB19_21
	b	.LBB19_16
.LBB19_16:
	.loc	7 2158 55                       @ ../Drivers/STM32H7xx_HAL_Driver/Src/stm32h7xx_hal_spi.c:2158:55
	ldr	r0, [sp, #8]
	.loc	7 2158 61                       @ ../Drivers/STM32H7xx_HAL_Driver/Src/stm32h7xx_hal_spi.c:2158:61
	ldr	r0, [r0, #120]
	.loc	7 2158 74                       @ ../Drivers/STM32H7xx_HAL_Driver/Src/stm32h7xx_hal_spi.c:2158:74
	ldr	r0, [r0, #24]
	.loc	7 2158 119                      @ ../Drivers/STM32H7xx_HAL_Driver/Src/stm32h7xx_hal_spi.c:2158:119
	cmp.w	r0, #8192
	beq	.LBB19_21
	b	.LBB19_17
.LBB19_17:
	.loc	7 2159 55 is_stmt 1             @ ../Drivers/STM32H7xx_HAL_Driver/Src/stm32h7xx_hal_spi.c:2159:55
	ldr	r0, [sp, #8]
	.loc	7 2159 61 is_stmt 0             @ ../Drivers/STM32H7xx_HAL_Driver/Src/stm32h7xx_hal_spi.c:2159:61
	ldr	r0, [r0, #120]
	.loc	7 2159 74                       @ ../Drivers/STM32H7xx_HAL_Driver/Src/stm32h7xx_hal_spi.c:2159:74
	ldr	r0, [r0, #24]
.Ltmp513:
	.loc	7 2157 7 is_stmt 1              @ ../Drivers/STM32H7xx_HAL_Driver/Src/stm32h7xx_hal_spi.c:2157:7
	cmp.w	r0, #16384
	beq	.LBB19_21
	b	.LBB19_18
.LBB19_18:
.Ltmp514:
	.loc	7 2162 5                        @ ../Drivers/STM32H7xx_HAL_Driver/Src/stm32h7xx_hal_spi.c:2162:5
	b	.LBB19_19
.LBB19_19:
.Ltmp515:
	.loc	7 2162 5 is_stmt 0              @ ../Drivers/STM32H7xx_HAL_Driver/Src/stm32h7xx_hal_spi.c:2162:5
	ldr	r1, [sp, #8]
	movs	r0, #0
	strb.w	r0, [r1, #128]
	b	.LBB19_20
.Ltmp516:
.LBB19_20:
	.loc	7 0 5                           @ ../Drivers/STM32H7xx_HAL_Driver/Src/stm32h7xx_hal_spi.c:0:5
	movs	r0, #1
	.loc	7 2163 5 is_stmt 1              @ ../Drivers/STM32H7xx_HAL_Driver/Src/stm32h7xx_hal_spi.c:2163:5
	strb.w	r0, [sp, #15]
	b	.LBB19_45
.Ltmp517:
.LBB19_21:
	.loc	7 2167 7                        @ ../Drivers/STM32H7xx_HAL_Driver/Src/stm32h7xx_hal_spi.c:2167:7
	ldr	r0, [sp, #8]
	.loc	7 2167 18 is_stmt 0             @ ../Drivers/STM32H7xx_HAL_Driver/Src/stm32h7xx_hal_spi.c:2167:18
	ldr	r0, [r0, #12]
.Ltmp518:
	.loc	7 2167 7                        @ ../Drivers/STM32H7xx_HAL_Driver/Src/stm32h7xx_hal_spi.c:2167:7
	cmp	r0, #7
	bhi	.LBB19_27
	b	.LBB19_22
.LBB19_22:
.Ltmp519:
	.loc	7 2169 9 is_stmt 1              @ ../Drivers/STM32H7xx_HAL_Driver/Src/stm32h7xx_hal_spi.c:2169:9
	ldr	r0, [sp, #8]
	.loc	7 2169 15 is_stmt 0             @ ../Drivers/STM32H7xx_HAL_Driver/Src/stm32h7xx_hal_spi.c:2169:15
	ldr	r0, [r0, #120]
	.loc	7 2169 28                       @ ../Drivers/STM32H7xx_HAL_Driver/Src/stm32h7xx_hal_spi.c:2169:28
	ldr	r0, [r0, #24]
.Ltmp520:
	.loc	7 2169 9                        @ ../Drivers/STM32H7xx_HAL_Driver/Src/stm32h7xx_hal_spi.c:2169:9
	cmp.w	r0, #8192
	bne	.LBB19_24
	b	.LBB19_23
.LBB19_23:
.Ltmp521:
	.loc	7 2171 28 is_stmt 1             @ ../Drivers/STM32H7xx_HAL_Driver/Src/stm32h7xx_hal_spi.c:2171:28
	ldr	r0, [sp, #8]
	.loc	7 2171 34 is_stmt 0             @ ../Drivers/STM32H7xx_HAL_Driver/Src/stm32h7xx_hal_spi.c:2171:34
	ldrh.w	r0, [r0, #98]
	.loc	7 2171 46                       @ ../Drivers/STM32H7xx_HAL_Driver/Src/stm32h7xx_hal_spi.c:2171:46
	adds	r0, #1
	.loc	7 2171 64                       @ ../Drivers/STM32H7xx_HAL_Driver/Src/stm32h7xx_hal_spi.c:2171:64
	lsrs	r0, r0, #1
	.loc	7 2171 7                        @ ../Drivers/STM32H7xx_HAL_Driver/Src/stm32h7xx_hal_spi.c:2171:7
	ldr	r1, [sp, #8]
	.loc	7 2171 25                       @ ../Drivers/STM32H7xx_HAL_Driver/Src/stm32h7xx_hal_spi.c:2171:25
	strh.w	r0, [r1, #98]
	.loc	7 2172 5 is_stmt 1              @ ../Drivers/STM32H7xx_HAL_Driver/Src/stm32h7xx_hal_spi.c:2172:5
	b	.LBB19_24
.Ltmp522:
.LBB19_24:
	.loc	7 2173 9                        @ ../Drivers/STM32H7xx_HAL_Driver/Src/stm32h7xx_hal_spi.c:2173:9
	ldr	r0, [sp, #8]
	.loc	7 2173 15 is_stmt 0             @ ../Drivers/STM32H7xx_HAL_Driver/Src/stm32h7xx_hal_spi.c:2173:15
	ldr	r0, [r0, #120]
	.loc	7 2173 28                       @ ../Drivers/STM32H7xx_HAL_Driver/Src/stm32h7xx_hal_spi.c:2173:28
	ldr	r0, [r0, #24]
.Ltmp523:
	.loc	7 2173 9                        @ ../Drivers/STM32H7xx_HAL_Driver/Src/stm32h7xx_hal_spi.c:2173:9
	cmp.w	r0, #16384
	bne	.LBB19_26
	b	.LBB19_25
.LBB19_25:
.Ltmp524:
	.loc	7 2175 28 is_stmt 1             @ ../Drivers/STM32H7xx_HAL_Driver/Src/stm32h7xx_hal_spi.c:2175:28
	ldr	r0, [sp, #8]
	.loc	7 2175 34 is_stmt 0             @ ../Drivers/STM32H7xx_HAL_Driver/Src/stm32h7xx_hal_spi.c:2175:34
	ldrh.w	r0, [r0, #98]
	.loc	7 2175 46                       @ ../Drivers/STM32H7xx_HAL_Driver/Src/stm32h7xx_hal_spi.c:2175:46
	adds	r0, #3
	.loc	7 2175 64                       @ ../Drivers/STM32H7xx_HAL_Driver/Src/stm32h7xx_hal_spi.c:2175:64
	lsrs	r0, r0, #2
	.loc	7 2175 7                        @ ../Drivers/STM32H7xx_HAL_Driver/Src/stm32h7xx_hal_spi.c:2175:7
	ldr	r1, [sp, #8]
	.loc	7 2175 25                       @ ../Drivers/STM32H7xx_HAL_Driver/Src/stm32h7xx_hal_spi.c:2175:25
	strh.w	r0, [r1, #98]
	.loc	7 2176 5 is_stmt 1              @ ../Drivers/STM32H7xx_HAL_Driver/Src/stm32h7xx_hal_spi.c:2176:5
	b	.LBB19_26
.Ltmp525:
.LBB19_26:
	.loc	7 2177 3                        @ ../Drivers/STM32H7xx_HAL_Driver/Src/stm32h7xx_hal_spi.c:2177:3
	b	.LBB19_33
.Ltmp526:
.LBB19_27:
	.loc	7 2178 12                       @ ../Drivers/STM32H7xx_HAL_Driver/Src/stm32h7xx_hal_spi.c:2178:12
	ldr	r0, [sp, #8]
	.loc	7 2178 23 is_stmt 0             @ ../Drivers/STM32H7xx_HAL_Driver/Src/stm32h7xx_hal_spi.c:2178:23
	ldr	r0, [r0, #12]
.Ltmp527:
	.loc	7 2178 12                       @ ../Drivers/STM32H7xx_HAL_Driver/Src/stm32h7xx_hal_spi.c:2178:12
	cmp	r0, #15
	bhi	.LBB19_31
	b	.LBB19_28
.LBB19_28:
.Ltmp528:
	.loc	7 2180 9 is_stmt 1              @ ../Drivers/STM32H7xx_HAL_Driver/Src/stm32h7xx_hal_spi.c:2180:9
	ldr	r0, [sp, #8]
	.loc	7 2180 15 is_stmt 0             @ ../Drivers/STM32H7xx_HAL_Driver/Src/stm32h7xx_hal_spi.c:2180:15
	ldr	r0, [r0, #120]
	.loc	7 2180 28                       @ ../Drivers/STM32H7xx_HAL_Driver/Src/stm32h7xx_hal_spi.c:2180:28
	ldr	r0, [r0, #24]
.Ltmp529:
	.loc	7 2180 9                        @ ../Drivers/STM32H7xx_HAL_Driver/Src/stm32h7xx_hal_spi.c:2180:9
	cmp.w	r0, #16384
	bne	.LBB19_30
	b	.LBB19_29
.LBB19_29:
.Ltmp530:
	.loc	7 2182 28 is_stmt 1             @ ../Drivers/STM32H7xx_HAL_Driver/Src/stm32h7xx_hal_spi.c:2182:28
	ldr	r0, [sp, #8]
	.loc	7 2182 34 is_stmt 0             @ ../Drivers/STM32H7xx_HAL_Driver/Src/stm32h7xx_hal_spi.c:2182:34
	ldrh.w	r0, [r0, #98]
	.loc	7 2182 46                       @ ../Drivers/STM32H7xx_HAL_Driver/Src/stm32h7xx_hal_spi.c:2182:46
	adds	r0, #1
	.loc	7 2182 64                       @ ../Drivers/STM32H7xx_HAL_Driver/Src/stm32h7xx_hal_spi.c:2182:64
	lsrs	r0, r0, #1
	.loc	7 2182 7                        @ ../Drivers/STM32H7xx_HAL_Driver/Src/stm32h7xx_hal_spi.c:2182:7
	ldr	r1, [sp, #8]
	.loc	7 2182 25                       @ ../Drivers/STM32H7xx_HAL_Driver/Src/stm32h7xx_hal_spi.c:2182:25
	strh.w	r0, [r1, #98]
	.loc	7 2183 5 is_stmt 1              @ ../Drivers/STM32H7xx_HAL_Driver/Src/stm32h7xx_hal_spi.c:2183:5
	b	.LBB19_30
.Ltmp531:
.LBB19_30:
	.loc	7 2184 3                        @ ../Drivers/STM32H7xx_HAL_Driver/Src/stm32h7xx_hal_spi.c:2184:3
	b	.LBB19_32
.Ltmp532:
.LBB19_31:
	.loc	7 0 3 is_stmt 0                 @ ../Drivers/STM32H7xx_HAL_Driver/Src/stm32h7xx_hal_spi.c:0:3
	b	.LBB19_32
.LBB19_32:
	b	.LBB19_33
.LBB19_33:
	.loc	7 2191 3 is_stmt 1              @ ../Drivers/STM32H7xx_HAL_Driver/Src/stm32h7xx_hal_spi.c:2191:3
	ldr	r0, [sp, #8]
	.loc	7 2191 9 is_stmt 0              @ ../Drivers/STM32H7xx_HAL_Driver/Src/stm32h7xx_hal_spi.c:2191:9
	ldr	r1, [r0, #120]
	.loc	7 2191 38                       @ ../Drivers/STM32H7xx_HAL_Driver/Src/stm32h7xx_hal_spi.c:2191:38
	movw	r0, :lower16:SPI_DMAHalfTransmitCplt
	movt	r0, :upper16:SPI_DMAHalfTransmitCplt
	str	r0, [r1, #64]
	.loc	7 2194 3 is_stmt 1              @ ../Drivers/STM32H7xx_HAL_Driver/Src/stm32h7xx_hal_spi.c:2194:3
	ldr	r0, [sp, #8]
	.loc	7 2194 9 is_stmt 0              @ ../Drivers/STM32H7xx_HAL_Driver/Src/stm32h7xx_hal_spi.c:2194:9
	ldr	r1, [r0, #120]
	.loc	7 2194 34                       @ ../Drivers/STM32H7xx_HAL_Driver/Src/stm32h7xx_hal_spi.c:2194:34
	movw	r0, :lower16:SPI_DMATransmitCplt
	movt	r0, :upper16:SPI_DMATransmitCplt
	str	r0, [r1, #60]
	.loc	7 2197 3 is_stmt 1              @ ../Drivers/STM32H7xx_HAL_Driver/Src/stm32h7xx_hal_spi.c:2197:3
	ldr	r0, [sp, #8]
	.loc	7 2197 9 is_stmt 0              @ ../Drivers/STM32H7xx_HAL_Driver/Src/stm32h7xx_hal_spi.c:2197:9
	ldr	r1, [r0, #120]
	.loc	7 2197 35                       @ ../Drivers/STM32H7xx_HAL_Driver/Src/stm32h7xx_hal_spi.c:2197:35
	movw	r0, :lower16:SPI_DMAError
	movt	r0, :upper16:SPI_DMAError
	str	r0, [r1, #76]
	.loc	7 2200 3 is_stmt 1              @ ../Drivers/STM32H7xx_HAL_Driver/Src/stm32h7xx_hal_spi.c:2200:3
	ldr	r0, [sp, #8]
	.loc	7 2200 9 is_stmt 0              @ ../Drivers/STM32H7xx_HAL_Driver/Src/stm32h7xx_hal_spi.c:2200:9
	ldr	r1, [r0, #120]
	movs	r0, #0
	.loc	7 2200 35                       @ ../Drivers/STM32H7xx_HAL_Driver/Src/stm32h7xx_hal_spi.c:2200:35
	str	r0, [r1, #80]
	.loc	7 2203 3 is_stmt 1              @ ../Drivers/STM32H7xx_HAL_Driver/Src/stm32h7xx_hal_spi.c:2203:3
	ldr	r0, [sp, #8]
	ldr	r1, [r0]
	ldr	r0, [r1, #8]
	bic	r0, r0, #32768
	str	r0, [r1, #8]
.Ltmp533:
	.loc	7 2206 34                       @ ../Drivers/STM32H7xx_HAL_Driver/Src/stm32h7xx_hal_spi.c:2206:34
	ldr	r3, [sp, #8]
	.loc	7 2206 93 is_stmt 0             @ ../Drivers/STM32H7xx_HAL_Driver/Src/stm32h7xx_hal_spi.c:2206:93
	ldr	r2, [r3]
	.loc	7 2206 64                       @ ../Drivers/STM32H7xx_HAL_Driver/Src/stm32h7xx_hal_spi.c:2206:64
	ldr	r1, [r3, #92]
	.loc	7 2206 40                       @ ../Drivers/STM32H7xx_HAL_Driver/Src/stm32h7xx_hal_spi.c:2206:40
	ldr	r0, [r3, #120]
	.loc	7 2206 103                      @ ../Drivers/STM32H7xx_HAL_Driver/Src/stm32h7xx_hal_spi.c:2206:103
	adds	r2, #32
	.loc	7 2207 40 is_stmt 1             @ ../Drivers/STM32H7xx_HAL_Driver/Src/stm32h7xx_hal_spi.c:2207:40
	ldrh.w	r3, [r3, #98]
	.loc	7 2206 17                       @ ../Drivers/STM32H7xx_HAL_Driver/Src/stm32h7xx_hal_spi.c:2206:17
	bl	HAL_DMA_Start_IT
.Ltmp534:
	.loc	7 2206 7 is_stmt 0              @ ../Drivers/STM32H7xx_HAL_Driver/Src/stm32h7xx_hal_spi.c:2206:7
	cbz	r0, .LBB19_37
	b	.LBB19_34
.LBB19_34:
.Ltmp535:
	.loc	7 2210 5 is_stmt 1              @ ../Drivers/STM32H7xx_HAL_Driver/Src/stm32h7xx_hal_spi.c:2210:5
	ldr	r1, [sp, #8]
	ldr.w	r0, [r1, #132]
	orr	r0, r0, #16
	str.w	r0, [r1, #132]
	.loc	7 2211 5                        @ ../Drivers/STM32H7xx_HAL_Driver/Src/stm32h7xx_hal_spi.c:2211:5
	ldr	r1, [sp, #8]
	movs	r0, #1
	.loc	7 2211 17 is_stmt 0             @ ../Drivers/STM32H7xx_HAL_Driver/Src/stm32h7xx_hal_spi.c:2211:17
	strb.w	r0, [r1, #129]
	.loc	7 2214 5 is_stmt 1              @ ../Drivers/STM32H7xx_HAL_Driver/Src/stm32h7xx_hal_spi.c:2214:5
	b	.LBB19_35
.LBB19_35:
.Ltmp536:
	.loc	7 2214 5 is_stmt 0              @ ../Drivers/STM32H7xx_HAL_Driver/Src/stm32h7xx_hal_spi.c:2214:5
	ldr	r1, [sp, #8]
	movs	r0, #0
	strb.w	r0, [r1, #128]
	b	.LBB19_36
.Ltmp537:
.LBB19_36:
	.loc	7 0 5                           @ ../Drivers/STM32H7xx_HAL_Driver/Src/stm32h7xx_hal_spi.c:0:5
	movs	r0, #1
	.loc	7 2216 5 is_stmt 1              @ ../Drivers/STM32H7xx_HAL_Driver/Src/stm32h7xx_hal_spi.c:2216:5
	strb.w	r0, [sp, #15]
	b	.LBB19_45
.Ltmp538:
.LBB19_37:
	.loc	7 2220 7                        @ ../Drivers/STM32H7xx_HAL_Driver/Src/stm32h7xx_hal_spi.c:2220:7
	ldr	r0, [sp, #8]
	.loc	7 2220 13 is_stmt 0             @ ../Drivers/STM32H7xx_HAL_Driver/Src/stm32h7xx_hal_spi.c:2220:13
	ldr	r0, [r0, #120]
	.loc	7 2220 26                       @ ../Drivers/STM32H7xx_HAL_Driver/Src/stm32h7xx_hal_spi.c:2220:26
	ldr	r0, [r0, #28]
.Ltmp539:
	.loc	7 2220 7                        @ ../Drivers/STM32H7xx_HAL_Driver/Src/stm32h7xx_hal_spi.c:2220:7
	cmp.w	r0, #256
	bne	.LBB19_39
	b	.LBB19_38
.LBB19_38:
.Ltmp540:
	.loc	7 2222 5 is_stmt 1              @ ../Drivers/STM32H7xx_HAL_Driver/Src/stm32h7xx_hal_spi.c:2222:5
	ldr	r0, [sp, #8]
	ldr	r0, [r0]
	ldr	r0, [r0, #4]
	movw	r1, #65535
	bics	r0, r1
	ldr	r1, [sp, #8]
	ldr	r1, [r1]
	str	r0, [r1, #4]
	.loc	7 2223 3                        @ ../Drivers/STM32H7xx_HAL_Driver/Src/stm32h7xx_hal_spi.c:2223:3
	b	.LBB19_40
.Ltmp541:
.LBB19_39:
	.loc	7 2226 5                        @ ../Drivers/STM32H7xx_HAL_Driver/Src/stm32h7xx_hal_spi.c:2226:5
	ldr	r0, [sp, #8]
	ldr	r0, [r0]
	ldr	r0, [r0, #4]
	movw	r1, #65535
	bics	r0, r1
	ldrh.w	r1, [sp, #2]
	add	r0, r1
	ldr	r1, [sp, #8]
	ldr	r1, [r1]
	str	r0, [r1, #4]
	b	.LBB19_40
.Ltmp542:
.LBB19_40:
	.loc	7 2230 3                        @ ../Drivers/STM32H7xx_HAL_Driver/Src/stm32h7xx_hal_spi.c:2230:3
	ldr	r0, [sp, #8]
	ldr	r1, [r0]
	ldr	r0, [r1, #8]
	orr	r0, r0, #32768
	str	r0, [r1, #8]
	.loc	7 2233 3                        @ ../Drivers/STM32H7xx_HAL_Driver/Src/stm32h7xx_hal_spi.c:2233:3
	ldr	r0, [sp, #8]
	ldr	r1, [r0]
	ldr	r0, [r1, #16]
	orr	r0, r0, #800
	str	r0, [r1, #16]
	.loc	7 2236 3                        @ ../Drivers/STM32H7xx_HAL_Driver/Src/stm32h7xx_hal_spi.c:2236:3
	ldr	r0, [sp, #8]
	ldr	r1, [r0]
	ldr	r0, [r1]
	orr	r0, r0, #1
	str	r0, [r1]
.Ltmp543:
	.loc	7 2238 7                        @ ../Drivers/STM32H7xx_HAL_Driver/Src/stm32h7xx_hal_spi.c:2238:7
	ldr	r0, [sp, #8]
	.loc	7 2238 18 is_stmt 0             @ ../Drivers/STM32H7xx_HAL_Driver/Src/stm32h7xx_hal_spi.c:2238:18
	ldr	r0, [r0, #4]
.Ltmp544:
	.loc	7 2238 7                        @ ../Drivers/STM32H7xx_HAL_Driver/Src/stm32h7xx_hal_spi.c:2238:7
	cmp.w	r0, #4194304
	bne	.LBB19_42
	b	.LBB19_41
.LBB19_41:
.Ltmp545:
	.loc	7 2241 5 is_stmt 1              @ ../Drivers/STM32H7xx_HAL_Driver/Src/stm32h7xx_hal_spi.c:2241:5
	ldr	r0, [sp, #8]
	ldr	r1, [r0]
	ldr	r0, [r1]
	orr	r0, r0, #512
	str	r0, [r1]
	.loc	7 2242 3                        @ ../Drivers/STM32H7xx_HAL_Driver/Src/stm32h7xx_hal_spi.c:2242:3
	b	.LBB19_42
.Ltmp546:
.LBB19_42:
	.loc	7 2245 3                        @ ../Drivers/STM32H7xx_HAL_Driver/Src/stm32h7xx_hal_spi.c:2245:3
	b	.LBB19_43
.LBB19_43:
.Ltmp547:
	.loc	7 2245 3 is_stmt 0              @ ../Drivers/STM32H7xx_HAL_Driver/Src/stm32h7xx_hal_spi.c:2245:3
	ldr	r1, [sp, #8]
	movs	r0, #0
	strb.w	r0, [r1, #128]
	b	.LBB19_44
.Ltmp548:
.LBB19_44:
	.loc	7 0 3                           @ ../Drivers/STM32H7xx_HAL_Driver/Src/stm32h7xx_hal_spi.c:0:3
	movs	r0, #0
	.loc	7 2247 3 is_stmt 1              @ ../Drivers/STM32H7xx_HAL_Driver/Src/stm32h7xx_hal_spi.c:2247:3
	strb.w	r0, [sp, #15]
	b	.LBB19_45
.LBB19_45:
	.loc	7 2248 1                        @ ../Drivers/STM32H7xx_HAL_Driver/Src/stm32h7xx_hal_spi.c:2248:1
	ldrb.w	r0, [sp, #15]
	.loc	7 2248 1 epilogue_begin is_stmt 0 @ ../Drivers/STM32H7xx_HAL_Driver/Src/stm32h7xx_hal_spi.c:2248:1
	add	sp, #16
	pop	{r7, pc}
.Ltmp549:
.Lfunc_end19:
	.size	HAL_SPI_Transmit_DMA, .Lfunc_end19-HAL_SPI_Transmit_DMA
	.cfi_endproc
	.cantunwind
	.fnend
                                        @ -- End function
	.section	.text.SPI_DMAHalfTransmitCplt,"ax",%progbits
	.p2align	3                               @ -- Begin function SPI_DMAHalfTransmitCplt
	.type	SPI_DMAHalfTransmitCplt,%function
	.code	16                              @ @SPI_DMAHalfTransmitCplt
	.thumb_func
SPI_DMAHalfTransmitCplt:
.Lfunc_begin20:
	.loc	7 3465 0 is_stmt 1              @ ../Drivers/STM32H7xx_HAL_Driver/Src/stm32h7xx_hal_spi.c:3465:0
	.fnstart
	.cfi_startproc
@ %bb.0:
	.save	{r7, lr}
	push	{r7, lr}
	.cfi_def_cfa_offset 8
	.cfi_offset lr, -4
	.cfi_offset r7, -8
	.pad	#8
	sub	sp, #8
	.cfi_def_cfa_offset 16
	str	r0, [sp, #4]
.Ltmp550:
	.loc	7 3467 51 prologue_end          @ ../Drivers/STM32H7xx_HAL_Driver/Src/stm32h7xx_hal_spi.c:3467:51
	ldr	r0, [sp, #4]
	.loc	7 3467 58 is_stmt 0             @ ../Drivers/STM32H7xx_HAL_Driver/Src/stm32h7xx_hal_spi.c:3467:58
	ldr	r0, [r0, #56]
	.loc	7 3466 22 is_stmt 1             @ ../Drivers/STM32H7xx_HAL_Driver/Src/stm32h7xx_hal_spi.c:3466:22
	str	r0, [sp]
	.loc	7 3472 30                       @ ../Drivers/STM32H7xx_HAL_Driver/Src/stm32h7xx_hal_spi.c:3472:30
	ldr	r0, [sp]
	.loc	7 3472 3 is_stmt 0              @ ../Drivers/STM32H7xx_HAL_Driver/Src/stm32h7xx_hal_spi.c:3472:3
	bl	HAL_SPI_TxHalfCpltCallback
	.loc	7 3474 1 epilogue_begin is_stmt 1 @ ../Drivers/STM32H7xx_HAL_Driver/Src/stm32h7xx_hal_spi.c:3474:1
	add	sp, #8
	pop	{r7, pc}
.Ltmp551:
.Lfunc_end20:
	.size	SPI_DMAHalfTransmitCplt, .Lfunc_end20-SPI_DMAHalfTransmitCplt
	.cfi_endproc
	.cantunwind
	.fnend
                                        @ -- End function
	.section	.text.SPI_DMATransmitCplt,"ax",%progbits
	.p2align	3                               @ -- Begin function SPI_DMATransmitCplt
	.type	SPI_DMATransmitCplt,%function
	.code	16                              @ @SPI_DMATransmitCplt
	.thumb_func
SPI_DMATransmitCplt:
.Lfunc_begin21:
	.loc	7 3381 0                        @ ../Drivers/STM32H7xx_HAL_Driver/Src/stm32h7xx_hal_spi.c:3381:0
	.fnstart
	.cfi_startproc
@ %bb.0:
	.save	{r7, lr}
	push	{r7, lr}
	.cfi_def_cfa_offset 8
	.cfi_offset lr, -4
	.cfi_offset r7, -8
	.pad	#8
	sub	sp, #8
	.cfi_def_cfa_offset 16
	str	r0, [sp, #4]
.Ltmp552:
	.loc	7 3382 72 prologue_end          @ ../Drivers/STM32H7xx_HAL_Driver/Src/stm32h7xx_hal_spi.c:3382:72
	ldr	r0, [sp, #4]
	.loc	7 3382 79 is_stmt 0             @ ../Drivers/STM32H7xx_HAL_Driver/Src/stm32h7xx_hal_spi.c:3382:79
	ldr	r0, [r0, #56]
	.loc	7 3382 22                       @ ../Drivers/STM32H7xx_HAL_Driver/Src/stm32h7xx_hal_spi.c:3382:22
	str	r0, [sp]
.Ltmp553:
	.loc	7 3384 7 is_stmt 1              @ ../Drivers/STM32H7xx_HAL_Driver/Src/stm32h7xx_hal_spi.c:3384:7
	ldr	r0, [sp]
	.loc	7 3384 13 is_stmt 0             @ ../Drivers/STM32H7xx_HAL_Driver/Src/stm32h7xx_hal_spi.c:3384:13
	ldrb.w	r0, [r0, #129]
.Ltmp554:
	.loc	7 3384 7                        @ ../Drivers/STM32H7xx_HAL_Driver/Src/stm32h7xx_hal_spi.c:3384:7
	cmp	r0, #7
	beq	.LBB21_5
	b	.LBB21_1
.LBB21_1:
.Ltmp555:
	.loc	7 3386 9 is_stmt 1              @ ../Drivers/STM32H7xx_HAL_Driver/Src/stm32h7xx_hal_spi.c:3386:9
	ldr	r0, [sp]
	.loc	7 3386 15 is_stmt 0             @ ../Drivers/STM32H7xx_HAL_Driver/Src/stm32h7xx_hal_spi.c:3386:15
	ldr	r0, [r0, #120]
	.loc	7 3386 28                       @ ../Drivers/STM32H7xx_HAL_Driver/Src/stm32h7xx_hal_spi.c:3386:28
	ldr	r0, [r0, #28]
.Ltmp556:
	.loc	7 3386 9                        @ ../Drivers/STM32H7xx_HAL_Driver/Src/stm32h7xx_hal_spi.c:3386:9
	cmp.w	r0, #256
	bne	.LBB21_3
	b	.LBB21_2
.LBB21_2:
.Ltmp557:
	.loc	7 3391 30 is_stmt 1             @ ../Drivers/STM32H7xx_HAL_Driver/Src/stm32h7xx_hal_spi.c:3391:30
	ldr	r0, [sp]
	.loc	7 3391 7 is_stmt 0              @ ../Drivers/STM32H7xx_HAL_Driver/Src/stm32h7xx_hal_spi.c:3391:7
	bl	HAL_SPI_TxCpltCallback
	.loc	7 3393 5 is_stmt 1              @ ../Drivers/STM32H7xx_HAL_Driver/Src/stm32h7xx_hal_spi.c:3393:5
	b	.LBB21_4
.Ltmp558:
.LBB21_3:
	.loc	7 3397 7                        @ ../Drivers/STM32H7xx_HAL_Driver/Src/stm32h7xx_hal_spi.c:3397:7
	ldr	r0, [sp]
	ldr	r1, [r0]
	ldr	r0, [r1, #16]
	orr	r0, r0, #8
	str	r0, [r1, #16]
	b	.LBB21_4
.Ltmp559:
.LBB21_4:
	.loc	7 3399 3                        @ ../Drivers/STM32H7xx_HAL_Driver/Src/stm32h7xx_hal_spi.c:3399:3
	b	.LBB21_5
.Ltmp560:
.LBB21_5:
	.loc	7 3400 1 epilogue_begin         @ ../Drivers/STM32H7xx_HAL_Driver/Src/stm32h7xx_hal_spi.c:3400:1
	add	sp, #8
	pop	{r7, pc}
.Ltmp561:
.Lfunc_end21:
	.size	SPI_DMATransmitCplt, .Lfunc_end21-SPI_DMATransmitCplt
	.cfi_endproc
	.cantunwind
	.fnend
                                        @ -- End function
	.section	.text.SPI_DMAError,"ax",%progbits
	.p2align	3                               @ -- Begin function SPI_DMAError
	.type	SPI_DMAError,%function
	.code	16                              @ @SPI_DMAError
	.thumb_func
SPI_DMAError:
.Lfunc_begin22:
	.loc	7 3519 0                        @ ../Drivers/STM32H7xx_HAL_Driver/Src/stm32h7xx_hal_spi.c:3519:0
	.fnstart
	.cfi_startproc
@ %bb.0:
	.save	{r7, lr}
	push	{r7, lr}
	.cfi_def_cfa_offset 8
	.cfi_offset lr, -4
	.cfi_offset r7, -8
	.pad	#8
	sub	sp, #8
	.cfi_def_cfa_offset 16
	str	r0, [sp, #4]
.Ltmp562:
	.loc	7 3520 72 prologue_end          @ ../Drivers/STM32H7xx_HAL_Driver/Src/stm32h7xx_hal_spi.c:3520:72
	ldr	r0, [sp, #4]
	.loc	7 3520 79 is_stmt 0             @ ../Drivers/STM32H7xx_HAL_Driver/Src/stm32h7xx_hal_spi.c:3520:79
	ldr	r0, [r0, #56]
	.loc	7 3520 22                       @ ../Drivers/STM32H7xx_HAL_Driver/Src/stm32h7xx_hal_spi.c:3520:22
	str	r0, [sp]
.Ltmp563:
	.loc	7 3523 24 is_stmt 1             @ ../Drivers/STM32H7xx_HAL_Driver/Src/stm32h7xx_hal_spi.c:3523:24
	ldr	r0, [sp, #4]
	.loc	7 3523 7 is_stmt 0              @ ../Drivers/STM32H7xx_HAL_Driver/Src/stm32h7xx_hal_spi.c:3523:7
	bl	HAL_DMA_GetError
.Ltmp564:
	.loc	7 3523 7                        @ ../Drivers/STM32H7xx_HAL_Driver/Src/stm32h7xx_hal_spi.c:3523:7
	cmp	r0, #2
	beq	.LBB22_2
	b	.LBB22_1
.LBB22_1:
.Ltmp565:
	.loc	7 3526 23 is_stmt 1             @ ../Drivers/STM32H7xx_HAL_Driver/Src/stm32h7xx_hal_spi.c:3526:23
	ldr	r0, [sp]
	.loc	7 3526 5 is_stmt 0              @ ../Drivers/STM32H7xx_HAL_Driver/Src/stm32h7xx_hal_spi.c:3526:5
	bl	SPI_CloseTransfer
	.loc	7 3528 5 is_stmt 1              @ ../Drivers/STM32H7xx_HAL_Driver/Src/stm32h7xx_hal_spi.c:3528:5
	ldr	r1, [sp]
	ldr.w	r0, [r1, #132]
	orr	r0, r0, #16
	str.w	r0, [r1, #132]
	.loc	7 3529 5                        @ ../Drivers/STM32H7xx_HAL_Driver/Src/stm32h7xx_hal_spi.c:3529:5
	ldr	r1, [sp]
	movs	r0, #1
	.loc	7 3529 17 is_stmt 0             @ ../Drivers/STM32H7xx_HAL_Driver/Src/stm32h7xx_hal_spi.c:3529:17
	strb.w	r0, [r1, #129]
	.loc	7 3533 27 is_stmt 1             @ ../Drivers/STM32H7xx_HAL_Driver/Src/stm32h7xx_hal_spi.c:3533:27
	ldr	r0, [sp]
	.loc	7 3533 5 is_stmt 0              @ ../Drivers/STM32H7xx_HAL_Driver/Src/stm32h7xx_hal_spi.c:3533:5
	bl	HAL_SPI_ErrorCallback
	.loc	7 3535 3 is_stmt 1              @ ../Drivers/STM32H7xx_HAL_Driver/Src/stm32h7xx_hal_spi.c:3535:3
	b	.LBB22_2
.Ltmp566:
.LBB22_2:
	.loc	7 3536 1 epilogue_begin         @ ../Drivers/STM32H7xx_HAL_Driver/Src/stm32h7xx_hal_spi.c:3536:1
	add	sp, #8
	pop	{r7, pc}
.Ltmp567:
.Lfunc_end22:
	.size	SPI_DMAError, .Lfunc_end22-SPI_DMAError
	.cfi_endproc
	.cantunwind
	.fnend
                                        @ -- End function
	.section	.text.HAL_SPI_Receive_DMA,"ax",%progbits
	.hidden	HAL_SPI_Receive_DMA             @ -- Begin function HAL_SPI_Receive_DMA
	.globl	HAL_SPI_Receive_DMA
	.p2align	3
	.type	HAL_SPI_Receive_DMA,%function
	.code	16                              @ @HAL_SPI_Receive_DMA
	.thumb_func
HAL_SPI_Receive_DMA:
.Lfunc_begin23:
	.loc	7 2260 0                        @ ../Drivers/STM32H7xx_HAL_Driver/Src/stm32h7xx_hal_spi.c:2260:0
	.fnstart
	.cfi_startproc
@ %bb.0:
	.save	{r7, lr}
	push	{r7, lr}
	.cfi_def_cfa_offset 8
	.cfi_offset lr, -4
	.cfi_offset r7, -8
	.pad	#16
	sub	sp, #16
	.cfi_def_cfa_offset 24
                                        @ kill: def $r3 killed $r2
	str	r0, [sp, #8]
	str	r1, [sp, #4]
	strh.w	r2, [sp, #2]
.Ltmp568:
	.loc	7 2265 7 prologue_end           @ ../Drivers/STM32H7xx_HAL_Driver/Src/stm32h7xx_hal_spi.c:2265:7
	ldr	r0, [sp, #8]
	.loc	7 2265 13 is_stmt 0             @ ../Drivers/STM32H7xx_HAL_Driver/Src/stm32h7xx_hal_spi.c:2265:13
	ldrb.w	r0, [r0, #129]
.Ltmp569:
	.loc	7 2265 7                        @ ../Drivers/STM32H7xx_HAL_Driver/Src/stm32h7xx_hal_spi.c:2265:7
	cmp	r0, #1
	beq	.LBB23_4
	b	.LBB23_1
.LBB23_1:
.Ltmp570:
	.loc	7 2267 5 is_stmt 1              @ ../Drivers/STM32H7xx_HAL_Driver/Src/stm32h7xx_hal_spi.c:2267:5
	b	.LBB23_2
.LBB23_2:
.Ltmp571:
	.loc	7 2267 5 is_stmt 0              @ ../Drivers/STM32H7xx_HAL_Driver/Src/stm32h7xx_hal_spi.c:2267:5
	ldr	r1, [sp, #8]
	movs	r0, #0
	strb.w	r0, [r1, #128]
	b	.LBB23_3
.Ltmp572:
.LBB23_3:
	.loc	7 0 5                           @ ../Drivers/STM32H7xx_HAL_Driver/Src/stm32h7xx_hal_spi.c:0:5
	movs	r0, #2
	.loc	7 2268 5 is_stmt 1              @ ../Drivers/STM32H7xx_HAL_Driver/Src/stm32h7xx_hal_spi.c:2268:5
	strb.w	r0, [sp, #15]
	b	.LBB23_49
.Ltmp573:
.LBB23_4:
	.loc	7 2271 8                        @ ../Drivers/STM32H7xx_HAL_Driver/Src/stm32h7xx_hal_spi.c:2271:8
	ldr	r0, [sp, #4]
	.loc	7 2271 23 is_stmt 0             @ ../Drivers/STM32H7xx_HAL_Driver/Src/stm32h7xx_hal_spi.c:2271:23
	cbz	r0, .LBB23_6
	b	.LBB23_5
.LBB23_5:
	.loc	7 2271 27                       @ ../Drivers/STM32H7xx_HAL_Driver/Src/stm32h7xx_hal_spi.c:2271:27
	ldrh.w	r0, [sp, #2]
.Ltmp574:
	.loc	7 2271 7                        @ ../Drivers/STM32H7xx_HAL_Driver/Src/stm32h7xx_hal_spi.c:2271:7
	cbnz	r0, .LBB23_9
	b	.LBB23_6
.LBB23_6:
.Ltmp575:
	.loc	7 2273 5 is_stmt 1              @ ../Drivers/STM32H7xx_HAL_Driver/Src/stm32h7xx_hal_spi.c:2273:5
	b	.LBB23_7
.LBB23_7:
.Ltmp576:
	.loc	7 2273 5 is_stmt 0              @ ../Drivers/STM32H7xx_HAL_Driver/Src/stm32h7xx_hal_spi.c:2273:5
	ldr	r1, [sp, #8]
	movs	r0, #0
	strb.w	r0, [r1, #128]
	b	.LBB23_8
.Ltmp577:
.LBB23_8:
	.loc	7 0 5                           @ ../Drivers/STM32H7xx_HAL_Driver/Src/stm32h7xx_hal_spi.c:0:5
	movs	r0, #1
	.loc	7 2274 5 is_stmt 1              @ ../Drivers/STM32H7xx_HAL_Driver/Src/stm32h7xx_hal_spi.c:2274:5
	strb.w	r0, [sp, #15]
	b	.LBB23_49
.Ltmp578:
.LBB23_9:
	.loc	7 2278 3                        @ ../Drivers/STM32H7xx_HAL_Driver/Src/stm32h7xx_hal_spi.c:2278:3
	b	.LBB23_10
.LBB23_10:
.Ltmp579:
	.loc	7 2278 3 is_stmt 0              @ ../Drivers/STM32H7xx_HAL_Driver/Src/stm32h7xx_hal_spi.c:2278:3
	ldr	r0, [sp, #8]
	ldrb.w	r0, [r0, #128]
.Ltmp580:
	.loc	7 2278 3                        @ ../Drivers/STM32H7xx_HAL_Driver/Src/stm32h7xx_hal_spi.c:2278:3
	cmp	r0, #1
	bne	.LBB23_12
	b	.LBB23_11
.LBB23_11:
	.loc	7 0 3                           @ ../Drivers/STM32H7xx_HAL_Driver/Src/stm32h7xx_hal_spi.c:0:3
	movs	r0, #2
.Ltmp581:
	.loc	7 2278 3                        @ ../Drivers/STM32H7xx_HAL_Driver/Src/stm32h7xx_hal_spi.c:2278:3
	strb.w	r0, [sp, #15]
	b	.LBB23_49
.Ltmp582:
.LBB23_12:
	.loc	7 2278 3                        @ ../Drivers/STM32H7xx_HAL_Driver/Src/stm32h7xx_hal_spi.c:2278:3
	ldr	r1, [sp, #8]
	movs	r0, #1
	strb.w	r0, [r1, #128]
	b	.LBB23_13
.Ltmp583:
.LBB23_13:
	.loc	7 2278 3                        @ ../Drivers/STM32H7xx_HAL_Driver/Src/stm32h7xx_hal_spi.c:2278:3
	b	.LBB23_14
.Ltmp584:
.LBB23_14:
	.loc	7 2281 3 is_stmt 1              @ ../Drivers/STM32H7xx_HAL_Driver/Src/stm32h7xx_hal_spi.c:2281:3
	ldr	r1, [sp, #8]
	movs	r0, #4
	.loc	7 2281 21 is_stmt 0             @ ../Drivers/STM32H7xx_HAL_Driver/Src/stm32h7xx_hal_spi.c:2281:21
	strb.w	r0, [r1, #129]
	.loc	7 2282 3 is_stmt 1              @ ../Drivers/STM32H7xx_HAL_Driver/Src/stm32h7xx_hal_spi.c:2282:3
	ldr	r1, [sp, #8]
	movs	r0, #0
	.loc	7 2282 21 is_stmt 0             @ ../Drivers/STM32H7xx_HAL_Driver/Src/stm32h7xx_hal_spi.c:2282:21
	str.w	r0, [r1, #132]
	.loc	7 2283 34 is_stmt 1             @ ../Drivers/STM32H7xx_HAL_Driver/Src/stm32h7xx_hal_spi.c:2283:34
	ldr	r1, [sp, #4]
	.loc	7 2283 3 is_stmt 0              @ ../Drivers/STM32H7xx_HAL_Driver/Src/stm32h7xx_hal_spi.c:2283:3
	ldr	r2, [sp, #8]
	.loc	7 2283 21                       @ ../Drivers/STM32H7xx_HAL_Driver/Src/stm32h7xx_hal_spi.c:2283:21
	str	r1, [r2, #100]
	.loc	7 2284 23 is_stmt 1             @ ../Drivers/STM32H7xx_HAL_Driver/Src/stm32h7xx_hal_spi.c:2284:23
	ldrh.w	r1, [sp, #2]
	.loc	7 2284 3 is_stmt 0              @ ../Drivers/STM32H7xx_HAL_Driver/Src/stm32h7xx_hal_spi.c:2284:3
	ldr	r2, [sp, #8]
	.loc	7 2284 21                       @ ../Drivers/STM32H7xx_HAL_Driver/Src/stm32h7xx_hal_spi.c:2284:21
	strh.w	r1, [r2, #104]
	.loc	7 2285 23 is_stmt 1             @ ../Drivers/STM32H7xx_HAL_Driver/Src/stm32h7xx_hal_spi.c:2285:23
	ldrh.w	r1, [sp, #2]
	.loc	7 2285 3 is_stmt 0              @ ../Drivers/STM32H7xx_HAL_Driver/Src/stm32h7xx_hal_spi.c:2285:3
	ldr	r2, [sp, #8]
	.loc	7 2285 21                       @ ../Drivers/STM32H7xx_HAL_Driver/Src/stm32h7xx_hal_spi.c:2285:21
	strh.w	r1, [r2, #106]
	.loc	7 2288 3 is_stmt 1              @ ../Drivers/STM32H7xx_HAL_Driver/Src/stm32h7xx_hal_spi.c:2288:3
	ldr	r1, [sp, #8]
	.loc	7 2288 21 is_stmt 0             @ ../Drivers/STM32H7xx_HAL_Driver/Src/stm32h7xx_hal_spi.c:2288:21
	str	r0, [r1, #112]
	.loc	7 2289 3 is_stmt 1              @ ../Drivers/STM32H7xx_HAL_Driver/Src/stm32h7xx_hal_spi.c:2289:3
	ldr	r1, [sp, #8]
	.loc	7 2289 21 is_stmt 0             @ ../Drivers/STM32H7xx_HAL_Driver/Src/stm32h7xx_hal_spi.c:2289:21
	str	r0, [r1, #116]
	.loc	7 2290 3 is_stmt 1              @ ../Drivers/STM32H7xx_HAL_Driver/Src/stm32h7xx_hal_spi.c:2290:3
	ldr	r1, [sp, #8]
	.loc	7 2290 21 is_stmt 0             @ ../Drivers/STM32H7xx_HAL_Driver/Src/stm32h7xx_hal_spi.c:2290:21
	strh.w	r0, [r1, #96]
	.loc	7 2291 3 is_stmt 1              @ ../Drivers/STM32H7xx_HAL_Driver/Src/stm32h7xx_hal_spi.c:2291:3
	ldr	r1, [sp, #8]
	.loc	7 2291 21 is_stmt 0             @ ../Drivers/STM32H7xx_HAL_Driver/Src/stm32h7xx_hal_spi.c:2291:21
	strh.w	r0, [r1, #98]
.Ltmp585:
	.loc	7 2294 7 is_stmt 1              @ ../Drivers/STM32H7xx_HAL_Driver/Src/stm32h7xx_hal_spi.c:2294:7
	ldr	r0, [sp, #8]
	.loc	7 2294 18 is_stmt 0             @ ../Drivers/STM32H7xx_HAL_Driver/Src/stm32h7xx_hal_spi.c:2294:18
	ldr	r0, [r0, #8]
.Ltmp586:
	.loc	7 2294 7                        @ ../Drivers/STM32H7xx_HAL_Driver/Src/stm32h7xx_hal_spi.c:2294:7
	cmp.w	r0, #393216
	bne	.LBB23_16
	b	.LBB23_15
.LBB23_15:
.Ltmp587:
	.loc	7 2296 5 is_stmt 1              @ ../Drivers/STM32H7xx_HAL_Driver/Src/stm32h7xx_hal_spi.c:2296:5
	ldr	r0, [sp, #8]
	ldr	r1, [r0]
	ldr	r0, [r1]
	bic	r0, r0, #2048
	str	r0, [r1]
	.loc	7 2297 3                        @ ../Drivers/STM32H7xx_HAL_Driver/Src/stm32h7xx_hal_spi.c:2297:3
	b	.LBB23_17
.Ltmp588:
.LBB23_16:
	.loc	7 2300 5                        @ ../Drivers/STM32H7xx_HAL_Driver/Src/stm32h7xx_hal_spi.c:2300:5
	ldr	r0, [sp, #8]
	ldr	r0, [r0]
	ldr	r0, [r0, #12]
	movs	r1, #2
	bfi	r0, r1, #17, #2
	ldr	r1, [sp, #8]
	ldr	r1, [r1]
	str	r0, [r1, #12]
	b	.LBB23_17
.Ltmp589:
.LBB23_17:
	.loc	7 2304 9                        @ ../Drivers/STM32H7xx_HAL_Driver/Src/stm32h7xx_hal_spi.c:2304:9
	ldr	r0, [sp, #8]
	.loc	7 2304 20 is_stmt 0             @ ../Drivers/STM32H7xx_HAL_Driver/Src/stm32h7xx_hal_spi.c:2304:20
	ldr	r0, [r0, #12]
	.loc	7 2304 51                       @ ../Drivers/STM32H7xx_HAL_Driver/Src/stm32h7xx_hal_spi.c:2304:51
	cmp	r0, #16
	blo	.LBB23_19
	b	.LBB23_18
.LBB23_18:
	.loc	7 2304 55                       @ ../Drivers/STM32H7xx_HAL_Driver/Src/stm32h7xx_hal_spi.c:2304:55
	ldr	r0, [sp, #8]
	.loc	7 2304 61                       @ ../Drivers/STM32H7xx_HAL_Driver/Src/stm32h7xx_hal_spi.c:2304:61
	ldr	r0, [r0, #124]
	.loc	7 2304 74                       @ ../Drivers/STM32H7xx_HAL_Driver/Src/stm32h7xx_hal_spi.c:2304:74
	ldr	r0, [r0, #24]
	.loc	7 2304 119                      @ ../Drivers/STM32H7xx_HAL_Driver/Src/stm32h7xx_hal_spi.c:2304:119
	cmp.w	r0, #16384
	bne	.LBB23_22
	b	.LBB23_19
.LBB23_19:
	.loc	7 2305 9 is_stmt 1              @ ../Drivers/STM32H7xx_HAL_Driver/Src/stm32h7xx_hal_spi.c:2305:9
	ldr	r0, [sp, #8]
	.loc	7 2305 20 is_stmt 0             @ ../Drivers/STM32H7xx_HAL_Driver/Src/stm32h7xx_hal_spi.c:2305:20
	ldr	r0, [r0, #12]
	.loc	7 2305 50                       @ ../Drivers/STM32H7xx_HAL_Driver/Src/stm32h7xx_hal_spi.c:2305:50
	cmp	r0, #8
	blo	.LBB23_25
	b	.LBB23_20
.LBB23_20:
	.loc	7 2305 55                       @ ../Drivers/STM32H7xx_HAL_Driver/Src/stm32h7xx_hal_spi.c:2305:55
	ldr	r0, [sp, #8]
	.loc	7 2305 61                       @ ../Drivers/STM32H7xx_HAL_Driver/Src/stm32h7xx_hal_spi.c:2305:61
	ldr	r0, [r0, #124]
	.loc	7 2305 74                       @ ../Drivers/STM32H7xx_HAL_Driver/Src/stm32h7xx_hal_spi.c:2305:74
	ldr	r0, [r0, #24]
	.loc	7 2305 119                      @ ../Drivers/STM32H7xx_HAL_Driver/Src/stm32h7xx_hal_spi.c:2305:119
	cmp.w	r0, #8192
	beq	.LBB23_25
	b	.LBB23_21
.LBB23_21:
	.loc	7 2306 55 is_stmt 1             @ ../Drivers/STM32H7xx_HAL_Driver/Src/stm32h7xx_hal_spi.c:2306:55
	ldr	r0, [sp, #8]
	.loc	7 2306 61 is_stmt 0             @ ../Drivers/STM32H7xx_HAL_Driver/Src/stm32h7xx_hal_spi.c:2306:61
	ldr	r0, [r0, #124]
	.loc	7 2306 74                       @ ../Drivers/STM32H7xx_HAL_Driver/Src/stm32h7xx_hal_spi.c:2306:74
	ldr	r0, [r0, #24]
.Ltmp590:
	.loc	7 2304 7 is_stmt 1              @ ../Drivers/STM32H7xx_HAL_Driver/Src/stm32h7xx_hal_spi.c:2304:7
	cmp.w	r0, #16384
	beq	.LBB23_25
	b	.LBB23_22
.LBB23_22:
.Ltmp591:
	.loc	7 2309 5                        @ ../Drivers/STM32H7xx_HAL_Driver/Src/stm32h7xx_hal_spi.c:2309:5
	b	.LBB23_23
.LBB23_23:
.Ltmp592:
	.loc	7 2309 5 is_stmt 0              @ ../Drivers/STM32H7xx_HAL_Driver/Src/stm32h7xx_hal_spi.c:2309:5
	ldr	r1, [sp, #8]
	movs	r0, #0
	strb.w	r0, [r1, #128]
	b	.LBB23_24
.Ltmp593:
.LBB23_24:
	.loc	7 0 5                           @ ../Drivers/STM32H7xx_HAL_Driver/Src/stm32h7xx_hal_spi.c:0:5
	movs	r0, #1
	.loc	7 2310 5 is_stmt 1              @ ../Drivers/STM32H7xx_HAL_Driver/Src/stm32h7xx_hal_spi.c:2310:5
	strb.w	r0, [sp, #15]
	b	.LBB23_49
.Ltmp594:
.LBB23_25:
	.loc	7 2314 3                        @ ../Drivers/STM32H7xx_HAL_Driver/Src/stm32h7xx_hal_spi.c:2314:3
	ldr	r0, [sp, #8]
	ldr	r1, [r0]
	ldr	r0, [r1, #8]
	bic	r0, r0, #16384
	str	r0, [r1, #8]
.Ltmp595:
	.loc	7 2317 7                        @ ../Drivers/STM32H7xx_HAL_Driver/Src/stm32h7xx_hal_spi.c:2317:7
	ldr	r0, [sp, #8]
	.loc	7 2317 18 is_stmt 0             @ ../Drivers/STM32H7xx_HAL_Driver/Src/stm32h7xx_hal_spi.c:2317:18
	ldr	r0, [r0, #12]
.Ltmp596:
	.loc	7 2317 7                        @ ../Drivers/STM32H7xx_HAL_Driver/Src/stm32h7xx_hal_spi.c:2317:7
	cmp	r0, #7
	bhi	.LBB23_31
	b	.LBB23_26
.LBB23_26:
.Ltmp597:
	.loc	7 2319 9 is_stmt 1              @ ../Drivers/STM32H7xx_HAL_Driver/Src/stm32h7xx_hal_spi.c:2319:9
	ldr	r0, [sp, #8]
	.loc	7 2319 15 is_stmt 0             @ ../Drivers/STM32H7xx_HAL_Driver/Src/stm32h7xx_hal_spi.c:2319:15
	ldr	r0, [r0, #124]
	.loc	7 2319 28                       @ ../Drivers/STM32H7xx_HAL_Driver/Src/stm32h7xx_hal_spi.c:2319:28
	ldr	r0, [r0, #24]
.Ltmp598:
	.loc	7 2319 9                        @ ../Drivers/STM32H7xx_HAL_Driver/Src/stm32h7xx_hal_spi.c:2319:9
	cmp.w	r0, #8192
	bne	.LBB23_28
	b	.LBB23_27
.LBB23_27:
.Ltmp599:
	.loc	7 2321 28 is_stmt 1             @ ../Drivers/STM32H7xx_HAL_Driver/Src/stm32h7xx_hal_spi.c:2321:28
	ldr	r0, [sp, #8]
	.loc	7 2321 34 is_stmt 0             @ ../Drivers/STM32H7xx_HAL_Driver/Src/stm32h7xx_hal_spi.c:2321:34
	ldrh.w	r0, [r0, #106]
	.loc	7 2321 46                       @ ../Drivers/STM32H7xx_HAL_Driver/Src/stm32h7xx_hal_spi.c:2321:46
	adds	r0, #1
	.loc	7 2321 64                       @ ../Drivers/STM32H7xx_HAL_Driver/Src/stm32h7xx_hal_spi.c:2321:64
	lsrs	r0, r0, #1
	.loc	7 2321 7                        @ ../Drivers/STM32H7xx_HAL_Driver/Src/stm32h7xx_hal_spi.c:2321:7
	ldr	r1, [sp, #8]
	.loc	7 2321 25                       @ ../Drivers/STM32H7xx_HAL_Driver/Src/stm32h7xx_hal_spi.c:2321:25
	strh.w	r0, [r1, #106]
	.loc	7 2322 5 is_stmt 1              @ ../Drivers/STM32H7xx_HAL_Driver/Src/stm32h7xx_hal_spi.c:2322:5
	b	.LBB23_28
.Ltmp600:
.LBB23_28:
	.loc	7 2323 9                        @ ../Drivers/STM32H7xx_HAL_Driver/Src/stm32h7xx_hal_spi.c:2323:9
	ldr	r0, [sp, #8]
	.loc	7 2323 15 is_stmt 0             @ ../Drivers/STM32H7xx_HAL_Driver/Src/stm32h7xx_hal_spi.c:2323:15
	ldr	r0, [r0, #124]
	.loc	7 2323 28                       @ ../Drivers/STM32H7xx_HAL_Driver/Src/stm32h7xx_hal_spi.c:2323:28
	ldr	r0, [r0, #24]
.Ltmp601:
	.loc	7 2323 9                        @ ../Drivers/STM32H7xx_HAL_Driver/Src/stm32h7xx_hal_spi.c:2323:9
	cmp.w	r0, #16384
	bne	.LBB23_30
	b	.LBB23_29
.LBB23_29:
.Ltmp602:
	.loc	7 2325 28 is_stmt 1             @ ../Drivers/STM32H7xx_HAL_Driver/Src/stm32h7xx_hal_spi.c:2325:28
	ldr	r0, [sp, #8]
	.loc	7 2325 34 is_stmt 0             @ ../Drivers/STM32H7xx_HAL_Driver/Src/stm32h7xx_hal_spi.c:2325:34
	ldrh.w	r0, [r0, #106]
	.loc	7 2325 46                       @ ../Drivers/STM32H7xx_HAL_Driver/Src/stm32h7xx_hal_spi.c:2325:46
	adds	r0, #3
	.loc	7 2325 64                       @ ../Drivers/STM32H7xx_HAL_Driver/Src/stm32h7xx_hal_spi.c:2325:64
	lsrs	r0, r0, #2
	.loc	7 2325 7                        @ ../Drivers/STM32H7xx_HAL_Driver/Src/stm32h7xx_hal_spi.c:2325:7
	ldr	r1, [sp, #8]
	.loc	7 2325 25                       @ ../Drivers/STM32H7xx_HAL_Driver/Src/stm32h7xx_hal_spi.c:2325:25
	strh.w	r0, [r1, #106]
	.loc	7 2326 5 is_stmt 1              @ ../Drivers/STM32H7xx_HAL_Driver/Src/stm32h7xx_hal_spi.c:2326:5
	b	.LBB23_30
.Ltmp603:
.LBB23_30:
	.loc	7 2327 3                        @ ../Drivers/STM32H7xx_HAL_Driver/Src/stm32h7xx_hal_spi.c:2327:3
	b	.LBB23_37
.Ltmp604:
.LBB23_31:
	.loc	7 2328 12                       @ ../Drivers/STM32H7xx_HAL_Driver/Src/stm32h7xx_hal_spi.c:2328:12
	ldr	r0, [sp, #8]
	.loc	7 2328 23 is_stmt 0             @ ../Drivers/STM32H7xx_HAL_Driver/Src/stm32h7xx_hal_spi.c:2328:23
	ldr	r0, [r0, #12]
.Ltmp605:
	.loc	7 2328 12                       @ ../Drivers/STM32H7xx_HAL_Driver/Src/stm32h7xx_hal_spi.c:2328:12
	cmp	r0, #15
	bhi	.LBB23_35
	b	.LBB23_32
.LBB23_32:
.Ltmp606:
	.loc	7 2330 9 is_stmt 1              @ ../Drivers/STM32H7xx_HAL_Driver/Src/stm32h7xx_hal_spi.c:2330:9
	ldr	r0, [sp, #8]
	.loc	7 2330 15 is_stmt 0             @ ../Drivers/STM32H7xx_HAL_Driver/Src/stm32h7xx_hal_spi.c:2330:15
	ldr	r0, [r0, #124]
	.loc	7 2330 28                       @ ../Drivers/STM32H7xx_HAL_Driver/Src/stm32h7xx_hal_spi.c:2330:28
	ldr	r0, [r0, #24]
.Ltmp607:
	.loc	7 2330 9                        @ ../Drivers/STM32H7xx_HAL_Driver/Src/stm32h7xx_hal_spi.c:2330:9
	cmp.w	r0, #16384
	bne	.LBB23_34
	b	.LBB23_33
.LBB23_33:
.Ltmp608:
	.loc	7 2332 28 is_stmt 1             @ ../Drivers/STM32H7xx_HAL_Driver/Src/stm32h7xx_hal_spi.c:2332:28
	ldr	r0, [sp, #8]
	.loc	7 2332 34 is_stmt 0             @ ../Drivers/STM32H7xx_HAL_Driver/Src/stm32h7xx_hal_spi.c:2332:34
	ldrh.w	r0, [r0, #106]
	.loc	7 2332 46                       @ ../Drivers/STM32H7xx_HAL_Driver/Src/stm32h7xx_hal_spi.c:2332:46
	adds	r0, #1
	.loc	7 2332 64                       @ ../Drivers/STM32H7xx_HAL_Driver/Src/stm32h7xx_hal_spi.c:2332:64
	lsrs	r0, r0, #1
	.loc	7 2332 7                        @ ../Drivers/STM32H7xx_HAL_Driver/Src/stm32h7xx_hal_spi.c:2332:7
	ldr	r1, [sp, #8]
	.loc	7 2332 25                       @ ../Drivers/STM32H7xx_HAL_Driver/Src/stm32h7xx_hal_spi.c:2332:25
	strh.w	r0, [r1, #106]
	.loc	7 2333 5 is_stmt 1              @ ../Drivers/STM32H7xx_HAL_Driver/Src/stm32h7xx_hal_spi.c:2333:5
	b	.LBB23_34
.Ltmp609:
.LBB23_34:
	.loc	7 2334 3                        @ ../Drivers/STM32H7xx_HAL_Driver/Src/stm32h7xx_hal_spi.c:2334:3
	b	.LBB23_36
.Ltmp610:
.LBB23_35:
	.loc	7 0 3 is_stmt 0                 @ ../Drivers/STM32H7xx_HAL_Driver/Src/stm32h7xx_hal_spi.c:0:3
	b	.LBB23_36
.LBB23_36:
	b	.LBB23_37
.LBB23_37:
	.loc	7 2341 3 is_stmt 1              @ ../Drivers/STM32H7xx_HAL_Driver/Src/stm32h7xx_hal_spi.c:2341:3
	ldr	r0, [sp, #8]
	.loc	7 2341 9 is_stmt 0              @ ../Drivers/STM32H7xx_HAL_Driver/Src/stm32h7xx_hal_spi.c:2341:9
	ldr	r1, [r0, #124]
	.loc	7 2341 38                       @ ../Drivers/STM32H7xx_HAL_Driver/Src/stm32h7xx_hal_spi.c:2341:38
	movw	r0, :lower16:SPI_DMAHalfReceiveCplt
	movt	r0, :upper16:SPI_DMAHalfReceiveCplt
	str	r0, [r1, #64]
	.loc	7 2344 3 is_stmt 1              @ ../Drivers/STM32H7xx_HAL_Driver/Src/stm32h7xx_hal_spi.c:2344:3
	ldr	r0, [sp, #8]
	.loc	7 2344 9 is_stmt 0              @ ../Drivers/STM32H7xx_HAL_Driver/Src/stm32h7xx_hal_spi.c:2344:9
	ldr	r1, [r0, #124]
	.loc	7 2344 34                       @ ../Drivers/STM32H7xx_HAL_Driver/Src/stm32h7xx_hal_spi.c:2344:34
	movw	r0, :lower16:SPI_DMAReceiveCplt
	movt	r0, :upper16:SPI_DMAReceiveCplt
	str	r0, [r1, #60]
	.loc	7 2347 3 is_stmt 1              @ ../Drivers/STM32H7xx_HAL_Driver/Src/stm32h7xx_hal_spi.c:2347:3
	ldr	r0, [sp, #8]
	.loc	7 2347 9 is_stmt 0              @ ../Drivers/STM32H7xx_HAL_Driver/Src/stm32h7xx_hal_spi.c:2347:9
	ldr	r1, [r0, #124]
	.loc	7 2347 35                       @ ../Drivers/STM32H7xx_HAL_Driver/Src/stm32h7xx_hal_spi.c:2347:35
	movw	r0, :lower16:SPI_DMAError
	movt	r0, :upper16:SPI_DMAError
	str	r0, [r1, #76]
	.loc	7 2350 3 is_stmt 1              @ ../Drivers/STM32H7xx_HAL_Driver/Src/stm32h7xx_hal_spi.c:2350:3
	ldr	r0, [sp, #8]
	.loc	7 2350 9 is_stmt 0              @ ../Drivers/STM32H7xx_HAL_Driver/Src/stm32h7xx_hal_spi.c:2350:9
	ldr	r1, [r0, #124]
	movs	r0, #0
	.loc	7 2350 35                       @ ../Drivers/STM32H7xx_HAL_Driver/Src/stm32h7xx_hal_spi.c:2350:35
	str	r0, [r1, #80]
.Ltmp611:
	.loc	7 2353 34 is_stmt 1             @ ../Drivers/STM32H7xx_HAL_Driver/Src/stm32h7xx_hal_spi.c:2353:34
	ldr	r3, [sp, #8]
	.loc	7 2353 65 is_stmt 0             @ ../Drivers/STM32H7xx_HAL_Driver/Src/stm32h7xx_hal_spi.c:2353:65
	ldr	r1, [r3]
	.loc	7 2353 97                       @ ../Drivers/STM32H7xx_HAL_Driver/Src/stm32h7xx_hal_spi.c:2353:97
	ldr	r2, [r3, #100]
	.loc	7 2353 40                       @ ../Drivers/STM32H7xx_HAL_Driver/Src/stm32h7xx_hal_spi.c:2353:40
	ldr	r0, [r3, #124]
	.loc	7 2353 75                       @ ../Drivers/STM32H7xx_HAL_Driver/Src/stm32h7xx_hal_spi.c:2353:75
	adds	r1, #48
	.loc	7 2354 40 is_stmt 1             @ ../Drivers/STM32H7xx_HAL_Driver/Src/stm32h7xx_hal_spi.c:2354:40
	ldrh.w	r3, [r3, #106]
	.loc	7 2353 17                       @ ../Drivers/STM32H7xx_HAL_Driver/Src/stm32h7xx_hal_spi.c:2353:17
	bl	HAL_DMA_Start_IT
.Ltmp612:
	.loc	7 2353 7 is_stmt 0              @ ../Drivers/STM32H7xx_HAL_Driver/Src/stm32h7xx_hal_spi.c:2353:7
	cbz	r0, .LBB23_41
	b	.LBB23_38
.LBB23_38:
.Ltmp613:
	.loc	7 2357 5 is_stmt 1              @ ../Drivers/STM32H7xx_HAL_Driver/Src/stm32h7xx_hal_spi.c:2357:5
	ldr	r1, [sp, #8]
	ldr.w	r0, [r1, #132]
	orr	r0, r0, #16
	str.w	r0, [r1, #132]
	.loc	7 2358 5                        @ ../Drivers/STM32H7xx_HAL_Driver/Src/stm32h7xx_hal_spi.c:2358:5
	ldr	r1, [sp, #8]
	movs	r0, #1
	.loc	7 2358 17 is_stmt 0             @ ../Drivers/STM32H7xx_HAL_Driver/Src/stm32h7xx_hal_spi.c:2358:17
	strb.w	r0, [r1, #129]
	.loc	7 2361 5 is_stmt 1              @ ../Drivers/STM32H7xx_HAL_Driver/Src/stm32h7xx_hal_spi.c:2361:5
	b	.LBB23_39
.LBB23_39:
.Ltmp614:
	.loc	7 2361 5 is_stmt 0              @ ../Drivers/STM32H7xx_HAL_Driver/Src/stm32h7xx_hal_spi.c:2361:5
	ldr	r1, [sp, #8]
	movs	r0, #0
	strb.w	r0, [r1, #128]
	b	.LBB23_40
.Ltmp615:
.LBB23_40:
	.loc	7 0 5                           @ ../Drivers/STM32H7xx_HAL_Driver/Src/stm32h7xx_hal_spi.c:0:5
	movs	r0, #1
	.loc	7 2363 5 is_stmt 1              @ ../Drivers/STM32H7xx_HAL_Driver/Src/stm32h7xx_hal_spi.c:2363:5
	strb.w	r0, [sp, #15]
	b	.LBB23_49
.Ltmp616:
.LBB23_41:
	.loc	7 2367 7                        @ ../Drivers/STM32H7xx_HAL_Driver/Src/stm32h7xx_hal_spi.c:2367:7
	ldr	r0, [sp, #8]
	.loc	7 2367 13 is_stmt 0             @ ../Drivers/STM32H7xx_HAL_Driver/Src/stm32h7xx_hal_spi.c:2367:13
	ldr	r0, [r0, #124]
	.loc	7 2367 26                       @ ../Drivers/STM32H7xx_HAL_Driver/Src/stm32h7xx_hal_spi.c:2367:26
	ldr	r0, [r0, #28]
.Ltmp617:
	.loc	7 2367 7                        @ ../Drivers/STM32H7xx_HAL_Driver/Src/stm32h7xx_hal_spi.c:2367:7
	cmp.w	r0, #256
	bne	.LBB23_43
	b	.LBB23_42
.LBB23_42:
.Ltmp618:
	.loc	7 2369 5 is_stmt 1              @ ../Drivers/STM32H7xx_HAL_Driver/Src/stm32h7xx_hal_spi.c:2369:5
	ldr	r0, [sp, #8]
	ldr	r0, [r0]
	ldr	r0, [r0, #4]
	movw	r1, #65535
	bics	r0, r1
	ldr	r1, [sp, #8]
	ldr	r1, [r1]
	str	r0, [r1, #4]
	.loc	7 2370 3                        @ ../Drivers/STM32H7xx_HAL_Driver/Src/stm32h7xx_hal_spi.c:2370:3
	b	.LBB23_44
.Ltmp619:
.LBB23_43:
	.loc	7 2373 5                        @ ../Drivers/STM32H7xx_HAL_Driver/Src/stm32h7xx_hal_spi.c:2373:5
	ldr	r0, [sp, #8]
	ldr	r0, [r0]
	ldr	r0, [r0, #4]
	movw	r1, #65535
	bics	r0, r1
	ldrh.w	r1, [sp, #2]
	add	r0, r1
	ldr	r1, [sp, #8]
	ldr	r1, [r1]
	str	r0, [r1, #4]
	b	.LBB23_44
.Ltmp620:
.LBB23_44:
	.loc	7 2377 3                        @ ../Drivers/STM32H7xx_HAL_Driver/Src/stm32h7xx_hal_spi.c:2377:3
	ldr	r0, [sp, #8]
	ldr	r1, [r0]
	ldr	r0, [r1, #8]
	orr	r0, r0, #16384
	str	r0, [r1, #8]
	.loc	7 2380 3                        @ ../Drivers/STM32H7xx_HAL_Driver/Src/stm32h7xx_hal_spi.c:2380:3
	ldr	r0, [sp, #8]
	ldr	r1, [r0]
	ldr	r0, [r1, #16]
	orr	r0, r0, #832
	str	r0, [r1, #16]
	.loc	7 2383 3                        @ ../Drivers/STM32H7xx_HAL_Driver/Src/stm32h7xx_hal_spi.c:2383:3
	ldr	r0, [sp, #8]
	ldr	r1, [r0]
	ldr	r0, [r1]
	orr	r0, r0, #1
	str	r0, [r1]
.Ltmp621:
	.loc	7 2385 7                        @ ../Drivers/STM32H7xx_HAL_Driver/Src/stm32h7xx_hal_spi.c:2385:7
	ldr	r0, [sp, #8]
	.loc	7 2385 18 is_stmt 0             @ ../Drivers/STM32H7xx_HAL_Driver/Src/stm32h7xx_hal_spi.c:2385:18
	ldr	r0, [r0, #4]
.Ltmp622:
	.loc	7 2385 7                        @ ../Drivers/STM32H7xx_HAL_Driver/Src/stm32h7xx_hal_spi.c:2385:7
	cmp.w	r0, #4194304
	bne	.LBB23_46
	b	.LBB23_45
.LBB23_45:
.Ltmp623:
	.loc	7 2388 5 is_stmt 1              @ ../Drivers/STM32H7xx_HAL_Driver/Src/stm32h7xx_hal_spi.c:2388:5
	ldr	r0, [sp, #8]
	ldr	r1, [r0]
	ldr	r0, [r1]
	orr	r0, r0, #512
	str	r0, [r1]
	.loc	7 2389 3                        @ ../Drivers/STM32H7xx_HAL_Driver/Src/stm32h7xx_hal_spi.c:2389:3
	b	.LBB23_46
.Ltmp624:
.LBB23_46:
	.loc	7 2392 3                        @ ../Drivers/STM32H7xx_HAL_Driver/Src/stm32h7xx_hal_spi.c:2392:3
	b	.LBB23_47
.LBB23_47:
.Ltmp625:
	.loc	7 2392 3 is_stmt 0              @ ../Drivers/STM32H7xx_HAL_Driver/Src/stm32h7xx_hal_spi.c:2392:3
	ldr	r1, [sp, #8]
	movs	r0, #0
	strb.w	r0, [r1, #128]
	b	.LBB23_48
.Ltmp626:
.LBB23_48:
	.loc	7 0 3                           @ ../Drivers/STM32H7xx_HAL_Driver/Src/stm32h7xx_hal_spi.c:0:3
	movs	r0, #0
	.loc	7 2394 3 is_stmt 1              @ ../Drivers/STM32H7xx_HAL_Driver/Src/stm32h7xx_hal_spi.c:2394:3
	strb.w	r0, [sp, #15]
	b	.LBB23_49
.LBB23_49:
	.loc	7 2395 1                        @ ../Drivers/STM32H7xx_HAL_Driver/Src/stm32h7xx_hal_spi.c:2395:1
	ldrb.w	r0, [sp, #15]
	.loc	7 2395 1 epilogue_begin is_stmt 0 @ ../Drivers/STM32H7xx_HAL_Driver/Src/stm32h7xx_hal_spi.c:2395:1
	add	sp, #16
	pop	{r7, pc}
.Ltmp627:
.Lfunc_end23:
	.size	HAL_SPI_Receive_DMA, .Lfunc_end23-HAL_SPI_Receive_DMA
	.cfi_endproc
	.cantunwind
	.fnend
                                        @ -- End function
	.section	.text.SPI_DMAHalfReceiveCplt,"ax",%progbits
	.p2align	3                               @ -- Begin function SPI_DMAHalfReceiveCplt
	.type	SPI_DMAHalfReceiveCplt,%function
	.code	16                              @ @SPI_DMAHalfReceiveCplt
	.thumb_func
SPI_DMAHalfReceiveCplt:
.Lfunc_begin24:
	.loc	7 3483 0 is_stmt 1              @ ../Drivers/STM32H7xx_HAL_Driver/Src/stm32h7xx_hal_spi.c:3483:0
	.fnstart
	.cfi_startproc
@ %bb.0:
	.save	{r7, lr}
	push	{r7, lr}
	.cfi_def_cfa_offset 8
	.cfi_offset lr, -4
	.cfi_offset r7, -8
	.pad	#8
	sub	sp, #8
	.cfi_def_cfa_offset 16
	str	r0, [sp, #4]
.Ltmp628:
	.loc	7 3485 51 prologue_end          @ ../Drivers/STM32H7xx_HAL_Driver/Src/stm32h7xx_hal_spi.c:3485:51
	ldr	r0, [sp, #4]
	.loc	7 3485 58 is_stmt 0             @ ../Drivers/STM32H7xx_HAL_Driver/Src/stm32h7xx_hal_spi.c:3485:58
	ldr	r0, [r0, #56]
	.loc	7 3484 22 is_stmt 1             @ ../Drivers/STM32H7xx_HAL_Driver/Src/stm32h7xx_hal_spi.c:3484:22
	str	r0, [sp]
	.loc	7 3490 30                       @ ../Drivers/STM32H7xx_HAL_Driver/Src/stm32h7xx_hal_spi.c:3490:30
	ldr	r0, [sp]
	.loc	7 3490 3 is_stmt 0              @ ../Drivers/STM32H7xx_HAL_Driver/Src/stm32h7xx_hal_spi.c:3490:3
	bl	HAL_SPI_RxHalfCpltCallback
	.loc	7 3492 1 epilogue_begin is_stmt 1 @ ../Drivers/STM32H7xx_HAL_Driver/Src/stm32h7xx_hal_spi.c:3492:1
	add	sp, #8
	pop	{r7, pc}
.Ltmp629:
.Lfunc_end24:
	.size	SPI_DMAHalfReceiveCplt, .Lfunc_end24-SPI_DMAHalfReceiveCplt
	.cfi_endproc
	.cantunwind
	.fnend
                                        @ -- End function
	.section	.text.SPI_DMAReceiveCplt,"ax",%progbits
	.p2align	3                               @ -- Begin function SPI_DMAReceiveCplt
	.type	SPI_DMAReceiveCplt,%function
	.code	16                              @ @SPI_DMAReceiveCplt
	.thumb_func
SPI_DMAReceiveCplt:
.Lfunc_begin25:
	.loc	7 3409 0                        @ ../Drivers/STM32H7xx_HAL_Driver/Src/stm32h7xx_hal_spi.c:3409:0
	.fnstart
	.cfi_startproc
@ %bb.0:
	.save	{r7, lr}
	push	{r7, lr}
	.cfi_def_cfa_offset 8
	.cfi_offset lr, -4
	.cfi_offset r7, -8
	.pad	#8
	sub	sp, #8
	.cfi_def_cfa_offset 16
	str	r0, [sp, #4]
.Ltmp630:
	.loc	7 3410 72 prologue_end          @ ../Drivers/STM32H7xx_HAL_Driver/Src/stm32h7xx_hal_spi.c:3410:72
	ldr	r0, [sp, #4]
	.loc	7 3410 79 is_stmt 0             @ ../Drivers/STM32H7xx_HAL_Driver/Src/stm32h7xx_hal_spi.c:3410:79
	ldr	r0, [r0, #56]
	.loc	7 3410 22                       @ ../Drivers/STM32H7xx_HAL_Driver/Src/stm32h7xx_hal_spi.c:3410:22
	str	r0, [sp]
.Ltmp631:
	.loc	7 3412 7 is_stmt 1              @ ../Drivers/STM32H7xx_HAL_Driver/Src/stm32h7xx_hal_spi.c:3412:7
	ldr	r0, [sp]
	.loc	7 3412 13 is_stmt 0             @ ../Drivers/STM32H7xx_HAL_Driver/Src/stm32h7xx_hal_spi.c:3412:13
	ldrb.w	r0, [r0, #129]
.Ltmp632:
	.loc	7 3412 7                        @ ../Drivers/STM32H7xx_HAL_Driver/Src/stm32h7xx_hal_spi.c:3412:7
	cmp	r0, #7
	beq	.LBB25_5
	b	.LBB25_1
.LBB25_1:
.Ltmp633:
	.loc	7 3414 9 is_stmt 1              @ ../Drivers/STM32H7xx_HAL_Driver/Src/stm32h7xx_hal_spi.c:3414:9
	ldr	r0, [sp]
	.loc	7 3414 15 is_stmt 0             @ ../Drivers/STM32H7xx_HAL_Driver/Src/stm32h7xx_hal_spi.c:3414:15
	ldr	r0, [r0, #124]
	.loc	7 3414 28                       @ ../Drivers/STM32H7xx_HAL_Driver/Src/stm32h7xx_hal_spi.c:3414:28
	ldr	r0, [r0, #28]
.Ltmp634:
	.loc	7 3414 9                        @ ../Drivers/STM32H7xx_HAL_Driver/Src/stm32h7xx_hal_spi.c:3414:9
	cmp.w	r0, #256
	bne	.LBB25_3
	b	.LBB25_2
.LBB25_2:
.Ltmp635:
	.loc	7 3419 30 is_stmt 1             @ ../Drivers/STM32H7xx_HAL_Driver/Src/stm32h7xx_hal_spi.c:3419:30
	ldr	r0, [sp]
	.loc	7 3419 7 is_stmt 0              @ ../Drivers/STM32H7xx_HAL_Driver/Src/stm32h7xx_hal_spi.c:3419:7
	bl	HAL_SPI_RxCpltCallback
	.loc	7 3421 5 is_stmt 1              @ ../Drivers/STM32H7xx_HAL_Driver/Src/stm32h7xx_hal_spi.c:3421:5
	b	.LBB25_4
.Ltmp636:
.LBB25_3:
	.loc	7 3425 7                        @ ../Drivers/STM32H7xx_HAL_Driver/Src/stm32h7xx_hal_spi.c:3425:7
	ldr	r0, [sp]
	ldr	r1, [r0]
	ldr	r0, [r1, #16]
	orr	r0, r0, #8
	str	r0, [r1, #16]
	b	.LBB25_4
.Ltmp637:
.LBB25_4:
	.loc	7 3427 3                        @ ../Drivers/STM32H7xx_HAL_Driver/Src/stm32h7xx_hal_spi.c:3427:3
	b	.LBB25_5
.Ltmp638:
.LBB25_5:
	.loc	7 3428 1 epilogue_begin         @ ../Drivers/STM32H7xx_HAL_Driver/Src/stm32h7xx_hal_spi.c:3428:1
	add	sp, #8
	pop	{r7, pc}
.Ltmp639:
.Lfunc_end25:
	.size	SPI_DMAReceiveCplt, .Lfunc_end25-SPI_DMAReceiveCplt
	.cfi_endproc
	.cantunwind
	.fnend
                                        @ -- End function
	.section	.text.HAL_SPI_TransmitReceive_DMA,"ax",%progbits
	.hidden	HAL_SPI_TransmitReceive_DMA     @ -- Begin function HAL_SPI_TransmitReceive_DMA
	.globl	HAL_SPI_TransmitReceive_DMA
	.p2align	3
	.type	HAL_SPI_TransmitReceive_DMA,%function
	.code	16                              @ @HAL_SPI_TransmitReceive_DMA
	.thumb_func
HAL_SPI_TransmitReceive_DMA:
.Lfunc_begin26:
	.loc	7 2409 0                        @ ../Drivers/STM32H7xx_HAL_Driver/Src/stm32h7xx_hal_spi.c:2409:0
	.fnstart
	.cfi_startproc
@ %bb.0:
	.save	{r7, lr}
	push	{r7, lr}
	.cfi_def_cfa_offset 8
	.cfi_offset lr, -4
	.cfi_offset r7, -8
	.pad	#24
	sub	sp, #24
	.cfi_def_cfa_offset 32
                                        @ kill: def $r12 killed $r3
	str	r0, [sp, #16]
	str	r1, [sp, #12]
	str	r2, [sp, #8]
	strh.w	r3, [sp, #6]
.Ltmp640:
	.loc	7 2413 7 prologue_end           @ ../Drivers/STM32H7xx_HAL_Driver/Src/stm32h7xx_hal_spi.c:2413:7
	ldr	r0, [sp, #16]
	.loc	7 2413 13 is_stmt 0             @ ../Drivers/STM32H7xx_HAL_Driver/Src/stm32h7xx_hal_spi.c:2413:13
	ldrb.w	r0, [r0, #129]
.Ltmp641:
	.loc	7 2413 7                        @ ../Drivers/STM32H7xx_HAL_Driver/Src/stm32h7xx_hal_spi.c:2413:7
	cmp	r0, #1
	beq	.LBB26_2
	b	.LBB26_1
.LBB26_1:
	.loc	7 0 7                           @ ../Drivers/STM32H7xx_HAL_Driver/Src/stm32h7xx_hal_spi.c:0:7
	movs	r0, #2
.Ltmp642:
	.loc	7 2415 5 is_stmt 1              @ ../Drivers/STM32H7xx_HAL_Driver/Src/stm32h7xx_hal_spi.c:2415:5
	strb.w	r0, [sp, #23]
	b	.LBB26_56
.Ltmp643:
.LBB26_2:
	.loc	7 2418 8                        @ ../Drivers/STM32H7xx_HAL_Driver/Src/stm32h7xx_hal_spi.c:2418:8
	ldr	r0, [sp, #12]
	.loc	7 2418 25 is_stmt 0             @ ../Drivers/STM32H7xx_HAL_Driver/Src/stm32h7xx_hal_spi.c:2418:25
	cbz	r0, .LBB26_5
	b	.LBB26_3
.LBB26_3:
	.loc	7 2418 29                       @ ../Drivers/STM32H7xx_HAL_Driver/Src/stm32h7xx_hal_spi.c:2418:29
	ldr	r0, [sp, #8]
	.loc	7 2418 46                       @ ../Drivers/STM32H7xx_HAL_Driver/Src/stm32h7xx_hal_spi.c:2418:46
	cbz	r0, .LBB26_5
	b	.LBB26_4
.LBB26_4:
	.loc	7 2418 50                       @ ../Drivers/STM32H7xx_HAL_Driver/Src/stm32h7xx_hal_spi.c:2418:50
	ldrh.w	r0, [sp, #6]
.Ltmp644:
	.loc	7 2418 7                        @ ../Drivers/STM32H7xx_HAL_Driver/Src/stm32h7xx_hal_spi.c:2418:7
	cbnz	r0, .LBB26_6
	b	.LBB26_5
.LBB26_5:
	.loc	7 0 7                           @ ../Drivers/STM32H7xx_HAL_Driver/Src/stm32h7xx_hal_spi.c:0:7
	movs	r0, #1
.Ltmp645:
	.loc	7 2420 5 is_stmt 1              @ ../Drivers/STM32H7xx_HAL_Driver/Src/stm32h7xx_hal_spi.c:2420:5
	strb.w	r0, [sp, #23]
	b	.LBB26_56
.Ltmp646:
.LBB26_6:
	.loc	7 2424 3                        @ ../Drivers/STM32H7xx_HAL_Driver/Src/stm32h7xx_hal_spi.c:2424:3
	b	.LBB26_7
.LBB26_7:
.Ltmp647:
	.loc	7 2424 3 is_stmt 0              @ ../Drivers/STM32H7xx_HAL_Driver/Src/stm32h7xx_hal_spi.c:2424:3
	ldr	r0, [sp, #16]
	ldrb.w	r0, [r0, #128]
.Ltmp648:
	.loc	7 2424 3                        @ ../Drivers/STM32H7xx_HAL_Driver/Src/stm32h7xx_hal_spi.c:2424:3
	cmp	r0, #1
	bne	.LBB26_9
	b	.LBB26_8
.LBB26_8:
	.loc	7 0 3                           @ ../Drivers/STM32H7xx_HAL_Driver/Src/stm32h7xx_hal_spi.c:0:3
	movs	r0, #2
.Ltmp649:
	.loc	7 2424 3                        @ ../Drivers/STM32H7xx_HAL_Driver/Src/stm32h7xx_hal_spi.c:2424:3
	strb.w	r0, [sp, #23]
	b	.LBB26_56
.Ltmp650:
.LBB26_9:
	.loc	7 2424 3                        @ ../Drivers/STM32H7xx_HAL_Driver/Src/stm32h7xx_hal_spi.c:2424:3
	ldr	r1, [sp, #16]
	movs	r0, #1
	strb.w	r0, [r1, #128]
	b	.LBB26_10
.Ltmp651:
.LBB26_10:
	.loc	7 2424 3                        @ ../Drivers/STM32H7xx_HAL_Driver/Src/stm32h7xx_hal_spi.c:2424:3
	b	.LBB26_11
.Ltmp652:
.LBB26_11:
	.loc	7 2427 3 is_stmt 1              @ ../Drivers/STM32H7xx_HAL_Driver/Src/stm32h7xx_hal_spi.c:2427:3
	ldr	r1, [sp, #16]
	movs	r0, #5
	.loc	7 2427 21 is_stmt 0             @ ../Drivers/STM32H7xx_HAL_Driver/Src/stm32h7xx_hal_spi.c:2427:21
	strb.w	r0, [r1, #129]
	.loc	7 2428 3 is_stmt 1              @ ../Drivers/STM32H7xx_HAL_Driver/Src/stm32h7xx_hal_spi.c:2428:3
	ldr	r1, [sp, #16]
	movs	r0, #0
	.loc	7 2428 21 is_stmt 0             @ ../Drivers/STM32H7xx_HAL_Driver/Src/stm32h7xx_hal_spi.c:2428:21
	str.w	r0, [r1, #132]
	.loc	7 2429 40 is_stmt 1             @ ../Drivers/STM32H7xx_HAL_Driver/Src/stm32h7xx_hal_spi.c:2429:40
	ldr	r1, [sp, #12]
	.loc	7 2429 3 is_stmt 0              @ ../Drivers/STM32H7xx_HAL_Driver/Src/stm32h7xx_hal_spi.c:2429:3
	ldr	r2, [sp, #16]
	.loc	7 2429 21                       @ ../Drivers/STM32H7xx_HAL_Driver/Src/stm32h7xx_hal_spi.c:2429:21
	str	r1, [r2, #92]
	.loc	7 2430 23 is_stmt 1             @ ../Drivers/STM32H7xx_HAL_Driver/Src/stm32h7xx_hal_spi.c:2430:23
	ldrh.w	r1, [sp, #6]
	.loc	7 2430 3 is_stmt 0              @ ../Drivers/STM32H7xx_HAL_Driver/Src/stm32h7xx_hal_spi.c:2430:3
	ldr	r2, [sp, #16]
	.loc	7 2430 21                       @ ../Drivers/STM32H7xx_HAL_Driver/Src/stm32h7xx_hal_spi.c:2430:21
	strh.w	r1, [r2, #96]
	.loc	7 2431 23 is_stmt 1             @ ../Drivers/STM32H7xx_HAL_Driver/Src/stm32h7xx_hal_spi.c:2431:23
	ldrh.w	r1, [sp, #6]
	.loc	7 2431 3 is_stmt 0              @ ../Drivers/STM32H7xx_HAL_Driver/Src/stm32h7xx_hal_spi.c:2431:3
	ldr	r2, [sp, #16]
	.loc	7 2431 21                       @ ../Drivers/STM32H7xx_HAL_Driver/Src/stm32h7xx_hal_spi.c:2431:21
	strh.w	r1, [r2, #98]
	.loc	7 2432 34 is_stmt 1             @ ../Drivers/STM32H7xx_HAL_Driver/Src/stm32h7xx_hal_spi.c:2432:34
	ldr	r1, [sp, #8]
	.loc	7 2432 3 is_stmt 0              @ ../Drivers/STM32H7xx_HAL_Driver/Src/stm32h7xx_hal_spi.c:2432:3
	ldr	r2, [sp, #16]
	.loc	7 2432 21                       @ ../Drivers/STM32H7xx_HAL_Driver/Src/stm32h7xx_hal_spi.c:2432:21
	str	r1, [r2, #100]
	.loc	7 2433 23 is_stmt 1             @ ../Drivers/STM32H7xx_HAL_Driver/Src/stm32h7xx_hal_spi.c:2433:23
	ldrh.w	r1, [sp, #6]
	.loc	7 2433 3 is_stmt 0              @ ../Drivers/STM32H7xx_HAL_Driver/Src/stm32h7xx_hal_spi.c:2433:3
	ldr	r2, [sp, #16]
	.loc	7 2433 21                       @ ../Drivers/STM32H7xx_HAL_Driver/Src/stm32h7xx_hal_spi.c:2433:21
	strh.w	r1, [r2, #104]
	.loc	7 2434 23 is_stmt 1             @ ../Drivers/STM32H7xx_HAL_Driver/Src/stm32h7xx_hal_spi.c:2434:23
	ldrh.w	r1, [sp, #6]
	.loc	7 2434 3 is_stmt 0              @ ../Drivers/STM32H7xx_HAL_Driver/Src/stm32h7xx_hal_spi.c:2434:3
	ldr	r2, [sp, #16]
	.loc	7 2434 21                       @ ../Drivers/STM32H7xx_HAL_Driver/Src/stm32h7xx_hal_spi.c:2434:21
	strh.w	r1, [r2, #106]
	.loc	7 2437 3 is_stmt 1              @ ../Drivers/STM32H7xx_HAL_Driver/Src/stm32h7xx_hal_spi.c:2437:3
	ldr	r1, [sp, #16]
	.loc	7 2437 21 is_stmt 0             @ ../Drivers/STM32H7xx_HAL_Driver/Src/stm32h7xx_hal_spi.c:2437:21
	str	r0, [r1, #112]
	.loc	7 2438 3 is_stmt 1              @ ../Drivers/STM32H7xx_HAL_Driver/Src/stm32h7xx_hal_spi.c:2438:3
	ldr	r1, [sp, #16]
	.loc	7 2438 21 is_stmt 0             @ ../Drivers/STM32H7xx_HAL_Driver/Src/stm32h7xx_hal_spi.c:2438:21
	str	r0, [r1, #116]
	.loc	7 2441 3 is_stmt 1              @ ../Drivers/STM32H7xx_HAL_Driver/Src/stm32h7xx_hal_spi.c:2441:3
	ldr	r0, [sp, #16]
	ldr	r0, [r0]
	ldr	r0, [r0, #12]
	bic	r0, r0, #393216
	ldr	r1, [sp, #16]
	ldr	r1, [r1]
	str	r0, [r1, #12]
	.loc	7 2444 3                        @ ../Drivers/STM32H7xx_HAL_Driver/Src/stm32h7xx_hal_spi.c:2444:3
	ldr	r0, [sp, #16]
	ldr	r1, [r0]
	ldr	r0, [r1, #8]
	bic	r0, r0, #49152
	str	r0, [r1, #8]
.Ltmp653:
	.loc	7 2447 9                        @ ../Drivers/STM32H7xx_HAL_Driver/Src/stm32h7xx_hal_spi.c:2447:9
	ldr	r0, [sp, #16]
	.loc	7 2447 20 is_stmt 0             @ ../Drivers/STM32H7xx_HAL_Driver/Src/stm32h7xx_hal_spi.c:2447:20
	ldr	r0, [r0, #12]
	.loc	7 2447 51                       @ ../Drivers/STM32H7xx_HAL_Driver/Src/stm32h7xx_hal_spi.c:2447:51
	cmp	r0, #16
	blo	.LBB26_14
	b	.LBB26_12
.LBB26_12:
	.loc	7 2448 10 is_stmt 1             @ ../Drivers/STM32H7xx_HAL_Driver/Src/stm32h7xx_hal_spi.c:2448:10
	ldr	r0, [sp, #16]
	.loc	7 2448 16 is_stmt 0             @ ../Drivers/STM32H7xx_HAL_Driver/Src/stm32h7xx_hal_spi.c:2448:16
	ldr	r0, [r0, #124]
	.loc	7 2448 29                       @ ../Drivers/STM32H7xx_HAL_Driver/Src/stm32h7xx_hal_spi.c:2448:29
	ldr	r0, [r0, #24]
	.loc	7 2448 70                       @ ../Drivers/STM32H7xx_HAL_Driver/Src/stm32h7xx_hal_spi.c:2448:70
	cmp.w	r0, #16384
	bne	.LBB26_19
	b	.LBB26_13
.LBB26_13:
	.loc	7 2449 10 is_stmt 1             @ ../Drivers/STM32H7xx_HAL_Driver/Src/stm32h7xx_hal_spi.c:2449:10
	ldr	r0, [sp, #16]
	.loc	7 2449 16 is_stmt 0             @ ../Drivers/STM32H7xx_HAL_Driver/Src/stm32h7xx_hal_spi.c:2449:16
	ldr	r0, [r0, #120]
	.loc	7 2449 29                       @ ../Drivers/STM32H7xx_HAL_Driver/Src/stm32h7xx_hal_spi.c:2449:29
	ldr	r0, [r0, #24]
	.loc	7 2449 72                       @ ../Drivers/STM32H7xx_HAL_Driver/Src/stm32h7xx_hal_spi.c:2449:72
	cmp.w	r0, #16384
	bne	.LBB26_19
	b	.LBB26_14
.LBB26_14:
	.loc	7 2450 9 is_stmt 1              @ ../Drivers/STM32H7xx_HAL_Driver/Src/stm32h7xx_hal_spi.c:2450:9
	ldr	r0, [sp, #16]
	.loc	7 2450 20 is_stmt 0             @ ../Drivers/STM32H7xx_HAL_Driver/Src/stm32h7xx_hal_spi.c:2450:20
	ldr	r0, [r0, #12]
	.loc	7 2450 50                       @ ../Drivers/STM32H7xx_HAL_Driver/Src/stm32h7xx_hal_spi.c:2450:50
	cmp	r0, #8
	blo	.LBB26_22
	b	.LBB26_15
.LBB26_15:
	.loc	7 2451 11 is_stmt 1             @ ../Drivers/STM32H7xx_HAL_Driver/Src/stm32h7xx_hal_spi.c:2451:11
	ldr	r0, [sp, #16]
	.loc	7 2451 17 is_stmt 0             @ ../Drivers/STM32H7xx_HAL_Driver/Src/stm32h7xx_hal_spi.c:2451:17
	ldr	r0, [r0, #124]
	.loc	7 2451 30                       @ ../Drivers/STM32H7xx_HAL_Driver/Src/stm32h7xx_hal_spi.c:2451:30
	ldr	r0, [r0, #24]
	.loc	7 2451 75                       @ ../Drivers/STM32H7xx_HAL_Driver/Src/stm32h7xx_hal_spi.c:2451:75
	cmp.w	r0, #8192
	beq	.LBB26_17
	b	.LBB26_16
.LBB26_16:
	.loc	7 2452 11 is_stmt 1             @ ../Drivers/STM32H7xx_HAL_Driver/Src/stm32h7xx_hal_spi.c:2452:11
	ldr	r0, [sp, #16]
	.loc	7 2452 17 is_stmt 0             @ ../Drivers/STM32H7xx_HAL_Driver/Src/stm32h7xx_hal_spi.c:2452:17
	ldr	r0, [r0, #124]
	.loc	7 2452 30                       @ ../Drivers/STM32H7xx_HAL_Driver/Src/stm32h7xx_hal_spi.c:2452:30
	ldr	r0, [r0, #24]
	.loc	7 2452 72                       @ ../Drivers/STM32H7xx_HAL_Driver/Src/stm32h7xx_hal_spi.c:2452:72
	cmp.w	r0, #16384
	bne	.LBB26_19
	b	.LBB26_17
.LBB26_17:
	.loc	7 2453 11 is_stmt 1             @ ../Drivers/STM32H7xx_HAL_Driver/Src/stm32h7xx_hal_spi.c:2453:11
	ldr	r0, [sp, #16]
	.loc	7 2453 17 is_stmt 0             @ ../Drivers/STM32H7xx_HAL_Driver/Src/stm32h7xx_hal_spi.c:2453:17
	ldr	r0, [r0, #120]
	.loc	7 2453 30                       @ ../Drivers/STM32H7xx_HAL_Driver/Src/stm32h7xx_hal_spi.c:2453:30
	ldr	r0, [r0, #24]
	.loc	7 2453 75                       @ ../Drivers/STM32H7xx_HAL_Driver/Src/stm32h7xx_hal_spi.c:2453:75
	cmp.w	r0, #8192
	beq	.LBB26_22
	b	.LBB26_18
.LBB26_18:
	.loc	7 2454 11 is_stmt 1             @ ../Drivers/STM32H7xx_HAL_Driver/Src/stm32h7xx_hal_spi.c:2454:11
	ldr	r0, [sp, #16]
	.loc	7 2454 17 is_stmt 0             @ ../Drivers/STM32H7xx_HAL_Driver/Src/stm32h7xx_hal_spi.c:2454:17
	ldr	r0, [r0, #120]
	.loc	7 2454 30                       @ ../Drivers/STM32H7xx_HAL_Driver/Src/stm32h7xx_hal_spi.c:2454:30
	ldr	r0, [r0, #24]
.Ltmp654:
	.loc	7 2447 7 is_stmt 1              @ ../Drivers/STM32H7xx_HAL_Driver/Src/stm32h7xx_hal_spi.c:2447:7
	cmp.w	r0, #16384
	beq	.LBB26_22
	b	.LBB26_19
.LBB26_19:
.Ltmp655:
	.loc	7 2458 5                        @ ../Drivers/STM32H7xx_HAL_Driver/Src/stm32h7xx_hal_spi.c:2458:5
	b	.LBB26_20
.LBB26_20:
.Ltmp656:
	.loc	7 2458 5 is_stmt 0              @ ../Drivers/STM32H7xx_HAL_Driver/Src/stm32h7xx_hal_spi.c:2458:5
	ldr	r1, [sp, #16]
	movs	r0, #0
	strb.w	r0, [r1, #128]
	b	.LBB26_21
.Ltmp657:
.LBB26_21:
	.loc	7 0 5                           @ ../Drivers/STM32H7xx_HAL_Driver/Src/stm32h7xx_hal_spi.c:0:5
	movs	r0, #1
	.loc	7 2459 5 is_stmt 1              @ ../Drivers/STM32H7xx_HAL_Driver/Src/stm32h7xx_hal_spi.c:2459:5
	strb.w	r0, [sp, #23]
	b	.LBB26_56
.Ltmp658:
.LBB26_22:
	.loc	7 2463 7                        @ ../Drivers/STM32H7xx_HAL_Driver/Src/stm32h7xx_hal_spi.c:2463:7
	ldr	r0, [sp, #16]
	.loc	7 2463 18 is_stmt 0             @ ../Drivers/STM32H7xx_HAL_Driver/Src/stm32h7xx_hal_spi.c:2463:18
	ldr	r0, [r0, #12]
.Ltmp659:
	.loc	7 2463 7                        @ ../Drivers/STM32H7xx_HAL_Driver/Src/stm32h7xx_hal_spi.c:2463:7
	cmp	r0, #7
	bhi	.LBB26_32
	b	.LBB26_23
.LBB26_23:
.Ltmp660:
	.loc	7 2465 9 is_stmt 1              @ ../Drivers/STM32H7xx_HAL_Driver/Src/stm32h7xx_hal_spi.c:2465:9
	ldr	r0, [sp, #16]
	.loc	7 2465 15 is_stmt 0             @ ../Drivers/STM32H7xx_HAL_Driver/Src/stm32h7xx_hal_spi.c:2465:15
	ldr	r0, [r0, #120]
	.loc	7 2465 28                       @ ../Drivers/STM32H7xx_HAL_Driver/Src/stm32h7xx_hal_spi.c:2465:28
	ldr	r0, [r0, #24]
.Ltmp661:
	.loc	7 2465 9                        @ ../Drivers/STM32H7xx_HAL_Driver/Src/stm32h7xx_hal_spi.c:2465:9
	cmp.w	r0, #8192
	bne	.LBB26_25
	b	.LBB26_24
.LBB26_24:
.Ltmp662:
	.loc	7 2467 28 is_stmt 1             @ ../Drivers/STM32H7xx_HAL_Driver/Src/stm32h7xx_hal_spi.c:2467:28
	ldr	r0, [sp, #16]
	.loc	7 2467 34 is_stmt 0             @ ../Drivers/STM32H7xx_HAL_Driver/Src/stm32h7xx_hal_spi.c:2467:34
	ldrh.w	r0, [r0, #98]
	.loc	7 2467 46                       @ ../Drivers/STM32H7xx_HAL_Driver/Src/stm32h7xx_hal_spi.c:2467:46
	adds	r0, #1
	.loc	7 2467 64                       @ ../Drivers/STM32H7xx_HAL_Driver/Src/stm32h7xx_hal_spi.c:2467:64
	lsrs	r0, r0, #1
	.loc	7 2467 7                        @ ../Drivers/STM32H7xx_HAL_Driver/Src/stm32h7xx_hal_spi.c:2467:7
	ldr	r1, [sp, #16]
	.loc	7 2467 25                       @ ../Drivers/STM32H7xx_HAL_Driver/Src/stm32h7xx_hal_spi.c:2467:25
	strh.w	r0, [r1, #98]
	.loc	7 2468 5 is_stmt 1              @ ../Drivers/STM32H7xx_HAL_Driver/Src/stm32h7xx_hal_spi.c:2468:5
	b	.LBB26_25
.Ltmp663:
.LBB26_25:
	.loc	7 2469 9                        @ ../Drivers/STM32H7xx_HAL_Driver/Src/stm32h7xx_hal_spi.c:2469:9
	ldr	r0, [sp, #16]
	.loc	7 2469 15 is_stmt 0             @ ../Drivers/STM32H7xx_HAL_Driver/Src/stm32h7xx_hal_spi.c:2469:15
	ldr	r0, [r0, #120]
	.loc	7 2469 28                       @ ../Drivers/STM32H7xx_HAL_Driver/Src/stm32h7xx_hal_spi.c:2469:28
	ldr	r0, [r0, #24]
.Ltmp664:
	.loc	7 2469 9                        @ ../Drivers/STM32H7xx_HAL_Driver/Src/stm32h7xx_hal_spi.c:2469:9
	cmp.w	r0, #16384
	bne	.LBB26_27
	b	.LBB26_26
.LBB26_26:
.Ltmp665:
	.loc	7 2471 28 is_stmt 1             @ ../Drivers/STM32H7xx_HAL_Driver/Src/stm32h7xx_hal_spi.c:2471:28
	ldr	r0, [sp, #16]
	.loc	7 2471 34 is_stmt 0             @ ../Drivers/STM32H7xx_HAL_Driver/Src/stm32h7xx_hal_spi.c:2471:34
	ldrh.w	r0, [r0, #98]
	.loc	7 2471 46                       @ ../Drivers/STM32H7xx_HAL_Driver/Src/stm32h7xx_hal_spi.c:2471:46
	adds	r0, #3
	.loc	7 2471 64                       @ ../Drivers/STM32H7xx_HAL_Driver/Src/stm32h7xx_hal_spi.c:2471:64
	lsrs	r0, r0, #2
	.loc	7 2471 7                        @ ../Drivers/STM32H7xx_HAL_Driver/Src/stm32h7xx_hal_spi.c:2471:7
	ldr	r1, [sp, #16]
	.loc	7 2471 25                       @ ../Drivers/STM32H7xx_HAL_Driver/Src/stm32h7xx_hal_spi.c:2471:25
	strh.w	r0, [r1, #98]
	.loc	7 2472 5 is_stmt 1              @ ../Drivers/STM32H7xx_HAL_Driver/Src/stm32h7xx_hal_spi.c:2472:5
	b	.LBB26_27
.Ltmp666:
.LBB26_27:
	.loc	7 2473 9                        @ ../Drivers/STM32H7xx_HAL_Driver/Src/stm32h7xx_hal_spi.c:2473:9
	ldr	r0, [sp, #16]
	.loc	7 2473 15 is_stmt 0             @ ../Drivers/STM32H7xx_HAL_Driver/Src/stm32h7xx_hal_spi.c:2473:15
	ldr	r0, [r0, #124]
	.loc	7 2473 28                       @ ../Drivers/STM32H7xx_HAL_Driver/Src/stm32h7xx_hal_spi.c:2473:28
	ldr	r0, [r0, #24]
.Ltmp667:
	.loc	7 2473 9                        @ ../Drivers/STM32H7xx_HAL_Driver/Src/stm32h7xx_hal_spi.c:2473:9
	cmp.w	r0, #8192
	bne	.LBB26_29
	b	.LBB26_28
.LBB26_28:
.Ltmp668:
	.loc	7 2475 28 is_stmt 1             @ ../Drivers/STM32H7xx_HAL_Driver/Src/stm32h7xx_hal_spi.c:2475:28
	ldr	r0, [sp, #16]
	.loc	7 2475 34 is_stmt 0             @ ../Drivers/STM32H7xx_HAL_Driver/Src/stm32h7xx_hal_spi.c:2475:34
	ldrh.w	r0, [r0, #106]
	.loc	7 2475 46                       @ ../Drivers/STM32H7xx_HAL_Driver/Src/stm32h7xx_hal_spi.c:2475:46
	adds	r0, #1
	.loc	7 2475 64                       @ ../Drivers/STM32H7xx_HAL_Driver/Src/stm32h7xx_hal_spi.c:2475:64
	lsrs	r0, r0, #1
	.loc	7 2475 7                        @ ../Drivers/STM32H7xx_HAL_Driver/Src/stm32h7xx_hal_spi.c:2475:7
	ldr	r1, [sp, #16]
	.loc	7 2475 25                       @ ../Drivers/STM32H7xx_HAL_Driver/Src/stm32h7xx_hal_spi.c:2475:25
	strh.w	r0, [r1, #106]
	.loc	7 2476 5 is_stmt 1              @ ../Drivers/STM32H7xx_HAL_Driver/Src/stm32h7xx_hal_spi.c:2476:5
	b	.LBB26_29
.Ltmp669:
.LBB26_29:
	.loc	7 2477 9                        @ ../Drivers/STM32H7xx_HAL_Driver/Src/stm32h7xx_hal_spi.c:2477:9
	ldr	r0, [sp, #16]
	.loc	7 2477 15 is_stmt 0             @ ../Drivers/STM32H7xx_HAL_Driver/Src/stm32h7xx_hal_spi.c:2477:15
	ldr	r0, [r0, #124]
	.loc	7 2477 28                       @ ../Drivers/STM32H7xx_HAL_Driver/Src/stm32h7xx_hal_spi.c:2477:28
	ldr	r0, [r0, #24]
.Ltmp670:
	.loc	7 2477 9                        @ ../Drivers/STM32H7xx_HAL_Driver/Src/stm32h7xx_hal_spi.c:2477:9
	cmp.w	r0, #16384
	bne	.LBB26_31
	b	.LBB26_30
.LBB26_30:
.Ltmp671:
	.loc	7 2479 28 is_stmt 1             @ ../Drivers/STM32H7xx_HAL_Driver/Src/stm32h7xx_hal_spi.c:2479:28
	ldr	r0, [sp, #16]
	.loc	7 2479 34 is_stmt 0             @ ../Drivers/STM32H7xx_HAL_Driver/Src/stm32h7xx_hal_spi.c:2479:34
	ldrh.w	r0, [r0, #106]
	.loc	7 2479 46                       @ ../Drivers/STM32H7xx_HAL_Driver/Src/stm32h7xx_hal_spi.c:2479:46
	adds	r0, #3
	.loc	7 2479 64                       @ ../Drivers/STM32H7xx_HAL_Driver/Src/stm32h7xx_hal_spi.c:2479:64
	lsrs	r0, r0, #2
	.loc	7 2479 7                        @ ../Drivers/STM32H7xx_HAL_Driver/Src/stm32h7xx_hal_spi.c:2479:7
	ldr	r1, [sp, #16]
	.loc	7 2479 25                       @ ../Drivers/STM32H7xx_HAL_Driver/Src/stm32h7xx_hal_spi.c:2479:25
	strh.w	r0, [r1, #106]
	.loc	7 2480 5 is_stmt 1              @ ../Drivers/STM32H7xx_HAL_Driver/Src/stm32h7xx_hal_spi.c:2480:5
	b	.LBB26_31
.Ltmp672:
.LBB26_31:
	.loc	7 2481 3                        @ ../Drivers/STM32H7xx_HAL_Driver/Src/stm32h7xx_hal_spi.c:2481:3
	b	.LBB26_40
.Ltmp673:
.LBB26_32:
	.loc	7 2482 12                       @ ../Drivers/STM32H7xx_HAL_Driver/Src/stm32h7xx_hal_spi.c:2482:12
	ldr	r0, [sp, #16]
	.loc	7 2482 23 is_stmt 0             @ ../Drivers/STM32H7xx_HAL_Driver/Src/stm32h7xx_hal_spi.c:2482:23
	ldr	r0, [r0, #12]
.Ltmp674:
	.loc	7 2482 12                       @ ../Drivers/STM32H7xx_HAL_Driver/Src/stm32h7xx_hal_spi.c:2482:12
	cmp	r0, #15
	bhi	.LBB26_38
	b	.LBB26_33
.LBB26_33:
.Ltmp675:
	.loc	7 2484 9 is_stmt 1              @ ../Drivers/STM32H7xx_HAL_Driver/Src/stm32h7xx_hal_spi.c:2484:9
	ldr	r0, [sp, #16]
	.loc	7 2484 15 is_stmt 0             @ ../Drivers/STM32H7xx_HAL_Driver/Src/stm32h7xx_hal_spi.c:2484:15
	ldr	r0, [r0, #120]
	.loc	7 2484 28                       @ ../Drivers/STM32H7xx_HAL_Driver/Src/stm32h7xx_hal_spi.c:2484:28
	ldr	r0, [r0, #24]
.Ltmp676:
	.loc	7 2484 9                        @ ../Drivers/STM32H7xx_HAL_Driver/Src/stm32h7xx_hal_spi.c:2484:9
	cmp.w	r0, #16384
	bne	.LBB26_35
	b	.LBB26_34
.LBB26_34:
.Ltmp677:
	.loc	7 2486 28 is_stmt 1             @ ../Drivers/STM32H7xx_HAL_Driver/Src/stm32h7xx_hal_spi.c:2486:28
	ldr	r0, [sp, #16]
	.loc	7 2486 34 is_stmt 0             @ ../Drivers/STM32H7xx_HAL_Driver/Src/stm32h7xx_hal_spi.c:2486:34
	ldrh.w	r0, [r0, #98]
	.loc	7 2486 46                       @ ../Drivers/STM32H7xx_HAL_Driver/Src/stm32h7xx_hal_spi.c:2486:46
	adds	r0, #1
	.loc	7 2486 64                       @ ../Drivers/STM32H7xx_HAL_Driver/Src/stm32h7xx_hal_spi.c:2486:64
	lsrs	r0, r0, #1
	.loc	7 2486 7                        @ ../Drivers/STM32H7xx_HAL_Driver/Src/stm32h7xx_hal_spi.c:2486:7
	ldr	r1, [sp, #16]
	.loc	7 2486 25                       @ ../Drivers/STM32H7xx_HAL_Driver/Src/stm32h7xx_hal_spi.c:2486:25
	strh.w	r0, [r1, #98]
	.loc	7 2487 5 is_stmt 1              @ ../Drivers/STM32H7xx_HAL_Driver/Src/stm32h7xx_hal_spi.c:2487:5
	b	.LBB26_35
.Ltmp678:
.LBB26_35:
	.loc	7 2488 9                        @ ../Drivers/STM32H7xx_HAL_Driver/Src/stm32h7xx_hal_spi.c:2488:9
	ldr	r0, [sp, #16]
	.loc	7 2488 15 is_stmt 0             @ ../Drivers/STM32H7xx_HAL_Driver/Src/stm32h7xx_hal_spi.c:2488:15
	ldr	r0, [r0, #124]
	.loc	7 2488 28                       @ ../Drivers/STM32H7xx_HAL_Driver/Src/stm32h7xx_hal_spi.c:2488:28
	ldr	r0, [r0, #24]
.Ltmp679:
	.loc	7 2488 9                        @ ../Drivers/STM32H7xx_HAL_Driver/Src/stm32h7xx_hal_spi.c:2488:9
	cmp.w	r0, #16384
	bne	.LBB26_37
	b	.LBB26_36
.LBB26_36:
.Ltmp680:
	.loc	7 2490 28 is_stmt 1             @ ../Drivers/STM32H7xx_HAL_Driver/Src/stm32h7xx_hal_spi.c:2490:28
	ldr	r0, [sp, #16]
	.loc	7 2490 34 is_stmt 0             @ ../Drivers/STM32H7xx_HAL_Driver/Src/stm32h7xx_hal_spi.c:2490:34
	ldrh.w	r0, [r0, #106]
	.loc	7 2490 46                       @ ../Drivers/STM32H7xx_HAL_Driver/Src/stm32h7xx_hal_spi.c:2490:46
	adds	r0, #1
	.loc	7 2490 64                       @ ../Drivers/STM32H7xx_HAL_Driver/Src/stm32h7xx_hal_spi.c:2490:64
	lsrs	r0, r0, #1
	.loc	7 2490 7                        @ ../Drivers/STM32H7xx_HAL_Driver/Src/stm32h7xx_hal_spi.c:2490:7
	ldr	r1, [sp, #16]
	.loc	7 2490 25                       @ ../Drivers/STM32H7xx_HAL_Driver/Src/stm32h7xx_hal_spi.c:2490:25
	strh.w	r0, [r1, #106]
	.loc	7 2491 5 is_stmt 1              @ ../Drivers/STM32H7xx_HAL_Driver/Src/stm32h7xx_hal_spi.c:2491:5
	b	.LBB26_37
.Ltmp681:
.LBB26_37:
	.loc	7 2492 3                        @ ../Drivers/STM32H7xx_HAL_Driver/Src/stm32h7xx_hal_spi.c:2492:3
	b	.LBB26_39
.Ltmp682:
.LBB26_38:
	.loc	7 0 3 is_stmt 0                 @ ../Drivers/STM32H7xx_HAL_Driver/Src/stm32h7xx_hal_spi.c:0:3
	b	.LBB26_39
.LBB26_39:
	b	.LBB26_40
.LBB26_40:
	.loc	7 2499 3 is_stmt 1              @ ../Drivers/STM32H7xx_HAL_Driver/Src/stm32h7xx_hal_spi.c:2499:3
	ldr	r0, [sp, #16]
	.loc	7 2499 9 is_stmt 0              @ ../Drivers/STM32H7xx_HAL_Driver/Src/stm32h7xx_hal_spi.c:2499:9
	ldr	r1, [r0, #124]
	.loc	7 2499 38                       @ ../Drivers/STM32H7xx_HAL_Driver/Src/stm32h7xx_hal_spi.c:2499:38
	movw	r0, :lower16:SPI_DMAHalfTransmitReceiveCplt
	movt	r0, :upper16:SPI_DMAHalfTransmitReceiveCplt
	str	r0, [r1, #64]
	.loc	7 2500 3 is_stmt 1              @ ../Drivers/STM32H7xx_HAL_Driver/Src/stm32h7xx_hal_spi.c:2500:3
	ldr	r0, [sp, #16]
	.loc	7 2500 9 is_stmt 0              @ ../Drivers/STM32H7xx_HAL_Driver/Src/stm32h7xx_hal_spi.c:2500:9
	ldr	r1, [r0, #124]
	.loc	7 2500 38                       @ ../Drivers/STM32H7xx_HAL_Driver/Src/stm32h7xx_hal_spi.c:2500:38
	movw	r0, :lower16:SPI_DMATransmitReceiveCplt
	movt	r0, :upper16:SPI_DMATransmitReceiveCplt
	str	r0, [r1, #60]
	.loc	7 2503 3 is_stmt 1              @ ../Drivers/STM32H7xx_HAL_Driver/Src/stm32h7xx_hal_spi.c:2503:3
	ldr	r0, [sp, #16]
	.loc	7 2503 9 is_stmt 0              @ ../Drivers/STM32H7xx_HAL_Driver/Src/stm32h7xx_hal_spi.c:2503:9
	ldr	r1, [r0, #124]
	.loc	7 2503 35                       @ ../Drivers/STM32H7xx_HAL_Driver/Src/stm32h7xx_hal_spi.c:2503:35
	movw	r0, :lower16:SPI_DMAError
	movt	r0, :upper16:SPI_DMAError
	str	r0, [r1, #76]
	.loc	7 2506 3 is_stmt 1              @ ../Drivers/STM32H7xx_HAL_Driver/Src/stm32h7xx_hal_spi.c:2506:3
	ldr	r0, [sp, #16]
	.loc	7 2506 9 is_stmt 0              @ ../Drivers/STM32H7xx_HAL_Driver/Src/stm32h7xx_hal_spi.c:2506:9
	ldr	r1, [r0, #124]
	movs	r0, #0
	.loc	7 2506 35                       @ ../Drivers/STM32H7xx_HAL_Driver/Src/stm32h7xx_hal_spi.c:2506:35
	str	r0, [r1, #80]
.Ltmp683:
	.loc	7 2509 34 is_stmt 1             @ ../Drivers/STM32H7xx_HAL_Driver/Src/stm32h7xx_hal_spi.c:2509:34
	ldr	r3, [sp, #16]
	.loc	7 2509 65 is_stmt 0             @ ../Drivers/STM32H7xx_HAL_Driver/Src/stm32h7xx_hal_spi.c:2509:65
	ldr	r1, [r3]
	.loc	7 2509 97                       @ ../Drivers/STM32H7xx_HAL_Driver/Src/stm32h7xx_hal_spi.c:2509:97
	ldr	r2, [r3, #100]
	.loc	7 2509 40                       @ ../Drivers/STM32H7xx_HAL_Driver/Src/stm32h7xx_hal_spi.c:2509:40
	ldr	r0, [r3, #124]
	.loc	7 2509 75                       @ ../Drivers/STM32H7xx_HAL_Driver/Src/stm32h7xx_hal_spi.c:2509:75
	adds	r1, #48
	.loc	7 2510 40 is_stmt 1             @ ../Drivers/STM32H7xx_HAL_Driver/Src/stm32h7xx_hal_spi.c:2510:40
	ldrh.w	r3, [r3, #106]
	.loc	7 2509 17                       @ ../Drivers/STM32H7xx_HAL_Driver/Src/stm32h7xx_hal_spi.c:2509:17
	bl	HAL_DMA_Start_IT
.Ltmp684:
	.loc	7 2509 7 is_stmt 0              @ ../Drivers/STM32H7xx_HAL_Driver/Src/stm32h7xx_hal_spi.c:2509:7
	cbz	r0, .LBB26_44
	b	.LBB26_41
.LBB26_41:
.Ltmp685:
	.loc	7 2513 5 is_stmt 1              @ ../Drivers/STM32H7xx_HAL_Driver/Src/stm32h7xx_hal_spi.c:2513:5
	ldr	r1, [sp, #16]
	ldr.w	r0, [r1, #132]
	orr	r0, r0, #16
	str.w	r0, [r1, #132]
	.loc	7 2514 5                        @ ../Drivers/STM32H7xx_HAL_Driver/Src/stm32h7xx_hal_spi.c:2514:5
	ldr	r1, [sp, #16]
	movs	r0, #1
	.loc	7 2514 17 is_stmt 0             @ ../Drivers/STM32H7xx_HAL_Driver/Src/stm32h7xx_hal_spi.c:2514:17
	strb.w	r0, [r1, #129]
	.loc	7 2517 5 is_stmt 1              @ ../Drivers/STM32H7xx_HAL_Driver/Src/stm32h7xx_hal_spi.c:2517:5
	b	.LBB26_42
.LBB26_42:
.Ltmp686:
	.loc	7 2517 5 is_stmt 0              @ ../Drivers/STM32H7xx_HAL_Driver/Src/stm32h7xx_hal_spi.c:2517:5
	ldr	r1, [sp, #16]
	movs	r0, #0
	strb.w	r0, [r1, #128]
	b	.LBB26_43
.Ltmp687:
.LBB26_43:
	.loc	7 0 5                           @ ../Drivers/STM32H7xx_HAL_Driver/Src/stm32h7xx_hal_spi.c:0:5
	movs	r0, #1
	.loc	7 2519 5 is_stmt 1              @ ../Drivers/STM32H7xx_HAL_Driver/Src/stm32h7xx_hal_spi.c:2519:5
	strb.w	r0, [sp, #23]
	b	.LBB26_56
.Ltmp688:
.LBB26_44:
	.loc	7 2523 3                        @ ../Drivers/STM32H7xx_HAL_Driver/Src/stm32h7xx_hal_spi.c:2523:3
	ldr	r0, [sp, #16]
	ldr	r1, [r0]
	ldr	r0, [r1, #8]
	orr	r0, r0, #16384
	str	r0, [r1, #8]
	.loc	7 2527 3                        @ ../Drivers/STM32H7xx_HAL_Driver/Src/stm32h7xx_hal_spi.c:2527:3
	ldr	r0, [sp, #16]
	.loc	7 2527 9 is_stmt 0              @ ../Drivers/STM32H7xx_HAL_Driver/Src/stm32h7xx_hal_spi.c:2527:9
	ldr	r1, [r0, #120]
	movs	r0, #0
	.loc	7 2527 38                       @ ../Drivers/STM32H7xx_HAL_Driver/Src/stm32h7xx_hal_spi.c:2527:38
	str	r0, [r1, #64]
	.loc	7 2528 3 is_stmt 1              @ ../Drivers/STM32H7xx_HAL_Driver/Src/stm32h7xx_hal_spi.c:2528:3
	ldr	r1, [sp, #16]
	.loc	7 2528 9 is_stmt 0              @ ../Drivers/STM32H7xx_HAL_Driver/Src/stm32h7xx_hal_spi.c:2528:9
	ldr	r1, [r1, #120]
	.loc	7 2528 38                       @ ../Drivers/STM32H7xx_HAL_Driver/Src/stm32h7xx_hal_spi.c:2528:38
	str	r0, [r1, #60]
	.loc	7 2529 3 is_stmt 1              @ ../Drivers/STM32H7xx_HAL_Driver/Src/stm32h7xx_hal_spi.c:2529:3
	ldr	r1, [sp, #16]
	.loc	7 2529 9 is_stmt 0              @ ../Drivers/STM32H7xx_HAL_Driver/Src/stm32h7xx_hal_spi.c:2529:9
	ldr	r1, [r1, #120]
	.loc	7 2529 38                       @ ../Drivers/STM32H7xx_HAL_Driver/Src/stm32h7xx_hal_spi.c:2529:38
	str	r0, [r1, #80]
	.loc	7 2532 3 is_stmt 1              @ ../Drivers/STM32H7xx_HAL_Driver/Src/stm32h7xx_hal_spi.c:2532:3
	ldr	r0, [sp, #16]
	.loc	7 2532 9 is_stmt 0              @ ../Drivers/STM32H7xx_HAL_Driver/Src/stm32h7xx_hal_spi.c:2532:9
	ldr	r1, [r0, #120]
	.loc	7 2532 38                       @ ../Drivers/STM32H7xx_HAL_Driver/Src/stm32h7xx_hal_spi.c:2532:38
	movw	r0, :lower16:SPI_DMAError
	movt	r0, :upper16:SPI_DMAError
	str	r0, [r1, #76]
.Ltmp689:
	.loc	7 2535 34 is_stmt 1             @ ../Drivers/STM32H7xx_HAL_Driver/Src/stm32h7xx_hal_spi.c:2535:34
	ldr	r3, [sp, #16]
	.loc	7 2535 93 is_stmt 0             @ ../Drivers/STM32H7xx_HAL_Driver/Src/stm32h7xx_hal_spi.c:2535:93
	ldr	r2, [r3]
	.loc	7 2535 64                       @ ../Drivers/STM32H7xx_HAL_Driver/Src/stm32h7xx_hal_spi.c:2535:64
	ldr	r1, [r3, #92]
	.loc	7 2535 40                       @ ../Drivers/STM32H7xx_HAL_Driver/Src/stm32h7xx_hal_spi.c:2535:40
	ldr	r0, [r3, #120]
	.loc	7 2535 103                      @ ../Drivers/STM32H7xx_HAL_Driver/Src/stm32h7xx_hal_spi.c:2535:103
	adds	r2, #32
	.loc	7 2536 40 is_stmt 1             @ ../Drivers/STM32H7xx_HAL_Driver/Src/stm32h7xx_hal_spi.c:2536:40
	ldrh.w	r3, [r3, #98]
	.loc	7 2535 17                       @ ../Drivers/STM32H7xx_HAL_Driver/Src/stm32h7xx_hal_spi.c:2535:17
	bl	HAL_DMA_Start_IT
.Ltmp690:
	.loc	7 2535 7 is_stmt 0              @ ../Drivers/STM32H7xx_HAL_Driver/Src/stm32h7xx_hal_spi.c:2535:7
	cbz	r0, .LBB26_48
	b	.LBB26_45
.LBB26_45:
.Ltmp691:
	.loc	7 2539 25 is_stmt 1             @ ../Drivers/STM32H7xx_HAL_Driver/Src/stm32h7xx_hal_spi.c:2539:25
	ldr	r0, [sp, #16]
	.loc	7 2539 31 is_stmt 0             @ ../Drivers/STM32H7xx_HAL_Driver/Src/stm32h7xx_hal_spi.c:2539:31
	ldr	r0, [r0, #124]
	.loc	7 2539 11                       @ ../Drivers/STM32H7xx_HAL_Driver/Src/stm32h7xx_hal_spi.c:2539:11
	bl	HAL_DMA_Abort
	.loc	7 2542 5 is_stmt 1              @ ../Drivers/STM32H7xx_HAL_Driver/Src/stm32h7xx_hal_spi.c:2542:5
	ldr	r1, [sp, #16]
	ldr.w	r0, [r1, #132]
	orr	r0, r0, #16
	str.w	r0, [r1, #132]
	.loc	7 2543 5                        @ ../Drivers/STM32H7xx_HAL_Driver/Src/stm32h7xx_hal_spi.c:2543:5
	ldr	r1, [sp, #16]
	movs	r0, #1
	.loc	7 2543 17 is_stmt 0             @ ../Drivers/STM32H7xx_HAL_Driver/Src/stm32h7xx_hal_spi.c:2543:17
	strb.w	r0, [r1, #129]
	.loc	7 2546 5 is_stmt 1              @ ../Drivers/STM32H7xx_HAL_Driver/Src/stm32h7xx_hal_spi.c:2546:5
	b	.LBB26_46
.LBB26_46:
.Ltmp692:
	.loc	7 2546 5 is_stmt 0              @ ../Drivers/STM32H7xx_HAL_Driver/Src/stm32h7xx_hal_spi.c:2546:5
	ldr	r1, [sp, #16]
	movs	r0, #0
	strb.w	r0, [r1, #128]
	b	.LBB26_47
.Ltmp693:
.LBB26_47:
	.loc	7 0 5                           @ ../Drivers/STM32H7xx_HAL_Driver/Src/stm32h7xx_hal_spi.c:0:5
	movs	r0, #1
	.loc	7 2548 5 is_stmt 1              @ ../Drivers/STM32H7xx_HAL_Driver/Src/stm32h7xx_hal_spi.c:2548:5
	strb.w	r0, [sp, #23]
	b	.LBB26_56
.Ltmp694:
.LBB26_48:
	.loc	7 2551 7                        @ ../Drivers/STM32H7xx_HAL_Driver/Src/stm32h7xx_hal_spi.c:2551:7
	ldr	r0, [sp, #16]
	.loc	7 2551 13 is_stmt 0             @ ../Drivers/STM32H7xx_HAL_Driver/Src/stm32h7xx_hal_spi.c:2551:13
	ldr	r0, [r0, #120]
	.loc	7 2551 26                       @ ../Drivers/STM32H7xx_HAL_Driver/Src/stm32h7xx_hal_spi.c:2551:26
	ldr	r0, [r0, #28]
.Ltmp695:
	.loc	7 2551 7                        @ ../Drivers/STM32H7xx_HAL_Driver/Src/stm32h7xx_hal_spi.c:2551:7
	cmp.w	r0, #256
	bne	.LBB26_50
	b	.LBB26_49
.LBB26_49:
.Ltmp696:
	.loc	7 2553 5 is_stmt 1              @ ../Drivers/STM32H7xx_HAL_Driver/Src/stm32h7xx_hal_spi.c:2553:5
	ldr	r0, [sp, #16]
	ldr	r0, [r0]
	ldr	r0, [r0, #4]
	movw	r1, #65535
	bics	r0, r1
	ldr	r1, [sp, #16]
	ldr	r1, [r1]
	str	r0, [r1, #4]
	.loc	7 2554 3                        @ ../Drivers/STM32H7xx_HAL_Driver/Src/stm32h7xx_hal_spi.c:2554:3
	b	.LBB26_51
.Ltmp697:
.LBB26_50:
	.loc	7 2557 5                        @ ../Drivers/STM32H7xx_HAL_Driver/Src/stm32h7xx_hal_spi.c:2557:5
	ldr	r0, [sp, #16]
	ldr	r0, [r0]
	ldr	r0, [r0, #4]
	movw	r1, #65535
	bics	r0, r1
	ldrh.w	r1, [sp, #6]
	add	r0, r1
	ldr	r1, [sp, #16]
	ldr	r1, [r1]
	str	r0, [r1, #4]
	b	.LBB26_51
.Ltmp698:
.LBB26_51:
	.loc	7 2561 3                        @ ../Drivers/STM32H7xx_HAL_Driver/Src/stm32h7xx_hal_spi.c:2561:3
	ldr	r0, [sp, #16]
	ldr	r1, [r0]
	ldr	r0, [r1, #8]
	orr	r0, r0, #32768
	str	r0, [r1, #8]
	.loc	7 2564 3                        @ ../Drivers/STM32H7xx_HAL_Driver/Src/stm32h7xx_hal_spi.c:2564:3
	ldr	r0, [sp, #16]
	ldr	r1, [r0]
	ldr	r0, [r1, #16]
	orr	r0, r0, #864
	str	r0, [r1, #16]
	.loc	7 2567 3                        @ ../Drivers/STM32H7xx_HAL_Driver/Src/stm32h7xx_hal_spi.c:2567:3
	ldr	r0, [sp, #16]
	ldr	r1, [r0]
	ldr	r0, [r1]
	orr	r0, r0, #1
	str	r0, [r1]
.Ltmp699:
	.loc	7 2569 7                        @ ../Drivers/STM32H7xx_HAL_Driver/Src/stm32h7xx_hal_spi.c:2569:7
	ldr	r0, [sp, #16]
	.loc	7 2569 18 is_stmt 0             @ ../Drivers/STM32H7xx_HAL_Driver/Src/stm32h7xx_hal_spi.c:2569:18
	ldr	r0, [r0, #4]
.Ltmp700:
	.loc	7 2569 7                        @ ../Drivers/STM32H7xx_HAL_Driver/Src/stm32h7xx_hal_spi.c:2569:7
	cmp.w	r0, #4194304
	bne	.LBB26_53
	b	.LBB26_52
.LBB26_52:
.Ltmp701:
	.loc	7 2572 5 is_stmt 1              @ ../Drivers/STM32H7xx_HAL_Driver/Src/stm32h7xx_hal_spi.c:2572:5
	ldr	r0, [sp, #16]
	ldr	r1, [r0]
	ldr	r0, [r1]
	orr	r0, r0, #512
	str	r0, [r1]
	.loc	7 2573 3                        @ ../Drivers/STM32H7xx_HAL_Driver/Src/stm32h7xx_hal_spi.c:2573:3
	b	.LBB26_53
.Ltmp702:
.LBB26_53:
	.loc	7 2576 3                        @ ../Drivers/STM32H7xx_HAL_Driver/Src/stm32h7xx_hal_spi.c:2576:3
	b	.LBB26_54
.LBB26_54:
.Ltmp703:
	.loc	7 2576 3 is_stmt 0              @ ../Drivers/STM32H7xx_HAL_Driver/Src/stm32h7xx_hal_spi.c:2576:3
	ldr	r1, [sp, #16]
	movs	r0, #0
	strb.w	r0, [r1, #128]
	b	.LBB26_55
.Ltmp704:
.LBB26_55:
	.loc	7 0 3                           @ ../Drivers/STM32H7xx_HAL_Driver/Src/stm32h7xx_hal_spi.c:0:3
	movs	r0, #0
	.loc	7 2578 3 is_stmt 1              @ ../Drivers/STM32H7xx_HAL_Driver/Src/stm32h7xx_hal_spi.c:2578:3
	strb.w	r0, [sp, #23]
	b	.LBB26_56
.LBB26_56:
	.loc	7 2579 1                        @ ../Drivers/STM32H7xx_HAL_Driver/Src/stm32h7xx_hal_spi.c:2579:1
	ldrb.w	r0, [sp, #23]
	.loc	7 2579 1 epilogue_begin is_stmt 0 @ ../Drivers/STM32H7xx_HAL_Driver/Src/stm32h7xx_hal_spi.c:2579:1
	add	sp, #24
	pop	{r7, pc}
.Ltmp705:
.Lfunc_end26:
	.size	HAL_SPI_TransmitReceive_DMA, .Lfunc_end26-HAL_SPI_TransmitReceive_DMA
	.cfi_endproc
	.cantunwind
	.fnend
                                        @ -- End function
	.section	.text.SPI_DMAHalfTransmitReceiveCplt,"ax",%progbits
	.p2align	3                               @ -- Begin function SPI_DMAHalfTransmitReceiveCplt
	.type	SPI_DMAHalfTransmitReceiveCplt,%function
	.code	16                              @ @SPI_DMAHalfTransmitReceiveCplt
	.thumb_func
SPI_DMAHalfTransmitReceiveCplt:
.Lfunc_begin27:
	.loc	7 3501 0 is_stmt 1              @ ../Drivers/STM32H7xx_HAL_Driver/Src/stm32h7xx_hal_spi.c:3501:0
	.fnstart
	.cfi_startproc
@ %bb.0:
	.save	{r7, lr}
	push	{r7, lr}
	.cfi_def_cfa_offset 8
	.cfi_offset lr, -4
	.cfi_offset r7, -8
	.pad	#8
	sub	sp, #8
	.cfi_def_cfa_offset 16
	str	r0, [sp, #4]
.Ltmp706:
	.loc	7 3503 51 prologue_end          @ ../Drivers/STM32H7xx_HAL_Driver/Src/stm32h7xx_hal_spi.c:3503:51
	ldr	r0, [sp, #4]
	.loc	7 3503 58 is_stmt 0             @ ../Drivers/STM32H7xx_HAL_Driver/Src/stm32h7xx_hal_spi.c:3503:58
	ldr	r0, [r0, #56]
	.loc	7 3502 22 is_stmt 1             @ ../Drivers/STM32H7xx_HAL_Driver/Src/stm32h7xx_hal_spi.c:3502:22
	str	r0, [sp]
	.loc	7 3508 32                       @ ../Drivers/STM32H7xx_HAL_Driver/Src/stm32h7xx_hal_spi.c:3508:32
	ldr	r0, [sp]
	.loc	7 3508 3 is_stmt 0              @ ../Drivers/STM32H7xx_HAL_Driver/Src/stm32h7xx_hal_spi.c:3508:3
	bl	HAL_SPI_TxRxHalfCpltCallback
	.loc	7 3510 1 epilogue_begin is_stmt 1 @ ../Drivers/STM32H7xx_HAL_Driver/Src/stm32h7xx_hal_spi.c:3510:1
	add	sp, #8
	pop	{r7, pc}
.Ltmp707:
.Lfunc_end27:
	.size	SPI_DMAHalfTransmitReceiveCplt, .Lfunc_end27-SPI_DMAHalfTransmitReceiveCplt
	.cfi_endproc
	.cantunwind
	.fnend
                                        @ -- End function
	.section	.text.SPI_DMATransmitReceiveCplt,"ax",%progbits
	.p2align	3                               @ -- Begin function SPI_DMATransmitReceiveCplt
	.type	SPI_DMATransmitReceiveCplt,%function
	.code	16                              @ @SPI_DMATransmitReceiveCplt
	.thumb_func
SPI_DMATransmitReceiveCplt:
.Lfunc_begin28:
	.loc	7 3437 0                        @ ../Drivers/STM32H7xx_HAL_Driver/Src/stm32h7xx_hal_spi.c:3437:0
	.fnstart
	.cfi_startproc
@ %bb.0:
	.save	{r7, lr}
	push	{r7, lr}
	.cfi_def_cfa_offset 8
	.cfi_offset lr, -4
	.cfi_offset r7, -8
	.pad	#8
	sub	sp, #8
	.cfi_def_cfa_offset 16
	str	r0, [sp, #4]
.Ltmp708:
	.loc	7 3438 72 prologue_end          @ ../Drivers/STM32H7xx_HAL_Driver/Src/stm32h7xx_hal_spi.c:3438:72
	ldr	r0, [sp, #4]
	.loc	7 3438 79 is_stmt 0             @ ../Drivers/STM32H7xx_HAL_Driver/Src/stm32h7xx_hal_spi.c:3438:79
	ldr	r0, [r0, #56]
	.loc	7 3438 22                       @ ../Drivers/STM32H7xx_HAL_Driver/Src/stm32h7xx_hal_spi.c:3438:22
	str	r0, [sp]
.Ltmp709:
	.loc	7 3440 7 is_stmt 1              @ ../Drivers/STM32H7xx_HAL_Driver/Src/stm32h7xx_hal_spi.c:3440:7
	ldr	r0, [sp]
	.loc	7 3440 13 is_stmt 0             @ ../Drivers/STM32H7xx_HAL_Driver/Src/stm32h7xx_hal_spi.c:3440:13
	ldrb.w	r0, [r0, #129]
.Ltmp710:
	.loc	7 3440 7                        @ ../Drivers/STM32H7xx_HAL_Driver/Src/stm32h7xx_hal_spi.c:3440:7
	cmp	r0, #7
	beq	.LBB28_5
	b	.LBB28_1
.LBB28_1:
.Ltmp711:
	.loc	7 3442 9 is_stmt 1              @ ../Drivers/STM32H7xx_HAL_Driver/Src/stm32h7xx_hal_spi.c:3442:9
	ldr	r0, [sp]
	.loc	7 3442 15 is_stmt 0             @ ../Drivers/STM32H7xx_HAL_Driver/Src/stm32h7xx_hal_spi.c:3442:15
	ldr	r0, [r0, #120]
	.loc	7 3442 28                       @ ../Drivers/STM32H7xx_HAL_Driver/Src/stm32h7xx_hal_spi.c:3442:28
	ldr	r0, [r0, #28]
.Ltmp712:
	.loc	7 3442 9                        @ ../Drivers/STM32H7xx_HAL_Driver/Src/stm32h7xx_hal_spi.c:3442:9
	cmp.w	r0, #256
	bne	.LBB28_3
	b	.LBB28_2
.LBB28_2:
.Ltmp713:
	.loc	7 3447 32 is_stmt 1             @ ../Drivers/STM32H7xx_HAL_Driver/Src/stm32h7xx_hal_spi.c:3447:32
	ldr	r0, [sp]
	.loc	7 3447 7 is_stmt 0              @ ../Drivers/STM32H7xx_HAL_Driver/Src/stm32h7xx_hal_spi.c:3447:7
	bl	HAL_SPI_TxRxCpltCallback
	.loc	7 3449 5 is_stmt 1              @ ../Drivers/STM32H7xx_HAL_Driver/Src/stm32h7xx_hal_spi.c:3449:5
	b	.LBB28_4
.Ltmp714:
.LBB28_3:
	.loc	7 3453 7                        @ ../Drivers/STM32H7xx_HAL_Driver/Src/stm32h7xx_hal_spi.c:3453:7
	ldr	r0, [sp]
	ldr	r1, [r0]
	ldr	r0, [r1, #16]
	orr	r0, r0, #8
	str	r0, [r1, #16]
	b	.LBB28_4
.Ltmp715:
.LBB28_4:
	.loc	7 3455 3                        @ ../Drivers/STM32H7xx_HAL_Driver/Src/stm32h7xx_hal_spi.c:3455:3
	b	.LBB28_5
.Ltmp716:
.LBB28_5:
	.loc	7 3456 1 epilogue_begin         @ ../Drivers/STM32H7xx_HAL_Driver/Src/stm32h7xx_hal_spi.c:3456:1
	add	sp, #8
	pop	{r7, pc}
.Ltmp717:
.Lfunc_end28:
	.size	SPI_DMATransmitReceiveCplt, .Lfunc_end28-SPI_DMATransmitReceiveCplt
	.cfi_endproc
	.cantunwind
	.fnend
                                        @ -- End function
	.section	.text.HAL_SPI_Abort,"ax",%progbits
	.hidden	HAL_SPI_Abort                   @ -- Begin function HAL_SPI_Abort
	.globl	HAL_SPI_Abort
	.p2align	3
	.type	HAL_SPI_Abort,%function
	.code	16                              @ @HAL_SPI_Abort
	.thumb_func
HAL_SPI_Abort:
.Lfunc_begin29:
	.loc	7 2595 0                        @ ../Drivers/STM32H7xx_HAL_Driver/Src/stm32h7xx_hal_spi.c:2595:0
	.fnstart
	.cfi_startproc
@ %bb.0:
	.save	{r7, lr}
	push	{r7, lr}
	.cfi_def_cfa_offset 8
	.cfi_offset lr, -4
	.cfi_offset r7, -8
	.pad	#16
	sub	sp, #16
	.cfi_def_cfa_offset 24
	str	r0, [sp, #8]
.Ltmp718:
	.loc	7 2601 3 prologue_end           @ ../Drivers/STM32H7xx_HAL_Driver/Src/stm32h7xx_hal_spi.c:2601:3
	b	.LBB29_1
.LBB29_1:
.Ltmp719:
	.loc	7 2601 3 is_stmt 0              @ ../Drivers/STM32H7xx_HAL_Driver/Src/stm32h7xx_hal_spi.c:2601:3
	ldr	r0, [sp, #8]
	ldrb.w	r0, [r0, #128]
.Ltmp720:
	.loc	7 2601 3                        @ ../Drivers/STM32H7xx_HAL_Driver/Src/stm32h7xx_hal_spi.c:2601:3
	cmp	r0, #1
	bne	.LBB29_3
	b	.LBB29_2
.LBB29_2:
	.loc	7 0 3                           @ ../Drivers/STM32H7xx_HAL_Driver/Src/stm32h7xx_hal_spi.c:0:3
	movs	r0, #2
.Ltmp721:
	.loc	7 2601 3                        @ ../Drivers/STM32H7xx_HAL_Driver/Src/stm32h7xx_hal_spi.c:2601:3
	strb.w	r0, [sp, #15]
	b	.LBB29_44
.Ltmp722:
.LBB29_3:
	.loc	7 2601 3                        @ ../Drivers/STM32H7xx_HAL_Driver/Src/stm32h7xx_hal_spi.c:2601:3
	ldr	r1, [sp, #8]
	movs	r0, #1
	strb.w	r0, [r1, #128]
	b	.LBB29_4
.Ltmp723:
.LBB29_4:
	.loc	7 2601 3                        @ ../Drivers/STM32H7xx_HAL_Driver/Src/stm32h7xx_hal_spi.c:2601:3
	b	.LBB29_5
.Ltmp724:
.LBB29_5:
	.loc	7 2604 3 is_stmt 1              @ ../Drivers/STM32H7xx_HAL_Driver/Src/stm32h7xx_hal_spi.c:2604:3
	ldr	r1, [sp, #8]
	movs	r0, #7
	.loc	7 2604 15 is_stmt 0             @ ../Drivers/STM32H7xx_HAL_Driver/Src/stm32h7xx_hal_spi.c:2604:15
	strb.w	r0, [r1, #129]
	movs	r0, #0
	.loc	7 2607 13 is_stmt 1             @ ../Drivers/STM32H7xx_HAL_Driver/Src/stm32h7xx_hal_spi.c:2607:13
	strb.w	r0, [sp, #7]
	.loc	7 2608 34                       @ ../Drivers/STM32H7xx_HAL_Driver/Src/stm32h7xx_hal_spi.c:2608:34
	movw	r0, :lower16:SystemCoreClock
	movt	r0, :upper16:SystemCoreClock
	ldr	r0, [r0]
	movw	r1, #43691
	movt	r1, #43690
	.loc	7 2608 50 is_stmt 0             @ ../Drivers/STM32H7xx_HAL_Driver/Src/stm32h7xx_hal_spi.c:2608:50
	umull	r1, r0, r0, r1
	lsrs	r0, r0, #4
	movw	r1, #19923
	movt	r1, #4194
	.loc	7 2608 57                       @ ../Drivers/STM32H7xx_HAL_Driver/Src/stm32h7xx_hal_spi.c:2608:57
	umull	r1, r0, r0, r1
	lsrs	r0, r0, #6
	movs	r1, #100
	.loc	7 2608 31                       @ ../Drivers/STM32H7xx_HAL_Driver/Src/stm32h7xx_hal_spi.c:2608:31
	muls	r0, r1, r0
	.loc	7 2608 9                        @ ../Drivers/STM32H7xx_HAL_Driver/Src/stm32h7xx_hal_spi.c:2608:9
	str	r0, [sp]
.Ltmp725:
	.loc	7 2611 7 is_stmt 1              @ ../Drivers/STM32H7xx_HAL_Driver/Src/stm32h7xx_hal_spi.c:2611:7
	ldr	r0, [sp, #8]
	ldr	r0, [r0]
	ldr	r0, [r0]
.Ltmp726:
	.loc	7 2611 7 is_stmt 0              @ ../Drivers/STM32H7xx_HAL_Driver/Src/stm32h7xx_hal_spi.c:2611:7
	lsls	r0, r0, #22
	cmp	r0, #0
	bpl	.LBB29_22
	b	.LBB29_6
.LBB29_6:
.Ltmp727:
	.loc	7 2614 5 is_stmt 1              @ ../Drivers/STM32H7xx_HAL_Driver/Src/stm32h7xx_hal_spi.c:2614:5
	ldr	r0, [sp, #8]
	ldr	r1, [r0]
	ldr	r0, [r1, #16]
	bic	r0, r0, #8
	str	r0, [r1, #16]
	.loc	7 2615 5                        @ ../Drivers/STM32H7xx_HAL_Driver/Src/stm32h7xx_hal_spi.c:2615:5
	b	.LBB29_7
.LBB29_7:                               @ =>This Inner Loop Header: Depth=1
.Ltmp728:
	.loc	7 2617 12                       @ ../Drivers/STM32H7xx_HAL_Driver/Src/stm32h7xx_hal_spi.c:2617:12
	ldr	r0, [sp]
	subs	r0, #1
	str	r0, [sp]
.Ltmp729:
	.loc	7 2618 11                       @ ../Drivers/STM32H7xx_HAL_Driver/Src/stm32h7xx_hal_spi.c:2618:11
	ldr	r0, [sp]
.Ltmp730:
	.loc	7 2618 11 is_stmt 0             @ ../Drivers/STM32H7xx_HAL_Driver/Src/stm32h7xx_hal_spi.c:2618:11
	cbnz	r0, .LBB29_9
	b	.LBB29_8
.LBB29_8:
.Ltmp731:
	.loc	7 2620 9 is_stmt 1              @ ../Drivers/STM32H7xx_HAL_Driver/Src/stm32h7xx_hal_spi.c:2620:9
	ldr	r1, [sp, #8]
	ldr.w	r0, [r1, #132]
	orr	r0, r0, #64
	str.w	r0, [r1, #132]
	.loc	7 2621 9                        @ ../Drivers/STM32H7xx_HAL_Driver/Src/stm32h7xx_hal_spi.c:2621:9
	b	.LBB29_11
.Ltmp732:
.LBB29_9:                               @   in Loop: Header=BB29_7 Depth=1
	.loc	7 2623 5                        @ ../Drivers/STM32H7xx_HAL_Driver/Src/stm32h7xx_hal_spi.c:2623:5
	b	.LBB29_10
.Ltmp733:
.LBB29_10:                              @   in Loop: Header=BB29_7 Depth=1
	.loc	7 2623 14 is_stmt 0             @ ../Drivers/STM32H7xx_HAL_Driver/Src/stm32h7xx_hal_spi.c:2623:14
	ldr	r0, [sp, #8]
	ldr	r0, [r0]
	ldr	r0, [r0, #16]
	and	r0, r0, #8
.Ltmp734:
	.loc	7 2623 5                        @ ../Drivers/STM32H7xx_HAL_Driver/Src/stm32h7xx_hal_spi.c:2623:5
	cmp	r0, #8
	beq	.LBB29_7
	b	.LBB29_11
.Ltmp735:
.LBB29_11:
	.loc	7 2626 5 is_stmt 1              @ ../Drivers/STM32H7xx_HAL_Driver/Src/stm32h7xx_hal_spi.c:2626:5
	ldr	r0, [sp, #8]
	ldr	r1, [r0]
	ldr	r0, [r1]
	orr	r0, r0, #1024
	str	r0, [r1]
	.loc	7 2627 5                        @ ../Drivers/STM32H7xx_HAL_Driver/Src/stm32h7xx_hal_spi.c:2627:5
	b	.LBB29_12
.LBB29_12:                              @ =>This Inner Loop Header: Depth=1
.Ltmp736:
	.loc	7 2629 12                       @ ../Drivers/STM32H7xx_HAL_Driver/Src/stm32h7xx_hal_spi.c:2629:12
	ldr	r0, [sp]
	subs	r0, #1
	str	r0, [sp]
.Ltmp737:
	.loc	7 2630 11                       @ ../Drivers/STM32H7xx_HAL_Driver/Src/stm32h7xx_hal_spi.c:2630:11
	ldr	r0, [sp]
.Ltmp738:
	.loc	7 2630 11 is_stmt 0             @ ../Drivers/STM32H7xx_HAL_Driver/Src/stm32h7xx_hal_spi.c:2630:11
	cbnz	r0, .LBB29_14
	b	.LBB29_13
.LBB29_13:
.Ltmp739:
	.loc	7 2632 9 is_stmt 1              @ ../Drivers/STM32H7xx_HAL_Driver/Src/stm32h7xx_hal_spi.c:2632:9
	ldr	r1, [sp, #8]
	ldr.w	r0, [r1, #132]
	orr	r0, r0, #64
	str.w	r0, [r1, #132]
	.loc	7 2633 9                        @ ../Drivers/STM32H7xx_HAL_Driver/Src/stm32h7xx_hal_spi.c:2633:9
	b	.LBB29_16
.Ltmp740:
.LBB29_14:                              @   in Loop: Header=BB29_12 Depth=1
	.loc	7 2635 5                        @ ../Drivers/STM32H7xx_HAL_Driver/Src/stm32h7xx_hal_spi.c:2635:5
	b	.LBB29_15
.Ltmp741:
.LBB29_15:                              @   in Loop: Header=BB29_12 Depth=1
	.loc	7 2635 14 is_stmt 0             @ ../Drivers/STM32H7xx_HAL_Driver/Src/stm32h7xx_hal_spi.c:2635:14
	ldr	r0, [sp, #8]
	ldr	r0, [r0]
	ldr	r0, [r0]
	and	r0, r0, #512
.Ltmp742:
	.loc	7 2635 5                        @ ../Drivers/STM32H7xx_HAL_Driver/Src/stm32h7xx_hal_spi.c:2635:5
	cmp.w	r0, #512
	beq	.LBB29_12
	b	.LBB29_16
.Ltmp743:
.LBB29_16:
	.loc	7 2638 5 is_stmt 1              @ ../Drivers/STM32H7xx_HAL_Driver/Src/stm32h7xx_hal_spi.c:2638:5
	ldr	r0, [sp, #8]
	ldr	r1, [r0]
	ldr	r0, [r1, #24]
	orr	r0, r0, #2048
	str	r0, [r1, #24]
	.loc	7 2639 5                        @ ../Drivers/STM32H7xx_HAL_Driver/Src/stm32h7xx_hal_spi.c:2639:5
	b	.LBB29_17
.LBB29_17:                              @ =>This Inner Loop Header: Depth=1
.Ltmp744:
	.loc	7 2641 12                       @ ../Drivers/STM32H7xx_HAL_Driver/Src/stm32h7xx_hal_spi.c:2641:12
	ldr	r0, [sp]
	subs	r0, #1
	str	r0, [sp]
.Ltmp745:
	.loc	7 2642 11                       @ ../Drivers/STM32H7xx_HAL_Driver/Src/stm32h7xx_hal_spi.c:2642:11
	ldr	r0, [sp]
.Ltmp746:
	.loc	7 2642 11 is_stmt 0             @ ../Drivers/STM32H7xx_HAL_Driver/Src/stm32h7xx_hal_spi.c:2642:11
	cbnz	r0, .LBB29_19
	b	.LBB29_18
.LBB29_18:
.Ltmp747:
	.loc	7 2644 9 is_stmt 1              @ ../Drivers/STM32H7xx_HAL_Driver/Src/stm32h7xx_hal_spi.c:2644:9
	ldr	r1, [sp, #8]
	ldr.w	r0, [r1, #132]
	orr	r0, r0, #64
	str.w	r0, [r1, #132]
	.loc	7 2645 9                        @ ../Drivers/STM32H7xx_HAL_Driver/Src/stm32h7xx_hal_spi.c:2645:9
	b	.LBB29_21
.Ltmp748:
.LBB29_19:                              @   in Loop: Header=BB29_17 Depth=1
	.loc	7 2647 5                        @ ../Drivers/STM32H7xx_HAL_Driver/Src/stm32h7xx_hal_spi.c:2647:5
	b	.LBB29_20
.Ltmp749:
.LBB29_20:                              @   in Loop: Header=BB29_17 Depth=1
	.loc	7 2647 14 is_stmt 0             @ ../Drivers/STM32H7xx_HAL_Driver/Src/stm32h7xx_hal_spi.c:2647:14
	ldr	r0, [sp, #8]
	ldr	r0, [r0]
	ldr	r0, [r0, #20]
	and	r0, r0, #2048
.Ltmp750:
	.loc	7 2647 5                        @ ../Drivers/STM32H7xx_HAL_Driver/Src/stm32h7xx_hal_spi.c:2647:5
	cmp.w	r0, #2048
	beq	.LBB29_17
	b	.LBB29_21
.Ltmp751:
.LBB29_21:
	.loc	7 2648 3 is_stmt 1              @ ../Drivers/STM32H7xx_HAL_Driver/Src/stm32h7xx_hal_spi.c:2648:3
	b	.LBB29_22
.Ltmp752:
.LBB29_22:
	.loc	7 2651 7                        @ ../Drivers/STM32H7xx_HAL_Driver/Src/stm32h7xx_hal_spi.c:2651:7
	ldr	r0, [sp, #8]
	ldr	r0, [r0]
	ldr	r0, [r0, #8]
.Ltmp753:
	.loc	7 2651 7 is_stmt 0              @ ../Drivers/STM32H7xx_HAL_Driver/Src/stm32h7xx_hal_spi.c:2651:7
	lsls	r0, r0, #16
	cmp	r0, #0
	bpl	.LBB29_30
	b	.LBB29_23
.LBB29_23:
.Ltmp754:
	.loc	7 2653 9 is_stmt 1              @ ../Drivers/STM32H7xx_HAL_Driver/Src/stm32h7xx_hal_spi.c:2653:9
	ldr	r0, [sp, #8]
	.loc	7 2653 15 is_stmt 0             @ ../Drivers/STM32H7xx_HAL_Driver/Src/stm32h7xx_hal_spi.c:2653:15
	ldr	r0, [r0, #120]
.Ltmp755:
	.loc	7 2653 9                        @ ../Drivers/STM32H7xx_HAL_Driver/Src/stm32h7xx_hal_spi.c:2653:9
	cbz	r0, .LBB29_29
	b	.LBB29_24
.LBB29_24:
.Ltmp756:
	.loc	7 2656 7 is_stmt 1              @ ../Drivers/STM32H7xx_HAL_Driver/Src/stm32h7xx_hal_spi.c:2656:7
	ldr	r0, [sp, #8]
	.loc	7 2656 13 is_stmt 0             @ ../Drivers/STM32H7xx_HAL_Driver/Src/stm32h7xx_hal_spi.c:2656:13
	ldr	r1, [r0, #120]
	movs	r0, #0
	.loc	7 2656 39                       @ ../Drivers/STM32H7xx_HAL_Driver/Src/stm32h7xx_hal_spi.c:2656:39
	str	r0, [r1, #80]
.Ltmp757:
	.loc	7 2659 25 is_stmt 1             @ ../Drivers/STM32H7xx_HAL_Driver/Src/stm32h7xx_hal_spi.c:2659:25
	ldr	r0, [sp, #8]
	.loc	7 2659 31 is_stmt 0             @ ../Drivers/STM32H7xx_HAL_Driver/Src/stm32h7xx_hal_spi.c:2659:31
	ldr	r0, [r0, #120]
	.loc	7 2659 11                       @ ../Drivers/STM32H7xx_HAL_Driver/Src/stm32h7xx_hal_spi.c:2659:11
	bl	HAL_DMA_Abort
.Ltmp758:
	.loc	7 2659 11                       @ ../Drivers/STM32H7xx_HAL_Driver/Src/stm32h7xx_hal_spi.c:2659:11
	cbz	r0, .LBB29_28
	b	.LBB29_25
.LBB29_25:
.Ltmp759:
	.loc	7 2661 30 is_stmt 1             @ ../Drivers/STM32H7xx_HAL_Driver/Src/stm32h7xx_hal_spi.c:2661:30
	ldr	r0, [sp, #8]
	.loc	7 2661 36 is_stmt 0             @ ../Drivers/STM32H7xx_HAL_Driver/Src/stm32h7xx_hal_spi.c:2661:36
	ldr	r0, [r0, #120]
	.loc	7 2661 13                       @ ../Drivers/STM32H7xx_HAL_Driver/Src/stm32h7xx_hal_spi.c:2661:13
	bl	HAL_DMA_GetError
.Ltmp760:
	.loc	7 2661 13                       @ ../Drivers/STM32H7xx_HAL_Driver/Src/stm32h7xx_hal_spi.c:2661:13
	cmp	r0, #32
	bne	.LBB29_27
	b	.LBB29_26
.LBB29_26:
.Ltmp761:
	.loc	7 2663 11 is_stmt 1             @ ../Drivers/STM32H7xx_HAL_Driver/Src/stm32h7xx_hal_spi.c:2663:11
	ldr	r1, [sp, #8]
	movs	r0, #64
	.loc	7 2663 27 is_stmt 0             @ ../Drivers/STM32H7xx_HAL_Driver/Src/stm32h7xx_hal_spi.c:2663:27
	str.w	r0, [r1, #132]
	.loc	7 2664 9 is_stmt 1              @ ../Drivers/STM32H7xx_HAL_Driver/Src/stm32h7xx_hal_spi.c:2664:9
	b	.LBB29_27
.Ltmp762:
.LBB29_27:
	.loc	7 2665 7                        @ ../Drivers/STM32H7xx_HAL_Driver/Src/stm32h7xx_hal_spi.c:2665:7
	b	.LBB29_28
.Ltmp763:
.LBB29_28:
	.loc	7 2666 5                        @ ../Drivers/STM32H7xx_HAL_Driver/Src/stm32h7xx_hal_spi.c:2666:5
	b	.LBB29_29
.Ltmp764:
.LBB29_29:
	.loc	7 2667 3                        @ ../Drivers/STM32H7xx_HAL_Driver/Src/stm32h7xx_hal_spi.c:2667:3
	b	.LBB29_30
.Ltmp765:
.LBB29_30:
	.loc	7 2670 7                        @ ../Drivers/STM32H7xx_HAL_Driver/Src/stm32h7xx_hal_spi.c:2670:7
	ldr	r0, [sp, #8]
	ldr	r0, [r0]
	ldr	r0, [r0, #8]
.Ltmp766:
	.loc	7 2670 7 is_stmt 0              @ ../Drivers/STM32H7xx_HAL_Driver/Src/stm32h7xx_hal_spi.c:2670:7
	lsls	r0, r0, #17
	cmp	r0, #0
	bpl	.LBB29_38
	b	.LBB29_31
.LBB29_31:
.Ltmp767:
	.loc	7 2672 9 is_stmt 1              @ ../Drivers/STM32H7xx_HAL_Driver/Src/stm32h7xx_hal_spi.c:2672:9
	ldr	r0, [sp, #8]
	.loc	7 2672 15 is_stmt 0             @ ../Drivers/STM32H7xx_HAL_Driver/Src/stm32h7xx_hal_spi.c:2672:15
	ldr	r0, [r0, #124]
.Ltmp768:
	.loc	7 2672 9                        @ ../Drivers/STM32H7xx_HAL_Driver/Src/stm32h7xx_hal_spi.c:2672:9
	cbz	r0, .LBB29_37
	b	.LBB29_32
.LBB29_32:
.Ltmp769:
	.loc	7 2675 7 is_stmt 1              @ ../Drivers/STM32H7xx_HAL_Driver/Src/stm32h7xx_hal_spi.c:2675:7
	ldr	r0, [sp, #8]
	.loc	7 2675 13 is_stmt 0             @ ../Drivers/STM32H7xx_HAL_Driver/Src/stm32h7xx_hal_spi.c:2675:13
	ldr	r1, [r0, #124]
	movs	r0, #0
	.loc	7 2675 39                       @ ../Drivers/STM32H7xx_HAL_Driver/Src/stm32h7xx_hal_spi.c:2675:39
	str	r0, [r1, #80]
.Ltmp770:
	.loc	7 2678 25 is_stmt 1             @ ../Drivers/STM32H7xx_HAL_Driver/Src/stm32h7xx_hal_spi.c:2678:25
	ldr	r0, [sp, #8]
	.loc	7 2678 31 is_stmt 0             @ ../Drivers/STM32H7xx_HAL_Driver/Src/stm32h7xx_hal_spi.c:2678:31
	ldr	r0, [r0, #124]
	.loc	7 2678 11                       @ ../Drivers/STM32H7xx_HAL_Driver/Src/stm32h7xx_hal_spi.c:2678:11
	bl	HAL_DMA_Abort
.Ltmp771:
	.loc	7 2678 11                       @ ../Drivers/STM32H7xx_HAL_Driver/Src/stm32h7xx_hal_spi.c:2678:11
	cbz	r0, .LBB29_36
	b	.LBB29_33
.LBB29_33:
.Ltmp772:
	.loc	7 2680 30 is_stmt 1             @ ../Drivers/STM32H7xx_HAL_Driver/Src/stm32h7xx_hal_spi.c:2680:30
	ldr	r0, [sp, #8]
	.loc	7 2680 36 is_stmt 0             @ ../Drivers/STM32H7xx_HAL_Driver/Src/stm32h7xx_hal_spi.c:2680:36
	ldr	r0, [r0, #124]
	.loc	7 2680 13                       @ ../Drivers/STM32H7xx_HAL_Driver/Src/stm32h7xx_hal_spi.c:2680:13
	bl	HAL_DMA_GetError
.Ltmp773:
	.loc	7 2680 13                       @ ../Drivers/STM32H7xx_HAL_Driver/Src/stm32h7xx_hal_spi.c:2680:13
	cmp	r0, #32
	bne	.LBB29_35
	b	.LBB29_34
.LBB29_34:
.Ltmp774:
	.loc	7 2682 11 is_stmt 1             @ ../Drivers/STM32H7xx_HAL_Driver/Src/stm32h7xx_hal_spi.c:2682:11
	ldr	r1, [sp, #8]
	movs	r0, #64
	.loc	7 2682 27 is_stmt 0             @ ../Drivers/STM32H7xx_HAL_Driver/Src/stm32h7xx_hal_spi.c:2682:27
	str.w	r0, [r1, #132]
	.loc	7 2683 9 is_stmt 1              @ ../Drivers/STM32H7xx_HAL_Driver/Src/stm32h7xx_hal_spi.c:2683:9
	b	.LBB29_35
.Ltmp775:
.LBB29_35:
	.loc	7 2684 7                        @ ../Drivers/STM32H7xx_HAL_Driver/Src/stm32h7xx_hal_spi.c:2684:7
	b	.LBB29_36
.Ltmp776:
.LBB29_36:
	.loc	7 2685 5                        @ ../Drivers/STM32H7xx_HAL_Driver/Src/stm32h7xx_hal_spi.c:2685:5
	b	.LBB29_37
.Ltmp777:
.LBB29_37:
	.loc	7 2686 3                        @ ../Drivers/STM32H7xx_HAL_Driver/Src/stm32h7xx_hal_spi.c:2686:3
	b	.LBB29_38
.Ltmp778:
.LBB29_38:
	.loc	7 2689 21                       @ ../Drivers/STM32H7xx_HAL_Driver/Src/stm32h7xx_hal_spi.c:2689:21
	ldr	r0, [sp, #8]
	.loc	7 2689 3 is_stmt 0              @ ../Drivers/STM32H7xx_HAL_Driver/Src/stm32h7xx_hal_spi.c:2689:3
	bl	SPI_AbortTransfer
.Ltmp779:
	.loc	7 2692 7 is_stmt 1              @ ../Drivers/STM32H7xx_HAL_Driver/Src/stm32h7xx_hal_spi.c:2692:7
	ldr	r0, [sp, #8]
	ldr.w	r0, [r0, #132]
.Ltmp780:
	.loc	7 2692 7 is_stmt 0              @ ../Drivers/STM32H7xx_HAL_Driver/Src/stm32h7xx_hal_spi.c:2692:7
	lsls	r0, r0, #25
	cmp	r0, #0
	bpl	.LBB29_40
	b	.LBB29_39
.LBB29_39:
	.loc	7 0 7                           @ ../Drivers/STM32H7xx_HAL_Driver/Src/stm32h7xx_hal_spi.c:0:7
	movs	r0, #1
.Ltmp781:
	.loc	7 2695 15 is_stmt 1             @ ../Drivers/STM32H7xx_HAL_Driver/Src/stm32h7xx_hal_spi.c:2695:15
	strb.w	r0, [sp, #7]
	.loc	7 2696 3                        @ ../Drivers/STM32H7xx_HAL_Driver/Src/stm32h7xx_hal_spi.c:2696:3
	b	.LBB29_41
.Ltmp782:
.LBB29_40:
	.loc	7 2700 5                        @ ../Drivers/STM32H7xx_HAL_Driver/Src/stm32h7xx_hal_spi.c:2700:5
	ldr	r1, [sp, #8]
	movs	r0, #0
	.loc	7 2700 21 is_stmt 0             @ ../Drivers/STM32H7xx_HAL_Driver/Src/stm32h7xx_hal_spi.c:2700:21
	str.w	r0, [r1, #132]
	b	.LBB29_41
.Ltmp783:
.LBB29_41:
	.loc	7 2704 3 is_stmt 1              @ ../Drivers/STM32H7xx_HAL_Driver/Src/stm32h7xx_hal_spi.c:2704:3
	ldr	r1, [sp, #8]
	movs	r0, #1
	.loc	7 2704 15 is_stmt 0             @ ../Drivers/STM32H7xx_HAL_Driver/Src/stm32h7xx_hal_spi.c:2704:15
	strb.w	r0, [r1, #129]
	.loc	7 2707 3 is_stmt 1              @ ../Drivers/STM32H7xx_HAL_Driver/Src/stm32h7xx_hal_spi.c:2707:3
	b	.LBB29_42
.LBB29_42:
.Ltmp784:
	.loc	7 2707 3 is_stmt 0              @ ../Drivers/STM32H7xx_HAL_Driver/Src/stm32h7xx_hal_spi.c:2707:3
	ldr	r1, [sp, #8]
	movs	r0, #0
	strb.w	r0, [r1, #128]
	b	.LBB29_43
.Ltmp785:
.LBB29_43:
	.loc	7 2709 10 is_stmt 1             @ ../Drivers/STM32H7xx_HAL_Driver/Src/stm32h7xx_hal_spi.c:2709:10
	ldrb.w	r0, [sp, #7]
	.loc	7 2709 3 is_stmt 0              @ ../Drivers/STM32H7xx_HAL_Driver/Src/stm32h7xx_hal_spi.c:2709:3
	strb.w	r0, [sp, #15]
	b	.LBB29_44
.LBB29_44:
	.loc	7 2710 1 is_stmt 1              @ ../Drivers/STM32H7xx_HAL_Driver/Src/stm32h7xx_hal_spi.c:2710:1
	ldrb.w	r0, [sp, #15]
	.loc	7 2710 1 epilogue_begin is_stmt 0 @ ../Drivers/STM32H7xx_HAL_Driver/Src/stm32h7xx_hal_spi.c:2710:1
	add	sp, #16
	pop	{r7, pc}
.Ltmp786:
.Lfunc_end29:
	.size	HAL_SPI_Abort, .Lfunc_end29-HAL_SPI_Abort
	.cfi_endproc
	.cantunwind
	.fnend
                                        @ -- End function
	.section	.text.SPI_AbortTransfer,"ax",%progbits
	.p2align	3                               @ -- Begin function SPI_AbortTransfer
	.type	SPI_AbortTransfer,%function
	.code	16                              @ @SPI_AbortTransfer
	.thumb_func
SPI_AbortTransfer:
.Lfunc_begin30:
	.loc	7 3899 0 is_stmt 1              @ ../Drivers/STM32H7xx_HAL_Driver/Src/stm32h7xx_hal_spi.c:3899:0
	.fnstart
	.cfi_startproc
@ %bb.0:
	.pad	#4
	sub	sp, #4
	.cfi_def_cfa_offset 4
	str	r0, [sp]
.Ltmp787:
	.loc	7 3901 3 prologue_end           @ ../Drivers/STM32H7xx_HAL_Driver/Src/stm32h7xx_hal_spi.c:3901:3
	ldr	r0, [sp]
	ldr	r1, [r0]
	ldr	r0, [r1]
	bic	r0, r0, #1
	str	r0, [r1]
	.loc	7 3904 3                        @ ../Drivers/STM32H7xx_HAL_Driver/Src/stm32h7xx_hal_spi.c:3904:3
	ldr	r0, [sp]
	ldr	r1, [r0]
	ldr	r0, [r1, #16]
	movw	r2, #879
	bics	r0, r2
	str	r0, [r1, #16]
	.loc	7 3908 3                        @ ../Drivers/STM32H7xx_HAL_Driver/Src/stm32h7xx_hal_spi.c:3908:3
	ldr	r0, [sp]
	ldr	r1, [r0]
	ldr	r0, [r1, #24]
	orr	r0, r0, #8
	str	r0, [r1, #24]
	.loc	7 3909 3                        @ ../Drivers/STM32H7xx_HAL_Driver/Src/stm32h7xx_hal_spi.c:3909:3
	ldr	r0, [sp]
	ldr	r1, [r0]
	ldr	r0, [r1, #24]
	orr	r0, r0, #16
	str	r0, [r1, #24]
	.loc	7 3912 3                        @ ../Drivers/STM32H7xx_HAL_Driver/Src/stm32h7xx_hal_spi.c:3912:3
	ldr	r0, [sp]
	ldr	r1, [r0]
	ldr	r0, [r1, #8]
	bic	r0, r0, #49152
	str	r0, [r1, #8]
	.loc	7 3915 3                        @ ../Drivers/STM32H7xx_HAL_Driver/Src/stm32h7xx_hal_spi.c:3915:3
	ldr	r0, [sp]
	ldr	r1, [r0]
	ldr	r0, [r1, #24]
	orr	r0, r0, #64
	str	r0, [r1, #24]
	.loc	7 3916 3                        @ ../Drivers/STM32H7xx_HAL_Driver/Src/stm32h7xx_hal_spi.c:3916:3
	ldr	r0, [sp]
	ldr	r1, [r0]
	ldr	r0, [r1, #24]
	orr	r0, r0, #32
	str	r0, [r1, #24]
	.loc	7 3917 3                        @ ../Drivers/STM32H7xx_HAL_Driver/Src/stm32h7xx_hal_spi.c:3917:3
	ldr	r0, [sp]
	ldr	r1, [r0]
	ldr	r0, [r1, #24]
	orr	r0, r0, #256
	str	r0, [r1, #24]
	.loc	7 3918 3                        @ ../Drivers/STM32H7xx_HAL_Driver/Src/stm32h7xx_hal_spi.c:3918:3
	ldr	r0, [sp]
	ldr	r1, [r0]
	ldr	r0, [r1, #24]
	orr	r0, r0, #512
	str	r0, [r1, #24]
	.loc	7 3919 3                        @ ../Drivers/STM32H7xx_HAL_Driver/Src/stm32h7xx_hal_spi.c:3919:3
	ldr	r0, [sp]
	ldr	r1, [r0]
	ldr	r0, [r1, #24]
	orr	r0, r0, #2048
	str	r0, [r1, #24]
	.loc	7 3925 3                        @ ../Drivers/STM32H7xx_HAL_Driver/Src/stm32h7xx_hal_spi.c:3925:3
	ldr	r1, [sp]
	movs	r0, #0
	.loc	7 3925 21 is_stmt 0             @ ../Drivers/STM32H7xx_HAL_Driver/Src/stm32h7xx_hal_spi.c:3925:21
	strh.w	r0, [r1, #98]
	.loc	7 3926 3 is_stmt 1              @ ../Drivers/STM32H7xx_HAL_Driver/Src/stm32h7xx_hal_spi.c:3926:3
	ldr	r1, [sp]
	.loc	7 3926 21 is_stmt 0             @ ../Drivers/STM32H7xx_HAL_Driver/Src/stm32h7xx_hal_spi.c:3926:21
	strh.w	r0, [r1, #106]
	.loc	7 3927 1 epilogue_begin is_stmt 1 @ ../Drivers/STM32H7xx_HAL_Driver/Src/stm32h7xx_hal_spi.c:3927:1
	add	sp, #4
	bx	lr
.Ltmp788:
.Lfunc_end30:
	.size	SPI_AbortTransfer, .Lfunc_end30-SPI_AbortTransfer
	.cfi_endproc
	.cantunwind
	.fnend
                                        @ -- End function
	.section	.text.HAL_SPI_Abort_IT,"ax",%progbits
	.hidden	HAL_SPI_Abort_IT                @ -- Begin function HAL_SPI_Abort_IT
	.globl	HAL_SPI_Abort_IT
	.p2align	3
	.type	HAL_SPI_Abort_IT,%function
	.code	16                              @ @HAL_SPI_Abort_IT
	.thumb_func
HAL_SPI_Abort_IT:
.Lfunc_begin31:
	.loc	7 2728 0                        @ ../Drivers/STM32H7xx_HAL_Driver/Src/stm32h7xx_hal_spi.c:2728:0
	.fnstart
	.cfi_startproc
@ %bb.0:
	.save	{r7, lr}
	push	{r7, lr}
	.cfi_def_cfa_offset 8
	.cfi_offset lr, -4
	.cfi_offset r7, -8
	.pad	#24
	sub	sp, #24
	.cfi_def_cfa_offset 32
	str	r0, [sp, #20]
	movs	r0, #1
.Ltmp789:
	.loc	7 2731 12 prologue_end          @ ../Drivers/STM32H7xx_HAL_Driver/Src/stm32h7xx_hal_spi.c:2731:12
	str	r0, [sp, #8]
	.loc	7 2732 12                       @ ../Drivers/STM32H7xx_HAL_Driver/Src/stm32h7xx_hal_spi.c:2732:12
	str	r0, [sp, #4]
	.loc	7 2735 3                        @ ../Drivers/STM32H7xx_HAL_Driver/Src/stm32h7xx_hal_spi.c:2735:3
	ldr	r1, [sp, #20]
	movs	r0, #7
	.loc	7 2735 15 is_stmt 0             @ ../Drivers/STM32H7xx_HAL_Driver/Src/stm32h7xx_hal_spi.c:2735:15
	strb.w	r0, [r1, #129]
	movs	r0, #0
	.loc	7 2738 13 is_stmt 1             @ ../Drivers/STM32H7xx_HAL_Driver/Src/stm32h7xx_hal_spi.c:2738:13
	strb.w	r0, [sp, #19]
	.loc	7 2739 34                       @ ../Drivers/STM32H7xx_HAL_Driver/Src/stm32h7xx_hal_spi.c:2739:34
	movw	r0, :lower16:SystemCoreClock
	movt	r0, :upper16:SystemCoreClock
	ldr	r0, [r0]
	movw	r1, #43691
	movt	r1, #43690
	.loc	7 2739 50 is_stmt 0             @ ../Drivers/STM32H7xx_HAL_Driver/Src/stm32h7xx_hal_spi.c:2739:50
	umull	r1, r0, r0, r1
	lsrs	r0, r0, #4
	movw	r1, #19923
	movt	r1, #4194
	.loc	7 2739 57                       @ ../Drivers/STM32H7xx_HAL_Driver/Src/stm32h7xx_hal_spi.c:2739:57
	umull	r1, r0, r0, r1
	lsrs	r0, r0, #6
	movs	r1, #100
	.loc	7 2739 31                       @ ../Drivers/STM32H7xx_HAL_Driver/Src/stm32h7xx_hal_spi.c:2739:31
	muls	r0, r1, r0
	.loc	7 2739 9                        @ ../Drivers/STM32H7xx_HAL_Driver/Src/stm32h7xx_hal_spi.c:2739:9
	str	r0, [sp, #12]
.Ltmp790:
	.loc	7 2742 7 is_stmt 1              @ ../Drivers/STM32H7xx_HAL_Driver/Src/stm32h7xx_hal_spi.c:2742:7
	ldr	r0, [sp, #20]
	ldr	r0, [r0]
	ldr	r0, [r0]
.Ltmp791:
	.loc	7 2742 7 is_stmt 0              @ ../Drivers/STM32H7xx_HAL_Driver/Src/stm32h7xx_hal_spi.c:2742:7
	lsls	r0, r0, #22
	cmp	r0, #0
	bpl	.LBB31_17
	b	.LBB31_1
.LBB31_1:
.Ltmp792:
	.loc	7 2745 5 is_stmt 1              @ ../Drivers/STM32H7xx_HAL_Driver/Src/stm32h7xx_hal_spi.c:2745:5
	ldr	r0, [sp, #20]
	ldr	r1, [r0]
	ldr	r0, [r1, #16]
	bic	r0, r0, #8
	str	r0, [r1, #16]
	.loc	7 2746 5                        @ ../Drivers/STM32H7xx_HAL_Driver/Src/stm32h7xx_hal_spi.c:2746:5
	b	.LBB31_2
.LBB31_2:                               @ =>This Inner Loop Header: Depth=1
.Ltmp793:
	.loc	7 2748 12                       @ ../Drivers/STM32H7xx_HAL_Driver/Src/stm32h7xx_hal_spi.c:2748:12
	ldr	r0, [sp, #12]
	subs	r0, #1
	str	r0, [sp, #12]
.Ltmp794:
	.loc	7 2749 11                       @ ../Drivers/STM32H7xx_HAL_Driver/Src/stm32h7xx_hal_spi.c:2749:11
	ldr	r0, [sp, #12]
.Ltmp795:
	.loc	7 2749 11 is_stmt 0             @ ../Drivers/STM32H7xx_HAL_Driver/Src/stm32h7xx_hal_spi.c:2749:11
	cbnz	r0, .LBB31_4
	b	.LBB31_3
.LBB31_3:
.Ltmp796:
	.loc	7 2751 9 is_stmt 1              @ ../Drivers/STM32H7xx_HAL_Driver/Src/stm32h7xx_hal_spi.c:2751:9
	ldr	r1, [sp, #20]
	ldr.w	r0, [r1, #132]
	orr	r0, r0, #64
	str.w	r0, [r1, #132]
	.loc	7 2752 9                        @ ../Drivers/STM32H7xx_HAL_Driver/Src/stm32h7xx_hal_spi.c:2752:9
	b	.LBB31_6
.Ltmp797:
.LBB31_4:                               @   in Loop: Header=BB31_2 Depth=1
	.loc	7 2754 5                        @ ../Drivers/STM32H7xx_HAL_Driver/Src/stm32h7xx_hal_spi.c:2754:5
	b	.LBB31_5
.Ltmp798:
.LBB31_5:                               @   in Loop: Header=BB31_2 Depth=1
	.loc	7 2754 14 is_stmt 0             @ ../Drivers/STM32H7xx_HAL_Driver/Src/stm32h7xx_hal_spi.c:2754:14
	ldr	r0, [sp, #20]
	ldr	r0, [r0]
	ldr	r0, [r0, #16]
	and	r0, r0, #8
.Ltmp799:
	.loc	7 2754 5                        @ ../Drivers/STM32H7xx_HAL_Driver/Src/stm32h7xx_hal_spi.c:2754:5
	cmp	r0, #8
	beq	.LBB31_2
	b	.LBB31_6
.Ltmp800:
.LBB31_6:
	.loc	7 2757 5 is_stmt 1              @ ../Drivers/STM32H7xx_HAL_Driver/Src/stm32h7xx_hal_spi.c:2757:5
	ldr	r0, [sp, #20]
	ldr	r1, [r0]
	ldr	r0, [r1]
	orr	r0, r0, #1024
	str	r0, [r1]
	.loc	7 2758 5                        @ ../Drivers/STM32H7xx_HAL_Driver/Src/stm32h7xx_hal_spi.c:2758:5
	b	.LBB31_7
.LBB31_7:                               @ =>This Inner Loop Header: Depth=1
.Ltmp801:
	.loc	7 2760 12                       @ ../Drivers/STM32H7xx_HAL_Driver/Src/stm32h7xx_hal_spi.c:2760:12
	ldr	r0, [sp, #12]
	subs	r0, #1
	str	r0, [sp, #12]
.Ltmp802:
	.loc	7 2761 11                       @ ../Drivers/STM32H7xx_HAL_Driver/Src/stm32h7xx_hal_spi.c:2761:11
	ldr	r0, [sp, #12]
.Ltmp803:
	.loc	7 2761 11 is_stmt 0             @ ../Drivers/STM32H7xx_HAL_Driver/Src/stm32h7xx_hal_spi.c:2761:11
	cbnz	r0, .LBB31_9
	b	.LBB31_8
.LBB31_8:
.Ltmp804:
	.loc	7 2763 9 is_stmt 1              @ ../Drivers/STM32H7xx_HAL_Driver/Src/stm32h7xx_hal_spi.c:2763:9
	ldr	r1, [sp, #20]
	ldr.w	r0, [r1, #132]
	orr	r0, r0, #64
	str.w	r0, [r1, #132]
	.loc	7 2764 9                        @ ../Drivers/STM32H7xx_HAL_Driver/Src/stm32h7xx_hal_spi.c:2764:9
	b	.LBB31_11
.Ltmp805:
.LBB31_9:                               @   in Loop: Header=BB31_7 Depth=1
	.loc	7 2766 5                        @ ../Drivers/STM32H7xx_HAL_Driver/Src/stm32h7xx_hal_spi.c:2766:5
	b	.LBB31_10
.Ltmp806:
.LBB31_10:                              @   in Loop: Header=BB31_7 Depth=1
	.loc	7 2766 14 is_stmt 0             @ ../Drivers/STM32H7xx_HAL_Driver/Src/stm32h7xx_hal_spi.c:2766:14
	ldr	r0, [sp, #20]
	ldr	r0, [r0]
	ldr	r0, [r0]
	and	r0, r0, #512
.Ltmp807:
	.loc	7 2766 5                        @ ../Drivers/STM32H7xx_HAL_Driver/Src/stm32h7xx_hal_spi.c:2766:5
	cmp.w	r0, #512
	beq	.LBB31_7
	b	.LBB31_11
.Ltmp808:
.LBB31_11:
	.loc	7 2769 5 is_stmt 1              @ ../Drivers/STM32H7xx_HAL_Driver/Src/stm32h7xx_hal_spi.c:2769:5
	ldr	r0, [sp, #20]
	ldr	r1, [r0]
	ldr	r0, [r1, #24]
	orr	r0, r0, #2048
	str	r0, [r1, #24]
	.loc	7 2770 5                        @ ../Drivers/STM32H7xx_HAL_Driver/Src/stm32h7xx_hal_spi.c:2770:5
	b	.LBB31_12
.LBB31_12:                              @ =>This Inner Loop Header: Depth=1
.Ltmp809:
	.loc	7 2772 12                       @ ../Drivers/STM32H7xx_HAL_Driver/Src/stm32h7xx_hal_spi.c:2772:12
	ldr	r0, [sp, #12]
	subs	r0, #1
	str	r0, [sp, #12]
.Ltmp810:
	.loc	7 2773 11                       @ ../Drivers/STM32H7xx_HAL_Driver/Src/stm32h7xx_hal_spi.c:2773:11
	ldr	r0, [sp, #12]
.Ltmp811:
	.loc	7 2773 11 is_stmt 0             @ ../Drivers/STM32H7xx_HAL_Driver/Src/stm32h7xx_hal_spi.c:2773:11
	cbnz	r0, .LBB31_14
	b	.LBB31_13
.LBB31_13:
.Ltmp812:
	.loc	7 2775 9 is_stmt 1              @ ../Drivers/STM32H7xx_HAL_Driver/Src/stm32h7xx_hal_spi.c:2775:9
	ldr	r1, [sp, #20]
	ldr.w	r0, [r1, #132]
	orr	r0, r0, #64
	str.w	r0, [r1, #132]
	.loc	7 2776 9                        @ ../Drivers/STM32H7xx_HAL_Driver/Src/stm32h7xx_hal_spi.c:2776:9
	b	.LBB31_16
.Ltmp813:
.LBB31_14:                              @   in Loop: Header=BB31_12 Depth=1
	.loc	7 2778 5                        @ ../Drivers/STM32H7xx_HAL_Driver/Src/stm32h7xx_hal_spi.c:2778:5
	b	.LBB31_15
.Ltmp814:
.LBB31_15:                              @   in Loop: Header=BB31_12 Depth=1
	.loc	7 2778 14 is_stmt 0             @ ../Drivers/STM32H7xx_HAL_Driver/Src/stm32h7xx_hal_spi.c:2778:14
	ldr	r0, [sp, #20]
	ldr	r0, [r0]
	ldr	r0, [r0, #20]
	and	r0, r0, #2048
.Ltmp815:
	.loc	7 2778 5                        @ ../Drivers/STM32H7xx_HAL_Driver/Src/stm32h7xx_hal_spi.c:2778:5
	cmp.w	r0, #2048
	beq	.LBB31_12
	b	.LBB31_16
.Ltmp816:
.LBB31_16:
	.loc	7 2779 3 is_stmt 1              @ ../Drivers/STM32H7xx_HAL_Driver/Src/stm32h7xx_hal_spi.c:2779:3
	b	.LBB31_17
.Ltmp817:
.LBB31_17:
	.loc	7 2784 7                        @ ../Drivers/STM32H7xx_HAL_Driver/Src/stm32h7xx_hal_spi.c:2784:7
	ldr	r0, [sp, #20]
	.loc	7 2784 13 is_stmt 0             @ ../Drivers/STM32H7xx_HAL_Driver/Src/stm32h7xx_hal_spi.c:2784:13
	ldr	r0, [r0, #124]
.Ltmp818:
	.loc	7 2784 7                        @ ../Drivers/STM32H7xx_HAL_Driver/Src/stm32h7xx_hal_spi.c:2784:7
	cbz	r0, .LBB31_21
	b	.LBB31_18
.LBB31_18:
.Ltmp819:
	.loc	7 2786 9 is_stmt 1              @ ../Drivers/STM32H7xx_HAL_Driver/Src/stm32h7xx_hal_spi.c:2786:9
	ldr	r0, [sp, #20]
	ldr	r0, [r0]
	ldr	r0, [r0, #8]
.Ltmp820:
	.loc	7 2786 9 is_stmt 0              @ ../Drivers/STM32H7xx_HAL_Driver/Src/stm32h7xx_hal_spi.c:2786:9
	lsls	r0, r0, #17
	cmp	r0, #0
	bpl	.LBB31_20
	b	.LBB31_19
.LBB31_19:
.Ltmp821:
	.loc	7 2789 7 is_stmt 1              @ ../Drivers/STM32H7xx_HAL_Driver/Src/stm32h7xx_hal_spi.c:2789:7
	ldr	r0, [sp, #20]
	.loc	7 2789 13 is_stmt 0             @ ../Drivers/STM32H7xx_HAL_Driver/Src/stm32h7xx_hal_spi.c:2789:13
	ldr	r1, [r0, #124]
	.loc	7 2789 39                       @ ../Drivers/STM32H7xx_HAL_Driver/Src/stm32h7xx_hal_spi.c:2789:39
	movw	r0, :lower16:SPI_DMARxAbortCallback
	movt	r0, :upper16:SPI_DMARxAbortCallback
	str	r0, [r1, #80]
	.loc	7 2790 5 is_stmt 1              @ ../Drivers/STM32H7xx_HAL_Driver/Src/stm32h7xx_hal_spi.c:2790:5
	b	.LBB31_20
.Ltmp822:
.LBB31_20:
	.loc	7 2791 3                        @ ../Drivers/STM32H7xx_HAL_Driver/Src/stm32h7xx_hal_spi.c:2791:3
	b	.LBB31_21
.Ltmp823:
.LBB31_21:
	.loc	7 2793 7                        @ ../Drivers/STM32H7xx_HAL_Driver/Src/stm32h7xx_hal_spi.c:2793:7
	ldr	r0, [sp, #20]
	.loc	7 2793 13 is_stmt 0             @ ../Drivers/STM32H7xx_HAL_Driver/Src/stm32h7xx_hal_spi.c:2793:13
	ldr	r0, [r0, #120]
.Ltmp824:
	.loc	7 2793 7                        @ ../Drivers/STM32H7xx_HAL_Driver/Src/stm32h7xx_hal_spi.c:2793:7
	cbz	r0, .LBB31_30
	b	.LBB31_22
.LBB31_22:
.Ltmp825:
	.loc	7 2795 9 is_stmt 1              @ ../Drivers/STM32H7xx_HAL_Driver/Src/stm32h7xx_hal_spi.c:2795:9
	ldr	r0, [sp, #20]
	ldr	r0, [r0]
	ldr	r0, [r0, #8]
.Ltmp826:
	.loc	7 2795 9 is_stmt 0              @ ../Drivers/STM32H7xx_HAL_Driver/Src/stm32h7xx_hal_spi.c:2795:9
	lsls	r0, r0, #16
	cmp	r0, #0
	bpl	.LBB31_28
	b	.LBB31_23
.LBB31_23:
.Ltmp827:
	.loc	7 2798 7 is_stmt 1              @ ../Drivers/STM32H7xx_HAL_Driver/Src/stm32h7xx_hal_spi.c:2798:7
	ldr	r0, [sp, #20]
	.loc	7 2798 13 is_stmt 0             @ ../Drivers/STM32H7xx_HAL_Driver/Src/stm32h7xx_hal_spi.c:2798:13
	ldr	r1, [r0, #120]
	.loc	7 2798 39                       @ ../Drivers/STM32H7xx_HAL_Driver/Src/stm32h7xx_hal_spi.c:2798:39
	movw	r0, :lower16:SPI_DMATxAbortCallback
	movt	r0, :upper16:SPI_DMATxAbortCallback
	str	r0, [r1, #80]
	movs	r0, #0
	.loc	7 2800 25 is_stmt 1             @ ../Drivers/STM32H7xx_HAL_Driver/Src/stm32h7xx_hal_spi.c:2800:25
	str	r0, [sp, #8]
.Ltmp828:
	.loc	7 2803 28                       @ ../Drivers/STM32H7xx_HAL_Driver/Src/stm32h7xx_hal_spi.c:2803:28
	ldr	r0, [sp, #20]
	.loc	7 2803 34 is_stmt 0             @ ../Drivers/STM32H7xx_HAL_Driver/Src/stm32h7xx_hal_spi.c:2803:34
	ldr	r0, [r0, #120]
	.loc	7 2803 11                       @ ../Drivers/STM32H7xx_HAL_Driver/Src/stm32h7xx_hal_spi.c:2803:11
	bl	HAL_DMA_Abort_IT
.Ltmp829:
	.loc	7 2803 11                       @ ../Drivers/STM32H7xx_HAL_Driver/Src/stm32h7xx_hal_spi.c:2803:11
	cbz	r0, .LBB31_27
	b	.LBB31_24
.LBB31_24:
.Ltmp830:
	.loc	7 2805 30 is_stmt 1             @ ../Drivers/STM32H7xx_HAL_Driver/Src/stm32h7xx_hal_spi.c:2805:30
	ldr	r0, [sp, #20]
	.loc	7 2805 36 is_stmt 0             @ ../Drivers/STM32H7xx_HAL_Driver/Src/stm32h7xx_hal_spi.c:2805:36
	ldr	r0, [r0, #120]
	.loc	7 2805 13                       @ ../Drivers/STM32H7xx_HAL_Driver/Src/stm32h7xx_hal_spi.c:2805:13
	bl	HAL_DMA_GetError
.Ltmp831:
	.loc	7 2805 13                       @ ../Drivers/STM32H7xx_HAL_Driver/Src/stm32h7xx_hal_spi.c:2805:13
	cmp	r0, #128
	bne	.LBB31_26
	b	.LBB31_25
.LBB31_25:
	.loc	7 0 13                          @ ../Drivers/STM32H7xx_HAL_Driver/Src/stm32h7xx_hal_spi.c:0:13
	movs	r0, #1
.Ltmp832:
	.loc	7 2807 29 is_stmt 1             @ ../Drivers/STM32H7xx_HAL_Driver/Src/stm32h7xx_hal_spi.c:2807:29
	str	r0, [sp, #8]
	.loc	7 2808 11                       @ ../Drivers/STM32H7xx_HAL_Driver/Src/stm32h7xx_hal_spi.c:2808:11
	ldr	r0, [sp, #20]
	.loc	7 2808 17 is_stmt 0             @ ../Drivers/STM32H7xx_HAL_Driver/Src/stm32h7xx_hal_spi.c:2808:17
	ldr	r1, [r0, #120]
	movs	r0, #0
	.loc	7 2808 43                       @ ../Drivers/STM32H7xx_HAL_Driver/Src/stm32h7xx_hal_spi.c:2808:43
	str	r0, [r1, #80]
	.loc	7 2809 9 is_stmt 1              @ ../Drivers/STM32H7xx_HAL_Driver/Src/stm32h7xx_hal_spi.c:2809:9
	b	.LBB31_26
.Ltmp833:
.LBB31_26:
	.loc	7 2810 7                        @ ../Drivers/STM32H7xx_HAL_Driver/Src/stm32h7xx_hal_spi.c:2810:7
	b	.LBB31_27
.Ltmp834:
.LBB31_27:
	.loc	7 2811 5                        @ ../Drivers/STM32H7xx_HAL_Driver/Src/stm32h7xx_hal_spi.c:2811:5
	b	.LBB31_29
.Ltmp835:
.LBB31_28:
	.loc	7 2814 7                        @ ../Drivers/STM32H7xx_HAL_Driver/Src/stm32h7xx_hal_spi.c:2814:7
	ldr	r0, [sp, #20]
	.loc	7 2814 13 is_stmt 0             @ ../Drivers/STM32H7xx_HAL_Driver/Src/stm32h7xx_hal_spi.c:2814:13
	ldr	r1, [r0, #120]
	movs	r0, #0
	.loc	7 2814 39                       @ ../Drivers/STM32H7xx_HAL_Driver/Src/stm32h7xx_hal_spi.c:2814:39
	str	r0, [r1, #80]
	b	.LBB31_29
.Ltmp836:
.LBB31_29:
	.loc	7 2816 3 is_stmt 1              @ ../Drivers/STM32H7xx_HAL_Driver/Src/stm32h7xx_hal_spi.c:2816:3
	b	.LBB31_30
.Ltmp837:
.LBB31_30:
	.loc	7 2818 7                        @ ../Drivers/STM32H7xx_HAL_Driver/Src/stm32h7xx_hal_spi.c:2818:7
	ldr	r0, [sp, #20]
	.loc	7 2818 13 is_stmt 0             @ ../Drivers/STM32H7xx_HAL_Driver/Src/stm32h7xx_hal_spi.c:2818:13
	ldr	r0, [r0, #124]
.Ltmp838:
	.loc	7 2818 7                        @ ../Drivers/STM32H7xx_HAL_Driver/Src/stm32h7xx_hal_spi.c:2818:7
	cbz	r0, .LBB31_39
	b	.LBB31_31
.LBB31_31:
.Ltmp839:
	.loc	7 2820 9 is_stmt 1              @ ../Drivers/STM32H7xx_HAL_Driver/Src/stm32h7xx_hal_spi.c:2820:9
	ldr	r0, [sp, #20]
	ldr	r0, [r0]
	ldr	r0, [r0, #8]
.Ltmp840:
	.loc	7 2820 9 is_stmt 0              @ ../Drivers/STM32H7xx_HAL_Driver/Src/stm32h7xx_hal_spi.c:2820:9
	lsls	r0, r0, #17
	cmp	r0, #0
	bpl	.LBB31_37
	b	.LBB31_32
.LBB31_32:
.Ltmp841:
	.loc	7 2823 7 is_stmt 1              @ ../Drivers/STM32H7xx_HAL_Driver/Src/stm32h7xx_hal_spi.c:2823:7
	ldr	r0, [sp, #20]
	.loc	7 2823 13 is_stmt 0             @ ../Drivers/STM32H7xx_HAL_Driver/Src/stm32h7xx_hal_spi.c:2823:13
	ldr	r1, [r0, #124]
	.loc	7 2823 39                       @ ../Drivers/STM32H7xx_HAL_Driver/Src/stm32h7xx_hal_spi.c:2823:39
	movw	r0, :lower16:SPI_DMARxAbortCallback
	movt	r0, :upper16:SPI_DMARxAbortCallback
	str	r0, [r1, #80]
	movs	r0, #0
	.loc	7 2825 25 is_stmt 1             @ ../Drivers/STM32H7xx_HAL_Driver/Src/stm32h7xx_hal_spi.c:2825:25
	str	r0, [sp, #4]
.Ltmp842:
	.loc	7 2828 28                       @ ../Drivers/STM32H7xx_HAL_Driver/Src/stm32h7xx_hal_spi.c:2828:28
	ldr	r0, [sp, #20]
	.loc	7 2828 34 is_stmt 0             @ ../Drivers/STM32H7xx_HAL_Driver/Src/stm32h7xx_hal_spi.c:2828:34
	ldr	r0, [r0, #124]
	.loc	7 2828 11                       @ ../Drivers/STM32H7xx_HAL_Driver/Src/stm32h7xx_hal_spi.c:2828:11
	bl	HAL_DMA_Abort_IT
.Ltmp843:
	.loc	7 2828 11                       @ ../Drivers/STM32H7xx_HAL_Driver/Src/stm32h7xx_hal_spi.c:2828:11
	cbz	r0, .LBB31_36
	b	.LBB31_33
.LBB31_33:
.Ltmp844:
	.loc	7 2830 30 is_stmt 1             @ ../Drivers/STM32H7xx_HAL_Driver/Src/stm32h7xx_hal_spi.c:2830:30
	ldr	r0, [sp, #20]
	.loc	7 2830 36 is_stmt 0             @ ../Drivers/STM32H7xx_HAL_Driver/Src/stm32h7xx_hal_spi.c:2830:36
	ldr	r0, [r0, #124]
	.loc	7 2830 13                       @ ../Drivers/STM32H7xx_HAL_Driver/Src/stm32h7xx_hal_spi.c:2830:13
	bl	HAL_DMA_GetError
.Ltmp845:
	.loc	7 2830 13                       @ ../Drivers/STM32H7xx_HAL_Driver/Src/stm32h7xx_hal_spi.c:2830:13
	cmp	r0, #128
	bne	.LBB31_35
	b	.LBB31_34
.LBB31_34:
	.loc	7 0 13                          @ ../Drivers/STM32H7xx_HAL_Driver/Src/stm32h7xx_hal_spi.c:0:13
	movs	r0, #1
.Ltmp846:
	.loc	7 2832 29 is_stmt 1             @ ../Drivers/STM32H7xx_HAL_Driver/Src/stm32h7xx_hal_spi.c:2832:29
	str	r0, [sp, #4]
	.loc	7 2833 11                       @ ../Drivers/STM32H7xx_HAL_Driver/Src/stm32h7xx_hal_spi.c:2833:11
	ldr	r0, [sp, #20]
	.loc	7 2833 17 is_stmt 0             @ ../Drivers/STM32H7xx_HAL_Driver/Src/stm32h7xx_hal_spi.c:2833:17
	ldr	r1, [r0, #124]
	movs	r0, #0
	.loc	7 2833 43                       @ ../Drivers/STM32H7xx_HAL_Driver/Src/stm32h7xx_hal_spi.c:2833:43
	str	r0, [r1, #80]
	.loc	7 2834 9 is_stmt 1              @ ../Drivers/STM32H7xx_HAL_Driver/Src/stm32h7xx_hal_spi.c:2834:9
	b	.LBB31_35
.Ltmp847:
.LBB31_35:
	.loc	7 2835 7                        @ ../Drivers/STM32H7xx_HAL_Driver/Src/stm32h7xx_hal_spi.c:2835:7
	b	.LBB31_36
.Ltmp848:
.LBB31_36:
	.loc	7 2836 5                        @ ../Drivers/STM32H7xx_HAL_Driver/Src/stm32h7xx_hal_spi.c:2836:5
	b	.LBB31_38
.Ltmp849:
.LBB31_37:
	.loc	7 2839 7                        @ ../Drivers/STM32H7xx_HAL_Driver/Src/stm32h7xx_hal_spi.c:2839:7
	ldr	r0, [sp, #20]
	.loc	7 2839 13 is_stmt 0             @ ../Drivers/STM32H7xx_HAL_Driver/Src/stm32h7xx_hal_spi.c:2839:13
	ldr	r1, [r0, #124]
	movs	r0, #0
	.loc	7 2839 39                       @ ../Drivers/STM32H7xx_HAL_Driver/Src/stm32h7xx_hal_spi.c:2839:39
	str	r0, [r1, #80]
	b	.LBB31_38
.Ltmp850:
.LBB31_38:
	.loc	7 2841 3 is_stmt 1              @ ../Drivers/STM32H7xx_HAL_Driver/Src/stm32h7xx_hal_spi.c:2841:3
	b	.LBB31_39
.Ltmp851:
.LBB31_39:
	.loc	7 2844 8                        @ ../Drivers/STM32H7xx_HAL_Driver/Src/stm32h7xx_hal_spi.c:2844:8
	ldr	r0, [sp, #8]
	.loc	7 2844 34 is_stmt 0             @ ../Drivers/STM32H7xx_HAL_Driver/Src/stm32h7xx_hal_spi.c:2844:34
	cmp	r0, #1
	bne	.LBB31_45
	b	.LBB31_40
.LBB31_40:
	.loc	7 2844 38                       @ ../Drivers/STM32H7xx_HAL_Driver/Src/stm32h7xx_hal_spi.c:2844:38
	ldr	r0, [sp, #4]
.Ltmp852:
	.loc	7 2844 7                        @ ../Drivers/STM32H7xx_HAL_Driver/Src/stm32h7xx_hal_spi.c:2844:7
	cmp	r0, #1
	bne	.LBB31_45
	b	.LBB31_41
.LBB31_41:
.Ltmp853:
	.loc	7 2847 23 is_stmt 1             @ ../Drivers/STM32H7xx_HAL_Driver/Src/stm32h7xx_hal_spi.c:2847:23
	ldr	r0, [sp, #20]
	.loc	7 2847 5 is_stmt 0              @ ../Drivers/STM32H7xx_HAL_Driver/Src/stm32h7xx_hal_spi.c:2847:5
	bl	SPI_AbortTransfer
.Ltmp854:
	.loc	7 2850 9 is_stmt 1              @ ../Drivers/STM32H7xx_HAL_Driver/Src/stm32h7xx_hal_spi.c:2850:9
	ldr	r0, [sp, #20]
	ldr.w	r0, [r0, #132]
.Ltmp855:
	.loc	7 2850 9 is_stmt 0              @ ../Drivers/STM32H7xx_HAL_Driver/Src/stm32h7xx_hal_spi.c:2850:9
	lsls	r0, r0, #25
	cmp	r0, #0
	bpl	.LBB31_43
	b	.LBB31_42
.LBB31_42:
	.loc	7 0 9                           @ ../Drivers/STM32H7xx_HAL_Driver/Src/stm32h7xx_hal_spi.c:0:9
	movs	r0, #1
.Ltmp856:
	.loc	7 2853 17 is_stmt 1             @ ../Drivers/STM32H7xx_HAL_Driver/Src/stm32h7xx_hal_spi.c:2853:17
	strb.w	r0, [sp, #19]
	.loc	7 2854 5                        @ ../Drivers/STM32H7xx_HAL_Driver/Src/stm32h7xx_hal_spi.c:2854:5
	b	.LBB31_44
.Ltmp857:
.LBB31_43:
	.loc	7 2858 7                        @ ../Drivers/STM32H7xx_HAL_Driver/Src/stm32h7xx_hal_spi.c:2858:7
	ldr	r1, [sp, #20]
	movs	r0, #0
	.loc	7 2858 23 is_stmt 0             @ ../Drivers/STM32H7xx_HAL_Driver/Src/stm32h7xx_hal_spi.c:2858:23
	str.w	r0, [r1, #132]
	b	.LBB31_44
.Ltmp858:
.LBB31_44:
	.loc	7 2862 5 is_stmt 1              @ ../Drivers/STM32H7xx_HAL_Driver/Src/stm32h7xx_hal_spi.c:2862:5
	ldr	r1, [sp, #20]
	movs	r0, #1
	.loc	7 2862 17 is_stmt 0             @ ../Drivers/STM32H7xx_HAL_Driver/Src/stm32h7xx_hal_spi.c:2862:17
	strb.w	r0, [r1, #129]
	.loc	7 2868 31 is_stmt 1             @ ../Drivers/STM32H7xx_HAL_Driver/Src/stm32h7xx_hal_spi.c:2868:31
	ldr	r0, [sp, #20]
	.loc	7 2868 5 is_stmt 0              @ ../Drivers/STM32H7xx_HAL_Driver/Src/stm32h7xx_hal_spi.c:2868:5
	bl	HAL_SPI_AbortCpltCallback
	.loc	7 2870 3 is_stmt 1              @ ../Drivers/STM32H7xx_HAL_Driver/Src/stm32h7xx_hal_spi.c:2870:3
	b	.LBB31_45
.Ltmp859:
.LBB31_45:
	.loc	7 2872 10                       @ ../Drivers/STM32H7xx_HAL_Driver/Src/stm32h7xx_hal_spi.c:2872:10
	ldrb.w	r0, [sp, #19]
	.loc	7 2872 3 epilogue_begin is_stmt 0 @ ../Drivers/STM32H7xx_HAL_Driver/Src/stm32h7xx_hal_spi.c:2872:3
	add	sp, #24
	pop	{r7, pc}
.Ltmp860:
.Lfunc_end31:
	.size	HAL_SPI_Abort_IT, .Lfunc_end31-HAL_SPI_Abort_IT
	.cfi_endproc
	.cantunwind
	.fnend
                                        @ -- End function
	.section	.text.SPI_DMARxAbortCallback,"ax",%progbits
	.p2align	3                               @ -- Begin function SPI_DMARxAbortCallback
	.type	SPI_DMARxAbortCallback,%function
	.code	16                              @ @SPI_DMARxAbortCallback
	.thumb_func
SPI_DMARxAbortCallback:
.Lfunc_begin32:
	.loc	7 3606 0 is_stmt 1              @ ../Drivers/STM32H7xx_HAL_Driver/Src/stm32h7xx_hal_spi.c:3606:0
	.fnstart
	.cfi_startproc
@ %bb.0:
	.save	{r7, lr}
	push	{r7, lr}
	.cfi_def_cfa_offset 8
	.cfi_offset lr, -4
	.cfi_offset r7, -8
	.pad	#8
	sub	sp, #8
	.cfi_def_cfa_offset 16
	str	r0, [sp, #4]
.Ltmp861:
	.loc	7 3607 72 prologue_end          @ ../Drivers/STM32H7xx_HAL_Driver/Src/stm32h7xx_hal_spi.c:3607:72
	ldr	r0, [sp, #4]
	.loc	7 3607 79 is_stmt 0             @ ../Drivers/STM32H7xx_HAL_Driver/Src/stm32h7xx_hal_spi.c:3607:79
	ldr	r0, [r0, #56]
	.loc	7 3607 22                       @ ../Drivers/STM32H7xx_HAL_Driver/Src/stm32h7xx_hal_spi.c:3607:22
	str	r0, [sp]
	.loc	7 3609 3 is_stmt 1              @ ../Drivers/STM32H7xx_HAL_Driver/Src/stm32h7xx_hal_spi.c:3609:3
	ldr	r0, [sp]
	.loc	7 3609 9 is_stmt 0              @ ../Drivers/STM32H7xx_HAL_Driver/Src/stm32h7xx_hal_spi.c:3609:9
	ldr	r1, [r0, #124]
	movs	r0, #0
	.loc	7 3609 35                       @ ../Drivers/STM32H7xx_HAL_Driver/Src/stm32h7xx_hal_spi.c:3609:35
	str	r0, [r1, #80]
.Ltmp862:
	.loc	7 3612 7 is_stmt 1              @ ../Drivers/STM32H7xx_HAL_Driver/Src/stm32h7xx_hal_spi.c:3612:7
	ldr	r0, [sp]
	.loc	7 3612 13 is_stmt 0             @ ../Drivers/STM32H7xx_HAL_Driver/Src/stm32h7xx_hal_spi.c:3612:13
	ldr	r0, [r0, #120]
.Ltmp863:
	.loc	7 3612 7                        @ ../Drivers/STM32H7xx_HAL_Driver/Src/stm32h7xx_hal_spi.c:3612:7
	cbz	r0, .LBB32_4
	b	.LBB32_1
.LBB32_1:
.Ltmp864:
	.loc	7 3614 9 is_stmt 1              @ ../Drivers/STM32H7xx_HAL_Driver/Src/stm32h7xx_hal_spi.c:3614:9
	ldr	r0, [sp]
	.loc	7 3614 15 is_stmt 0             @ ../Drivers/STM32H7xx_HAL_Driver/Src/stm32h7xx_hal_spi.c:3614:15
	ldr	r0, [r0, #120]
	.loc	7 3614 23                       @ ../Drivers/STM32H7xx_HAL_Driver/Src/stm32h7xx_hal_spi.c:3614:23
	ldr	r0, [r0, #80]
.Ltmp865:
	.loc	7 3614 9                        @ ../Drivers/STM32H7xx_HAL_Driver/Src/stm32h7xx_hal_spi.c:3614:9
	cbz	r0, .LBB32_3
	b	.LBB32_2
.LBB32_2:
.Ltmp866:
	.loc	7 3616 7 is_stmt 1              @ ../Drivers/STM32H7xx_HAL_Driver/Src/stm32h7xx_hal_spi.c:3616:7
	b	.LBB32_5
.Ltmp867:
.LBB32_3:
	.loc	7 3618 3                        @ ../Drivers/STM32H7xx_HAL_Driver/Src/stm32h7xx_hal_spi.c:3618:3
	b	.LBB32_4
.Ltmp868:
.LBB32_4:
	.loc	7 3621 21                       @ ../Drivers/STM32H7xx_HAL_Driver/Src/stm32h7xx_hal_spi.c:3621:21
	ldr	r0, [sp]
	.loc	7 3621 3 is_stmt 0              @ ../Drivers/STM32H7xx_HAL_Driver/Src/stm32h7xx_hal_spi.c:3621:3
	bl	SPI_AbortTransfer
	.loc	7 3624 3 is_stmt 1              @ ../Drivers/STM32H7xx_HAL_Driver/Src/stm32h7xx_hal_spi.c:3624:3
	ldr	r1, [sp]
	movs	r0, #1
	.loc	7 3624 15 is_stmt 0             @ ../Drivers/STM32H7xx_HAL_Driver/Src/stm32h7xx_hal_spi.c:3624:15
	strb.w	r0, [r1, #129]
	.loc	7 3630 29 is_stmt 1             @ ../Drivers/STM32H7xx_HAL_Driver/Src/stm32h7xx_hal_spi.c:3630:29
	ldr	r0, [sp]
	.loc	7 3630 3 is_stmt 0              @ ../Drivers/STM32H7xx_HAL_Driver/Src/stm32h7xx_hal_spi.c:3630:3
	bl	HAL_SPI_AbortCpltCallback
	.loc	7 3632 1 is_stmt 1              @ ../Drivers/STM32H7xx_HAL_Driver/Src/stm32h7xx_hal_spi.c:3632:1
	b	.LBB32_5
.LBB32_5:
	.loc	7 3632 1 epilogue_begin is_stmt 0 @ ../Drivers/STM32H7xx_HAL_Driver/Src/stm32h7xx_hal_spi.c:3632:1
	add	sp, #8
	pop	{r7, pc}
.Ltmp869:
.Lfunc_end32:
	.size	SPI_DMARxAbortCallback, .Lfunc_end32-SPI_DMARxAbortCallback
	.cfi_endproc
	.cantunwind
	.fnend
                                        @ -- End function
	.section	.text.SPI_DMATxAbortCallback,"ax",%progbits
	.p2align	3                               @ -- Begin function SPI_DMATxAbortCallback
	.type	SPI_DMATxAbortCallback,%function
	.code	16                              @ @SPI_DMATxAbortCallback
	.thumb_func
SPI_DMATxAbortCallback:
.Lfunc_begin33:
	.loc	7 3569 0 is_stmt 1              @ ../Drivers/STM32H7xx_HAL_Driver/Src/stm32h7xx_hal_spi.c:3569:0
	.fnstart
	.cfi_startproc
@ %bb.0:
	.save	{r7, lr}
	push	{r7, lr}
	.cfi_def_cfa_offset 8
	.cfi_offset lr, -4
	.cfi_offset r7, -8
	.pad	#8
	sub	sp, #8
	.cfi_def_cfa_offset 16
	str	r0, [sp, #4]
.Ltmp870:
	.loc	7 3570 72 prologue_end          @ ../Drivers/STM32H7xx_HAL_Driver/Src/stm32h7xx_hal_spi.c:3570:72
	ldr	r0, [sp, #4]
	.loc	7 3570 79 is_stmt 0             @ ../Drivers/STM32H7xx_HAL_Driver/Src/stm32h7xx_hal_spi.c:3570:79
	ldr	r0, [r0, #56]
	.loc	7 3570 22                       @ ../Drivers/STM32H7xx_HAL_Driver/Src/stm32h7xx_hal_spi.c:3570:22
	str	r0, [sp]
	.loc	7 3572 3 is_stmt 1              @ ../Drivers/STM32H7xx_HAL_Driver/Src/stm32h7xx_hal_spi.c:3572:3
	ldr	r0, [sp]
	.loc	7 3572 9 is_stmt 0              @ ../Drivers/STM32H7xx_HAL_Driver/Src/stm32h7xx_hal_spi.c:3572:9
	ldr	r1, [r0, #120]
	movs	r0, #0
	.loc	7 3572 35                       @ ../Drivers/STM32H7xx_HAL_Driver/Src/stm32h7xx_hal_spi.c:3572:35
	str	r0, [r1, #80]
.Ltmp871:
	.loc	7 3575 7 is_stmt 1              @ ../Drivers/STM32H7xx_HAL_Driver/Src/stm32h7xx_hal_spi.c:3575:7
	ldr	r0, [sp]
	.loc	7 3575 13 is_stmt 0             @ ../Drivers/STM32H7xx_HAL_Driver/Src/stm32h7xx_hal_spi.c:3575:13
	ldr	r0, [r0, #124]
.Ltmp872:
	.loc	7 3575 7                        @ ../Drivers/STM32H7xx_HAL_Driver/Src/stm32h7xx_hal_spi.c:3575:7
	cbz	r0, .LBB33_4
	b	.LBB33_1
.LBB33_1:
.Ltmp873:
	.loc	7 3577 9 is_stmt 1              @ ../Drivers/STM32H7xx_HAL_Driver/Src/stm32h7xx_hal_spi.c:3577:9
	ldr	r0, [sp]
	.loc	7 3577 15 is_stmt 0             @ ../Drivers/STM32H7xx_HAL_Driver/Src/stm32h7xx_hal_spi.c:3577:15
	ldr	r0, [r0, #124]
	.loc	7 3577 23                       @ ../Drivers/STM32H7xx_HAL_Driver/Src/stm32h7xx_hal_spi.c:3577:23
	ldr	r0, [r0, #80]
.Ltmp874:
	.loc	7 3577 9                        @ ../Drivers/STM32H7xx_HAL_Driver/Src/stm32h7xx_hal_spi.c:3577:9
	cbz	r0, .LBB33_3
	b	.LBB33_2
.LBB33_2:
.Ltmp875:
	.loc	7 3579 7 is_stmt 1              @ ../Drivers/STM32H7xx_HAL_Driver/Src/stm32h7xx_hal_spi.c:3579:7
	b	.LBB33_5
.Ltmp876:
.LBB33_3:
	.loc	7 3581 3                        @ ../Drivers/STM32H7xx_HAL_Driver/Src/stm32h7xx_hal_spi.c:3581:3
	b	.LBB33_4
.Ltmp877:
.LBB33_4:
	.loc	7 3584 21                       @ ../Drivers/STM32H7xx_HAL_Driver/Src/stm32h7xx_hal_spi.c:3584:21
	ldr	r0, [sp]
	.loc	7 3584 3 is_stmt 0              @ ../Drivers/STM32H7xx_HAL_Driver/Src/stm32h7xx_hal_spi.c:3584:3
	bl	SPI_AbortTransfer
	.loc	7 3587 3 is_stmt 1              @ ../Drivers/STM32H7xx_HAL_Driver/Src/stm32h7xx_hal_spi.c:3587:3
	ldr	r1, [sp]
	movs	r0, #1
	.loc	7 3587 15 is_stmt 0             @ ../Drivers/STM32H7xx_HAL_Driver/Src/stm32h7xx_hal_spi.c:3587:15
	strb.w	r0, [r1, #129]
	.loc	7 3593 29 is_stmt 1             @ ../Drivers/STM32H7xx_HAL_Driver/Src/stm32h7xx_hal_spi.c:3593:29
	ldr	r0, [sp]
	.loc	7 3593 3 is_stmt 0              @ ../Drivers/STM32H7xx_HAL_Driver/Src/stm32h7xx_hal_spi.c:3593:3
	bl	HAL_SPI_AbortCpltCallback
	.loc	7 3595 1 is_stmt 1              @ ../Drivers/STM32H7xx_HAL_Driver/Src/stm32h7xx_hal_spi.c:3595:1
	b	.LBB33_5
.LBB33_5:
	.loc	7 3595 1 epilogue_begin is_stmt 0 @ ../Drivers/STM32H7xx_HAL_Driver/Src/stm32h7xx_hal_spi.c:3595:1
	add	sp, #8
	pop	{r7, pc}
.Ltmp878:
.Lfunc_end33:
	.size	SPI_DMATxAbortCallback, .Lfunc_end33-SPI_DMATxAbortCallback
	.cfi_endproc
	.cantunwind
	.fnend
                                        @ -- End function
	.section	.text.HAL_SPI_AbortCpltCallback,"ax",%progbits
	.hidden	HAL_SPI_AbortCpltCallback       @ -- Begin function HAL_SPI_AbortCpltCallback
	.weak	HAL_SPI_AbortCpltCallback
	.p2align	3
	.type	HAL_SPI_AbortCpltCallback,%function
	.code	16                              @ @HAL_SPI_AbortCpltCallback
	.thumb_func
HAL_SPI_AbortCpltCallback:
.Lfunc_begin34:
	.loc	7 3294 0 is_stmt 1              @ ../Drivers/STM32H7xx_HAL_Driver/Src/stm32h7xx_hal_spi.c:3294:0
	.fnstart
	.cfi_startproc
@ %bb.0:
	.pad	#4
	sub	sp, #4
	.cfi_def_cfa_offset 4
	str	r0, [sp]
.Ltmp879:
	.loc	7 3301 1 prologue_end epilogue_begin @ ../Drivers/STM32H7xx_HAL_Driver/Src/stm32h7xx_hal_spi.c:3301:1
	add	sp, #4
	bx	lr
.Ltmp880:
.Lfunc_end34:
	.size	HAL_SPI_AbortCpltCallback, .Lfunc_end34-HAL_SPI_AbortCpltCallback
	.cfi_endproc
	.cantunwind
	.fnend
                                        @ -- End function
	.section	.text.HAL_SPI_DMAPause,"ax",%progbits
	.hidden	HAL_SPI_DMAPause                @ -- Begin function HAL_SPI_DMAPause
	.globl	HAL_SPI_DMAPause
	.p2align	3
	.type	HAL_SPI_DMAPause,%function
	.code	16                              @ @HAL_SPI_DMAPause
	.thumb_func
HAL_SPI_DMAPause:
.Lfunc_begin35:
	.loc	7 2883 0                        @ ../Drivers/STM32H7xx_HAL_Driver/Src/stm32h7xx_hal_spi.c:2883:0
	.fnstart
	.cfi_startproc
@ %bb.0:
	.pad	#4
	sub	sp, #4
	.cfi_def_cfa_offset 4
	str	r0, [sp]
.Ltmp881:
	.loc	7 2885 3 prologue_end           @ ../Drivers/STM32H7xx_HAL_Driver/Src/stm32h7xx_hal_spi.c:2885:3
	ldr	r1, [sp]
	ldr.w	r0, [r1, #132]
	orr	r0, r0, #1024
	str.w	r0, [r1, #132]
	movs	r0, #1
	.loc	7 2887 3 epilogue_begin         @ ../Drivers/STM32H7xx_HAL_Driver/Src/stm32h7xx_hal_spi.c:2887:3
	add	sp, #4
	bx	lr
.Ltmp882:
.Lfunc_end35:
	.size	HAL_SPI_DMAPause, .Lfunc_end35-HAL_SPI_DMAPause
	.cfi_endproc
	.cantunwind
	.fnend
                                        @ -- End function
	.section	.text.HAL_SPI_DMAResume,"ax",%progbits
	.hidden	HAL_SPI_DMAResume               @ -- Begin function HAL_SPI_DMAResume
	.globl	HAL_SPI_DMAResume
	.p2align	3
	.type	HAL_SPI_DMAResume,%function
	.code	16                              @ @HAL_SPI_DMAResume
	.thumb_func
HAL_SPI_DMAResume:
.Lfunc_begin36:
	.loc	7 2898 0                        @ ../Drivers/STM32H7xx_HAL_Driver/Src/stm32h7xx_hal_spi.c:2898:0
	.fnstart
	.cfi_startproc
@ %bb.0:
	.pad	#4
	sub	sp, #4
	.cfi_def_cfa_offset 4
	str	r0, [sp]
.Ltmp883:
	.loc	7 2900 3 prologue_end           @ ../Drivers/STM32H7xx_HAL_Driver/Src/stm32h7xx_hal_spi.c:2900:3
	ldr	r1, [sp]
	ldr.w	r0, [r1, #132]
	orr	r0, r0, #1024
	str.w	r0, [r1, #132]
	movs	r0, #1
	.loc	7 2902 3 epilogue_begin         @ ../Drivers/STM32H7xx_HAL_Driver/Src/stm32h7xx_hal_spi.c:2902:3
	add	sp, #4
	bx	lr
.Ltmp884:
.Lfunc_end36:
	.size	HAL_SPI_DMAResume, .Lfunc_end36-HAL_SPI_DMAResume
	.cfi_endproc
	.cantunwind
	.fnend
                                        @ -- End function
	.section	.text.HAL_SPI_DMAStop,"ax",%progbits
	.hidden	HAL_SPI_DMAStop                 @ -- Begin function HAL_SPI_DMAStop
	.globl	HAL_SPI_DMAStop
	.p2align	3
	.type	HAL_SPI_DMAStop,%function
	.code	16                              @ @HAL_SPI_DMAStop
	.thumb_func
HAL_SPI_DMAStop:
.Lfunc_begin37:
	.loc	7 2913 0                        @ ../Drivers/STM32H7xx_HAL_Driver/Src/stm32h7xx_hal_spi.c:2913:0
	.fnstart
	.cfi_startproc
@ %bb.0:
	.pad	#4
	sub	sp, #4
	.cfi_def_cfa_offset 4
	str	r0, [sp]
.Ltmp885:
	.loc	7 2915 3 prologue_end           @ ../Drivers/STM32H7xx_HAL_Driver/Src/stm32h7xx_hal_spi.c:2915:3
	ldr	r1, [sp]
	ldr.w	r0, [r1, #132]
	orr	r0, r0, #1024
	str.w	r0, [r1, #132]
	movs	r0, #1
	.loc	7 2917 3 epilogue_begin         @ ../Drivers/STM32H7xx_HAL_Driver/Src/stm32h7xx_hal_spi.c:2917:3
	add	sp, #4
	bx	lr
.Ltmp886:
.Lfunc_end37:
	.size	HAL_SPI_DMAStop, .Lfunc_end37-HAL_SPI_DMAStop
	.cfi_endproc
	.cantunwind
	.fnend
                                        @ -- End function
	.section	.text.HAL_SPI_IRQHandler,"ax",%progbits
	.hidden	HAL_SPI_IRQHandler              @ -- Begin function HAL_SPI_IRQHandler
	.globl	HAL_SPI_IRQHandler
	.p2align	3
	.type	HAL_SPI_IRQHandler,%function
	.code	16                              @ @HAL_SPI_IRQHandler
	.thumb_func
HAL_SPI_IRQHandler:
.Lfunc_begin38:
	.loc	7 2927 0                        @ ../Drivers/STM32H7xx_HAL_Driver/Src/stm32h7xx_hal_spi.c:2927:0
	.fnstart
	.cfi_startproc
@ %bb.0:
	.save	{r7, lr}
	push	{r7, lr}
	.cfi_def_cfa_offset 8
	.cfi_offset lr, -4
	.cfi_offset r7, -8
	.pad	#32
	sub	sp, #32
	.cfi_def_cfa_offset 40
	str	r0, [sp, #28]
.Ltmp887:
	.loc	7 2928 23 prologue_end          @ ../Drivers/STM32H7xx_HAL_Driver/Src/stm32h7xx_hal_spi.c:2928:23
	ldr	r0, [sp, #28]
	.loc	7 2928 29 is_stmt 0             @ ../Drivers/STM32H7xx_HAL_Driver/Src/stm32h7xx_hal_spi.c:2928:29
	ldr	r0, [r0]
	.loc	7 2928 39                       @ ../Drivers/STM32H7xx_HAL_Driver/Src/stm32h7xx_hal_spi.c:2928:39
	ldr	r0, [r0, #16]
	.loc	7 2928 12                       @ ../Drivers/STM32H7xx_HAL_Driver/Src/stm32h7xx_hal_spi.c:2928:12
	str	r0, [sp, #24]
	.loc	7 2929 23 is_stmt 1             @ ../Drivers/STM32H7xx_HAL_Driver/Src/stm32h7xx_hal_spi.c:2929:23
	ldr	r0, [sp, #28]
	.loc	7 2929 29 is_stmt 0             @ ../Drivers/STM32H7xx_HAL_Driver/Src/stm32h7xx_hal_spi.c:2929:29
	ldr	r0, [r0]
	.loc	7 2929 39                       @ ../Drivers/STM32H7xx_HAL_Driver/Src/stm32h7xx_hal_spi.c:2929:39
	ldr	r0, [r0, #20]
	.loc	7 2929 12                       @ ../Drivers/STM32H7xx_HAL_Driver/Src/stm32h7xx_hal_spi.c:2929:12
	str	r0, [sp, #20]
	.loc	7 2930 23 is_stmt 1             @ ../Drivers/STM32H7xx_HAL_Driver/Src/stm32h7xx_hal_spi.c:2930:23
	ldr	r0, [sp, #24]
	.loc	7 2930 34 is_stmt 0             @ ../Drivers/STM32H7xx_HAL_Driver/Src/stm32h7xx_hal_spi.c:2930:34
	ldr	r1, [sp, #20]
	.loc	7 2930 32                       @ ../Drivers/STM32H7xx_HAL_Driver/Src/stm32h7xx_hal_spi.c:2930:32
	ands	r0, r1
	.loc	7 2930 12                       @ ../Drivers/STM32H7xx_HAL_Driver/Src/stm32h7xx_hal_spi.c:2930:12
	str	r0, [sp, #16]
	.loc	7 2931 23 is_stmt 1             @ ../Drivers/STM32H7xx_HAL_Driver/Src/stm32h7xx_hal_spi.c:2931:23
	ldr	r0, [sp, #28]
	.loc	7 2931 29 is_stmt 0             @ ../Drivers/STM32H7xx_HAL_Driver/Src/stm32h7xx_hal_spi.c:2931:29
	ldr	r0, [r0]
	.loc	7 2931 39                       @ ../Drivers/STM32H7xx_HAL_Driver/Src/stm32h7xx_hal_spi.c:2931:39
	ldr	r0, [r0, #8]
	.loc	7 2931 12                       @ ../Drivers/STM32H7xx_HAL_Driver/Src/stm32h7xx_hal_spi.c:2931:12
	str	r0, [sp, #12]
	movs	r0, #0
	.loc	7 2932 12 is_stmt 1             @ ../Drivers/STM32H7xx_HAL_Driver/Src/stm32h7xx_hal_spi.c:2932:12
	str	r0, [sp, #8]
	.loc	7 2934 32                       @ ../Drivers/STM32H7xx_HAL_Driver/Src/stm32h7xx_hal_spi.c:2934:32
	ldr	r0, [sp, #28]
	.loc	7 2934 38 is_stmt 0             @ ../Drivers/STM32H7xx_HAL_Driver/Src/stm32h7xx_hal_spi.c:2934:38
	ldrb.w	r0, [r0, #129]
	.loc	7 2934 24                       @ ../Drivers/STM32H7xx_HAL_Driver/Src/stm32h7xx_hal_spi.c:2934:24
	strb.w	r0, [sp, #7]
	.loc	7 2936 53 is_stmt 1             @ ../Drivers/STM32H7xx_HAL_Driver/Src/stm32h7xx_hal_spi.c:2936:53
	ldr	r0, [sp, #28]
	.loc	7 2936 59 is_stmt 0             @ ../Drivers/STM32H7xx_HAL_Driver/Src/stm32h7xx_hal_spi.c:2936:59
	ldr	r0, [r0]
	.loc	7 2936 69                       @ ../Drivers/STM32H7xx_HAL_Driver/Src/stm32h7xx_hal_spi.c:2936:69
	adds	r0, #48
	.loc	7 2936 18                       @ ../Drivers/STM32H7xx_HAL_Driver/Src/stm32h7xx_hal_spi.c:2936:18
	str	r0, [sp]
.Ltmp888:
	.loc	7 2940 45 is_stmt 1             @ ../Drivers/STM32H7xx_HAL_Driver/Src/stm32h7xx_hal_spi.c:2940:45
	ldrb.w	r0, [sp, #21]
	lsls	r0, r0, #28
	cmp	r0, #0
	bpl	.LBB38_3
	b	.LBB38_1
.Ltmp889:
.LBB38_1:
	.loc	7 2940 7 is_stmt 0              @ ../Drivers/STM32H7xx_HAL_Driver/Src/stm32h7xx_hal_spi.c:2940:7
	ldrb.w	r0, [sp, #24]
	lsls	r0, r0, #28
	cmp	r0, #0
	bpl	.LBB38_3
	b	.LBB38_2
.LBB38_2:
.Ltmp890:
	.loc	7 2943 5 is_stmt 1              @ ../Drivers/STM32H7xx_HAL_Driver/Src/stm32h7xx_hal_spi.c:2943:5
	ldr	r0, [sp, #28]
	ldr	r1, [r0]
	ldr	r0, [r1, #24]
	orr	r0, r0, #2048
	str	r0, [r1, #24]
	.loc	7 2949 29                       @ ../Drivers/STM32H7xx_HAL_Driver/Src/stm32h7xx_hal_spi.c:2949:29
	ldr	r0, [sp, #28]
	.loc	7 2949 5 is_stmt 0              @ ../Drivers/STM32H7xx_HAL_Driver/Src/stm32h7xx_hal_spi.c:2949:5
	bl	HAL_SPI_SuspendCallback
	.loc	7 2951 5 is_stmt 1              @ ../Drivers/STM32H7xx_HAL_Driver/Src/stm32h7xx_hal_spi.c:2951:5
	b	.LBB38_64
.Ltmp891:
.LBB38_3:
	.loc	7 2955 45                       @ ../Drivers/STM32H7xx_HAL_Driver/Src/stm32h7xx_hal_spi.c:2955:45
	ldrb.w	r0, [sp, #16]
	lsls	r0, r0, #25
	cmp	r0, #0
	bmi	.LBB38_7
	b	.LBB38_4
.LBB38_4:
	.loc	7 2955 86 is_stmt 0             @ ../Drivers/STM32H7xx_HAL_Driver/Src/stm32h7xx_hal_spi.c:2955:86
	ldrb.w	r0, [sp, #16]
	lsls	r0, r0, #26
	cmp	r0, #0
	bmi	.LBB38_7
	b	.LBB38_5
.Ltmp892:
.LBB38_5:
	.loc	7 2955 7                        @ ../Drivers/STM32H7xx_HAL_Driver/Src/stm32h7xx_hal_spi.c:2955:7
	ldrb.w	r0, [sp, #16]
	lsls	r0, r0, #29
	cmp	r0, #0
	bpl	.LBB38_7
	b	.LBB38_6
.LBB38_6:
.Ltmp893:
	.loc	7 2958 5 is_stmt 1              @ ../Drivers/STM32H7xx_HAL_Driver/Src/stm32h7xx_hal_spi.c:2958:5
	ldr	r0, [sp, #28]
	.loc	7 2958 11 is_stmt 0             @ ../Drivers/STM32H7xx_HAL_Driver/Src/stm32h7xx_hal_spi.c:2958:11
	ldr	r1, [r0, #116]
	.loc	7 2958 5                        @ ../Drivers/STM32H7xx_HAL_Driver/Src/stm32h7xx_hal_spi.c:2958:5
	blx	r1
	.loc	7 2959 5 is_stmt 1              @ ../Drivers/STM32H7xx_HAL_Driver/Src/stm32h7xx_hal_spi.c:2959:5
	ldr	r0, [sp, #28]
	.loc	7 2959 11 is_stmt 0             @ ../Drivers/STM32H7xx_HAL_Driver/Src/stm32h7xx_hal_spi.c:2959:11
	ldr	r1, [r0, #112]
	.loc	7 2959 5                        @ ../Drivers/STM32H7xx_HAL_Driver/Src/stm32h7xx_hal_spi.c:2959:5
	blx	r1
	movs	r0, #1
	.loc	7 2960 13 is_stmt 1             @ ../Drivers/STM32H7xx_HAL_Driver/Src/stm32h7xx_hal_spi.c:2960:13
	str	r0, [sp, #8]
	.loc	7 2961 3                        @ ../Drivers/STM32H7xx_HAL_Driver/Src/stm32h7xx_hal_spi.c:2961:3
	b	.LBB38_7
.Ltmp894:
.LBB38_7:
	.loc	7 2964 45                       @ ../Drivers/STM32H7xx_HAL_Driver/Src/stm32h7xx_hal_spi.c:2964:45
	ldrb.w	r0, [sp, #16]
	lsls	r0, r0, #25
	cmp	r0, #0
	bmi	.LBB38_11
	b	.LBB38_8
.LBB38_8:
	.loc	7 2964 86 is_stmt 0             @ ../Drivers/STM32H7xx_HAL_Driver/Src/stm32h7xx_hal_spi.c:2964:86
	ldrb.w	r0, [sp, #16]
	lsls	r0, r0, #31
	cbz	r0, .LBB38_11
	b	.LBB38_9
.Ltmp895:
.LBB38_9:
	.loc	7 2964 7                        @ ../Drivers/STM32H7xx_HAL_Driver/Src/stm32h7xx_hal_spi.c:2964:7
	ldrb.w	r0, [sp, #16]
	lsls	r0, r0, #29
	cmp	r0, #0
	bmi	.LBB38_11
	b	.LBB38_10
.LBB38_10:
.Ltmp896:
	.loc	7 2967 5 is_stmt 1              @ ../Drivers/STM32H7xx_HAL_Driver/Src/stm32h7xx_hal_spi.c:2967:5
	ldr	r0, [sp, #28]
	.loc	7 2967 11 is_stmt 0             @ ../Drivers/STM32H7xx_HAL_Driver/Src/stm32h7xx_hal_spi.c:2967:11
	ldr	r1, [r0, #112]
	.loc	7 2967 5                        @ ../Drivers/STM32H7xx_HAL_Driver/Src/stm32h7xx_hal_spi.c:2967:5
	blx	r1
	movs	r0, #1
	.loc	7 2968 13 is_stmt 1             @ ../Drivers/STM32H7xx_HAL_Driver/Src/stm32h7xx_hal_spi.c:2968:13
	str	r0, [sp, #8]
	.loc	7 2969 3                        @ ../Drivers/STM32H7xx_HAL_Driver/Src/stm32h7xx_hal_spi.c:2969:3
	b	.LBB38_11
.Ltmp897:
.LBB38_11:
	.loc	7 2972 45                       @ ../Drivers/STM32H7xx_HAL_Driver/Src/stm32h7xx_hal_spi.c:2972:45
	ldrb.w	r0, [sp, #16]
	lsls	r0, r0, #26
	cmp	r0, #0
	bmi	.LBB38_15
	b	.LBB38_12
.LBB38_12:
	.loc	7 2972 86 is_stmt 0             @ ../Drivers/STM32H7xx_HAL_Driver/Src/stm32h7xx_hal_spi.c:2972:86
	ldrb.w	r0, [sp, #16]
	lsls	r0, r0, #30
	cmp	r0, #0
	bpl	.LBB38_15
	b	.LBB38_13
.Ltmp898:
.LBB38_13:
	.loc	7 2972 7                        @ ../Drivers/STM32H7xx_HAL_Driver/Src/stm32h7xx_hal_spi.c:2972:7
	ldrb.w	r0, [sp, #16]
	lsls	r0, r0, #29
	cmp	r0, #0
	bmi	.LBB38_15
	b	.LBB38_14
.LBB38_14:
.Ltmp899:
	.loc	7 2975 5 is_stmt 1              @ ../Drivers/STM32H7xx_HAL_Driver/Src/stm32h7xx_hal_spi.c:2975:5
	ldr	r0, [sp, #28]
	.loc	7 2975 11 is_stmt 0             @ ../Drivers/STM32H7xx_HAL_Driver/Src/stm32h7xx_hal_spi.c:2975:11
	ldr	r1, [r0, #116]
	.loc	7 2975 5                        @ ../Drivers/STM32H7xx_HAL_Driver/Src/stm32h7xx_hal_spi.c:2975:5
	blx	r1
	movs	r0, #1
	.loc	7 2976 13 is_stmt 1             @ ../Drivers/STM32H7xx_HAL_Driver/Src/stm32h7xx_hal_spi.c:2976:13
	str	r0, [sp, #8]
	.loc	7 2977 3                        @ ../Drivers/STM32H7xx_HAL_Driver/Src/stm32h7xx_hal_spi.c:2977:3
	b	.LBB38_15
.Ltmp900:
.LBB38_15:
	.loc	7 2987 7                        @ ../Drivers/STM32H7xx_HAL_Driver/Src/stm32h7xx_hal_spi.c:2987:7
	ldr	r0, [sp, #8]
.Ltmp901:
	.loc	7 2987 7 is_stmt 0              @ ../Drivers/STM32H7xx_HAL_Driver/Src/stm32h7xx_hal_spi.c:2987:7
	cbz	r0, .LBB38_17
	b	.LBB38_16
.LBB38_16:
.Ltmp902:
	.loc	7 2989 5 is_stmt 1              @ ../Drivers/STM32H7xx_HAL_Driver/Src/stm32h7xx_hal_spi.c:2989:5
	b	.LBB38_64
.Ltmp903:
.LBB38_17:
	.loc	7 2993 7                        @ ../Drivers/STM32H7xx_HAL_Driver/Src/stm32h7xx_hal_spi.c:2993:7
	ldrb.w	r0, [sp, #16]
	lsls	r0, r0, #28
	cmp	r0, #0
	bpl.w	.LBB38_41
	b	.LBB38_18
.LBB38_18:
.Ltmp904:
	.loc	7 2996 5                        @ ../Drivers/STM32H7xx_HAL_Driver/Src/stm32h7xx_hal_spi.c:2996:5
	ldr	r0, [sp, #28]
	ldr	r1, [r0]
	ldr	r0, [r1, #24]
	orr	r0, r0, #8
	str	r0, [r1, #24]
	.loc	7 2997 5                        @ ../Drivers/STM32H7xx_HAL_Driver/Src/stm32h7xx_hal_spi.c:2997:5
	ldr	r0, [sp, #28]
	ldr	r1, [r0]
	ldr	r0, [r1, #24]
	orr	r0, r0, #16
	str	r0, [r1, #24]
	.loc	7 2998 5                        @ ../Drivers/STM32H7xx_HAL_Driver/Src/stm32h7xx_hal_spi.c:2998:5
	ldr	r0, [sp, #28]
	ldr	r1, [r0]
	ldr	r0, [r1, #24]
	orr	r0, r0, #2048
	str	r0, [r1, #24]
	.loc	7 3001 5                        @ ../Drivers/STM32H7xx_HAL_Driver/Src/stm32h7xx_hal_spi.c:3001:5
	ldr	r0, [sp, #28]
	ldr	r1, [r0]
	ldr	r0, [r1, #16]
	bic	r0, r0, #8
	str	r0, [r1, #16]
.Ltmp905:
	.loc	7 3004 9                        @ ../Drivers/STM32H7xx_HAL_Driver/Src/stm32h7xx_hal_spi.c:3004:9
	ldr	r0, [sp, #28]
	ldr	r0, [r0]
	ldr	r0, [r0, #8]
.Ltmp906:
	.loc	7 3004 9 is_stmt 0              @ ../Drivers/STM32H7xx_HAL_Driver/Src/stm32h7xx_hal_spi.c:3004:9
	tst.w	r0, #49152
	bne	.LBB38_29
	b	.LBB38_19
.LBB38_19:
.Ltmp907:
	.loc	7 3007 7 is_stmt 1              @ ../Drivers/STM32H7xx_HAL_Driver/Src/stm32h7xx_hal_spi.c:3007:7
	b	.LBB38_20
.LBB38_20:                              @ =>This Inner Loop Header: Depth=1
	.loc	7 3007 14 is_stmt 0             @ ../Drivers/STM32H7xx_HAL_Driver/Src/stm32h7xx_hal_spi.c:3007:14
	ldr	r0, [sp, #28]
	.loc	7 3007 20                       @ ../Drivers/STM32H7xx_HAL_Driver/Src/stm32h7xx_hal_spi.c:3007:20
	ldrh.w	r0, [r0, #106]
	.loc	7 3007 7                        @ ../Drivers/STM32H7xx_HAL_Driver/Src/stm32h7xx_hal_spi.c:3007:7
	cbz	r0, .LBB38_28
	b	.LBB38_21
.LBB38_21:                              @   in Loop: Header=BB38_20 Depth=1
.Ltmp908:
	.loc	7 3010 13 is_stmt 1             @ ../Drivers/STM32H7xx_HAL_Driver/Src/stm32h7xx_hal_spi.c:3010:13
	ldr	r0, [sp, #28]
	.loc	7 3010 24 is_stmt 0             @ ../Drivers/STM32H7xx_HAL_Driver/Src/stm32h7xx_hal_spi.c:3010:24
	ldr	r0, [r0, #12]
.Ltmp909:
	.loc	7 3010 13                       @ ../Drivers/STM32H7xx_HAL_Driver/Src/stm32h7xx_hal_spi.c:3010:13
	cmp	r0, #16
	blo	.LBB38_23
	b	.LBB38_22
.LBB38_22:                              @   in Loop: Header=BB38_20 Depth=1
.Ltmp910:
	.loc	7 3012 65 is_stmt 1             @ ../Drivers/STM32H7xx_HAL_Driver/Src/stm32h7xx_hal_spi.c:3012:65
	ldr	r0, [sp, #28]
	.loc	7 3012 71 is_stmt 0             @ ../Drivers/STM32H7xx_HAL_Driver/Src/stm32h7xx_hal_spi.c:3012:71
	ldr	r0, [r0]
	.loc	7 3012 45                       @ ../Drivers/STM32H7xx_HAL_Driver/Src/stm32h7xx_hal_spi.c:3012:45
	ldr	r0, [r0, #48]
	.loc	7 3012 25                       @ ../Drivers/STM32H7xx_HAL_Driver/Src/stm32h7xx_hal_spi.c:3012:25
	ldr	r1, [sp, #28]
	.loc	7 3012 31                       @ ../Drivers/STM32H7xx_HAL_Driver/Src/stm32h7xx_hal_spi.c:3012:31
	ldr	r1, [r1, #100]
	.loc	7 3012 43                       @ ../Drivers/STM32H7xx_HAL_Driver/Src/stm32h7xx_hal_spi.c:3012:43
	str	r0, [r1]
	.loc	7 3013 11 is_stmt 1             @ ../Drivers/STM32H7xx_HAL_Driver/Src/stm32h7xx_hal_spi.c:3013:11
	ldr	r1, [sp, #28]
	.loc	7 3013 28 is_stmt 0             @ ../Drivers/STM32H7xx_HAL_Driver/Src/stm32h7xx_hal_spi.c:3013:28
	ldr	r0, [r1, #100]
	adds	r0, #4
	str	r0, [r1, #100]
	.loc	7 3014 9 is_stmt 1              @ ../Drivers/STM32H7xx_HAL_Driver/Src/stm32h7xx_hal_spi.c:3014:9
	b	.LBB38_27
.Ltmp911:
.LBB38_23:                              @   in Loop: Header=BB38_20 Depth=1
	.loc	7 3016 18                       @ ../Drivers/STM32H7xx_HAL_Driver/Src/stm32h7xx_hal_spi.c:3016:18
	ldr	r0, [sp, #28]
	.loc	7 3016 29 is_stmt 0             @ ../Drivers/STM32H7xx_HAL_Driver/Src/stm32h7xx_hal_spi.c:3016:29
	ldr	r0, [r0, #12]
.Ltmp912:
	.loc	7 3016 18                       @ ../Drivers/STM32H7xx_HAL_Driver/Src/stm32h7xx_hal_spi.c:3016:18
	cmp	r0, #8
	blo	.LBB38_25
	b	.LBB38_24
.LBB38_24:                              @   in Loop: Header=BB38_20 Depth=1
.Ltmp913:
	.loc	7 3019 46 is_stmt 1             @ ../Drivers/STM32H7xx_HAL_Driver/Src/stm32h7xx_hal_spi.c:3019:46
	ldr	r0, [sp]
	.loc	7 3019 45 is_stmt 0             @ ../Drivers/STM32H7xx_HAL_Driver/Src/stm32h7xx_hal_spi.c:3019:45
	ldrh	r0, [r0]
	.loc	7 3019 25                       @ ../Drivers/STM32H7xx_HAL_Driver/Src/stm32h7xx_hal_spi.c:3019:25
	ldr	r1, [sp, #28]
	.loc	7 3019 31                       @ ../Drivers/STM32H7xx_HAL_Driver/Src/stm32h7xx_hal_spi.c:3019:31
	ldr	r1, [r1, #100]
	.loc	7 3019 43                       @ ../Drivers/STM32H7xx_HAL_Driver/Src/stm32h7xx_hal_spi.c:3019:43
	strh	r0, [r1]
	.loc	7 3023 11 is_stmt 1             @ ../Drivers/STM32H7xx_HAL_Driver/Src/stm32h7xx_hal_spi.c:3023:11
	ldr	r1, [sp, #28]
	.loc	7 3023 28 is_stmt 0             @ ../Drivers/STM32H7xx_HAL_Driver/Src/stm32h7xx_hal_spi.c:3023:28
	ldr	r0, [r1, #100]
	adds	r0, #2
	str	r0, [r1, #100]
	.loc	7 3024 9 is_stmt 1              @ ../Drivers/STM32H7xx_HAL_Driver/Src/stm32h7xx_hal_spi.c:3024:9
	b	.LBB38_26
.Ltmp914:
.LBB38_25:                              @   in Loop: Header=BB38_20 Depth=1
	.loc	7 3028 63                       @ ../Drivers/STM32H7xx_HAL_Driver/Src/stm32h7xx_hal_spi.c:3028:63
	ldr	r0, [sp, #28]
	.loc	7 3028 69 is_stmt 0             @ ../Drivers/STM32H7xx_HAL_Driver/Src/stm32h7xx_hal_spi.c:3028:69
	ldr	r0, [r0]
	.loc	7 3028 44                       @ ../Drivers/STM32H7xx_HAL_Driver/Src/stm32h7xx_hal_spi.c:3028:44
	ldrb.w	r0, [r0, #48]
	.loc	7 3028 24                       @ ../Drivers/STM32H7xx_HAL_Driver/Src/stm32h7xx_hal_spi.c:3028:24
	ldr	r1, [sp, #28]
	.loc	7 3028 30                       @ ../Drivers/STM32H7xx_HAL_Driver/Src/stm32h7xx_hal_spi.c:3028:30
	ldr	r1, [r1, #100]
	.loc	7 3028 42                       @ ../Drivers/STM32H7xx_HAL_Driver/Src/stm32h7xx_hal_spi.c:3028:42
	strb	r0, [r1]
	.loc	7 3029 11 is_stmt 1             @ ../Drivers/STM32H7xx_HAL_Driver/Src/stm32h7xx_hal_spi.c:3029:11
	ldr	r1, [sp, #28]
	.loc	7 3029 28 is_stmt 0             @ ../Drivers/STM32H7xx_HAL_Driver/Src/stm32h7xx_hal_spi.c:3029:28
	ldr	r0, [r1, #100]
	adds	r0, #1
	str	r0, [r1, #100]
	b	.LBB38_26
.Ltmp915:
.LBB38_26:                              @   in Loop: Header=BB38_20 Depth=1
	.loc	7 0 28                          @ ../Drivers/STM32H7xx_HAL_Driver/Src/stm32h7xx_hal_spi.c:0:28
	b	.LBB38_27
.LBB38_27:                              @   in Loop: Header=BB38_20 Depth=1
	.loc	7 3032 9 is_stmt 1              @ ../Drivers/STM32H7xx_HAL_Driver/Src/stm32h7xx_hal_spi.c:3032:9
	ldr	r1, [sp, #28]
	.loc	7 3032 26 is_stmt 0             @ ../Drivers/STM32H7xx_HAL_Driver/Src/stm32h7xx_hal_spi.c:3032:26
	ldrh.w	r0, [r1, #106]
	subs	r0, #1
	strh.w	r0, [r1, #106]
.Ltmp916:
	.loc	7 3007 7 is_stmt 1              @ ../Drivers/STM32H7xx_HAL_Driver/Src/stm32h7xx_hal_spi.c:3007:7
	b	.LBB38_20
.LBB38_28:
	.loc	7 3034 5                        @ ../Drivers/STM32H7xx_HAL_Driver/Src/stm32h7xx_hal_spi.c:3034:5
	b	.LBB38_29
.Ltmp917:
.LBB38_29:
	.loc	7 3037 23                       @ ../Drivers/STM32H7xx_HAL_Driver/Src/stm32h7xx_hal_spi.c:3037:23
	ldr	r0, [sp, #28]
	.loc	7 3037 5 is_stmt 0              @ ../Drivers/STM32H7xx_HAL_Driver/Src/stm32h7xx_hal_spi.c:3037:5
	bl	SPI_CloseTransfer
	.loc	7 3039 5 is_stmt 1              @ ../Drivers/STM32H7xx_HAL_Driver/Src/stm32h7xx_hal_spi.c:3039:5
	ldr	r1, [sp, #28]
	movs	r0, #1
	.loc	7 3039 17 is_stmt 0             @ ../Drivers/STM32H7xx_HAL_Driver/Src/stm32h7xx_hal_spi.c:3039:17
	strb.w	r0, [r1, #129]
.Ltmp918:
	.loc	7 3040 9 is_stmt 1              @ ../Drivers/STM32H7xx_HAL_Driver/Src/stm32h7xx_hal_spi.c:3040:9
	ldr	r0, [sp, #28]
	.loc	7 3040 15 is_stmt 0             @ ../Drivers/STM32H7xx_HAL_Driver/Src/stm32h7xx_hal_spi.c:3040:15
	ldr.w	r0, [r0, #132]
.Ltmp919:
	.loc	7 3040 9                        @ ../Drivers/STM32H7xx_HAL_Driver/Src/stm32h7xx_hal_spi.c:3040:9
	cbz	r0, .LBB38_31
	b	.LBB38_30
.LBB38_30:
.Ltmp920:
	.loc	7 3045 29 is_stmt 1             @ ../Drivers/STM32H7xx_HAL_Driver/Src/stm32h7xx_hal_spi.c:3045:29
	ldr	r0, [sp, #28]
	.loc	7 3045 7 is_stmt 0              @ ../Drivers/STM32H7xx_HAL_Driver/Src/stm32h7xx_hal_spi.c:3045:7
	bl	HAL_SPI_ErrorCallback
	.loc	7 3047 7 is_stmt 1              @ ../Drivers/STM32H7xx_HAL_Driver/Src/stm32h7xx_hal_spi.c:3047:7
	b	.LBB38_64
.Ltmp921:
.LBB38_31:
	.loc	7 3066 9                        @ ../Drivers/STM32H7xx_HAL_Driver/Src/stm32h7xx_hal_spi.c:3066:9
	ldrb.w	r0, [sp, #7]
.Ltmp922:
	.loc	7 3066 9 is_stmt 0              @ ../Drivers/STM32H7xx_HAL_Driver/Src/stm32h7xx_hal_spi.c:3066:9
	cmp	r0, #5
	bne	.LBB38_33
	b	.LBB38_32
.LBB38_32:
.Ltmp923:
	.loc	7 3068 32 is_stmt 1             @ ../Drivers/STM32H7xx_HAL_Driver/Src/stm32h7xx_hal_spi.c:3068:32
	ldr	r0, [sp, #28]
	.loc	7 3068 7 is_stmt 0              @ ../Drivers/STM32H7xx_HAL_Driver/Src/stm32h7xx_hal_spi.c:3068:7
	bl	HAL_SPI_TxRxCpltCallback
	.loc	7 3069 5 is_stmt 1              @ ../Drivers/STM32H7xx_HAL_Driver/Src/stm32h7xx_hal_spi.c:3069:5
	b	.LBB38_40
.Ltmp924:
.LBB38_33:
	.loc	7 3070 14                       @ ../Drivers/STM32H7xx_HAL_Driver/Src/stm32h7xx_hal_spi.c:3070:14
	ldrb.w	r0, [sp, #7]
.Ltmp925:
	.loc	7 3070 14 is_stmt 0             @ ../Drivers/STM32H7xx_HAL_Driver/Src/stm32h7xx_hal_spi.c:3070:14
	cmp	r0, #4
	bne	.LBB38_35
	b	.LBB38_34
.LBB38_34:
.Ltmp926:
	.loc	7 3072 30 is_stmt 1             @ ../Drivers/STM32H7xx_HAL_Driver/Src/stm32h7xx_hal_spi.c:3072:30
	ldr	r0, [sp, #28]
	.loc	7 3072 7 is_stmt 0              @ ../Drivers/STM32H7xx_HAL_Driver/Src/stm32h7xx_hal_spi.c:3072:7
	bl	HAL_SPI_RxCpltCallback
	.loc	7 3073 5 is_stmt 1              @ ../Drivers/STM32H7xx_HAL_Driver/Src/stm32h7xx_hal_spi.c:3073:5
	b	.LBB38_39
.Ltmp927:
.LBB38_35:
	.loc	7 3074 14                       @ ../Drivers/STM32H7xx_HAL_Driver/Src/stm32h7xx_hal_spi.c:3074:14
	ldrb.w	r0, [sp, #7]
.Ltmp928:
	.loc	7 3074 14 is_stmt 0             @ ../Drivers/STM32H7xx_HAL_Driver/Src/stm32h7xx_hal_spi.c:3074:14
	cmp	r0, #3
	bne	.LBB38_37
	b	.LBB38_36
.LBB38_36:
.Ltmp929:
	.loc	7 3076 30 is_stmt 1             @ ../Drivers/STM32H7xx_HAL_Driver/Src/stm32h7xx_hal_spi.c:3076:30
	ldr	r0, [sp, #28]
	.loc	7 3076 7 is_stmt 0              @ ../Drivers/STM32H7xx_HAL_Driver/Src/stm32h7xx_hal_spi.c:3076:7
	bl	HAL_SPI_TxCpltCallback
	.loc	7 3077 5 is_stmt 1              @ ../Drivers/STM32H7xx_HAL_Driver/Src/stm32h7xx_hal_spi.c:3077:5
	b	.LBB38_38
.Ltmp930:
.LBB38_37:
	.loc	7 0 5 is_stmt 0                 @ ../Drivers/STM32H7xx_HAL_Driver/Src/stm32h7xx_hal_spi.c:0:5
	b	.LBB38_38
.LBB38_38:
	b	.LBB38_39
.LBB38_39:
	b	.LBB38_40
.LBB38_40:
	.loc	7 3084 5 is_stmt 1              @ ../Drivers/STM32H7xx_HAL_Driver/Src/stm32h7xx_hal_spi.c:3084:5
	b	.LBB38_64
.Ltmp931:
.LBB38_41:
	.loc	7 3088 7                        @ ../Drivers/STM32H7xx_HAL_Driver/Src/stm32h7xx_hal_spi.c:3088:7
	ldrh.w	r0, [sp, #16]
	tst.w	r0, #864
	beq.w	.LBB38_64
	b	.LBB38_42
.LBB38_42:
.Ltmp932:
	.loc	7 3091 9                        @ ../Drivers/STM32H7xx_HAL_Driver/Src/stm32h7xx_hal_spi.c:3091:9
	ldrb.w	r0, [sp, #16]
	lsls	r0, r0, #25
	cmp	r0, #0
	bpl	.LBB38_44
	b	.LBB38_43
.LBB38_43:
.Ltmp933:
	.loc	7 3093 7                        @ ../Drivers/STM32H7xx_HAL_Driver/Src/stm32h7xx_hal_spi.c:3093:7
	ldr	r1, [sp, #28]
	ldr.w	r0, [r1, #132]
	orr	r0, r0, #4
	str.w	r0, [r1, #132]
	.loc	7 3094 7                        @ ../Drivers/STM32H7xx_HAL_Driver/Src/stm32h7xx_hal_spi.c:3094:7
	ldr	r0, [sp, #28]
	ldr	r1, [r0]
	ldr	r0, [r1, #24]
	orr	r0, r0, #64
	str	r0, [r1, #24]
	.loc	7 3095 5                        @ ../Drivers/STM32H7xx_HAL_Driver/Src/stm32h7xx_hal_spi.c:3095:5
	b	.LBB38_44
.Ltmp934:
.LBB38_44:
	.loc	7 3098 9                        @ ../Drivers/STM32H7xx_HAL_Driver/Src/stm32h7xx_hal_spi.c:3098:9
	ldrb.w	r0, [sp, #17]
	lsls	r0, r0, #30
	cmp	r0, #0
	bpl	.LBB38_46
	b	.LBB38_45
.LBB38_45:
.Ltmp935:
	.loc	7 3100 7                        @ ../Drivers/STM32H7xx_HAL_Driver/Src/stm32h7xx_hal_spi.c:3100:7
	ldr	r1, [sp, #28]
	ldr.w	r0, [r1, #132]
	orr	r0, r0, #1
	str.w	r0, [r1, #132]
	.loc	7 3101 7                        @ ../Drivers/STM32H7xx_HAL_Driver/Src/stm32h7xx_hal_spi.c:3101:7
	ldr	r0, [sp, #28]
	ldr	r1, [r0]
	ldr	r0, [r1, #24]
	orr	r0, r0, #512
	str	r0, [r1, #24]
	.loc	7 3102 5                        @ ../Drivers/STM32H7xx_HAL_Driver/Src/stm32h7xx_hal_spi.c:3102:5
	b	.LBB38_46
.Ltmp936:
.LBB38_46:
	.loc	7 3105 9                        @ ../Drivers/STM32H7xx_HAL_Driver/Src/stm32h7xx_hal_spi.c:3105:9
	ldrb.w	r0, [sp, #17]
	lsls	r0, r0, #31
	cbz	r0, .LBB38_48
	b	.LBB38_47
.LBB38_47:
.Ltmp937:
	.loc	7 3107 7                        @ ../Drivers/STM32H7xx_HAL_Driver/Src/stm32h7xx_hal_spi.c:3107:7
	ldr	r1, [sp, #28]
	ldr.w	r0, [r1, #132]
	orr	r0, r0, #8
	str.w	r0, [r1, #132]
	.loc	7 3108 7                        @ ../Drivers/STM32H7xx_HAL_Driver/Src/stm32h7xx_hal_spi.c:3108:7
	ldr	r0, [sp, #28]
	ldr	r1, [r0]
	ldr	r0, [r1, #24]
	orr	r0, r0, #256
	str	r0, [r1, #24]
	.loc	7 3109 5                        @ ../Drivers/STM32H7xx_HAL_Driver/Src/stm32h7xx_hal_spi.c:3109:5
	b	.LBB38_48
.Ltmp938:
.LBB38_48:
	.loc	7 3112 9                        @ ../Drivers/STM32H7xx_HAL_Driver/Src/stm32h7xx_hal_spi.c:3112:9
	ldrb.w	r0, [sp, #16]
	lsls	r0, r0, #26
	cmp	r0, #0
	bpl	.LBB38_50
	b	.LBB38_49
.LBB38_49:
.Ltmp939:
	.loc	7 3114 7                        @ ../Drivers/STM32H7xx_HAL_Driver/Src/stm32h7xx_hal_spi.c:3114:7
	ldr	r1, [sp, #28]
	ldr.w	r0, [r1, #132]
	orr	r0, r0, #128
	str.w	r0, [r1, #132]
	.loc	7 3115 7                        @ ../Drivers/STM32H7xx_HAL_Driver/Src/stm32h7xx_hal_spi.c:3115:7
	ldr	r0, [sp, #28]
	ldr	r1, [r0]
	ldr	r0, [r1, #24]
	orr	r0, r0, #32
	str	r0, [r1, #24]
	.loc	7 3116 5                        @ ../Drivers/STM32H7xx_HAL_Driver/Src/stm32h7xx_hal_spi.c:3116:5
	b	.LBB38_50
.Ltmp940:
.LBB38_50:
	.loc	7 3118 9                        @ ../Drivers/STM32H7xx_HAL_Driver/Src/stm32h7xx_hal_spi.c:3118:9
	ldr	r0, [sp, #28]
	.loc	7 3118 15 is_stmt 0             @ ../Drivers/STM32H7xx_HAL_Driver/Src/stm32h7xx_hal_spi.c:3118:15
	ldr.w	r0, [r0, #132]
.Ltmp941:
	.loc	7 3118 9                        @ ../Drivers/STM32H7xx_HAL_Driver/Src/stm32h7xx_hal_spi.c:3118:9
	cmp	r0, #0
	beq	.LBB38_63
	b	.LBB38_51
.LBB38_51:
.Ltmp942:
	.loc	7 3121 7 is_stmt 1              @ ../Drivers/STM32H7xx_HAL_Driver/Src/stm32h7xx_hal_spi.c:3121:7
	ldr	r0, [sp, #28]
	ldr	r1, [r0]
	ldr	r0, [r1]
	bic	r0, r0, #1
	str	r0, [r1]
	.loc	7 3124 7                        @ ../Drivers/STM32H7xx_HAL_Driver/Src/stm32h7xx_hal_spi.c:3124:7
	ldr	r0, [sp, #28]
	ldr	r1, [r0]
	ldr	r0, [r1, #16]
	movw	r2, #875
	bics	r0, r2
	str	r0, [r1, #16]
.Ltmp943:
	.loc	7 3128 11                       @ ../Drivers/STM32H7xx_HAL_Driver/Src/stm32h7xx_hal_spi.c:3128:11
	ldr	r0, [sp, #12]
	and	r0, r0, #49152
.Ltmp944:
	.loc	7 3128 11 is_stmt 0             @ ../Drivers/STM32H7xx_HAL_Driver/Src/stm32h7xx_hal_spi.c:3128:11
	cmp.w	r0, #49152
	bne	.LBB38_61
	b	.LBB38_52
.LBB38_52:
.Ltmp945:
	.loc	7 3131 9 is_stmt 1              @ ../Drivers/STM32H7xx_HAL_Driver/Src/stm32h7xx_hal_spi.c:3131:9
	ldr	r0, [sp, #28]
	ldr	r1, [r0]
	ldr	r0, [r1, #8]
	bic	r0, r0, #49152
	str	r0, [r1, #8]
.Ltmp946:
	.loc	7 3134 13                       @ ../Drivers/STM32H7xx_HAL_Driver/Src/stm32h7xx_hal_spi.c:3134:13
	ldr	r0, [sp, #28]
	.loc	7 3134 19 is_stmt 0             @ ../Drivers/STM32H7xx_HAL_Driver/Src/stm32h7xx_hal_spi.c:3134:19
	ldr	r0, [r0, #124]
.Ltmp947:
	.loc	7 3134 13                       @ ../Drivers/STM32H7xx_HAL_Driver/Src/stm32h7xx_hal_spi.c:3134:13
	cbz	r0, .LBB38_56
	b	.LBB38_53
.LBB38_53:
.Ltmp948:
	.loc	7 3138 11 is_stmt 1             @ ../Drivers/STM32H7xx_HAL_Driver/Src/stm32h7xx_hal_spi.c:3138:11
	ldr	r0, [sp, #28]
	.loc	7 3138 17 is_stmt 0             @ ../Drivers/STM32H7xx_HAL_Driver/Src/stm32h7xx_hal_spi.c:3138:17
	ldr	r1, [r0, #124]
	.loc	7 3138 43                       @ ../Drivers/STM32H7xx_HAL_Driver/Src/stm32h7xx_hal_spi.c:3138:43
	movw	r0, :lower16:SPI_DMAAbortOnError
	movt	r0, :upper16:SPI_DMAAbortOnError
	str	r0, [r1, #80]
.Ltmp949:
	.loc	7 3139 42 is_stmt 1             @ ../Drivers/STM32H7xx_HAL_Driver/Src/stm32h7xx_hal_spi.c:3139:42
	ldr	r0, [sp, #28]
	.loc	7 3139 48 is_stmt 0             @ ../Drivers/STM32H7xx_HAL_Driver/Src/stm32h7xx_hal_spi.c:3139:48
	ldr	r0, [r0, #124]
	.loc	7 3139 25                       @ ../Drivers/STM32H7xx_HAL_Driver/Src/stm32h7xx_hal_spi.c:3139:25
	bl	HAL_DMA_Abort_IT
.Ltmp950:
	.loc	7 3139 15                       @ ../Drivers/STM32H7xx_HAL_Driver/Src/stm32h7xx_hal_spi.c:3139:15
	cbz	r0, .LBB38_55
	b	.LBB38_54
.LBB38_54:
.Ltmp951:
	.loc	7 3141 13 is_stmt 1             @ ../Drivers/STM32H7xx_HAL_Driver/Src/stm32h7xx_hal_spi.c:3141:13
	ldr	r1, [sp, #28]
	ldr.w	r0, [r1, #132]
	orr	r0, r0, #64
	str.w	r0, [r1, #132]
	.loc	7 3142 11                       @ ../Drivers/STM32H7xx_HAL_Driver/Src/stm32h7xx_hal_spi.c:3142:11
	b	.LBB38_55
.Ltmp952:
.LBB38_55:
	.loc	7 3143 9                        @ ../Drivers/STM32H7xx_HAL_Driver/Src/stm32h7xx_hal_spi.c:3143:9
	b	.LBB38_56
.Ltmp953:
.LBB38_56:
	.loc	7 3145 13                       @ ../Drivers/STM32H7xx_HAL_Driver/Src/stm32h7xx_hal_spi.c:3145:13
	ldr	r0, [sp, #28]
	.loc	7 3145 19 is_stmt 0             @ ../Drivers/STM32H7xx_HAL_Driver/Src/stm32h7xx_hal_spi.c:3145:19
	ldr	r0, [r0, #120]
.Ltmp954:
	.loc	7 3145 13                       @ ../Drivers/STM32H7xx_HAL_Driver/Src/stm32h7xx_hal_spi.c:3145:13
	cbz	r0, .LBB38_60
	b	.LBB38_57
.LBB38_57:
.Ltmp955:
	.loc	7 3149 11 is_stmt 1             @ ../Drivers/STM32H7xx_HAL_Driver/Src/stm32h7xx_hal_spi.c:3149:11
	ldr	r0, [sp, #28]
	.loc	7 3149 17 is_stmt 0             @ ../Drivers/STM32H7xx_HAL_Driver/Src/stm32h7xx_hal_spi.c:3149:17
	ldr	r1, [r0, #120]
	.loc	7 3149 43                       @ ../Drivers/STM32H7xx_HAL_Driver/Src/stm32h7xx_hal_spi.c:3149:43
	movw	r0, :lower16:SPI_DMAAbortOnError
	movt	r0, :upper16:SPI_DMAAbortOnError
	str	r0, [r1, #80]
.Ltmp956:
	.loc	7 3150 42 is_stmt 1             @ ../Drivers/STM32H7xx_HAL_Driver/Src/stm32h7xx_hal_spi.c:3150:42
	ldr	r0, [sp, #28]
	.loc	7 3150 48 is_stmt 0             @ ../Drivers/STM32H7xx_HAL_Driver/Src/stm32h7xx_hal_spi.c:3150:48
	ldr	r0, [r0, #120]
	.loc	7 3150 25                       @ ../Drivers/STM32H7xx_HAL_Driver/Src/stm32h7xx_hal_spi.c:3150:25
	bl	HAL_DMA_Abort_IT
.Ltmp957:
	.loc	7 3150 15                       @ ../Drivers/STM32H7xx_HAL_Driver/Src/stm32h7xx_hal_spi.c:3150:15
	cbz	r0, .LBB38_59
	b	.LBB38_58
.LBB38_58:
.Ltmp958:
	.loc	7 3152 13 is_stmt 1             @ ../Drivers/STM32H7xx_HAL_Driver/Src/stm32h7xx_hal_spi.c:3152:13
	ldr	r1, [sp, #28]
	ldr.w	r0, [r1, #132]
	orr	r0, r0, #64
	str.w	r0, [r1, #132]
	.loc	7 3153 11                       @ ../Drivers/STM32H7xx_HAL_Driver/Src/stm32h7xx_hal_spi.c:3153:11
	b	.LBB38_59
.Ltmp959:
.LBB38_59:
	.loc	7 3154 9                        @ ../Drivers/STM32H7xx_HAL_Driver/Src/stm32h7xx_hal_spi.c:3154:9
	b	.LBB38_60
.Ltmp960:
.LBB38_60:
	.loc	7 3155 7                        @ ../Drivers/STM32H7xx_HAL_Driver/Src/stm32h7xx_hal_spi.c:3155:7
	b	.LBB38_62
.Ltmp961:
.LBB38_61:
	.loc	7 3159 9                        @ ../Drivers/STM32H7xx_HAL_Driver/Src/stm32h7xx_hal_spi.c:3159:9
	ldr	r1, [sp, #28]
	movs	r0, #1
	.loc	7 3159 21 is_stmt 0             @ ../Drivers/STM32H7xx_HAL_Driver/Src/stm32h7xx_hal_spi.c:3159:21
	strb.w	r0, [r1, #129]
	.loc	7 3165 31 is_stmt 1             @ ../Drivers/STM32H7xx_HAL_Driver/Src/stm32h7xx_hal_spi.c:3165:31
	ldr	r0, [sp, #28]
	.loc	7 3165 9 is_stmt 0              @ ../Drivers/STM32H7xx_HAL_Driver/Src/stm32h7xx_hal_spi.c:3165:9
	bl	HAL_SPI_ErrorCallback
	b	.LBB38_62
.Ltmp962:
.LBB38_62:
	.loc	7 3168 5 is_stmt 1              @ ../Drivers/STM32H7xx_HAL_Driver/Src/stm32h7xx_hal_spi.c:3168:5
	b	.LBB38_63
.Ltmp963:
.LBB38_63:
	.loc	7 3169 5                        @ ../Drivers/STM32H7xx_HAL_Driver/Src/stm32h7xx_hal_spi.c:3169:5
	b	.LBB38_64
.Ltmp964:
.LBB38_64:
	.loc	7 3171 1 epilogue_begin         @ ../Drivers/STM32H7xx_HAL_Driver/Src/stm32h7xx_hal_spi.c:3171:1
	add	sp, #32
	pop	{r7, pc}
.Ltmp965:
.Lfunc_end38:
	.size	HAL_SPI_IRQHandler, .Lfunc_end38-HAL_SPI_IRQHandler
	.cfi_endproc
	.cantunwind
	.fnend
                                        @ -- End function
	.section	.text.HAL_SPI_SuspendCallback,"ax",%progbits
	.hidden	HAL_SPI_SuspendCallback         @ -- Begin function HAL_SPI_SuspendCallback
	.weak	HAL_SPI_SuspendCallback
	.p2align	3
	.type	HAL_SPI_SuspendCallback,%function
	.code	16                              @ @HAL_SPI_SuspendCallback
	.thumb_func
HAL_SPI_SuspendCallback:
.Lfunc_begin39:
	.loc	7 3309 0                        @ ../Drivers/STM32H7xx_HAL_Driver/Src/stm32h7xx_hal_spi.c:3309:0
	.fnstart
	.cfi_startproc
@ %bb.0:
	.pad	#4
	sub	sp, #4
	.cfi_def_cfa_offset 4
	str	r0, [sp]
.Ltmp966:
	.loc	7 3316 1 prologue_end epilogue_begin @ ../Drivers/STM32H7xx_HAL_Driver/Src/stm32h7xx_hal_spi.c:3316:1
	add	sp, #4
	bx	lr
.Ltmp967:
.Lfunc_end39:
	.size	HAL_SPI_SuspendCallback, .Lfunc_end39-HAL_SPI_SuspendCallback
	.cfi_endproc
	.cantunwind
	.fnend
                                        @ -- End function
	.section	.text.HAL_SPI_ErrorCallback,"ax",%progbits
	.hidden	HAL_SPI_ErrorCallback           @ -- Begin function HAL_SPI_ErrorCallback
	.weak	HAL_SPI_ErrorCallback
	.p2align	3
	.type	HAL_SPI_ErrorCallback,%function
	.code	16                              @ @HAL_SPI_ErrorCallback
	.thumb_func
HAL_SPI_ErrorCallback:
.Lfunc_begin40:
	.loc	7 3276 0                        @ ../Drivers/STM32H7xx_HAL_Driver/Src/stm32h7xx_hal_spi.c:3276:0
	.fnstart
	.cfi_startproc
@ %bb.0:
	.pad	#4
	sub	sp, #4
	.cfi_def_cfa_offset 4
	str	r0, [sp]
.Ltmp968:
	.loc	7 3286 1 prologue_end epilogue_begin @ ../Drivers/STM32H7xx_HAL_Driver/Src/stm32h7xx_hal_spi.c:3286:1
	add	sp, #4
	bx	lr
.Ltmp969:
.Lfunc_end40:
	.size	HAL_SPI_ErrorCallback, .Lfunc_end40-HAL_SPI_ErrorCallback
	.cfi_endproc
	.cantunwind
	.fnend
                                        @ -- End function
	.section	.text.HAL_SPI_TxRxCpltCallback,"ax",%progbits
	.hidden	HAL_SPI_TxRxCpltCallback        @ -- Begin function HAL_SPI_TxRxCpltCallback
	.weak	HAL_SPI_TxRxCpltCallback
	.p2align	3
	.type	HAL_SPI_TxRxCpltCallback,%function
	.code	16                              @ @HAL_SPI_TxRxCpltCallback
	.thumb_func
HAL_SPI_TxRxCpltCallback:
.Lfunc_begin41:
	.loc	7 3212 0                        @ ../Drivers/STM32H7xx_HAL_Driver/Src/stm32h7xx_hal_spi.c:3212:0
	.fnstart
	.cfi_startproc
@ %bb.0:
	.pad	#4
	sub	sp, #4
	.cfi_def_cfa_offset 4
	str	r0, [sp]
.Ltmp970:
	.loc	7 3219 1 prologue_end epilogue_begin @ ../Drivers/STM32H7xx_HAL_Driver/Src/stm32h7xx_hal_spi.c:3219:1
	add	sp, #4
	bx	lr
.Ltmp971:
.Lfunc_end41:
	.size	HAL_SPI_TxRxCpltCallback, .Lfunc_end41-HAL_SPI_TxRxCpltCallback
	.cfi_endproc
	.cantunwind
	.fnend
                                        @ -- End function
	.section	.text.HAL_SPI_RxCpltCallback,"ax",%progbits
	.hidden	HAL_SPI_RxCpltCallback          @ -- Begin function HAL_SPI_RxCpltCallback
	.weak	HAL_SPI_RxCpltCallback
	.p2align	3
	.type	HAL_SPI_RxCpltCallback,%function
	.code	16                              @ @HAL_SPI_RxCpltCallback
	.thumb_func
HAL_SPI_RxCpltCallback:
.Lfunc_begin42:
	.loc	7 3196 0                        @ ../Drivers/STM32H7xx_HAL_Driver/Src/stm32h7xx_hal_spi.c:3196:0
	.fnstart
	.cfi_startproc
@ %bb.0:
	.pad	#4
	sub	sp, #4
	.cfi_def_cfa_offset 4
	str	r0, [sp]
.Ltmp972:
	.loc	7 3203 1 prologue_end epilogue_begin @ ../Drivers/STM32H7xx_HAL_Driver/Src/stm32h7xx_hal_spi.c:3203:1
	add	sp, #4
	bx	lr
.Ltmp973:
.Lfunc_end42:
	.size	HAL_SPI_RxCpltCallback, .Lfunc_end42-HAL_SPI_RxCpltCallback
	.cfi_endproc
	.cantunwind
	.fnend
                                        @ -- End function
	.section	.text.HAL_SPI_TxCpltCallback,"ax",%progbits
	.hidden	HAL_SPI_TxCpltCallback          @ -- Begin function HAL_SPI_TxCpltCallback
	.weak	HAL_SPI_TxCpltCallback
	.p2align	3
	.type	HAL_SPI_TxCpltCallback,%function
	.code	16                              @ @HAL_SPI_TxCpltCallback
	.thumb_func
HAL_SPI_TxCpltCallback:
.Lfunc_begin43:
	.loc	7 3180 0                        @ ../Drivers/STM32H7xx_HAL_Driver/Src/stm32h7xx_hal_spi.c:3180:0
	.fnstart
	.cfi_startproc
@ %bb.0:
	.pad	#4
	sub	sp, #4
	.cfi_def_cfa_offset 4
	str	r0, [sp]
.Ltmp974:
	.loc	7 3187 1 prologue_end epilogue_begin @ ../Drivers/STM32H7xx_HAL_Driver/Src/stm32h7xx_hal_spi.c:3187:1
	add	sp, #4
	bx	lr
.Ltmp975:
.Lfunc_end43:
	.size	HAL_SPI_TxCpltCallback, .Lfunc_end43-HAL_SPI_TxCpltCallback
	.cfi_endproc
	.cantunwind
	.fnend
                                        @ -- End function
	.section	.text.SPI_DMAAbortOnError,"ax",%progbits
	.p2align	3                               @ -- Begin function SPI_DMAAbortOnError
	.type	SPI_DMAAbortOnError,%function
	.code	16                              @ @SPI_DMAAbortOnError
	.thumb_func
SPI_DMAAbortOnError:
.Lfunc_begin44:
	.loc	7 3545 0                        @ ../Drivers/STM32H7xx_HAL_Driver/Src/stm32h7xx_hal_spi.c:3545:0
	.fnstart
	.cfi_startproc
@ %bb.0:
	.save	{r7, lr}
	push	{r7, lr}
	.cfi_def_cfa_offset 8
	.cfi_offset lr, -4
	.cfi_offset r7, -8
	.pad	#8
	sub	sp, #8
	.cfi_def_cfa_offset 16
	str	r0, [sp, #4]
.Ltmp976:
	.loc	7 3546 72 prologue_end          @ ../Drivers/STM32H7xx_HAL_Driver/Src/stm32h7xx_hal_spi.c:3546:72
	ldr	r0, [sp, #4]
	.loc	7 3546 79 is_stmt 0             @ ../Drivers/STM32H7xx_HAL_Driver/Src/stm32h7xx_hal_spi.c:3546:79
	ldr	r0, [r0, #56]
	.loc	7 3546 22                       @ ../Drivers/STM32H7xx_HAL_Driver/Src/stm32h7xx_hal_spi.c:3546:22
	str	r0, [sp]
	.loc	7 3547 3 is_stmt 1              @ ../Drivers/STM32H7xx_HAL_Driver/Src/stm32h7xx_hal_spi.c:3547:3
	ldr	r1, [sp]
	movs	r0, #0
	.loc	7 3547 21 is_stmt 0             @ ../Drivers/STM32H7xx_HAL_Driver/Src/stm32h7xx_hal_spi.c:3547:21
	strh.w	r0, [r1, #106]
	.loc	7 3548 3 is_stmt 1              @ ../Drivers/STM32H7xx_HAL_Driver/Src/stm32h7xx_hal_spi.c:3548:3
	ldr	r1, [sp]
	.loc	7 3548 21 is_stmt 0             @ ../Drivers/STM32H7xx_HAL_Driver/Src/stm32h7xx_hal_spi.c:3548:21
	strh.w	r0, [r1, #98]
	.loc	7 3551 3 is_stmt 1              @ ../Drivers/STM32H7xx_HAL_Driver/Src/stm32h7xx_hal_spi.c:3551:3
	ldr	r1, [sp]
	movs	r0, #1
	.loc	7 3551 15 is_stmt 0             @ ../Drivers/STM32H7xx_HAL_Driver/Src/stm32h7xx_hal_spi.c:3551:15
	strb.w	r0, [r1, #129]
	.loc	7 3556 25 is_stmt 1             @ ../Drivers/STM32H7xx_HAL_Driver/Src/stm32h7xx_hal_spi.c:3556:25
	ldr	r0, [sp]
	.loc	7 3556 3 is_stmt 0              @ ../Drivers/STM32H7xx_HAL_Driver/Src/stm32h7xx_hal_spi.c:3556:3
	bl	HAL_SPI_ErrorCallback
	.loc	7 3558 1 epilogue_begin is_stmt 1 @ ../Drivers/STM32H7xx_HAL_Driver/Src/stm32h7xx_hal_spi.c:3558:1
	add	sp, #8
	pop	{r7, pc}
.Ltmp977:
.Lfunc_end44:
	.size	SPI_DMAAbortOnError, .Lfunc_end44-SPI_DMAAbortOnError
	.cfi_endproc
	.cantunwind
	.fnend
                                        @ -- End function
	.section	.text.HAL_SPI_TxHalfCpltCallback,"ax",%progbits
	.hidden	HAL_SPI_TxHalfCpltCallback      @ -- Begin function HAL_SPI_TxHalfCpltCallback
	.weak	HAL_SPI_TxHalfCpltCallback
	.p2align	3
	.type	HAL_SPI_TxHalfCpltCallback,%function
	.code	16                              @ @HAL_SPI_TxHalfCpltCallback
	.thumb_func
HAL_SPI_TxHalfCpltCallback:
.Lfunc_begin45:
	.loc	7 3228 0                        @ ../Drivers/STM32H7xx_HAL_Driver/Src/stm32h7xx_hal_spi.c:3228:0
	.fnstart
	.cfi_startproc
@ %bb.0:
	.pad	#4
	sub	sp, #4
	.cfi_def_cfa_offset 4
	str	r0, [sp]
.Ltmp978:
	.loc	7 3235 1 prologue_end epilogue_begin @ ../Drivers/STM32H7xx_HAL_Driver/Src/stm32h7xx_hal_spi.c:3235:1
	add	sp, #4
	bx	lr
.Ltmp979:
.Lfunc_end45:
	.size	HAL_SPI_TxHalfCpltCallback, .Lfunc_end45-HAL_SPI_TxHalfCpltCallback
	.cfi_endproc
	.cantunwind
	.fnend
                                        @ -- End function
	.section	.text.HAL_SPI_RxHalfCpltCallback,"ax",%progbits
	.hidden	HAL_SPI_RxHalfCpltCallback      @ -- Begin function HAL_SPI_RxHalfCpltCallback
	.weak	HAL_SPI_RxHalfCpltCallback
	.p2align	3
	.type	HAL_SPI_RxHalfCpltCallback,%function
	.code	16                              @ @HAL_SPI_RxHalfCpltCallback
	.thumb_func
HAL_SPI_RxHalfCpltCallback:
.Lfunc_begin46:
	.loc	7 3244 0                        @ ../Drivers/STM32H7xx_HAL_Driver/Src/stm32h7xx_hal_spi.c:3244:0
	.fnstart
	.cfi_startproc
@ %bb.0:
	.pad	#4
	sub	sp, #4
	.cfi_def_cfa_offset 4
	str	r0, [sp]
.Ltmp980:
	.loc	7 3251 1 prologue_end epilogue_begin @ ../Drivers/STM32H7xx_HAL_Driver/Src/stm32h7xx_hal_spi.c:3251:1
	add	sp, #4
	bx	lr
.Ltmp981:
.Lfunc_end46:
	.size	HAL_SPI_RxHalfCpltCallback, .Lfunc_end46-HAL_SPI_RxHalfCpltCallback
	.cfi_endproc
	.cantunwind
	.fnend
                                        @ -- End function
	.section	.text.HAL_SPI_TxRxHalfCpltCallback,"ax",%progbits
	.hidden	HAL_SPI_TxRxHalfCpltCallback    @ -- Begin function HAL_SPI_TxRxHalfCpltCallback
	.weak	HAL_SPI_TxRxHalfCpltCallback
	.p2align	3
	.type	HAL_SPI_TxRxHalfCpltCallback,%function
	.code	16                              @ @HAL_SPI_TxRxHalfCpltCallback
	.thumb_func
HAL_SPI_TxRxHalfCpltCallback:
.Lfunc_begin47:
	.loc	7 3260 0                        @ ../Drivers/STM32H7xx_HAL_Driver/Src/stm32h7xx_hal_spi.c:3260:0
	.fnstart
	.cfi_startproc
@ %bb.0:
	.pad	#4
	sub	sp, #4
	.cfi_def_cfa_offset 4
	str	r0, [sp]
.Ltmp982:
	.loc	7 3267 1 prologue_end epilogue_begin @ ../Drivers/STM32H7xx_HAL_Driver/Src/stm32h7xx_hal_spi.c:3267:1
	add	sp, #4
	bx	lr
.Ltmp983:
.Lfunc_end47:
	.size	HAL_SPI_TxRxHalfCpltCallback, .Lfunc_end47-HAL_SPI_TxRxHalfCpltCallback
	.cfi_endproc
	.cantunwind
	.fnend
                                        @ -- End function
	.section	.text.HAL_SPI_GetState,"ax",%progbits
	.hidden	HAL_SPI_GetState                @ -- Begin function HAL_SPI_GetState
	.globl	HAL_SPI_GetState
	.p2align	3
	.type	HAL_SPI_GetState,%function
	.code	16                              @ @HAL_SPI_GetState
	.thumb_func
HAL_SPI_GetState:
.Lfunc_begin48:
	.loc	7 3344 0                        @ ../Drivers/STM32H7xx_HAL_Driver/Src/stm32h7xx_hal_spi.c:3344:0
	.fnstart
	.cfi_startproc
@ %bb.0:
	.pad	#4
	sub	sp, #4
	.cfi_def_cfa_offset 4
	str	r0, [sp]
.Ltmp984:
	.loc	7 3346 10 prologue_end          @ ../Drivers/STM32H7xx_HAL_Driver/Src/stm32h7xx_hal_spi.c:3346:10
	ldr	r0, [sp]
	.loc	7 3346 16 is_stmt 0             @ ../Drivers/STM32H7xx_HAL_Driver/Src/stm32h7xx_hal_spi.c:3346:16
	ldrb.w	r0, [r0, #129]
	.loc	7 3346 3 epilogue_begin         @ ../Drivers/STM32H7xx_HAL_Driver/Src/stm32h7xx_hal_spi.c:3346:3
	add	sp, #4
	bx	lr
.Ltmp985:
.Lfunc_end48:
	.size	HAL_SPI_GetState, .Lfunc_end48-HAL_SPI_GetState
	.cfi_endproc
	.cantunwind
	.fnend
                                        @ -- End function
	.section	.text.HAL_SPI_GetError,"ax",%progbits
	.hidden	HAL_SPI_GetError                @ -- Begin function HAL_SPI_GetError
	.globl	HAL_SPI_GetError
	.p2align	3
	.type	HAL_SPI_GetError,%function
	.code	16                              @ @HAL_SPI_GetError
	.thumb_func
HAL_SPI_GetError:
.Lfunc_begin49:
	.loc	7 3356 0 is_stmt 1              @ ../Drivers/STM32H7xx_HAL_Driver/Src/stm32h7xx_hal_spi.c:3356:0
	.fnstart
	.cfi_startproc
@ %bb.0:
	.pad	#4
	sub	sp, #4
	.cfi_def_cfa_offset 4
	str	r0, [sp]
.Ltmp986:
	.loc	7 3358 10 prologue_end          @ ../Drivers/STM32H7xx_HAL_Driver/Src/stm32h7xx_hal_spi.c:3358:10
	ldr	r0, [sp]
	.loc	7 3358 16 is_stmt 0             @ ../Drivers/STM32H7xx_HAL_Driver/Src/stm32h7xx_hal_spi.c:3358:16
	ldr.w	r0, [r0, #132]
	.loc	7 3358 3 epilogue_begin         @ ../Drivers/STM32H7xx_HAL_Driver/Src/stm32h7xx_hal_spi.c:3358:3
	add	sp, #4
	bx	lr
.Ltmp987:
.Lfunc_end49:
	.size	HAL_SPI_GetError, .Lfunc_end49-HAL_SPI_GetError
	.cfi_endproc
	.cantunwind
	.fnend
                                        @ -- End function
	.section	.debug_abbrev,"",%progbits
	.byte	1                               @ Abbreviation Code
	.byte	17                              @ DW_TAG_compile_unit
	.byte	1                               @ DW_CHILDREN_yes
	.byte	37                              @ DW_AT_producer
	.byte	14                              @ DW_FORM_strp
	.byte	19                              @ DW_AT_language
	.byte	5                               @ DW_FORM_data2
	.byte	3                               @ DW_AT_name
	.byte	14                              @ DW_FORM_strp
	.byte	16                              @ DW_AT_stmt_list
	.byte	23                              @ DW_FORM_sec_offset
	.byte	27                              @ DW_AT_comp_dir
	.byte	14                              @ DW_FORM_strp
	.byte	17                              @ DW_AT_low_pc
	.byte	1                               @ DW_FORM_addr
	.byte	85                              @ DW_AT_ranges
	.byte	23                              @ DW_FORM_sec_offset
	.byte	0                               @ EOM(1)
	.byte	0                               @ EOM(2)
	.byte	2                               @ Abbreviation Code
	.byte	4                               @ DW_TAG_enumeration_type
	.byte	1                               @ DW_CHILDREN_yes
	.byte	73                              @ DW_AT_type
	.byte	19                              @ DW_FORM_ref4
	.byte	11                              @ DW_AT_byte_size
	.byte	11                              @ DW_FORM_data1
	.byte	58                              @ DW_AT_decl_file
	.byte	11                              @ DW_FORM_data1
	.byte	59                              @ DW_AT_decl_line
	.byte	11                              @ DW_FORM_data1
	.byte	0                               @ EOM(1)
	.byte	0                               @ EOM(2)
	.byte	3                               @ Abbreviation Code
	.byte	40                              @ DW_TAG_enumerator
	.byte	0                               @ DW_CHILDREN_no
	.byte	3                               @ DW_AT_name
	.byte	14                              @ DW_FORM_strp
	.byte	28                              @ DW_AT_const_value
	.byte	15                              @ DW_FORM_udata
	.byte	0                               @ EOM(1)
	.byte	0                               @ EOM(2)
	.byte	4                               @ Abbreviation Code
	.byte	36                              @ DW_TAG_base_type
	.byte	0                               @ DW_CHILDREN_no
	.byte	3                               @ DW_AT_name
	.byte	14                              @ DW_FORM_strp
	.byte	62                              @ DW_AT_encoding
	.byte	11                              @ DW_FORM_data1
	.byte	11                              @ DW_AT_byte_size
	.byte	11                              @ DW_FORM_data1
	.byte	0                               @ EOM(1)
	.byte	0                               @ EOM(2)
	.byte	5                               @ Abbreviation Code
	.byte	15                              @ DW_TAG_pointer_type
	.byte	0                               @ DW_CHILDREN_no
	.byte	73                              @ DW_AT_type
	.byte	19                              @ DW_FORM_ref4
	.byte	0                               @ EOM(1)
	.byte	0                               @ EOM(2)
	.byte	6                               @ Abbreviation Code
	.byte	22                              @ DW_TAG_typedef
	.byte	0                               @ DW_CHILDREN_no
	.byte	73                              @ DW_AT_type
	.byte	19                              @ DW_FORM_ref4
	.byte	3                               @ DW_AT_name
	.byte	14                              @ DW_FORM_strp
	.byte	58                              @ DW_AT_decl_file
	.byte	11                              @ DW_FORM_data1
	.byte	59                              @ DW_AT_decl_line
	.byte	5                               @ DW_FORM_data2
	.byte	0                               @ EOM(1)
	.byte	0                               @ EOM(2)
	.byte	7                               @ Abbreviation Code
	.byte	19                              @ DW_TAG_structure_type
	.byte	1                               @ DW_CHILDREN_yes
	.byte	11                              @ DW_AT_byte_size
	.byte	11                              @ DW_FORM_data1
	.byte	58                              @ DW_AT_decl_file
	.byte	11                              @ DW_FORM_data1
	.byte	59                              @ DW_AT_decl_line
	.byte	5                               @ DW_FORM_data2
	.byte	0                               @ EOM(1)
	.byte	0                               @ EOM(2)
	.byte	8                               @ Abbreviation Code
	.byte	13                              @ DW_TAG_member
	.byte	0                               @ DW_CHILDREN_no
	.byte	3                               @ DW_AT_name
	.byte	14                              @ DW_FORM_strp
	.byte	73                              @ DW_AT_type
	.byte	19                              @ DW_FORM_ref4
	.byte	58                              @ DW_AT_decl_file
	.byte	11                              @ DW_FORM_data1
	.byte	59                              @ DW_AT_decl_line
	.byte	5                               @ DW_FORM_data2
	.byte	56                              @ DW_AT_data_member_location
	.byte	11                              @ DW_FORM_data1
	.byte	0                               @ EOM(1)
	.byte	0                               @ EOM(2)
	.byte	9                               @ Abbreviation Code
	.byte	53                              @ DW_TAG_volatile_type
	.byte	0                               @ DW_CHILDREN_no
	.byte	73                              @ DW_AT_type
	.byte	19                              @ DW_FORM_ref4
	.byte	0                               @ EOM(1)
	.byte	0                               @ EOM(2)
	.byte	10                              @ Abbreviation Code
	.byte	22                              @ DW_TAG_typedef
	.byte	0                               @ DW_CHILDREN_no
	.byte	73                              @ DW_AT_type
	.byte	19                              @ DW_FORM_ref4
	.byte	3                               @ DW_AT_name
	.byte	14                              @ DW_FORM_strp
	.byte	58                              @ DW_AT_decl_file
	.byte	11                              @ DW_FORM_data1
	.byte	59                              @ DW_AT_decl_line
	.byte	11                              @ DW_FORM_data1
	.byte	0                               @ EOM(1)
	.byte	0                               @ EOM(2)
	.byte	11                              @ Abbreviation Code
	.byte	1                               @ DW_TAG_array_type
	.byte	1                               @ DW_CHILDREN_yes
	.byte	73                              @ DW_AT_type
	.byte	19                              @ DW_FORM_ref4
	.byte	0                               @ EOM(1)
	.byte	0                               @ EOM(2)
	.byte	12                              @ Abbreviation Code
	.byte	33                              @ DW_TAG_subrange_type
	.byte	0                               @ DW_CHILDREN_no
	.byte	73                              @ DW_AT_type
	.byte	19                              @ DW_FORM_ref4
	.byte	55                              @ DW_AT_count
	.byte	11                              @ DW_FORM_data1
	.byte	0                               @ EOM(1)
	.byte	0                               @ EOM(2)
	.byte	13                              @ Abbreviation Code
	.byte	36                              @ DW_TAG_base_type
	.byte	0                               @ DW_CHILDREN_no
	.byte	3                               @ DW_AT_name
	.byte	14                              @ DW_FORM_strp
	.byte	11                              @ DW_AT_byte_size
	.byte	11                              @ DW_FORM_data1
	.byte	62                              @ DW_AT_encoding
	.byte	11                              @ DW_FORM_data1
	.byte	0                               @ EOM(1)
	.byte	0                               @ EOM(2)
	.byte	14                              @ Abbreviation Code
	.byte	38                              @ DW_TAG_const_type
	.byte	0                               @ DW_CHILDREN_no
	.byte	73                              @ DW_AT_type
	.byte	19                              @ DW_FORM_ref4
	.byte	0                               @ EOM(1)
	.byte	0                               @ EOM(2)
	.byte	15                              @ Abbreviation Code
	.byte	19                              @ DW_TAG_structure_type
	.byte	1                               @ DW_CHILDREN_yes
	.byte	3                               @ DW_AT_name
	.byte	14                              @ DW_FORM_strp
	.byte	11                              @ DW_AT_byte_size
	.byte	11                              @ DW_FORM_data1
	.byte	58                              @ DW_AT_decl_file
	.byte	11                              @ DW_FORM_data1
	.byte	59                              @ DW_AT_decl_line
	.byte	11                              @ DW_FORM_data1
	.byte	0                               @ EOM(1)
	.byte	0                               @ EOM(2)
	.byte	16                              @ Abbreviation Code
	.byte	13                              @ DW_TAG_member
	.byte	0                               @ DW_CHILDREN_no
	.byte	3                               @ DW_AT_name
	.byte	14                              @ DW_FORM_strp
	.byte	73                              @ DW_AT_type
	.byte	19                              @ DW_FORM_ref4
	.byte	58                              @ DW_AT_decl_file
	.byte	11                              @ DW_FORM_data1
	.byte	59                              @ DW_AT_decl_line
	.byte	11                              @ DW_FORM_data1
	.byte	56                              @ DW_AT_data_member_location
	.byte	11                              @ DW_FORM_data1
	.byte	0                               @ EOM(1)
	.byte	0                               @ EOM(2)
	.byte	17                              @ Abbreviation Code
	.byte	19                              @ DW_TAG_structure_type
	.byte	1                               @ DW_CHILDREN_yes
	.byte	11                              @ DW_AT_byte_size
	.byte	11                              @ DW_FORM_data1
	.byte	58                              @ DW_AT_decl_file
	.byte	11                              @ DW_FORM_data1
	.byte	59                              @ DW_AT_decl_line
	.byte	11                              @ DW_FORM_data1
	.byte	0                               @ EOM(1)
	.byte	0                               @ EOM(2)
	.byte	18                              @ Abbreviation Code
	.byte	21                              @ DW_TAG_subroutine_type
	.byte	1                               @ DW_CHILDREN_yes
	.byte	39                              @ DW_AT_prototyped
	.byte	25                              @ DW_FORM_flag_present
	.byte	0                               @ EOM(1)
	.byte	0                               @ EOM(2)
	.byte	19                              @ Abbreviation Code
	.byte	5                               @ DW_TAG_formal_parameter
	.byte	0                               @ DW_CHILDREN_no
	.byte	73                              @ DW_AT_type
	.byte	19                              @ DW_FORM_ref4
	.byte	0                               @ EOM(1)
	.byte	0                               @ EOM(2)
	.byte	20                              @ Abbreviation Code
	.byte	15                              @ DW_TAG_pointer_type
	.byte	0                               @ DW_CHILDREN_no
	.byte	0                               @ EOM(1)
	.byte	0                               @ EOM(2)
	.byte	21                              @ Abbreviation Code
	.byte	46                              @ DW_TAG_subprogram
	.byte	1                               @ DW_CHILDREN_yes
	.byte	17                              @ DW_AT_low_pc
	.byte	1                               @ DW_FORM_addr
	.byte	18                              @ DW_AT_high_pc
	.byte	6                               @ DW_FORM_data4
	.byte	64                              @ DW_AT_frame_base
	.byte	24                              @ DW_FORM_exprloc
	.byte	3                               @ DW_AT_name
	.byte	14                              @ DW_FORM_strp
	.byte	58                              @ DW_AT_decl_file
	.byte	11                              @ DW_FORM_data1
	.byte	59                              @ DW_AT_decl_line
	.byte	11                              @ DW_FORM_data1
	.byte	39                              @ DW_AT_prototyped
	.byte	25                              @ DW_FORM_flag_present
	.byte	73                              @ DW_AT_type
	.byte	19                              @ DW_FORM_ref4
	.byte	63                              @ DW_AT_external
	.byte	25                              @ DW_FORM_flag_present
	.byte	0                               @ EOM(1)
	.byte	0                               @ EOM(2)
	.byte	22                              @ Abbreviation Code
	.byte	5                               @ DW_TAG_formal_parameter
	.byte	0                               @ DW_CHILDREN_no
	.byte	2                               @ DW_AT_location
	.byte	24                              @ DW_FORM_exprloc
	.byte	3                               @ DW_AT_name
	.byte	14                              @ DW_FORM_strp
	.byte	58                              @ DW_AT_decl_file
	.byte	11                              @ DW_FORM_data1
	.byte	59                              @ DW_AT_decl_line
	.byte	11                              @ DW_FORM_data1
	.byte	73                              @ DW_AT_type
	.byte	19                              @ DW_FORM_ref4
	.byte	0                               @ EOM(1)
	.byte	0                               @ EOM(2)
	.byte	23                              @ Abbreviation Code
	.byte	52                              @ DW_TAG_variable
	.byte	0                               @ DW_CHILDREN_no
	.byte	2                               @ DW_AT_location
	.byte	24                              @ DW_FORM_exprloc
	.byte	3                               @ DW_AT_name
	.byte	14                              @ DW_FORM_strp
	.byte	58                              @ DW_AT_decl_file
	.byte	11                              @ DW_FORM_data1
	.byte	59                              @ DW_AT_decl_line
	.byte	11                              @ DW_FORM_data1
	.byte	73                              @ DW_AT_type
	.byte	19                              @ DW_FORM_ref4
	.byte	0                               @ EOM(1)
	.byte	0                               @ EOM(2)
	.byte	24                              @ Abbreviation Code
	.byte	46                              @ DW_TAG_subprogram
	.byte	1                               @ DW_CHILDREN_yes
	.byte	17                              @ DW_AT_low_pc
	.byte	1                               @ DW_FORM_addr
	.byte	18                              @ DW_AT_high_pc
	.byte	6                               @ DW_FORM_data4
	.byte	64                              @ DW_AT_frame_base
	.byte	24                              @ DW_FORM_exprloc
	.byte	3                               @ DW_AT_name
	.byte	14                              @ DW_FORM_strp
	.byte	58                              @ DW_AT_decl_file
	.byte	11                              @ DW_FORM_data1
	.byte	59                              @ DW_AT_decl_line
	.byte	5                               @ DW_FORM_data2
	.byte	39                              @ DW_AT_prototyped
	.byte	25                              @ DW_FORM_flag_present
	.byte	73                              @ DW_AT_type
	.byte	19                              @ DW_FORM_ref4
	.byte	0                               @ EOM(1)
	.byte	0                               @ EOM(2)
	.byte	25                              @ Abbreviation Code
	.byte	5                               @ DW_TAG_formal_parameter
	.byte	0                               @ DW_CHILDREN_no
	.byte	2                               @ DW_AT_location
	.byte	24                              @ DW_FORM_exprloc
	.byte	3                               @ DW_AT_name
	.byte	14                              @ DW_FORM_strp
	.byte	58                              @ DW_AT_decl_file
	.byte	11                              @ DW_FORM_data1
	.byte	59                              @ DW_AT_decl_line
	.byte	5                               @ DW_FORM_data2
	.byte	73                              @ DW_AT_type
	.byte	19                              @ DW_FORM_ref4
	.byte	0                               @ EOM(1)
	.byte	0                               @ EOM(2)
	.byte	26                              @ Abbreviation Code
	.byte	52                              @ DW_TAG_variable
	.byte	0                               @ DW_CHILDREN_no
	.byte	2                               @ DW_AT_location
	.byte	24                              @ DW_FORM_exprloc
	.byte	3                               @ DW_AT_name
	.byte	14                              @ DW_FORM_strp
	.byte	58                              @ DW_AT_decl_file
	.byte	11                              @ DW_FORM_data1
	.byte	59                              @ DW_AT_decl_line
	.byte	5                               @ DW_FORM_data2
	.byte	73                              @ DW_AT_type
	.byte	19                              @ DW_FORM_ref4
	.byte	0                               @ EOM(1)
	.byte	0                               @ EOM(2)
	.byte	27                              @ Abbreviation Code
	.byte	46                              @ DW_TAG_subprogram
	.byte	1                               @ DW_CHILDREN_yes
	.byte	17                              @ DW_AT_low_pc
	.byte	1                               @ DW_FORM_addr
	.byte	18                              @ DW_AT_high_pc
	.byte	6                               @ DW_FORM_data4
	.byte	64                              @ DW_AT_frame_base
	.byte	24                              @ DW_FORM_exprloc
	.byte	3                               @ DW_AT_name
	.byte	14                              @ DW_FORM_strp
	.byte	58                              @ DW_AT_decl_file
	.byte	11                              @ DW_FORM_data1
	.byte	59                              @ DW_AT_decl_line
	.byte	5                               @ DW_FORM_data2
	.byte	39                              @ DW_AT_prototyped
	.byte	25                              @ DW_FORM_flag_present
	.byte	63                              @ DW_AT_external
	.byte	25                              @ DW_FORM_flag_present
	.byte	0                               @ EOM(1)
	.byte	0                               @ EOM(2)
	.byte	28                              @ Abbreviation Code
	.byte	46                              @ DW_TAG_subprogram
	.byte	1                               @ DW_CHILDREN_yes
	.byte	17                              @ DW_AT_low_pc
	.byte	1                               @ DW_FORM_addr
	.byte	18                              @ DW_AT_high_pc
	.byte	6                               @ DW_FORM_data4
	.byte	64                              @ DW_AT_frame_base
	.byte	24                              @ DW_FORM_exprloc
	.byte	3                               @ DW_AT_name
	.byte	14                              @ DW_FORM_strp
	.byte	58                              @ DW_AT_decl_file
	.byte	11                              @ DW_FORM_data1
	.byte	59                              @ DW_AT_decl_line
	.byte	5                               @ DW_FORM_data2
	.byte	39                              @ DW_AT_prototyped
	.byte	25                              @ DW_FORM_flag_present
	.byte	73                              @ DW_AT_type
	.byte	19                              @ DW_FORM_ref4
	.byte	63                              @ DW_AT_external
	.byte	25                              @ DW_FORM_flag_present
	.byte	0                               @ EOM(1)
	.byte	0                               @ EOM(2)
	.byte	29                              @ Abbreviation Code
	.byte	46                              @ DW_TAG_subprogram
	.byte	1                               @ DW_CHILDREN_yes
	.byte	17                              @ DW_AT_low_pc
	.byte	1                               @ DW_FORM_addr
	.byte	18                              @ DW_AT_high_pc
	.byte	6                               @ DW_FORM_data4
	.byte	64                              @ DW_AT_frame_base
	.byte	24                              @ DW_FORM_exprloc
	.byte	3                               @ DW_AT_name
	.byte	14                              @ DW_FORM_strp
	.byte	58                              @ DW_AT_decl_file
	.byte	11                              @ DW_FORM_data1
	.byte	59                              @ DW_AT_decl_line
	.byte	5                               @ DW_FORM_data2
	.byte	39                              @ DW_AT_prototyped
	.byte	25                              @ DW_FORM_flag_present
	.byte	0                               @ EOM(1)
	.byte	0                               @ EOM(2)
	.byte	30                              @ Abbreviation Code
	.byte	11                              @ DW_TAG_lexical_block
	.byte	1                               @ DW_CHILDREN_yes
	.byte	17                              @ DW_AT_low_pc
	.byte	1                               @ DW_FORM_addr
	.byte	18                              @ DW_AT_high_pc
	.byte	6                               @ DW_FORM_data4
	.byte	0                               @ EOM(1)
	.byte	0                               @ EOM(2)
	.byte	0                               @ EOM(3)
	.section	.debug_info,"",%progbits
.Lcu_begin0:
	.long	.Ldebug_info_end0-.Ldebug_info_start0 @ Length of Unit
.Ldebug_info_start0:
	.short	4                               @ DWARF version number
	.long	.debug_abbrev                   @ Offset Into Abbrev. Section
	.byte	4                               @ Address Size (in bytes)
	.byte	1                               @ Abbrev [1] 0xb:0x1252 DW_TAG_compile_unit
	.long	.Linfo_string0                  @ DW_AT_producer
	.short	12                              @ DW_AT_language
	.long	.Linfo_string1                  @ DW_AT_name
	.long	.Lline_table_start0             @ DW_AT_stmt_list
	.long	.Linfo_string2                  @ DW_AT_comp_dir
	.long	0                               @ DW_AT_low_pc
	.long	.Ldebug_ranges0                 @ DW_AT_ranges
	.byte	2                               @ Abbrev [2] 0x26:0x21 DW_TAG_enumeration_type
	.long	71                              @ DW_AT_type
	.byte	1                               @ DW_AT_byte_size
	.byte	1                               @ DW_AT_decl_file
	.byte	39                              @ DW_AT_decl_line
	.byte	3                               @ Abbrev [3] 0x2e:0x6 DW_TAG_enumerator
	.long	.Linfo_string4                  @ DW_AT_name
	.byte	0                               @ DW_AT_const_value
	.byte	3                               @ Abbrev [3] 0x34:0x6 DW_TAG_enumerator
	.long	.Linfo_string5                  @ DW_AT_name
	.byte	1                               @ DW_AT_const_value
	.byte	3                               @ Abbrev [3] 0x3a:0x6 DW_TAG_enumerator
	.long	.Linfo_string6                  @ DW_AT_name
	.byte	2                               @ DW_AT_const_value
	.byte	3                               @ Abbrev [3] 0x40:0x6 DW_TAG_enumerator
	.long	.Linfo_string7                  @ DW_AT_name
	.byte	3                               @ DW_AT_const_value
	.byte	0                               @ End Of Children Mark
	.byte	4                               @ Abbrev [4] 0x47:0x7 DW_TAG_base_type
	.long	.Linfo_string3                  @ DW_AT_name
	.byte	8                               @ DW_AT_encoding
	.byte	1                               @ DW_AT_byte_size
	.byte	2                               @ Abbrev [2] 0x4e:0x15 DW_TAG_enumeration_type
	.long	71                              @ DW_AT_type
	.byte	1                               @ DW_AT_byte_size
	.byte	1                               @ DW_AT_decl_file
	.byte	50                              @ DW_AT_decl_line
	.byte	3                               @ Abbrev [3] 0x56:0x6 DW_TAG_enumerator
	.long	.Linfo_string8                  @ DW_AT_name
	.byte	0                               @ DW_AT_const_value
	.byte	3                               @ Abbrev [3] 0x5c:0x6 DW_TAG_enumerator
	.long	.Linfo_string9                  @ DW_AT_name
	.byte	1                               @ DW_AT_const_value
	.byte	0                               @ End Of Children Mark
	.byte	2                               @ Abbrev [2] 0x63:0x27 DW_TAG_enumeration_type
	.long	71                              @ DW_AT_type
	.byte	1                               @ DW_AT_byte_size
	.byte	2                               @ DW_AT_decl_file
	.byte	101                             @ DW_AT_decl_line
	.byte	3                               @ Abbrev [3] 0x6b:0x6 DW_TAG_enumerator
	.long	.Linfo_string10                 @ DW_AT_name
	.byte	0                               @ DW_AT_const_value
	.byte	3                               @ Abbrev [3] 0x71:0x6 DW_TAG_enumerator
	.long	.Linfo_string11                 @ DW_AT_name
	.byte	1                               @ DW_AT_const_value
	.byte	3                               @ Abbrev [3] 0x77:0x6 DW_TAG_enumerator
	.long	.Linfo_string12                 @ DW_AT_name
	.byte	2                               @ DW_AT_const_value
	.byte	3                               @ Abbrev [3] 0x7d:0x6 DW_TAG_enumerator
	.long	.Linfo_string13                 @ DW_AT_name
	.byte	3                               @ DW_AT_const_value
	.byte	3                               @ Abbrev [3] 0x83:0x6 DW_TAG_enumerator
	.long	.Linfo_string14                 @ DW_AT_name
	.byte	4                               @ DW_AT_const_value
	.byte	0                               @ End Of Children Mark
	.byte	2                               @ Abbrev [2] 0x8a:0x39 DW_TAG_enumeration_type
	.long	71                              @ DW_AT_type
	.byte	1                               @ DW_AT_byte_size
	.byte	3                               @ DW_AT_decl_file
	.byte	135                             @ DW_AT_decl_line
	.byte	3                               @ Abbrev [3] 0x92:0x6 DW_TAG_enumerator
	.long	.Linfo_string15                 @ DW_AT_name
	.byte	0                               @ DW_AT_const_value
	.byte	3                               @ Abbrev [3] 0x98:0x6 DW_TAG_enumerator
	.long	.Linfo_string16                 @ DW_AT_name
	.byte	1                               @ DW_AT_const_value
	.byte	3                               @ Abbrev [3] 0x9e:0x6 DW_TAG_enumerator
	.long	.Linfo_string17                 @ DW_AT_name
	.byte	2                               @ DW_AT_const_value
	.byte	3                               @ Abbrev [3] 0xa4:0x6 DW_TAG_enumerator
	.long	.Linfo_string18                 @ DW_AT_name
	.byte	3                               @ DW_AT_const_value
	.byte	3                               @ Abbrev [3] 0xaa:0x6 DW_TAG_enumerator
	.long	.Linfo_string19                 @ DW_AT_name
	.byte	4                               @ DW_AT_const_value
	.byte	3                               @ Abbrev [3] 0xb0:0x6 DW_TAG_enumerator
	.long	.Linfo_string20                 @ DW_AT_name
	.byte	5                               @ DW_AT_const_value
	.byte	3                               @ Abbrev [3] 0xb6:0x6 DW_TAG_enumerator
	.long	.Linfo_string21                 @ DW_AT_name
	.byte	6                               @ DW_AT_const_value
	.byte	3                               @ Abbrev [3] 0xbc:0x6 DW_TAG_enumerator
	.long	.Linfo_string22                 @ DW_AT_name
	.byte	7                               @ DW_AT_const_value
	.byte	0                               @ End Of Children Mark
	.byte	2                               @ Abbrev [2] 0xc3:0x15 DW_TAG_enumeration_type
	.long	71                              @ DW_AT_type
	.byte	1                               @ DW_AT_byte_size
	.byte	4                               @ DW_AT_decl_file
	.byte	180                             @ DW_AT_decl_line
	.byte	3                               @ Abbrev [3] 0xcb:0x6 DW_TAG_enumerator
	.long	.Linfo_string23                 @ DW_AT_name
	.byte	0                               @ DW_AT_const_value
	.byte	3                               @ Abbrev [3] 0xd1:0x6 DW_TAG_enumerator
	.long	.Linfo_string24                 @ DW_AT_name
	.byte	1                               @ DW_AT_const_value
	.byte	0                               @ End Of Children Mark
	.byte	5                               @ Abbrev [5] 0xd8:0x5 DW_TAG_pointer_type
	.long	221                             @ DW_AT_type
	.byte	6                               @ Abbrev [6] 0xdd:0xc DW_TAG_typedef
	.long	233                             @ DW_AT_type
	.long	.Linfo_string45                 @ DW_AT_name
	.byte	6                               @ DW_AT_decl_file
	.short	1498                            @ DW_AT_decl_line
	.byte	7                               @ Abbrev [7] 0xe9:0xe3 DW_TAG_structure_type
	.byte	84                              @ DW_AT_byte_size
	.byte	6                               @ DW_AT_decl_file
	.short	1478                            @ DW_AT_decl_line
	.byte	8                               @ Abbrev [8] 0xee:0xd DW_TAG_member
	.long	.Linfo_string25                 @ DW_AT_name
	.long	460                             @ DW_AT_type
	.byte	6                               @ DW_AT_decl_file
	.short	1480                            @ DW_AT_decl_line
	.byte	0                               @ DW_AT_data_member_location
	.byte	8                               @ Abbrev [8] 0xfb:0xd DW_TAG_member
	.long	.Linfo_string28                 @ DW_AT_name
	.long	460                             @ DW_AT_type
	.byte	6                               @ DW_AT_decl_file
	.short	1481                            @ DW_AT_decl_line
	.byte	4                               @ DW_AT_data_member_location
	.byte	8                               @ Abbrev [8] 0x108:0xd DW_TAG_member
	.long	.Linfo_string29                 @ DW_AT_name
	.long	460                             @ DW_AT_type
	.byte	6                               @ DW_AT_decl_file
	.short	1482                            @ DW_AT_decl_line
	.byte	8                               @ DW_AT_data_member_location
	.byte	8                               @ Abbrev [8] 0x115:0xd DW_TAG_member
	.long	.Linfo_string30                 @ DW_AT_name
	.long	460                             @ DW_AT_type
	.byte	6                               @ DW_AT_decl_file
	.short	1483                            @ DW_AT_decl_line
	.byte	12                              @ DW_AT_data_member_location
	.byte	8                               @ Abbrev [8] 0x122:0xd DW_TAG_member
	.long	.Linfo_string31                 @ DW_AT_name
	.long	460                             @ DW_AT_type
	.byte	6                               @ DW_AT_decl_file
	.short	1484                            @ DW_AT_decl_line
	.byte	16                              @ DW_AT_data_member_location
	.byte	8                               @ Abbrev [8] 0x12f:0xd DW_TAG_member
	.long	.Linfo_string32                 @ DW_AT_name
	.long	460                             @ DW_AT_type
	.byte	6                               @ DW_AT_decl_file
	.short	1485                            @ DW_AT_decl_line
	.byte	20                              @ DW_AT_data_member_location
	.byte	8                               @ Abbrev [8] 0x13c:0xd DW_TAG_member
	.long	.Linfo_string33                 @ DW_AT_name
	.long	460                             @ DW_AT_type
	.byte	6                               @ DW_AT_decl_file
	.short	1486                            @ DW_AT_decl_line
	.byte	24                              @ DW_AT_data_member_location
	.byte	8                               @ Abbrev [8] 0x149:0xd DW_TAG_member
	.long	.Linfo_string34                 @ DW_AT_name
	.long	465                             @ DW_AT_type
	.byte	6                               @ DW_AT_decl_file
	.short	1487                            @ DW_AT_decl_line
	.byte	28                              @ DW_AT_data_member_location
	.byte	8                               @ Abbrev [8] 0x156:0xd DW_TAG_member
	.long	.Linfo_string35                 @ DW_AT_name
	.long	460                             @ DW_AT_type
	.byte	6                               @ DW_AT_decl_file
	.short	1488                            @ DW_AT_decl_line
	.byte	32                              @ DW_AT_data_member_location
	.byte	8                               @ Abbrev [8] 0x163:0xd DW_TAG_member
	.long	.Linfo_string36                 @ DW_AT_name
	.long	483                             @ DW_AT_type
	.byte	6                               @ DW_AT_decl_file
	.short	1489                            @ DW_AT_decl_line
	.byte	36                              @ DW_AT_data_member_location
	.byte	8                               @ Abbrev [8] 0x170:0xd DW_TAG_member
	.long	.Linfo_string38                 @ DW_AT_name
	.long	460                             @ DW_AT_type
	.byte	6                               @ DW_AT_decl_file
	.short	1490                            @ DW_AT_decl_line
	.byte	48                              @ DW_AT_data_member_location
	.byte	8                               @ Abbrev [8] 0x17d:0xd DW_TAG_member
	.long	.Linfo_string39                 @ DW_AT_name
	.long	483                             @ DW_AT_type
	.byte	6                               @ DW_AT_decl_file
	.short	1491                            @ DW_AT_decl_line
	.byte	52                              @ DW_AT_data_member_location
	.byte	8                               @ Abbrev [8] 0x18a:0xd DW_TAG_member
	.long	.Linfo_string40                 @ DW_AT_name
	.long	460                             @ DW_AT_type
	.byte	6                               @ DW_AT_decl_file
	.short	1492                            @ DW_AT_decl_line
	.byte	64                              @ DW_AT_data_member_location
	.byte	8                               @ Abbrev [8] 0x197:0xd DW_TAG_member
	.long	.Linfo_string41                 @ DW_AT_name
	.long	460                             @ DW_AT_type
	.byte	6                               @ DW_AT_decl_file
	.short	1493                            @ DW_AT_decl_line
	.byte	68                              @ DW_AT_data_member_location
	.byte	8                               @ Abbrev [8] 0x1a4:0xd DW_TAG_member
	.long	.Linfo_string42                 @ DW_AT_name
	.long	460                             @ DW_AT_type
	.byte	6                               @ DW_AT_decl_file
	.short	1494                            @ DW_AT_decl_line
	.byte	72                              @ DW_AT_data_member_location
	.byte	8                               @ Abbrev [8] 0x1b1:0xd DW_TAG_member
	.long	.Linfo_string43                 @ DW_AT_name
	.long	460                             @ DW_AT_type
	.byte	6                               @ DW_AT_decl_file
	.short	1495                            @ DW_AT_decl_line
	.byte	76                              @ DW_AT_data_member_location
	.byte	8                               @ Abbrev [8] 0x1be:0xd DW_TAG_member
	.long	.Linfo_string44                 @ DW_AT_name
	.long	460                             @ DW_AT_type
	.byte	6                               @ DW_AT_decl_file
	.short	1496                            @ DW_AT_decl_line
	.byte	80                              @ DW_AT_data_member_location
	.byte	0                               @ End Of Children Mark
	.byte	9                               @ Abbrev [9] 0x1cc:0x5 DW_TAG_volatile_type
	.long	465                             @ DW_AT_type
	.byte	10                              @ Abbrev [10] 0x1d1:0xb DW_TAG_typedef
	.long	476                             @ DW_AT_type
	.long	.Linfo_string27                 @ DW_AT_name
	.byte	5                               @ DW_AT_decl_file
	.byte	64                              @ DW_AT_decl_line
	.byte	4                               @ Abbrev [4] 0x1dc:0x7 DW_TAG_base_type
	.long	.Linfo_string26                 @ DW_AT_name
	.byte	7                               @ DW_AT_encoding
	.byte	4                               @ DW_AT_byte_size
	.byte	11                              @ Abbrev [11] 0x1e3:0xc DW_TAG_array_type
	.long	465                             @ DW_AT_type
	.byte	12                              @ Abbrev [12] 0x1e8:0x6 DW_TAG_subrange_type
	.long	495                             @ DW_AT_type
	.byte	3                               @ DW_AT_count
	.byte	0                               @ End Of Children Mark
	.byte	13                              @ Abbrev [13] 0x1ef:0x7 DW_TAG_base_type
	.long	.Linfo_string37                 @ DW_AT_name
	.byte	8                               @ DW_AT_byte_size
	.byte	7                               @ DW_AT_encoding
	.byte	5                               @ Abbrev [5] 0x1f6:0x5 DW_TAG_pointer_type
	.long	507                             @ DW_AT_type
	.byte	9                               @ Abbrev [9] 0x1fb:0x5 DW_TAG_volatile_type
	.long	512                             @ DW_AT_type
	.byte	10                              @ Abbrev [10] 0x200:0xb DW_TAG_typedef
	.long	523                             @ DW_AT_type
	.long	.Linfo_string47                 @ DW_AT_name
	.byte	5                               @ DW_AT_decl_file
	.byte	63                              @ DW_AT_decl_line
	.byte	4                               @ Abbrev [4] 0x20b:0x7 DW_TAG_base_type
	.long	.Linfo_string46                 @ DW_AT_name
	.byte	7                               @ DW_AT_encoding
	.byte	2                               @ DW_AT_byte_size
	.byte	5                               @ Abbrev [5] 0x212:0x5 DW_TAG_pointer_type
	.long	535                             @ DW_AT_type
	.byte	14                              @ Abbrev [14] 0x217:0x5 DW_TAG_const_type
	.long	540                             @ DW_AT_type
	.byte	10                              @ Abbrev [10] 0x21c:0xb DW_TAG_typedef
	.long	71                              @ DW_AT_type
	.long	.Linfo_string48                 @ DW_AT_name
	.byte	5                               @ DW_AT_decl_file
	.byte	62                              @ DW_AT_decl_line
	.byte	5                               @ Abbrev [5] 0x227:0x5 DW_TAG_pointer_type
	.long	556                             @ DW_AT_type
	.byte	14                              @ Abbrev [14] 0x22c:0x5 DW_TAG_const_type
	.long	465                             @ DW_AT_type
	.byte	5                               @ Abbrev [5] 0x231:0x5 DW_TAG_pointer_type
	.long	460                             @ DW_AT_type
	.byte	5                               @ Abbrev [5] 0x236:0x5 DW_TAG_pointer_type
	.long	571                             @ DW_AT_type
	.byte	14                              @ Abbrev [14] 0x23b:0x5 DW_TAG_const_type
	.long	512                             @ DW_AT_type
	.byte	5                               @ Abbrev [5] 0x240:0x5 DW_TAG_pointer_type
	.long	581                             @ DW_AT_type
	.byte	9                               @ Abbrev [9] 0x245:0x5 DW_TAG_volatile_type
	.long	540                             @ DW_AT_type
	.byte	5                               @ Abbrev [5] 0x24a:0x5 DW_TAG_pointer_type
	.long	540                             @ DW_AT_type
	.byte	5                               @ Abbrev [5] 0x24f:0x5 DW_TAG_pointer_type
	.long	465                             @ DW_AT_type
	.byte	5                               @ Abbrev [5] 0x254:0x5 DW_TAG_pointer_type
	.long	512                             @ DW_AT_type
	.byte	5                               @ Abbrev [5] 0x259:0x5 DW_TAG_pointer_type
	.long	606                             @ DW_AT_type
	.byte	10                              @ Abbrev [10] 0x25e:0xb DW_TAG_typedef
	.long	617                             @ DW_AT_type
	.long	.Linfo_string130                @ DW_AT_name
	.byte	3                               @ DW_AT_decl_file
	.byte	223                             @ DW_AT_decl_line
	.byte	15                              @ Abbrev [15] 0x269:0xc9 DW_TAG_structure_type
	.long	.Linfo_string129                @ DW_AT_name
	.byte	136                             @ DW_AT_byte_size
	.byte	3                               @ DW_AT_decl_file
	.byte	169                             @ DW_AT_decl_line
	.byte	16                              @ Abbrev [16] 0x271:0xc DW_TAG_member
	.long	.Linfo_string49                 @ DW_AT_name
	.long	216                             @ DW_AT_type
	.byte	3                               @ DW_AT_decl_file
	.byte	171                             @ DW_AT_decl_line
	.byte	0                               @ DW_AT_data_member_location
	.byte	16                              @ Abbrev [16] 0x27d:0xc DW_TAG_member
	.long	.Linfo_string50                 @ DW_AT_name
	.long	818                             @ DW_AT_type
	.byte	3                               @ DW_AT_decl_file
	.byte	173                             @ DW_AT_decl_line
	.byte	4                               @ DW_AT_data_member_location
	.byte	16                              @ Abbrev [16] 0x289:0xc DW_TAG_member
	.long	.Linfo_string74                 @ DW_AT_name
	.long	530                             @ DW_AT_type
	.byte	3                               @ DW_AT_decl_file
	.byte	175                             @ DW_AT_decl_line
	.byte	92                              @ DW_AT_data_member_location
	.byte	16                              @ Abbrev [16] 0x295:0xc DW_TAG_member
	.long	.Linfo_string75                 @ DW_AT_name
	.long	512                             @ DW_AT_type
	.byte	3                               @ DW_AT_decl_file
	.byte	177                             @ DW_AT_decl_line
	.byte	96                              @ DW_AT_data_member_location
	.byte	16                              @ Abbrev [16] 0x2a1:0xc DW_TAG_member
	.long	.Linfo_string76                 @ DW_AT_name
	.long	507                             @ DW_AT_type
	.byte	3                               @ DW_AT_decl_file
	.byte	179                             @ DW_AT_decl_line
	.byte	98                              @ DW_AT_data_member_location
	.byte	16                              @ Abbrev [16] 0x2ad:0xc DW_TAG_member
	.long	.Linfo_string77                 @ DW_AT_name
	.long	586                             @ DW_AT_type
	.byte	3                               @ DW_AT_decl_file
	.byte	181                             @ DW_AT_decl_line
	.byte	100                             @ DW_AT_data_member_location
	.byte	16                              @ Abbrev [16] 0x2b9:0xc DW_TAG_member
	.long	.Linfo_string78                 @ DW_AT_name
	.long	512                             @ DW_AT_type
	.byte	3                               @ DW_AT_decl_file
	.byte	183                             @ DW_AT_decl_line
	.byte	104                             @ DW_AT_data_member_location
	.byte	16                              @ Abbrev [16] 0x2c5:0xc DW_TAG_member
	.long	.Linfo_string79                 @ DW_AT_name
	.long	507                             @ DW_AT_type
	.byte	3                               @ DW_AT_decl_file
	.byte	185                             @ DW_AT_decl_line
	.byte	106                             @ DW_AT_data_member_location
	.byte	16                              @ Abbrev [16] 0x2d1:0xc DW_TAG_member
	.long	.Linfo_string80                 @ DW_AT_name
	.long	465                             @ DW_AT_type
	.byte	3                               @ DW_AT_decl_file
	.byte	187                             @ DW_AT_decl_line
	.byte	108                             @ DW_AT_data_member_location
	.byte	16                              @ Abbrev [16] 0x2dd:0xc DW_TAG_member
	.long	.Linfo_string81                 @ DW_AT_name
	.long	1098                            @ DW_AT_type
	.byte	3                               @ DW_AT_decl_file
	.byte	189                             @ DW_AT_decl_line
	.byte	112                             @ DW_AT_data_member_location
	.byte	16                              @ Abbrev [16] 0x2e9:0xc DW_TAG_member
	.long	.Linfo_string82                 @ DW_AT_name
	.long	1098                            @ DW_AT_type
	.byte	3                               @ DW_AT_decl_file
	.byte	191                             @ DW_AT_decl_line
	.byte	116                             @ DW_AT_data_member_location
	.byte	16                              @ Abbrev [16] 0x2f5:0xc DW_TAG_member
	.long	.Linfo_string83                 @ DW_AT_name
	.long	1115                            @ DW_AT_type
	.byte	3                               @ DW_AT_decl_file
	.byte	193                             @ DW_AT_decl_line
	.byte	120                             @ DW_AT_data_member_location
	.byte	16                              @ Abbrev [16] 0x301:0xc DW_TAG_member
	.long	.Linfo_string127                @ DW_AT_name
	.long	1115                            @ DW_AT_type
	.byte	3                               @ DW_AT_decl_file
	.byte	195                             @ DW_AT_decl_line
	.byte	124                             @ DW_AT_data_member_location
	.byte	16                              @ Abbrev [16] 0x30d:0xc DW_TAG_member
	.long	.Linfo_string95                 @ DW_AT_name
	.long	1541                            @ DW_AT_type
	.byte	3                               @ DW_AT_decl_file
	.byte	197                             @ DW_AT_decl_line
	.byte	128                             @ DW_AT_data_member_location
	.byte	16                              @ Abbrev [16] 0x319:0xc DW_TAG_member
	.long	.Linfo_string97                 @ DW_AT_name
	.long	1755                            @ DW_AT_type
	.byte	3                               @ DW_AT_decl_file
	.byte	199                             @ DW_AT_decl_line
	.byte	129                             @ DW_AT_data_member_location
	.byte	16                              @ Abbrev [16] 0x325:0xc DW_TAG_member
	.long	.Linfo_string106                @ DW_AT_name
	.long	460                             @ DW_AT_type
	.byte	3                               @ DW_AT_decl_file
	.byte	201                             @ DW_AT_decl_line
	.byte	132                             @ DW_AT_data_member_location
	.byte	0                               @ End Of Children Mark
	.byte	10                              @ Abbrev [10] 0x332:0xb DW_TAG_typedef
	.long	829                             @ DW_AT_type
	.long	.Linfo_string73                 @ DW_AT_name
	.byte	3                               @ DW_AT_decl_file
	.byte	130                             @ DW_AT_decl_line
	.byte	17                              @ Abbrev [17] 0x33d:0x10d DW_TAG_structure_type
	.byte	88                              @ DW_AT_byte_size
	.byte	3                               @ DW_AT_decl_file
	.byte	46                              @ DW_AT_decl_line
	.byte	16                              @ Abbrev [16] 0x341:0xc DW_TAG_member
	.long	.Linfo_string51                 @ DW_AT_name
	.long	465                             @ DW_AT_type
	.byte	3                               @ DW_AT_decl_file
	.byte	48                              @ DW_AT_decl_line
	.byte	0                               @ DW_AT_data_member_location
	.byte	16                              @ Abbrev [16] 0x34d:0xc DW_TAG_member
	.long	.Linfo_string52                 @ DW_AT_name
	.long	465                             @ DW_AT_type
	.byte	3                               @ DW_AT_decl_file
	.byte	51                              @ DW_AT_decl_line
	.byte	4                               @ DW_AT_data_member_location
	.byte	16                              @ Abbrev [16] 0x359:0xc DW_TAG_member
	.long	.Linfo_string53                 @ DW_AT_name
	.long	465                             @ DW_AT_type
	.byte	3                               @ DW_AT_decl_file
	.byte	54                              @ DW_AT_decl_line
	.byte	8                               @ DW_AT_data_member_location
	.byte	16                              @ Abbrev [16] 0x365:0xc DW_TAG_member
	.long	.Linfo_string54                 @ DW_AT_name
	.long	465                             @ DW_AT_type
	.byte	3                               @ DW_AT_decl_file
	.byte	57                              @ DW_AT_decl_line
	.byte	12                              @ DW_AT_data_member_location
	.byte	16                              @ Abbrev [16] 0x371:0xc DW_TAG_member
	.long	.Linfo_string55                 @ DW_AT_name
	.long	465                             @ DW_AT_type
	.byte	3                               @ DW_AT_decl_file
	.byte	60                              @ DW_AT_decl_line
	.byte	16                              @ DW_AT_data_member_location
	.byte	16                              @ Abbrev [16] 0x37d:0xc DW_TAG_member
	.long	.Linfo_string56                 @ DW_AT_name
	.long	465                             @ DW_AT_type
	.byte	3                               @ DW_AT_decl_file
	.byte	63                              @ DW_AT_decl_line
	.byte	20                              @ DW_AT_data_member_location
	.byte	16                              @ Abbrev [16] 0x389:0xc DW_TAG_member
	.long	.Linfo_string57                 @ DW_AT_name
	.long	465                             @ DW_AT_type
	.byte	3                               @ DW_AT_decl_file
	.byte	68                              @ DW_AT_decl_line
	.byte	24                              @ DW_AT_data_member_location
	.byte	16                              @ Abbrev [16] 0x395:0xc DW_TAG_member
	.long	.Linfo_string58                 @ DW_AT_name
	.long	465                             @ DW_AT_type
	.byte	3                               @ DW_AT_decl_file
	.byte	74                              @ DW_AT_decl_line
	.byte	28                              @ DW_AT_data_member_location
	.byte	16                              @ Abbrev [16] 0x3a1:0xc DW_TAG_member
	.long	.Linfo_string59                 @ DW_AT_name
	.long	465                             @ DW_AT_type
	.byte	3                               @ DW_AT_decl_file
	.byte	77                              @ DW_AT_decl_line
	.byte	32                              @ DW_AT_data_member_location
	.byte	16                              @ Abbrev [16] 0x3ad:0xc DW_TAG_member
	.long	.Linfo_string60                 @ DW_AT_name
	.long	465                             @ DW_AT_type
	.byte	3                               @ DW_AT_decl_file
	.byte	80                              @ DW_AT_decl_line
	.byte	36                              @ DW_AT_data_member_location
	.byte	16                              @ Abbrev [16] 0x3b9:0xc DW_TAG_member
	.long	.Linfo_string61                 @ DW_AT_name
	.long	465                             @ DW_AT_type
	.byte	3                               @ DW_AT_decl_file
	.byte	83                              @ DW_AT_decl_line
	.byte	40                              @ DW_AT_data_member_location
	.byte	16                              @ Abbrev [16] 0x3c5:0xc DW_TAG_member
	.long	.Linfo_string62                 @ DW_AT_name
	.long	465                             @ DW_AT_type
	.byte	3                               @ DW_AT_decl_file
	.byte	87                              @ DW_AT_decl_line
	.byte	44                              @ DW_AT_data_member_location
	.byte	16                              @ Abbrev [16] 0x3d1:0xc DW_TAG_member
	.long	.Linfo_string63                 @ DW_AT_name
	.long	465                             @ DW_AT_type
	.byte	3                               @ DW_AT_decl_file
	.byte	90                              @ DW_AT_decl_line
	.byte	48                              @ DW_AT_data_member_location
	.byte	16                              @ Abbrev [16] 0x3dd:0xc DW_TAG_member
	.long	.Linfo_string64                 @ DW_AT_name
	.long	465                             @ DW_AT_type
	.byte	3                               @ DW_AT_decl_file
	.byte	96                              @ DW_AT_decl_line
	.byte	52                              @ DW_AT_data_member_location
	.byte	16                              @ Abbrev [16] 0x3e9:0xc DW_TAG_member
	.long	.Linfo_string65                 @ DW_AT_name
	.long	465                             @ DW_AT_type
	.byte	3                               @ DW_AT_decl_file
	.byte	100                             @ DW_AT_decl_line
	.byte	56                              @ DW_AT_data_member_location
	.byte	16                              @ Abbrev [16] 0x3f5:0xc DW_TAG_member
	.long	.Linfo_string66                 @ DW_AT_name
	.long	465                             @ DW_AT_type
	.byte	3                               @ DW_AT_decl_file
	.byte	103                             @ DW_AT_decl_line
	.byte	60                              @ DW_AT_data_member_location
	.byte	16                              @ Abbrev [16] 0x401:0xc DW_TAG_member
	.long	.Linfo_string67                 @ DW_AT_name
	.long	465                             @ DW_AT_type
	.byte	3                               @ DW_AT_decl_file
	.byte	107                             @ DW_AT_decl_line
	.byte	64                              @ DW_AT_data_member_location
	.byte	16                              @ Abbrev [16] 0x40d:0xc DW_TAG_member
	.long	.Linfo_string68                 @ DW_AT_name
	.long	465                             @ DW_AT_type
	.byte	3                               @ DW_AT_decl_file
	.byte	111                             @ DW_AT_decl_line
	.byte	68                              @ DW_AT_data_member_location
	.byte	16                              @ Abbrev [16] 0x419:0xc DW_TAG_member
	.long	.Linfo_string69                 @ DW_AT_name
	.long	465                             @ DW_AT_type
	.byte	3                               @ DW_AT_decl_file
	.byte	116                             @ DW_AT_decl_line
	.byte	72                              @ DW_AT_data_member_location
	.byte	16                              @ Abbrev [16] 0x425:0xc DW_TAG_member
	.long	.Linfo_string70                 @ DW_AT_name
	.long	465                             @ DW_AT_type
	.byte	3                               @ DW_AT_decl_file
	.byte	121                             @ DW_AT_decl_line
	.byte	76                              @ DW_AT_data_member_location
	.byte	16                              @ Abbrev [16] 0x431:0xc DW_TAG_member
	.long	.Linfo_string71                 @ DW_AT_name
	.long	465                             @ DW_AT_type
	.byte	3                               @ DW_AT_decl_file
	.byte	125                             @ DW_AT_decl_line
	.byte	80                              @ DW_AT_data_member_location
	.byte	16                              @ Abbrev [16] 0x43d:0xc DW_TAG_member
	.long	.Linfo_string72                 @ DW_AT_name
	.long	465                             @ DW_AT_type
	.byte	3                               @ DW_AT_decl_file
	.byte	128                             @ DW_AT_decl_line
	.byte	84                              @ DW_AT_data_member_location
	.byte	0                               @ End Of Children Mark
	.byte	5                               @ Abbrev [5] 0x44a:0x5 DW_TAG_pointer_type
	.long	1103                            @ DW_AT_type
	.byte	18                              @ Abbrev [18] 0x44f:0x7 DW_TAG_subroutine_type
                                        @ DW_AT_prototyped
	.byte	19                              @ Abbrev [19] 0x450:0x5 DW_TAG_formal_parameter
	.long	1110                            @ DW_AT_type
	.byte	0                               @ End Of Children Mark
	.byte	5                               @ Abbrev [5] 0x456:0x5 DW_TAG_pointer_type
	.long	617                             @ DW_AT_type
	.byte	5                               @ Abbrev [5] 0x45b:0x5 DW_TAG_pointer_type
	.long	1120                            @ DW_AT_type
	.byte	10                              @ Abbrev [10] 0x460:0xb DW_TAG_typedef
	.long	1131                            @ DW_AT_type
	.long	.Linfo_string126                @ DW_AT_name
	.byte	2                               @ DW_AT_decl_file
	.byte	179                             @ DW_AT_decl_line
	.byte	15                              @ Abbrev [15] 0x46b:0xf9 DW_TAG_structure_type
	.long	.Linfo_string125                @ DW_AT_name
	.byte	120                             @ DW_AT_byte_size
	.byte	2                               @ DW_AT_decl_file
	.byte	136                             @ DW_AT_decl_line
	.byte	16                              @ Abbrev [16] 0x473:0xc DW_TAG_member
	.long	.Linfo_string49                 @ DW_AT_name
	.long	1380                            @ DW_AT_type
	.byte	2                               @ DW_AT_decl_file
	.byte	138                             @ DW_AT_decl_line
	.byte	0                               @ DW_AT_data_member_location
	.byte	16                              @ Abbrev [16] 0x47f:0xc DW_TAG_member
	.long	.Linfo_string50                 @ DW_AT_name
	.long	1381                            @ DW_AT_type
	.byte	2                               @ DW_AT_decl_file
	.byte	140                             @ DW_AT_decl_line
	.byte	4                               @ DW_AT_data_member_location
	.byte	16                              @ Abbrev [16] 0x48b:0xc DW_TAG_member
	.long	.Linfo_string95                 @ DW_AT_name
	.long	1541                            @ DW_AT_type
	.byte	2                               @ DW_AT_decl_file
	.byte	142                             @ DW_AT_decl_line
	.byte	52                              @ DW_AT_data_member_location
	.byte	16                              @ Abbrev [16] 0x497:0xc DW_TAG_member
	.long	.Linfo_string97                 @ DW_AT_name
	.long	1552                            @ DW_AT_type
	.byte	2                               @ DW_AT_decl_file
	.byte	144                             @ DW_AT_decl_line
	.byte	53                              @ DW_AT_data_member_location
	.byte	16                              @ Abbrev [16] 0x4a3:0xc DW_TAG_member
	.long	.Linfo_string99                 @ DW_AT_name
	.long	1380                            @ DW_AT_type
	.byte	2                               @ DW_AT_decl_file
	.byte	146                             @ DW_AT_decl_line
	.byte	56                              @ DW_AT_data_member_location
	.byte	16                              @ Abbrev [16] 0x4af:0xc DW_TAG_member
	.long	.Linfo_string100                @ DW_AT_name
	.long	1568                            @ DW_AT_type
	.byte	2                               @ DW_AT_decl_file
	.byte	148                             @ DW_AT_decl_line
	.byte	60                              @ DW_AT_data_member_location
	.byte	16                              @ Abbrev [16] 0x4bb:0xc DW_TAG_member
	.long	.Linfo_string101                @ DW_AT_name
	.long	1568                            @ DW_AT_type
	.byte	2                               @ DW_AT_decl_file
	.byte	150                             @ DW_AT_decl_line
	.byte	64                              @ DW_AT_data_member_location
	.byte	16                              @ Abbrev [16] 0x4c7:0xc DW_TAG_member
	.long	.Linfo_string102                @ DW_AT_name
	.long	1568                            @ DW_AT_type
	.byte	2                               @ DW_AT_decl_file
	.byte	152                             @ DW_AT_decl_line
	.byte	68                              @ DW_AT_data_member_location
	.byte	16                              @ Abbrev [16] 0x4d3:0xc DW_TAG_member
	.long	.Linfo_string103                @ DW_AT_name
	.long	1568                            @ DW_AT_type
	.byte	2                               @ DW_AT_decl_file
	.byte	154                             @ DW_AT_decl_line
	.byte	72                              @ DW_AT_data_member_location
	.byte	16                              @ Abbrev [16] 0x4df:0xc DW_TAG_member
	.long	.Linfo_string104                @ DW_AT_name
	.long	1568                            @ DW_AT_type
	.byte	2                               @ DW_AT_decl_file
	.byte	156                             @ DW_AT_decl_line
	.byte	76                              @ DW_AT_data_member_location
	.byte	16                              @ Abbrev [16] 0x4eb:0xc DW_TAG_member
	.long	.Linfo_string105                @ DW_AT_name
	.long	1568                            @ DW_AT_type
	.byte	2                               @ DW_AT_decl_file
	.byte	158                             @ DW_AT_decl_line
	.byte	80                              @ DW_AT_data_member_location
	.byte	16                              @ Abbrev [16] 0x4f7:0xc DW_TAG_member
	.long	.Linfo_string106                @ DW_AT_name
	.long	460                             @ DW_AT_type
	.byte	2                               @ DW_AT_decl_file
	.byte	160                             @ DW_AT_decl_line
	.byte	84                              @ DW_AT_data_member_location
	.byte	16                              @ Abbrev [16] 0x503:0xc DW_TAG_member
	.long	.Linfo_string107                @ DW_AT_name
	.long	465                             @ DW_AT_type
	.byte	2                               @ DW_AT_decl_file
	.byte	162                             @ DW_AT_decl_line
	.byte	88                              @ DW_AT_data_member_location
	.byte	16                              @ Abbrev [16] 0x50f:0xc DW_TAG_member
	.long	.Linfo_string108                @ DW_AT_name
	.long	465                             @ DW_AT_type
	.byte	2                               @ DW_AT_decl_file
	.byte	164                             @ DW_AT_decl_line
	.byte	92                              @ DW_AT_data_member_location
	.byte	16                              @ Abbrev [16] 0x51b:0xc DW_TAG_member
	.long	.Linfo_string109                @ DW_AT_name
	.long	1585                            @ DW_AT_type
	.byte	2                               @ DW_AT_decl_file
	.byte	166                             @ DW_AT_decl_line
	.byte	96                              @ DW_AT_data_member_location
	.byte	16                              @ Abbrev [16] 0x527:0xc DW_TAG_member
	.long	.Linfo_string112                @ DW_AT_name
	.long	1621                            @ DW_AT_type
	.byte	2                               @ DW_AT_decl_file
	.byte	168                             @ DW_AT_decl_line
	.byte	100                             @ DW_AT_data_member_location
	.byte	16                              @ Abbrev [16] 0x533:0xc DW_TAG_member
	.long	.Linfo_string116                @ DW_AT_name
	.long	465                             @ DW_AT_type
	.byte	2                               @ DW_AT_decl_file
	.byte	170                             @ DW_AT_decl_line
	.byte	104                             @ DW_AT_data_member_location
	.byte	16                              @ Abbrev [16] 0x53f:0xc DW_TAG_member
	.long	.Linfo_string117                @ DW_AT_name
	.long	1670                            @ DW_AT_type
	.byte	2                               @ DW_AT_decl_file
	.byte	173                             @ DW_AT_decl_line
	.byte	108                             @ DW_AT_data_member_location
	.byte	16                              @ Abbrev [16] 0x54b:0xc DW_TAG_member
	.long	.Linfo_string120                @ DW_AT_name
	.long	1706                            @ DW_AT_type
	.byte	2                               @ DW_AT_decl_file
	.byte	175                             @ DW_AT_decl_line
	.byte	112                             @ DW_AT_data_member_location
	.byte	16                              @ Abbrev [16] 0x557:0xc DW_TAG_member
	.long	.Linfo_string124                @ DW_AT_name
	.long	465                             @ DW_AT_type
	.byte	2                               @ DW_AT_decl_file
	.byte	177                             @ DW_AT_decl_line
	.byte	116                             @ DW_AT_data_member_location
	.byte	0                               @ End Of Children Mark
	.byte	20                              @ Abbrev [20] 0x564:0x1 DW_TAG_pointer_type
	.byte	10                              @ Abbrev [10] 0x565:0xb DW_TAG_typedef
	.long	1392                            @ DW_AT_type
	.long	.Linfo_string94                 @ DW_AT_name
	.byte	2                               @ DW_AT_decl_file
	.byte	96                              @ DW_AT_decl_line
	.byte	17                              @ Abbrev [17] 0x570:0x95 DW_TAG_structure_type
	.byte	48                              @ DW_AT_byte_size
	.byte	2                               @ DW_AT_decl_file
	.byte	48                              @ DW_AT_decl_line
	.byte	16                              @ Abbrev [16] 0x574:0xc DW_TAG_member
	.long	.Linfo_string84                 @ DW_AT_name
	.long	465                             @ DW_AT_type
	.byte	2                               @ DW_AT_decl_file
	.byte	50                              @ DW_AT_decl_line
	.byte	0                               @ DW_AT_data_member_location
	.byte	16                              @ Abbrev [16] 0x580:0xc DW_TAG_member
	.long	.Linfo_string52                 @ DW_AT_name
	.long	465                             @ DW_AT_type
	.byte	2                               @ DW_AT_decl_file
	.byte	53                              @ DW_AT_decl_line
	.byte	4                               @ DW_AT_data_member_location
	.byte	16                              @ Abbrev [16] 0x58c:0xc DW_TAG_member
	.long	.Linfo_string85                 @ DW_AT_name
	.long	465                             @ DW_AT_type
	.byte	2                               @ DW_AT_decl_file
	.byte	57                              @ DW_AT_decl_line
	.byte	8                               @ DW_AT_data_member_location
	.byte	16                              @ Abbrev [16] 0x598:0xc DW_TAG_member
	.long	.Linfo_string86                 @ DW_AT_name
	.long	465                             @ DW_AT_type
	.byte	2                               @ DW_AT_decl_file
	.byte	60                              @ DW_AT_decl_line
	.byte	12                              @ DW_AT_data_member_location
	.byte	16                              @ Abbrev [16] 0x5a4:0xc DW_TAG_member
	.long	.Linfo_string87                 @ DW_AT_name
	.long	465                             @ DW_AT_type
	.byte	2                               @ DW_AT_decl_file
	.byte	63                              @ DW_AT_decl_line
	.byte	16                              @ DW_AT_data_member_location
	.byte	16                              @ Abbrev [16] 0x5b0:0xc DW_TAG_member
	.long	.Linfo_string88                 @ DW_AT_name
	.long	465                             @ DW_AT_type
	.byte	2                               @ DW_AT_decl_file
	.byte	66                              @ DW_AT_decl_line
	.byte	20                              @ DW_AT_data_member_location
	.byte	16                              @ Abbrev [16] 0x5bc:0xc DW_TAG_member
	.long	.Linfo_string51                 @ DW_AT_name
	.long	465                             @ DW_AT_type
	.byte	2                               @ DW_AT_decl_file
	.byte	69                              @ DW_AT_decl_line
	.byte	24                              @ DW_AT_data_member_location
	.byte	16                              @ Abbrev [16] 0x5c8:0xc DW_TAG_member
	.long	.Linfo_string89                 @ DW_AT_name
	.long	465                             @ DW_AT_type
	.byte	2                               @ DW_AT_decl_file
	.byte	74                              @ DW_AT_decl_line
	.byte	28                              @ DW_AT_data_member_location
	.byte	16                              @ Abbrev [16] 0x5d4:0xc DW_TAG_member
	.long	.Linfo_string90                 @ DW_AT_name
	.long	465                             @ DW_AT_type
	.byte	2                               @ DW_AT_decl_file
	.byte	77                              @ DW_AT_decl_line
	.byte	32                              @ DW_AT_data_member_location
	.byte	16                              @ Abbrev [16] 0x5e0:0xc DW_TAG_member
	.long	.Linfo_string91                 @ DW_AT_name
	.long	465                             @ DW_AT_type
	.byte	2                               @ DW_AT_decl_file
	.byte	82                              @ DW_AT_decl_line
	.byte	36                              @ DW_AT_data_member_location
	.byte	16                              @ Abbrev [16] 0x5ec:0xc DW_TAG_member
	.long	.Linfo_string92                 @ DW_AT_name
	.long	465                             @ DW_AT_type
	.byte	2                               @ DW_AT_decl_file
	.byte	85                              @ DW_AT_decl_line
	.byte	40                              @ DW_AT_data_member_location
	.byte	16                              @ Abbrev [16] 0x5f8:0xc DW_TAG_member
	.long	.Linfo_string93                 @ DW_AT_name
	.long	465                             @ DW_AT_type
	.byte	2                               @ DW_AT_decl_file
	.byte	91                              @ DW_AT_decl_line
	.byte	44                              @ DW_AT_data_member_location
	.byte	0                               @ End Of Children Mark
	.byte	10                              @ Abbrev [10] 0x605:0xb DW_TAG_typedef
	.long	78                              @ DW_AT_type
	.long	.Linfo_string96                 @ DW_AT_name
	.byte	1                               @ DW_AT_decl_file
	.byte	54                              @ DW_AT_decl_line
	.byte	9                               @ Abbrev [9] 0x610:0x5 DW_TAG_volatile_type
	.long	1557                            @ DW_AT_type
	.byte	10                              @ Abbrev [10] 0x615:0xb DW_TAG_typedef
	.long	99                              @ DW_AT_type
	.long	.Linfo_string98                 @ DW_AT_name
	.byte	2                               @ DW_AT_decl_file
	.byte	108                             @ DW_AT_decl_line
	.byte	5                               @ Abbrev [5] 0x620:0x5 DW_TAG_pointer_type
	.long	1573                            @ DW_AT_type
	.byte	18                              @ Abbrev [18] 0x625:0x7 DW_TAG_subroutine_type
                                        @ DW_AT_prototyped
	.byte	19                              @ Abbrev [19] 0x626:0x5 DW_TAG_formal_parameter
	.long	1580                            @ DW_AT_type
	.byte	0                               @ End Of Children Mark
	.byte	5                               @ Abbrev [5] 0x62c:0x5 DW_TAG_pointer_type
	.long	1131                            @ DW_AT_type
	.byte	5                               @ Abbrev [5] 0x631:0x5 DW_TAG_pointer_type
	.long	1590                            @ DW_AT_type
	.byte	6                               @ Abbrev [6] 0x636:0xc DW_TAG_typedef
	.long	1602                            @ DW_AT_type
	.long	.Linfo_string111                @ DW_AT_name
	.byte	6                               @ DW_AT_decl_file
	.short	636                             @ DW_AT_decl_line
	.byte	7                               @ Abbrev [7] 0x642:0x13 DW_TAG_structure_type
	.byte	4                               @ DW_AT_byte_size
	.byte	6                               @ DW_AT_decl_file
	.short	633                             @ DW_AT_decl_line
	.byte	8                               @ Abbrev [8] 0x647:0xd DW_TAG_member
	.long	.Linfo_string110                @ DW_AT_name
	.long	460                             @ DW_AT_type
	.byte	6                               @ DW_AT_decl_file
	.short	635                             @ DW_AT_decl_line
	.byte	0                               @ DW_AT_data_member_location
	.byte	0                               @ End Of Children Mark
	.byte	5                               @ Abbrev [5] 0x655:0x5 DW_TAG_pointer_type
	.long	1626                            @ DW_AT_type
	.byte	6                               @ Abbrev [6] 0x65a:0xc DW_TAG_typedef
	.long	1638                            @ DW_AT_type
	.long	.Linfo_string115                @ DW_AT_name
	.byte	6                               @ DW_AT_decl_file
	.short	642                             @ DW_AT_decl_line
	.byte	7                               @ Abbrev [7] 0x666:0x20 DW_TAG_structure_type
	.byte	8                               @ DW_AT_byte_size
	.byte	6                               @ DW_AT_decl_file
	.short	638                             @ DW_AT_decl_line
	.byte	8                               @ Abbrev [8] 0x66b:0xd DW_TAG_member
	.long	.Linfo_string113                @ DW_AT_name
	.long	460                             @ DW_AT_type
	.byte	6                               @ DW_AT_decl_file
	.short	640                             @ DW_AT_decl_line
	.byte	0                               @ DW_AT_data_member_location
	.byte	8                               @ Abbrev [8] 0x678:0xd DW_TAG_member
	.long	.Linfo_string114                @ DW_AT_name
	.long	460                             @ DW_AT_type
	.byte	6                               @ DW_AT_decl_file
	.short	641                             @ DW_AT_decl_line
	.byte	4                               @ DW_AT_data_member_location
	.byte	0                               @ End Of Children Mark
	.byte	5                               @ Abbrev [5] 0x686:0x5 DW_TAG_pointer_type
	.long	1675                            @ DW_AT_type
	.byte	6                               @ Abbrev [6] 0x68b:0xc DW_TAG_typedef
	.long	1687                            @ DW_AT_type
	.long	.Linfo_string119                @ DW_AT_name
	.byte	6                               @ DW_AT_decl_file
	.short	647                             @ DW_AT_decl_line
	.byte	7                               @ Abbrev [7] 0x697:0x13 DW_TAG_structure_type
	.byte	4                               @ DW_AT_byte_size
	.byte	6                               @ DW_AT_decl_file
	.short	644                             @ DW_AT_decl_line
	.byte	8                               @ Abbrev [8] 0x69c:0xd DW_TAG_member
	.long	.Linfo_string118                @ DW_AT_name
	.long	460                             @ DW_AT_type
	.byte	6                               @ DW_AT_decl_file
	.short	646                             @ DW_AT_decl_line
	.byte	0                               @ DW_AT_data_member_location
	.byte	0                               @ End Of Children Mark
	.byte	5                               @ Abbrev [5] 0x6aa:0x5 DW_TAG_pointer_type
	.long	1711                            @ DW_AT_type
	.byte	6                               @ Abbrev [6] 0x6af:0xc DW_TAG_typedef
	.long	1723                            @ DW_AT_type
	.long	.Linfo_string123                @ DW_AT_name
	.byte	6                               @ DW_AT_decl_file
	.short	653                             @ DW_AT_decl_line
	.byte	7                               @ Abbrev [7] 0x6bb:0x20 DW_TAG_structure_type
	.byte	8                               @ DW_AT_byte_size
	.byte	6                               @ DW_AT_decl_file
	.short	649                             @ DW_AT_decl_line
	.byte	8                               @ Abbrev [8] 0x6c0:0xd DW_TAG_member
	.long	.Linfo_string121                @ DW_AT_name
	.long	460                             @ DW_AT_type
	.byte	6                               @ DW_AT_decl_file
	.short	651                             @ DW_AT_decl_line
	.byte	0                               @ DW_AT_data_member_location
	.byte	8                               @ Abbrev [8] 0x6cd:0xd DW_TAG_member
	.long	.Linfo_string122                @ DW_AT_name
	.long	460                             @ DW_AT_type
	.byte	6                               @ DW_AT_decl_file
	.short	652                             @ DW_AT_decl_line
	.byte	4                               @ DW_AT_data_member_location
	.byte	0                               @ End Of Children Mark
	.byte	9                               @ Abbrev [9] 0x6db:0x5 DW_TAG_volatile_type
	.long	1760                            @ DW_AT_type
	.byte	10                              @ Abbrev [10] 0x6e0:0xb DW_TAG_typedef
	.long	138                             @ DW_AT_type
	.long	.Linfo_string128                @ DW_AT_name
	.byte	3                               @ DW_AT_decl_file
	.byte	145                             @ DW_AT_decl_line
	.byte	21                              @ Abbrev [21] 0x6eb:0x40 DW_TAG_subprogram
	.long	.Lfunc_begin0                   @ DW_AT_low_pc
	.long	.Lfunc_end0-.Lfunc_begin0       @ DW_AT_high_pc
	.byte	1                               @ DW_AT_frame_base
	.byte	93
	.long	.Linfo_string131                @ DW_AT_name
	.byte	7                               @ DW_AT_decl_file
	.byte	239                             @ DW_AT_decl_line
                                        @ DW_AT_prototyped
	.long	4668                            @ DW_AT_type
                                        @ DW_AT_external
	.byte	22                              @ Abbrev [22] 0x700:0xe DW_TAG_formal_parameter
	.byte	2                               @ DW_AT_location
	.byte	145
	.byte	16
	.long	.Linfo_string182                @ DW_AT_name
	.byte	7                               @ DW_AT_decl_file
	.byte	239                             @ DW_AT_decl_line
	.long	601                             @ DW_AT_type
	.byte	23                              @ Abbrev [23] 0x70e:0xe DW_TAG_variable
	.byte	2                               @ DW_AT_location
	.byte	145
	.byte	12
	.long	.Linfo_string183                @ DW_AT_name
	.byte	7                               @ DW_AT_decl_file
	.byte	241                             @ DW_AT_decl_line
	.long	465                             @ DW_AT_type
	.byte	23                              @ Abbrev [23] 0x71c:0xe DW_TAG_variable
	.byte	2                               @ DW_AT_location
	.byte	145
	.byte	8
	.long	.Linfo_string184                @ DW_AT_name
	.byte	7                               @ DW_AT_decl_file
	.byte	242                             @ DW_AT_decl_line
	.long	465                             @ DW_AT_type
	.byte	0                               @ End Of Children Mark
	.byte	24                              @ Abbrev [24] 0x72b:0x44 DW_TAG_subprogram
	.long	.Lfunc_begin1                   @ DW_AT_low_pc
	.long	.Lfunc_end1-.Lfunc_begin1       @ DW_AT_high_pc
	.byte	1                               @ DW_AT_frame_base
	.byte	93
	.long	.Linfo_string133                @ DW_AT_name
	.byte	7                               @ DW_AT_decl_file
	.short	4035                            @ DW_AT_decl_line
                                        @ DW_AT_prototyped
	.long	465                             @ DW_AT_type
	.byte	25                              @ Abbrev [25] 0x741:0xf DW_TAG_formal_parameter
	.byte	2                               @ DW_AT_location
	.byte	145
	.byte	8
	.long	.Linfo_string182                @ DW_AT_name
	.byte	7                               @ DW_AT_decl_file
	.short	4035                            @ DW_AT_decl_line
	.long	4679                            @ DW_AT_type
	.byte	26                              @ Abbrev [26] 0x750:0xf DW_TAG_variable
	.byte	2                               @ DW_AT_location
	.byte	145
	.byte	4
	.long	.Linfo_string185                @ DW_AT_name
	.byte	7                               @ DW_AT_decl_file
	.short	4037                            @ DW_AT_decl_line
	.long	465                             @ DW_AT_type
	.byte	26                              @ Abbrev [26] 0x75f:0xf DW_TAG_variable
	.byte	2                               @ DW_AT_location
	.byte	145
	.byte	0
	.long	.Linfo_string186                @ DW_AT_name
	.byte	7                               @ DW_AT_decl_file
	.short	4038                            @ DW_AT_decl_line
	.long	465                             @ DW_AT_type
	.byte	0                               @ End Of Children Mark
	.byte	27                              @ Abbrev [27] 0x76f:0x22 DW_TAG_subprogram
	.long	.Lfunc_begin2                   @ DW_AT_low_pc
	.long	.Lfunc_end2-.Lfunc_begin2       @ DW_AT_high_pc
	.byte	1                               @ DW_AT_frame_base
	.byte	93
	.long	.Linfo_string134                @ DW_AT_name
	.byte	7                               @ DW_AT_decl_file
	.short	533                             @ DW_AT_decl_line
                                        @ DW_AT_prototyped
                                        @ DW_AT_external
	.byte	25                              @ Abbrev [25] 0x781:0xf DW_TAG_formal_parameter
	.byte	2                               @ DW_AT_location
	.byte	145
	.byte	0
	.long	.Linfo_string182                @ DW_AT_name
	.byte	7                               @ DW_AT_decl_file
	.short	533                             @ DW_AT_decl_line
	.long	601                             @ DW_AT_type
	.byte	0                               @ End Of Children Mark
	.byte	28                              @ Abbrev [28] 0x791:0x26 DW_TAG_subprogram
	.long	.Lfunc_begin3                   @ DW_AT_low_pc
	.long	.Lfunc_end3-.Lfunc_begin3       @ DW_AT_high_pc
	.byte	1                               @ DW_AT_frame_base
	.byte	93
	.long	.Linfo_string135                @ DW_AT_name
	.byte	7                               @ DW_AT_decl_file
	.short	489                             @ DW_AT_decl_line
                                        @ DW_AT_prototyped
	.long	4668                            @ DW_AT_type
                                        @ DW_AT_external
	.byte	25                              @ Abbrev [25] 0x7a7:0xf DW_TAG_formal_parameter
	.byte	2                               @ DW_AT_location
	.byte	145
	.byte	0
	.long	.Linfo_string182                @ DW_AT_name
	.byte	7                               @ DW_AT_decl_file
	.short	489                             @ DW_AT_decl_line
	.long	601                             @ DW_AT_type
	.byte	0                               @ End Of Children Mark
	.byte	27                              @ Abbrev [27] 0x7b7:0x22 DW_TAG_subprogram
	.long	.Lfunc_begin4                   @ DW_AT_low_pc
	.long	.Lfunc_end4-.Lfunc_begin4       @ DW_AT_high_pc
	.byte	1                               @ DW_AT_frame_base
	.byte	93
	.long	.Linfo_string136                @ DW_AT_name
	.byte	7                               @ DW_AT_decl_file
	.short	549                             @ DW_AT_decl_line
                                        @ DW_AT_prototyped
                                        @ DW_AT_external
	.byte	25                              @ Abbrev [25] 0x7c9:0xf DW_TAG_formal_parameter
	.byte	2                               @ DW_AT_location
	.byte	145
	.byte	0
	.long	.Linfo_string182                @ DW_AT_name
	.byte	7                               @ DW_AT_decl_file
	.short	549                             @ DW_AT_decl_line
	.long	601                             @ DW_AT_type
	.byte	0                               @ End Of Children Mark
	.byte	28                              @ Abbrev [28] 0x7d9:0x71 DW_TAG_subprogram
	.long	.Lfunc_begin5                   @ DW_AT_low_pc
	.long	.Lfunc_end5-.Lfunc_begin5       @ DW_AT_high_pc
	.byte	1                               @ DW_AT_frame_base
	.byte	93
	.long	.Linfo_string137                @ DW_AT_name
	.byte	7                               @ DW_AT_decl_file
	.short	824                             @ DW_AT_decl_line
                                        @ DW_AT_prototyped
	.long	4668                            @ DW_AT_type
                                        @ DW_AT_external
	.byte	25                              @ Abbrev [25] 0x7ef:0xf DW_TAG_formal_parameter
	.byte	2                               @ DW_AT_location
	.byte	145
	.byte	24
	.long	.Linfo_string182                @ DW_AT_name
	.byte	7                               @ DW_AT_decl_file
	.short	824                             @ DW_AT_decl_line
	.long	601                             @ DW_AT_type
	.byte	25                              @ Abbrev [25] 0x7fe:0xf DW_TAG_formal_parameter
	.byte	2                               @ DW_AT_location
	.byte	145
	.byte	20
	.long	.Linfo_string187                @ DW_AT_name
	.byte	7                               @ DW_AT_decl_file
	.short	824                             @ DW_AT_decl_line
	.long	530                             @ DW_AT_type
	.byte	25                              @ Abbrev [25] 0x80d:0xf DW_TAG_formal_parameter
	.byte	2                               @ DW_AT_location
	.byte	145
	.byte	18
	.long	.Linfo_string188                @ DW_AT_name
	.byte	7                               @ DW_AT_decl_file
	.short	824                             @ DW_AT_decl_line
	.long	512                             @ DW_AT_type
	.byte	25                              @ Abbrev [25] 0x81c:0xf DW_TAG_formal_parameter
	.byte	2                               @ DW_AT_location
	.byte	145
	.byte	12
	.long	.Linfo_string189                @ DW_AT_name
	.byte	7                               @ DW_AT_decl_file
	.short	824                             @ DW_AT_decl_line
	.long	465                             @ DW_AT_type
	.byte	26                              @ Abbrev [26] 0x82b:0xf DW_TAG_variable
	.byte	2                               @ DW_AT_location
	.byte	145
	.byte	8
	.long	.Linfo_string190                @ DW_AT_name
	.byte	7                               @ DW_AT_decl_file
	.short	827                             @ DW_AT_decl_line
	.long	502                             @ DW_AT_type
	.byte	26                              @ Abbrev [26] 0x83a:0xf DW_TAG_variable
	.byte	2                               @ DW_AT_location
	.byte	145
	.byte	4
	.long	.Linfo_string191                @ DW_AT_name
	.byte	7                               @ DW_AT_decl_file
	.short	830                             @ DW_AT_decl_line
	.long	465                             @ DW_AT_type
	.byte	0                               @ End Of Children Mark
	.byte	29                              @ Abbrev [29] 0x84a:0x31 DW_TAG_subprogram
	.long	.Lfunc_begin6                   @ DW_AT_low_pc
	.long	.Lfunc_end6-.Lfunc_begin6       @ DW_AT_high_pc
	.byte	1                               @ DW_AT_frame_base
	.byte	93
	.long	.Linfo_string138                @ DW_AT_name
	.byte	7                               @ DW_AT_decl_file
	.short	3937                            @ DW_AT_decl_line
                                        @ DW_AT_prototyped
	.byte	25                              @ Abbrev [25] 0x85c:0xf DW_TAG_formal_parameter
	.byte	2                               @ DW_AT_location
	.byte	145
	.byte	4
	.long	.Linfo_string182                @ DW_AT_name
	.byte	7                               @ DW_AT_decl_file
	.short	3937                            @ DW_AT_decl_line
	.long	601                             @ DW_AT_type
	.byte	26                              @ Abbrev [26] 0x86b:0xf DW_TAG_variable
	.byte	2                               @ DW_AT_location
	.byte	145
	.byte	0
	.long	.Linfo_string192                @ DW_AT_name
	.byte	7                               @ DW_AT_decl_file
	.short	3939                            @ DW_AT_decl_line
	.long	465                             @ DW_AT_type
	.byte	0                               @ End Of Children Mark
	.byte	24                              @ Abbrev [24] 0x87b:0x62 DW_TAG_subprogram
	.long	.Lfunc_begin7                   @ DW_AT_low_pc
	.long	.Lfunc_end7-.Lfunc_begin7       @ DW_AT_high_pc
	.byte	1                               @ DW_AT_frame_base
	.byte	93
	.long	.Linfo_string139                @ DW_AT_name
	.byte	7                               @ DW_AT_decl_file
	.short	4014                            @ DW_AT_decl_line
                                        @ DW_AT_prototyped
	.long	4668                            @ DW_AT_type
	.byte	25                              @ Abbrev [25] 0x891:0xf DW_TAG_formal_parameter
	.byte	2                               @ DW_AT_location
	.byte	145
	.byte	16
	.long	.Linfo_string182                @ DW_AT_name
	.byte	7                               @ DW_AT_decl_file
	.short	4014                            @ DW_AT_decl_line
	.long	4679                            @ DW_AT_type
	.byte	25                              @ Abbrev [25] 0x8a0:0xf DW_TAG_formal_parameter
	.byte	2                               @ DW_AT_location
	.byte	145
	.byte	12
	.long	.Linfo_string193                @ DW_AT_name
	.byte	7                               @ DW_AT_decl_file
	.short	4014                            @ DW_AT_decl_line
	.long	465                             @ DW_AT_type
	.byte	25                              @ Abbrev [25] 0x8af:0xf DW_TAG_formal_parameter
	.byte	2                               @ DW_AT_location
	.byte	145
	.byte	11
	.long	.Linfo_string194                @ DW_AT_name
	.byte	7                               @ DW_AT_decl_file
	.short	4014                            @ DW_AT_decl_line
	.long	4689                            @ DW_AT_type
	.byte	25                              @ Abbrev [25] 0x8be:0xf DW_TAG_formal_parameter
	.byte	2                               @ DW_AT_location
	.byte	145
	.byte	4
	.long	.Linfo_string189                @ DW_AT_name
	.byte	7                               @ DW_AT_decl_file
	.short	4015                            @ DW_AT_decl_line
	.long	465                             @ DW_AT_type
	.byte	25                              @ Abbrev [25] 0x8cd:0xf DW_TAG_formal_parameter
	.byte	2                               @ DW_AT_location
	.byte	145
	.byte	32
	.long	.Linfo_string196                @ DW_AT_name
	.byte	7                               @ DW_AT_decl_file
	.short	4015                            @ DW_AT_decl_line
	.long	465                             @ DW_AT_type
	.byte	0                               @ End Of Children Mark
	.byte	28                              @ Abbrev [28] 0x8dd:0x8f DW_TAG_subprogram
	.long	.Lfunc_begin8                   @ DW_AT_low_pc
	.long	.Lfunc_end8-.Lfunc_begin8       @ DW_AT_high_pc
	.byte	1                               @ DW_AT_frame_base
	.byte	93
	.long	.Linfo_string140                @ DW_AT_name
	.byte	7                               @ DW_AT_decl_file
	.short	1048                            @ DW_AT_decl_line
                                        @ DW_AT_prototyped
	.long	4668                            @ DW_AT_type
                                        @ DW_AT_external
	.byte	25                              @ Abbrev [25] 0x8f3:0xf DW_TAG_formal_parameter
	.byte	2                               @ DW_AT_location
	.byte	145
	.byte	32
	.long	.Linfo_string182                @ DW_AT_name
	.byte	7                               @ DW_AT_decl_file
	.short	1048                            @ DW_AT_decl_line
	.long	601                             @ DW_AT_type
	.byte	25                              @ Abbrev [25] 0x902:0xf DW_TAG_formal_parameter
	.byte	2                               @ DW_AT_location
	.byte	145
	.byte	28
	.long	.Linfo_string187                @ DW_AT_name
	.byte	7                               @ DW_AT_decl_file
	.short	1048                            @ DW_AT_decl_line
	.long	586                             @ DW_AT_type
	.byte	25                              @ Abbrev [25] 0x911:0xf DW_TAG_formal_parameter
	.byte	2                               @ DW_AT_location
	.byte	145
	.byte	26
	.long	.Linfo_string188                @ DW_AT_name
	.byte	7                               @ DW_AT_decl_file
	.short	1048                            @ DW_AT_decl_line
	.long	512                             @ DW_AT_type
	.byte	25                              @ Abbrev [25] 0x920:0xf DW_TAG_formal_parameter
	.byte	2                               @ DW_AT_location
	.byte	145
	.byte	20
	.long	.Linfo_string189                @ DW_AT_name
	.byte	7                               @ DW_AT_decl_file
	.short	1048                            @ DW_AT_decl_line
	.long	465                             @ DW_AT_type
	.byte	26                              @ Abbrev [26] 0x92f:0xf DW_TAG_variable
	.byte	2                               @ DW_AT_location
	.byte	145
	.byte	16
	.long	.Linfo_string191                @ DW_AT_name
	.byte	7                               @ DW_AT_decl_file
	.short	1050                            @ DW_AT_decl_line
	.long	465                             @ DW_AT_type
	.byte	26                              @ Abbrev [26] 0x93e:0xf DW_TAG_variable
	.byte	2                               @ DW_AT_location
	.byte	145
	.byte	12
	.long	.Linfo_string197                @ DW_AT_name
	.byte	7                               @ DW_AT_decl_file
	.short	1051                            @ DW_AT_decl_line
	.long	465                             @ DW_AT_type
	.byte	26                              @ Abbrev [26] 0x94d:0xf DW_TAG_variable
	.byte	2                               @ DW_AT_location
	.byte	145
	.byte	10
	.long	.Linfo_string198                @ DW_AT_name
	.byte	7                               @ DW_AT_decl_file
	.short	1052                            @ DW_AT_decl_line
	.long	512                             @ DW_AT_type
	.byte	26                              @ Abbrev [26] 0x95c:0xf DW_TAG_variable
	.byte	2                               @ DW_AT_location
	.byte	145
	.byte	4
	.long	.Linfo_string199                @ DW_AT_name
	.byte	7                               @ DW_AT_decl_file
	.short	1055                            @ DW_AT_decl_line
	.long	502                             @ DW_AT_type
	.byte	0                               @ End Of Children Mark
	.byte	28                              @ Abbrev [28] 0x96c:0xdb DW_TAG_subprogram
	.long	.Lfunc_begin9                   @ DW_AT_low_pc
	.long	.Lfunc_end9-.Lfunc_begin9       @ DW_AT_high_pc
	.byte	1                               @ DW_AT_frame_base
	.byte	93
	.long	.Linfo_string141                @ DW_AT_name
	.byte	7                               @ DW_AT_decl_file
	.short	1345                            @ DW_AT_decl_line
                                        @ DW_AT_prototyped
	.long	4668                            @ DW_AT_type
                                        @ DW_AT_external
	.byte	25                              @ Abbrev [25] 0x982:0xf DW_TAG_formal_parameter
	.byte	2                               @ DW_AT_location
	.byte	145
	.byte	56
	.long	.Linfo_string182                @ DW_AT_name
	.byte	7                               @ DW_AT_decl_file
	.short	1345                            @ DW_AT_decl_line
	.long	601                             @ DW_AT_type
	.byte	25                              @ Abbrev [25] 0x991:0xf DW_TAG_formal_parameter
	.byte	2                               @ DW_AT_location
	.byte	145
	.byte	52
	.long	.Linfo_string200                @ DW_AT_name
	.byte	7                               @ DW_AT_decl_file
	.short	1345                            @ DW_AT_decl_line
	.long	530                             @ DW_AT_type
	.byte	25                              @ Abbrev [25] 0x9a0:0xf DW_TAG_formal_parameter
	.byte	2                               @ DW_AT_location
	.byte	145
	.byte	48
	.long	.Linfo_string201                @ DW_AT_name
	.byte	7                               @ DW_AT_decl_file
	.short	1345                            @ DW_AT_decl_line
	.long	586                             @ DW_AT_type
	.byte	25                              @ Abbrev [25] 0x9af:0xf DW_TAG_formal_parameter
	.byte	2                               @ DW_AT_location
	.byte	145
	.byte	46
	.long	.Linfo_string188                @ DW_AT_name
	.byte	7                               @ DW_AT_decl_file
	.short	1346                            @ DW_AT_decl_line
	.long	512                             @ DW_AT_type
	.byte	25                              @ Abbrev [25] 0x9be:0x10 DW_TAG_formal_parameter
	.byte	3                               @ DW_AT_location
	.byte	145
	.asciz	"\310"
	.long	.Linfo_string189                @ DW_AT_name
	.byte	7                               @ DW_AT_decl_file
	.short	1346                            @ DW_AT_decl_line
	.long	465                             @ DW_AT_type
	.byte	26                              @ Abbrev [26] 0x9ce:0xf DW_TAG_variable
	.byte	2                               @ DW_AT_location
	.byte	145
	.byte	40
	.long	.Linfo_string190                @ DW_AT_name
	.byte	7                               @ DW_AT_decl_file
	.short	1349                            @ DW_AT_decl_line
	.long	502                             @ DW_AT_type
	.byte	26                              @ Abbrev [26] 0x9dd:0xf DW_TAG_variable
	.byte	2                               @ DW_AT_location
	.byte	145
	.byte	36
	.long	.Linfo_string199                @ DW_AT_name
	.byte	7                               @ DW_AT_decl_file
	.short	1350                            @ DW_AT_decl_line
	.long	502                             @ DW_AT_type
	.byte	26                              @ Abbrev [26] 0x9ec:0xf DW_TAG_variable
	.byte	2                               @ DW_AT_location
	.byte	145
	.byte	32
	.long	.Linfo_string191                @ DW_AT_name
	.byte	7                               @ DW_AT_decl_file
	.short	1353                            @ DW_AT_decl_line
	.long	465                             @ DW_AT_type
	.byte	26                              @ Abbrev [26] 0x9fb:0xf DW_TAG_variable
	.byte	2                               @ DW_AT_location
	.byte	145
	.byte	28
	.long	.Linfo_string202                @ DW_AT_name
	.byte	7                               @ DW_AT_decl_file
	.short	1354                            @ DW_AT_decl_line
	.long	465                             @ DW_AT_type
	.byte	26                              @ Abbrev [26] 0xa0a:0xf DW_TAG_variable
	.byte	2                               @ DW_AT_location
	.byte	145
	.byte	24
	.long	.Linfo_string197                @ DW_AT_name
	.byte	7                               @ DW_AT_decl_file
	.short	1355                            @ DW_AT_decl_line
	.long	465                             @ DW_AT_type
	.byte	26                              @ Abbrev [26] 0xa19:0xf DW_TAG_variable
	.byte	2                               @ DW_AT_location
	.byte	145
	.byte	22
	.long	.Linfo_string203                @ DW_AT_name
	.byte	7                               @ DW_AT_decl_file
	.short	1356                            @ DW_AT_decl_line
	.long	512                             @ DW_AT_type
	.byte	26                              @ Abbrev [26] 0xa28:0xf DW_TAG_variable
	.byte	2                               @ DW_AT_location
	.byte	145
	.byte	20
	.long	.Linfo_string204                @ DW_AT_name
	.byte	7                               @ DW_AT_decl_file
	.short	1357                            @ DW_AT_decl_line
	.long	512                             @ DW_AT_type
	.byte	26                              @ Abbrev [26] 0xa37:0xf DW_TAG_variable
	.byte	2                               @ DW_AT_location
	.byte	145
	.byte	18
	.long	.Linfo_string198                @ DW_AT_name
	.byte	7                               @ DW_AT_decl_file
	.short	1358                            @ DW_AT_decl_line
	.long	512                             @ DW_AT_type
	.byte	0                               @ End Of Children Mark
	.byte	28                              @ Abbrev [28] 0xa47:0x44 DW_TAG_subprogram
	.long	.Lfunc_begin10                  @ DW_AT_low_pc
	.long	.Lfunc_end10-.Lfunc_begin10     @ DW_AT_high_pc
	.byte	1                               @ DW_AT_frame_base
	.byte	93
	.long	.Linfo_string142                @ DW_AT_name
	.byte	7                               @ DW_AT_decl_file
	.short	1672                            @ DW_AT_decl_line
                                        @ DW_AT_prototyped
	.long	4668                            @ DW_AT_type
                                        @ DW_AT_external
	.byte	25                              @ Abbrev [25] 0xa5d:0xf DW_TAG_formal_parameter
	.byte	2                               @ DW_AT_location
	.byte	145
	.byte	8
	.long	.Linfo_string182                @ DW_AT_name
	.byte	7                               @ DW_AT_decl_file
	.short	1672                            @ DW_AT_decl_line
	.long	601                             @ DW_AT_type
	.byte	25                              @ Abbrev [25] 0xa6c:0xf DW_TAG_formal_parameter
	.byte	2                               @ DW_AT_location
	.byte	145
	.byte	4
	.long	.Linfo_string187                @ DW_AT_name
	.byte	7                               @ DW_AT_decl_file
	.short	1672                            @ DW_AT_decl_line
	.long	530                             @ DW_AT_type
	.byte	25                              @ Abbrev [25] 0xa7b:0xf DW_TAG_formal_parameter
	.byte	2                               @ DW_AT_location
	.byte	145
	.byte	2
	.long	.Linfo_string188                @ DW_AT_name
	.byte	7                               @ DW_AT_decl_file
	.short	1672                            @ DW_AT_decl_line
	.long	512                             @ DW_AT_type
	.byte	0                               @ End Of Children Mark
	.byte	29                              @ Abbrev [29] 0xa8b:0x22 DW_TAG_subprogram
	.long	.Lfunc_begin11                  @ DW_AT_low_pc
	.long	.Lfunc_end11-.Lfunc_begin11     @ DW_AT_high_pc
	.byte	1                               @ DW_AT_frame_base
	.byte	93
	.long	.Linfo_string143                @ DW_AT_name
	.byte	7                               @ DW_AT_decl_file
	.short	3854                            @ DW_AT_decl_line
                                        @ DW_AT_prototyped
	.byte	25                              @ Abbrev [25] 0xa9d:0xf DW_TAG_formal_parameter
	.byte	2                               @ DW_AT_location
	.byte	145
	.byte	0
	.long	.Linfo_string182                @ DW_AT_name
	.byte	7                               @ DW_AT_decl_file
	.short	3854                            @ DW_AT_decl_line
	.long	601                             @ DW_AT_type
	.byte	0                               @ End Of Children Mark
	.byte	29                              @ Abbrev [29] 0xaad:0x3b DW_TAG_subprogram
	.long	.Lfunc_begin12                  @ DW_AT_low_pc
	.long	.Lfunc_end12-.Lfunc_begin12     @ DW_AT_high_pc
	.byte	1                               @ DW_AT_frame_base
	.byte	93
	.long	.Linfo_string144                @ DW_AT_name
	.byte	7                               @ DW_AT_decl_file
	.short	3804                            @ DW_AT_decl_line
                                        @ DW_AT_prototyped
	.byte	25                              @ Abbrev [25] 0xabf:0xf DW_TAG_formal_parameter
	.byte	2                               @ DW_AT_location
	.byte	145
	.byte	4
	.long	.Linfo_string182                @ DW_AT_name
	.byte	7                               @ DW_AT_decl_file
	.short	3804                            @ DW_AT_decl_line
	.long	601                             @ DW_AT_type
	.byte	30                              @ Abbrev [30] 0xace:0x19 DW_TAG_lexical_block
	.long	.Ltmp397                        @ DW_AT_low_pc
	.long	.Ltmp398-.Ltmp397               @ DW_AT_high_pc
	.byte	26                              @ Abbrev [26] 0xad7:0xf DW_TAG_variable
	.byte	2                               @ DW_AT_location
	.byte	145
	.byte	0
	.long	.Linfo_string190                @ DW_AT_name
	.byte	7                               @ DW_AT_decl_file
	.short	3810                            @ DW_AT_decl_line
	.long	502                             @ DW_AT_type
	.byte	0                               @ End Of Children Mark
	.byte	0                               @ End Of Children Mark
	.byte	29                              @ Abbrev [29] 0xae8:0x22 DW_TAG_subprogram
	.long	.Lfunc_begin13                  @ DW_AT_low_pc
	.long	.Lfunc_end13-.Lfunc_begin13     @ DW_AT_high_pc
	.byte	1                               @ DW_AT_frame_base
	.byte	93
	.long	.Linfo_string145                @ DW_AT_name
	.byte	7                               @ DW_AT_decl_file
	.short	3760                            @ DW_AT_decl_line
                                        @ DW_AT_prototyped
	.byte	25                              @ Abbrev [25] 0xafa:0xf DW_TAG_formal_parameter
	.byte	2                               @ DW_AT_location
	.byte	145
	.byte	0
	.long	.Linfo_string182                @ DW_AT_name
	.byte	7                               @ DW_AT_decl_file
	.short	3760                            @ DW_AT_decl_line
	.long	601                             @ DW_AT_type
	.byte	0                               @ End Of Children Mark
	.byte	28                              @ Abbrev [28] 0xb0a:0x44 DW_TAG_subprogram
	.long	.Lfunc_begin14                  @ DW_AT_low_pc
	.long	.Lfunc_end14-.Lfunc_begin14     @ DW_AT_high_pc
	.byte	1                               @ DW_AT_frame_base
	.byte	93
	.long	.Linfo_string146                @ DW_AT_name
	.byte	7                               @ DW_AT_decl_file
	.short	1762                            @ DW_AT_decl_line
                                        @ DW_AT_prototyped
	.long	4668                            @ DW_AT_type
                                        @ DW_AT_external
	.byte	25                              @ Abbrev [25] 0xb20:0xf DW_TAG_formal_parameter
	.byte	2                               @ DW_AT_location
	.byte	145
	.byte	8
	.long	.Linfo_string182                @ DW_AT_name
	.byte	7                               @ DW_AT_decl_file
	.short	1762                            @ DW_AT_decl_line
	.long	601                             @ DW_AT_type
	.byte	25                              @ Abbrev [25] 0xb2f:0xf DW_TAG_formal_parameter
	.byte	2                               @ DW_AT_location
	.byte	145
	.byte	4
	.long	.Linfo_string187                @ DW_AT_name
	.byte	7                               @ DW_AT_decl_file
	.short	1762                            @ DW_AT_decl_line
	.long	586                             @ DW_AT_type
	.byte	25                              @ Abbrev [25] 0xb3e:0xf DW_TAG_formal_parameter
	.byte	2                               @ DW_AT_location
	.byte	145
	.byte	2
	.long	.Linfo_string188                @ DW_AT_name
	.byte	7                               @ DW_AT_decl_file
	.short	1762                            @ DW_AT_decl_line
	.long	512                             @ DW_AT_type
	.byte	0                               @ End Of Children Mark
	.byte	29                              @ Abbrev [29] 0xb4e:0x22 DW_TAG_subprogram
	.long	.Lfunc_begin15                  @ DW_AT_low_pc
	.long	.Lfunc_end15-.Lfunc_begin15     @ DW_AT_high_pc
	.byte	1                               @ DW_AT_frame_base
	.byte	93
	.long	.Linfo_string147                @ DW_AT_name
	.byte	7                               @ DW_AT_decl_file
	.short	3722                            @ DW_AT_decl_line
                                        @ DW_AT_prototyped
	.byte	25                              @ Abbrev [25] 0xb60:0xf DW_TAG_formal_parameter
	.byte	2                               @ DW_AT_location
	.byte	145
	.byte	0
	.long	.Linfo_string182                @ DW_AT_name
	.byte	7                               @ DW_AT_decl_file
	.short	3722                            @ DW_AT_decl_line
	.long	601                             @ DW_AT_type
	.byte	0                               @ End Of Children Mark
	.byte	29                              @ Abbrev [29] 0xb70:0x31 DW_TAG_subprogram
	.long	.Lfunc_begin16                  @ DW_AT_low_pc
	.long	.Lfunc_end16-.Lfunc_begin16     @ DW_AT_high_pc
	.byte	1                               @ DW_AT_frame_base
	.byte	93
	.long	.Linfo_string148                @ DW_AT_name
	.byte	7                               @ DW_AT_decl_file
	.short	3678                            @ DW_AT_decl_line
                                        @ DW_AT_prototyped
	.byte	25                              @ Abbrev [25] 0xb82:0xf DW_TAG_formal_parameter
	.byte	2                               @ DW_AT_location
	.byte	145
	.byte	4
	.long	.Linfo_string182                @ DW_AT_name
	.byte	7                               @ DW_AT_decl_file
	.short	3678                            @ DW_AT_decl_line
	.long	601                             @ DW_AT_type
	.byte	26                              @ Abbrev [26] 0xb91:0xf DW_TAG_variable
	.byte	2                               @ DW_AT_location
	.byte	145
	.byte	0
	.long	.Linfo_string199                @ DW_AT_name
	.byte	7                               @ DW_AT_decl_file
	.short	3682                            @ DW_AT_decl_line
	.long	502                             @ DW_AT_type
	.byte	0                               @ End Of Children Mark
	.byte	29                              @ Abbrev [29] 0xba1:0x22 DW_TAG_subprogram
	.long	.Lfunc_begin17                  @ DW_AT_low_pc
	.long	.Lfunc_end17-.Lfunc_begin17     @ DW_AT_high_pc
	.byte	1                               @ DW_AT_frame_base
	.byte	93
	.long	.Linfo_string149                @ DW_AT_name
	.byte	7                               @ DW_AT_decl_file
	.short	3640                            @ DW_AT_decl_line
                                        @ DW_AT_prototyped
	.byte	25                              @ Abbrev [25] 0xbb3:0xf DW_TAG_formal_parameter
	.byte	2                               @ DW_AT_location
	.byte	145
	.byte	0
	.long	.Linfo_string182                @ DW_AT_name
	.byte	7                               @ DW_AT_decl_file
	.short	3640                            @ DW_AT_decl_line
	.long	601                             @ DW_AT_type
	.byte	0                               @ End Of Children Mark
	.byte	28                              @ Abbrev [28] 0xbc3:0x71 DW_TAG_subprogram
	.long	.Lfunc_begin18                  @ DW_AT_low_pc
	.long	.Lfunc_end18-.Lfunc_begin18     @ DW_AT_high_pc
	.byte	1                               @ DW_AT_frame_base
	.byte	93
	.long	.Linfo_string150                @ DW_AT_name
	.byte	7                               @ DW_AT_decl_file
	.short	1857                            @ DW_AT_decl_line
                                        @ DW_AT_prototyped
	.long	4668                            @ DW_AT_type
                                        @ DW_AT_external
	.byte	25                              @ Abbrev [25] 0xbd9:0xf DW_TAG_formal_parameter
	.byte	2                               @ DW_AT_location
	.byte	145
	.byte	24
	.long	.Linfo_string182                @ DW_AT_name
	.byte	7                               @ DW_AT_decl_file
	.short	1857                            @ DW_AT_decl_line
	.long	601                             @ DW_AT_type
	.byte	25                              @ Abbrev [25] 0xbe8:0xf DW_TAG_formal_parameter
	.byte	2                               @ DW_AT_location
	.byte	145
	.byte	20
	.long	.Linfo_string200                @ DW_AT_name
	.byte	7                               @ DW_AT_decl_file
	.short	1857                            @ DW_AT_decl_line
	.long	530                             @ DW_AT_type
	.byte	25                              @ Abbrev [25] 0xbf7:0xf DW_TAG_formal_parameter
	.byte	2                               @ DW_AT_location
	.byte	145
	.byte	16
	.long	.Linfo_string201                @ DW_AT_name
	.byte	7                               @ DW_AT_decl_file
	.short	1857                            @ DW_AT_decl_line
	.long	586                             @ DW_AT_type
	.byte	25                              @ Abbrev [25] 0xc06:0xf DW_TAG_formal_parameter
	.byte	2                               @ DW_AT_location
	.byte	145
	.byte	14
	.long	.Linfo_string188                @ DW_AT_name
	.byte	7                               @ DW_AT_decl_file
	.short	1858                            @ DW_AT_decl_line
	.long	512                             @ DW_AT_type
	.byte	26                              @ Abbrev [26] 0xc15:0xf DW_TAG_variable
	.byte	2                               @ DW_AT_location
	.byte	145
	.byte	8
	.long	.Linfo_string205                @ DW_AT_name
	.byte	7                               @ DW_AT_decl_file
	.short	1860                            @ DW_AT_decl_line
	.long	465                             @ DW_AT_type
	.byte	26                              @ Abbrev [26] 0xc24:0xf DW_TAG_variable
	.byte	2                               @ DW_AT_location
	.byte	145
	.byte	4
	.long	.Linfo_string190                @ DW_AT_name
	.byte	7                               @ DW_AT_decl_file
	.short	1862                            @ DW_AT_decl_line
	.long	502                             @ DW_AT_type
	.byte	0                               @ End Of Children Mark
	.byte	28                              @ Abbrev [28] 0xc34:0x44 DW_TAG_subprogram
	.long	.Lfunc_begin19                  @ DW_AT_low_pc
	.long	.Lfunc_end19-.Lfunc_begin19     @ DW_AT_high_pc
	.byte	1                               @ DW_AT_frame_base
	.byte	93
	.long	.Linfo_string151                @ DW_AT_name
	.byte	7                               @ DW_AT_decl_file
	.short	2113                            @ DW_AT_decl_line
                                        @ DW_AT_prototyped
	.long	4668                            @ DW_AT_type
                                        @ DW_AT_external
	.byte	25                              @ Abbrev [25] 0xc4a:0xf DW_TAG_formal_parameter
	.byte	2                               @ DW_AT_location
	.byte	145
	.byte	8
	.long	.Linfo_string182                @ DW_AT_name
	.byte	7                               @ DW_AT_decl_file
	.short	2113                            @ DW_AT_decl_line
	.long	601                             @ DW_AT_type
	.byte	25                              @ Abbrev [25] 0xc59:0xf DW_TAG_formal_parameter
	.byte	2                               @ DW_AT_location
	.byte	145
	.byte	4
	.long	.Linfo_string187                @ DW_AT_name
	.byte	7                               @ DW_AT_decl_file
	.short	2113                            @ DW_AT_decl_line
	.long	530                             @ DW_AT_type
	.byte	25                              @ Abbrev [25] 0xc68:0xf DW_TAG_formal_parameter
	.byte	2                               @ DW_AT_location
	.byte	145
	.byte	2
	.long	.Linfo_string188                @ DW_AT_name
	.byte	7                               @ DW_AT_decl_file
	.short	2113                            @ DW_AT_decl_line
	.long	512                             @ DW_AT_type
	.byte	0                               @ End Of Children Mark
	.byte	29                              @ Abbrev [29] 0xc78:0x31 DW_TAG_subprogram
	.long	.Lfunc_begin20                  @ DW_AT_low_pc
	.long	.Lfunc_end20-.Lfunc_begin20     @ DW_AT_high_pc
	.byte	1                               @ DW_AT_frame_base
	.byte	93
	.long	.Linfo_string152                @ DW_AT_name
	.byte	7                               @ DW_AT_decl_file
	.short	3464                            @ DW_AT_decl_line
                                        @ DW_AT_prototyped
	.byte	25                              @ Abbrev [25] 0xc8a:0xf DW_TAG_formal_parameter
	.byte	2                               @ DW_AT_location
	.byte	145
	.byte	4
	.long	.Linfo_string206                @ DW_AT_name
	.byte	7                               @ DW_AT_decl_file
	.short	3464                            @ DW_AT_decl_line
	.long	1115                            @ DW_AT_type
	.byte	26                              @ Abbrev [26] 0xc99:0xf DW_TAG_variable
	.byte	2                               @ DW_AT_location
	.byte	145
	.byte	0
	.long	.Linfo_string182                @ DW_AT_name
	.byte	7                               @ DW_AT_decl_file
	.short	3466                            @ DW_AT_decl_line
	.long	601                             @ DW_AT_type
	.byte	0                               @ End Of Children Mark
	.byte	29                              @ Abbrev [29] 0xca9:0x31 DW_TAG_subprogram
	.long	.Lfunc_begin21                  @ DW_AT_low_pc
	.long	.Lfunc_end21-.Lfunc_begin21     @ DW_AT_high_pc
	.byte	1                               @ DW_AT_frame_base
	.byte	93
	.long	.Linfo_string153                @ DW_AT_name
	.byte	7                               @ DW_AT_decl_file
	.short	3380                            @ DW_AT_decl_line
                                        @ DW_AT_prototyped
	.byte	25                              @ Abbrev [25] 0xcbb:0xf DW_TAG_formal_parameter
	.byte	2                               @ DW_AT_location
	.byte	145
	.byte	4
	.long	.Linfo_string206                @ DW_AT_name
	.byte	7                               @ DW_AT_decl_file
	.short	3380                            @ DW_AT_decl_line
	.long	1115                            @ DW_AT_type
	.byte	26                              @ Abbrev [26] 0xcca:0xf DW_TAG_variable
	.byte	2                               @ DW_AT_location
	.byte	145
	.byte	0
	.long	.Linfo_string182                @ DW_AT_name
	.byte	7                               @ DW_AT_decl_file
	.short	3382                            @ DW_AT_decl_line
	.long	601                             @ DW_AT_type
	.byte	0                               @ End Of Children Mark
	.byte	29                              @ Abbrev [29] 0xcda:0x31 DW_TAG_subprogram
	.long	.Lfunc_begin22                  @ DW_AT_low_pc
	.long	.Lfunc_end22-.Lfunc_begin22     @ DW_AT_high_pc
	.byte	1                               @ DW_AT_frame_base
	.byte	93
	.long	.Linfo_string154                @ DW_AT_name
	.byte	7                               @ DW_AT_decl_file
	.short	3518                            @ DW_AT_decl_line
                                        @ DW_AT_prototyped
	.byte	25                              @ Abbrev [25] 0xcec:0xf DW_TAG_formal_parameter
	.byte	2                               @ DW_AT_location
	.byte	145
	.byte	4
	.long	.Linfo_string206                @ DW_AT_name
	.byte	7                               @ DW_AT_decl_file
	.short	3518                            @ DW_AT_decl_line
	.long	1115                            @ DW_AT_type
	.byte	26                              @ Abbrev [26] 0xcfb:0xf DW_TAG_variable
	.byte	2                               @ DW_AT_location
	.byte	145
	.byte	0
	.long	.Linfo_string182                @ DW_AT_name
	.byte	7                               @ DW_AT_decl_file
	.short	3520                            @ DW_AT_decl_line
	.long	601                             @ DW_AT_type
	.byte	0                               @ End Of Children Mark
	.byte	28                              @ Abbrev [28] 0xd0b:0x44 DW_TAG_subprogram
	.long	.Lfunc_begin23                  @ DW_AT_low_pc
	.long	.Lfunc_end23-.Lfunc_begin23     @ DW_AT_high_pc
	.byte	1                               @ DW_AT_frame_base
	.byte	93
	.long	.Linfo_string155                @ DW_AT_name
	.byte	7                               @ DW_AT_decl_file
	.short	2259                            @ DW_AT_decl_line
                                        @ DW_AT_prototyped
	.long	4668                            @ DW_AT_type
                                        @ DW_AT_external
	.byte	25                              @ Abbrev [25] 0xd21:0xf DW_TAG_formal_parameter
	.byte	2                               @ DW_AT_location
	.byte	145
	.byte	8
	.long	.Linfo_string182                @ DW_AT_name
	.byte	7                               @ DW_AT_decl_file
	.short	2259                            @ DW_AT_decl_line
	.long	601                             @ DW_AT_type
	.byte	25                              @ Abbrev [25] 0xd30:0xf DW_TAG_formal_parameter
	.byte	2                               @ DW_AT_location
	.byte	145
	.byte	4
	.long	.Linfo_string187                @ DW_AT_name
	.byte	7                               @ DW_AT_decl_file
	.short	2259                            @ DW_AT_decl_line
	.long	586                             @ DW_AT_type
	.byte	25                              @ Abbrev [25] 0xd3f:0xf DW_TAG_formal_parameter
	.byte	2                               @ DW_AT_location
	.byte	145
	.byte	2
	.long	.Linfo_string188                @ DW_AT_name
	.byte	7                               @ DW_AT_decl_file
	.short	2259                            @ DW_AT_decl_line
	.long	512                             @ DW_AT_type
	.byte	0                               @ End Of Children Mark
	.byte	29                              @ Abbrev [29] 0xd4f:0x31 DW_TAG_subprogram
	.long	.Lfunc_begin24                  @ DW_AT_low_pc
	.long	.Lfunc_end24-.Lfunc_begin24     @ DW_AT_high_pc
	.byte	1                               @ DW_AT_frame_base
	.byte	93
	.long	.Linfo_string156                @ DW_AT_name
	.byte	7                               @ DW_AT_decl_file
	.short	3482                            @ DW_AT_decl_line
                                        @ DW_AT_prototyped
	.byte	25                              @ Abbrev [25] 0xd61:0xf DW_TAG_formal_parameter
	.byte	2                               @ DW_AT_location
	.byte	145
	.byte	4
	.long	.Linfo_string206                @ DW_AT_name
	.byte	7                               @ DW_AT_decl_file
	.short	3482                            @ DW_AT_decl_line
	.long	1115                            @ DW_AT_type
	.byte	26                              @ Abbrev [26] 0xd70:0xf DW_TAG_variable
	.byte	2                               @ DW_AT_location
	.byte	145
	.byte	0
	.long	.Linfo_string182                @ DW_AT_name
	.byte	7                               @ DW_AT_decl_file
	.short	3484                            @ DW_AT_decl_line
	.long	601                             @ DW_AT_type
	.byte	0                               @ End Of Children Mark
	.byte	29                              @ Abbrev [29] 0xd80:0x31 DW_TAG_subprogram
	.long	.Lfunc_begin25                  @ DW_AT_low_pc
	.long	.Lfunc_end25-.Lfunc_begin25     @ DW_AT_high_pc
	.byte	1                               @ DW_AT_frame_base
	.byte	93
	.long	.Linfo_string157                @ DW_AT_name
	.byte	7                               @ DW_AT_decl_file
	.short	3408                            @ DW_AT_decl_line
                                        @ DW_AT_prototyped
	.byte	25                              @ Abbrev [25] 0xd92:0xf DW_TAG_formal_parameter
	.byte	2                               @ DW_AT_location
	.byte	145
	.byte	4
	.long	.Linfo_string206                @ DW_AT_name
	.byte	7                               @ DW_AT_decl_file
	.short	3408                            @ DW_AT_decl_line
	.long	1115                            @ DW_AT_type
	.byte	26                              @ Abbrev [26] 0xda1:0xf DW_TAG_variable
	.byte	2                               @ DW_AT_location
	.byte	145
	.byte	0
	.long	.Linfo_string182                @ DW_AT_name
	.byte	7                               @ DW_AT_decl_file
	.short	3410                            @ DW_AT_decl_line
	.long	601                             @ DW_AT_type
	.byte	0                               @ End Of Children Mark
	.byte	28                              @ Abbrev [28] 0xdb1:0x53 DW_TAG_subprogram
	.long	.Lfunc_begin26                  @ DW_AT_low_pc
	.long	.Lfunc_end26-.Lfunc_begin26     @ DW_AT_high_pc
	.byte	1                               @ DW_AT_frame_base
	.byte	93
	.long	.Linfo_string158                @ DW_AT_name
	.byte	7                               @ DW_AT_decl_file
	.short	2407                            @ DW_AT_decl_line
                                        @ DW_AT_prototyped
	.long	4668                            @ DW_AT_type
                                        @ DW_AT_external
	.byte	25                              @ Abbrev [25] 0xdc7:0xf DW_TAG_formal_parameter
	.byte	2                               @ DW_AT_location
	.byte	145
	.byte	16
	.long	.Linfo_string182                @ DW_AT_name
	.byte	7                               @ DW_AT_decl_file
	.short	2407                            @ DW_AT_decl_line
	.long	601                             @ DW_AT_type
	.byte	25                              @ Abbrev [25] 0xdd6:0xf DW_TAG_formal_parameter
	.byte	2                               @ DW_AT_location
	.byte	145
	.byte	12
	.long	.Linfo_string200                @ DW_AT_name
	.byte	7                               @ DW_AT_decl_file
	.short	2407                            @ DW_AT_decl_line
	.long	530                             @ DW_AT_type
	.byte	25                              @ Abbrev [25] 0xde5:0xf DW_TAG_formal_parameter
	.byte	2                               @ DW_AT_location
	.byte	145
	.byte	8
	.long	.Linfo_string201                @ DW_AT_name
	.byte	7                               @ DW_AT_decl_file
	.short	2407                            @ DW_AT_decl_line
	.long	586                             @ DW_AT_type
	.byte	25                              @ Abbrev [25] 0xdf4:0xf DW_TAG_formal_parameter
	.byte	2                               @ DW_AT_location
	.byte	145
	.byte	6
	.long	.Linfo_string188                @ DW_AT_name
	.byte	7                               @ DW_AT_decl_file
	.short	2408                            @ DW_AT_decl_line
	.long	512                             @ DW_AT_type
	.byte	0                               @ End Of Children Mark
	.byte	29                              @ Abbrev [29] 0xe04:0x31 DW_TAG_subprogram
	.long	.Lfunc_begin27                  @ DW_AT_low_pc
	.long	.Lfunc_end27-.Lfunc_begin27     @ DW_AT_high_pc
	.byte	1                               @ DW_AT_frame_base
	.byte	93
	.long	.Linfo_string159                @ DW_AT_name
	.byte	7                               @ DW_AT_decl_file
	.short	3500                            @ DW_AT_decl_line
                                        @ DW_AT_prototyped
	.byte	25                              @ Abbrev [25] 0xe16:0xf DW_TAG_formal_parameter
	.byte	2                               @ DW_AT_location
	.byte	145
	.byte	4
	.long	.Linfo_string206                @ DW_AT_name
	.byte	7                               @ DW_AT_decl_file
	.short	3500                            @ DW_AT_decl_line
	.long	1115                            @ DW_AT_type
	.byte	26                              @ Abbrev [26] 0xe25:0xf DW_TAG_variable
	.byte	2                               @ DW_AT_location
	.byte	145
	.byte	0
	.long	.Linfo_string182                @ DW_AT_name
	.byte	7                               @ DW_AT_decl_file
	.short	3502                            @ DW_AT_decl_line
	.long	601                             @ DW_AT_type
	.byte	0                               @ End Of Children Mark
	.byte	29                              @ Abbrev [29] 0xe35:0x31 DW_TAG_subprogram
	.long	.Lfunc_begin28                  @ DW_AT_low_pc
	.long	.Lfunc_end28-.Lfunc_begin28     @ DW_AT_high_pc
	.byte	1                               @ DW_AT_frame_base
	.byte	93
	.long	.Linfo_string160                @ DW_AT_name
	.byte	7                               @ DW_AT_decl_file
	.short	3436                            @ DW_AT_decl_line
                                        @ DW_AT_prototyped
	.byte	25                              @ Abbrev [25] 0xe47:0xf DW_TAG_formal_parameter
	.byte	2                               @ DW_AT_location
	.byte	145
	.byte	4
	.long	.Linfo_string206                @ DW_AT_name
	.byte	7                               @ DW_AT_decl_file
	.short	3436                            @ DW_AT_decl_line
	.long	1115                            @ DW_AT_type
	.byte	26                              @ Abbrev [26] 0xe56:0xf DW_TAG_variable
	.byte	2                               @ DW_AT_location
	.byte	145
	.byte	0
	.long	.Linfo_string182                @ DW_AT_name
	.byte	7                               @ DW_AT_decl_file
	.short	3438                            @ DW_AT_decl_line
	.long	601                             @ DW_AT_type
	.byte	0                               @ End Of Children Mark
	.byte	28                              @ Abbrev [28] 0xe66:0x44 DW_TAG_subprogram
	.long	.Lfunc_begin29                  @ DW_AT_low_pc
	.long	.Lfunc_end29-.Lfunc_begin29     @ DW_AT_high_pc
	.byte	1                               @ DW_AT_frame_base
	.byte	93
	.long	.Linfo_string161                @ DW_AT_name
	.byte	7                               @ DW_AT_decl_file
	.short	2594                            @ DW_AT_decl_line
                                        @ DW_AT_prototyped
	.long	4668                            @ DW_AT_type
                                        @ DW_AT_external
	.byte	25                              @ Abbrev [25] 0xe7c:0xf DW_TAG_formal_parameter
	.byte	2                               @ DW_AT_location
	.byte	145
	.byte	8
	.long	.Linfo_string182                @ DW_AT_name
	.byte	7                               @ DW_AT_decl_file
	.short	2594                            @ DW_AT_decl_line
	.long	601                             @ DW_AT_type
	.byte	26                              @ Abbrev [26] 0xe8b:0xf DW_TAG_variable
	.byte	2                               @ DW_AT_location
	.byte	145
	.byte	7
	.long	.Linfo_string207                @ DW_AT_name
	.byte	7                               @ DW_AT_decl_file
	.short	2596                            @ DW_AT_decl_line
	.long	4668                            @ DW_AT_type
	.byte	26                              @ Abbrev [26] 0xe9a:0xf DW_TAG_variable
	.byte	2                               @ DW_AT_location
	.byte	145
	.byte	0
	.long	.Linfo_string208                @ DW_AT_name
	.byte	7                               @ DW_AT_decl_file
	.short	2598                            @ DW_AT_decl_line
	.long	460                             @ DW_AT_type
	.byte	0                               @ End Of Children Mark
	.byte	29                              @ Abbrev [29] 0xeaa:0x22 DW_TAG_subprogram
	.long	.Lfunc_begin30                  @ DW_AT_low_pc
	.long	.Lfunc_end30-.Lfunc_begin30     @ DW_AT_high_pc
	.byte	1                               @ DW_AT_frame_base
	.byte	93
	.long	.Linfo_string162                @ DW_AT_name
	.byte	7                               @ DW_AT_decl_file
	.short	3898                            @ DW_AT_decl_line
                                        @ DW_AT_prototyped
	.byte	25                              @ Abbrev [25] 0xebc:0xf DW_TAG_formal_parameter
	.byte	2                               @ DW_AT_location
	.byte	145
	.byte	0
	.long	.Linfo_string182                @ DW_AT_name
	.byte	7                               @ DW_AT_decl_file
	.short	3898                            @ DW_AT_decl_line
	.long	601                             @ DW_AT_type
	.byte	0                               @ End Of Children Mark
	.byte	28                              @ Abbrev [28] 0xecc:0x62 DW_TAG_subprogram
	.long	.Lfunc_begin31                  @ DW_AT_low_pc
	.long	.Lfunc_end31-.Lfunc_begin31     @ DW_AT_high_pc
	.byte	1                               @ DW_AT_frame_base
	.byte	93
	.long	.Linfo_string163                @ DW_AT_name
	.byte	7                               @ DW_AT_decl_file
	.short	2727                            @ DW_AT_decl_line
                                        @ DW_AT_prototyped
	.long	4668                            @ DW_AT_type
                                        @ DW_AT_external
	.byte	25                              @ Abbrev [25] 0xee2:0xf DW_TAG_formal_parameter
	.byte	2                               @ DW_AT_location
	.byte	145
	.byte	20
	.long	.Linfo_string182                @ DW_AT_name
	.byte	7                               @ DW_AT_decl_file
	.short	2727                            @ DW_AT_decl_line
	.long	601                             @ DW_AT_type
	.byte	26                              @ Abbrev [26] 0xef1:0xf DW_TAG_variable
	.byte	2                               @ DW_AT_location
	.byte	145
	.byte	19
	.long	.Linfo_string207                @ DW_AT_name
	.byte	7                               @ DW_AT_decl_file
	.short	2729                            @ DW_AT_decl_line
	.long	4668                            @ DW_AT_type
	.byte	26                              @ Abbrev [26] 0xf00:0xf DW_TAG_variable
	.byte	2                               @ DW_AT_location
	.byte	145
	.byte	12
	.long	.Linfo_string208                @ DW_AT_name
	.byte	7                               @ DW_AT_decl_file
	.short	2730                            @ DW_AT_decl_line
	.long	460                             @ DW_AT_type
	.byte	26                              @ Abbrev [26] 0xf0f:0xf DW_TAG_variable
	.byte	2                               @ DW_AT_location
	.byte	145
	.byte	8
	.long	.Linfo_string209                @ DW_AT_name
	.byte	7                               @ DW_AT_decl_file
	.short	2731                            @ DW_AT_decl_line
	.long	465                             @ DW_AT_type
	.byte	26                              @ Abbrev [26] 0xf1e:0xf DW_TAG_variable
	.byte	2                               @ DW_AT_location
	.byte	145
	.byte	4
	.long	.Linfo_string210                @ DW_AT_name
	.byte	7                               @ DW_AT_decl_file
	.short	2732                            @ DW_AT_decl_line
	.long	465                             @ DW_AT_type
	.byte	0                               @ End Of Children Mark
	.byte	29                              @ Abbrev [29] 0xf2e:0x31 DW_TAG_subprogram
	.long	.Lfunc_begin32                  @ DW_AT_low_pc
	.long	.Lfunc_end32-.Lfunc_begin32     @ DW_AT_high_pc
	.byte	1                               @ DW_AT_frame_base
	.byte	93
	.long	.Linfo_string164                @ DW_AT_name
	.byte	7                               @ DW_AT_decl_file
	.short	3605                            @ DW_AT_decl_line
                                        @ DW_AT_prototyped
	.byte	25                              @ Abbrev [25] 0xf40:0xf DW_TAG_formal_parameter
	.byte	2                               @ DW_AT_location
	.byte	145
	.byte	4
	.long	.Linfo_string206                @ DW_AT_name
	.byte	7                               @ DW_AT_decl_file
	.short	3605                            @ DW_AT_decl_line
	.long	1115                            @ DW_AT_type
	.byte	26                              @ Abbrev [26] 0xf4f:0xf DW_TAG_variable
	.byte	2                               @ DW_AT_location
	.byte	145
	.byte	0
	.long	.Linfo_string182                @ DW_AT_name
	.byte	7                               @ DW_AT_decl_file
	.short	3607                            @ DW_AT_decl_line
	.long	601                             @ DW_AT_type
	.byte	0                               @ End Of Children Mark
	.byte	29                              @ Abbrev [29] 0xf5f:0x31 DW_TAG_subprogram
	.long	.Lfunc_begin33                  @ DW_AT_low_pc
	.long	.Lfunc_end33-.Lfunc_begin33     @ DW_AT_high_pc
	.byte	1                               @ DW_AT_frame_base
	.byte	93
	.long	.Linfo_string165                @ DW_AT_name
	.byte	7                               @ DW_AT_decl_file
	.short	3568                            @ DW_AT_decl_line
                                        @ DW_AT_prototyped
	.byte	25                              @ Abbrev [25] 0xf71:0xf DW_TAG_formal_parameter
	.byte	2                               @ DW_AT_location
	.byte	145
	.byte	4
	.long	.Linfo_string206                @ DW_AT_name
	.byte	7                               @ DW_AT_decl_file
	.short	3568                            @ DW_AT_decl_line
	.long	1115                            @ DW_AT_type
	.byte	26                              @ Abbrev [26] 0xf80:0xf DW_TAG_variable
	.byte	2                               @ DW_AT_location
	.byte	145
	.byte	0
	.long	.Linfo_string182                @ DW_AT_name
	.byte	7                               @ DW_AT_decl_file
	.short	3570                            @ DW_AT_decl_line
	.long	601                             @ DW_AT_type
	.byte	0                               @ End Of Children Mark
	.byte	27                              @ Abbrev [27] 0xf90:0x22 DW_TAG_subprogram
	.long	.Lfunc_begin34                  @ DW_AT_low_pc
	.long	.Lfunc_end34-.Lfunc_begin34     @ DW_AT_high_pc
	.byte	1                               @ DW_AT_frame_base
	.byte	93
	.long	.Linfo_string166                @ DW_AT_name
	.byte	7                               @ DW_AT_decl_file
	.short	3293                            @ DW_AT_decl_line
                                        @ DW_AT_prototyped
                                        @ DW_AT_external
	.byte	25                              @ Abbrev [25] 0xfa2:0xf DW_TAG_formal_parameter
	.byte	2                               @ DW_AT_location
	.byte	145
	.byte	0
	.long	.Linfo_string182                @ DW_AT_name
	.byte	7                               @ DW_AT_decl_file
	.short	3293                            @ DW_AT_decl_line
	.long	601                             @ DW_AT_type
	.byte	0                               @ End Of Children Mark
	.byte	28                              @ Abbrev [28] 0xfb2:0x26 DW_TAG_subprogram
	.long	.Lfunc_begin35                  @ DW_AT_low_pc
	.long	.Lfunc_end35-.Lfunc_begin35     @ DW_AT_high_pc
	.byte	1                               @ DW_AT_frame_base
	.byte	93
	.long	.Linfo_string167                @ DW_AT_name
	.byte	7                               @ DW_AT_decl_file
	.short	2882                            @ DW_AT_decl_line
                                        @ DW_AT_prototyped
	.long	4668                            @ DW_AT_type
                                        @ DW_AT_external
	.byte	25                              @ Abbrev [25] 0xfc8:0xf DW_TAG_formal_parameter
	.byte	2                               @ DW_AT_location
	.byte	145
	.byte	0
	.long	.Linfo_string182                @ DW_AT_name
	.byte	7                               @ DW_AT_decl_file
	.short	2882                            @ DW_AT_decl_line
	.long	601                             @ DW_AT_type
	.byte	0                               @ End Of Children Mark
	.byte	28                              @ Abbrev [28] 0xfd8:0x26 DW_TAG_subprogram
	.long	.Lfunc_begin36                  @ DW_AT_low_pc
	.long	.Lfunc_end36-.Lfunc_begin36     @ DW_AT_high_pc
	.byte	1                               @ DW_AT_frame_base
	.byte	93
	.long	.Linfo_string168                @ DW_AT_name
	.byte	7                               @ DW_AT_decl_file
	.short	2897                            @ DW_AT_decl_line
                                        @ DW_AT_prototyped
	.long	4668                            @ DW_AT_type
                                        @ DW_AT_external
	.byte	25                              @ Abbrev [25] 0xfee:0xf DW_TAG_formal_parameter
	.byte	2                               @ DW_AT_location
	.byte	145
	.byte	0
	.long	.Linfo_string182                @ DW_AT_name
	.byte	7                               @ DW_AT_decl_file
	.short	2897                            @ DW_AT_decl_line
	.long	601                             @ DW_AT_type
	.byte	0                               @ End Of Children Mark
	.byte	28                              @ Abbrev [28] 0xffe:0x26 DW_TAG_subprogram
	.long	.Lfunc_begin37                  @ DW_AT_low_pc
	.long	.Lfunc_end37-.Lfunc_begin37     @ DW_AT_high_pc
	.byte	1                               @ DW_AT_frame_base
	.byte	93
	.long	.Linfo_string169                @ DW_AT_name
	.byte	7                               @ DW_AT_decl_file
	.short	2912                            @ DW_AT_decl_line
                                        @ DW_AT_prototyped
	.long	4668                            @ DW_AT_type
                                        @ DW_AT_external
	.byte	25                              @ Abbrev [25] 0x1014:0xf DW_TAG_formal_parameter
	.byte	2                               @ DW_AT_location
	.byte	145
	.byte	0
	.long	.Linfo_string182                @ DW_AT_name
	.byte	7                               @ DW_AT_decl_file
	.short	2912                            @ DW_AT_decl_line
	.long	601                             @ DW_AT_type
	.byte	0                               @ End Of Children Mark
	.byte	27                              @ Abbrev [27] 0x1024:0x8b DW_TAG_subprogram
	.long	.Lfunc_begin38                  @ DW_AT_low_pc
	.long	.Lfunc_end38-.Lfunc_begin38     @ DW_AT_high_pc
	.byte	1                               @ DW_AT_frame_base
	.byte	93
	.long	.Linfo_string170                @ DW_AT_name
	.byte	7                               @ DW_AT_decl_file
	.short	2926                            @ DW_AT_decl_line
                                        @ DW_AT_prototyped
                                        @ DW_AT_external
	.byte	25                              @ Abbrev [25] 0x1036:0xf DW_TAG_formal_parameter
	.byte	2                               @ DW_AT_location
	.byte	145
	.byte	28
	.long	.Linfo_string182                @ DW_AT_name
	.byte	7                               @ DW_AT_decl_file
	.short	2926                            @ DW_AT_decl_line
	.long	601                             @ DW_AT_type
	.byte	26                              @ Abbrev [26] 0x1045:0xf DW_TAG_variable
	.byte	2                               @ DW_AT_location
	.byte	145
	.byte	24
	.long	.Linfo_string211                @ DW_AT_name
	.byte	7                               @ DW_AT_decl_file
	.short	2928                            @ DW_AT_decl_line
	.long	465                             @ DW_AT_type
	.byte	26                              @ Abbrev [26] 0x1054:0xf DW_TAG_variable
	.byte	2                               @ DW_AT_location
	.byte	145
	.byte	20
	.long	.Linfo_string192                @ DW_AT_name
	.byte	7                               @ DW_AT_decl_file
	.short	2929                            @ DW_AT_decl_line
	.long	465                             @ DW_AT_type
	.byte	26                              @ Abbrev [26] 0x1063:0xf DW_TAG_variable
	.byte	2                               @ DW_AT_location
	.byte	145
	.byte	16
	.long	.Linfo_string212                @ DW_AT_name
	.byte	7                               @ DW_AT_decl_file
	.short	2930                            @ DW_AT_decl_line
	.long	465                             @ DW_AT_type
	.byte	26                              @ Abbrev [26] 0x1072:0xf DW_TAG_variable
	.byte	2                               @ DW_AT_location
	.byte	145
	.byte	12
	.long	.Linfo_string213                @ DW_AT_name
	.byte	7                               @ DW_AT_decl_file
	.short	2931                            @ DW_AT_decl_line
	.long	465                             @ DW_AT_type
	.byte	26                              @ Abbrev [26] 0x1081:0xf DW_TAG_variable
	.byte	2                               @ DW_AT_location
	.byte	145
	.byte	8
	.long	.Linfo_string214                @ DW_AT_name
	.byte	7                               @ DW_AT_decl_file
	.short	2932                            @ DW_AT_decl_line
	.long	465                             @ DW_AT_type
	.byte	26                              @ Abbrev [26] 0x1090:0xf DW_TAG_variable
	.byte	2                               @ DW_AT_location
	.byte	145
	.byte	7
	.long	.Linfo_string97                 @ DW_AT_name
	.byte	7                               @ DW_AT_decl_file
	.short	2934                            @ DW_AT_decl_line
	.long	1760                            @ DW_AT_type
	.byte	26                              @ Abbrev [26] 0x109f:0xf DW_TAG_variable
	.byte	2                               @ DW_AT_location
	.byte	145
	.byte	0
	.long	.Linfo_string199                @ DW_AT_name
	.byte	7                               @ DW_AT_decl_file
	.short	2936                            @ DW_AT_decl_line
	.long	502                             @ DW_AT_type
	.byte	0                               @ End Of Children Mark
	.byte	27                              @ Abbrev [27] 0x10af:0x22 DW_TAG_subprogram
	.long	.Lfunc_begin39                  @ DW_AT_low_pc
	.long	.Lfunc_end39-.Lfunc_begin39     @ DW_AT_high_pc
	.byte	1                               @ DW_AT_frame_base
	.byte	93
	.long	.Linfo_string171                @ DW_AT_name
	.byte	7                               @ DW_AT_decl_file
	.short	3308                            @ DW_AT_decl_line
                                        @ DW_AT_prototyped
                                        @ DW_AT_external
	.byte	25                              @ Abbrev [25] 0x10c1:0xf DW_TAG_formal_parameter
	.byte	2                               @ DW_AT_location
	.byte	145
	.byte	0
	.long	.Linfo_string182                @ DW_AT_name
	.byte	7                               @ DW_AT_decl_file
	.short	3308                            @ DW_AT_decl_line
	.long	601                             @ DW_AT_type
	.byte	0                               @ End Of Children Mark
	.byte	27                              @ Abbrev [27] 0x10d1:0x22 DW_TAG_subprogram
	.long	.Lfunc_begin40                  @ DW_AT_low_pc
	.long	.Lfunc_end40-.Lfunc_begin40     @ DW_AT_high_pc
	.byte	1                               @ DW_AT_frame_base
	.byte	93
	.long	.Linfo_string172                @ DW_AT_name
	.byte	7                               @ DW_AT_decl_file
	.short	3275                            @ DW_AT_decl_line
                                        @ DW_AT_prototyped
                                        @ DW_AT_external
	.byte	25                              @ Abbrev [25] 0x10e3:0xf DW_TAG_formal_parameter
	.byte	2                               @ DW_AT_location
	.byte	145
	.byte	0
	.long	.Linfo_string182                @ DW_AT_name
	.byte	7                               @ DW_AT_decl_file
	.short	3275                            @ DW_AT_decl_line
	.long	601                             @ DW_AT_type
	.byte	0                               @ End Of Children Mark
	.byte	27                              @ Abbrev [27] 0x10f3:0x22 DW_TAG_subprogram
	.long	.Lfunc_begin41                  @ DW_AT_low_pc
	.long	.Lfunc_end41-.Lfunc_begin41     @ DW_AT_high_pc
	.byte	1                               @ DW_AT_frame_base
	.byte	93
	.long	.Linfo_string173                @ DW_AT_name
	.byte	7                               @ DW_AT_decl_file
	.short	3211                            @ DW_AT_decl_line
                                        @ DW_AT_prototyped
                                        @ DW_AT_external
	.byte	25                              @ Abbrev [25] 0x1105:0xf DW_TAG_formal_parameter
	.byte	2                               @ DW_AT_location
	.byte	145
	.byte	0
	.long	.Linfo_string182                @ DW_AT_name
	.byte	7                               @ DW_AT_decl_file
	.short	3211                            @ DW_AT_decl_line
	.long	601                             @ DW_AT_type
	.byte	0                               @ End Of Children Mark
	.byte	27                              @ Abbrev [27] 0x1115:0x22 DW_TAG_subprogram
	.long	.Lfunc_begin42                  @ DW_AT_low_pc
	.long	.Lfunc_end42-.Lfunc_begin42     @ DW_AT_high_pc
	.byte	1                               @ DW_AT_frame_base
	.byte	93
	.long	.Linfo_string174                @ DW_AT_name
	.byte	7                               @ DW_AT_decl_file
	.short	3195                            @ DW_AT_decl_line
                                        @ DW_AT_prototyped
                                        @ DW_AT_external
	.byte	25                              @ Abbrev [25] 0x1127:0xf DW_TAG_formal_parameter
	.byte	2                               @ DW_AT_location
	.byte	145
	.byte	0
	.long	.Linfo_string182                @ DW_AT_name
	.byte	7                               @ DW_AT_decl_file
	.short	3195                            @ DW_AT_decl_line
	.long	601                             @ DW_AT_type
	.byte	0                               @ End Of Children Mark
	.byte	27                              @ Abbrev [27] 0x1137:0x22 DW_TAG_subprogram
	.long	.Lfunc_begin43                  @ DW_AT_low_pc
	.long	.Lfunc_end43-.Lfunc_begin43     @ DW_AT_high_pc
	.byte	1                               @ DW_AT_frame_base
	.byte	93
	.long	.Linfo_string175                @ DW_AT_name
	.byte	7                               @ DW_AT_decl_file
	.short	3179                            @ DW_AT_decl_line
                                        @ DW_AT_prototyped
                                        @ DW_AT_external
	.byte	25                              @ Abbrev [25] 0x1149:0xf DW_TAG_formal_parameter
	.byte	2                               @ DW_AT_location
	.byte	145
	.byte	0
	.long	.Linfo_string182                @ DW_AT_name
	.byte	7                               @ DW_AT_decl_file
	.short	3179                            @ DW_AT_decl_line
	.long	601                             @ DW_AT_type
	.byte	0                               @ End Of Children Mark
	.byte	29                              @ Abbrev [29] 0x1159:0x31 DW_TAG_subprogram
	.long	.Lfunc_begin44                  @ DW_AT_low_pc
	.long	.Lfunc_end44-.Lfunc_begin44     @ DW_AT_high_pc
	.byte	1                               @ DW_AT_frame_base
	.byte	93
	.long	.Linfo_string176                @ DW_AT_name
	.byte	7                               @ DW_AT_decl_file
	.short	3544                            @ DW_AT_decl_line
                                        @ DW_AT_prototyped
	.byte	25                              @ Abbrev [25] 0x116b:0xf DW_TAG_formal_parameter
	.byte	2                               @ DW_AT_location
	.byte	145
	.byte	4
	.long	.Linfo_string206                @ DW_AT_name
	.byte	7                               @ DW_AT_decl_file
	.short	3544                            @ DW_AT_decl_line
	.long	1115                            @ DW_AT_type
	.byte	26                              @ Abbrev [26] 0x117a:0xf DW_TAG_variable
	.byte	2                               @ DW_AT_location
	.byte	145
	.byte	0
	.long	.Linfo_string182                @ DW_AT_name
	.byte	7                               @ DW_AT_decl_file
	.short	3546                            @ DW_AT_decl_line
	.long	601                             @ DW_AT_type
	.byte	0                               @ End Of Children Mark
	.byte	27                              @ Abbrev [27] 0x118a:0x22 DW_TAG_subprogram
	.long	.Lfunc_begin45                  @ DW_AT_low_pc
	.long	.Lfunc_end45-.Lfunc_begin45     @ DW_AT_high_pc
	.byte	1                               @ DW_AT_frame_base
	.byte	93
	.long	.Linfo_string177                @ DW_AT_name
	.byte	7                               @ DW_AT_decl_file
	.short	3227                            @ DW_AT_decl_line
                                        @ DW_AT_prototyped
                                        @ DW_AT_external
	.byte	25                              @ Abbrev [25] 0x119c:0xf DW_TAG_formal_parameter
	.byte	2                               @ DW_AT_location
	.byte	145
	.byte	0
	.long	.Linfo_string182                @ DW_AT_name
	.byte	7                               @ DW_AT_decl_file
	.short	3227                            @ DW_AT_decl_line
	.long	601                             @ DW_AT_type
	.byte	0                               @ End Of Children Mark
	.byte	27                              @ Abbrev [27] 0x11ac:0x22 DW_TAG_subprogram
	.long	.Lfunc_begin46                  @ DW_AT_low_pc
	.long	.Lfunc_end46-.Lfunc_begin46     @ DW_AT_high_pc
	.byte	1                               @ DW_AT_frame_base
	.byte	93
	.long	.Linfo_string178                @ DW_AT_name
	.byte	7                               @ DW_AT_decl_file
	.short	3243                            @ DW_AT_decl_line
                                        @ DW_AT_prototyped
                                        @ DW_AT_external
	.byte	25                              @ Abbrev [25] 0x11be:0xf DW_TAG_formal_parameter
	.byte	2                               @ DW_AT_location
	.byte	145
	.byte	0
	.long	.Linfo_string182                @ DW_AT_name
	.byte	7                               @ DW_AT_decl_file
	.short	3243                            @ DW_AT_decl_line
	.long	601                             @ DW_AT_type
	.byte	0                               @ End Of Children Mark
	.byte	27                              @ Abbrev [27] 0x11ce:0x22 DW_TAG_subprogram
	.long	.Lfunc_begin47                  @ DW_AT_low_pc
	.long	.Lfunc_end47-.Lfunc_begin47     @ DW_AT_high_pc
	.byte	1                               @ DW_AT_frame_base
	.byte	93
	.long	.Linfo_string179                @ DW_AT_name
	.byte	7                               @ DW_AT_decl_file
	.short	3259                            @ DW_AT_decl_line
                                        @ DW_AT_prototyped
                                        @ DW_AT_external
	.byte	25                              @ Abbrev [25] 0x11e0:0xf DW_TAG_formal_parameter
	.byte	2                               @ DW_AT_location
	.byte	145
	.byte	0
	.long	.Linfo_string182                @ DW_AT_name
	.byte	7                               @ DW_AT_decl_file
	.short	3259                            @ DW_AT_decl_line
	.long	601                             @ DW_AT_type
	.byte	0                               @ End Of Children Mark
	.byte	28                              @ Abbrev [28] 0x11f0:0x26 DW_TAG_subprogram
	.long	.Lfunc_begin48                  @ DW_AT_low_pc
	.long	.Lfunc_end48-.Lfunc_begin48     @ DW_AT_high_pc
	.byte	1                               @ DW_AT_frame_base
	.byte	93
	.long	.Linfo_string180                @ DW_AT_name
	.byte	7                               @ DW_AT_decl_file
	.short	3343                            @ DW_AT_decl_line
                                        @ DW_AT_prototyped
	.long	1760                            @ DW_AT_type
                                        @ DW_AT_external
	.byte	25                              @ Abbrev [25] 0x1206:0xf DW_TAG_formal_parameter
	.byte	2                               @ DW_AT_location
	.byte	145
	.byte	0
	.long	.Linfo_string182                @ DW_AT_name
	.byte	7                               @ DW_AT_decl_file
	.short	3343                            @ DW_AT_decl_line
	.long	4679                            @ DW_AT_type
	.byte	0                               @ End Of Children Mark
	.byte	28                              @ Abbrev [28] 0x1216:0x26 DW_TAG_subprogram
	.long	.Lfunc_begin49                  @ DW_AT_low_pc
	.long	.Lfunc_end49-.Lfunc_begin49     @ DW_AT_high_pc
	.byte	1                               @ DW_AT_frame_base
	.byte	93
	.long	.Linfo_string181                @ DW_AT_name
	.byte	7                               @ DW_AT_decl_file
	.short	3355                            @ DW_AT_decl_line
                                        @ DW_AT_prototyped
	.long	465                             @ DW_AT_type
                                        @ DW_AT_external
	.byte	25                              @ Abbrev [25] 0x122c:0xf DW_TAG_formal_parameter
	.byte	2                               @ DW_AT_location
	.byte	145
	.byte	0
	.long	.Linfo_string182                @ DW_AT_name
	.byte	7                               @ DW_AT_decl_file
	.short	3355                            @ DW_AT_decl_line
	.long	4679                            @ DW_AT_type
	.byte	0                               @ End Of Children Mark
	.byte	10                              @ Abbrev [10] 0x123c:0xb DW_TAG_typedef
	.long	38                              @ DW_AT_type
	.long	.Linfo_string132                @ DW_AT_name
	.byte	1                               @ DW_AT_decl_file
	.byte	45                              @ DW_AT_decl_line
	.byte	5                               @ Abbrev [5] 0x1247:0x5 DW_TAG_pointer_type
	.long	4684                            @ DW_AT_type
	.byte	14                              @ Abbrev [14] 0x124c:0x5 DW_TAG_const_type
	.long	606                             @ DW_AT_type
	.byte	10                              @ Abbrev [10] 0x1251:0xb DW_TAG_typedef
	.long	195                             @ DW_AT_type
	.long	.Linfo_string195                @ DW_AT_name
	.byte	4                               @ DW_AT_decl_file
	.byte	184                             @ DW_AT_decl_line
	.byte	0                               @ End Of Children Mark
.Ldebug_info_end0:
	.section	.debug_ranges,"",%progbits
.Ldebug_ranges0:
	.long	.Lfunc_begin0
	.long	.Lfunc_end0
	.long	.Lfunc_begin1
	.long	.Lfunc_end1
	.long	.Lfunc_begin2
	.long	.Lfunc_end2
	.long	.Lfunc_begin3
	.long	.Lfunc_end3
	.long	.Lfunc_begin4
	.long	.Lfunc_end4
	.long	.Lfunc_begin5
	.long	.Lfunc_end5
	.long	.Lfunc_begin6
	.long	.Lfunc_end6
	.long	.Lfunc_begin7
	.long	.Lfunc_end7
	.long	.Lfunc_begin8
	.long	.Lfunc_end8
	.long	.Lfunc_begin9
	.long	.Lfunc_end9
	.long	.Lfunc_begin10
	.long	.Lfunc_end10
	.long	.Lfunc_begin11
	.long	.Lfunc_end11
	.long	.Lfunc_begin12
	.long	.Lfunc_end12
	.long	.Lfunc_begin13
	.long	.Lfunc_end13
	.long	.Lfunc_begin14
	.long	.Lfunc_end14
	.long	.Lfunc_begin15
	.long	.Lfunc_end15
	.long	.Lfunc_begin16
	.long	.Lfunc_end16
	.long	.Lfunc_begin17
	.long	.Lfunc_end17
	.long	.Lfunc_begin18
	.long	.Lfunc_end18
	.long	.Lfunc_begin19
	.long	.Lfunc_end19
	.long	.Lfunc_begin20
	.long	.Lfunc_end20
	.long	.Lfunc_begin21
	.long	.Lfunc_end21
	.long	.Lfunc_begin22
	.long	.Lfunc_end22
	.long	.Lfunc_begin23
	.long	.Lfunc_end23
	.long	.Lfunc_begin24
	.long	.Lfunc_end24
	.long	.Lfunc_begin25
	.long	.Lfunc_end25
	.long	.Lfunc_begin26
	.long	.Lfunc_end26
	.long	.Lfunc_begin27
	.long	.Lfunc_end27
	.long	.Lfunc_begin28
	.long	.Lfunc_end28
	.long	.Lfunc_begin29
	.long	.Lfunc_end29
	.long	.Lfunc_begin30
	.long	.Lfunc_end30
	.long	.Lfunc_begin31
	.long	.Lfunc_end31
	.long	.Lfunc_begin32
	.long	.Lfunc_end32
	.long	.Lfunc_begin33
	.long	.Lfunc_end33
	.long	.Lfunc_begin34
	.long	.Lfunc_end34
	.long	.Lfunc_begin35
	.long	.Lfunc_end35
	.long	.Lfunc_begin36
	.long	.Lfunc_end36
	.long	.Lfunc_begin37
	.long	.Lfunc_end37
	.long	.Lfunc_begin38
	.long	.Lfunc_end38
	.long	.Lfunc_begin39
	.long	.Lfunc_end39
	.long	.Lfunc_begin40
	.long	.Lfunc_end40
	.long	.Lfunc_begin41
	.long	.Lfunc_end41
	.long	.Lfunc_begin42
	.long	.Lfunc_end42
	.long	.Lfunc_begin43
	.long	.Lfunc_end43
	.long	.Lfunc_begin44
	.long	.Lfunc_end44
	.long	.Lfunc_begin45
	.long	.Lfunc_end45
	.long	.Lfunc_begin46
	.long	.Lfunc_end46
	.long	.Lfunc_begin47
	.long	.Lfunc_end47
	.long	.Lfunc_begin48
	.long	.Lfunc_end48
	.long	.Lfunc_begin49
	.long	.Lfunc_end49
	.long	0
	.long	0
	.section	.debug_str,"MS",%progbits,1
.Linfo_string0:
	.asciz	"Component: Arm Compiler for Embedded 6.24 Tool: armclang [5f371800]" @ string offset=0
.Linfo_string1:
	.asciz	"../Drivers/STM32H7xx_HAL_Driver/Src\\stm32h7xx_hal_spi.c" @ string offset=68
.Linfo_string2:
	.asciz	"D:\\RM_projects\\h7_final_4\\MDK-ARM" @ string offset=124
.Linfo_string3:
	.asciz	"unsigned char"                 @ string offset=158
.Linfo_string4:
	.asciz	"HAL_OK"                        @ string offset=172
.Linfo_string5:
	.asciz	"HAL_ERROR"                     @ string offset=179
.Linfo_string6:
	.asciz	"HAL_BUSY"                      @ string offset=189
.Linfo_string7:
	.asciz	"HAL_TIMEOUT"                   @ string offset=198
.Linfo_string8:
	.asciz	"HAL_UNLOCKED"                  @ string offset=210
.Linfo_string9:
	.asciz	"HAL_LOCKED"                    @ string offset=223
.Linfo_string10:
	.asciz	"HAL_DMA_STATE_RESET"           @ string offset=234
.Linfo_string11:
	.asciz	"HAL_DMA_STATE_READY"           @ string offset=254
.Linfo_string12:
	.asciz	"HAL_DMA_STATE_BUSY"            @ string offset=274
.Linfo_string13:
	.asciz	"HAL_DMA_STATE_ERROR"           @ string offset=293
.Linfo_string14:
	.asciz	"HAL_DMA_STATE_ABORT"           @ string offset=313
.Linfo_string15:
	.asciz	"HAL_SPI_STATE_RESET"           @ string offset=333
.Linfo_string16:
	.asciz	"HAL_SPI_STATE_READY"           @ string offset=353
.Linfo_string17:
	.asciz	"HAL_SPI_STATE_BUSY"            @ string offset=373
.Linfo_string18:
	.asciz	"HAL_SPI_STATE_BUSY_TX"         @ string offset=392
.Linfo_string19:
	.asciz	"HAL_SPI_STATE_BUSY_RX"         @ string offset=414
.Linfo_string20:
	.asciz	"HAL_SPI_STATE_BUSY_TX_RX"      @ string offset=436
.Linfo_string21:
	.asciz	"HAL_SPI_STATE_ERROR"           @ string offset=461
.Linfo_string22:
	.asciz	"HAL_SPI_STATE_ABORT"           @ string offset=481
.Linfo_string23:
	.asciz	"RESET"                         @ string offset=501
.Linfo_string24:
	.asciz	"SET"                           @ string offset=507
.Linfo_string25:
	.asciz	"CR1"                           @ string offset=511
.Linfo_string26:
	.asciz	"unsigned int"                  @ string offset=515
.Linfo_string27:
	.asciz	"uint32_t"                      @ string offset=528
.Linfo_string28:
	.asciz	"CR2"                           @ string offset=537
.Linfo_string29:
	.asciz	"CFG1"                          @ string offset=541
.Linfo_string30:
	.asciz	"CFG2"                          @ string offset=546
.Linfo_string31:
	.asciz	"IER"                           @ string offset=551
.Linfo_string32:
	.asciz	"SR"                            @ string offset=555
.Linfo_string33:
	.asciz	"IFCR"                          @ string offset=558
.Linfo_string34:
	.asciz	"RESERVED0"                     @ string offset=563
.Linfo_string35:
	.asciz	"TXDR"                          @ string offset=573
.Linfo_string36:
	.asciz	"RESERVED1"                     @ string offset=578
.Linfo_string37:
	.asciz	"__ARRAY_SIZE_TYPE__"           @ string offset=588
.Linfo_string38:
	.asciz	"RXDR"                          @ string offset=608
.Linfo_string39:
	.asciz	"RESERVED2"                     @ string offset=613
.Linfo_string40:
	.asciz	"CRCPOLY"                       @ string offset=623
.Linfo_string41:
	.asciz	"TXCRC"                         @ string offset=631
.Linfo_string42:
	.asciz	"RXCRC"                         @ string offset=637
.Linfo_string43:
	.asciz	"UDRDR"                         @ string offset=643
.Linfo_string44:
	.asciz	"I2SCFGR"                       @ string offset=649
.Linfo_string45:
	.asciz	"SPI_TypeDef"                   @ string offset=657
.Linfo_string46:
	.asciz	"unsigned short"                @ string offset=669
.Linfo_string47:
	.asciz	"uint16_t"                      @ string offset=684
.Linfo_string48:
	.asciz	"uint8_t"                       @ string offset=693
.Linfo_string49:
	.asciz	"Instance"                      @ string offset=701
.Linfo_string50:
	.asciz	"Init"                          @ string offset=710
.Linfo_string51:
	.asciz	"Mode"                          @ string offset=715
.Linfo_string52:
	.asciz	"Direction"                     @ string offset=720
.Linfo_string53:
	.asciz	"DataSize"                      @ string offset=730
.Linfo_string54:
	.asciz	"CLKPolarity"                   @ string offset=739
.Linfo_string55:
	.asciz	"CLKPhase"                      @ string offset=751
.Linfo_string56:
	.asciz	"NSS"                           @ string offset=760
.Linfo_string57:
	.asciz	"BaudRatePrescaler"             @ string offset=764
.Linfo_string58:
	.asciz	"FirstBit"                      @ string offset=782
.Linfo_string59:
	.asciz	"TIMode"                        @ string offset=791
.Linfo_string60:
	.asciz	"CRCCalculation"                @ string offset=798
.Linfo_string61:
	.asciz	"CRCPolynomial"                 @ string offset=813
.Linfo_string62:
	.asciz	"CRCLength"                     @ string offset=827
.Linfo_string63:
	.asciz	"NSSPMode"                      @ string offset=837
.Linfo_string64:
	.asciz	"NSSPolarity"                   @ string offset=846
.Linfo_string65:
	.asciz	"FifoThreshold"                 @ string offset=858
.Linfo_string66:
	.asciz	"TxCRCInitializationPattern"    @ string offset=872
.Linfo_string67:
	.asciz	"RxCRCInitializationPattern"    @ string offset=899
.Linfo_string68:
	.asciz	"MasterSSIdleness"              @ string offset=926
.Linfo_string69:
	.asciz	"MasterInterDataIdleness"       @ string offset=943
.Linfo_string70:
	.asciz	"MasterReceiverAutoSusp"        @ string offset=967
.Linfo_string71:
	.asciz	"MasterKeepIOState"             @ string offset=990
.Linfo_string72:
	.asciz	"IOSwap"                        @ string offset=1008
.Linfo_string73:
	.asciz	"SPI_InitTypeDef"               @ string offset=1015
.Linfo_string74:
	.asciz	"pTxBuffPtr"                    @ string offset=1031
.Linfo_string75:
	.asciz	"TxXferSize"                    @ string offset=1042
.Linfo_string76:
	.asciz	"TxXferCount"                   @ string offset=1053
.Linfo_string77:
	.asciz	"pRxBuffPtr"                    @ string offset=1065
.Linfo_string78:
	.asciz	"RxXferSize"                    @ string offset=1076
.Linfo_string79:
	.asciz	"RxXferCount"                   @ string offset=1087
.Linfo_string80:
	.asciz	"CRCSize"                       @ string offset=1099
.Linfo_string81:
	.asciz	"RxISR"                         @ string offset=1107
.Linfo_string82:
	.asciz	"TxISR"                         @ string offset=1113
.Linfo_string83:
	.asciz	"hdmatx"                        @ string offset=1119
.Linfo_string84:
	.asciz	"Request"                       @ string offset=1126
.Linfo_string85:
	.asciz	"PeriphInc"                     @ string offset=1134
.Linfo_string86:
	.asciz	"MemInc"                        @ string offset=1144
.Linfo_string87:
	.asciz	"PeriphDataAlignment"           @ string offset=1151
.Linfo_string88:
	.asciz	"MemDataAlignment"              @ string offset=1171
.Linfo_string89:
	.asciz	"Priority"                      @ string offset=1188
.Linfo_string90:
	.asciz	"FIFOMode"                      @ string offset=1197
.Linfo_string91:
	.asciz	"FIFOThreshold"                 @ string offset=1206
.Linfo_string92:
	.asciz	"MemBurst"                      @ string offset=1220
.Linfo_string93:
	.asciz	"PeriphBurst"                   @ string offset=1229
.Linfo_string94:
	.asciz	"DMA_InitTypeDef"               @ string offset=1241
.Linfo_string95:
	.asciz	"Lock"                          @ string offset=1257
.Linfo_string96:
	.asciz	"HAL_LockTypeDef"               @ string offset=1262
.Linfo_string97:
	.asciz	"State"                         @ string offset=1278
.Linfo_string98:
	.asciz	"HAL_DMA_StateTypeDef"          @ string offset=1284
.Linfo_string99:
	.asciz	"Parent"                        @ string offset=1305
.Linfo_string100:
	.asciz	"XferCpltCallback"              @ string offset=1312
.Linfo_string101:
	.asciz	"XferHalfCpltCallback"          @ string offset=1329
.Linfo_string102:
	.asciz	"XferM1CpltCallback"            @ string offset=1350
.Linfo_string103:
	.asciz	"XferM1HalfCpltCallback"        @ string offset=1369
.Linfo_string104:
	.asciz	"XferErrorCallback"             @ string offset=1392
.Linfo_string105:
	.asciz	"XferAbortCallback"             @ string offset=1410
.Linfo_string106:
	.asciz	"ErrorCode"                     @ string offset=1428
.Linfo_string107:
	.asciz	"StreamBaseAddress"             @ string offset=1438
.Linfo_string108:
	.asciz	"StreamIndex"                   @ string offset=1456
.Linfo_string109:
	.asciz	"DMAmuxChannel"                 @ string offset=1468
.Linfo_string110:
	.asciz	"CCR"                           @ string offset=1482
.Linfo_string111:
	.asciz	"DMAMUX_Channel_TypeDef"        @ string offset=1486
.Linfo_string112:
	.asciz	"DMAmuxChannelStatus"           @ string offset=1509
.Linfo_string113:
	.asciz	"CSR"                           @ string offset=1529
.Linfo_string114:
	.asciz	"CFR"                           @ string offset=1533
.Linfo_string115:
	.asciz	"DMAMUX_ChannelStatus_TypeDef"  @ string offset=1537
.Linfo_string116:
	.asciz	"DMAmuxChannelStatusMask"       @ string offset=1566
.Linfo_string117:
	.asciz	"DMAmuxRequestGen"              @ string offset=1590
.Linfo_string118:
	.asciz	"RGCR"                          @ string offset=1607
.Linfo_string119:
	.asciz	"DMAMUX_RequestGen_TypeDef"     @ string offset=1612
.Linfo_string120:
	.asciz	"DMAmuxRequestGenStatus"        @ string offset=1638
.Linfo_string121:
	.asciz	"RGSR"                          @ string offset=1661
.Linfo_string122:
	.asciz	"RGCFR"                         @ string offset=1666
.Linfo_string123:
	.asciz	"DMAMUX_RequestGenStatus_TypeDef" @ string offset=1672
.Linfo_string124:
	.asciz	"DMAmuxRequestGenStatusMask"    @ string offset=1704
.Linfo_string125:
	.asciz	"__DMA_HandleTypeDef"           @ string offset=1731
.Linfo_string126:
	.asciz	"DMA_HandleTypeDef"             @ string offset=1751
.Linfo_string127:
	.asciz	"hdmarx"                        @ string offset=1769
.Linfo_string128:
	.asciz	"HAL_SPI_StateTypeDef"          @ string offset=1776
.Linfo_string129:
	.asciz	"__SPI_HandleTypeDef"           @ string offset=1797
.Linfo_string130:
	.asciz	"SPI_HandleTypeDef"             @ string offset=1817
.Linfo_string131:
	.asciz	"HAL_SPI_Init"                  @ string offset=1835
.Linfo_string132:
	.asciz	"HAL_StatusTypeDef"             @ string offset=1848
.Linfo_string133:
	.asciz	"SPI_GetPacketSize"             @ string offset=1866
.Linfo_string134:
	.asciz	"HAL_SPI_MspInit"               @ string offset=1884
.Linfo_string135:
	.asciz	"HAL_SPI_DeInit"                @ string offset=1900
.Linfo_string136:
	.asciz	"HAL_SPI_MspDeInit"             @ string offset=1915
.Linfo_string137:
	.asciz	"HAL_SPI_Transmit"              @ string offset=1933
.Linfo_string138:
	.asciz	"SPI_CloseTransfer"             @ string offset=1950
.Linfo_string139:
	.asciz	"SPI_WaitOnFlagUntilTimeout"    @ string offset=1968
.Linfo_string140:
	.asciz	"HAL_SPI_Receive"               @ string offset=1995
.Linfo_string141:
	.asciz	"HAL_SPI_TransmitReceive"       @ string offset=2011
.Linfo_string142:
	.asciz	"HAL_SPI_Transmit_IT"           @ string offset=2035
.Linfo_string143:
	.asciz	"SPI_TxISR_32BIT"               @ string offset=2055
.Linfo_string144:
	.asciz	"SPI_TxISR_16BIT"               @ string offset=2071
.Linfo_string145:
	.asciz	"SPI_TxISR_8BIT"                @ string offset=2087
.Linfo_string146:
	.asciz	"HAL_SPI_Receive_IT"            @ string offset=2102
.Linfo_string147:
	.asciz	"SPI_RxISR_32BIT"               @ string offset=2121
.Linfo_string148:
	.asciz	"SPI_RxISR_16BIT"               @ string offset=2137
.Linfo_string149:
	.asciz	"SPI_RxISR_8BIT"                @ string offset=2153
.Linfo_string150:
	.asciz	"HAL_SPI_TransmitReceive_IT"    @ string offset=2168
.Linfo_string151:
	.asciz	"HAL_SPI_Transmit_DMA"          @ string offset=2195
.Linfo_string152:
	.asciz	"SPI_DMAHalfTransmitCplt"       @ string offset=2216
.Linfo_string153:
	.asciz	"SPI_DMATransmitCplt"           @ string offset=2240
.Linfo_string154:
	.asciz	"SPI_DMAError"                  @ string offset=2260
.Linfo_string155:
	.asciz	"HAL_SPI_Receive_DMA"           @ string offset=2273
.Linfo_string156:
	.asciz	"SPI_DMAHalfReceiveCplt"        @ string offset=2293
.Linfo_string157:
	.asciz	"SPI_DMAReceiveCplt"            @ string offset=2316
.Linfo_string158:
	.asciz	"HAL_SPI_TransmitReceive_DMA"   @ string offset=2335
.Linfo_string159:
	.asciz	"SPI_DMAHalfTransmitReceiveCplt" @ string offset=2363
.Linfo_string160:
	.asciz	"SPI_DMATransmitReceiveCplt"    @ string offset=2394
.Linfo_string161:
	.asciz	"HAL_SPI_Abort"                 @ string offset=2421
.Linfo_string162:
	.asciz	"SPI_AbortTransfer"             @ string offset=2435
.Linfo_string163:
	.asciz	"HAL_SPI_Abort_IT"              @ string offset=2453
.Linfo_string164:
	.asciz	"SPI_DMARxAbortCallback"        @ string offset=2470
.Linfo_string165:
	.asciz	"SPI_DMATxAbortCallback"        @ string offset=2493
.Linfo_string166:
	.asciz	"HAL_SPI_AbortCpltCallback"     @ string offset=2516
.Linfo_string167:
	.asciz	"HAL_SPI_DMAPause"              @ string offset=2542
.Linfo_string168:
	.asciz	"HAL_SPI_DMAResume"             @ string offset=2559
.Linfo_string169:
	.asciz	"HAL_SPI_DMAStop"               @ string offset=2577
.Linfo_string170:
	.asciz	"HAL_SPI_IRQHandler"            @ string offset=2593
.Linfo_string171:
	.asciz	"HAL_SPI_SuspendCallback"       @ string offset=2612
.Linfo_string172:
	.asciz	"HAL_SPI_ErrorCallback"         @ string offset=2636
.Linfo_string173:
	.asciz	"HAL_SPI_TxRxCpltCallback"      @ string offset=2658
.Linfo_string174:
	.asciz	"HAL_SPI_RxCpltCallback"        @ string offset=2683
.Linfo_string175:
	.asciz	"HAL_SPI_TxCpltCallback"        @ string offset=2706
.Linfo_string176:
	.asciz	"SPI_DMAAbortOnError"           @ string offset=2729
.Linfo_string177:
	.asciz	"HAL_SPI_TxHalfCpltCallback"    @ string offset=2749
.Linfo_string178:
	.asciz	"HAL_SPI_RxHalfCpltCallback"    @ string offset=2776
.Linfo_string179:
	.asciz	"HAL_SPI_TxRxHalfCpltCallback"  @ string offset=2803
.Linfo_string180:
	.asciz	"HAL_SPI_GetState"              @ string offset=2832
.Linfo_string181:
	.asciz	"HAL_SPI_GetError"              @ string offset=2849
.Linfo_string182:
	.asciz	"hspi"                          @ string offset=2866
.Linfo_string183:
	.asciz	"crc_length"                    @ string offset=2871
.Linfo_string184:
	.asciz	"packet_length"                 @ string offset=2882
.Linfo_string185:
	.asciz	"fifo_threashold"               @ string offset=2896
.Linfo_string186:
	.asciz	"data_size"                     @ string offset=2912
.Linfo_string187:
	.asciz	"pData"                         @ string offset=2922
.Linfo_string188:
	.asciz	"Size"                          @ string offset=2928
.Linfo_string189:
	.asciz	"Timeout"                       @ string offset=2933
.Linfo_string190:
	.asciz	"ptxdr_16bits"                  @ string offset=2941
.Linfo_string191:
	.asciz	"tickstart"                     @ string offset=2954
.Linfo_string192:
	.asciz	"itflag"                        @ string offset=2964
.Linfo_string193:
	.asciz	"Flag"                          @ string offset=2971
.Linfo_string194:
	.asciz	"Status"                        @ string offset=2976
.Linfo_string195:
	.asciz	"FlagStatus"                    @ string offset=2983
.Linfo_string196:
	.asciz	"Tickstart"                     @ string offset=2994
.Linfo_string197:
	.asciz	"temp_sr_reg"                   @ string offset=3004
.Linfo_string198:
	.asciz	"init_max_data_in_fifo"         @ string offset=3016
.Linfo_string199:
	.asciz	"prxdr_16bits"                  @ string offset=3038
.Linfo_string200:
	.asciz	"pTxData"                       @ string offset=3051
.Linfo_string201:
	.asciz	"pRxData"                       @ string offset=3059
.Linfo_string202:
	.asciz	"fifo_length"                   @ string offset=3067
.Linfo_string203:
	.asciz	"initial_TxXferCount"           @ string offset=3079
.Linfo_string204:
	.asciz	"initial_RxXferCount"           @ string offset=3099
.Linfo_string205:
	.asciz	"tmp_TxXferCount"               @ string offset=3119
.Linfo_string206:
	.asciz	"hdma"                          @ string offset=3135
.Linfo_string207:
	.asciz	"errorcode"                     @ string offset=3140
.Linfo_string208:
	.asciz	"count"                         @ string offset=3150
.Linfo_string209:
	.asciz	"dma_tx_abort_done"             @ string offset=3156
.Linfo_string210:
	.asciz	"dma_rx_abort_done"             @ string offset=3174
.Linfo_string211:
	.asciz	"itsource"                      @ string offset=3192
.Linfo_string212:
	.asciz	"trigger"                       @ string offset=3201
.Linfo_string213:
	.asciz	"cfg1"                          @ string offset=3209
.Linfo_string214:
	.asciz	"handled"                       @ string offset=3214
	.ident	"Component: Arm Compiler for Embedded 6.24 Tool: armclang [5f371800]"
	.section	".note.GNU-stack","",%progbits
	.eabi_attribute	30, 6	@ Tag_ABI_optimization_goals
	.ARM_attribute	16, 1	@ Tag_AV_eba
	.section	.debug_line,"",%progbits
.Lline_table_start0:
