	.text
	.syntax unified
	.eabi_attribute	67, "2.09"	@ Tag_conformance
	.cpu	cortex-m7
	.eabi_attribute	6, 13	@ Tag_CPU_arch
	.eabi_attribute	7, 77	@ Tag_CPU_arch_profile
	.eabi_attribute	8, 0	@ Tag_ARM_ISA_use
	.eabi_attribute	9, 2	@ Tag_THUMB_ISA_use
	.fpu	fpv5-d16
	.eabi_attribute	36, 1	@ Tag_FP_HP_extension
	.eabi_attribute	34, 1	@ Tag_CPU_unaligned_access
	.eabi_attribute	17, 1	@ Tag_ABI_PCS_GOT_use
	.eabi_attribute	20, 2	@ Tag_ABI_FP_denormal
	.eabi_attribute	21, 0	@ Tag_ABI_FP_exceptions
	.eabi_attribute	23, 1	@ Tag_ABI_FP_number_model
	.eabi_attribute	24, 1	@ Tag_ABI_align_needed
	.eabi_attribute	25, 1	@ Tag_ABI_align_preserved
	.eabi_attribute	28, 1	@ Tag_ABI_VFP_args
	.eabi_attribute	38, 1	@ Tag_ABI_FP_16bit_format
	.eabi_attribute	18, 2	@ Tag_ABI_PCS_wchar_t
	.eabi_attribute	26, 1	@ Tag_ABI_enum_size
	.eabi_attribute	14, 0	@ Tag_ABI_PCS_R9_use
	.file	"stm32h7xx_hal_fdcan.c"
	.file	1 "D:\\keil_1\\keil\\ARM\\ARMCLANG\\bin\\..\\include" "stdint.h"
	.file	2 "D:\\RM_projects\\h7_final_4\\MDK-ARM" "../Drivers/STM32H7xx_HAL_Driver/Src/stm32h7xx_hal_fdcan.c"
	.file	3 "D:\\RM_projects\\h7_final_4\\MDK-ARM" "../Drivers/STM32H7xx_HAL_Driver/Inc\\stm32h7xx_hal_def.h"
	.file	4 "D:\\RM_projects\\h7_final_4\\MDK-ARM" "../Drivers/CMSIS/Device/ST/STM32H7xx/Include\\stm32h7xx.h"
	.file	5 "D:\\RM_projects\\h7_final_4\\MDK-ARM" "../Drivers/STM32H7xx_HAL_Driver/Inc\\stm32h7xx_hal_fdcan.h"
	.file	6 "D:\\RM_projects\\h7_final_4\\MDK-ARM" "../Drivers/CMSIS/Device/ST/STM32H7xx/Include\\stm32h723xx.h"
	.section	.text.HAL_FDCAN_Init,"ax",%progbits
	.hidden	HAL_FDCAN_Init                  @ -- Begin function HAL_FDCAN_Init
	.globl	HAL_FDCAN_Init
	.p2align	3
	.type	HAL_FDCAN_Init,%function
	.code	16                              @ @HAL_FDCAN_Init
	.thumb_func
HAL_FDCAN_Init:
.Lfunc_begin0:
	.loc	2 303 0                         @ ../Drivers/STM32H7xx_HAL_Driver/Src/stm32h7xx_hal_fdcan.c:303:0
	.fnstart
	.cfi_sections .debug_frame
	.cfi_startproc
@ %bb.0:
	.save	{r7, lr}
	push	{r7, lr}
	.cfi_def_cfa_offset 8
	.cfi_offset lr, -4
	.cfi_offset r7, -8
	.pad	#96
	sub	sp, #96
	.cfi_def_cfa_offset 104
	str	r0, [sp, #88]
.Ltmp0:
	.loc	2 306 18 prologue_end           @ ../Drivers/STM32H7xx_HAL_Driver/Src/stm32h7xx_hal_fdcan.c:306:18
	movw	r1, :lower16:.L__const.HAL_FDCAN_Init.CvtEltSize
	movt	r1, :upper16:.L__const.HAL_FDCAN_Init.CvtEltSize
	add	r0, sp, #4
	movs	r2, #76
	bl	__aeabi_memcpy4
.Ltmp1:
	.loc	2 309 7                         @ ../Drivers/STM32H7xx_HAL_Driver/Src/stm32h7xx_hal_fdcan.c:309:7
	ldr	r0, [sp, #88]
.Ltmp2:
	.loc	2 309 7 is_stmt 0               @ ../Drivers/STM32H7xx_HAL_Driver/Src/stm32h7xx_hal_fdcan.c:309:7
	cbnz	r0, .LBB0_2
	b	.LBB0_1
.LBB0_1:
	.loc	2 0 7                           @ ../Drivers/STM32H7xx_HAL_Driver/Src/stm32h7xx_hal_fdcan.c:0:7
	movs	r0, #1
.Ltmp3:
	.loc	2 311 5 is_stmt 1               @ ../Drivers/STM32H7xx_HAL_Driver/Src/stm32h7xx_hal_fdcan.c:311:5
	strb.w	r0, [sp, #95]
	b	.LBB0_63
.Ltmp4:
.LBB0_2:
	.loc	2 316 7                         @ ../Drivers/STM32H7xx_HAL_Driver/Src/stm32h7xx_hal_fdcan.c:316:7
	ldr	r0, [sp, #88]
	.loc	2 316 15 is_stmt 0              @ ../Drivers/STM32H7xx_HAL_Driver/Src/stm32h7xx_hal_fdcan.c:316:15
	ldr	r0, [r0]
	movw	r1, #40960
	movt	r1, #16384
.Ltmp5:
	.loc	2 316 7                         @ ../Drivers/STM32H7xx_HAL_Driver/Src/stm32h7xx_hal_fdcan.c:316:7
	cmp	r0, r1
	bne	.LBB0_4
	b	.LBB0_3
.LBB0_3:
.Ltmp6:
	.loc	2 318 49 is_stmt 1              @ ../Drivers/STM32H7xx_HAL_Driver/Src/stm32h7xx_hal_fdcan.c:318:49
	ldr	r1, [sp, #88]
	.loc	2 318 57 is_stmt 0              @ ../Drivers/STM32H7xx_HAL_Driver/Src/stm32h7xx_hal_fdcan.c:318:57
	ldr	r0, [r1]
	.loc	2 318 66                        @ ../Drivers/STM32H7xx_HAL_Driver/Src/stm32h7xx_hal_fdcan.c:318:66
	add.w	r0, r0, #256
	.loc	2 318 19                        @ ../Drivers/STM32H7xx_HAL_Driver/Src/stm32h7xx_hal_fdcan.c:318:19
	str	r0, [r1, #4]
	.loc	2 319 3 is_stmt 1               @ ../Drivers/STM32H7xx_HAL_Driver/Src/stm32h7xx_hal_fdcan.c:319:3
	b	.LBB0_4
.Ltmp7:
.LBB0_4:
	.loc	2 329 7                         @ ../Drivers/STM32H7xx_HAL_Driver/Src/stm32h7xx_hal_fdcan.c:329:7
	ldr	r0, [sp, #88]
	.loc	2 329 20 is_stmt 0              @ ../Drivers/STM32H7xx_HAL_Driver/Src/stm32h7xx_hal_fdcan.c:329:20
	ldr	r0, [r0, #8]
.Ltmp8:
	.loc	2 329 7                         @ ../Drivers/STM32H7xx_HAL_Driver/Src/stm32h7xx_hal_fdcan.c:329:7
	cmp.w	r0, #768
	bne	.LBB0_6
	b	.LBB0_5
.LBB0_5:
.Ltmp9:
	.loc	2 335 3 is_stmt 1               @ ../Drivers/STM32H7xx_HAL_Driver/Src/stm32h7xx_hal_fdcan.c:335:3
	b	.LBB0_6
.Ltmp10:
.LBB0_6:
	.loc	2 339 7                         @ ../Drivers/STM32H7xx_HAL_Driver/Src/stm32h7xx_hal_fdcan.c:339:7
	ldr	r0, [sp, #88]
	.loc	2 339 20 is_stmt 0              @ ../Drivers/STM32H7xx_HAL_Driver/Src/stm32h7xx_hal_fdcan.c:339:20
	ldr	r0, [r0, #64]
.Ltmp11:
	.loc	2 339 7                         @ ../Drivers/STM32H7xx_HAL_Driver/Src/stm32h7xx_hal_fdcan.c:339:7
	cbz	r0, .LBB0_8
	b	.LBB0_7
.LBB0_7:
.Ltmp12:
	.loc	2 342 3 is_stmt 1               @ ../Drivers/STM32H7xx_HAL_Driver/Src/stm32h7xx_hal_fdcan.c:342:3
	b	.LBB0_8
.Ltmp13:
.LBB0_8:
	.loc	2 344 7                         @ ../Drivers/STM32H7xx_HAL_Driver/Src/stm32h7xx_hal_fdcan.c:344:7
	ldr	r0, [sp, #88]
	.loc	2 344 20 is_stmt 0              @ ../Drivers/STM32H7xx_HAL_Driver/Src/stm32h7xx_hal_fdcan.c:344:20
	ldr	r0, [r0, #72]
.Ltmp14:
	.loc	2 344 7                         @ ../Drivers/STM32H7xx_HAL_Driver/Src/stm32h7xx_hal_fdcan.c:344:7
	cbz	r0, .LBB0_10
	b	.LBB0_9
.LBB0_9:
.Ltmp15:
	.loc	2 347 3 is_stmt 1               @ ../Drivers/STM32H7xx_HAL_Driver/Src/stm32h7xx_hal_fdcan.c:347:3
	b	.LBB0_10
.Ltmp16:
.LBB0_10:
	.loc	2 349 7                         @ ../Drivers/STM32H7xx_HAL_Driver/Src/stm32h7xx_hal_fdcan.c:349:7
	ldr	r0, [sp, #88]
	.loc	2 349 20 is_stmt 0              @ ../Drivers/STM32H7xx_HAL_Driver/Src/stm32h7xx_hal_fdcan.c:349:20
	ldr	r0, [r0, #80]
.Ltmp17:
	.loc	2 349 7                         @ ../Drivers/STM32H7xx_HAL_Driver/Src/stm32h7xx_hal_fdcan.c:349:7
	cbz	r0, .LBB0_12
	b	.LBB0_11
.LBB0_11:
.Ltmp18:
	.loc	2 352 3 is_stmt 1               @ ../Drivers/STM32H7xx_HAL_Driver/Src/stm32h7xx_hal_fdcan.c:352:3
	b	.LBB0_12
.Ltmp19:
.LBB0_12:
	.loc	2 355 7                         @ ../Drivers/STM32H7xx_HAL_Driver/Src/stm32h7xx_hal_fdcan.c:355:7
	ldr	r0, [sp, #88]
	.loc	2 355 20 is_stmt 0              @ ../Drivers/STM32H7xx_HAL_Driver/Src/stm32h7xx_hal_fdcan.c:355:20
	ldr	r0, [r0, #96]
.Ltmp20:
	.loc	2 355 7                         @ ../Drivers/STM32H7xx_HAL_Driver/Src/stm32h7xx_hal_fdcan.c:355:7
	cbz	r0, .LBB0_14
	b	.LBB0_13
.LBB0_13:
.Ltmp21:
	.loc	2 358 3 is_stmt 1               @ ../Drivers/STM32H7xx_HAL_Driver/Src/stm32h7xx_hal_fdcan.c:358:3
	b	.LBB0_14
.Ltmp22:
.LBB0_14:
	.loc	2 359 8                         @ ../Drivers/STM32H7xx_HAL_Driver/Src/stm32h7xx_hal_fdcan.c:359:8
	ldr	r1, [sp, #88]
	.loc	2 359 21 is_stmt 0              @ ../Drivers/STM32H7xx_HAL_Driver/Src/stm32h7xx_hal_fdcan.c:359:21
	ldr	r0, [r1, #92]
	.loc	2 359 49                        @ ../Drivers/STM32H7xx_HAL_Driver/Src/stm32h7xx_hal_fdcan.c:359:49
	ldr	r1, [r1, #96]
	.loc	2 359 34                        @ ../Drivers/STM32H7xx_HAL_Driver/Src/stm32h7xx_hal_fdcan.c:359:34
	add	r0, r1
.Ltmp23:
	.loc	2 359 7                         @ ../Drivers/STM32H7xx_HAL_Driver/Src/stm32h7xx_hal_fdcan.c:359:7
	cbz	r0, .LBB0_16
	b	.LBB0_15
.LBB0_15:
.Ltmp24:
	.loc	2 362 3 is_stmt 1               @ ../Drivers/STM32H7xx_HAL_Driver/Src/stm32h7xx_hal_fdcan.c:362:3
	b	.LBB0_16
.Ltmp25:
.LBB0_16:
	.loc	2 398 7                         @ ../Drivers/STM32H7xx_HAL_Driver/Src/stm32h7xx_hal_fdcan.c:398:7
	ldr	r0, [sp, #88]
	.loc	2 398 15 is_stmt 0              @ ../Drivers/STM32H7xx_HAL_Driver/Src/stm32h7xx_hal_fdcan.c:398:15
	ldrb.w	r0, [r0, #152]
.Ltmp26:
	.loc	2 398 7                         @ ../Drivers/STM32H7xx_HAL_Driver/Src/stm32h7xx_hal_fdcan.c:398:7
	cbnz	r0, .LBB0_18
	b	.LBB0_17
.LBB0_17:
.Ltmp27:
	.loc	2 401 5 is_stmt 1               @ ../Drivers/STM32H7xx_HAL_Driver/Src/stm32h7xx_hal_fdcan.c:401:5
	ldr	r1, [sp, #88]
	movs	r0, #0
	.loc	2 401 18 is_stmt 0              @ ../Drivers/STM32H7xx_HAL_Driver/Src/stm32h7xx_hal_fdcan.c:401:18
	strb.w	r0, [r1, #153]
	.loc	2 404 23 is_stmt 1              @ ../Drivers/STM32H7xx_HAL_Driver/Src/stm32h7xx_hal_fdcan.c:404:23
	ldr	r0, [sp, #88]
	.loc	2 404 5 is_stmt 0               @ ../Drivers/STM32H7xx_HAL_Driver/Src/stm32h7xx_hal_fdcan.c:404:5
	bl	HAL_FDCAN_MspInit
	.loc	2 405 3 is_stmt 1               @ ../Drivers/STM32H7xx_HAL_Driver/Src/stm32h7xx_hal_fdcan.c:405:3
	b	.LBB0_18
.Ltmp28:
.LBB0_18:
	.loc	2 409 3                         @ ../Drivers/STM32H7xx_HAL_Driver/Src/stm32h7xx_hal_fdcan.c:409:3
	ldr	r0, [sp, #88]
	ldr	r1, [r0]
	ldr	r0, [r1, #24]
	bic	r0, r0, #16
	str	r0, [r1, #24]
	.loc	2 412 15                        @ ../Drivers/STM32H7xx_HAL_Driver/Src/stm32h7xx_hal_fdcan.c:412:15
	bl	HAL_GetTick
	.loc	2 412 13 is_stmt 0              @ ../Drivers/STM32H7xx_HAL_Driver/Src/stm32h7xx_hal_fdcan.c:412:13
	str	r0, [sp, #84]
	.loc	2 415 3 is_stmt 1               @ ../Drivers/STM32H7xx_HAL_Driver/Src/stm32h7xx_hal_fdcan.c:415:3
	b	.LBB0_19
.LBB0_19:                               @ =>This Inner Loop Header: Depth=1
	.loc	2 415 11 is_stmt 0              @ ../Drivers/STM32H7xx_HAL_Driver/Src/stm32h7xx_hal_fdcan.c:415:11
	ldr	r0, [sp, #88]
	.loc	2 415 19                        @ ../Drivers/STM32H7xx_HAL_Driver/Src/stm32h7xx_hal_fdcan.c:415:19
	ldr	r0, [r0]
	.loc	2 415 29                        @ ../Drivers/STM32H7xx_HAL_Driver/Src/stm32h7xx_hal_fdcan.c:415:29
	ldr	r0, [r0, #24]
	.loc	2 415 3                         @ ../Drivers/STM32H7xx_HAL_Driver/Src/stm32h7xx_hal_fdcan.c:415:3
	lsls	r0, r0, #28
	cmp	r0, #0
	bpl	.LBB0_23
	b	.LBB0_20
.LBB0_20:                               @   in Loop: Header=BB0_19 Depth=1
.Ltmp29:
	.loc	2 417 10 is_stmt 1              @ ../Drivers/STM32H7xx_HAL_Driver/Src/stm32h7xx_hal_fdcan.c:417:10
	bl	HAL_GetTick
	.loc	2 417 26 is_stmt 0              @ ../Drivers/STM32H7xx_HAL_Driver/Src/stm32h7xx_hal_fdcan.c:417:26
	ldr	r1, [sp, #84]
	.loc	2 417 24                        @ ../Drivers/STM32H7xx_HAL_Driver/Src/stm32h7xx_hal_fdcan.c:417:24
	subs	r0, r0, r1
.Ltmp30:
	.loc	2 417 9                         @ ../Drivers/STM32H7xx_HAL_Driver/Src/stm32h7xx_hal_fdcan.c:417:9
	cmp	r0, #11
	blo	.LBB0_22
	b	.LBB0_21
.LBB0_21:
.Ltmp31:
	.loc	2 420 7 is_stmt 1               @ ../Drivers/STM32H7xx_HAL_Driver/Src/stm32h7xx_hal_fdcan.c:420:7
	ldr	r1, [sp, #88]
	.loc	2 420 25 is_stmt 0              @ ../Drivers/STM32H7xx_HAL_Driver/Src/stm32h7xx_hal_fdcan.c:420:25
	ldr.w	r0, [r1, #156]
	orr	r0, r0, #1
	str.w	r0, [r1, #156]
	.loc	2 423 7 is_stmt 1               @ ../Drivers/STM32H7xx_HAL_Driver/Src/stm32h7xx_hal_fdcan.c:423:7
	ldr	r1, [sp, #88]
	movs	r0, #3
	.loc	2 423 21 is_stmt 0              @ ../Drivers/STM32H7xx_HAL_Driver/Src/stm32h7xx_hal_fdcan.c:423:21
	strb.w	r0, [r1, #152]
	movs	r0, #1
	.loc	2 425 7 is_stmt 1               @ ../Drivers/STM32H7xx_HAL_Driver/Src/stm32h7xx_hal_fdcan.c:425:7
	strb.w	r0, [sp, #95]
	b	.LBB0_63
.Ltmp32:
.LBB0_22:                               @   in Loop: Header=BB0_19 Depth=1
	.loc	2 415 3                         @ ../Drivers/STM32H7xx_HAL_Driver/Src/stm32h7xx_hal_fdcan.c:415:3
	b	.LBB0_19
.LBB0_23:
	.loc	2 430 3                         @ ../Drivers/STM32H7xx_HAL_Driver/Src/stm32h7xx_hal_fdcan.c:430:3
	ldr	r0, [sp, #88]
	ldr	r1, [r0]
	ldr	r0, [r1, #24]
	orr	r0, r0, #1
	str	r0, [r1, #24]
	.loc	2 433 15                        @ ../Drivers/STM32H7xx_HAL_Driver/Src/stm32h7xx_hal_fdcan.c:433:15
	bl	HAL_GetTick
	.loc	2 433 13 is_stmt 0              @ ../Drivers/STM32H7xx_HAL_Driver/Src/stm32h7xx_hal_fdcan.c:433:13
	str	r0, [sp, #84]
	.loc	2 436 3 is_stmt 1               @ ../Drivers/STM32H7xx_HAL_Driver/Src/stm32h7xx_hal_fdcan.c:436:3
	b	.LBB0_24
.LBB0_24:                               @ =>This Inner Loop Header: Depth=1
	.loc	2 436 11 is_stmt 0              @ ../Drivers/STM32H7xx_HAL_Driver/Src/stm32h7xx_hal_fdcan.c:436:11
	ldr	r0, [sp, #88]
	.loc	2 436 19                        @ ../Drivers/STM32H7xx_HAL_Driver/Src/stm32h7xx_hal_fdcan.c:436:19
	ldr	r0, [r0]
	.loc	2 436 29                        @ ../Drivers/STM32H7xx_HAL_Driver/Src/stm32h7xx_hal_fdcan.c:436:29
	ldr	r0, [r0, #24]
	.loc	2 436 3                         @ ../Drivers/STM32H7xx_HAL_Driver/Src/stm32h7xx_hal_fdcan.c:436:3
	lsls	r0, r0, #31
	cbnz	r0, .LBB0_28
	b	.LBB0_25
.LBB0_25:                               @   in Loop: Header=BB0_24 Depth=1
.Ltmp33:
	.loc	2 439 10 is_stmt 1              @ ../Drivers/STM32H7xx_HAL_Driver/Src/stm32h7xx_hal_fdcan.c:439:10
	bl	HAL_GetTick
	.loc	2 439 26 is_stmt 0              @ ../Drivers/STM32H7xx_HAL_Driver/Src/stm32h7xx_hal_fdcan.c:439:26
	ldr	r1, [sp, #84]
	.loc	2 439 24                        @ ../Drivers/STM32H7xx_HAL_Driver/Src/stm32h7xx_hal_fdcan.c:439:24
	subs	r0, r0, r1
.Ltmp34:
	.loc	2 439 9                         @ ../Drivers/STM32H7xx_HAL_Driver/Src/stm32h7xx_hal_fdcan.c:439:9
	cmp	r0, #11
	blo	.LBB0_27
	b	.LBB0_26
.LBB0_26:
.Ltmp35:
	.loc	2 442 7 is_stmt 1               @ ../Drivers/STM32H7xx_HAL_Driver/Src/stm32h7xx_hal_fdcan.c:442:7
	ldr	r1, [sp, #88]
	.loc	2 442 25 is_stmt 0              @ ../Drivers/STM32H7xx_HAL_Driver/Src/stm32h7xx_hal_fdcan.c:442:25
	ldr.w	r0, [r1, #156]
	orr	r0, r0, #1
	str.w	r0, [r1, #156]
	.loc	2 445 7 is_stmt 1               @ ../Drivers/STM32H7xx_HAL_Driver/Src/stm32h7xx_hal_fdcan.c:445:7
	ldr	r1, [sp, #88]
	movs	r0, #3
	.loc	2 445 21 is_stmt 0              @ ../Drivers/STM32H7xx_HAL_Driver/Src/stm32h7xx_hal_fdcan.c:445:21
	strb.w	r0, [r1, #152]
	movs	r0, #1
	.loc	2 447 7 is_stmt 1               @ ../Drivers/STM32H7xx_HAL_Driver/Src/stm32h7xx_hal_fdcan.c:447:7
	strb.w	r0, [sp, #95]
	b	.LBB0_63
.Ltmp36:
.LBB0_27:                               @   in Loop: Header=BB0_24 Depth=1
	.loc	2 436 3                         @ ../Drivers/STM32H7xx_HAL_Driver/Src/stm32h7xx_hal_fdcan.c:436:3
	b	.LBB0_24
.LBB0_28:
	.loc	2 452 3                         @ ../Drivers/STM32H7xx_HAL_Driver/Src/stm32h7xx_hal_fdcan.c:452:3
	ldr	r0, [sp, #88]
	ldr	r1, [r0]
	ldr	r0, [r1, #24]
	orr	r0, r0, #2
	str	r0, [r1, #24]
.Ltmp37:
	.loc	2 455 7                         @ ../Drivers/STM32H7xx_HAL_Driver/Src/stm32h7xx_hal_fdcan.c:455:7
	ldr	r0, [sp, #88]
	.loc	2 455 20 is_stmt 0              @ ../Drivers/STM32H7xx_HAL_Driver/Src/stm32h7xx_hal_fdcan.c:455:20
	ldrb	r0, [r0, #16]
.Ltmp38:
	.loc	2 455 7                         @ ../Drivers/STM32H7xx_HAL_Driver/Src/stm32h7xx_hal_fdcan.c:455:7
	cmp	r0, #1
	bne	.LBB0_30
	b	.LBB0_29
.LBB0_29:
.Ltmp39:
	.loc	2 457 5 is_stmt 1               @ ../Drivers/STM32H7xx_HAL_Driver/Src/stm32h7xx_hal_fdcan.c:457:5
	ldr	r0, [sp, #88]
	ldr	r1, [r0]
	ldr	r0, [r1, #24]
	bic	r0, r0, #64
	str	r0, [r1, #24]
	.loc	2 458 3                         @ ../Drivers/STM32H7xx_HAL_Driver/Src/stm32h7xx_hal_fdcan.c:458:3
	b	.LBB0_31
.Ltmp40:
.LBB0_30:
	.loc	2 461 5                         @ ../Drivers/STM32H7xx_HAL_Driver/Src/stm32h7xx_hal_fdcan.c:461:5
	ldr	r0, [sp, #88]
	ldr	r1, [r0]
	ldr	r0, [r1, #24]
	orr	r0, r0, #64
	str	r0, [r1, #24]
	b	.LBB0_31
.Ltmp41:
.LBB0_31:
	.loc	2 465 7                         @ ../Drivers/STM32H7xx_HAL_Driver/Src/stm32h7xx_hal_fdcan.c:465:7
	ldr	r0, [sp, #88]
	.loc	2 465 20 is_stmt 0              @ ../Drivers/STM32H7xx_HAL_Driver/Src/stm32h7xx_hal_fdcan.c:465:20
	ldrb	r0, [r0, #17]
.Ltmp42:
	.loc	2 465 7                         @ ../Drivers/STM32H7xx_HAL_Driver/Src/stm32h7xx_hal_fdcan.c:465:7
	cmp	r0, #1
	bne	.LBB0_33
	b	.LBB0_32
.LBB0_32:
.Ltmp43:
	.loc	2 467 5 is_stmt 1               @ ../Drivers/STM32H7xx_HAL_Driver/Src/stm32h7xx_hal_fdcan.c:467:5
	ldr	r0, [sp, #88]
	ldr	r1, [r0]
	ldr	r0, [r1, #24]
	orr	r0, r0, #16384
	str	r0, [r1, #24]
	.loc	2 468 3                         @ ../Drivers/STM32H7xx_HAL_Driver/Src/stm32h7xx_hal_fdcan.c:468:3
	b	.LBB0_34
.Ltmp44:
.LBB0_33:
	.loc	2 471 5                         @ ../Drivers/STM32H7xx_HAL_Driver/Src/stm32h7xx_hal_fdcan.c:471:5
	ldr	r0, [sp, #88]
	ldr	r1, [r0]
	ldr	r0, [r1, #24]
	bic	r0, r0, #16384
	str	r0, [r1, #24]
	b	.LBB0_34
.Ltmp45:
.LBB0_34:
	.loc	2 475 7                         @ ../Drivers/STM32H7xx_HAL_Driver/Src/stm32h7xx_hal_fdcan.c:475:7
	ldr	r0, [sp, #88]
	.loc	2 475 20 is_stmt 0              @ ../Drivers/STM32H7xx_HAL_Driver/Src/stm32h7xx_hal_fdcan.c:475:20
	ldrb	r0, [r0, #18]
.Ltmp46:
	.loc	2 475 7                         @ ../Drivers/STM32H7xx_HAL_Driver/Src/stm32h7xx_hal_fdcan.c:475:7
	cmp	r0, #1
	bne	.LBB0_36
	b	.LBB0_35
.LBB0_35:
.Ltmp47:
	.loc	2 477 5 is_stmt 1               @ ../Drivers/STM32H7xx_HAL_Driver/Src/stm32h7xx_hal_fdcan.c:477:5
	ldr	r0, [sp, #88]
	ldr	r1, [r0]
	ldr	r0, [r1, #24]
	bic	r0, r0, #4096
	str	r0, [r1, #24]
	.loc	2 478 3                         @ ../Drivers/STM32H7xx_HAL_Driver/Src/stm32h7xx_hal_fdcan.c:478:3
	b	.LBB0_37
.Ltmp48:
.LBB0_36:
	.loc	2 481 5                         @ ../Drivers/STM32H7xx_HAL_Driver/Src/stm32h7xx_hal_fdcan.c:481:5
	ldr	r0, [sp, #88]
	ldr	r1, [r0]
	ldr	r0, [r1, #24]
	orr	r0, r0, #4096
	str	r0, [r1, #24]
	b	.LBB0_37
.Ltmp49:
.LBB0_37:
	.loc	2 485 3                         @ ../Drivers/STM32H7xx_HAL_Driver/Src/stm32h7xx_hal_fdcan.c:485:3
	ldr	r0, [sp, #88]
	ldr	r0, [r0]
	ldr	r0, [r0, #24]
	bic	r0, r0, #768
	ldr	r2, [sp, #88]
	ldr	r1, [r2]
	ldr	r2, [r2, #8]
	orrs	r0, r2
	str	r0, [r1, #24]
	.loc	2 488 3                         @ ../Drivers/STM32H7xx_HAL_Driver/Src/stm32h7xx_hal_fdcan.c:488:3
	ldr	r0, [sp, #88]
	ldr	r1, [r0]
	ldr	r0, [r1, #24]
	bic	r0, r0, #164
	str	r0, [r1, #24]
	.loc	2 489 3                         @ ../Drivers/STM32H7xx_HAL_Driver/Src/stm32h7xx_hal_fdcan.c:489:3
	ldr	r0, [sp, #88]
	ldr	r1, [r0]
	ldr	r0, [r1, #16]
	bic	r0, r0, #16
	str	r0, [r1, #16]
.Ltmp50:
	.loc	2 499 7                         @ ../Drivers/STM32H7xx_HAL_Driver/Src/stm32h7xx_hal_fdcan.c:499:7
	ldr	r0, [sp, #88]
	.loc	2 499 20 is_stmt 0              @ ../Drivers/STM32H7xx_HAL_Driver/Src/stm32h7xx_hal_fdcan.c:499:20
	ldr	r0, [r0, #12]
.Ltmp51:
	.loc	2 499 7                         @ ../Drivers/STM32H7xx_HAL_Driver/Src/stm32h7xx_hal_fdcan.c:499:7
	cmp	r0, #1
	bne	.LBB0_39
	b	.LBB0_38
.LBB0_38:
.Ltmp52:
	.loc	2 502 5 is_stmt 1               @ ../Drivers/STM32H7xx_HAL_Driver/Src/stm32h7xx_hal_fdcan.c:502:5
	ldr	r0, [sp, #88]
	ldr	r1, [r0]
	ldr	r0, [r1, #24]
	orr	r0, r0, #4
	str	r0, [r1, #24]
	.loc	2 503 3                         @ ../Drivers/STM32H7xx_HAL_Driver/Src/stm32h7xx_hal_fdcan.c:503:3
	b	.LBB0_48
.Ltmp53:
.LBB0_39:
	.loc	2 504 12                        @ ../Drivers/STM32H7xx_HAL_Driver/Src/stm32h7xx_hal_fdcan.c:504:12
	ldr	r0, [sp, #88]
	.loc	2 504 25 is_stmt 0              @ ../Drivers/STM32H7xx_HAL_Driver/Src/stm32h7xx_hal_fdcan.c:504:25
	ldr	r0, [r0, #12]
.Ltmp54:
	.loc	2 504 12                        @ ../Drivers/STM32H7xx_HAL_Driver/Src/stm32h7xx_hal_fdcan.c:504:12
	cbz	r0, .LBB0_46
	b	.LBB0_40
.LBB0_40:
.Ltmp55:
	.loc	2 506 9 is_stmt 1               @ ../Drivers/STM32H7xx_HAL_Driver/Src/stm32h7xx_hal_fdcan.c:506:9
	ldr	r0, [sp, #88]
	.loc	2 506 22 is_stmt 0              @ ../Drivers/STM32H7xx_HAL_Driver/Src/stm32h7xx_hal_fdcan.c:506:22
	ldr	r0, [r0, #12]
.Ltmp56:
	.loc	2 506 9                         @ ../Drivers/STM32H7xx_HAL_Driver/Src/stm32h7xx_hal_fdcan.c:506:9
	cmp	r0, #2
	beq	.LBB0_44
	b	.LBB0_41
.LBB0_41:
.Ltmp57:
	.loc	2 509 7 is_stmt 1               @ ../Drivers/STM32H7xx_HAL_Driver/Src/stm32h7xx_hal_fdcan.c:509:7
	ldr	r0, [sp, #88]
	ldr	r1, [r0]
	ldr	r0, [r1, #24]
	orr	r0, r0, #128
	str	r0, [r1, #24]
	.loc	2 512 7                         @ ../Drivers/STM32H7xx_HAL_Driver/Src/stm32h7xx_hal_fdcan.c:512:7
	ldr	r0, [sp, #88]
	ldr	r1, [r0]
	ldr	r0, [r1, #16]
	orr	r0, r0, #16
	str	r0, [r1, #16]
.Ltmp58:
	.loc	2 514 11                        @ ../Drivers/STM32H7xx_HAL_Driver/Src/stm32h7xx_hal_fdcan.c:514:11
	ldr	r0, [sp, #88]
	.loc	2 514 24 is_stmt 0              @ ../Drivers/STM32H7xx_HAL_Driver/Src/stm32h7xx_hal_fdcan.c:514:24
	ldr	r0, [r0, #12]
.Ltmp59:
	.loc	2 514 11                        @ ../Drivers/STM32H7xx_HAL_Driver/Src/stm32h7xx_hal_fdcan.c:514:11
	cmp	r0, #3
	bne	.LBB0_43
	b	.LBB0_42
.LBB0_42:
.Ltmp60:
	.loc	2 516 9 is_stmt 1               @ ../Drivers/STM32H7xx_HAL_Driver/Src/stm32h7xx_hal_fdcan.c:516:9
	ldr	r0, [sp, #88]
	ldr	r1, [r0]
	ldr	r0, [r1, #24]
	orr	r0, r0, #32
	str	r0, [r1, #24]
	.loc	2 517 7                         @ ../Drivers/STM32H7xx_HAL_Driver/Src/stm32h7xx_hal_fdcan.c:517:7
	b	.LBB0_43
.Ltmp61:
.LBB0_43:
	.loc	2 518 5                         @ ../Drivers/STM32H7xx_HAL_Driver/Src/stm32h7xx_hal_fdcan.c:518:5
	b	.LBB0_45
.Ltmp62:
.LBB0_44:
	.loc	2 522 7                         @ ../Drivers/STM32H7xx_HAL_Driver/Src/stm32h7xx_hal_fdcan.c:522:7
	ldr	r0, [sp, #88]
	ldr	r1, [r0]
	ldr	r0, [r1, #24]
	orr	r0, r0, #32
	str	r0, [r1, #24]
	b	.LBB0_45
.Ltmp63:
.LBB0_45:
	.loc	2 524 3                         @ ../Drivers/STM32H7xx_HAL_Driver/Src/stm32h7xx_hal_fdcan.c:524:3
	b	.LBB0_47
.Ltmp64:
.LBB0_46:
	.loc	2 0 3 is_stmt 0                 @ ../Drivers/STM32H7xx_HAL_Driver/Src/stm32h7xx_hal_fdcan.c:0:3
	b	.LBB0_47
.LBB0_47:
	b	.LBB0_48
.LBB0_48:
	.loc	2 531 41 is_stmt 1              @ ../Drivers/STM32H7xx_HAL_Driver/Src/stm32h7xx_hal_fdcan.c:531:41
	ldr	r2, [sp, #88]
	.loc	2 531 11 is_stmt 0              @ ../Drivers/STM32H7xx_HAL_Driver/Src/stm32h7xx_hal_fdcan.c:531:11
	ldr	r1, [r2]
	.loc	2 534 54 is_stmt 1              @ ../Drivers/STM32H7xx_HAL_Driver/Src/stm32h7xx_hal_fdcan.c:534:54
	ldr	r3, [r2, #20]
	.loc	2 531 54                        @ ../Drivers/STM32H7xx_HAL_Driver/Src/stm32h7xx_hal_fdcan.c:531:54
	ldr	r0, [r2, #24]
	.loc	2 532 54                        @ ../Drivers/STM32H7xx_HAL_Driver/Src/stm32h7xx_hal_fdcan.c:532:54
	ldr.w	lr, [r2, #28]
	.loc	2 531 81                        @ ../Drivers/STM32H7xx_HAL_Driver/Src/stm32h7xx_hal_fdcan.c:531:81
	sub.w	r12, r0, #1
	mvn	r0, #255
	.loc	2 532 76                        @ ../Drivers/STM32H7xx_HAL_Driver/Src/stm32h7xx_hal_fdcan.c:532:76
	add.w	r0, r0, lr, lsl #8
	.loc	2 531 105                       @ ../Drivers/STM32H7xx_HAL_Driver/Src/stm32h7xx_hal_fdcan.c:531:105
	orr.w	r0, r0, r12, lsl #25
	.loc	2 533 54                        @ ../Drivers/STM32H7xx_HAL_Driver/Src/stm32h7xx_hal_fdcan.c:533:54
	ldr	r2, [r2, #32]
	.loc	2 533 70 is_stmt 0              @ ../Drivers/STM32H7xx_HAL_Driver/Src/stm32h7xx_hal_fdcan.c:533:70
	subs	r2, #1
	.loc	2 532 105 is_stmt 1             @ ../Drivers/STM32H7xx_HAL_Driver/Src/stm32h7xx_hal_fdcan.c:532:105
	orrs	r0, r2
	movs	r2, #0
	movt	r2, #65535
	.loc	2 534 77                        @ ../Drivers/STM32H7xx_HAL_Driver/Src/stm32h7xx_hal_fdcan.c:534:77
	add.w	r2, r2, r3, lsl #16
	.loc	2 533 105                       @ ../Drivers/STM32H7xx_HAL_Driver/Src/stm32h7xx_hal_fdcan.c:533:105
	orrs	r0, r2
	.loc	2 531 26                        @ ../Drivers/STM32H7xx_HAL_Driver/Src/stm32h7xx_hal_fdcan.c:531:26
	str	r0, [r1, #28]
.Ltmp65:
	.loc	2 537 7                         @ ../Drivers/STM32H7xx_HAL_Driver/Src/stm32h7xx_hal_fdcan.c:537:7
	ldr	r0, [sp, #88]
	.loc	2 537 20 is_stmt 0              @ ../Drivers/STM32H7xx_HAL_Driver/Src/stm32h7xx_hal_fdcan.c:537:20
	ldr	r0, [r0, #8]
.Ltmp66:
	.loc	2 537 7                         @ ../Drivers/STM32H7xx_HAL_Driver/Src/stm32h7xx_hal_fdcan.c:537:7
	cmp.w	r0, #768
	bne	.LBB0_50
	b	.LBB0_49
.LBB0_49:
.Ltmp67:
	.loc	2 539 43 is_stmt 1              @ ../Drivers/STM32H7xx_HAL_Driver/Src/stm32h7xx_hal_fdcan.c:539:43
	ldr	r2, [sp, #88]
	.loc	2 539 13 is_stmt 0              @ ../Drivers/STM32H7xx_HAL_Driver/Src/stm32h7xx_hal_fdcan.c:539:13
	ldr	r1, [r2]
	.loc	2 542 56 is_stmt 1              @ ../Drivers/STM32H7xx_HAL_Driver/Src/stm32h7xx_hal_fdcan.c:542:56
	ldr	r3, [r2, #36]
	.loc	2 539 56                        @ ../Drivers/STM32H7xx_HAL_Driver/Src/stm32h7xx_hal_fdcan.c:539:56
	ldr	r0, [r2, #40]
	.loc	2 540 56                        @ ../Drivers/STM32H7xx_HAL_Driver/Src/stm32h7xx_hal_fdcan.c:540:56
	ldr.w	lr, [r2, #44]
	.loc	2 539 74                        @ ../Drivers/STM32H7xx_HAL_Driver/Src/stm32h7xx_hal_fdcan.c:539:74
	subs	r0, #1
	mvn	r12, #255
	.loc	2 540 75                        @ ../Drivers/STM32H7xx_HAL_Driver/Src/stm32h7xx_hal_fdcan.c:540:75
	add.w	r12, r12, lr, lsl #8
	.loc	2 539 105                       @ ../Drivers/STM32H7xx_HAL_Driver/Src/stm32h7xx_hal_fdcan.c:539:105
	orr.w	r0, r0, r12
	.loc	2 541 56                        @ ../Drivers/STM32H7xx_HAL_Driver/Src/stm32h7xx_hal_fdcan.c:541:56
	ldr.w	r12, [r2, #48]
	mvn	r2, #15
	.loc	2 541 75 is_stmt 0              @ ../Drivers/STM32H7xx_HAL_Driver/Src/stm32h7xx_hal_fdcan.c:541:75
	add.w	r2, r2, r12, lsl #4
	.loc	2 540 105 is_stmt 1             @ ../Drivers/STM32H7xx_HAL_Driver/Src/stm32h7xx_hal_fdcan.c:540:105
	orrs	r0, r2
	movs	r2, #0
	movt	r2, #65535
	.loc	2 542 76                        @ ../Drivers/STM32H7xx_HAL_Driver/Src/stm32h7xx_hal_fdcan.c:542:76
	add.w	r2, r2, r3, lsl #16
	.loc	2 541 105                       @ ../Drivers/STM32H7xx_HAL_Driver/Src/stm32h7xx_hal_fdcan.c:541:105
	orrs	r0, r2
	.loc	2 539 28                        @ ../Drivers/STM32H7xx_HAL_Driver/Src/stm32h7xx_hal_fdcan.c:539:28
	str	r0, [r1, #12]
	.loc	2 543 3                         @ ../Drivers/STM32H7xx_HAL_Driver/Src/stm32h7xx_hal_fdcan.c:543:3
	b	.LBB0_50
.Ltmp68:
.LBB0_50:
	.loc	2 545 7                         @ ../Drivers/STM32H7xx_HAL_Driver/Src/stm32h7xx_hal_fdcan.c:545:7
	ldr	r0, [sp, #88]
	.loc	2 545 20 is_stmt 0              @ ../Drivers/STM32H7xx_HAL_Driver/Src/stm32h7xx_hal_fdcan.c:545:20
	ldr	r0, [r0, #96]
.Ltmp69:
	.loc	2 545 7                         @ ../Drivers/STM32H7xx_HAL_Driver/Src/stm32h7xx_hal_fdcan.c:545:7
	cbz	r0, .LBB0_52
	b	.LBB0_51
.LBB0_51:
.Ltmp70:
	.loc	2 548 5 is_stmt 1               @ ../Drivers/STM32H7xx_HAL_Driver/Src/stm32h7xx_hal_fdcan.c:548:5
	ldr	r0, [sp, #88]
	ldr	r1, [r0]
	ldr	r2, [r0, #100]
	ldr.w	r0, [r1, #192]
	orrs	r0, r2
	str.w	r0, [r1, #192]
	.loc	2 549 3                         @ ../Drivers/STM32H7xx_HAL_Driver/Src/stm32h7xx_hal_fdcan.c:549:3
	b	.LBB0_52
.Ltmp71:
.LBB0_52:
	.loc	2 552 8                         @ ../Drivers/STM32H7xx_HAL_Driver/Src/stm32h7xx_hal_fdcan.c:552:8
	ldr	r1, [sp, #88]
	.loc	2 552 21 is_stmt 0              @ ../Drivers/STM32H7xx_HAL_Driver/Src/stm32h7xx_hal_fdcan.c:552:21
	ldr	r0, [r1, #92]
	.loc	2 552 49                        @ ../Drivers/STM32H7xx_HAL_Driver/Src/stm32h7xx_hal_fdcan.c:552:49
	ldr	r1, [r1, #96]
	.loc	2 552 34                        @ ../Drivers/STM32H7xx_HAL_Driver/Src/stm32h7xx_hal_fdcan.c:552:34
	add	r0, r1
.Ltmp72:
	.loc	2 552 7                         @ ../Drivers/STM32H7xx_HAL_Driver/Src/stm32h7xx_hal_fdcan.c:552:7
	cbz	r0, .LBB0_54
	b	.LBB0_53
.LBB0_53:
.Ltmp73:
	.loc	2 554 5 is_stmt 1               @ ../Drivers/STM32H7xx_HAL_Driver/Src/stm32h7xx_hal_fdcan.c:554:5
	ldr	r0, [sp, #88]
	ldr	r0, [r0]
	ldr.w	r0, [r0, #200]
	bic	r0, r0, #7
	ldr	r2, [sp, #88]
	ldr	r1, [r2]
	ldr	r3, [r2, #104]
	add	r2, sp, #4
	ldr.w	r2, [r2, r3, lsl #2]
	orrs	r0, r2
	str.w	r0, [r1, #200]
	.loc	2 555 3                         @ ../Drivers/STM32H7xx_HAL_Driver/Src/stm32h7xx_hal_fdcan.c:555:3
	b	.LBB0_54
.Ltmp74:
.LBB0_54:
	.loc	2 558 7                         @ ../Drivers/STM32H7xx_HAL_Driver/Src/stm32h7xx_hal_fdcan.c:558:7
	ldr	r0, [sp, #88]
	.loc	2 558 20 is_stmt 0              @ ../Drivers/STM32H7xx_HAL_Driver/Src/stm32h7xx_hal_fdcan.c:558:20
	ldr	r0, [r0, #64]
.Ltmp75:
	.loc	2 558 7                         @ ../Drivers/STM32H7xx_HAL_Driver/Src/stm32h7xx_hal_fdcan.c:558:7
	cbz	r0, .LBB0_56
	b	.LBB0_55
.LBB0_55:
.Ltmp76:
	.loc	2 560 5 is_stmt 1               @ ../Drivers/STM32H7xx_HAL_Driver/Src/stm32h7xx_hal_fdcan.c:560:5
	ldr	r0, [sp, #88]
	ldr	r0, [r0]
	ldr.w	r0, [r0, #188]
	bic	r0, r0, #7
	ldr	r2, [sp, #88]
	ldr	r1, [r2]
	ldr	r3, [r2, #68]
	add	r2, sp, #4
	ldr.w	r2, [r2, r3, lsl #2]
	orrs	r0, r2
	str.w	r0, [r1, #188]
	.loc	2 562 3                         @ ../Drivers/STM32H7xx_HAL_Driver/Src/stm32h7xx_hal_fdcan.c:562:3
	b	.LBB0_56
.Ltmp77:
.LBB0_56:
	.loc	2 565 7                         @ ../Drivers/STM32H7xx_HAL_Driver/Src/stm32h7xx_hal_fdcan.c:565:7
	ldr	r0, [sp, #88]
	.loc	2 565 20 is_stmt 0              @ ../Drivers/STM32H7xx_HAL_Driver/Src/stm32h7xx_hal_fdcan.c:565:20
	ldr	r0, [r0, #72]
.Ltmp78:
	.loc	2 565 7                         @ ../Drivers/STM32H7xx_HAL_Driver/Src/stm32h7xx_hal_fdcan.c:565:7
	cbz	r0, .LBB0_58
	b	.LBB0_57
.LBB0_57:
.Ltmp79:
	.loc	2 567 5 is_stmt 1               @ ../Drivers/STM32H7xx_HAL_Driver/Src/stm32h7xx_hal_fdcan.c:567:5
	ldr	r0, [sp, #88]
	ldr	r0, [r0]
	ldr.w	r0, [r0, #188]
	bic	r0, r0, #112
	ldr	r2, [sp, #88]
	ldr	r1, [r2]
	ldr	r3, [r2, #76]
	add	r2, sp, #4
	ldr.w	r2, [r2, r3, lsl #2]
	orr.w	r0, r0, r2, lsl #4
	str.w	r0, [r1, #188]
	.loc	2 569 3                         @ ../Drivers/STM32H7xx_HAL_Driver/Src/stm32h7xx_hal_fdcan.c:569:3
	b	.LBB0_58
.Ltmp80:
.LBB0_58:
	.loc	2 572 7                         @ ../Drivers/STM32H7xx_HAL_Driver/Src/stm32h7xx_hal_fdcan.c:572:7
	ldr	r0, [sp, #88]
	.loc	2 572 20 is_stmt 0              @ ../Drivers/STM32H7xx_HAL_Driver/Src/stm32h7xx_hal_fdcan.c:572:20
	ldr	r0, [r0, #80]
.Ltmp81:
	.loc	2 572 7                         @ ../Drivers/STM32H7xx_HAL_Driver/Src/stm32h7xx_hal_fdcan.c:572:7
	cbz	r0, .LBB0_60
	b	.LBB0_59
.LBB0_59:
.Ltmp82:
	.loc	2 574 5 is_stmt 1               @ ../Drivers/STM32H7xx_HAL_Driver/Src/stm32h7xx_hal_fdcan.c:574:5
	ldr	r0, [sp, #88]
	ldr	r0, [r0]
	ldr.w	r0, [r0, #188]
	bic	r0, r0, #1792
	ldr	r2, [sp, #88]
	ldr	r1, [r2]
	ldr	r3, [r2, #84]
	add	r2, sp, #4
	ldr.w	r2, [r2, r3, lsl #2]
	orr.w	r0, r0, r2, lsl #8
	str.w	r0, [r1, #188]
	.loc	2 576 3                         @ ../Drivers/STM32H7xx_HAL_Driver/Src/stm32h7xx_hal_fdcan.c:576:3
	b	.LBB0_60
.Ltmp83:
.LBB0_60:
	.loc	2 581 7                         @ ../Drivers/STM32H7xx_HAL_Driver/Src/stm32h7xx_hal_fdcan.c:581:7
	ldr	r0, [sp, #88]
	.loc	2 581 15 is_stmt 0              @ ../Drivers/STM32H7xx_HAL_Driver/Src/stm32h7xx_hal_fdcan.c:581:15
	ldr	r0, [r0]
	movw	r1, #40960
	movt	r1, #16384
.Ltmp84:
	.loc	2 581 7                         @ ../Drivers/STM32H7xx_HAL_Driver/Src/stm32h7xx_hal_fdcan.c:581:7
	cmp	r0, r1
	bne	.LBB0_62
	b	.LBB0_61
.LBB0_61:
.Ltmp85:
	.loc	2 583 5 is_stmt 1               @ ../Drivers/STM32H7xx_HAL_Driver/Src/stm32h7xx_hal_fdcan.c:583:5
	ldr	r0, [sp, #88]
	ldr	r1, [r0, #4]
	ldr	r0, [r1, #8]
	bic	r0, r0, #3
	str	r0, [r1, #8]
	.loc	2 584 3                         @ ../Drivers/STM32H7xx_HAL_Driver/Src/stm32h7xx_hal_fdcan.c:584:3
	b	.LBB0_62
.Ltmp86:
.LBB0_62:
	.loc	2 587 3                         @ ../Drivers/STM32H7xx_HAL_Driver/Src/stm32h7xx_hal_fdcan.c:587:3
	ldr	r1, [sp, #88]
	movs	r0, #0
	.loc	2 587 32 is_stmt 0              @ ../Drivers/STM32H7xx_HAL_Driver/Src/stm32h7xx_hal_fdcan.c:587:32
	str.w	r0, [r1, #148]
	.loc	2 590 3 is_stmt 1               @ ../Drivers/STM32H7xx_HAL_Driver/Src/stm32h7xx_hal_fdcan.c:590:3
	ldr	r1, [sp, #88]
	.loc	2 590 21 is_stmt 0              @ ../Drivers/STM32H7xx_HAL_Driver/Src/stm32h7xx_hal_fdcan.c:590:21
	str.w	r0, [r1, #156]
	.loc	2 593 3 is_stmt 1               @ ../Drivers/STM32H7xx_HAL_Driver/Src/stm32h7xx_hal_fdcan.c:593:3
	ldr	r1, [sp, #88]
	movs	r0, #1
	.loc	2 593 17 is_stmt 0              @ ../Drivers/STM32H7xx_HAL_Driver/Src/stm32h7xx_hal_fdcan.c:593:17
	strb.w	r0, [r1, #152]
	.loc	2 596 45 is_stmt 1              @ ../Drivers/STM32H7xx_HAL_Driver/Src/stm32h7xx_hal_fdcan.c:596:45
	ldr	r0, [sp, #88]
	.loc	2 596 12 is_stmt 0              @ ../Drivers/STM32H7xx_HAL_Driver/Src/stm32h7xx_hal_fdcan.c:596:12
	bl	FDCAN_CalculateRamBlockAddresses
	.loc	2 596 10                        @ ../Drivers/STM32H7xx_HAL_Driver/Src/stm32h7xx_hal_fdcan.c:596:10
	strb.w	r0, [sp, #83]
	.loc	2 599 10 is_stmt 1              @ ../Drivers/STM32H7xx_HAL_Driver/Src/stm32h7xx_hal_fdcan.c:599:10
	ldrb.w	r0, [sp, #83]
	.loc	2 599 3 is_stmt 0               @ ../Drivers/STM32H7xx_HAL_Driver/Src/stm32h7xx_hal_fdcan.c:599:3
	strb.w	r0, [sp, #95]
	b	.LBB0_63
.LBB0_63:
	.loc	2 600 1 is_stmt 1               @ ../Drivers/STM32H7xx_HAL_Driver/Src/stm32h7xx_hal_fdcan.c:600:1
	ldrb.w	r0, [sp, #95]
	.loc	2 600 1 epilogue_begin is_stmt 0 @ ../Drivers/STM32H7xx_HAL_Driver/Src/stm32h7xx_hal_fdcan.c:600:1
	add	sp, #96
	pop	{r7, pc}
.Ltmp87:
.Lfunc_end0:
	.size	HAL_FDCAN_Init, .Lfunc_end0-HAL_FDCAN_Init
	.cfi_endproc
	.cantunwind
	.fnend
                                        @ -- End function
	.section	.text.HAL_FDCAN_MspInit,"ax",%progbits
	.hidden	HAL_FDCAN_MspInit               @ -- Begin function HAL_FDCAN_MspInit
	.weak	HAL_FDCAN_MspInit
	.p2align	3
	.type	HAL_FDCAN_MspInit,%function
	.code	16                              @ @HAL_FDCAN_MspInit
	.thumb_func
HAL_FDCAN_MspInit:
.Lfunc_begin1:
	.loc	2 655 0 is_stmt 1               @ ../Drivers/STM32H7xx_HAL_Driver/Src/stm32h7xx_hal_fdcan.c:655:0
	.fnstart
	.cfi_startproc
@ %bb.0:
	.pad	#4
	sub	sp, #4
	.cfi_def_cfa_offset 4
	str	r0, [sp]
.Ltmp88:
	.loc	2 661 1 prologue_end epilogue_begin @ ../Drivers/STM32H7xx_HAL_Driver/Src/stm32h7xx_hal_fdcan.c:661:1
	add	sp, #4
	bx	lr
.Ltmp89:
.Lfunc_end1:
	.size	HAL_FDCAN_MspInit, .Lfunc_end1-HAL_FDCAN_MspInit
	.cfi_endproc
	.cantunwind
	.fnend
                                        @ -- End function
	.section	.text.FDCAN_CalculateRamBlockAddresses,"ax",%progbits
	.p2align	3                               @ -- Begin function FDCAN_CalculateRamBlockAddresses
	.type	FDCAN_CalculateRamBlockAddresses,%function
	.code	16                              @ @FDCAN_CalculateRamBlockAddresses
	.thumb_func
FDCAN_CalculateRamBlockAddresses:
.Lfunc_begin2:
	.loc	2 6102 0                        @ ../Drivers/STM32H7xx_HAL_Driver/Src/stm32h7xx_hal_fdcan.c:6102:0
	.fnstart
	.cfi_startproc
@ %bb.0:
	.pad	#16
	sub	sp, #16
	.cfi_def_cfa_offset 16
	str	r0, [sp, #8]
.Ltmp90:
	.loc	2 6106 18 prologue_end          @ ../Drivers/STM32H7xx_HAL_Driver/Src/stm32h7xx_hal_fdcan.c:6106:18
	ldr	r0, [sp, #8]
	.loc	2 6106 31 is_stmt 0             @ ../Drivers/STM32H7xx_HAL_Driver/Src/stm32h7xx_hal_fdcan.c:6106:31
	ldr	r0, [r0, #52]
	.loc	2 6106 16                       @ ../Drivers/STM32H7xx_HAL_Driver/Src/stm32h7xx_hal_fdcan.c:6106:16
	str	r0, [sp]
	.loc	2 6109 3 is_stmt 1              @ ../Drivers/STM32H7xx_HAL_Driver/Src/stm32h7xx_hal_fdcan.c:6109:3
	ldr	r0, [sp, #8]
	ldr	r0, [r0]
	ldr.w	r0, [r0, #132]
	movw	r1, #65532
	bics	r0, r1
	ldr	r1, [sp]
	orr.w	r0, r0, r1, lsl #2
	ldr	r1, [sp, #8]
	ldr	r1, [r1]
	str.w	r0, [r1, #132]
	.loc	2 6112 3                        @ ../Drivers/STM32H7xx_HAL_Driver/Src/stm32h7xx_hal_fdcan.c:6112:3
	ldr	r0, [sp, #8]
	ldr	r0, [r0]
	ldr.w	r0, [r0, #132]
	bic	r0, r0, #16711680
	ldr	r2, [sp, #8]
	ldr	r1, [r2]
	ldr	r2, [r2, #56]
	orr.w	r0, r0, r2, lsl #16
	str.w	r0, [r1, #132]
	.loc	2 6115 19                       @ ../Drivers/STM32H7xx_HAL_Driver/Src/stm32h7xx_hal_fdcan.c:6115:19
	ldr	r0, [sp, #8]
	.loc	2 6115 32 is_stmt 0             @ ../Drivers/STM32H7xx_HAL_Driver/Src/stm32h7xx_hal_fdcan.c:6115:32
	ldr	r1, [r0, #56]
	.loc	2 6115 16                       @ ../Drivers/STM32H7xx_HAL_Driver/Src/stm32h7xx_hal_fdcan.c:6115:16
	ldr	r0, [sp]
	add	r0, r1
	str	r0, [sp]
	.loc	2 6116 3 is_stmt 1              @ ../Drivers/STM32H7xx_HAL_Driver/Src/stm32h7xx_hal_fdcan.c:6116:3
	ldr	r0, [sp, #8]
	ldr	r0, [r0]
	ldr.w	r0, [r0, #136]
	bfc	r0, #2, #14
	ldr	r1, [sp]
	orr.w	r0, r0, r1, lsl #2
	ldr	r1, [sp, #8]
	ldr	r1, [r1]
	str.w	r0, [r1, #136]
	.loc	2 6119 3                        @ ../Drivers/STM32H7xx_HAL_Driver/Src/stm32h7xx_hal_fdcan.c:6119:3
	ldr	r0, [sp, #8]
	ldr	r0, [r0]
	ldr.w	r0, [r0, #136]
	bic	r0, r0, #8323072
	ldr	r2, [sp, #8]
	ldr	r1, [r2]
	ldr	r2, [r2, #60]
	orr.w	r0, r0, r2, lsl #16
	str.w	r0, [r1, #136]
	.loc	2 6122 20                       @ ../Drivers/STM32H7xx_HAL_Driver/Src/stm32h7xx_hal_fdcan.c:6122:20
	ldr	r0, [sp, #8]
	.loc	2 6122 33 is_stmt 0             @ ../Drivers/STM32H7xx_HAL_Driver/Src/stm32h7xx_hal_fdcan.c:6122:33
	ldr	r1, [r0, #60]
	.loc	2 6122 16                       @ ../Drivers/STM32H7xx_HAL_Driver/Src/stm32h7xx_hal_fdcan.c:6122:16
	ldr	r0, [sp]
	add.w	r0, r0, r1, lsl #1
	str	r0, [sp]
	.loc	2 6123 3 is_stmt 1              @ ../Drivers/STM32H7xx_HAL_Driver/Src/stm32h7xx_hal_fdcan.c:6123:3
	ldr	r0, [sp, #8]
	ldr	r0, [r0]
	ldr.w	r0, [r0, #160]
	bfc	r0, #2, #14
	ldr	r1, [sp]
	orr.w	r0, r0, r1, lsl #2
	ldr	r1, [sp, #8]
	ldr	r1, [r1]
	str.w	r0, [r1, #160]
	.loc	2 6126 3                        @ ../Drivers/STM32H7xx_HAL_Driver/Src/stm32h7xx_hal_fdcan.c:6126:3
	ldr	r0, [sp, #8]
	ldr	r0, [r0]
	ldr.w	r0, [r0, #160]
	bic	r0, r0, #8323072
	ldr	r2, [sp, #8]
	ldr	r1, [r2]
	ldr	r2, [r2, #64]
	orr.w	r0, r0, r2, lsl #16
	str.w	r0, [r1, #160]
	.loc	2 6129 20                       @ ../Drivers/STM32H7xx_HAL_Driver/Src/stm32h7xx_hal_fdcan.c:6129:20
	ldr	r1, [sp, #8]
	.loc	2 6129 33 is_stmt 0             @ ../Drivers/STM32H7xx_HAL_Driver/Src/stm32h7xx_hal_fdcan.c:6129:33
	ldr	r0, [r1, #64]
	.loc	2 6129 64                       @ ../Drivers/STM32H7xx_HAL_Driver/Src/stm32h7xx_hal_fdcan.c:6129:64
	ldr	r1, [r1, #68]
	.loc	2 6129 16                       @ ../Drivers/STM32H7xx_HAL_Driver/Src/stm32h7xx_hal_fdcan.c:6129:16
	ldr	r2, [sp]
	mla	r0, r0, r1, r2
	str	r0, [sp]
	.loc	2 6130 3 is_stmt 1              @ ../Drivers/STM32H7xx_HAL_Driver/Src/stm32h7xx_hal_fdcan.c:6130:3
	ldr	r0, [sp, #8]
	ldr	r0, [r0]
	ldr.w	r0, [r0, #176]
	bfc	r0, #2, #14
	ldr	r1, [sp]
	orr.w	r0, r0, r1, lsl #2
	ldr	r1, [sp, #8]
	ldr	r1, [r1]
	str.w	r0, [r1, #176]
	.loc	2 6133 3                        @ ../Drivers/STM32H7xx_HAL_Driver/Src/stm32h7xx_hal_fdcan.c:6133:3
	ldr	r0, [sp, #8]
	ldr	r0, [r0]
	ldr.w	r0, [r0, #176]
	bic	r0, r0, #8323072
	ldr	r2, [sp, #8]
	ldr	r1, [r2]
	ldr	r2, [r2, #72]
	orr.w	r0, r0, r2, lsl #16
	str.w	r0, [r1, #176]
	.loc	2 6136 20                       @ ../Drivers/STM32H7xx_HAL_Driver/Src/stm32h7xx_hal_fdcan.c:6136:20
	ldr	r1, [sp, #8]
	.loc	2 6136 33 is_stmt 0             @ ../Drivers/STM32H7xx_HAL_Driver/Src/stm32h7xx_hal_fdcan.c:6136:33
	ldr	r0, [r1, #72]
	.loc	2 6136 64                       @ ../Drivers/STM32H7xx_HAL_Driver/Src/stm32h7xx_hal_fdcan.c:6136:64
	ldr	r1, [r1, #76]
	.loc	2 6136 16                       @ ../Drivers/STM32H7xx_HAL_Driver/Src/stm32h7xx_hal_fdcan.c:6136:16
	ldr	r2, [sp]
	mla	r0, r0, r1, r2
	str	r0, [sp]
	.loc	2 6137 3 is_stmt 1              @ ../Drivers/STM32H7xx_HAL_Driver/Src/stm32h7xx_hal_fdcan.c:6137:3
	ldr	r0, [sp, #8]
	ldr	r0, [r0]
	ldr.w	r0, [r0, #172]
	bfc	r0, #2, #14
	ldr	r1, [sp]
	orr.w	r0, r0, r1, lsl #2
	ldr	r1, [sp, #8]
	ldr	r1, [r1]
	str.w	r0, [r1, #172]
	.loc	2 6140 20                       @ ../Drivers/STM32H7xx_HAL_Driver/Src/stm32h7xx_hal_fdcan.c:6140:20
	ldr	r1, [sp, #8]
	.loc	2 6140 33 is_stmt 0             @ ../Drivers/STM32H7xx_HAL_Driver/Src/stm32h7xx_hal_fdcan.c:6140:33
	ldr	r0, [r1, #80]
	.loc	2 6140 61                       @ ../Drivers/STM32H7xx_HAL_Driver/Src/stm32h7xx_hal_fdcan.c:6140:61
	ldr	r1, [r1, #84]
	.loc	2 6140 16                       @ ../Drivers/STM32H7xx_HAL_Driver/Src/stm32h7xx_hal_fdcan.c:6140:16
	ldr	r2, [sp]
	mla	r0, r0, r1, r2
	str	r0, [sp]
	.loc	2 6141 3 is_stmt 1              @ ../Drivers/STM32H7xx_HAL_Driver/Src/stm32h7xx_hal_fdcan.c:6141:3
	ldr	r0, [sp, #8]
	ldr	r0, [r0]
	ldr.w	r0, [r0, #240]
	bfc	r0, #2, #14
	ldr	r1, [sp]
	orr.w	r0, r0, r1, lsl #2
	ldr	r1, [sp, #8]
	ldr	r1, [r1]
	str.w	r0, [r1, #240]
	.loc	2 6144 3                        @ ../Drivers/STM32H7xx_HAL_Driver/Src/stm32h7xx_hal_fdcan.c:6144:3
	ldr	r0, [sp, #8]
	ldr	r0, [r0]
	ldr.w	r0, [r0, #240]
	bic	r0, r0, #4128768
	ldr	r2, [sp, #8]
	ldr	r1, [r2]
	ldr	r2, [r2, #88]
	orr.w	r0, r0, r2, lsl #16
	str.w	r0, [r1, #240]
	.loc	2 6147 20                       @ ../Drivers/STM32H7xx_HAL_Driver/Src/stm32h7xx_hal_fdcan.c:6147:20
	ldr	r0, [sp, #8]
	.loc	2 6147 33 is_stmt 0             @ ../Drivers/STM32H7xx_HAL_Driver/Src/stm32h7xx_hal_fdcan.c:6147:33
	ldr	r1, [r0, #88]
	.loc	2 6147 16                       @ ../Drivers/STM32H7xx_HAL_Driver/Src/stm32h7xx_hal_fdcan.c:6147:16
	ldr	r0, [sp]
	add.w	r0, r0, r1, lsl #1
	str	r0, [sp]
	.loc	2 6148 3 is_stmt 1              @ ../Drivers/STM32H7xx_HAL_Driver/Src/stm32h7xx_hal_fdcan.c:6148:3
	ldr	r0, [sp, #8]
	ldr	r0, [r0]
	ldr.w	r0, [r0, #192]
	bfc	r0, #2, #14
	ldr	r1, [sp]
	orr.w	r0, r0, r1, lsl #2
	ldr	r1, [sp, #8]
	ldr	r1, [r1]
	str.w	r0, [r1, #192]
	.loc	2 6151 3                        @ ../Drivers/STM32H7xx_HAL_Driver/Src/stm32h7xx_hal_fdcan.c:6151:3
	ldr	r0, [sp, #8]
	ldr	r0, [r0]
	ldr.w	r0, [r0, #192]
	bic	r0, r0, #4128768
	ldr	r2, [sp, #8]
	ldr	r1, [r2]
	ldr	r2, [r2, #92]
	orr.w	r0, r0, r2, lsl #16
	str.w	r0, [r1, #192]
	.loc	2 6154 3                        @ ../Drivers/STM32H7xx_HAL_Driver/Src/stm32h7xx_hal_fdcan.c:6154:3
	ldr	r0, [sp, #8]
	ldr	r0, [r0]
	ldr.w	r0, [r0, #192]
	bic	r0, r0, #1056964608
	ldr	r2, [sp, #8]
	ldr	r1, [r2]
	ldr	r2, [r2, #96]
	orr.w	r0, r0, r2, lsl #24
	str.w	r0, [r1, #192]
	.loc	2 6156 53                       @ ../Drivers/STM32H7xx_HAL_Driver/Src/stm32h7xx_hal_fdcan.c:6156:53
	ldr	r1, [sp, #8]
	.loc	2 6156 66 is_stmt 0             @ ../Drivers/STM32H7xx_HAL_Driver/Src/stm32h7xx_hal_fdcan.c:6156:66
	ldr	r2, [r1, #52]
	movw	r0, #44032
	movt	r0, #16384
	.loc	2 6156 50                       @ ../Drivers/STM32H7xx_HAL_Driver/Src/stm32h7xx_hal_fdcan.c:6156:50
	add.w	r0, r0, r2, lsl #2
	.loc	2 6156 35                       @ ../Drivers/STM32H7xx_HAL_Driver/Src/stm32h7xx_hal_fdcan.c:6156:35
	str	r0, [r1, #108]
	.loc	2 6157 37 is_stmt 1             @ ../Drivers/STM32H7xx_HAL_Driver/Src/stm32h7xx_hal_fdcan.c:6157:37
	ldr	r1, [sp, #8]
	.loc	2 6157 85 is_stmt 0             @ ../Drivers/STM32H7xx_HAL_Driver/Src/stm32h7xx_hal_fdcan.c:6157:85
	ldr	r2, [r1, #56]
	.loc	2 6157 52                       @ ../Drivers/STM32H7xx_HAL_Driver/Src/stm32h7xx_hal_fdcan.c:6157:52
	ldr	r0, [r1, #108]
	.loc	2 6157 69                       @ ../Drivers/STM32H7xx_HAL_Driver/Src/stm32h7xx_hal_fdcan.c:6157:69
	add.w	r0, r0, r2, lsl #2
	.loc	2 6157 35                       @ ../Drivers/STM32H7xx_HAL_Driver/Src/stm32h7xx_hal_fdcan.c:6157:35
	str	r0, [r1, #112]
	.loc	2 6158 30 is_stmt 1             @ ../Drivers/STM32H7xx_HAL_Driver/Src/stm32h7xx_hal_fdcan.c:6158:30
	ldr	r1, [sp, #8]
	.loc	2 6158 78 is_stmt 0             @ ../Drivers/STM32H7xx_HAL_Driver/Src/stm32h7xx_hal_fdcan.c:6158:78
	ldr	r2, [r1, #60]
	.loc	2 6158 45                       @ ../Drivers/STM32H7xx_HAL_Driver/Src/stm32h7xx_hal_fdcan.c:6158:45
	ldr	r0, [r1, #112]
	.loc	2 6158 62                       @ ../Drivers/STM32H7xx_HAL_Driver/Src/stm32h7xx_hal_fdcan.c:6158:62
	add.w	r0, r0, r2, lsl #3
	.loc	2 6158 28                       @ ../Drivers/STM32H7xx_HAL_Driver/Src/stm32h7xx_hal_fdcan.c:6158:28
	str	r0, [r1, #116]
	.loc	2 6159 30 is_stmt 1             @ ../Drivers/STM32H7xx_HAL_Driver/Src/stm32h7xx_hal_fdcan.c:6159:30
	ldr	r1, [sp, #8]
	.loc	2 6160 44                       @ ../Drivers/STM32H7xx_HAL_Driver/Src/stm32h7xx_hal_fdcan.c:6160:44
	ldr	r2, [r1, #64]
	.loc	2 6160 75 is_stmt 0             @ ../Drivers/STM32H7xx_HAL_Driver/Src/stm32h7xx_hal_fdcan.c:6160:75
	ldr	r3, [r1, #68]
	.loc	2 6159 45 is_stmt 1             @ ../Drivers/STM32H7xx_HAL_Driver/Src/stm32h7xx_hal_fdcan.c:6159:45
	ldr	r0, [r1, #116]
	.loc	2 6160 60                       @ ../Drivers/STM32H7xx_HAL_Driver/Src/stm32h7xx_hal_fdcan.c:6160:60
	muls	r2, r3, r2
	.loc	2 6159 55                       @ ../Drivers/STM32H7xx_HAL_Driver/Src/stm32h7xx_hal_fdcan.c:6159:55
	add.w	r0, r0, r2, lsl #2
	.loc	2 6159 28 is_stmt 0             @ ../Drivers/STM32H7xx_HAL_Driver/Src/stm32h7xx_hal_fdcan.c:6159:28
	str	r0, [r1, #120]
	.loc	2 6161 31 is_stmt 1             @ ../Drivers/STM32H7xx_HAL_Driver/Src/stm32h7xx_hal_fdcan.c:6161:31
	ldr	r1, [sp, #8]
	.loc	2 6162 45                       @ ../Drivers/STM32H7xx_HAL_Driver/Src/stm32h7xx_hal_fdcan.c:6162:45
	ldr	r2, [r1, #72]
	.loc	2 6162 76 is_stmt 0             @ ../Drivers/STM32H7xx_HAL_Driver/Src/stm32h7xx_hal_fdcan.c:6162:76
	ldr	r3, [r1, #76]
	.loc	2 6161 46 is_stmt 1             @ ../Drivers/STM32H7xx_HAL_Driver/Src/stm32h7xx_hal_fdcan.c:6161:46
	ldr	r0, [r1, #120]
	.loc	2 6162 61                       @ ../Drivers/STM32H7xx_HAL_Driver/Src/stm32h7xx_hal_fdcan.c:6162:61
	muls	r2, r3, r2
	.loc	2 6161 56                       @ ../Drivers/STM32H7xx_HAL_Driver/Src/stm32h7xx_hal_fdcan.c:6161:56
	add.w	r0, r0, r2, lsl #2
	.loc	2 6161 29 is_stmt 0             @ ../Drivers/STM32H7xx_HAL_Driver/Src/stm32h7xx_hal_fdcan.c:6161:29
	str	r0, [r1, #124]
	.loc	2 6163 34 is_stmt 1             @ ../Drivers/STM32H7xx_HAL_Driver/Src/stm32h7xx_hal_fdcan.c:6163:34
	ldr	r1, [sp, #8]
	.loc	2 6164 48                       @ ../Drivers/STM32H7xx_HAL_Driver/Src/stm32h7xx_hal_fdcan.c:6164:48
	ldr	r2, [r1, #80]
	.loc	2 6164 76 is_stmt 0             @ ../Drivers/STM32H7xx_HAL_Driver/Src/stm32h7xx_hal_fdcan.c:6164:76
	ldr	r3, [r1, #84]
	.loc	2 6163 49 is_stmt 1             @ ../Drivers/STM32H7xx_HAL_Driver/Src/stm32h7xx_hal_fdcan.c:6163:49
	ldr	r0, [r1, #124]
	.loc	2 6164 61                       @ ../Drivers/STM32H7xx_HAL_Driver/Src/stm32h7xx_hal_fdcan.c:6164:61
	muls	r2, r3, r2
	.loc	2 6163 60                       @ ../Drivers/STM32H7xx_HAL_Driver/Src/stm32h7xx_hal_fdcan.c:6163:60
	add.w	r0, r0, r2, lsl #2
	.loc	2 6163 32 is_stmt 0             @ ../Drivers/STM32H7xx_HAL_Driver/Src/stm32h7xx_hal_fdcan.c:6163:32
	str.w	r0, [r1, #128]
	.loc	2 6165 31 is_stmt 1             @ ../Drivers/STM32H7xx_HAL_Driver/Src/stm32h7xx_hal_fdcan.c:6165:31
	ldr	r1, [sp, #8]
	.loc	2 6165 76 is_stmt 0             @ ../Drivers/STM32H7xx_HAL_Driver/Src/stm32h7xx_hal_fdcan.c:6165:76
	ldr	r2, [r1, #88]
	.loc	2 6165 46                       @ ../Drivers/STM32H7xx_HAL_Driver/Src/stm32h7xx_hal_fdcan.c:6165:46
	ldr.w	r0, [r1, #128]
	.loc	2 6165 60                       @ ../Drivers/STM32H7xx_HAL_Driver/Src/stm32h7xx_hal_fdcan.c:6165:60
	add.w	r0, r0, r2, lsl #3
	.loc	2 6165 29                       @ ../Drivers/STM32H7xx_HAL_Driver/Src/stm32h7xx_hal_fdcan.c:6165:29
	str.w	r0, [r1, #132]
	.loc	2 6166 30 is_stmt 1             @ ../Drivers/STM32H7xx_HAL_Driver/Src/stm32h7xx_hal_fdcan.c:6166:30
	ldr	r1, [sp, #8]
	.loc	2 6166 72 is_stmt 0             @ ../Drivers/STM32H7xx_HAL_Driver/Src/stm32h7xx_hal_fdcan.c:6166:72
	ldr	r2, [r1, #92]
	.loc	2 6166 100                      @ ../Drivers/STM32H7xx_HAL_Driver/Src/stm32h7xx_hal_fdcan.c:6166:100
	ldr	r3, [r1, #104]
	.loc	2 6166 45                       @ ../Drivers/STM32H7xx_HAL_Driver/Src/stm32h7xx_hal_fdcan.c:6166:45
	ldr.w	r0, [r1, #132]
	.loc	2 6166 85                       @ ../Drivers/STM32H7xx_HAL_Driver/Src/stm32h7xx_hal_fdcan.c:6166:85
	muls	r2, r3, r2
	.loc	2 6166 56                       @ ../Drivers/STM32H7xx_HAL_Driver/Src/stm32h7xx_hal_fdcan.c:6166:56
	add.w	r0, r0, r2, lsl #2
	.loc	2 6166 28                       @ ../Drivers/STM32H7xx_HAL_Driver/Src/stm32h7xx_hal_fdcan.c:6166:28
	str.w	r0, [r1, #136]
	.loc	2 6168 31 is_stmt 1             @ ../Drivers/STM32H7xx_HAL_Driver/Src/stm32h7xx_hal_fdcan.c:6168:31
	ldr	r1, [sp, #8]
	.loc	2 6169 45                       @ ../Drivers/STM32H7xx_HAL_Driver/Src/stm32h7xx_hal_fdcan.c:6169:45
	ldr	r2, [r1, #96]
	.loc	2 6169 80 is_stmt 0             @ ../Drivers/STM32H7xx_HAL_Driver/Src/stm32h7xx_hal_fdcan.c:6169:80
	ldr	r3, [r1, #104]
	.loc	2 6168 46 is_stmt 1             @ ../Drivers/STM32H7xx_HAL_Driver/Src/stm32h7xx_hal_fdcan.c:6168:46
	ldr.w	r0, [r1, #136]
	.loc	2 6169 65                       @ ../Drivers/STM32H7xx_HAL_Driver/Src/stm32h7xx_hal_fdcan.c:6169:65
	muls	r2, r3, r2
	.loc	2 6168 56                       @ ../Drivers/STM32H7xx_HAL_Driver/Src/stm32h7xx_hal_fdcan.c:6168:56
	add.w	r0, r0, r2, lsl #2
	.loc	2 6168 29 is_stmt 0             @ ../Drivers/STM32H7xx_HAL_Driver/Src/stm32h7xx_hal_fdcan.c:6168:29
	str.w	r0, [r1, #144]
.Ltmp91:
	.loc	2 6171 7 is_stmt 1              @ ../Drivers/STM32H7xx_HAL_Driver/Src/stm32h7xx_hal_fdcan.c:6171:7
	ldr	r0, [sp, #8]
	.loc	2 6171 22 is_stmt 0             @ ../Drivers/STM32H7xx_HAL_Driver/Src/stm32h7xx_hal_fdcan.c:6171:22
	ldr.w	r0, [r0, #144]
	movw	r1, #54269
	movt	r1, #16384
.Ltmp92:
	.loc	2 6171 7                        @ ../Drivers/STM32H7xx_HAL_Driver/Src/stm32h7xx_hal_fdcan.c:6171:7
	cmp	r0, r1
	blo	.LBB2_2
	b	.LBB2_1
.LBB2_1:
.Ltmp93:
	.loc	2 6175 5 is_stmt 1              @ ../Drivers/STM32H7xx_HAL_Driver/Src/stm32h7xx_hal_fdcan.c:6175:5
	ldr	r1, [sp, #8]
	.loc	2 6175 23 is_stmt 0             @ ../Drivers/STM32H7xx_HAL_Driver/Src/stm32h7xx_hal_fdcan.c:6175:23
	ldr.w	r0, [r1, #156]
	orr	r0, r0, #32
	str.w	r0, [r1, #156]
	.loc	2 6178 5 is_stmt 1              @ ../Drivers/STM32H7xx_HAL_Driver/Src/stm32h7xx_hal_fdcan.c:6178:5
	ldr	r1, [sp, #8]
	movs	r0, #3
	.loc	2 6178 19 is_stmt 0             @ ../Drivers/STM32H7xx_HAL_Driver/Src/stm32h7xx_hal_fdcan.c:6178:19
	strb.w	r0, [r1, #152]
	movs	r0, #1
	.loc	2 6180 5 is_stmt 1              @ ../Drivers/STM32H7xx_HAL_Driver/Src/stm32h7xx_hal_fdcan.c:6180:5
	strb.w	r0, [sp, #15]
	b	.LBB2_8
.Ltmp94:
.LBB2_2:
	.loc	2 6185 23                       @ ../Drivers/STM32H7xx_HAL_Driver/Src/stm32h7xx_hal_fdcan.c:6185:23
	ldr	r0, [sp, #8]
	.loc	2 6185 38 is_stmt 0             @ ../Drivers/STM32H7xx_HAL_Driver/Src/stm32h7xx_hal_fdcan.c:6185:38
	ldr	r0, [r0, #108]
	.loc	2 6185 21                       @ ../Drivers/STM32H7xx_HAL_Driver/Src/stm32h7xx_hal_fdcan.c:6185:21
	str	r0, [sp, #4]
	.loc	2 6185 10                       @ ../Drivers/STM32H7xx_HAL_Driver/Src/stm32h7xx_hal_fdcan.c:6185:10
	b	.LBB2_3
.LBB2_3:                                @ =>This Inner Loop Header: Depth=1
.Ltmp95:
	.loc	2 6185 56                       @ ../Drivers/STM32H7xx_HAL_Driver/Src/stm32h7xx_hal_fdcan.c:6185:56
	ldr	r0, [sp, #4]
	.loc	2 6185 69                       @ ../Drivers/STM32H7xx_HAL_Driver/Src/stm32h7xx_hal_fdcan.c:6185:69
	ldr	r1, [sp, #8]
	.loc	2 6185 84                       @ ../Drivers/STM32H7xx_HAL_Driver/Src/stm32h7xx_hal_fdcan.c:6185:84
	ldr.w	r1, [r1, #144]
.Ltmp96:
	.loc	2 6185 5                        @ ../Drivers/STM32H7xx_HAL_Driver/Src/stm32h7xx_hal_fdcan.c:6185:5
	cmp	r0, r1
	bhs	.LBB2_6
	b	.LBB2_4
.LBB2_4:                                @   in Loop: Header=BB2_3 Depth=1
.Ltmp97:
	.loc	2 6187 21 is_stmt 1             @ ../Drivers/STM32H7xx_HAL_Driver/Src/stm32h7xx_hal_fdcan.c:6187:21
	ldr	r1, [sp, #4]
	movs	r0, #0
	.loc	2 6187 33 is_stmt 0             @ ../Drivers/STM32H7xx_HAL_Driver/Src/stm32h7xx_hal_fdcan.c:6187:33
	str	r0, [r1]
	.loc	2 6188 5 is_stmt 1              @ ../Drivers/STM32H7xx_HAL_Driver/Src/stm32h7xx_hal_fdcan.c:6188:5
	b	.LBB2_5
.Ltmp98:
.LBB2_5:                                @   in Loop: Header=BB2_3 Depth=1
	.loc	2 6185 107                      @ ../Drivers/STM32H7xx_HAL_Driver/Src/stm32h7xx_hal_fdcan.c:6185:107
	ldr	r0, [sp, #4]
	adds	r0, #4
	str	r0, [sp, #4]
	.loc	2 6185 5 is_stmt 0              @ ../Drivers/STM32H7xx_HAL_Driver/Src/stm32h7xx_hal_fdcan.c:6185:5
	b	.LBB2_3
.Ltmp99:
.LBB2_6:
	.loc	2 0 5                           @ ../Drivers/STM32H7xx_HAL_Driver/Src/stm32h7xx_hal_fdcan.c:0:5
	b	.LBB2_7
.LBB2_7:
	movs	r0, #0
	.loc	2 6192 3 is_stmt 1              @ ../Drivers/STM32H7xx_HAL_Driver/Src/stm32h7xx_hal_fdcan.c:6192:3
	strb.w	r0, [sp, #15]
	b	.LBB2_8
.LBB2_8:
	.loc	2 6193 1                        @ ../Drivers/STM32H7xx_HAL_Driver/Src/stm32h7xx_hal_fdcan.c:6193:1
	ldrb.w	r0, [sp, #15]
	.loc	2 6193 1 epilogue_begin is_stmt 0 @ ../Drivers/STM32H7xx_HAL_Driver/Src/stm32h7xx_hal_fdcan.c:6193:1
	add	sp, #16
	bx	lr
.Ltmp100:
.Lfunc_end2:
	.size	FDCAN_CalculateRamBlockAddresses, .Lfunc_end2-FDCAN_CalculateRamBlockAddresses
	.cfi_endproc
	.cantunwind
	.fnend
                                        @ -- End function
	.section	.text.HAL_FDCAN_DeInit,"ax",%progbits
	.hidden	HAL_FDCAN_DeInit                @ -- Begin function HAL_FDCAN_DeInit
	.globl	HAL_FDCAN_DeInit
	.p2align	3
	.type	HAL_FDCAN_DeInit,%function
	.code	16                              @ @HAL_FDCAN_DeInit
	.thumb_func
HAL_FDCAN_DeInit:
.Lfunc_begin3:
	.loc	2 609 0 is_stmt 1               @ ../Drivers/STM32H7xx_HAL_Driver/Src/stm32h7xx_hal_fdcan.c:609:0
	.fnstart
	.cfi_startproc
@ %bb.0:
	.save	{r7, lr}
	push	{r7, lr}
	.cfi_def_cfa_offset 8
	.cfi_offset lr, -4
	.cfi_offset r7, -8
	.pad	#8
	sub	sp, #8
	.cfi_def_cfa_offset 16
	str	r0, [sp]
.Ltmp101:
	.loc	2 611 7 prologue_end            @ ../Drivers/STM32H7xx_HAL_Driver/Src/stm32h7xx_hal_fdcan.c:611:7
	ldr	r0, [sp]
.Ltmp102:
	.loc	2 611 7 is_stmt 0               @ ../Drivers/STM32H7xx_HAL_Driver/Src/stm32h7xx_hal_fdcan.c:611:7
	cbnz	r0, .LBB3_2
	b	.LBB3_1
.LBB3_1:
	.loc	2 0 7                           @ ../Drivers/STM32H7xx_HAL_Driver/Src/stm32h7xx_hal_fdcan.c:0:7
	movs	r0, #1
.Ltmp103:
	.loc	2 613 5 is_stmt 1               @ ../Drivers/STM32H7xx_HAL_Driver/Src/stm32h7xx_hal_fdcan.c:613:5
	strb.w	r0, [sp, #7]
	b	.LBB3_3
.Ltmp104:
.LBB3_2:
	.loc	2 620 24                        @ ../Drivers/STM32H7xx_HAL_Driver/Src/stm32h7xx_hal_fdcan.c:620:24
	ldr	r0, [sp]
	.loc	2 620 9 is_stmt 0               @ ../Drivers/STM32H7xx_HAL_Driver/Src/stm32h7xx_hal_fdcan.c:620:9
	bl	HAL_FDCAN_Stop
	.loc	2 623 3 is_stmt 1               @ ../Drivers/STM32H7xx_HAL_Driver/Src/stm32h7xx_hal_fdcan.c:623:3
	ldr	r0, [sp]
	ldr	r1, [r0]
	ldr	r0, [r1, #92]
	bic	r0, r0, #3
	str	r0, [r1, #92]
	.loc	2 635 23                        @ ../Drivers/STM32H7xx_HAL_Driver/Src/stm32h7xx_hal_fdcan.c:635:23
	ldr	r0, [sp]
	.loc	2 635 3 is_stmt 0               @ ../Drivers/STM32H7xx_HAL_Driver/Src/stm32h7xx_hal_fdcan.c:635:3
	bl	HAL_FDCAN_MspDeInit
	.loc	2 639 3 is_stmt 1               @ ../Drivers/STM32H7xx_HAL_Driver/Src/stm32h7xx_hal_fdcan.c:639:3
	ldr	r1, [sp]
	movs	r0, #0
	.loc	2 639 21 is_stmt 0              @ ../Drivers/STM32H7xx_HAL_Driver/Src/stm32h7xx_hal_fdcan.c:639:21
	str.w	r0, [r1, #156]
	.loc	2 642 3 is_stmt 1               @ ../Drivers/STM32H7xx_HAL_Driver/Src/stm32h7xx_hal_fdcan.c:642:3
	ldr	r1, [sp]
	.loc	2 642 17 is_stmt 0              @ ../Drivers/STM32H7xx_HAL_Driver/Src/stm32h7xx_hal_fdcan.c:642:17
	strb.w	r0, [r1, #152]
	.loc	2 645 3 is_stmt 1               @ ../Drivers/STM32H7xx_HAL_Driver/Src/stm32h7xx_hal_fdcan.c:645:3
	strb.w	r0, [sp, #7]
	b	.LBB3_3
.LBB3_3:
	.loc	2 646 1                         @ ../Drivers/STM32H7xx_HAL_Driver/Src/stm32h7xx_hal_fdcan.c:646:1
	ldrb.w	r0, [sp, #7]
	.loc	2 646 1 epilogue_begin is_stmt 0 @ ../Drivers/STM32H7xx_HAL_Driver/Src/stm32h7xx_hal_fdcan.c:646:1
	add	sp, #8
	pop	{r7, pc}
.Ltmp105:
.Lfunc_end3:
	.size	HAL_FDCAN_DeInit, .Lfunc_end3-HAL_FDCAN_DeInit
	.cfi_endproc
	.cantunwind
	.fnend
                                        @ -- End function
	.section	.text.HAL_FDCAN_Stop,"ax",%progbits
	.hidden	HAL_FDCAN_Stop                  @ -- Begin function HAL_FDCAN_Stop
	.globl	HAL_FDCAN_Stop
	.p2align	3
	.type	HAL_FDCAN_Stop,%function
	.code	16                              @ @HAL_FDCAN_Stop
	.thumb_func
HAL_FDCAN_Stop:
.Lfunc_begin4:
	.loc	2 2653 0 is_stmt 1              @ ../Drivers/STM32H7xx_HAL_Driver/Src/stm32h7xx_hal_fdcan.c:2653:0
	.fnstart
	.cfi_startproc
@ %bb.0:
	.pad	#12
	sub	sp, #12
	.cfi_def_cfa_offset 12
	str	r0, [sp, #4]
	movs	r0, #0
.Ltmp106:
	.loc	2 2654 12 prologue_end          @ ../Drivers/STM32H7xx_HAL_Driver/Src/stm32h7xx_hal_fdcan.c:2654:12
	str	r0, [sp]
.Ltmp107:
	.loc	2 2656 7                        @ ../Drivers/STM32H7xx_HAL_Driver/Src/stm32h7xx_hal_fdcan.c:2656:7
	ldr	r0, [sp, #4]
	.loc	2 2656 15 is_stmt 0             @ ../Drivers/STM32H7xx_HAL_Driver/Src/stm32h7xx_hal_fdcan.c:2656:15
	ldrb.w	r0, [r0, #152]
.Ltmp108:
	.loc	2 2656 7                        @ ../Drivers/STM32H7xx_HAL_Driver/Src/stm32h7xx_hal_fdcan.c:2656:7
	cmp	r0, #2
	bne	.LBB4_12
	b	.LBB4_1
.LBB4_1:
.Ltmp109:
	.loc	2 2659 5 is_stmt 1              @ ../Drivers/STM32H7xx_HAL_Driver/Src/stm32h7xx_hal_fdcan.c:2659:5
	ldr	r0, [sp, #4]
	ldr	r1, [r0]
	ldr	r0, [r1, #24]
	orr	r0, r0, #1
	str	r0, [r1, #24]
	.loc	2 2662 5                        @ ../Drivers/STM32H7xx_HAL_Driver/Src/stm32h7xx_hal_fdcan.c:2662:5
	b	.LBB4_2
.LBB4_2:                                @ =>This Inner Loop Header: Depth=1
	.loc	2 2662 13 is_stmt 0             @ ../Drivers/STM32H7xx_HAL_Driver/Src/stm32h7xx_hal_fdcan.c:2662:13
	ldr	r0, [sp, #4]
	.loc	2 2662 21                       @ ../Drivers/STM32H7xx_HAL_Driver/Src/stm32h7xx_hal_fdcan.c:2662:21
	ldr	r0, [r0]
	.loc	2 2662 31                       @ ../Drivers/STM32H7xx_HAL_Driver/Src/stm32h7xx_hal_fdcan.c:2662:31
	ldr	r0, [r0, #24]
	.loc	2 2662 5                        @ ../Drivers/STM32H7xx_HAL_Driver/Src/stm32h7xx_hal_fdcan.c:2662:5
	lsls	r0, r0, #31
	cbnz	r0, .LBB4_6
	b	.LBB4_3
.LBB4_3:                                @   in Loop: Header=BB4_2 Depth=1
.Ltmp110:
	.loc	2 2665 11 is_stmt 1             @ ../Drivers/STM32H7xx_HAL_Driver/Src/stm32h7xx_hal_fdcan.c:2665:11
	ldr	r0, [sp]
.Ltmp111:
	.loc	2 2665 11 is_stmt 0             @ ../Drivers/STM32H7xx_HAL_Driver/Src/stm32h7xx_hal_fdcan.c:2665:11
	cmp	r0, #51
	blo	.LBB4_5
	b	.LBB4_4
.LBB4_4:
.Ltmp112:
	.loc	2 2668 9 is_stmt 1              @ ../Drivers/STM32H7xx_HAL_Driver/Src/stm32h7xx_hal_fdcan.c:2668:9
	ldr	r1, [sp, #4]
	.loc	2 2668 27 is_stmt 0             @ ../Drivers/STM32H7xx_HAL_Driver/Src/stm32h7xx_hal_fdcan.c:2668:27
	ldr.w	r0, [r1, #156]
	orr	r0, r0, #1
	str.w	r0, [r1, #156]
	.loc	2 2671 9 is_stmt 1              @ ../Drivers/STM32H7xx_HAL_Driver/Src/stm32h7xx_hal_fdcan.c:2671:9
	ldr	r1, [sp, #4]
	movs	r0, #3
	.loc	2 2671 23 is_stmt 0             @ ../Drivers/STM32H7xx_HAL_Driver/Src/stm32h7xx_hal_fdcan.c:2671:23
	strb.w	r0, [r1, #152]
	movs	r0, #1
	.loc	2 2673 9 is_stmt 1              @ ../Drivers/STM32H7xx_HAL_Driver/Src/stm32h7xx_hal_fdcan.c:2673:9
	strb.w	r0, [sp, #11]
	b	.LBB4_13
.Ltmp113:
.LBB4_5:                                @   in Loop: Header=BB4_2 Depth=1
	.loc	2 2677 14                       @ ../Drivers/STM32H7xx_HAL_Driver/Src/stm32h7xx_hal_fdcan.c:2677:14
	ldr	r0, [sp]
	adds	r0, #1
	str	r0, [sp]
.Ltmp114:
	.loc	2 2662 5                        @ ../Drivers/STM32H7xx_HAL_Driver/Src/stm32h7xx_hal_fdcan.c:2662:5
	b	.LBB4_2
.LBB4_6:
	.loc	2 0 5 is_stmt 0                 @ ../Drivers/STM32H7xx_HAL_Driver/Src/stm32h7xx_hal_fdcan.c:0:5
	movs	r0, #0
	.loc	2 2681 13 is_stmt 1             @ ../Drivers/STM32H7xx_HAL_Driver/Src/stm32h7xx_hal_fdcan.c:2681:13
	str	r0, [sp]
	.loc	2 2684 5                        @ ../Drivers/STM32H7xx_HAL_Driver/Src/stm32h7xx_hal_fdcan.c:2684:5
	ldr	r0, [sp, #4]
	ldr	r1, [r0]
	ldr	r0, [r1, #24]
	bic	r0, r0, #16
	str	r0, [r1, #24]
	.loc	2 2687 5                        @ ../Drivers/STM32H7xx_HAL_Driver/Src/stm32h7xx_hal_fdcan.c:2687:5
	b	.LBB4_7
.LBB4_7:                                @ =>This Inner Loop Header: Depth=1
	.loc	2 2687 13 is_stmt 0             @ ../Drivers/STM32H7xx_HAL_Driver/Src/stm32h7xx_hal_fdcan.c:2687:13
	ldr	r0, [sp, #4]
	.loc	2 2687 21                       @ ../Drivers/STM32H7xx_HAL_Driver/Src/stm32h7xx_hal_fdcan.c:2687:21
	ldr	r0, [r0]
	.loc	2 2687 31                       @ ../Drivers/STM32H7xx_HAL_Driver/Src/stm32h7xx_hal_fdcan.c:2687:31
	ldr	r0, [r0, #24]
	.loc	2 2687 5                        @ ../Drivers/STM32H7xx_HAL_Driver/Src/stm32h7xx_hal_fdcan.c:2687:5
	lsls	r0, r0, #28
	cmp	r0, #0
	bpl	.LBB4_11
	b	.LBB4_8
.LBB4_8:                                @   in Loop: Header=BB4_7 Depth=1
.Ltmp115:
	.loc	2 2690 11 is_stmt 1             @ ../Drivers/STM32H7xx_HAL_Driver/Src/stm32h7xx_hal_fdcan.c:2690:11
	ldr	r0, [sp]
.Ltmp116:
	.loc	2 2690 11 is_stmt 0             @ ../Drivers/STM32H7xx_HAL_Driver/Src/stm32h7xx_hal_fdcan.c:2690:11
	cmp	r0, #51
	blo	.LBB4_10
	b	.LBB4_9
.LBB4_9:
.Ltmp117:
	.loc	2 2693 9 is_stmt 1              @ ../Drivers/STM32H7xx_HAL_Driver/Src/stm32h7xx_hal_fdcan.c:2693:9
	ldr	r1, [sp, #4]
	.loc	2 2693 27 is_stmt 0             @ ../Drivers/STM32H7xx_HAL_Driver/Src/stm32h7xx_hal_fdcan.c:2693:27
	ldr.w	r0, [r1, #156]
	orr	r0, r0, #1
	str.w	r0, [r1, #156]
	.loc	2 2696 9 is_stmt 1              @ ../Drivers/STM32H7xx_HAL_Driver/Src/stm32h7xx_hal_fdcan.c:2696:9
	ldr	r1, [sp, #4]
	movs	r0, #3
	.loc	2 2696 23 is_stmt 0             @ ../Drivers/STM32H7xx_HAL_Driver/Src/stm32h7xx_hal_fdcan.c:2696:23
	strb.w	r0, [r1, #152]
	movs	r0, #1
	.loc	2 2698 9 is_stmt 1              @ ../Drivers/STM32H7xx_HAL_Driver/Src/stm32h7xx_hal_fdcan.c:2698:9
	strb.w	r0, [sp, #11]
	b	.LBB4_13
.Ltmp118:
.LBB4_10:                               @   in Loop: Header=BB4_7 Depth=1
	.loc	2 2702 14                       @ ../Drivers/STM32H7xx_HAL_Driver/Src/stm32h7xx_hal_fdcan.c:2702:14
	ldr	r0, [sp]
	adds	r0, #1
	str	r0, [sp]
.Ltmp119:
	.loc	2 2687 5                        @ ../Drivers/STM32H7xx_HAL_Driver/Src/stm32h7xx_hal_fdcan.c:2687:5
	b	.LBB4_7
.LBB4_11:
	.loc	2 2706 5                        @ ../Drivers/STM32H7xx_HAL_Driver/Src/stm32h7xx_hal_fdcan.c:2706:5
	ldr	r0, [sp, #4]
	ldr	r1, [r0]
	ldr	r0, [r1, #24]
	orr	r0, r0, #2
	str	r0, [r1, #24]
	.loc	2 2709 5                        @ ../Drivers/STM32H7xx_HAL_Driver/Src/stm32h7xx_hal_fdcan.c:2709:5
	ldr	r1, [sp, #4]
	movs	r0, #0
	.loc	2 2709 34 is_stmt 0             @ ../Drivers/STM32H7xx_HAL_Driver/Src/stm32h7xx_hal_fdcan.c:2709:34
	str.w	r0, [r1, #148]
	.loc	2 2712 5 is_stmt 1              @ ../Drivers/STM32H7xx_HAL_Driver/Src/stm32h7xx_hal_fdcan.c:2712:5
	ldr	r2, [sp, #4]
	movs	r1, #1
	.loc	2 2712 19 is_stmt 0             @ ../Drivers/STM32H7xx_HAL_Driver/Src/stm32h7xx_hal_fdcan.c:2712:19
	strb.w	r1, [r2, #152]
	.loc	2 2715 5 is_stmt 1              @ ../Drivers/STM32H7xx_HAL_Driver/Src/stm32h7xx_hal_fdcan.c:2715:5
	strb.w	r0, [sp, #11]
	b	.LBB4_13
.Ltmp120:
.LBB4_12:
	.loc	2 2720 5                        @ ../Drivers/STM32H7xx_HAL_Driver/Src/stm32h7xx_hal_fdcan.c:2720:5
	ldr	r1, [sp, #4]
	.loc	2 2720 23 is_stmt 0             @ ../Drivers/STM32H7xx_HAL_Driver/Src/stm32h7xx_hal_fdcan.c:2720:23
	ldr.w	r0, [r1, #156]
	orr	r0, r0, #8
	str.w	r0, [r1, #156]
	movs	r0, #1
	.loc	2 2722 5 is_stmt 1              @ ../Drivers/STM32H7xx_HAL_Driver/Src/stm32h7xx_hal_fdcan.c:2722:5
	strb.w	r0, [sp, #11]
	b	.LBB4_13
.Ltmp121:
.LBB4_13:
	.loc	2 2724 1                        @ ../Drivers/STM32H7xx_HAL_Driver/Src/stm32h7xx_hal_fdcan.c:2724:1
	ldrb.w	r0, [sp, #11]
	.loc	2 2724 1 epilogue_begin is_stmt 0 @ ../Drivers/STM32H7xx_HAL_Driver/Src/stm32h7xx_hal_fdcan.c:2724:1
	add	sp, #12
	bx	lr
.Ltmp122:
.Lfunc_end4:
	.size	HAL_FDCAN_Stop, .Lfunc_end4-HAL_FDCAN_Stop
	.cfi_endproc
	.cantunwind
	.fnend
                                        @ -- End function
	.section	.text.HAL_FDCAN_MspDeInit,"ax",%progbits
	.hidden	HAL_FDCAN_MspDeInit             @ -- Begin function HAL_FDCAN_MspDeInit
	.weak	HAL_FDCAN_MspDeInit
	.p2align	3
	.type	HAL_FDCAN_MspDeInit,%function
	.code	16                              @ @HAL_FDCAN_MspDeInit
	.thumb_func
HAL_FDCAN_MspDeInit:
.Lfunc_begin5:
	.loc	2 670 0 is_stmt 1               @ ../Drivers/STM32H7xx_HAL_Driver/Src/stm32h7xx_hal_fdcan.c:670:0
	.fnstart
	.cfi_startproc
@ %bb.0:
	.pad	#4
	sub	sp, #4
	.cfi_def_cfa_offset 4
	str	r0, [sp]
.Ltmp123:
	.loc	2 676 1 prologue_end epilogue_begin @ ../Drivers/STM32H7xx_HAL_Driver/Src/stm32h7xx_hal_fdcan.c:676:1
	add	sp, #4
	bx	lr
.Ltmp124:
.Lfunc_end5:
	.size	HAL_FDCAN_MspDeInit, .Lfunc_end5-HAL_FDCAN_MspDeInit
	.cfi_endproc
	.cantunwind
	.fnend
                                        @ -- End function
	.section	.text.HAL_FDCAN_EnterPowerDownMode,"ax",%progbits
	.hidden	HAL_FDCAN_EnterPowerDownMode    @ -- Begin function HAL_FDCAN_EnterPowerDownMode
	.globl	HAL_FDCAN_EnterPowerDownMode
	.p2align	3
	.type	HAL_FDCAN_EnterPowerDownMode,%function
	.code	16                              @ @HAL_FDCAN_EnterPowerDownMode
	.thumb_func
HAL_FDCAN_EnterPowerDownMode:
.Lfunc_begin6:
	.loc	2 685 0                         @ ../Drivers/STM32H7xx_HAL_Driver/Src/stm32h7xx_hal_fdcan.c:685:0
	.fnstart
	.cfi_startproc
@ %bb.0:
	.save	{r7, lr}
	push	{r7, lr}
	.cfi_def_cfa_offset 8
	.cfi_offset lr, -4
	.cfi_offset r7, -8
	.pad	#16
	sub	sp, #16
	.cfi_def_cfa_offset 24
	str	r0, [sp, #8]
.Ltmp125:
	.loc	2 689 3 prologue_end            @ ../Drivers/STM32H7xx_HAL_Driver/Src/stm32h7xx_hal_fdcan.c:689:3
	ldr	r0, [sp, #8]
	ldr	r1, [r0]
	ldr	r0, [r1, #24]
	orr	r0, r0, #16
	str	r0, [r1, #24]
	.loc	2 692 15                        @ ../Drivers/STM32H7xx_HAL_Driver/Src/stm32h7xx_hal_fdcan.c:692:15
	bl	HAL_GetTick
	.loc	2 692 13 is_stmt 0              @ ../Drivers/STM32H7xx_HAL_Driver/Src/stm32h7xx_hal_fdcan.c:692:13
	str	r0, [sp, #4]
	.loc	2 695 3 is_stmt 1               @ ../Drivers/STM32H7xx_HAL_Driver/Src/stm32h7xx_hal_fdcan.c:695:3
	b	.LBB6_1
.LBB6_1:                                @ =>This Inner Loop Header: Depth=1
	.loc	2 695 11 is_stmt 0              @ ../Drivers/STM32H7xx_HAL_Driver/Src/stm32h7xx_hal_fdcan.c:695:11
	ldr	r0, [sp, #8]
	.loc	2 695 19                        @ ../Drivers/STM32H7xx_HAL_Driver/Src/stm32h7xx_hal_fdcan.c:695:19
	ldr	r0, [r0]
	.loc	2 695 29                        @ ../Drivers/STM32H7xx_HAL_Driver/Src/stm32h7xx_hal_fdcan.c:695:29
	ldr	r0, [r0, #24]
	.loc	2 695 3                         @ ../Drivers/STM32H7xx_HAL_Driver/Src/stm32h7xx_hal_fdcan.c:695:3
	lsls	r0, r0, #28
	cmp	r0, #0
	bmi	.LBB6_5
	b	.LBB6_2
.LBB6_2:                                @   in Loop: Header=BB6_1 Depth=1
.Ltmp126:
	.loc	2 697 10 is_stmt 1              @ ../Drivers/STM32H7xx_HAL_Driver/Src/stm32h7xx_hal_fdcan.c:697:10
	bl	HAL_GetTick
	.loc	2 697 26 is_stmt 0              @ ../Drivers/STM32H7xx_HAL_Driver/Src/stm32h7xx_hal_fdcan.c:697:26
	ldr	r1, [sp, #4]
	.loc	2 697 24                        @ ../Drivers/STM32H7xx_HAL_Driver/Src/stm32h7xx_hal_fdcan.c:697:24
	subs	r0, r0, r1
.Ltmp127:
	.loc	2 697 9                         @ ../Drivers/STM32H7xx_HAL_Driver/Src/stm32h7xx_hal_fdcan.c:697:9
	cmp	r0, #11
	blo	.LBB6_4
	b	.LBB6_3
.LBB6_3:
.Ltmp128:
	.loc	2 700 7 is_stmt 1               @ ../Drivers/STM32H7xx_HAL_Driver/Src/stm32h7xx_hal_fdcan.c:700:7
	ldr	r1, [sp, #8]
	.loc	2 700 25 is_stmt 0              @ ../Drivers/STM32H7xx_HAL_Driver/Src/stm32h7xx_hal_fdcan.c:700:25
	ldr.w	r0, [r1, #156]
	orr	r0, r0, #1
	str.w	r0, [r1, #156]
	.loc	2 703 7 is_stmt 1               @ ../Drivers/STM32H7xx_HAL_Driver/Src/stm32h7xx_hal_fdcan.c:703:7
	ldr	r1, [sp, #8]
	movs	r0, #3
	.loc	2 703 21 is_stmt 0              @ ../Drivers/STM32H7xx_HAL_Driver/Src/stm32h7xx_hal_fdcan.c:703:21
	strb.w	r0, [r1, #152]
	movs	r0, #1
	.loc	2 705 7 is_stmt 1               @ ../Drivers/STM32H7xx_HAL_Driver/Src/stm32h7xx_hal_fdcan.c:705:7
	strb.w	r0, [sp, #15]
	b	.LBB6_6
.Ltmp129:
.LBB6_4:                                @   in Loop: Header=BB6_1 Depth=1
	.loc	2 695 3                         @ ../Drivers/STM32H7xx_HAL_Driver/Src/stm32h7xx_hal_fdcan.c:695:3
	b	.LBB6_1
.LBB6_5:
	.loc	2 0 3 is_stmt 0                 @ ../Drivers/STM32H7xx_HAL_Driver/Src/stm32h7xx_hal_fdcan.c:0:3
	movs	r0, #0
	.loc	2 710 3 is_stmt 1               @ ../Drivers/STM32H7xx_HAL_Driver/Src/stm32h7xx_hal_fdcan.c:710:3
	strb.w	r0, [sp, #15]
	b	.LBB6_6
.LBB6_6:
	.loc	2 711 1                         @ ../Drivers/STM32H7xx_HAL_Driver/Src/stm32h7xx_hal_fdcan.c:711:1
	ldrb.w	r0, [sp, #15]
	.loc	2 711 1 epilogue_begin is_stmt 0 @ ../Drivers/STM32H7xx_HAL_Driver/Src/stm32h7xx_hal_fdcan.c:711:1
	add	sp, #16
	pop	{r7, pc}
.Ltmp130:
.Lfunc_end6:
	.size	HAL_FDCAN_EnterPowerDownMode, .Lfunc_end6-HAL_FDCAN_EnterPowerDownMode
	.cfi_endproc
	.cantunwind
	.fnend
                                        @ -- End function
	.section	.text.HAL_FDCAN_ExitPowerDownMode,"ax",%progbits
	.hidden	HAL_FDCAN_ExitPowerDownMode     @ -- Begin function HAL_FDCAN_ExitPowerDownMode
	.globl	HAL_FDCAN_ExitPowerDownMode
	.p2align	3
	.type	HAL_FDCAN_ExitPowerDownMode,%function
	.code	16                              @ @HAL_FDCAN_ExitPowerDownMode
	.thumb_func
HAL_FDCAN_ExitPowerDownMode:
.Lfunc_begin7:
	.loc	2 720 0 is_stmt 1               @ ../Drivers/STM32H7xx_HAL_Driver/Src/stm32h7xx_hal_fdcan.c:720:0
	.fnstart
	.cfi_startproc
@ %bb.0:
	.save	{r7, lr}
	push	{r7, lr}
	.cfi_def_cfa_offset 8
	.cfi_offset lr, -4
	.cfi_offset r7, -8
	.pad	#16
	sub	sp, #16
	.cfi_def_cfa_offset 24
	str	r0, [sp, #8]
.Ltmp131:
	.loc	2 724 3 prologue_end            @ ../Drivers/STM32H7xx_HAL_Driver/Src/stm32h7xx_hal_fdcan.c:724:3
	ldr	r0, [sp, #8]
	ldr	r1, [r0]
	ldr	r0, [r1, #24]
	bic	r0, r0, #16
	str	r0, [r1, #24]
	.loc	2 727 15                        @ ../Drivers/STM32H7xx_HAL_Driver/Src/stm32h7xx_hal_fdcan.c:727:15
	bl	HAL_GetTick
	.loc	2 727 13 is_stmt 0              @ ../Drivers/STM32H7xx_HAL_Driver/Src/stm32h7xx_hal_fdcan.c:727:13
	str	r0, [sp, #4]
	.loc	2 730 3 is_stmt 1               @ ../Drivers/STM32H7xx_HAL_Driver/Src/stm32h7xx_hal_fdcan.c:730:3
	b	.LBB7_1
.LBB7_1:                                @ =>This Inner Loop Header: Depth=1
	.loc	2 730 11 is_stmt 0              @ ../Drivers/STM32H7xx_HAL_Driver/Src/stm32h7xx_hal_fdcan.c:730:11
	ldr	r0, [sp, #8]
	.loc	2 730 19                        @ ../Drivers/STM32H7xx_HAL_Driver/Src/stm32h7xx_hal_fdcan.c:730:19
	ldr	r0, [r0]
	.loc	2 730 29                        @ ../Drivers/STM32H7xx_HAL_Driver/Src/stm32h7xx_hal_fdcan.c:730:29
	ldr	r0, [r0, #24]
	.loc	2 730 3                         @ ../Drivers/STM32H7xx_HAL_Driver/Src/stm32h7xx_hal_fdcan.c:730:3
	lsls	r0, r0, #28
	cmp	r0, #0
	bpl	.LBB7_5
	b	.LBB7_2
.LBB7_2:                                @   in Loop: Header=BB7_1 Depth=1
.Ltmp132:
	.loc	2 732 10 is_stmt 1              @ ../Drivers/STM32H7xx_HAL_Driver/Src/stm32h7xx_hal_fdcan.c:732:10
	bl	HAL_GetTick
	.loc	2 732 26 is_stmt 0              @ ../Drivers/STM32H7xx_HAL_Driver/Src/stm32h7xx_hal_fdcan.c:732:26
	ldr	r1, [sp, #4]
	.loc	2 732 24                        @ ../Drivers/STM32H7xx_HAL_Driver/Src/stm32h7xx_hal_fdcan.c:732:24
	subs	r0, r0, r1
.Ltmp133:
	.loc	2 732 9                         @ ../Drivers/STM32H7xx_HAL_Driver/Src/stm32h7xx_hal_fdcan.c:732:9
	cmp	r0, #11
	blo	.LBB7_4
	b	.LBB7_3
.LBB7_3:
.Ltmp134:
	.loc	2 735 7 is_stmt 1               @ ../Drivers/STM32H7xx_HAL_Driver/Src/stm32h7xx_hal_fdcan.c:735:7
	ldr	r1, [sp, #8]
	.loc	2 735 25 is_stmt 0              @ ../Drivers/STM32H7xx_HAL_Driver/Src/stm32h7xx_hal_fdcan.c:735:25
	ldr.w	r0, [r1, #156]
	orr	r0, r0, #1
	str.w	r0, [r1, #156]
	.loc	2 738 7 is_stmt 1               @ ../Drivers/STM32H7xx_HAL_Driver/Src/stm32h7xx_hal_fdcan.c:738:7
	ldr	r1, [sp, #8]
	movs	r0, #3
	.loc	2 738 21 is_stmt 0              @ ../Drivers/STM32H7xx_HAL_Driver/Src/stm32h7xx_hal_fdcan.c:738:21
	strb.w	r0, [r1, #152]
	movs	r0, #1
	.loc	2 740 7 is_stmt 1               @ ../Drivers/STM32H7xx_HAL_Driver/Src/stm32h7xx_hal_fdcan.c:740:7
	strb.w	r0, [sp, #15]
	b	.LBB7_6
.Ltmp135:
.LBB7_4:                                @   in Loop: Header=BB7_1 Depth=1
	.loc	2 730 3                         @ ../Drivers/STM32H7xx_HAL_Driver/Src/stm32h7xx_hal_fdcan.c:730:3
	b	.LBB7_1
.LBB7_5:
	.loc	2 745 3                         @ ../Drivers/STM32H7xx_HAL_Driver/Src/stm32h7xx_hal_fdcan.c:745:3
	ldr	r0, [sp, #8]
	ldr	r1, [r0]
	ldr	r0, [r1, #24]
	bic	r0, r0, #1
	str	r0, [r1, #24]
	movs	r0, #0
	.loc	2 748 3                         @ ../Drivers/STM32H7xx_HAL_Driver/Src/stm32h7xx_hal_fdcan.c:748:3
	strb.w	r0, [sp, #15]
	b	.LBB7_6
.LBB7_6:
	.loc	2 749 1                         @ ../Drivers/STM32H7xx_HAL_Driver/Src/stm32h7xx_hal_fdcan.c:749:1
	ldrb.w	r0, [sp, #15]
	.loc	2 749 1 epilogue_begin is_stmt 0 @ ../Drivers/STM32H7xx_HAL_Driver/Src/stm32h7xx_hal_fdcan.c:749:1
	add	sp, #16
	pop	{r7, pc}
.Ltmp136:
.Lfunc_end7:
	.size	HAL_FDCAN_ExitPowerDownMode, .Lfunc_end7-HAL_FDCAN_ExitPowerDownMode
	.cfi_endproc
	.cantunwind
	.fnend
                                        @ -- End function
	.section	.text.HAL_FDCAN_ConfigClockCalibration,"ax",%progbits
	.hidden	HAL_FDCAN_ConfigClockCalibration @ -- Begin function HAL_FDCAN_ConfigClockCalibration
	.globl	HAL_FDCAN_ConfigClockCalibration
	.p2align	3
	.type	HAL_FDCAN_ConfigClockCalibration,%function
	.code	16                              @ @HAL_FDCAN_ConfigClockCalibration
	.thumb_func
HAL_FDCAN_ConfigClockCalibration:
.Lfunc_begin8:
	.loc	2 1692 0 is_stmt 1              @ ../Drivers/STM32H7xx_HAL_Driver/Src/stm32h7xx_hal_fdcan.c:1692:0
	.fnstart
	.cfi_startproc
@ %bb.0:
	.pad	#12
	sub	sp, #12
	.cfi_def_cfa_offset 12
	str	r0, [sp, #4]
	str	r1, [sp]
.Ltmp137:
	.loc	2 1695 7 prologue_end           @ ../Drivers/STM32H7xx_HAL_Driver/Src/stm32h7xx_hal_fdcan.c:1695:7
	ldr	r0, [sp]
	.loc	2 1695 19 is_stmt 0             @ ../Drivers/STM32H7xx_HAL_Driver/Src/stm32h7xx_hal_fdcan.c:1695:19
	ldr	r0, [r0]
.Ltmp138:
	.loc	2 1695 7                        @ ../Drivers/STM32H7xx_HAL_Driver/Src/stm32h7xx_hal_fdcan.c:1695:7
	cbnz	r0, .LBB8_2
	b	.LBB8_1
.LBB8_1:
.Ltmp139:
	.loc	2 1698 3 is_stmt 1              @ ../Drivers/STM32H7xx_HAL_Driver/Src/stm32h7xx_hal_fdcan.c:1698:3
	b	.LBB8_3
.Ltmp140:
.LBB8_2:
	.loc	2 0 3 is_stmt 0                 @ ../Drivers/STM32H7xx_HAL_Driver/Src/stm32h7xx_hal_fdcan.c:0:3
	b	.LBB8_3
.LBB8_3:
.Ltmp141:
	.loc	2 1709 7 is_stmt 1              @ ../Drivers/STM32H7xx_HAL_Driver/Src/stm32h7xx_hal_fdcan.c:1709:7
	ldr	r0, [sp, #4]
	.loc	2 1709 15 is_stmt 0             @ ../Drivers/STM32H7xx_HAL_Driver/Src/stm32h7xx_hal_fdcan.c:1709:15
	ldr	r0, [r0]
	movw	r1, #40960
	movt	r1, #16384
.Ltmp142:
	.loc	2 1709 7                        @ ../Drivers/STM32H7xx_HAL_Driver/Src/stm32h7xx_hal_fdcan.c:1709:7
	cmp	r0, r1
	beq	.LBB8_5
	b	.LBB8_4
.LBB8_4:
.Ltmp143:
	.loc	2 1712 5 is_stmt 1              @ ../Drivers/STM32H7xx_HAL_Driver/Src/stm32h7xx_hal_fdcan.c:1712:5
	ldr	r1, [sp, #4]
	.loc	2 1712 23 is_stmt 0             @ ../Drivers/STM32H7xx_HAL_Driver/Src/stm32h7xx_hal_fdcan.c:1712:23
	ldr.w	r0, [r1, #156]
	orr	r0, r0, #32
	str.w	r0, [r1, #156]
	movs	r0, #1
	.loc	2 1714 5 is_stmt 1              @ ../Drivers/STM32H7xx_HAL_Driver/Src/stm32h7xx_hal_fdcan.c:1714:5
	strb.w	r0, [sp, #11]
	b	.LBB8_11
.Ltmp144:
.LBB8_5:
	.loc	2 1717 7                        @ ../Drivers/STM32H7xx_HAL_Driver/Src/stm32h7xx_hal_fdcan.c:1717:7
	ldr	r0, [sp, #4]
	.loc	2 1717 15 is_stmt 0             @ ../Drivers/STM32H7xx_HAL_Driver/Src/stm32h7xx_hal_fdcan.c:1717:15
	ldrb.w	r0, [r0, #152]
.Ltmp145:
	.loc	2 1717 7                        @ ../Drivers/STM32H7xx_HAL_Driver/Src/stm32h7xx_hal_fdcan.c:1717:7
	cmp	r0, #1
	bne	.LBB8_10
	b	.LBB8_6
.LBB8_6:
.Ltmp146:
	.loc	2 1719 9 is_stmt 1              @ ../Drivers/STM32H7xx_HAL_Driver/Src/stm32h7xx_hal_fdcan.c:1719:9
	ldr	r0, [sp]
	.loc	2 1719 21 is_stmt 0             @ ../Drivers/STM32H7xx_HAL_Driver/Src/stm32h7xx_hal_fdcan.c:1719:21
	ldr	r0, [r0]
.Ltmp147:
	.loc	2 1719 9                        @ ../Drivers/STM32H7xx_HAL_Driver/Src/stm32h7xx_hal_fdcan.c:1719:9
	cbnz	r0, .LBB8_8
	b	.LBB8_7
.LBB8_7:
	.loc	2 0 9                           @ ../Drivers/STM32H7xx_HAL_Driver/Src/stm32h7xx_hal_fdcan.c:0:9
	movw	r1, #43012
	movt	r1, #16384
.Ltmp148:
	.loc	2 1722 7 is_stmt 1              @ ../Drivers/STM32H7xx_HAL_Driver/Src/stm32h7xx_hal_fdcan.c:1722:7
	ldr	r0, [r1]
	orr	r0, r0, #64
	str	r0, [r1]
	.loc	2 1725 7                        @ ../Drivers/STM32H7xx_HAL_Driver/Src/stm32h7xx_hal_fdcan.c:1725:7
	ldr	r0, [r1]
	bic	r0, r0, #983040
	ldr	r2, [sp]
	ldr	r2, [r2, #4]
	orr.w	r0, r0, r2, lsl #16
	str	r0, [r1]
	.loc	2 1727 5                        @ ../Drivers/STM32H7xx_HAL_Driver/Src/stm32h7xx_hal_fdcan.c:1727:5
	b	.LBB8_9
.Ltmp149:
.LBB8_8:
	.loc	2 0 5 is_stmt 0                 @ ../Drivers/STM32H7xx_HAL_Driver/Src/stm32h7xx_hal_fdcan.c:0:5
	movw	r1, #43012
	movt	r1, #16384
.Ltmp150:
	.loc	2 1731 7 is_stmt 1              @ ../Drivers/STM32H7xx_HAL_Driver/Src/stm32h7xx_hal_fdcan.c:1731:7
	ldr	r0, [r1]
	bic	r0, r0, #64
	str	r0, [r1]
	.loc	2 1734 7                        @ ../Drivers/STM32H7xx_HAL_Driver/Src/stm32h7xx_hal_fdcan.c:1734:7
	ldr	r0, [r1]
	movw	r2, #65439
	bics	r0, r2
	ldr	r2, [sp]
	ldr	r3, [r2, #8]
	ldr.w	r12, [r2, #12]
	ldr	r2, [r2, #16]
	orr.w	r2, r2, r12
	orr.w	r2, r2, r3, lsl #8
	orrs	r0, r2
	str	r0, [r1]
	movw	r1, #43020
	movt	r1, #16384
	.loc	2 1740 7                        @ ../Drivers/STM32H7xx_HAL_Driver/Src/stm32h7xx_hal_fdcan.c:1740:7
	ldr	r0, [r1]
	movw	r2, #65535
	bics	r0, r2
	ldr	r2, [sp]
	ldr	r2, [r2, #20]
	orrs	r0, r2
	str	r0, [r1]
	b	.LBB8_9
.Ltmp151:
.LBB8_9:
	.loc	2 0 7 is_stmt 0                 @ ../Drivers/STM32H7xx_HAL_Driver/Src/stm32h7xx_hal_fdcan.c:0:7
	movs	r0, #0
	.loc	2 1744 5 is_stmt 1              @ ../Drivers/STM32H7xx_HAL_Driver/Src/stm32h7xx_hal_fdcan.c:1744:5
	strb.w	r0, [sp, #11]
	b	.LBB8_11
.Ltmp152:
.LBB8_10:
	.loc	2 1749 5                        @ ../Drivers/STM32H7xx_HAL_Driver/Src/stm32h7xx_hal_fdcan.c:1749:5
	ldr	r1, [sp, #4]
	.loc	2 1749 23 is_stmt 0             @ ../Drivers/STM32H7xx_HAL_Driver/Src/stm32h7xx_hal_fdcan.c:1749:23
	ldr.w	r0, [r1, #156]
	orr	r0, r0, #4
	str.w	r0, [r1, #156]
	movs	r0, #1
	.loc	2 1751 5 is_stmt 1              @ ../Drivers/STM32H7xx_HAL_Driver/Src/stm32h7xx_hal_fdcan.c:1751:5
	strb.w	r0, [sp, #11]
	b	.LBB8_11
.Ltmp153:
.LBB8_11:
	.loc	2 1753 1                        @ ../Drivers/STM32H7xx_HAL_Driver/Src/stm32h7xx_hal_fdcan.c:1753:1
	ldrb.w	r0, [sp, #11]
	.loc	2 1753 1 epilogue_begin is_stmt 0 @ ../Drivers/STM32H7xx_HAL_Driver/Src/stm32h7xx_hal_fdcan.c:1753:1
	add	sp, #12
	bx	lr
.Ltmp154:
.Lfunc_end8:
	.size	HAL_FDCAN_ConfigClockCalibration, .Lfunc_end8-HAL_FDCAN_ConfigClockCalibration
	.cfi_endproc
	.cantunwind
	.fnend
                                        @ -- End function
	.section	.text.HAL_FDCAN_GetClockCalibrationState,"ax",%progbits
	.hidden	HAL_FDCAN_GetClockCalibrationState @ -- Begin function HAL_FDCAN_GetClockCalibrationState
	.globl	HAL_FDCAN_GetClockCalibrationState
	.p2align	3
	.type	HAL_FDCAN_GetClockCalibrationState,%function
	.code	16                              @ @HAL_FDCAN_GetClockCalibrationState
	.thumb_func
HAL_FDCAN_GetClockCalibrationState:
.Lfunc_begin9:
	.loc	2 1762 0 is_stmt 1              @ ../Drivers/STM32H7xx_HAL_Driver/Src/stm32h7xx_hal_fdcan.c:1762:0
	.fnstart
	.cfi_startproc
@ %bb.0:
	.pad	#4
	sub	sp, #4
	.cfi_def_cfa_offset 4
	str	r0, [sp]
	movw	r0, #43016
	movt	r0, #16384
.Ltmp155:
	.loc	2 1766 22 prologue_end          @ ../Drivers/STM32H7xx_HAL_Driver/Src/stm32h7xx_hal_fdcan.c:1766:22
	ldr	r0, [r0]
	.loc	2 1766 28 is_stmt 0             @ ../Drivers/STM32H7xx_HAL_Driver/Src/stm32h7xx_hal_fdcan.c:1766:28
	and	r0, r0, #-1073741824
	.loc	2 1766 3 epilogue_begin         @ ../Drivers/STM32H7xx_HAL_Driver/Src/stm32h7xx_hal_fdcan.c:1766:3
	add	sp, #4
	bx	lr
.Ltmp156:
.Lfunc_end9:
	.size	HAL_FDCAN_GetClockCalibrationState, .Lfunc_end9-HAL_FDCAN_GetClockCalibrationState
	.cfi_endproc
	.cantunwind
	.fnend
                                        @ -- End function
	.section	.text.HAL_FDCAN_ResetClockCalibrationState,"ax",%progbits
	.hidden	HAL_FDCAN_ResetClockCalibrationState @ -- Begin function HAL_FDCAN_ResetClockCalibrationState
	.globl	HAL_FDCAN_ResetClockCalibrationState
	.p2align	3
	.type	HAL_FDCAN_ResetClockCalibrationState,%function
	.code	16                              @ @HAL_FDCAN_ResetClockCalibrationState
	.thumb_func
HAL_FDCAN_ResetClockCalibrationState:
.Lfunc_begin10:
	.loc	2 1776 0 is_stmt 1              @ ../Drivers/STM32H7xx_HAL_Driver/Src/stm32h7xx_hal_fdcan.c:1776:0
	.fnstart
	.cfi_startproc
@ %bb.0:
	.pad	#8
	sub	sp, #8
	.cfi_def_cfa_offset 8
	str	r0, [sp]
.Ltmp157:
	.loc	2 1778 7 prologue_end           @ ../Drivers/STM32H7xx_HAL_Driver/Src/stm32h7xx_hal_fdcan.c:1778:7
	ldr	r0, [sp]
	.loc	2 1778 15 is_stmt 0             @ ../Drivers/STM32H7xx_HAL_Driver/Src/stm32h7xx_hal_fdcan.c:1778:15
	ldr	r0, [r0]
	movw	r1, #40960
	movt	r1, #16384
.Ltmp158:
	.loc	2 1778 7                        @ ../Drivers/STM32H7xx_HAL_Driver/Src/stm32h7xx_hal_fdcan.c:1778:7
	cmp	r0, r1
	beq	.LBB10_2
	b	.LBB10_1
.LBB10_1:
.Ltmp159:
	.loc	2 1781 5 is_stmt 1              @ ../Drivers/STM32H7xx_HAL_Driver/Src/stm32h7xx_hal_fdcan.c:1781:5
	ldr	r1, [sp]
	.loc	2 1781 23 is_stmt 0             @ ../Drivers/STM32H7xx_HAL_Driver/Src/stm32h7xx_hal_fdcan.c:1781:23
	ldr.w	r0, [r1, #156]
	orr	r0, r0, #32
	str.w	r0, [r1, #156]
	movs	r0, #1
	.loc	2 1783 5 is_stmt 1              @ ../Drivers/STM32H7xx_HAL_Driver/Src/stm32h7xx_hal_fdcan.c:1783:5
	strb.w	r0, [sp, #7]
	b	.LBB10_5
.Ltmp160:
.LBB10_2:
	.loc	2 1786 7                        @ ../Drivers/STM32H7xx_HAL_Driver/Src/stm32h7xx_hal_fdcan.c:1786:7
	ldr	r0, [sp]
	.loc	2 1786 15 is_stmt 0             @ ../Drivers/STM32H7xx_HAL_Driver/Src/stm32h7xx_hal_fdcan.c:1786:15
	ldrb.w	r0, [r0, #152]
.Ltmp161:
	.loc	2 1786 7                        @ ../Drivers/STM32H7xx_HAL_Driver/Src/stm32h7xx_hal_fdcan.c:1786:7
	cmp	r0, #1
	bne	.LBB10_4
	b	.LBB10_3
.LBB10_3:
	.loc	2 0 7                           @ ../Drivers/STM32H7xx_HAL_Driver/Src/stm32h7xx_hal_fdcan.c:0:7
	movw	r1, #43012
	movt	r1, #16384
.Ltmp162:
	.loc	2 1789 5 is_stmt 1              @ ../Drivers/STM32H7xx_HAL_Driver/Src/stm32h7xx_hal_fdcan.c:1789:5
	ldr	r0, [r1]
	orr	r0, r0, #-2147483648
	str	r0, [r1]
	movs	r0, #0
	.loc	2 1792 5                        @ ../Drivers/STM32H7xx_HAL_Driver/Src/stm32h7xx_hal_fdcan.c:1792:5
	strb.w	r0, [sp, #7]
	b	.LBB10_5
.Ltmp163:
.LBB10_4:
	.loc	2 1797 5                        @ ../Drivers/STM32H7xx_HAL_Driver/Src/stm32h7xx_hal_fdcan.c:1797:5
	ldr	r1, [sp]
	.loc	2 1797 23 is_stmt 0             @ ../Drivers/STM32H7xx_HAL_Driver/Src/stm32h7xx_hal_fdcan.c:1797:23
	ldr.w	r0, [r1, #156]
	orr	r0, r0, #4
	str.w	r0, [r1, #156]
	movs	r0, #1
	.loc	2 1799 5 is_stmt 1              @ ../Drivers/STM32H7xx_HAL_Driver/Src/stm32h7xx_hal_fdcan.c:1799:5
	strb.w	r0, [sp, #7]
	b	.LBB10_5
.Ltmp164:
.LBB10_5:
	.loc	2 1801 1                        @ ../Drivers/STM32H7xx_HAL_Driver/Src/stm32h7xx_hal_fdcan.c:1801:1
	ldrb.w	r0, [sp, #7]
	.loc	2 1801 1 epilogue_begin is_stmt 0 @ ../Drivers/STM32H7xx_HAL_Driver/Src/stm32h7xx_hal_fdcan.c:1801:1
	add	sp, #8
	bx	lr
.Ltmp165:
.Lfunc_end10:
	.size	HAL_FDCAN_ResetClockCalibrationState, .Lfunc_end10-HAL_FDCAN_ResetClockCalibrationState
	.cfi_endproc
	.cantunwind
	.fnend
                                        @ -- End function
	.section	.text.HAL_FDCAN_GetClockCalibrationCounter,"ax",%progbits
	.hidden	HAL_FDCAN_GetClockCalibrationCounter @ -- Begin function HAL_FDCAN_GetClockCalibrationCounter
	.globl	HAL_FDCAN_GetClockCalibrationCounter
	.p2align	3
	.type	HAL_FDCAN_GetClockCalibrationCounter,%function
	.code	16                              @ @HAL_FDCAN_GetClockCalibrationCounter
	.thumb_func
HAL_FDCAN_GetClockCalibrationCounter:
.Lfunc_begin11:
	.loc	2 1812 0 is_stmt 1              @ ../Drivers/STM32H7xx_HAL_Driver/Src/stm32h7xx_hal_fdcan.c:1812:0
	.fnstart
	.cfi_startproc
@ %bb.0:
	.pad	#12
	sub	sp, #12
	.cfi_def_cfa_offset 12
	str	r0, [sp, #4]
	str	r1, [sp]
.Ltmp166:
	.loc	2 1819 7 prologue_end           @ ../Drivers/STM32H7xx_HAL_Driver/Src/stm32h7xx_hal_fdcan.c:1819:7
	ldr	r0, [sp]
.Ltmp167:
	.loc	2 1819 7 is_stmt 0              @ ../Drivers/STM32H7xx_HAL_Driver/Src/stm32h7xx_hal_fdcan.c:1819:7
	cbnz	r0, .LBB11_2
	b	.LBB11_1
.LBB11_1:
	.loc	2 0 7                           @ ../Drivers/STM32H7xx_HAL_Driver/Src/stm32h7xx_hal_fdcan.c:0:7
	movw	r0, #43016
	movt	r0, #16384
.Ltmp168:
	.loc	2 1821 25 is_stmt 1             @ ../Drivers/STM32H7xx_HAL_Driver/Src/stm32h7xx_hal_fdcan.c:1821:25
	ldr	r0, [r0]
	.loc	2 1821 53 is_stmt 0             @ ../Drivers/STM32H7xx_HAL_Driver/Src/stm32h7xx_hal_fdcan.c:1821:53
	ubfx	r0, r0, #18, #11
	.loc	2 1821 5                        @ ../Drivers/STM32H7xx_HAL_Driver/Src/stm32h7xx_hal_fdcan.c:1821:5
	str	r0, [sp, #8]
	b	.LBB11_5
.Ltmp169:
.LBB11_2:
	.loc	2 1823 12 is_stmt 1             @ ../Drivers/STM32H7xx_HAL_Driver/Src/stm32h7xx_hal_fdcan.c:1823:12
	ldr	r0, [sp]
.Ltmp170:
	.loc	2 1823 12 is_stmt 0             @ ../Drivers/STM32H7xx_HAL_Driver/Src/stm32h7xx_hal_fdcan.c:1823:12
	cmp	r0, #1
	bne	.LBB11_4
	b	.LBB11_3
.LBB11_3:
	.loc	2 0 12                          @ ../Drivers/STM32H7xx_HAL_Driver/Src/stm32h7xx_hal_fdcan.c:0:12
	movw	r0, #43016
	movt	r0, #16384
.Ltmp171:
	.loc	2 1825 24 is_stmt 1             @ ../Drivers/STM32H7xx_HAL_Driver/Src/stm32h7xx_hal_fdcan.c:1825:24
	ldr	r0, [r0]
	.loc	2 1825 30 is_stmt 0             @ ../Drivers/STM32H7xx_HAL_Driver/Src/stm32h7xx_hal_fdcan.c:1825:30
	bfc	r0, #18, #14
	.loc	2 1825 5                        @ ../Drivers/STM32H7xx_HAL_Driver/Src/stm32h7xx_hal_fdcan.c:1825:5
	str	r0, [sp, #8]
	b	.LBB11_5
.Ltmp172:
.LBB11_4:
	.loc	2 0 5                           @ ../Drivers/STM32H7xx_HAL_Driver/Src/stm32h7xx_hal_fdcan.c:0:5
	movw	r0, #43020
	movt	r0, #16384
.Ltmp173:
	.loc	2 1829 25 is_stmt 1             @ ../Drivers/STM32H7xx_HAL_Driver/Src/stm32h7xx_hal_fdcan.c:1829:25
	ldr	r0, [r0]
	.loc	2 1829 49 is_stmt 0             @ ../Drivers/STM32H7xx_HAL_Driver/Src/stm32h7xx_hal_fdcan.c:1829:49
	lsrs	r0, r0, #16
	.loc	2 1829 5                        @ ../Drivers/STM32H7xx_HAL_Driver/Src/stm32h7xx_hal_fdcan.c:1829:5
	str	r0, [sp, #8]
	b	.LBB11_5
.Ltmp174:
.LBB11_5:
	.loc	2 1831 1 is_stmt 1              @ ../Drivers/STM32H7xx_HAL_Driver/Src/stm32h7xx_hal_fdcan.c:1831:1
	ldr	r0, [sp, #8]
	.loc	2 1831 1 epilogue_begin is_stmt 0 @ ../Drivers/STM32H7xx_HAL_Driver/Src/stm32h7xx_hal_fdcan.c:1831:1
	add	sp, #12
	bx	lr
.Ltmp175:
.Lfunc_end11:
	.size	HAL_FDCAN_GetClockCalibrationCounter, .Lfunc_end11-HAL_FDCAN_GetClockCalibrationCounter
	.cfi_endproc
	.cantunwind
	.fnend
                                        @ -- End function
	.section	.text.HAL_FDCAN_ConfigFilter,"ax",%progbits
	.hidden	HAL_FDCAN_ConfigFilter          @ -- Begin function HAL_FDCAN_ConfigFilter
	.globl	HAL_FDCAN_ConfigFilter
	.p2align	3
	.type	HAL_FDCAN_ConfigFilter,%function
	.code	16                              @ @HAL_FDCAN_ConfigFilter
	.thumb_func
HAL_FDCAN_ConfigFilter:
.Lfunc_begin12:
	.loc	2 1843 0 is_stmt 1              @ ../Drivers/STM32H7xx_HAL_Driver/Src/stm32h7xx_hal_fdcan.c:1843:0
	.fnstart
	.cfi_startproc
@ %bb.0:
	.pad	#28
	sub	sp, #28
	.cfi_def_cfa_offset 28
	str	r0, [sp, #20]
	str	r1, [sp, #16]
.Ltmp176:
	.loc	2 1847 34 prologue_end          @ ../Drivers/STM32H7xx_HAL_Driver/Src/stm32h7xx_hal_fdcan.c:1847:34
	ldr	r0, [sp, #20]
	.loc	2 1847 42 is_stmt 0             @ ../Drivers/STM32H7xx_HAL_Driver/Src/stm32h7xx_hal_fdcan.c:1847:42
	ldrb.w	r0, [r0, #152]
	.loc	2 1847 26                       @ ../Drivers/STM32H7xx_HAL_Driver/Src/stm32h7xx_hal_fdcan.c:1847:26
	strb.w	r0, [sp, #3]
.Ltmp177:
	.loc	2 1849 8 is_stmt 1              @ ../Drivers/STM32H7xx_HAL_Driver/Src/stm32h7xx_hal_fdcan.c:1849:8
	ldrb.w	r0, [sp, #3]
	.loc	2 1849 40 is_stmt 0             @ ../Drivers/STM32H7xx_HAL_Driver/Src/stm32h7xx_hal_fdcan.c:1849:40
	cmp	r0, #1
	beq	.LBB12_2
	b	.LBB12_1
.LBB12_1:
	.loc	2 1849 44                       @ ../Drivers/STM32H7xx_HAL_Driver/Src/stm32h7xx_hal_fdcan.c:1849:44
	ldrb.w	r0, [sp, #3]
.Ltmp178:
	.loc	2 1849 7                        @ ../Drivers/STM32H7xx_HAL_Driver/Src/stm32h7xx_hal_fdcan.c:1849:7
	cmp	r0, #2
	bne	.LBB12_18
	b	.LBB12_2
.LBB12_2:
.Ltmp179:
	.loc	2 1854 9 is_stmt 1              @ ../Drivers/STM32H7xx_HAL_Driver/Src/stm32h7xx_hal_fdcan.c:1854:9
	ldr	r0, [sp, #16]
	.loc	2 1854 24 is_stmt 0             @ ../Drivers/STM32H7xx_HAL_Driver/Src/stm32h7xx_hal_fdcan.c:1854:24
	ldr	r0, [r0, #12]
.Ltmp180:
	.loc	2 1854 9                        @ ../Drivers/STM32H7xx_HAL_Driver/Src/stm32h7xx_hal_fdcan.c:1854:9
	cmp	r0, #7
	bne	.LBB12_4
	b	.LBB12_3
.LBB12_3:
.Ltmp181:
	.loc	2 1858 5 is_stmt 1              @ ../Drivers/STM32H7xx_HAL_Driver/Src/stm32h7xx_hal_fdcan.c:1858:5
	b	.LBB12_4
.Ltmp182:
.LBB12_4:
	.loc	2 1860 9                        @ ../Drivers/STM32H7xx_HAL_Driver/Src/stm32h7xx_hal_fdcan.c:1860:9
	ldr	r0, [sp, #16]
	.loc	2 1860 24 is_stmt 0             @ ../Drivers/STM32H7xx_HAL_Driver/Src/stm32h7xx_hal_fdcan.c:1860:24
	ldr	r0, [r0]
.Ltmp183:
	.loc	2 1860 9                        @ ../Drivers/STM32H7xx_HAL_Driver/Src/stm32h7xx_hal_fdcan.c:1860:9
	cbnz	r0, .LBB12_11
	b	.LBB12_5
.LBB12_5:
.Ltmp184:
	.loc	2 1865 11 is_stmt 1             @ ../Drivers/STM32H7xx_HAL_Driver/Src/stm32h7xx_hal_fdcan.c:1865:11
	ldr	r0, [sp, #16]
	.loc	2 1865 26 is_stmt 0             @ ../Drivers/STM32H7xx_HAL_Driver/Src/stm32h7xx_hal_fdcan.c:1865:26
	ldr	r0, [r0, #12]
.Ltmp185:
	.loc	2 1865 11                       @ ../Drivers/STM32H7xx_HAL_Driver/Src/stm32h7xx_hal_fdcan.c:1865:11
	cmp	r0, #7
	beq	.LBB12_7
	b	.LBB12_6
.LBB12_6:
.Ltmp186:
	.loc	2 1869 7 is_stmt 1              @ ../Drivers/STM32H7xx_HAL_Driver/Src/stm32h7xx_hal_fdcan.c:1869:7
	b	.LBB12_7
.Ltmp187:
.LBB12_7:
	.loc	2 1872 11                       @ ../Drivers/STM32H7xx_HAL_Driver/Src/stm32h7xx_hal_fdcan.c:1872:11
	ldr	r0, [sp, #16]
	.loc	2 1872 26 is_stmt 0             @ ../Drivers/STM32H7xx_HAL_Driver/Src/stm32h7xx_hal_fdcan.c:1872:26
	ldr	r0, [r0, #12]
.Ltmp188:
	.loc	2 1872 11                       @ ../Drivers/STM32H7xx_HAL_Driver/Src/stm32h7xx_hal_fdcan.c:1872:11
	cmp	r0, #7
	bne	.LBB12_9
	b	.LBB12_8
.LBB12_8:
.Ltmp189:
	.loc	2 1875 29 is_stmt 1             @ ../Drivers/STM32H7xx_HAL_Driver/Src/stm32h7xx_hal_fdcan.c:1875:29
	ldr	r2, [sp, #16]
	.loc	2 1875 44 is_stmt 0             @ ../Drivers/STM32H7xx_HAL_Driver/Src/stm32h7xx_hal_fdcan.c:1875:44
	ldr	r0, [r2, #16]
	.loc	2 1877 43 is_stmt 1             @ ../Drivers/STM32H7xx_HAL_Driver/Src/stm32h7xx_hal_fdcan.c:1877:43
	ldr	r1, [r2, #24]
	.loc	2 1876 44                       @ ../Drivers/STM32H7xx_HAL_Driver/Src/stm32h7xx_hal_fdcan.c:1876:44
	ldr	r2, [r2, #28]
	.loc	2 1875 54                       @ ../Drivers/STM32H7xx_HAL_Driver/Src/stm32h7xx_hal_fdcan.c:1875:54
	lsls	r0, r0, #16
	.loc	2 1874 68                       @ ../Drivers/STM32H7xx_HAL_Driver/Src/stm32h7xx_hal_fdcan.c:1874:68
	orr.w	r0, r0, r2, lsl #8
	.loc	2 1875 68                       @ ../Drivers/STM32H7xx_HAL_Driver/Src/stm32h7xx_hal_fdcan.c:1875:68
	orrs	r0, r1
	.loc	2 1876 68                       @ ../Drivers/STM32H7xx_HAL_Driver/Src/stm32h7xx_hal_fdcan.c:1876:68
	orr	r0, r0, #939524096
	.loc	2 1874 25                       @ ../Drivers/STM32H7xx_HAL_Driver/Src/stm32h7xx_hal_fdcan.c:1874:25
	str	r0, [sp, #12]
	.loc	2 1878 7                        @ ../Drivers/STM32H7xx_HAL_Driver/Src/stm32h7xx_hal_fdcan.c:1878:7
	b	.LBB12_10
.Ltmp190:
.LBB12_9:
	.loc	2 1881 29                       @ ../Drivers/STM32H7xx_HAL_Driver/Src/stm32h7xx_hal_fdcan.c:1881:29
	ldr	r1, [sp, #16]
	.loc	2 1881 44 is_stmt 0             @ ../Drivers/STM32H7xx_HAL_Driver/Src/stm32h7xx_hal_fdcan.c:1881:44
	ldr	r0, [r1, #8]
	.loc	2 1882 44 is_stmt 1             @ ../Drivers/STM32H7xx_HAL_Driver/Src/stm32h7xx_hal_fdcan.c:1882:44
	ldr	r3, [r1, #12]
	.loc	2 1883 44                       @ ../Drivers/STM32H7xx_HAL_Driver/Src/stm32h7xx_hal_fdcan.c:1883:44
	ldr	r2, [r1, #16]
	.loc	2 1884 43                       @ ../Drivers/STM32H7xx_HAL_Driver/Src/stm32h7xx_hal_fdcan.c:1884:43
	ldr	r1, [r1, #20]
	.loc	2 1881 55                       @ ../Drivers/STM32H7xx_HAL_Driver/Src/stm32h7xx_hal_fdcan.c:1881:55
	lsls	r0, r0, #30
	.loc	2 1881 65 is_stmt 0             @ ../Drivers/STM32H7xx_HAL_Driver/Src/stm32h7xx_hal_fdcan.c:1881:65
	orr.w	r0, r0, r3, lsl #27
	.loc	2 1882 65 is_stmt 1             @ ../Drivers/STM32H7xx_HAL_Driver/Src/stm32h7xx_hal_fdcan.c:1882:65
	orr.w	r0, r0, r2, lsl #16
	.loc	2 1883 65                       @ ../Drivers/STM32H7xx_HAL_Driver/Src/stm32h7xx_hal_fdcan.c:1883:65
	orrs	r0, r1
	.loc	2 1881 25                       @ ../Drivers/STM32H7xx_HAL_Driver/Src/stm32h7xx_hal_fdcan.c:1881:25
	str	r0, [sp, #12]
	b	.LBB12_10
.Ltmp191:
.LBB12_10:
	.loc	2 1888 36                       @ ../Drivers/STM32H7xx_HAL_Driver/Src/stm32h7xx_hal_fdcan.c:1888:36
	ldr	r0, [sp, #20]
	.loc	2 1888 51 is_stmt 0             @ ../Drivers/STM32H7xx_HAL_Driver/Src/stm32h7xx_hal_fdcan.c:1888:51
	ldr	r0, [r0, #108]
	.loc	2 1888 71                       @ ../Drivers/STM32H7xx_HAL_Driver/Src/stm32h7xx_hal_fdcan.c:1888:71
	ldr	r1, [sp, #16]
	.loc	2 1888 86                       @ ../Drivers/STM32H7xx_HAL_Driver/Src/stm32h7xx_hal_fdcan.c:1888:86
	ldr	r1, [r1, #4]
	.loc	2 1888 68                       @ ../Drivers/STM32H7xx_HAL_Driver/Src/stm32h7xx_hal_fdcan.c:1888:68
	add.w	r0, r0, r1, lsl #2
	.loc	2 1888 21                       @ ../Drivers/STM32H7xx_HAL_Driver/Src/stm32h7xx_hal_fdcan.c:1888:21
	str	r0, [sp, #4]
	.loc	2 1891 24 is_stmt 1             @ ../Drivers/STM32H7xx_HAL_Driver/Src/stm32h7xx_hal_fdcan.c:1891:24
	ldr	r0, [sp, #12]
	.loc	2 1891 8 is_stmt 0              @ ../Drivers/STM32H7xx_HAL_Driver/Src/stm32h7xx_hal_fdcan.c:1891:8
	ldr	r1, [sp, #4]
	.loc	2 1891 22                       @ ../Drivers/STM32H7xx_HAL_Driver/Src/stm32h7xx_hal_fdcan.c:1891:22
	str	r0, [r1]
	.loc	2 1892 5 is_stmt 1              @ ../Drivers/STM32H7xx_HAL_Driver/Src/stm32h7xx_hal_fdcan.c:1892:5
	b	.LBB12_17
.Ltmp192:
.LBB12_11:
	.loc	2 1898 11                       @ ../Drivers/STM32H7xx_HAL_Driver/Src/stm32h7xx_hal_fdcan.c:1898:11
	ldr	r0, [sp, #16]
	.loc	2 1898 26 is_stmt 0             @ ../Drivers/STM32H7xx_HAL_Driver/Src/stm32h7xx_hal_fdcan.c:1898:26
	ldr	r0, [r0, #12]
.Ltmp193:
	.loc	2 1898 11                       @ ../Drivers/STM32H7xx_HAL_Driver/Src/stm32h7xx_hal_fdcan.c:1898:11
	cmp	r0, #7
	beq	.LBB12_13
	b	.LBB12_12
.LBB12_12:
.Ltmp194:
	.loc	2 1902 7 is_stmt 1              @ ../Drivers/STM32H7xx_HAL_Driver/Src/stm32h7xx_hal_fdcan.c:1902:7
	b	.LBB12_13
.Ltmp195:
.LBB12_13:
	.loc	2 1905 27                       @ ../Drivers/STM32H7xx_HAL_Driver/Src/stm32h7xx_hal_fdcan.c:1905:27
	ldr	r0, [sp, #16]
	.loc	2 1905 42 is_stmt 0             @ ../Drivers/STM32H7xx_HAL_Driver/Src/stm32h7xx_hal_fdcan.c:1905:42
	ldr	r1, [r0, #12]
	.loc	2 1905 80                       @ ../Drivers/STM32H7xx_HAL_Driver/Src/stm32h7xx_hal_fdcan.c:1905:80
	ldr	r0, [r0, #16]
	.loc	2 1905 63                       @ ../Drivers/STM32H7xx_HAL_Driver/Src/stm32h7xx_hal_fdcan.c:1905:63
	orr.w	r0, r0, r1, lsl #29
	.loc	2 1905 23                       @ ../Drivers/STM32H7xx_HAL_Driver/Src/stm32h7xx_hal_fdcan.c:1905:23
	str	r0, [sp, #12]
.Ltmp196:
	.loc	2 1908 11 is_stmt 1             @ ../Drivers/STM32H7xx_HAL_Driver/Src/stm32h7xx_hal_fdcan.c:1908:11
	ldr	r0, [sp, #16]
	.loc	2 1908 26 is_stmt 0             @ ../Drivers/STM32H7xx_HAL_Driver/Src/stm32h7xx_hal_fdcan.c:1908:26
	ldr	r0, [r0, #12]
.Ltmp197:
	.loc	2 1908 11                       @ ../Drivers/STM32H7xx_HAL_Driver/Src/stm32h7xx_hal_fdcan.c:1908:11
	cmp	r0, #7
	bne	.LBB12_15
	b	.LBB12_14
.LBB12_14:
.Ltmp198:
	.loc	2 1910 27 is_stmt 1             @ ../Drivers/STM32H7xx_HAL_Driver/Src/stm32h7xx_hal_fdcan.c:1910:27
	ldr	r0, [sp, #16]
	.loc	2 1910 42 is_stmt 0             @ ../Drivers/STM32H7xx_HAL_Driver/Src/stm32h7xx_hal_fdcan.c:1910:42
	ldr	r0, [r0, #24]
	.loc	2 1910 25                       @ ../Drivers/STM32H7xx_HAL_Driver/Src/stm32h7xx_hal_fdcan.c:1910:25
	str	r0, [sp, #8]
	.loc	2 1911 7 is_stmt 1              @ ../Drivers/STM32H7xx_HAL_Driver/Src/stm32h7xx_hal_fdcan.c:1911:7
	b	.LBB12_16
.Ltmp199:
.LBB12_15:
	.loc	2 1914 29                       @ ../Drivers/STM32H7xx_HAL_Driver/Src/stm32h7xx_hal_fdcan.c:1914:29
	ldr	r0, [sp, #16]
	.loc	2 1914 44 is_stmt 0             @ ../Drivers/STM32H7xx_HAL_Driver/Src/stm32h7xx_hal_fdcan.c:1914:44
	ldr	r1, [r0, #8]
	.loc	2 1914 80                       @ ../Drivers/STM32H7xx_HAL_Driver/Src/stm32h7xx_hal_fdcan.c:1914:80
	ldr	r0, [r0, #20]
	.loc	2 1914 63                       @ ../Drivers/STM32H7xx_HAL_Driver/Src/stm32h7xx_hal_fdcan.c:1914:63
	orr.w	r0, r0, r1, lsl #30
	.loc	2 1914 25                       @ ../Drivers/STM32H7xx_HAL_Driver/Src/stm32h7xx_hal_fdcan.c:1914:25
	str	r0, [sp, #8]
	b	.LBB12_16
.Ltmp200:
.LBB12_16:
	.loc	2 1918 36 is_stmt 1             @ ../Drivers/STM32H7xx_HAL_Driver/Src/stm32h7xx_hal_fdcan.c:1918:36
	ldr	r0, [sp, #20]
	.loc	2 1918 51 is_stmt 0             @ ../Drivers/STM32H7xx_HAL_Driver/Src/stm32h7xx_hal_fdcan.c:1918:51
	ldr	r0, [r0, #112]
	.loc	2 1918 71                       @ ../Drivers/STM32H7xx_HAL_Driver/Src/stm32h7xx_hal_fdcan.c:1918:71
	ldr	r1, [sp, #16]
	.loc	2 1918 86                       @ ../Drivers/STM32H7xx_HAL_Driver/Src/stm32h7xx_hal_fdcan.c:1918:86
	ldr	r1, [r1, #4]
	.loc	2 1918 68                       @ ../Drivers/STM32H7xx_HAL_Driver/Src/stm32h7xx_hal_fdcan.c:1918:68
	add.w	r0, r0, r1, lsl #3
	.loc	2 1918 21                       @ ../Drivers/STM32H7xx_HAL_Driver/Src/stm32h7xx_hal_fdcan.c:1918:21
	str	r0, [sp, #4]
	.loc	2 1921 24 is_stmt 1             @ ../Drivers/STM32H7xx_HAL_Driver/Src/stm32h7xx_hal_fdcan.c:1921:24
	ldr	r0, [sp, #12]
	.loc	2 1921 8 is_stmt 0              @ ../Drivers/STM32H7xx_HAL_Driver/Src/stm32h7xx_hal_fdcan.c:1921:8
	ldr	r1, [sp, #4]
	.loc	2 1921 22                       @ ../Drivers/STM32H7xx_HAL_Driver/Src/stm32h7xx_hal_fdcan.c:1921:22
	str	r0, [r1]
	.loc	2 1922 20 is_stmt 1             @ ../Drivers/STM32H7xx_HAL_Driver/Src/stm32h7xx_hal_fdcan.c:1922:20
	ldr	r0, [sp, #4]
	adds	r0, #4
	str	r0, [sp, #4]
	.loc	2 1923 24                       @ ../Drivers/STM32H7xx_HAL_Driver/Src/stm32h7xx_hal_fdcan.c:1923:24
	ldr	r0, [sp, #8]
	.loc	2 1923 8 is_stmt 0              @ ../Drivers/STM32H7xx_HAL_Driver/Src/stm32h7xx_hal_fdcan.c:1923:8
	ldr	r1, [sp, #4]
	.loc	2 1923 22                       @ ../Drivers/STM32H7xx_HAL_Driver/Src/stm32h7xx_hal_fdcan.c:1923:22
	str	r0, [r1]
	b	.LBB12_17
.Ltmp201:
.LBB12_17:
	.loc	2 0 22                          @ ../Drivers/STM32H7xx_HAL_Driver/Src/stm32h7xx_hal_fdcan.c:0:22
	movs	r0, #0
	.loc	2 1927 5 is_stmt 1              @ ../Drivers/STM32H7xx_HAL_Driver/Src/stm32h7xx_hal_fdcan.c:1927:5
	strb.w	r0, [sp, #27]
	b	.LBB12_19
.Ltmp202:
.LBB12_18:
	.loc	2 1932 5                        @ ../Drivers/STM32H7xx_HAL_Driver/Src/stm32h7xx_hal_fdcan.c:1932:5
	ldr	r1, [sp, #20]
	.loc	2 1932 23 is_stmt 0             @ ../Drivers/STM32H7xx_HAL_Driver/Src/stm32h7xx_hal_fdcan.c:1932:23
	ldr.w	r0, [r1, #156]
	orr	r0, r0, #2
	str.w	r0, [r1, #156]
	movs	r0, #1
	.loc	2 1934 5 is_stmt 1              @ ../Drivers/STM32H7xx_HAL_Driver/Src/stm32h7xx_hal_fdcan.c:1934:5
	strb.w	r0, [sp, #27]
	b	.LBB12_19
.Ltmp203:
.LBB12_19:
	.loc	2 1936 1                        @ ../Drivers/STM32H7xx_HAL_Driver/Src/stm32h7xx_hal_fdcan.c:1936:1
	ldrb.w	r0, [sp, #27]
	.loc	2 1936 1 epilogue_begin is_stmt 0 @ ../Drivers/STM32H7xx_HAL_Driver/Src/stm32h7xx_hal_fdcan.c:1936:1
	add	sp, #28
	bx	lr
.Ltmp204:
.Lfunc_end12:
	.size	HAL_FDCAN_ConfigFilter, .Lfunc_end12-HAL_FDCAN_ConfigFilter
	.cfi_endproc
	.cantunwind
	.fnend
                                        @ -- End function
	.section	.text.HAL_FDCAN_ConfigGlobalFilter,"ax",%progbits
	.hidden	HAL_FDCAN_ConfigGlobalFilter    @ -- Begin function HAL_FDCAN_ConfigGlobalFilter
	.globl	HAL_FDCAN_ConfigGlobalFilter
	.p2align	3
	.type	HAL_FDCAN_ConfigGlobalFilter,%function
	.code	16                              @ @HAL_FDCAN_ConfigGlobalFilter
	.thumb_func
HAL_FDCAN_ConfigGlobalFilter:
.Lfunc_begin13:
	.loc	2 1959 0 is_stmt 1              @ ../Drivers/STM32H7xx_HAL_Driver/Src/stm32h7xx_hal_fdcan.c:1959:0
	.fnstart
	.cfi_startproc
@ %bb.0:
	.pad	#20
	sub	sp, #20
	.cfi_def_cfa_offset 20
	ldr.w	r12, [sp, #20]
	str	r0, [sp, #12]
	str	r1, [sp, #8]
	str	r2, [sp, #4]
	str	r3, [sp]
.Ltmp205:
	.loc	2 1966 7 prologue_end           @ ../Drivers/STM32H7xx_HAL_Driver/Src/stm32h7xx_hal_fdcan.c:1966:7
	ldr	r0, [sp, #12]
	.loc	2 1966 15 is_stmt 0             @ ../Drivers/STM32H7xx_HAL_Driver/Src/stm32h7xx_hal_fdcan.c:1966:15
	ldrb.w	r0, [r0, #152]
.Ltmp206:
	.loc	2 1966 7                        @ ../Drivers/STM32H7xx_HAL_Driver/Src/stm32h7xx_hal_fdcan.c:1966:7
	cmp	r0, #1
	bne	.LBB13_2
	b	.LBB13_1
.LBB13_1:
.Ltmp207:
	.loc	2 1969 31 is_stmt 1             @ ../Drivers/STM32H7xx_HAL_Driver/Src/stm32h7xx_hal_fdcan.c:1969:31
	ldr	r0, [sp, #8]
	.loc	2 1969 46 is_stmt 0             @ ../Drivers/STM32H7xx_HAL_Driver/Src/stm32h7xx_hal_fdcan.c:1969:46
	lsls	r0, r0, #4
	.loc	2 1970 31 is_stmt 1             @ ../Drivers/STM32H7xx_HAL_Driver/Src/stm32h7xx_hal_fdcan.c:1970:31
	ldr	r1, [sp, #4]
	.loc	2 1969 70                       @ ../Drivers/STM32H7xx_HAL_Driver/Src/stm32h7xx_hal_fdcan.c:1969:70
	orr.w	r0, r0, r1, lsl #2
	.loc	2 1971 31                       @ ../Drivers/STM32H7xx_HAL_Driver/Src/stm32h7xx_hal_fdcan.c:1971:31
	ldr	r1, [sp]
	.loc	2 1970 70                       @ ../Drivers/STM32H7xx_HAL_Driver/Src/stm32h7xx_hal_fdcan.c:1970:70
	orr.w	r0, r0, r1, lsl #1
	.loc	2 1972 31                       @ ../Drivers/STM32H7xx_HAL_Driver/Src/stm32h7xx_hal_fdcan.c:1972:31
	ldr	r1, [sp, #20]
	.loc	2 1971 70                       @ ../Drivers/STM32H7xx_HAL_Driver/Src/stm32h7xx_hal_fdcan.c:1971:70
	orrs	r0, r1
	.loc	2 1969 5                        @ ../Drivers/STM32H7xx_HAL_Driver/Src/stm32h7xx_hal_fdcan.c:1969:5
	ldr	r1, [sp, #12]
	.loc	2 1969 13 is_stmt 0             @ ../Drivers/STM32H7xx_HAL_Driver/Src/stm32h7xx_hal_fdcan.c:1969:13
	ldr	r1, [r1]
	.loc	2 1969 27                       @ ../Drivers/STM32H7xx_HAL_Driver/Src/stm32h7xx_hal_fdcan.c:1969:27
	str.w	r0, [r1, #128]
	movs	r0, #0
	.loc	2 1975 5 is_stmt 1              @ ../Drivers/STM32H7xx_HAL_Driver/Src/stm32h7xx_hal_fdcan.c:1975:5
	strb.w	r0, [sp, #19]
	b	.LBB13_3
.Ltmp208:
.LBB13_2:
	.loc	2 1980 5                        @ ../Drivers/STM32H7xx_HAL_Driver/Src/stm32h7xx_hal_fdcan.c:1980:5
	ldr	r1, [sp, #12]
	.loc	2 1980 23 is_stmt 0             @ ../Drivers/STM32H7xx_HAL_Driver/Src/stm32h7xx_hal_fdcan.c:1980:23
	ldr.w	r0, [r1, #156]
	orr	r0, r0, #4
	str.w	r0, [r1, #156]
	movs	r0, #1
	.loc	2 1982 5 is_stmt 1              @ ../Drivers/STM32H7xx_HAL_Driver/Src/stm32h7xx_hal_fdcan.c:1982:5
	strb.w	r0, [sp, #19]
	b	.LBB13_3
.Ltmp209:
.LBB13_3:
	.loc	2 1984 1                        @ ../Drivers/STM32H7xx_HAL_Driver/Src/stm32h7xx_hal_fdcan.c:1984:1
	ldrb.w	r0, [sp, #19]
	.loc	2 1984 1 epilogue_begin is_stmt 0 @ ../Drivers/STM32H7xx_HAL_Driver/Src/stm32h7xx_hal_fdcan.c:1984:1
	add	sp, #20
	bx	lr
.Ltmp210:
.Lfunc_end13:
	.size	HAL_FDCAN_ConfigGlobalFilter, .Lfunc_end13-HAL_FDCAN_ConfigGlobalFilter
	.cfi_endproc
	.cantunwind
	.fnend
                                        @ -- End function
	.section	.text.HAL_FDCAN_ConfigExtendedIdMask,"ax",%progbits
	.hidden	HAL_FDCAN_ConfigExtendedIdMask  @ -- Begin function HAL_FDCAN_ConfigExtendedIdMask
	.globl	HAL_FDCAN_ConfigExtendedIdMask
	.p2align	3
	.type	HAL_FDCAN_ConfigExtendedIdMask,%function
	.code	16                              @ @HAL_FDCAN_ConfigExtendedIdMask
	.thumb_func
HAL_FDCAN_ConfigExtendedIdMask:
.Lfunc_begin14:
	.loc	2 1995 0 is_stmt 1              @ ../Drivers/STM32H7xx_HAL_Driver/Src/stm32h7xx_hal_fdcan.c:1995:0
	.fnstart
	.cfi_startproc
@ %bb.0:
	.pad	#12
	sub	sp, #12
	.cfi_def_cfa_offset 12
	str	r0, [sp, #4]
	str	r1, [sp]
.Ltmp211:
	.loc	2 1999 7 prologue_end           @ ../Drivers/STM32H7xx_HAL_Driver/Src/stm32h7xx_hal_fdcan.c:1999:7
	ldr	r0, [sp, #4]
	.loc	2 1999 15 is_stmt 0             @ ../Drivers/STM32H7xx_HAL_Driver/Src/stm32h7xx_hal_fdcan.c:1999:15
	ldrb.w	r0, [r0, #152]
.Ltmp212:
	.loc	2 1999 7                        @ ../Drivers/STM32H7xx_HAL_Driver/Src/stm32h7xx_hal_fdcan.c:1999:7
	cmp	r0, #1
	bne	.LBB14_2
	b	.LBB14_1
.LBB14_1:
.Ltmp213:
	.loc	2 2002 31 is_stmt 1             @ ../Drivers/STM32H7xx_HAL_Driver/Src/stm32h7xx_hal_fdcan.c:2002:31
	ldr	r0, [sp]
	.loc	2 2002 5 is_stmt 0              @ ../Drivers/STM32H7xx_HAL_Driver/Src/stm32h7xx_hal_fdcan.c:2002:5
	ldr	r1, [sp, #4]
	.loc	2 2002 13                       @ ../Drivers/STM32H7xx_HAL_Driver/Src/stm32h7xx_hal_fdcan.c:2002:13
	ldr	r1, [r1]
	.loc	2 2002 29                       @ ../Drivers/STM32H7xx_HAL_Driver/Src/stm32h7xx_hal_fdcan.c:2002:29
	str.w	r0, [r1, #144]
	movs	r0, #0
	.loc	2 2005 5 is_stmt 1              @ ../Drivers/STM32H7xx_HAL_Driver/Src/stm32h7xx_hal_fdcan.c:2005:5
	strb.w	r0, [sp, #11]
	b	.LBB14_3
.Ltmp214:
.LBB14_2:
	.loc	2 2010 5                        @ ../Drivers/STM32H7xx_HAL_Driver/Src/stm32h7xx_hal_fdcan.c:2010:5
	ldr	r1, [sp, #4]
	.loc	2 2010 23 is_stmt 0             @ ../Drivers/STM32H7xx_HAL_Driver/Src/stm32h7xx_hal_fdcan.c:2010:23
	ldr.w	r0, [r1, #156]
	orr	r0, r0, #4
	str.w	r0, [r1, #156]
	movs	r0, #1
	.loc	2 2012 5 is_stmt 1              @ ../Drivers/STM32H7xx_HAL_Driver/Src/stm32h7xx_hal_fdcan.c:2012:5
	strb.w	r0, [sp, #11]
	b	.LBB14_3
.Ltmp215:
.LBB14_3:
	.loc	2 2014 1                        @ ../Drivers/STM32H7xx_HAL_Driver/Src/stm32h7xx_hal_fdcan.c:2014:1
	ldrb.w	r0, [sp, #11]
	.loc	2 2014 1 epilogue_begin is_stmt 0 @ ../Drivers/STM32H7xx_HAL_Driver/Src/stm32h7xx_hal_fdcan.c:2014:1
	add	sp, #12
	bx	lr
.Ltmp216:
.Lfunc_end14:
	.size	HAL_FDCAN_ConfigExtendedIdMask, .Lfunc_end14-HAL_FDCAN_ConfigExtendedIdMask
	.cfi_endproc
	.cantunwind
	.fnend
                                        @ -- End function
	.section	.text.HAL_FDCAN_ConfigRxFifoOverwrite,"ax",%progbits
	.hidden	HAL_FDCAN_ConfigRxFifoOverwrite @ -- Begin function HAL_FDCAN_ConfigRxFifoOverwrite
	.globl	HAL_FDCAN_ConfigRxFifoOverwrite
	.p2align	3
	.type	HAL_FDCAN_ConfigRxFifoOverwrite,%function
	.code	16                              @ @HAL_FDCAN_ConfigRxFifoOverwrite
	.thumb_func
HAL_FDCAN_ConfigRxFifoOverwrite:
.Lfunc_begin15:
	.loc	2 2029 0 is_stmt 1              @ ../Drivers/STM32H7xx_HAL_Driver/Src/stm32h7xx_hal_fdcan.c:2029:0
	.fnstart
	.cfi_startproc
@ %bb.0:
	.pad	#16
	sub	sp, #16
	.cfi_def_cfa_offset 16
	str	r0, [sp, #8]
	str	r1, [sp, #4]
	str	r2, [sp]
.Ltmp217:
	.loc	2 2034 7 prologue_end           @ ../Drivers/STM32H7xx_HAL_Driver/Src/stm32h7xx_hal_fdcan.c:2034:7
	ldr	r0, [sp, #8]
	.loc	2 2034 15 is_stmt 0             @ ../Drivers/STM32H7xx_HAL_Driver/Src/stm32h7xx_hal_fdcan.c:2034:15
	ldrb.w	r0, [r0, #152]
.Ltmp218:
	.loc	2 2034 7                        @ ../Drivers/STM32H7xx_HAL_Driver/Src/stm32h7xx_hal_fdcan.c:2034:7
	cmp	r0, #1
	bne	.LBB15_5
	b	.LBB15_1
.LBB15_1:
.Ltmp219:
	.loc	2 2036 9 is_stmt 1              @ ../Drivers/STM32H7xx_HAL_Driver/Src/stm32h7xx_hal_fdcan.c:2036:9
	ldr	r0, [sp, #4]
.Ltmp220:
	.loc	2 2036 9 is_stmt 0              @ ../Drivers/STM32H7xx_HAL_Driver/Src/stm32h7xx_hal_fdcan.c:2036:9
	cmp	r0, #64
	bne	.LBB15_3
	b	.LBB15_2
.LBB15_2:
.Ltmp221:
	.loc	2 2039 7 is_stmt 1              @ ../Drivers/STM32H7xx_HAL_Driver/Src/stm32h7xx_hal_fdcan.c:2039:7
	ldr	r0, [sp, #8]
	ldr	r0, [r0]
	ldr.w	r0, [r0, #160]
	bic	r0, r0, #-2147483648
	ldr	r1, [sp]
	orr.w	r0, r0, r1, lsl #31
	ldr	r1, [sp, #8]
	ldr	r1, [r1]
	str.w	r0, [r1, #160]
	.loc	2 2040 5                        @ ../Drivers/STM32H7xx_HAL_Driver/Src/stm32h7xx_hal_fdcan.c:2040:5
	b	.LBB15_4
.Ltmp222:
.LBB15_3:
	.loc	2 2044 7                        @ ../Drivers/STM32H7xx_HAL_Driver/Src/stm32h7xx_hal_fdcan.c:2044:7
	ldr	r0, [sp, #8]
	ldr	r0, [r0]
	ldr.w	r0, [r0, #176]
	bic	r0, r0, #-2147483648
	ldr	r1, [sp]
	orr.w	r0, r0, r1, lsl #31
	ldr	r1, [sp, #8]
	ldr	r1, [r1]
	str.w	r0, [r1, #176]
	b	.LBB15_4
.Ltmp223:
.LBB15_4:
	.loc	2 0 7 is_stmt 0                 @ ../Drivers/STM32H7xx_HAL_Driver/Src/stm32h7xx_hal_fdcan.c:0:7
	movs	r0, #0
	.loc	2 2048 5 is_stmt 1              @ ../Drivers/STM32H7xx_HAL_Driver/Src/stm32h7xx_hal_fdcan.c:2048:5
	strb.w	r0, [sp, #15]
	b	.LBB15_6
.Ltmp224:
.LBB15_5:
	.loc	2 2053 5                        @ ../Drivers/STM32H7xx_HAL_Driver/Src/stm32h7xx_hal_fdcan.c:2053:5
	ldr	r1, [sp, #8]
	.loc	2 2053 23 is_stmt 0             @ ../Drivers/STM32H7xx_HAL_Driver/Src/stm32h7xx_hal_fdcan.c:2053:23
	ldr.w	r0, [r1, #156]
	orr	r0, r0, #4
	str.w	r0, [r1, #156]
	movs	r0, #1
	.loc	2 2055 5 is_stmt 1              @ ../Drivers/STM32H7xx_HAL_Driver/Src/stm32h7xx_hal_fdcan.c:2055:5
	strb.w	r0, [sp, #15]
	b	.LBB15_6
.Ltmp225:
.LBB15_6:
	.loc	2 2057 1                        @ ../Drivers/STM32H7xx_HAL_Driver/Src/stm32h7xx_hal_fdcan.c:2057:1
	ldrb.w	r0, [sp, #15]
	.loc	2 2057 1 epilogue_begin is_stmt 0 @ ../Drivers/STM32H7xx_HAL_Driver/Src/stm32h7xx_hal_fdcan.c:2057:1
	add	sp, #16
	bx	lr
.Ltmp226:
.Lfunc_end15:
	.size	HAL_FDCAN_ConfigRxFifoOverwrite, .Lfunc_end15-HAL_FDCAN_ConfigRxFifoOverwrite
	.cfi_endproc
	.cantunwind
	.fnend
                                        @ -- End function
	.section	.text.HAL_FDCAN_ConfigFifoWatermark,"ax",%progbits
	.hidden	HAL_FDCAN_ConfigFifoWatermark   @ -- Begin function HAL_FDCAN_ConfigFifoWatermark
	.globl	HAL_FDCAN_ConfigFifoWatermark
	.p2align	3
	.type	HAL_FDCAN_ConfigFifoWatermark,%function
	.code	16                              @ @HAL_FDCAN_ConfigFifoWatermark
	.thumb_func
HAL_FDCAN_ConfigFifoWatermark:
.Lfunc_begin16:
	.loc	2 2072 0 is_stmt 1              @ ../Drivers/STM32H7xx_HAL_Driver/Src/stm32h7xx_hal_fdcan.c:2072:0
	.fnstart
	.cfi_startproc
@ %bb.0:
	.pad	#16
	sub	sp, #16
	.cfi_def_cfa_offset 16
	str	r0, [sp, #8]
	str	r1, [sp, #4]
	str	r2, [sp]
.Ltmp227:
	.loc	2 2075 7 prologue_end           @ ../Drivers/STM32H7xx_HAL_Driver/Src/stm32h7xx_hal_fdcan.c:2075:7
	ldr	r0, [sp, #4]
.Ltmp228:
	.loc	2 2075 7 is_stmt 0              @ ../Drivers/STM32H7xx_HAL_Driver/Src/stm32h7xx_hal_fdcan.c:2075:7
	cbnz	r0, .LBB16_2
	b	.LBB16_1
.LBB16_1:
.Ltmp229:
	.loc	2 2078 3 is_stmt 1              @ ../Drivers/STM32H7xx_HAL_Driver/Src/stm32h7xx_hal_fdcan.c:2078:3
	b	.LBB16_3
.Ltmp230:
.LBB16_2:
	.loc	2 0 3 is_stmt 0                 @ ../Drivers/STM32H7xx_HAL_Driver/Src/stm32h7xx_hal_fdcan.c:0:3
	b	.LBB16_3
.LBB16_3:
.Ltmp231:
	.loc	2 2084 7 is_stmt 1              @ ../Drivers/STM32H7xx_HAL_Driver/Src/stm32h7xx_hal_fdcan.c:2084:7
	ldr	r0, [sp, #8]
	.loc	2 2084 15 is_stmt 0             @ ../Drivers/STM32H7xx_HAL_Driver/Src/stm32h7xx_hal_fdcan.c:2084:15
	ldrb.w	r0, [r0, #152]
.Ltmp232:
	.loc	2 2084 7                        @ ../Drivers/STM32H7xx_HAL_Driver/Src/stm32h7xx_hal_fdcan.c:2084:7
	cmp	r0, #1
	bne	.LBB16_11
	b	.LBB16_4
.LBB16_4:
.Ltmp233:
	.loc	2 2087 9 is_stmt 1              @ ../Drivers/STM32H7xx_HAL_Driver/Src/stm32h7xx_hal_fdcan.c:2087:9
	ldr	r0, [sp, #4]
.Ltmp234:
	.loc	2 2087 9 is_stmt 0              @ ../Drivers/STM32H7xx_HAL_Driver/Src/stm32h7xx_hal_fdcan.c:2087:9
	cbnz	r0, .LBB16_6
	b	.LBB16_5
.LBB16_5:
.Ltmp235:
	.loc	2 2089 7 is_stmt 1              @ ../Drivers/STM32H7xx_HAL_Driver/Src/stm32h7xx_hal_fdcan.c:2089:7
	ldr	r0, [sp, #8]
	ldr	r0, [r0]
	ldr.w	r0, [r0, #240]
	bic	r0, r0, #1056964608
	ldr	r1, [sp]
	orr.w	r0, r0, r1, lsl #24
	ldr	r1, [sp, #8]
	ldr	r1, [r1]
	str.w	r0, [r1, #240]
	.loc	2 2090 5                        @ ../Drivers/STM32H7xx_HAL_Driver/Src/stm32h7xx_hal_fdcan.c:2090:5
	b	.LBB16_10
.Ltmp236:
.LBB16_6:
	.loc	2 2091 14                       @ ../Drivers/STM32H7xx_HAL_Driver/Src/stm32h7xx_hal_fdcan.c:2091:14
	ldr	r0, [sp, #4]
.Ltmp237:
	.loc	2 2091 14 is_stmt 0             @ ../Drivers/STM32H7xx_HAL_Driver/Src/stm32h7xx_hal_fdcan.c:2091:14
	cmp	r0, #1
	bne	.LBB16_8
	b	.LBB16_7
.LBB16_7:
.Ltmp238:
	.loc	2 2093 7 is_stmt 1              @ ../Drivers/STM32H7xx_HAL_Driver/Src/stm32h7xx_hal_fdcan.c:2093:7
	ldr	r0, [sp, #8]
	ldr	r0, [r0]
	ldr.w	r0, [r0, #160]
	bic	r0, r0, #2130706432
	ldr	r1, [sp]
	orr.w	r0, r0, r1, lsl #24
	ldr	r1, [sp, #8]
	ldr	r1, [r1]
	str.w	r0, [r1, #160]
	.loc	2 2094 5                        @ ../Drivers/STM32H7xx_HAL_Driver/Src/stm32h7xx_hal_fdcan.c:2094:5
	b	.LBB16_9
.Ltmp239:
.LBB16_8:
	.loc	2 2097 7                        @ ../Drivers/STM32H7xx_HAL_Driver/Src/stm32h7xx_hal_fdcan.c:2097:7
	ldr	r0, [sp, #8]
	ldr	r0, [r0]
	ldr.w	r0, [r0, #176]
	bic	r0, r0, #2130706432
	ldr	r1, [sp]
	orr.w	r0, r0, r1, lsl #24
	ldr	r1, [sp, #8]
	ldr	r1, [r1]
	str.w	r0, [r1, #176]
	b	.LBB16_9
.Ltmp240:
.LBB16_9:
	.loc	2 0 7 is_stmt 0                 @ ../Drivers/STM32H7xx_HAL_Driver/Src/stm32h7xx_hal_fdcan.c:0:7
	b	.LBB16_10
.LBB16_10:
	movs	r0, #0
	.loc	2 2101 5 is_stmt 1              @ ../Drivers/STM32H7xx_HAL_Driver/Src/stm32h7xx_hal_fdcan.c:2101:5
	strb.w	r0, [sp, #15]
	b	.LBB16_12
.Ltmp241:
.LBB16_11:
	.loc	2 2106 5                        @ ../Drivers/STM32H7xx_HAL_Driver/Src/stm32h7xx_hal_fdcan.c:2106:5
	ldr	r1, [sp, #8]
	.loc	2 2106 23 is_stmt 0             @ ../Drivers/STM32H7xx_HAL_Driver/Src/stm32h7xx_hal_fdcan.c:2106:23
	ldr.w	r0, [r1, #156]
	orr	r0, r0, #4
	str.w	r0, [r1, #156]
	movs	r0, #1
	.loc	2 2108 5 is_stmt 1              @ ../Drivers/STM32H7xx_HAL_Driver/Src/stm32h7xx_hal_fdcan.c:2108:5
	strb.w	r0, [sp, #15]
	b	.LBB16_12
.Ltmp242:
.LBB16_12:
	.loc	2 2110 1                        @ ../Drivers/STM32H7xx_HAL_Driver/Src/stm32h7xx_hal_fdcan.c:2110:1
	ldrb.w	r0, [sp, #15]
	.loc	2 2110 1 epilogue_begin is_stmt 0 @ ../Drivers/STM32H7xx_HAL_Driver/Src/stm32h7xx_hal_fdcan.c:2110:1
	add	sp, #16
	bx	lr
.Ltmp243:
.Lfunc_end16:
	.size	HAL_FDCAN_ConfigFifoWatermark, .Lfunc_end16-HAL_FDCAN_ConfigFifoWatermark
	.cfi_endproc
	.cantunwind
	.fnend
                                        @ -- End function
	.section	.text.HAL_FDCAN_ConfigRamWatchdog,"ax",%progbits
	.hidden	HAL_FDCAN_ConfigRamWatchdog     @ -- Begin function HAL_FDCAN_ConfigRamWatchdog
	.globl	HAL_FDCAN_ConfigRamWatchdog
	.p2align	3
	.type	HAL_FDCAN_ConfigRamWatchdog,%function
	.code	16                              @ @HAL_FDCAN_ConfigRamWatchdog
	.thumb_func
HAL_FDCAN_ConfigRamWatchdog:
.Lfunc_begin17:
	.loc	2 2122 0 is_stmt 1              @ ../Drivers/STM32H7xx_HAL_Driver/Src/stm32h7xx_hal_fdcan.c:2122:0
	.fnstart
	.cfi_startproc
@ %bb.0:
	.pad	#12
	sub	sp, #12
	.cfi_def_cfa_offset 12
	str	r0, [sp, #4]
	str	r1, [sp]
.Ltmp244:
	.loc	2 2126 7 prologue_end           @ ../Drivers/STM32H7xx_HAL_Driver/Src/stm32h7xx_hal_fdcan.c:2126:7
	ldr	r0, [sp, #4]
	.loc	2 2126 15 is_stmt 0             @ ../Drivers/STM32H7xx_HAL_Driver/Src/stm32h7xx_hal_fdcan.c:2126:15
	ldrb.w	r0, [r0, #152]
.Ltmp245:
	.loc	2 2126 7                        @ ../Drivers/STM32H7xx_HAL_Driver/Src/stm32h7xx_hal_fdcan.c:2126:7
	cmp	r0, #1
	bne	.LBB17_2
	b	.LBB17_1
.LBB17_1:
.Ltmp246:
	.loc	2 2129 5 is_stmt 1              @ ../Drivers/STM32H7xx_HAL_Driver/Src/stm32h7xx_hal_fdcan.c:2129:5
	ldr	r0, [sp, #4]
	ldr	r0, [r0]
	ldr	r0, [r0, #20]
	bic	r0, r0, #255
	ldr	r1, [sp]
	orrs	r0, r1
	ldr	r1, [sp, #4]
	ldr	r1, [r1]
	str	r0, [r1, #20]
	movs	r0, #0
	.loc	2 2132 5                        @ ../Drivers/STM32H7xx_HAL_Driver/Src/stm32h7xx_hal_fdcan.c:2132:5
	strb.w	r0, [sp, #11]
	b	.LBB17_3
.Ltmp247:
.LBB17_2:
	.loc	2 2137 5                        @ ../Drivers/STM32H7xx_HAL_Driver/Src/stm32h7xx_hal_fdcan.c:2137:5
	ldr	r1, [sp, #4]
	.loc	2 2137 23 is_stmt 0             @ ../Drivers/STM32H7xx_HAL_Driver/Src/stm32h7xx_hal_fdcan.c:2137:23
	ldr.w	r0, [r1, #156]
	orr	r0, r0, #4
	str.w	r0, [r1, #156]
	movs	r0, #1
	.loc	2 2139 5 is_stmt 1              @ ../Drivers/STM32H7xx_HAL_Driver/Src/stm32h7xx_hal_fdcan.c:2139:5
	strb.w	r0, [sp, #11]
	b	.LBB17_3
.Ltmp248:
.LBB17_3:
	.loc	2 2141 1                        @ ../Drivers/STM32H7xx_HAL_Driver/Src/stm32h7xx_hal_fdcan.c:2141:1
	ldrb.w	r0, [sp, #11]
	.loc	2 2141 1 epilogue_begin is_stmt 0 @ ../Drivers/STM32H7xx_HAL_Driver/Src/stm32h7xx_hal_fdcan.c:2141:1
	add	sp, #12
	bx	lr
.Ltmp249:
.Lfunc_end17:
	.size	HAL_FDCAN_ConfigRamWatchdog, .Lfunc_end17-HAL_FDCAN_ConfigRamWatchdog
	.cfi_endproc
	.cantunwind
	.fnend
                                        @ -- End function
	.section	.text.HAL_FDCAN_ConfigTimestampCounter,"ax",%progbits
	.hidden	HAL_FDCAN_ConfigTimestampCounter @ -- Begin function HAL_FDCAN_ConfigTimestampCounter
	.globl	HAL_FDCAN_ConfigTimestampCounter
	.p2align	3
	.type	HAL_FDCAN_ConfigTimestampCounter,%function
	.code	16                              @ @HAL_FDCAN_ConfigTimestampCounter
	.thumb_func
HAL_FDCAN_ConfigTimestampCounter:
.Lfunc_begin18:
	.loc	2 2152 0 is_stmt 1              @ ../Drivers/STM32H7xx_HAL_Driver/Src/stm32h7xx_hal_fdcan.c:2152:0
	.fnstart
	.cfi_startproc
@ %bb.0:
	.pad	#12
	sub	sp, #12
	.cfi_def_cfa_offset 12
	str	r0, [sp, #4]
	str	r1, [sp]
.Ltmp250:
	.loc	2 2156 7 prologue_end           @ ../Drivers/STM32H7xx_HAL_Driver/Src/stm32h7xx_hal_fdcan.c:2156:7
	ldr	r0, [sp, #4]
	.loc	2 2156 15 is_stmt 0             @ ../Drivers/STM32H7xx_HAL_Driver/Src/stm32h7xx_hal_fdcan.c:2156:15
	ldrb.w	r0, [r0, #152]
.Ltmp251:
	.loc	2 2156 7                        @ ../Drivers/STM32H7xx_HAL_Driver/Src/stm32h7xx_hal_fdcan.c:2156:7
	cmp	r0, #1
	bne	.LBB18_2
	b	.LBB18_1
.LBB18_1:
.Ltmp252:
	.loc	2 2159 5 is_stmt 1              @ ../Drivers/STM32H7xx_HAL_Driver/Src/stm32h7xx_hal_fdcan.c:2159:5
	ldr	r0, [sp, #4]
	ldr	r0, [r0]
	ldr	r0, [r0, #32]
	bic	r0, r0, #983040
	ldr	r1, [sp]
	orrs	r0, r1
	ldr	r1, [sp, #4]
	ldr	r1, [r1]
	str	r0, [r1, #32]
	movs	r0, #0
	.loc	2 2162 5                        @ ../Drivers/STM32H7xx_HAL_Driver/Src/stm32h7xx_hal_fdcan.c:2162:5
	strb.w	r0, [sp, #11]
	b	.LBB18_3
.Ltmp253:
.LBB18_2:
	.loc	2 2167 5                        @ ../Drivers/STM32H7xx_HAL_Driver/Src/stm32h7xx_hal_fdcan.c:2167:5
	ldr	r1, [sp, #4]
	.loc	2 2167 23 is_stmt 0             @ ../Drivers/STM32H7xx_HAL_Driver/Src/stm32h7xx_hal_fdcan.c:2167:23
	ldr.w	r0, [r1, #156]
	orr	r0, r0, #4
	str.w	r0, [r1, #156]
	movs	r0, #1
	.loc	2 2169 5 is_stmt 1              @ ../Drivers/STM32H7xx_HAL_Driver/Src/stm32h7xx_hal_fdcan.c:2169:5
	strb.w	r0, [sp, #11]
	b	.LBB18_3
.Ltmp254:
.LBB18_3:
	.loc	2 2171 1                        @ ../Drivers/STM32H7xx_HAL_Driver/Src/stm32h7xx_hal_fdcan.c:2171:1
	ldrb.w	r0, [sp, #11]
	.loc	2 2171 1 epilogue_begin is_stmt 0 @ ../Drivers/STM32H7xx_HAL_Driver/Src/stm32h7xx_hal_fdcan.c:2171:1
	add	sp, #12
	bx	lr
.Ltmp255:
.Lfunc_end18:
	.size	HAL_FDCAN_ConfigTimestampCounter, .Lfunc_end18-HAL_FDCAN_ConfigTimestampCounter
	.cfi_endproc
	.cantunwind
	.fnend
                                        @ -- End function
	.section	.text.HAL_FDCAN_EnableTimestampCounter,"ax",%progbits
	.hidden	HAL_FDCAN_EnableTimestampCounter @ -- Begin function HAL_FDCAN_EnableTimestampCounter
	.globl	HAL_FDCAN_EnableTimestampCounter
	.p2align	3
	.type	HAL_FDCAN_EnableTimestampCounter,%function
	.code	16                              @ @HAL_FDCAN_EnableTimestampCounter
	.thumb_func
HAL_FDCAN_EnableTimestampCounter:
.Lfunc_begin19:
	.loc	2 2182 0 is_stmt 1              @ ../Drivers/STM32H7xx_HAL_Driver/Src/stm32h7xx_hal_fdcan.c:2182:0
	.fnstart
	.cfi_startproc
@ %bb.0:
	.pad	#12
	sub	sp, #12
	.cfi_def_cfa_offset 12
	str	r0, [sp, #4]
	str	r1, [sp]
.Ltmp256:
	.loc	2 2186 7 prologue_end           @ ../Drivers/STM32H7xx_HAL_Driver/Src/stm32h7xx_hal_fdcan.c:2186:7
	ldr	r0, [sp, #4]
	.loc	2 2186 15 is_stmt 0             @ ../Drivers/STM32H7xx_HAL_Driver/Src/stm32h7xx_hal_fdcan.c:2186:15
	ldrb.w	r0, [r0, #152]
.Ltmp257:
	.loc	2 2186 7                        @ ../Drivers/STM32H7xx_HAL_Driver/Src/stm32h7xx_hal_fdcan.c:2186:7
	cmp	r0, #1
	bne	.LBB19_2
	b	.LBB19_1
.LBB19_1:
.Ltmp258:
	.loc	2 2189 5 is_stmt 1              @ ../Drivers/STM32H7xx_HAL_Driver/Src/stm32h7xx_hal_fdcan.c:2189:5
	ldr	r0, [sp, #4]
	ldr	r0, [r0]
	ldr	r0, [r0, #32]
	bic	r0, r0, #3
	ldr	r1, [sp]
	orrs	r0, r1
	ldr	r1, [sp, #4]
	ldr	r1, [r1]
	str	r0, [r1, #32]
	movs	r0, #0
	.loc	2 2192 5                        @ ../Drivers/STM32H7xx_HAL_Driver/Src/stm32h7xx_hal_fdcan.c:2192:5
	strb.w	r0, [sp, #11]
	b	.LBB19_3
.Ltmp259:
.LBB19_2:
	.loc	2 2197 5                        @ ../Drivers/STM32H7xx_HAL_Driver/Src/stm32h7xx_hal_fdcan.c:2197:5
	ldr	r1, [sp, #4]
	.loc	2 2197 23 is_stmt 0             @ ../Drivers/STM32H7xx_HAL_Driver/Src/stm32h7xx_hal_fdcan.c:2197:23
	ldr.w	r0, [r1, #156]
	orr	r0, r0, #4
	str.w	r0, [r1, #156]
	movs	r0, #1
	.loc	2 2199 5 is_stmt 1              @ ../Drivers/STM32H7xx_HAL_Driver/Src/stm32h7xx_hal_fdcan.c:2199:5
	strb.w	r0, [sp, #11]
	b	.LBB19_3
.Ltmp260:
.LBB19_3:
	.loc	2 2201 1                        @ ../Drivers/STM32H7xx_HAL_Driver/Src/stm32h7xx_hal_fdcan.c:2201:1
	ldrb.w	r0, [sp, #11]
	.loc	2 2201 1 epilogue_begin is_stmt 0 @ ../Drivers/STM32H7xx_HAL_Driver/Src/stm32h7xx_hal_fdcan.c:2201:1
	add	sp, #12
	bx	lr
.Ltmp261:
.Lfunc_end19:
	.size	HAL_FDCAN_EnableTimestampCounter, .Lfunc_end19-HAL_FDCAN_EnableTimestampCounter
	.cfi_endproc
	.cantunwind
	.fnend
                                        @ -- End function
	.section	.text.HAL_FDCAN_DisableTimestampCounter,"ax",%progbits
	.hidden	HAL_FDCAN_DisableTimestampCounter @ -- Begin function HAL_FDCAN_DisableTimestampCounter
	.globl	HAL_FDCAN_DisableTimestampCounter
	.p2align	3
	.type	HAL_FDCAN_DisableTimestampCounter,%function
	.code	16                              @ @HAL_FDCAN_DisableTimestampCounter
	.thumb_func
HAL_FDCAN_DisableTimestampCounter:
.Lfunc_begin20:
	.loc	2 2210 0 is_stmt 1              @ ../Drivers/STM32H7xx_HAL_Driver/Src/stm32h7xx_hal_fdcan.c:2210:0
	.fnstart
	.cfi_startproc
@ %bb.0:
	.pad	#8
	sub	sp, #8
	.cfi_def_cfa_offset 8
	str	r0, [sp]
.Ltmp262:
	.loc	2 2211 7 prologue_end           @ ../Drivers/STM32H7xx_HAL_Driver/Src/stm32h7xx_hal_fdcan.c:2211:7
	ldr	r0, [sp]
	.loc	2 2211 15 is_stmt 0             @ ../Drivers/STM32H7xx_HAL_Driver/Src/stm32h7xx_hal_fdcan.c:2211:15
	ldrb.w	r0, [r0, #152]
.Ltmp263:
	.loc	2 2211 7                        @ ../Drivers/STM32H7xx_HAL_Driver/Src/stm32h7xx_hal_fdcan.c:2211:7
	cmp	r0, #1
	bne	.LBB20_2
	b	.LBB20_1
.LBB20_1:
.Ltmp264:
	.loc	2 2214 5 is_stmt 1              @ ../Drivers/STM32H7xx_HAL_Driver/Src/stm32h7xx_hal_fdcan.c:2214:5
	ldr	r0, [sp]
	ldr	r1, [r0]
	ldr	r0, [r1, #32]
	bic	r0, r0, #3
	str	r0, [r1, #32]
	movs	r0, #0
	.loc	2 2217 5                        @ ../Drivers/STM32H7xx_HAL_Driver/Src/stm32h7xx_hal_fdcan.c:2217:5
	strb.w	r0, [sp, #7]
	b	.LBB20_3
.Ltmp265:
.LBB20_2:
	.loc	2 2222 5                        @ ../Drivers/STM32H7xx_HAL_Driver/Src/stm32h7xx_hal_fdcan.c:2222:5
	ldr	r1, [sp]
	.loc	2 2222 23 is_stmt 0             @ ../Drivers/STM32H7xx_HAL_Driver/Src/stm32h7xx_hal_fdcan.c:2222:23
	ldr.w	r0, [r1, #156]
	orr	r0, r0, #4
	str.w	r0, [r1, #156]
	movs	r0, #1
	.loc	2 2224 5 is_stmt 1              @ ../Drivers/STM32H7xx_HAL_Driver/Src/stm32h7xx_hal_fdcan.c:2224:5
	strb.w	r0, [sp, #7]
	b	.LBB20_3
.Ltmp266:
.LBB20_3:
	.loc	2 2226 1                        @ ../Drivers/STM32H7xx_HAL_Driver/Src/stm32h7xx_hal_fdcan.c:2226:1
	ldrb.w	r0, [sp, #7]
	.loc	2 2226 1 epilogue_begin is_stmt 0 @ ../Drivers/STM32H7xx_HAL_Driver/Src/stm32h7xx_hal_fdcan.c:2226:1
	add	sp, #8
	bx	lr
.Ltmp267:
.Lfunc_end20:
	.size	HAL_FDCAN_DisableTimestampCounter, .Lfunc_end20-HAL_FDCAN_DisableTimestampCounter
	.cfi_endproc
	.cantunwind
	.fnend
                                        @ -- End function
	.section	.text.HAL_FDCAN_GetTimestampCounter,"ax",%progbits
	.hidden	HAL_FDCAN_GetTimestampCounter   @ -- Begin function HAL_FDCAN_GetTimestampCounter
	.globl	HAL_FDCAN_GetTimestampCounter
	.p2align	3
	.type	HAL_FDCAN_GetTimestampCounter,%function
	.code	16                              @ @HAL_FDCAN_GetTimestampCounter
	.thumb_func
HAL_FDCAN_GetTimestampCounter:
.Lfunc_begin21:
	.loc	2 2235 0 is_stmt 1              @ ../Drivers/STM32H7xx_HAL_Driver/Src/stm32h7xx_hal_fdcan.c:2235:0
	.fnstart
	.cfi_startproc
@ %bb.0:
	.pad	#4
	sub	sp, #4
	.cfi_def_cfa_offset 4
	str	r0, [sp]
.Ltmp268:
	.loc	2 2236 21 prologue_end          @ ../Drivers/STM32H7xx_HAL_Driver/Src/stm32h7xx_hal_fdcan.c:2236:21
	ldr	r0, [sp]
	.loc	2 2236 29 is_stmt 0             @ ../Drivers/STM32H7xx_HAL_Driver/Src/stm32h7xx_hal_fdcan.c:2236:29
	ldr	r0, [r0]
	.loc	2 2236 39                       @ ../Drivers/STM32H7xx_HAL_Driver/Src/stm32h7xx_hal_fdcan.c:2236:39
	ldr	r0, [r0, #36]
	.loc	2 2236 3                        @ ../Drivers/STM32H7xx_HAL_Driver/Src/stm32h7xx_hal_fdcan.c:2236:3
	uxth	r0, r0
	.loc	2 2236 3 epilogue_begin         @ ../Drivers/STM32H7xx_HAL_Driver/Src/stm32h7xx_hal_fdcan.c:2236:3
	add	sp, #4
	bx	lr
.Ltmp269:
.Lfunc_end21:
	.size	HAL_FDCAN_GetTimestampCounter, .Lfunc_end21-HAL_FDCAN_GetTimestampCounter
	.cfi_endproc
	.cantunwind
	.fnend
                                        @ -- End function
	.section	.text.HAL_FDCAN_ResetTimestampCounter,"ax",%progbits
	.hidden	HAL_FDCAN_ResetTimestampCounter @ -- Begin function HAL_FDCAN_ResetTimestampCounter
	.globl	HAL_FDCAN_ResetTimestampCounter
	.p2align	3
	.type	HAL_FDCAN_ResetTimestampCounter,%function
	.code	16                              @ @HAL_FDCAN_ResetTimestampCounter
	.thumb_func
HAL_FDCAN_ResetTimestampCounter:
.Lfunc_begin22:
	.loc	2 2246 0 is_stmt 1              @ ../Drivers/STM32H7xx_HAL_Driver/Src/stm32h7xx_hal_fdcan.c:2246:0
	.fnstart
	.cfi_startproc
@ %bb.0:
	.pad	#8
	sub	sp, #8
	.cfi_def_cfa_offset 8
	str	r0, [sp]
.Ltmp270:
	.loc	2 2247 8 prologue_end           @ ../Drivers/STM32H7xx_HAL_Driver/Src/stm32h7xx_hal_fdcan.c:2247:8
	ldr	r0, [sp]
	.loc	2 2247 16 is_stmt 0             @ ../Drivers/STM32H7xx_HAL_Driver/Src/stm32h7xx_hal_fdcan.c:2247:16
	ldr	r0, [r0]
	.loc	2 2247 26                       @ ../Drivers/STM32H7xx_HAL_Driver/Src/stm32h7xx_hal_fdcan.c:2247:26
	ldr	r0, [r0, #32]
	.loc	2 2247 31                       @ ../Drivers/STM32H7xx_HAL_Driver/Src/stm32h7xx_hal_fdcan.c:2247:31
	and	r0, r0, #3
.Ltmp271:
	.loc	2 2247 7                        @ ../Drivers/STM32H7xx_HAL_Driver/Src/stm32h7xx_hal_fdcan.c:2247:7
	cmp	r0, #2
	beq	.LBB22_2
	b	.LBB22_1
.LBB22_1:
.Ltmp272:
	.loc	2 2251 5 is_stmt 1              @ ../Drivers/STM32H7xx_HAL_Driver/Src/stm32h7xx_hal_fdcan.c:2251:5
	ldr	r0, [sp]
	ldr	r1, [r0]
	movs	r0, #0
	str	r0, [r1, #36]
	.loc	2 2252 3                        @ ../Drivers/STM32H7xx_HAL_Driver/Src/stm32h7xx_hal_fdcan.c:2252:3
	b	.LBB22_3
.Ltmp273:
.LBB22_2:
	.loc	2 2257 5                        @ ../Drivers/STM32H7xx_HAL_Driver/Src/stm32h7xx_hal_fdcan.c:2257:5
	ldr	r1, [sp]
	.loc	2 2257 23 is_stmt 0             @ ../Drivers/STM32H7xx_HAL_Driver/Src/stm32h7xx_hal_fdcan.c:2257:23
	ldr.w	r0, [r1, #156]
	orr	r0, r0, #16
	str.w	r0, [r1, #156]
	movs	r0, #1
	.loc	2 2259 5 is_stmt 1              @ ../Drivers/STM32H7xx_HAL_Driver/Src/stm32h7xx_hal_fdcan.c:2259:5
	strb.w	r0, [sp, #7]
	b	.LBB22_4
.Ltmp274:
.LBB22_3:
	.loc	2 0 5 is_stmt 0                 @ ../Drivers/STM32H7xx_HAL_Driver/Src/stm32h7xx_hal_fdcan.c:0:5
	movs	r0, #0
	.loc	2 2263 3 is_stmt 1              @ ../Drivers/STM32H7xx_HAL_Driver/Src/stm32h7xx_hal_fdcan.c:2263:3
	strb.w	r0, [sp, #7]
	b	.LBB22_4
.LBB22_4:
	.loc	2 2264 1                        @ ../Drivers/STM32H7xx_HAL_Driver/Src/stm32h7xx_hal_fdcan.c:2264:1
	ldrb.w	r0, [sp, #7]
	.loc	2 2264 1 epilogue_begin is_stmt 0 @ ../Drivers/STM32H7xx_HAL_Driver/Src/stm32h7xx_hal_fdcan.c:2264:1
	add	sp, #8
	bx	lr
.Ltmp275:
.Lfunc_end22:
	.size	HAL_FDCAN_ResetTimestampCounter, .Lfunc_end22-HAL_FDCAN_ResetTimestampCounter
	.cfi_endproc
	.cantunwind
	.fnend
                                        @ -- End function
	.section	.text.HAL_FDCAN_ConfigTimeoutCounter,"ax",%progbits
	.hidden	HAL_FDCAN_ConfigTimeoutCounter  @ -- Begin function HAL_FDCAN_ConfigTimeoutCounter
	.globl	HAL_FDCAN_ConfigTimeoutCounter
	.p2align	3
	.type	HAL_FDCAN_ConfigTimeoutCounter,%function
	.code	16                              @ @HAL_FDCAN_ConfigTimeoutCounter
	.thumb_func
HAL_FDCAN_ConfigTimeoutCounter:
.Lfunc_begin23:
	.loc	2 2278 0 is_stmt 1              @ ../Drivers/STM32H7xx_HAL_Driver/Src/stm32h7xx_hal_fdcan.c:2278:0
	.fnstart
	.cfi_startproc
@ %bb.0:
	.pad	#16
	sub	sp, #16
	.cfi_def_cfa_offset 16
	str	r0, [sp, #8]
	str	r1, [sp, #4]
	str	r2, [sp]
.Ltmp276:
	.loc	2 2283 7 prologue_end           @ ../Drivers/STM32H7xx_HAL_Driver/Src/stm32h7xx_hal_fdcan.c:2283:7
	ldr	r0, [sp, #8]
	.loc	2 2283 15 is_stmt 0             @ ../Drivers/STM32H7xx_HAL_Driver/Src/stm32h7xx_hal_fdcan.c:2283:15
	ldrb.w	r0, [r0, #152]
.Ltmp277:
	.loc	2 2283 7                        @ ../Drivers/STM32H7xx_HAL_Driver/Src/stm32h7xx_hal_fdcan.c:2283:7
	cmp	r0, #1
	bne	.LBB23_2
	b	.LBB23_1
.LBB23_1:
.Ltmp278:
	.loc	2 2286 5 is_stmt 1              @ ../Drivers/STM32H7xx_HAL_Driver/Src/stm32h7xx_hal_fdcan.c:2286:5
	ldr	r0, [sp, #8]
	ldr	r0, [r0]
	ldr	r0, [r0, #40]
	movw	r1, #65529
	ands	r0, r1
	ldr	r1, [sp, #4]
	ldr	r2, [sp]
	orr.w	r1, r1, r2, lsl #16
	orrs	r0, r1
	ldr	r1, [sp, #8]
	ldr	r1, [r1]
	str	r0, [r1, #40]
	movs	r0, #0
	.loc	2 2290 5                        @ ../Drivers/STM32H7xx_HAL_Driver/Src/stm32h7xx_hal_fdcan.c:2290:5
	strb.w	r0, [sp, #15]
	b	.LBB23_3
.Ltmp279:
.LBB23_2:
	.loc	2 2295 5                        @ ../Drivers/STM32H7xx_HAL_Driver/Src/stm32h7xx_hal_fdcan.c:2295:5
	ldr	r1, [sp, #8]
	.loc	2 2295 23 is_stmt 0             @ ../Drivers/STM32H7xx_HAL_Driver/Src/stm32h7xx_hal_fdcan.c:2295:23
	ldr.w	r0, [r1, #156]
	orr	r0, r0, #4
	str.w	r0, [r1, #156]
	movs	r0, #1
	.loc	2 2297 5 is_stmt 1              @ ../Drivers/STM32H7xx_HAL_Driver/Src/stm32h7xx_hal_fdcan.c:2297:5
	strb.w	r0, [sp, #15]
	b	.LBB23_3
.Ltmp280:
.LBB23_3:
	.loc	2 2299 1                        @ ../Drivers/STM32H7xx_HAL_Driver/Src/stm32h7xx_hal_fdcan.c:2299:1
	ldrb.w	r0, [sp, #15]
	.loc	2 2299 1 epilogue_begin is_stmt 0 @ ../Drivers/STM32H7xx_HAL_Driver/Src/stm32h7xx_hal_fdcan.c:2299:1
	add	sp, #16
	bx	lr
.Ltmp281:
.Lfunc_end23:
	.size	HAL_FDCAN_ConfigTimeoutCounter, .Lfunc_end23-HAL_FDCAN_ConfigTimeoutCounter
	.cfi_endproc
	.cantunwind
	.fnend
                                        @ -- End function
	.section	.text.HAL_FDCAN_EnableTimeoutCounter,"ax",%progbits
	.hidden	HAL_FDCAN_EnableTimeoutCounter  @ -- Begin function HAL_FDCAN_EnableTimeoutCounter
	.globl	HAL_FDCAN_EnableTimeoutCounter
	.p2align	3
	.type	HAL_FDCAN_EnableTimeoutCounter,%function
	.code	16                              @ @HAL_FDCAN_EnableTimeoutCounter
	.thumb_func
HAL_FDCAN_EnableTimeoutCounter:
.Lfunc_begin24:
	.loc	2 2308 0 is_stmt 1              @ ../Drivers/STM32H7xx_HAL_Driver/Src/stm32h7xx_hal_fdcan.c:2308:0
	.fnstart
	.cfi_startproc
@ %bb.0:
	.pad	#8
	sub	sp, #8
	.cfi_def_cfa_offset 8
	str	r0, [sp]
.Ltmp282:
	.loc	2 2309 7 prologue_end           @ ../Drivers/STM32H7xx_HAL_Driver/Src/stm32h7xx_hal_fdcan.c:2309:7
	ldr	r0, [sp]
	.loc	2 2309 15 is_stmt 0             @ ../Drivers/STM32H7xx_HAL_Driver/Src/stm32h7xx_hal_fdcan.c:2309:15
	ldrb.w	r0, [r0, #152]
.Ltmp283:
	.loc	2 2309 7                        @ ../Drivers/STM32H7xx_HAL_Driver/Src/stm32h7xx_hal_fdcan.c:2309:7
	cmp	r0, #1
	bne	.LBB24_2
	b	.LBB24_1
.LBB24_1:
.Ltmp284:
	.loc	2 2312 5 is_stmt 1              @ ../Drivers/STM32H7xx_HAL_Driver/Src/stm32h7xx_hal_fdcan.c:2312:5
	ldr	r0, [sp]
	ldr	r1, [r0]
	ldr	r0, [r1, #40]
	orr	r0, r0, #1
	str	r0, [r1, #40]
	movs	r0, #0
	.loc	2 2315 5                        @ ../Drivers/STM32H7xx_HAL_Driver/Src/stm32h7xx_hal_fdcan.c:2315:5
	strb.w	r0, [sp, #7]
	b	.LBB24_3
.Ltmp285:
.LBB24_2:
	.loc	2 2320 5                        @ ../Drivers/STM32H7xx_HAL_Driver/Src/stm32h7xx_hal_fdcan.c:2320:5
	ldr	r1, [sp]
	.loc	2 2320 23 is_stmt 0             @ ../Drivers/STM32H7xx_HAL_Driver/Src/stm32h7xx_hal_fdcan.c:2320:23
	ldr.w	r0, [r1, #156]
	orr	r0, r0, #4
	str.w	r0, [r1, #156]
	movs	r0, #1
	.loc	2 2322 5 is_stmt 1              @ ../Drivers/STM32H7xx_HAL_Driver/Src/stm32h7xx_hal_fdcan.c:2322:5
	strb.w	r0, [sp, #7]
	b	.LBB24_3
.Ltmp286:
.LBB24_3:
	.loc	2 2324 1                        @ ../Drivers/STM32H7xx_HAL_Driver/Src/stm32h7xx_hal_fdcan.c:2324:1
	ldrb.w	r0, [sp, #7]
	.loc	2 2324 1 epilogue_begin is_stmt 0 @ ../Drivers/STM32H7xx_HAL_Driver/Src/stm32h7xx_hal_fdcan.c:2324:1
	add	sp, #8
	bx	lr
.Ltmp287:
.Lfunc_end24:
	.size	HAL_FDCAN_EnableTimeoutCounter, .Lfunc_end24-HAL_FDCAN_EnableTimeoutCounter
	.cfi_endproc
	.cantunwind
	.fnend
                                        @ -- End function
	.section	.text.HAL_FDCAN_DisableTimeoutCounter,"ax",%progbits
	.hidden	HAL_FDCAN_DisableTimeoutCounter @ -- Begin function HAL_FDCAN_DisableTimeoutCounter
	.globl	HAL_FDCAN_DisableTimeoutCounter
	.p2align	3
	.type	HAL_FDCAN_DisableTimeoutCounter,%function
	.code	16                              @ @HAL_FDCAN_DisableTimeoutCounter
	.thumb_func
HAL_FDCAN_DisableTimeoutCounter:
.Lfunc_begin25:
	.loc	2 2333 0 is_stmt 1              @ ../Drivers/STM32H7xx_HAL_Driver/Src/stm32h7xx_hal_fdcan.c:2333:0
	.fnstart
	.cfi_startproc
@ %bb.0:
	.pad	#8
	sub	sp, #8
	.cfi_def_cfa_offset 8
	str	r0, [sp]
.Ltmp288:
	.loc	2 2334 7 prologue_end           @ ../Drivers/STM32H7xx_HAL_Driver/Src/stm32h7xx_hal_fdcan.c:2334:7
	ldr	r0, [sp]
	.loc	2 2334 15 is_stmt 0             @ ../Drivers/STM32H7xx_HAL_Driver/Src/stm32h7xx_hal_fdcan.c:2334:15
	ldrb.w	r0, [r0, #152]
.Ltmp289:
	.loc	2 2334 7                        @ ../Drivers/STM32H7xx_HAL_Driver/Src/stm32h7xx_hal_fdcan.c:2334:7
	cmp	r0, #1
	bne	.LBB25_2
	b	.LBB25_1
.LBB25_1:
.Ltmp290:
	.loc	2 2337 5 is_stmt 1              @ ../Drivers/STM32H7xx_HAL_Driver/Src/stm32h7xx_hal_fdcan.c:2337:5
	ldr	r0, [sp]
	ldr	r1, [r0]
	ldr	r0, [r1, #40]
	bic	r0, r0, #1
	str	r0, [r1, #40]
	movs	r0, #0
	.loc	2 2340 5                        @ ../Drivers/STM32H7xx_HAL_Driver/Src/stm32h7xx_hal_fdcan.c:2340:5
	strb.w	r0, [sp, #7]
	b	.LBB25_3
.Ltmp291:
.LBB25_2:
	.loc	2 2345 5                        @ ../Drivers/STM32H7xx_HAL_Driver/Src/stm32h7xx_hal_fdcan.c:2345:5
	ldr	r1, [sp]
	.loc	2 2345 23 is_stmt 0             @ ../Drivers/STM32H7xx_HAL_Driver/Src/stm32h7xx_hal_fdcan.c:2345:23
	ldr.w	r0, [r1, #156]
	orr	r0, r0, #4
	str.w	r0, [r1, #156]
	movs	r0, #1
	.loc	2 2347 5 is_stmt 1              @ ../Drivers/STM32H7xx_HAL_Driver/Src/stm32h7xx_hal_fdcan.c:2347:5
	strb.w	r0, [sp, #7]
	b	.LBB25_3
.Ltmp292:
.LBB25_3:
	.loc	2 2349 1                        @ ../Drivers/STM32H7xx_HAL_Driver/Src/stm32h7xx_hal_fdcan.c:2349:1
	ldrb.w	r0, [sp, #7]
	.loc	2 2349 1 epilogue_begin is_stmt 0 @ ../Drivers/STM32H7xx_HAL_Driver/Src/stm32h7xx_hal_fdcan.c:2349:1
	add	sp, #8
	bx	lr
.Ltmp293:
.Lfunc_end25:
	.size	HAL_FDCAN_DisableTimeoutCounter, .Lfunc_end25-HAL_FDCAN_DisableTimeoutCounter
	.cfi_endproc
	.cantunwind
	.fnend
                                        @ -- End function
	.section	.text.HAL_FDCAN_GetTimeoutCounter,"ax",%progbits
	.hidden	HAL_FDCAN_GetTimeoutCounter     @ -- Begin function HAL_FDCAN_GetTimeoutCounter
	.globl	HAL_FDCAN_GetTimeoutCounter
	.p2align	3
	.type	HAL_FDCAN_GetTimeoutCounter,%function
	.code	16                              @ @HAL_FDCAN_GetTimeoutCounter
	.thumb_func
HAL_FDCAN_GetTimeoutCounter:
.Lfunc_begin26:
	.loc	2 2358 0 is_stmt 1              @ ../Drivers/STM32H7xx_HAL_Driver/Src/stm32h7xx_hal_fdcan.c:2358:0
	.fnstart
	.cfi_startproc
@ %bb.0:
	.pad	#4
	sub	sp, #4
	.cfi_def_cfa_offset 4
	str	r0, [sp]
.Ltmp294:
	.loc	2 2359 21 prologue_end          @ ../Drivers/STM32H7xx_HAL_Driver/Src/stm32h7xx_hal_fdcan.c:2359:21
	ldr	r0, [sp]
	.loc	2 2359 29 is_stmt 0             @ ../Drivers/STM32H7xx_HAL_Driver/Src/stm32h7xx_hal_fdcan.c:2359:29
	ldr	r0, [r0]
	.loc	2 2359 39                       @ ../Drivers/STM32H7xx_HAL_Driver/Src/stm32h7xx_hal_fdcan.c:2359:39
	ldr	r0, [r0, #44]
	.loc	2 2359 3                        @ ../Drivers/STM32H7xx_HAL_Driver/Src/stm32h7xx_hal_fdcan.c:2359:3
	uxth	r0, r0
	.loc	2 2359 3 epilogue_begin         @ ../Drivers/STM32H7xx_HAL_Driver/Src/stm32h7xx_hal_fdcan.c:2359:3
	add	sp, #4
	bx	lr
.Ltmp295:
.Lfunc_end26:
	.size	HAL_FDCAN_GetTimeoutCounter, .Lfunc_end26-HAL_FDCAN_GetTimeoutCounter
	.cfi_endproc
	.cantunwind
	.fnend
                                        @ -- End function
	.section	.text.HAL_FDCAN_ResetTimeoutCounter,"ax",%progbits
	.hidden	HAL_FDCAN_ResetTimeoutCounter   @ -- Begin function HAL_FDCAN_ResetTimeoutCounter
	.globl	HAL_FDCAN_ResetTimeoutCounter
	.p2align	3
	.type	HAL_FDCAN_ResetTimeoutCounter,%function
	.code	16                              @ @HAL_FDCAN_ResetTimeoutCounter
	.thumb_func
HAL_FDCAN_ResetTimeoutCounter:
.Lfunc_begin27:
	.loc	2 2369 0 is_stmt 1              @ ../Drivers/STM32H7xx_HAL_Driver/Src/stm32h7xx_hal_fdcan.c:2369:0
	.fnstart
	.cfi_startproc
@ %bb.0:
	.pad	#8
	sub	sp, #8
	.cfi_def_cfa_offset 8
	str	r0, [sp]
.Ltmp296:
	.loc	2 2370 8 prologue_end           @ ../Drivers/STM32H7xx_HAL_Driver/Src/stm32h7xx_hal_fdcan.c:2370:8
	ldr	r0, [sp]
	.loc	2 2370 16 is_stmt 0             @ ../Drivers/STM32H7xx_HAL_Driver/Src/stm32h7xx_hal_fdcan.c:2370:16
	ldr	r0, [r0]
	.loc	2 2370 26                       @ ../Drivers/STM32H7xx_HAL_Driver/Src/stm32h7xx_hal_fdcan.c:2370:26
	ldr	r0, [r0, #40]
.Ltmp297:
	.loc	2 2370 7                        @ ../Drivers/STM32H7xx_HAL_Driver/Src/stm32h7xx_hal_fdcan.c:2370:7
	tst.w	r0, #6
	bne	.LBB27_2
	b	.LBB27_1
.LBB27_1:
.Ltmp298:
	.loc	2 2373 5 is_stmt 1              @ ../Drivers/STM32H7xx_HAL_Driver/Src/stm32h7xx_hal_fdcan.c:2373:5
	ldr	r0, [sp]
	ldr	r1, [r0]
	movs	r0, #0
	str	r0, [r1, #44]
	.loc	2 2376 5                        @ ../Drivers/STM32H7xx_HAL_Driver/Src/stm32h7xx_hal_fdcan.c:2376:5
	strb.w	r0, [sp, #7]
	b	.LBB27_3
.Ltmp299:
.LBB27_2:
	.loc	2 2382 5                        @ ../Drivers/STM32H7xx_HAL_Driver/Src/stm32h7xx_hal_fdcan.c:2382:5
	ldr	r1, [sp]
	.loc	2 2382 23 is_stmt 0             @ ../Drivers/STM32H7xx_HAL_Driver/Src/stm32h7xx_hal_fdcan.c:2382:23
	ldr.w	r0, [r1, #156]
	orr	r0, r0, #16
	str.w	r0, [r1, #156]
	movs	r0, #1
	.loc	2 2384 5 is_stmt 1              @ ../Drivers/STM32H7xx_HAL_Driver/Src/stm32h7xx_hal_fdcan.c:2384:5
	strb.w	r0, [sp, #7]
	b	.LBB27_3
.Ltmp300:
.LBB27_3:
	.loc	2 2386 1                        @ ../Drivers/STM32H7xx_HAL_Driver/Src/stm32h7xx_hal_fdcan.c:2386:1
	ldrb.w	r0, [sp, #7]
	.loc	2 2386 1 epilogue_begin is_stmt 0 @ ../Drivers/STM32H7xx_HAL_Driver/Src/stm32h7xx_hal_fdcan.c:2386:1
	add	sp, #8
	bx	lr
.Ltmp301:
.Lfunc_end27:
	.size	HAL_FDCAN_ResetTimeoutCounter, .Lfunc_end27-HAL_FDCAN_ResetTimeoutCounter
	.cfi_endproc
	.cantunwind
	.fnend
                                        @ -- End function
	.section	.text.HAL_FDCAN_ConfigTxDelayCompensation,"ax",%progbits
	.hidden	HAL_FDCAN_ConfigTxDelayCompensation @ -- Begin function HAL_FDCAN_ConfigTxDelayCompensation
	.globl	HAL_FDCAN_ConfigTxDelayCompensation
	.p2align	3
	.type	HAL_FDCAN_ConfigTxDelayCompensation,%function
	.code	16                              @ @HAL_FDCAN_ConfigTxDelayCompensation
	.thumb_func
HAL_FDCAN_ConfigTxDelayCompensation:
.Lfunc_begin28:
	.loc	2 2400 0 is_stmt 1              @ ../Drivers/STM32H7xx_HAL_Driver/Src/stm32h7xx_hal_fdcan.c:2400:0
	.fnstart
	.cfi_startproc
@ %bb.0:
	.pad	#16
	sub	sp, #16
	.cfi_def_cfa_offset 16
	str	r0, [sp, #8]
	str	r1, [sp, #4]
	str	r2, [sp]
.Ltmp302:
	.loc	2 2405 7 prologue_end           @ ../Drivers/STM32H7xx_HAL_Driver/Src/stm32h7xx_hal_fdcan.c:2405:7
	ldr	r0, [sp, #8]
	.loc	2 2405 15 is_stmt 0             @ ../Drivers/STM32H7xx_HAL_Driver/Src/stm32h7xx_hal_fdcan.c:2405:15
	ldrb.w	r0, [r0, #152]
.Ltmp303:
	.loc	2 2405 7                        @ ../Drivers/STM32H7xx_HAL_Driver/Src/stm32h7xx_hal_fdcan.c:2405:7
	cmp	r0, #1
	bne	.LBB28_2
	b	.LBB28_1
.LBB28_1:
.Ltmp304:
	.loc	2 2408 32 is_stmt 1             @ ../Drivers/STM32H7xx_HAL_Driver/Src/stm32h7xx_hal_fdcan.c:2408:32
	ldr	r0, [sp]
	.loc	2 2408 69 is_stmt 0             @ ../Drivers/STM32H7xx_HAL_Driver/Src/stm32h7xx_hal_fdcan.c:2408:69
	ldr	r1, [sp, #4]
	.loc	2 2408 66                       @ ../Drivers/STM32H7xx_HAL_Driver/Src/stm32h7xx_hal_fdcan.c:2408:66
	orr.w	r0, r0, r1, lsl #8
	.loc	2 2408 5                        @ ../Drivers/STM32H7xx_HAL_Driver/Src/stm32h7xx_hal_fdcan.c:2408:5
	ldr	r1, [sp, #8]
	.loc	2 2408 13                       @ ../Drivers/STM32H7xx_HAL_Driver/Src/stm32h7xx_hal_fdcan.c:2408:13
	ldr	r1, [r1]
	.loc	2 2408 28                       @ ../Drivers/STM32H7xx_HAL_Driver/Src/stm32h7xx_hal_fdcan.c:2408:28
	str	r0, [r1, #72]
	movs	r0, #0
	.loc	2 2411 5 is_stmt 1              @ ../Drivers/STM32H7xx_HAL_Driver/Src/stm32h7xx_hal_fdcan.c:2411:5
	strb.w	r0, [sp, #15]
	b	.LBB28_3
.Ltmp305:
.LBB28_2:
	.loc	2 2416 5                        @ ../Drivers/STM32H7xx_HAL_Driver/Src/stm32h7xx_hal_fdcan.c:2416:5
	ldr	r1, [sp, #8]
	.loc	2 2416 23 is_stmt 0             @ ../Drivers/STM32H7xx_HAL_Driver/Src/stm32h7xx_hal_fdcan.c:2416:23
	ldr.w	r0, [r1, #156]
	orr	r0, r0, #4
	str.w	r0, [r1, #156]
	movs	r0, #1
	.loc	2 2418 5 is_stmt 1              @ ../Drivers/STM32H7xx_HAL_Driver/Src/stm32h7xx_hal_fdcan.c:2418:5
	strb.w	r0, [sp, #15]
	b	.LBB28_3
.Ltmp306:
.LBB28_3:
	.loc	2 2420 1                        @ ../Drivers/STM32H7xx_HAL_Driver/Src/stm32h7xx_hal_fdcan.c:2420:1
	ldrb.w	r0, [sp, #15]
	.loc	2 2420 1 epilogue_begin is_stmt 0 @ ../Drivers/STM32H7xx_HAL_Driver/Src/stm32h7xx_hal_fdcan.c:2420:1
	add	sp, #16
	bx	lr
.Ltmp307:
.Lfunc_end28:
	.size	HAL_FDCAN_ConfigTxDelayCompensation, .Lfunc_end28-HAL_FDCAN_ConfigTxDelayCompensation
	.cfi_endproc
	.cantunwind
	.fnend
                                        @ -- End function
	.section	.text.HAL_FDCAN_EnableTxDelayCompensation,"ax",%progbits
	.hidden	HAL_FDCAN_EnableTxDelayCompensation @ -- Begin function HAL_FDCAN_EnableTxDelayCompensation
	.globl	HAL_FDCAN_EnableTxDelayCompensation
	.p2align	3
	.type	HAL_FDCAN_EnableTxDelayCompensation,%function
	.code	16                              @ @HAL_FDCAN_EnableTxDelayCompensation
	.thumb_func
HAL_FDCAN_EnableTxDelayCompensation:
.Lfunc_begin29:
	.loc	2 2429 0 is_stmt 1              @ ../Drivers/STM32H7xx_HAL_Driver/Src/stm32h7xx_hal_fdcan.c:2429:0
	.fnstart
	.cfi_startproc
@ %bb.0:
	.pad	#8
	sub	sp, #8
	.cfi_def_cfa_offset 8
	str	r0, [sp]
.Ltmp308:
	.loc	2 2430 7 prologue_end           @ ../Drivers/STM32H7xx_HAL_Driver/Src/stm32h7xx_hal_fdcan.c:2430:7
	ldr	r0, [sp]
	.loc	2 2430 15 is_stmt 0             @ ../Drivers/STM32H7xx_HAL_Driver/Src/stm32h7xx_hal_fdcan.c:2430:15
	ldrb.w	r0, [r0, #152]
.Ltmp309:
	.loc	2 2430 7                        @ ../Drivers/STM32H7xx_HAL_Driver/Src/stm32h7xx_hal_fdcan.c:2430:7
	cmp	r0, #1
	bne	.LBB29_2
	b	.LBB29_1
.LBB29_1:
.Ltmp310:
	.loc	2 2433 5 is_stmt 1              @ ../Drivers/STM32H7xx_HAL_Driver/Src/stm32h7xx_hal_fdcan.c:2433:5
	ldr	r0, [sp]
	ldr	r1, [r0]
	ldr	r0, [r1, #12]
	orr	r0, r0, #8388608
	str	r0, [r1, #12]
	movs	r0, #0
	.loc	2 2436 5                        @ ../Drivers/STM32H7xx_HAL_Driver/Src/stm32h7xx_hal_fdcan.c:2436:5
	strb.w	r0, [sp, #7]
	b	.LBB29_3
.Ltmp311:
.LBB29_2:
	.loc	2 2441 5                        @ ../Drivers/STM32H7xx_HAL_Driver/Src/stm32h7xx_hal_fdcan.c:2441:5
	ldr	r1, [sp]
	.loc	2 2441 23 is_stmt 0             @ ../Drivers/STM32H7xx_HAL_Driver/Src/stm32h7xx_hal_fdcan.c:2441:23
	ldr.w	r0, [r1, #156]
	orr	r0, r0, #4
	str.w	r0, [r1, #156]
	movs	r0, #1
	.loc	2 2443 5 is_stmt 1              @ ../Drivers/STM32H7xx_HAL_Driver/Src/stm32h7xx_hal_fdcan.c:2443:5
	strb.w	r0, [sp, #7]
	b	.LBB29_3
.Ltmp312:
.LBB29_3:
	.loc	2 2445 1                        @ ../Drivers/STM32H7xx_HAL_Driver/Src/stm32h7xx_hal_fdcan.c:2445:1
	ldrb.w	r0, [sp, #7]
	.loc	2 2445 1 epilogue_begin is_stmt 0 @ ../Drivers/STM32H7xx_HAL_Driver/Src/stm32h7xx_hal_fdcan.c:2445:1
	add	sp, #8
	bx	lr
.Ltmp313:
.Lfunc_end29:
	.size	HAL_FDCAN_EnableTxDelayCompensation, .Lfunc_end29-HAL_FDCAN_EnableTxDelayCompensation
	.cfi_endproc
	.cantunwind
	.fnend
                                        @ -- End function
	.section	.text.HAL_FDCAN_DisableTxDelayCompensation,"ax",%progbits
	.hidden	HAL_FDCAN_DisableTxDelayCompensation @ -- Begin function HAL_FDCAN_DisableTxDelayCompensation
	.globl	HAL_FDCAN_DisableTxDelayCompensation
	.p2align	3
	.type	HAL_FDCAN_DisableTxDelayCompensation,%function
	.code	16                              @ @HAL_FDCAN_DisableTxDelayCompensation
	.thumb_func
HAL_FDCAN_DisableTxDelayCompensation:
.Lfunc_begin30:
	.loc	2 2454 0 is_stmt 1              @ ../Drivers/STM32H7xx_HAL_Driver/Src/stm32h7xx_hal_fdcan.c:2454:0
	.fnstart
	.cfi_startproc
@ %bb.0:
	.pad	#8
	sub	sp, #8
	.cfi_def_cfa_offset 8
	str	r0, [sp]
.Ltmp314:
	.loc	2 2455 7 prologue_end           @ ../Drivers/STM32H7xx_HAL_Driver/Src/stm32h7xx_hal_fdcan.c:2455:7
	ldr	r0, [sp]
	.loc	2 2455 15 is_stmt 0             @ ../Drivers/STM32H7xx_HAL_Driver/Src/stm32h7xx_hal_fdcan.c:2455:15
	ldrb.w	r0, [r0, #152]
.Ltmp315:
	.loc	2 2455 7                        @ ../Drivers/STM32H7xx_HAL_Driver/Src/stm32h7xx_hal_fdcan.c:2455:7
	cmp	r0, #1
	bne	.LBB30_2
	b	.LBB30_1
.LBB30_1:
.Ltmp316:
	.loc	2 2458 5 is_stmt 1              @ ../Drivers/STM32H7xx_HAL_Driver/Src/stm32h7xx_hal_fdcan.c:2458:5
	ldr	r0, [sp]
	ldr	r1, [r0]
	ldr	r0, [r1, #12]
	bic	r0, r0, #8388608
	str	r0, [r1, #12]
	movs	r0, #0
	.loc	2 2461 5                        @ ../Drivers/STM32H7xx_HAL_Driver/Src/stm32h7xx_hal_fdcan.c:2461:5
	strb.w	r0, [sp, #7]
	b	.LBB30_3
.Ltmp317:
.LBB30_2:
	.loc	2 2466 5                        @ ../Drivers/STM32H7xx_HAL_Driver/Src/stm32h7xx_hal_fdcan.c:2466:5
	ldr	r1, [sp]
	.loc	2 2466 23 is_stmt 0             @ ../Drivers/STM32H7xx_HAL_Driver/Src/stm32h7xx_hal_fdcan.c:2466:23
	ldr.w	r0, [r1, #156]
	orr	r0, r0, #4
	str.w	r0, [r1, #156]
	movs	r0, #1
	.loc	2 2468 5 is_stmt 1              @ ../Drivers/STM32H7xx_HAL_Driver/Src/stm32h7xx_hal_fdcan.c:2468:5
	strb.w	r0, [sp, #7]
	b	.LBB30_3
.Ltmp318:
.LBB30_3:
	.loc	2 2470 1                        @ ../Drivers/STM32H7xx_HAL_Driver/Src/stm32h7xx_hal_fdcan.c:2470:1
	ldrb.w	r0, [sp, #7]
	.loc	2 2470 1 epilogue_begin is_stmt 0 @ ../Drivers/STM32H7xx_HAL_Driver/Src/stm32h7xx_hal_fdcan.c:2470:1
	add	sp, #8
	bx	lr
.Ltmp319:
.Lfunc_end30:
	.size	HAL_FDCAN_DisableTxDelayCompensation, .Lfunc_end30-HAL_FDCAN_DisableTxDelayCompensation
	.cfi_endproc
	.cantunwind
	.fnend
                                        @ -- End function
	.section	.text.HAL_FDCAN_EnableISOMode,"ax",%progbits
	.hidden	HAL_FDCAN_EnableISOMode         @ -- Begin function HAL_FDCAN_EnableISOMode
	.globl	HAL_FDCAN_EnableISOMode
	.p2align	3
	.type	HAL_FDCAN_EnableISOMode,%function
	.code	16                              @ @HAL_FDCAN_EnableISOMode
	.thumb_func
HAL_FDCAN_EnableISOMode:
.Lfunc_begin31:
	.loc	2 2480 0 is_stmt 1              @ ../Drivers/STM32H7xx_HAL_Driver/Src/stm32h7xx_hal_fdcan.c:2480:0
	.fnstart
	.cfi_startproc
@ %bb.0:
	.pad	#8
	sub	sp, #8
	.cfi_def_cfa_offset 8
	str	r0, [sp]
.Ltmp320:
	.loc	2 2481 7 prologue_end           @ ../Drivers/STM32H7xx_HAL_Driver/Src/stm32h7xx_hal_fdcan.c:2481:7
	ldr	r0, [sp]
	.loc	2 2481 15 is_stmt 0             @ ../Drivers/STM32H7xx_HAL_Driver/Src/stm32h7xx_hal_fdcan.c:2481:15
	ldrb.w	r0, [r0, #152]
.Ltmp321:
	.loc	2 2481 7                        @ ../Drivers/STM32H7xx_HAL_Driver/Src/stm32h7xx_hal_fdcan.c:2481:7
	cmp	r0, #1
	bne	.LBB31_2
	b	.LBB31_1
.LBB31_1:
.Ltmp322:
	.loc	2 2484 5 is_stmt 1              @ ../Drivers/STM32H7xx_HAL_Driver/Src/stm32h7xx_hal_fdcan.c:2484:5
	ldr	r0, [sp]
	ldr	r1, [r0]
	ldr	r0, [r1, #24]
	bic	r0, r0, #32768
	str	r0, [r1, #24]
	movs	r0, #0
	.loc	2 2487 5                        @ ../Drivers/STM32H7xx_HAL_Driver/Src/stm32h7xx_hal_fdcan.c:2487:5
	strb.w	r0, [sp, #7]
	b	.LBB31_3
.Ltmp323:
.LBB31_2:
	.loc	2 2492 5                        @ ../Drivers/STM32H7xx_HAL_Driver/Src/stm32h7xx_hal_fdcan.c:2492:5
	ldr	r1, [sp]
	.loc	2 2492 23 is_stmt 0             @ ../Drivers/STM32H7xx_HAL_Driver/Src/stm32h7xx_hal_fdcan.c:2492:23
	ldr.w	r0, [r1, #156]
	orr	r0, r0, #4
	str.w	r0, [r1, #156]
	movs	r0, #1
	.loc	2 2494 5 is_stmt 1              @ ../Drivers/STM32H7xx_HAL_Driver/Src/stm32h7xx_hal_fdcan.c:2494:5
	strb.w	r0, [sp, #7]
	b	.LBB31_3
.Ltmp324:
.LBB31_3:
	.loc	2 2496 1                        @ ../Drivers/STM32H7xx_HAL_Driver/Src/stm32h7xx_hal_fdcan.c:2496:1
	ldrb.w	r0, [sp, #7]
	.loc	2 2496 1 epilogue_begin is_stmt 0 @ ../Drivers/STM32H7xx_HAL_Driver/Src/stm32h7xx_hal_fdcan.c:2496:1
	add	sp, #8
	bx	lr
.Ltmp325:
.Lfunc_end31:
	.size	HAL_FDCAN_EnableISOMode, .Lfunc_end31-HAL_FDCAN_EnableISOMode
	.cfi_endproc
	.cantunwind
	.fnend
                                        @ -- End function
	.section	.text.HAL_FDCAN_DisableISOMode,"ax",%progbits
	.hidden	HAL_FDCAN_DisableISOMode        @ -- Begin function HAL_FDCAN_DisableISOMode
	.globl	HAL_FDCAN_DisableISOMode
	.p2align	3
	.type	HAL_FDCAN_DisableISOMode,%function
	.code	16                              @ @HAL_FDCAN_DisableISOMode
	.thumb_func
HAL_FDCAN_DisableISOMode:
.Lfunc_begin32:
	.loc	2 2506 0 is_stmt 1              @ ../Drivers/STM32H7xx_HAL_Driver/Src/stm32h7xx_hal_fdcan.c:2506:0
	.fnstart
	.cfi_startproc
@ %bb.0:
	.pad	#8
	sub	sp, #8
	.cfi_def_cfa_offset 8
	str	r0, [sp]
.Ltmp326:
	.loc	2 2507 7 prologue_end           @ ../Drivers/STM32H7xx_HAL_Driver/Src/stm32h7xx_hal_fdcan.c:2507:7
	ldr	r0, [sp]
	.loc	2 2507 15 is_stmt 0             @ ../Drivers/STM32H7xx_HAL_Driver/Src/stm32h7xx_hal_fdcan.c:2507:15
	ldrb.w	r0, [r0, #152]
.Ltmp327:
	.loc	2 2507 7                        @ ../Drivers/STM32H7xx_HAL_Driver/Src/stm32h7xx_hal_fdcan.c:2507:7
	cmp	r0, #1
	bne	.LBB32_2
	b	.LBB32_1
.LBB32_1:
.Ltmp328:
	.loc	2 2510 5 is_stmt 1              @ ../Drivers/STM32H7xx_HAL_Driver/Src/stm32h7xx_hal_fdcan.c:2510:5
	ldr	r0, [sp]
	ldr	r1, [r0]
	ldr	r0, [r1, #24]
	orr	r0, r0, #32768
	str	r0, [r1, #24]
	movs	r0, #0
	.loc	2 2513 5                        @ ../Drivers/STM32H7xx_HAL_Driver/Src/stm32h7xx_hal_fdcan.c:2513:5
	strb.w	r0, [sp, #7]
	b	.LBB32_3
.Ltmp329:
.LBB32_2:
	.loc	2 2518 5                        @ ../Drivers/STM32H7xx_HAL_Driver/Src/stm32h7xx_hal_fdcan.c:2518:5
	ldr	r1, [sp]
	.loc	2 2518 23 is_stmt 0             @ ../Drivers/STM32H7xx_HAL_Driver/Src/stm32h7xx_hal_fdcan.c:2518:23
	ldr.w	r0, [r1, #156]
	orr	r0, r0, #4
	str.w	r0, [r1, #156]
	movs	r0, #1
	.loc	2 2520 5 is_stmt 1              @ ../Drivers/STM32H7xx_HAL_Driver/Src/stm32h7xx_hal_fdcan.c:2520:5
	strb.w	r0, [sp, #7]
	b	.LBB32_3
.Ltmp330:
.LBB32_3:
	.loc	2 2522 1                        @ ../Drivers/STM32H7xx_HAL_Driver/Src/stm32h7xx_hal_fdcan.c:2522:1
	ldrb.w	r0, [sp, #7]
	.loc	2 2522 1 epilogue_begin is_stmt 0 @ ../Drivers/STM32H7xx_HAL_Driver/Src/stm32h7xx_hal_fdcan.c:2522:1
	add	sp, #8
	bx	lr
.Ltmp331:
.Lfunc_end32:
	.size	HAL_FDCAN_DisableISOMode, .Lfunc_end32-HAL_FDCAN_DisableISOMode
	.cfi_endproc
	.cantunwind
	.fnend
                                        @ -- End function
	.section	.text.HAL_FDCAN_EnableEdgeFiltering,"ax",%progbits
	.hidden	HAL_FDCAN_EnableEdgeFiltering   @ -- Begin function HAL_FDCAN_EnableEdgeFiltering
	.globl	HAL_FDCAN_EnableEdgeFiltering
	.p2align	3
	.type	HAL_FDCAN_EnableEdgeFiltering,%function
	.code	16                              @ @HAL_FDCAN_EnableEdgeFiltering
	.thumb_func
HAL_FDCAN_EnableEdgeFiltering:
.Lfunc_begin33:
	.loc	2 2532 0 is_stmt 1              @ ../Drivers/STM32H7xx_HAL_Driver/Src/stm32h7xx_hal_fdcan.c:2532:0
	.fnstart
	.cfi_startproc
@ %bb.0:
	.pad	#8
	sub	sp, #8
	.cfi_def_cfa_offset 8
	str	r0, [sp]
.Ltmp332:
	.loc	2 2533 7 prologue_end           @ ../Drivers/STM32H7xx_HAL_Driver/Src/stm32h7xx_hal_fdcan.c:2533:7
	ldr	r0, [sp]
	.loc	2 2533 15 is_stmt 0             @ ../Drivers/STM32H7xx_HAL_Driver/Src/stm32h7xx_hal_fdcan.c:2533:15
	ldrb.w	r0, [r0, #152]
.Ltmp333:
	.loc	2 2533 7                        @ ../Drivers/STM32H7xx_HAL_Driver/Src/stm32h7xx_hal_fdcan.c:2533:7
	cmp	r0, #1
	bne	.LBB33_2
	b	.LBB33_1
.LBB33_1:
.Ltmp334:
	.loc	2 2536 5 is_stmt 1              @ ../Drivers/STM32H7xx_HAL_Driver/Src/stm32h7xx_hal_fdcan.c:2536:5
	ldr	r0, [sp]
	ldr	r1, [r0]
	ldr	r0, [r1, #24]
	orr	r0, r0, #8192
	str	r0, [r1, #24]
	movs	r0, #0
	.loc	2 2539 5                        @ ../Drivers/STM32H7xx_HAL_Driver/Src/stm32h7xx_hal_fdcan.c:2539:5
	strb.w	r0, [sp, #7]
	b	.LBB33_3
.Ltmp335:
.LBB33_2:
	.loc	2 2544 5                        @ ../Drivers/STM32H7xx_HAL_Driver/Src/stm32h7xx_hal_fdcan.c:2544:5
	ldr	r1, [sp]
	.loc	2 2544 23 is_stmt 0             @ ../Drivers/STM32H7xx_HAL_Driver/Src/stm32h7xx_hal_fdcan.c:2544:23
	ldr.w	r0, [r1, #156]
	orr	r0, r0, #4
	str.w	r0, [r1, #156]
	movs	r0, #1
	.loc	2 2546 5 is_stmt 1              @ ../Drivers/STM32H7xx_HAL_Driver/Src/stm32h7xx_hal_fdcan.c:2546:5
	strb.w	r0, [sp, #7]
	b	.LBB33_3
.Ltmp336:
.LBB33_3:
	.loc	2 2548 1                        @ ../Drivers/STM32H7xx_HAL_Driver/Src/stm32h7xx_hal_fdcan.c:2548:1
	ldrb.w	r0, [sp, #7]
	.loc	2 2548 1 epilogue_begin is_stmt 0 @ ../Drivers/STM32H7xx_HAL_Driver/Src/stm32h7xx_hal_fdcan.c:2548:1
	add	sp, #8
	bx	lr
.Ltmp337:
.Lfunc_end33:
	.size	HAL_FDCAN_EnableEdgeFiltering, .Lfunc_end33-HAL_FDCAN_EnableEdgeFiltering
	.cfi_endproc
	.cantunwind
	.fnend
                                        @ -- End function
	.section	.text.HAL_FDCAN_DisableEdgeFiltering,"ax",%progbits
	.hidden	HAL_FDCAN_DisableEdgeFiltering  @ -- Begin function HAL_FDCAN_DisableEdgeFiltering
	.globl	HAL_FDCAN_DisableEdgeFiltering
	.p2align	3
	.type	HAL_FDCAN_DisableEdgeFiltering,%function
	.code	16                              @ @HAL_FDCAN_DisableEdgeFiltering
	.thumb_func
HAL_FDCAN_DisableEdgeFiltering:
.Lfunc_begin34:
	.loc	2 2558 0 is_stmt 1              @ ../Drivers/STM32H7xx_HAL_Driver/Src/stm32h7xx_hal_fdcan.c:2558:0
	.fnstart
	.cfi_startproc
@ %bb.0:
	.pad	#8
	sub	sp, #8
	.cfi_def_cfa_offset 8
	str	r0, [sp]
.Ltmp338:
	.loc	2 2559 7 prologue_end           @ ../Drivers/STM32H7xx_HAL_Driver/Src/stm32h7xx_hal_fdcan.c:2559:7
	ldr	r0, [sp]
	.loc	2 2559 15 is_stmt 0             @ ../Drivers/STM32H7xx_HAL_Driver/Src/stm32h7xx_hal_fdcan.c:2559:15
	ldrb.w	r0, [r0, #152]
.Ltmp339:
	.loc	2 2559 7                        @ ../Drivers/STM32H7xx_HAL_Driver/Src/stm32h7xx_hal_fdcan.c:2559:7
	cmp	r0, #1
	bne	.LBB34_2
	b	.LBB34_1
.LBB34_1:
.Ltmp340:
	.loc	2 2562 5 is_stmt 1              @ ../Drivers/STM32H7xx_HAL_Driver/Src/stm32h7xx_hal_fdcan.c:2562:5
	ldr	r0, [sp]
	ldr	r1, [r0]
	ldr	r0, [r1, #24]
	bic	r0, r0, #8192
	str	r0, [r1, #24]
	movs	r0, #0
	.loc	2 2565 5                        @ ../Drivers/STM32H7xx_HAL_Driver/Src/stm32h7xx_hal_fdcan.c:2565:5
	strb.w	r0, [sp, #7]
	b	.LBB34_3
.Ltmp341:
.LBB34_2:
	.loc	2 2570 5                        @ ../Drivers/STM32H7xx_HAL_Driver/Src/stm32h7xx_hal_fdcan.c:2570:5
	ldr	r1, [sp]
	.loc	2 2570 23 is_stmt 0             @ ../Drivers/STM32H7xx_HAL_Driver/Src/stm32h7xx_hal_fdcan.c:2570:23
	ldr.w	r0, [r1, #156]
	orr	r0, r0, #4
	str.w	r0, [r1, #156]
	movs	r0, #1
	.loc	2 2572 5 is_stmt 1              @ ../Drivers/STM32H7xx_HAL_Driver/Src/stm32h7xx_hal_fdcan.c:2572:5
	strb.w	r0, [sp, #7]
	b	.LBB34_3
.Ltmp342:
.LBB34_3:
	.loc	2 2574 1                        @ ../Drivers/STM32H7xx_HAL_Driver/Src/stm32h7xx_hal_fdcan.c:2574:1
	ldrb.w	r0, [sp, #7]
	.loc	2 2574 1 epilogue_begin is_stmt 0 @ ../Drivers/STM32H7xx_HAL_Driver/Src/stm32h7xx_hal_fdcan.c:2574:1
	add	sp, #8
	bx	lr
.Ltmp343:
.Lfunc_end34:
	.size	HAL_FDCAN_DisableEdgeFiltering, .Lfunc_end34-HAL_FDCAN_DisableEdgeFiltering
	.cfi_endproc
	.cantunwind
	.fnend
                                        @ -- End function
	.section	.text.HAL_FDCAN_Start,"ax",%progbits
	.hidden	HAL_FDCAN_Start                 @ -- Begin function HAL_FDCAN_Start
	.globl	HAL_FDCAN_Start
	.p2align	3
	.type	HAL_FDCAN_Start,%function
	.code	16                              @ @HAL_FDCAN_Start
	.thumb_func
HAL_FDCAN_Start:
.Lfunc_begin35:
	.loc	2 2622 0 is_stmt 1              @ ../Drivers/STM32H7xx_HAL_Driver/Src/stm32h7xx_hal_fdcan.c:2622:0
	.fnstart
	.cfi_startproc
@ %bb.0:
	.pad	#8
	sub	sp, #8
	.cfi_def_cfa_offset 8
	str	r0, [sp]
.Ltmp344:
	.loc	2 2623 7 prologue_end           @ ../Drivers/STM32H7xx_HAL_Driver/Src/stm32h7xx_hal_fdcan.c:2623:7
	ldr	r0, [sp]
	.loc	2 2623 15 is_stmt 0             @ ../Drivers/STM32H7xx_HAL_Driver/Src/stm32h7xx_hal_fdcan.c:2623:15
	ldrb.w	r0, [r0, #152]
.Ltmp345:
	.loc	2 2623 7                        @ ../Drivers/STM32H7xx_HAL_Driver/Src/stm32h7xx_hal_fdcan.c:2623:7
	cmp	r0, #1
	bne	.LBB35_2
	b	.LBB35_1
.LBB35_1:
.Ltmp346:
	.loc	2 2626 5 is_stmt 1              @ ../Drivers/STM32H7xx_HAL_Driver/Src/stm32h7xx_hal_fdcan.c:2626:5
	ldr	r1, [sp]
	movs	r0, #2
	.loc	2 2626 19 is_stmt 0             @ ../Drivers/STM32H7xx_HAL_Driver/Src/stm32h7xx_hal_fdcan.c:2626:19
	strb.w	r0, [r1, #152]
	.loc	2 2629 5 is_stmt 1              @ ../Drivers/STM32H7xx_HAL_Driver/Src/stm32h7xx_hal_fdcan.c:2629:5
	ldr	r0, [sp]
	ldr	r1, [r0]
	ldr	r0, [r1, #24]
	bic	r0, r0, #1
	str	r0, [r1, #24]
	.loc	2 2632 5                        @ ../Drivers/STM32H7xx_HAL_Driver/Src/stm32h7xx_hal_fdcan.c:2632:5
	ldr	r1, [sp]
	movs	r0, #0
	.loc	2 2632 23 is_stmt 0             @ ../Drivers/STM32H7xx_HAL_Driver/Src/stm32h7xx_hal_fdcan.c:2632:23
	str.w	r0, [r1, #156]
	.loc	2 2635 5 is_stmt 1              @ ../Drivers/STM32H7xx_HAL_Driver/Src/stm32h7xx_hal_fdcan.c:2635:5
	strb.w	r0, [sp, #7]
	b	.LBB35_3
.Ltmp347:
.LBB35_2:
	.loc	2 2640 5                        @ ../Drivers/STM32H7xx_HAL_Driver/Src/stm32h7xx_hal_fdcan.c:2640:5
	ldr	r1, [sp]
	.loc	2 2640 23 is_stmt 0             @ ../Drivers/STM32H7xx_HAL_Driver/Src/stm32h7xx_hal_fdcan.c:2640:23
	ldr.w	r0, [r1, #156]
	orr	r0, r0, #4
	str.w	r0, [r1, #156]
	movs	r0, #1
	.loc	2 2642 5 is_stmt 1              @ ../Drivers/STM32H7xx_HAL_Driver/Src/stm32h7xx_hal_fdcan.c:2642:5
	strb.w	r0, [sp, #7]
	b	.LBB35_3
.Ltmp348:
.LBB35_3:
	.loc	2 2644 1                        @ ../Drivers/STM32H7xx_HAL_Driver/Src/stm32h7xx_hal_fdcan.c:2644:1
	ldrb.w	r0, [sp, #7]
	.loc	2 2644 1 epilogue_begin is_stmt 0 @ ../Drivers/STM32H7xx_HAL_Driver/Src/stm32h7xx_hal_fdcan.c:2644:1
	add	sp, #8
	bx	lr
.Ltmp349:
.Lfunc_end35:
	.size	HAL_FDCAN_Start, .Lfunc_end35-HAL_FDCAN_Start
	.cfi_endproc
	.cantunwind
	.fnend
                                        @ -- End function
	.section	.text.HAL_FDCAN_AddMessageToTxFifoQ,"ax",%progbits
	.hidden	HAL_FDCAN_AddMessageToTxFifoQ   @ -- Begin function HAL_FDCAN_AddMessageToTxFifoQ
	.globl	HAL_FDCAN_AddMessageToTxFifoQ
	.p2align	3
	.type	HAL_FDCAN_AddMessageToTxFifoQ,%function
	.code	16                              @ @HAL_FDCAN_AddMessageToTxFifoQ
	.thumb_func
HAL_FDCAN_AddMessageToTxFifoQ:
.Lfunc_begin36:
	.loc	2 2736 0 is_stmt 1              @ ../Drivers/STM32H7xx_HAL_Driver/Src/stm32h7xx_hal_fdcan.c:2736:0
	.fnstart
	.cfi_startproc
@ %bb.0:
	.save	{r7, lr}
	push	{r7, lr}
	.cfi_def_cfa_offset 8
	.cfi_offset lr, -4
	.cfi_offset r7, -8
	.pad	#24
	sub	sp, #24
	.cfi_def_cfa_offset 32
	str	r0, [sp, #16]
	str	r1, [sp, #12]
	str	r2, [sp, #8]
.Ltmp350:
	.loc	2 2741 7 prologue_end           @ ../Drivers/STM32H7xx_HAL_Driver/Src/stm32h7xx_hal_fdcan.c:2741:7
	ldr	r0, [sp, #12]
	.loc	2 2741 18 is_stmt 0             @ ../Drivers/STM32H7xx_HAL_Driver/Src/stm32h7xx_hal_fdcan.c:2741:18
	ldr	r0, [r0, #4]
.Ltmp351:
	.loc	2 2741 7                        @ ../Drivers/STM32H7xx_HAL_Driver/Src/stm32h7xx_hal_fdcan.c:2741:7
	cbnz	r0, .LBB36_2
	b	.LBB36_1
.LBB36_1:
.Ltmp352:
	.loc	2 2744 3 is_stmt 1              @ ../Drivers/STM32H7xx_HAL_Driver/Src/stm32h7xx_hal_fdcan.c:2744:3
	b	.LBB36_3
.Ltmp353:
.LBB36_2:
	.loc	2 0 3 is_stmt 0                 @ ../Drivers/STM32H7xx_HAL_Driver/Src/stm32h7xx_hal_fdcan.c:0:3
	b	.LBB36_3
.LBB36_3:
.Ltmp354:
	.loc	2 2757 7 is_stmt 1              @ ../Drivers/STM32H7xx_HAL_Driver/Src/stm32h7xx_hal_fdcan.c:2757:7
	ldr	r0, [sp, #16]
	.loc	2 2757 15 is_stmt 0             @ ../Drivers/STM32H7xx_HAL_Driver/Src/stm32h7xx_hal_fdcan.c:2757:15
	ldrb.w	r0, [r0, #152]
.Ltmp355:
	.loc	2 2757 7                        @ ../Drivers/STM32H7xx_HAL_Driver/Src/stm32h7xx_hal_fdcan.c:2757:7
	cmp	r0, #2
	bne	.LBB36_10
	b	.LBB36_4
.LBB36_4:
.Ltmp356:
	.loc	2 2760 10 is_stmt 1             @ ../Drivers/STM32H7xx_HAL_Driver/Src/stm32h7xx_hal_fdcan.c:2760:10
	ldr	r0, [sp, #16]
	.loc	2 2760 18 is_stmt 0             @ ../Drivers/STM32H7xx_HAL_Driver/Src/stm32h7xx_hal_fdcan.c:2760:18
	ldr	r0, [r0]
	.loc	2 2760 28                       @ ../Drivers/STM32H7xx_HAL_Driver/Src/stm32h7xx_hal_fdcan.c:2760:28
	ldr.w	r0, [r0, #192]
.Ltmp357:
	.loc	2 2760 9                        @ ../Drivers/STM32H7xx_HAL_Driver/Src/stm32h7xx_hal_fdcan.c:2760:9
	tst.w	r0, #1056964608
	bne	.LBB36_6
	b	.LBB36_5
.LBB36_5:
.Ltmp358:
	.loc	2 2763 7 is_stmt 1              @ ../Drivers/STM32H7xx_HAL_Driver/Src/stm32h7xx_hal_fdcan.c:2763:7
	ldr	r1, [sp, #16]
	.loc	2 2763 25 is_stmt 0             @ ../Drivers/STM32H7xx_HAL_Driver/Src/stm32h7xx_hal_fdcan.c:2763:25
	ldr.w	r0, [r1, #156]
	orr	r0, r0, #32
	str.w	r0, [r1, #156]
	movs	r0, #1
	.loc	2 2765 7 is_stmt 1              @ ../Drivers/STM32H7xx_HAL_Driver/Src/stm32h7xx_hal_fdcan.c:2765:7
	strb.w	r0, [sp, #23]
	b	.LBB36_11
.Ltmp359:
.LBB36_6:
	.loc	2 2769 10                       @ ../Drivers/STM32H7xx_HAL_Driver/Src/stm32h7xx_hal_fdcan.c:2769:10
	ldr	r0, [sp, #16]
	.loc	2 2769 18 is_stmt 0             @ ../Drivers/STM32H7xx_HAL_Driver/Src/stm32h7xx_hal_fdcan.c:2769:18
	ldr	r0, [r0]
	.loc	2 2769 28                       @ ../Drivers/STM32H7xx_HAL_Driver/Src/stm32h7xx_hal_fdcan.c:2769:28
	ldr.w	r0, [r0, #196]
.Ltmp360:
	.loc	2 2769 9                        @ ../Drivers/STM32H7xx_HAL_Driver/Src/stm32h7xx_hal_fdcan.c:2769:9
	lsls	r0, r0, #10
	cmp	r0, #0
	bpl	.LBB36_8
	b	.LBB36_7
.LBB36_7:
.Ltmp361:
	.loc	2 2772 7 is_stmt 1              @ ../Drivers/STM32H7xx_HAL_Driver/Src/stm32h7xx_hal_fdcan.c:2772:7
	ldr	r1, [sp, #16]
	.loc	2 2772 25 is_stmt 0             @ ../Drivers/STM32H7xx_HAL_Driver/Src/stm32h7xx_hal_fdcan.c:2772:25
	ldr.w	r0, [r1, #156]
	orr	r0, r0, #512
	str.w	r0, [r1, #156]
	movs	r0, #1
	.loc	2 2774 7 is_stmt 1              @ ../Drivers/STM32H7xx_HAL_Driver/Src/stm32h7xx_hal_fdcan.c:2774:7
	strb.w	r0, [sp, #23]
	b	.LBB36_11
.Ltmp362:
.LBB36_8:
	.loc	2 2779 20                       @ ../Drivers/STM32H7xx_HAL_Driver/Src/stm32h7xx_hal_fdcan.c:2779:20
	ldr	r0, [sp, #16]
	.loc	2 2779 28 is_stmt 0             @ ../Drivers/STM32H7xx_HAL_Driver/Src/stm32h7xx_hal_fdcan.c:2779:28
	ldr	r0, [r0]
	.loc	2 2779 38                       @ ../Drivers/STM32H7xx_HAL_Driver/Src/stm32h7xx_hal_fdcan.c:2779:38
	ldr.w	r0, [r0, #196]
	.loc	2 2779 65                       @ ../Drivers/STM32H7xx_HAL_Driver/Src/stm32h7xx_hal_fdcan.c:2779:65
	ubfx	r0, r0, #16, #5
	.loc	2 2779 16                       @ ../Drivers/STM32H7xx_HAL_Driver/Src/stm32h7xx_hal_fdcan.c:2779:16
	str	r0, [sp, #4]
	.loc	2 2782 30 is_stmt 1             @ ../Drivers/STM32H7xx_HAL_Driver/Src/stm32h7xx_hal_fdcan.c:2782:30
	ldr	r0, [sp, #16]
	.loc	2 2782 38 is_stmt 0             @ ../Drivers/STM32H7xx_HAL_Driver/Src/stm32h7xx_hal_fdcan.c:2782:38
	ldr	r1, [sp, #12]
	.loc	2 2782 49                       @ ../Drivers/STM32H7xx_HAL_Driver/Src/stm32h7xx_hal_fdcan.c:2782:49
	ldr	r2, [sp, #8]
	.loc	2 2782 58                       @ ../Drivers/STM32H7xx_HAL_Driver/Src/stm32h7xx_hal_fdcan.c:2782:58
	ldr	r3, [sp, #4]
	.loc	2 2782 7                        @ ../Drivers/STM32H7xx_HAL_Driver/Src/stm32h7xx_hal_fdcan.c:2782:7
	bl	FDCAN_CopyMessageToRAM
	.loc	2 2785 49 is_stmt 1             @ ../Drivers/STM32H7xx_HAL_Driver/Src/stm32h7xx_hal_fdcan.c:2785:49
	ldr	r1, [sp, #4]
	movs	r0, #1
	.loc	2 2785 46 is_stmt 0             @ ../Drivers/STM32H7xx_HAL_Driver/Src/stm32h7xx_hal_fdcan.c:2785:46
	lsl.w	r1, r0, r1
	.loc	2 2785 7                        @ ../Drivers/STM32H7xx_HAL_Driver/Src/stm32h7xx_hal_fdcan.c:2785:7
	ldr	r2, [sp, #16]
	.loc	2 2785 15                       @ ../Drivers/STM32H7xx_HAL_Driver/Src/stm32h7xx_hal_fdcan.c:2785:15
	ldr	r2, [r2]
	.loc	2 2785 31                       @ ../Drivers/STM32H7xx_HAL_Driver/Src/stm32h7xx_hal_fdcan.c:2785:31
	str.w	r1, [r2, #208]
	.loc	2 2788 54 is_stmt 1             @ ../Drivers/STM32H7xx_HAL_Driver/Src/stm32h7xx_hal_fdcan.c:2788:54
	ldr	r1, [sp, #4]
	.loc	2 2788 51 is_stmt 0             @ ../Drivers/STM32H7xx_HAL_Driver/Src/stm32h7xx_hal_fdcan.c:2788:51
	lsls	r0, r1
	.loc	2 2788 7                        @ ../Drivers/STM32H7xx_HAL_Driver/Src/stm32h7xx_hal_fdcan.c:2788:7
	ldr	r1, [sp, #16]
	.loc	2 2788 36                       @ ../Drivers/STM32H7xx_HAL_Driver/Src/stm32h7xx_hal_fdcan.c:2788:36
	str.w	r0, [r1, #148]
	b	.LBB36_9
.Ltmp363:
.LBB36_9:
	.loc	2 0 36                          @ ../Drivers/STM32H7xx_HAL_Driver/Src/stm32h7xx_hal_fdcan.c:0:36
	movs	r0, #0
	.loc	2 2792 5 is_stmt 1              @ ../Drivers/STM32H7xx_HAL_Driver/Src/stm32h7xx_hal_fdcan.c:2792:5
	strb.w	r0, [sp, #23]
	b	.LBB36_11
.Ltmp364:
.LBB36_10:
	.loc	2 2797 5                        @ ../Drivers/STM32H7xx_HAL_Driver/Src/stm32h7xx_hal_fdcan.c:2797:5
	ldr	r1, [sp, #16]
	.loc	2 2797 23 is_stmt 0             @ ../Drivers/STM32H7xx_HAL_Driver/Src/stm32h7xx_hal_fdcan.c:2797:23
	ldr.w	r0, [r1, #156]
	orr	r0, r0, #8
	str.w	r0, [r1, #156]
	movs	r0, #1
	.loc	2 2799 5 is_stmt 1              @ ../Drivers/STM32H7xx_HAL_Driver/Src/stm32h7xx_hal_fdcan.c:2799:5
	strb.w	r0, [sp, #23]
	b	.LBB36_11
.Ltmp365:
.LBB36_11:
	.loc	2 2801 1                        @ ../Drivers/STM32H7xx_HAL_Driver/Src/stm32h7xx_hal_fdcan.c:2801:1
	ldrb.w	r0, [sp, #23]
	.loc	2 2801 1 epilogue_begin is_stmt 0 @ ../Drivers/STM32H7xx_HAL_Driver/Src/stm32h7xx_hal_fdcan.c:2801:1
	add	sp, #24
	pop	{r7, pc}
.Ltmp366:
.Lfunc_end36:
	.size	HAL_FDCAN_AddMessageToTxFifoQ, .Lfunc_end36-HAL_FDCAN_AddMessageToTxFifoQ
	.cfi_endproc
	.cantunwind
	.fnend
                                        @ -- End function
	.section	.text.FDCAN_CopyMessageToRAM,"ax",%progbits
	.p2align	3                               @ -- Begin function FDCAN_CopyMessageToRAM
	.type	FDCAN_CopyMessageToRAM,%function
	.code	16                              @ @FDCAN_CopyMessageToRAM
	.thumb_func
FDCAN_CopyMessageToRAM:
.Lfunc_begin37:
	.loc	2 6206 0 is_stmt 1              @ ../Drivers/STM32H7xx_HAL_Driver/Src/stm32h7xx_hal_fdcan.c:6206:0
	.fnstart
	.cfi_startproc
@ %bb.0:
	.pad	#32
	sub	sp, #32
	.cfi_def_cfa_offset 32
	str	r0, [sp, #28]
	str	r1, [sp, #24]
	str	r2, [sp, #20]
	str	r3, [sp, #16]
.Ltmp367:
	.loc	2 6213 7 prologue_end           @ ../Drivers/STM32H7xx_HAL_Driver/Src/stm32h7xx_hal_fdcan.c:6213:7
	ldr	r0, [sp, #24]
	.loc	2 6213 18 is_stmt 0             @ ../Drivers/STM32H7xx_HAL_Driver/Src/stm32h7xx_hal_fdcan.c:6213:18
	ldr	r0, [r0, #4]
.Ltmp368:
	.loc	2 6213 7                        @ ../Drivers/STM32H7xx_HAL_Driver/Src/stm32h7xx_hal_fdcan.c:6213:7
	cbnz	r0, .LBB37_2
	b	.LBB37_1
.LBB37_1:
.Ltmp369:
	.loc	2 6215 20 is_stmt 1             @ ../Drivers/STM32H7xx_HAL_Driver/Src/stm32h7xx_hal_fdcan.c:6215:20
	ldr	r0, [sp, #24]
	.loc	2 6218 32                       @ ../Drivers/STM32H7xx_HAL_Driver/Src/stm32h7xx_hal_fdcan.c:6218:32
	ldr	r1, [r0]
	.loc	2 6217 31                       @ ../Drivers/STM32H7xx_HAL_Driver/Src/stm32h7xx_hal_fdcan.c:6217:31
	ldr	r2, [r0, #8]
	.loc	2 6215 31                       @ ../Drivers/STM32H7xx_HAL_Driver/Src/stm32h7xx_hal_fdcan.c:6215:31
	ldr	r0, [r0, #16]
	.loc	2 6216 38                       @ ../Drivers/STM32H7xx_HAL_Driver/Src/stm32h7xx_hal_fdcan.c:6216:38
	orrs	r0, r2
	.loc	2 6217 43                       @ ../Drivers/STM32H7xx_HAL_Driver/Src/stm32h7xx_hal_fdcan.c:6217:43
	orr.w	r0, r0, r1, lsl #18
	.loc	2 6215 17                       @ ../Drivers/STM32H7xx_HAL_Driver/Src/stm32h7xx_hal_fdcan.c:6215:17
	str	r0, [sp, #12]
	.loc	2 6219 3                        @ ../Drivers/STM32H7xx_HAL_Driver/Src/stm32h7xx_hal_fdcan.c:6219:3
	b	.LBB37_3
.Ltmp370:
.LBB37_2:
	.loc	2 6222 20                       @ ../Drivers/STM32H7xx_HAL_Driver/Src/stm32h7xx_hal_fdcan.c:6222:20
	ldr	r0, [sp, #24]
	.loc	2 6225 31                       @ ../Drivers/STM32H7xx_HAL_Driver/Src/stm32h7xx_hal_fdcan.c:6225:31
	ldr	r1, [r0]
	.loc	2 6224 31                       @ ../Drivers/STM32H7xx_HAL_Driver/Src/stm32h7xx_hal_fdcan.c:6224:31
	ldr	r2, [r0, #8]
	.loc	2 6222 31                       @ ../Drivers/STM32H7xx_HAL_Driver/Src/stm32h7xx_hal_fdcan.c:6222:31
	ldr	r0, [r0, #16]
	.loc	2 6222 51 is_stmt 0             @ ../Drivers/STM32H7xx_HAL_Driver/Src/stm32h7xx_hal_fdcan.c:6222:51
	orrs	r0, r2
	.loc	2 6223 38 is_stmt 1             @ ../Drivers/STM32H7xx_HAL_Driver/Src/stm32h7xx_hal_fdcan.c:6223:38
	orrs	r0, r1
	.loc	2 6224 43                       @ ../Drivers/STM32H7xx_HAL_Driver/Src/stm32h7xx_hal_fdcan.c:6224:43
	orr	r0, r0, #1073741824
	.loc	2 6222 17                       @ ../Drivers/STM32H7xx_HAL_Driver/Src/stm32h7xx_hal_fdcan.c:6222:17
	str	r0, [sp, #12]
	b	.LBB37_3
.Ltmp371:
.LBB37_3:
	.loc	2 6229 19                       @ ../Drivers/STM32H7xx_HAL_Driver/Src/stm32h7xx_hal_fdcan.c:6229:19
	ldr	r0, [sp, #24]
	.loc	2 6229 30 is_stmt 0             @ ../Drivers/STM32H7xx_HAL_Driver/Src/stm32h7xx_hal_fdcan.c:6229:30
	ldr.w	r12, [r0, #32]
	.loc	2 6233 30 is_stmt 1             @ ../Drivers/STM32H7xx_HAL_Driver/Src/stm32h7xx_hal_fdcan.c:6233:30
	ldr	r1, [r0, #12]
	.loc	2 6232 29                       @ ../Drivers/STM32H7xx_HAL_Driver/Src/stm32h7xx_hal_fdcan.c:6232:29
	ldr	r2, [r0, #20]
	.loc	2 6231 29                       @ ../Drivers/STM32H7xx_HAL_Driver/Src/stm32h7xx_hal_fdcan.c:6231:29
	ldr	r3, [r0, #24]
	.loc	2 6230 29                       @ ../Drivers/STM32H7xx_HAL_Driver/Src/stm32h7xx_hal_fdcan.c:6230:29
	ldr	r0, [r0, #28]
	.loc	2 6229 52                       @ ../Drivers/STM32H7xx_HAL_Driver/Src/stm32h7xx_hal_fdcan.c:6229:52
	orr.w	r0, r0, r12, lsl #24
	.loc	2 6230 48                       @ ../Drivers/STM32H7xx_HAL_Driver/Src/stm32h7xx_hal_fdcan.c:6230:48
	orrs	r0, r3
	.loc	2 6231 38                       @ ../Drivers/STM32H7xx_HAL_Driver/Src/stm32h7xx_hal_fdcan.c:6231:38
	orrs	r0, r2
	.loc	2 6232 43                       @ ../Drivers/STM32H7xx_HAL_Driver/Src/stm32h7xx_hal_fdcan.c:6232:43
	orr.w	r0, r0, r1, lsl #16
	.loc	2 6229 15                       @ ../Drivers/STM32H7xx_HAL_Driver/Src/stm32h7xx_hal_fdcan.c:6229:15
	str	r0, [sp, #8]
	.loc	2 6236 28                       @ ../Drivers/STM32H7xx_HAL_Driver/Src/stm32h7xx_hal_fdcan.c:6236:28
	ldr	r0, [sp, #28]
	.loc	2 6236 84 is_stmt 0             @ ../Drivers/STM32H7xx_HAL_Driver/Src/stm32h7xx_hal_fdcan.c:6236:84
	ldr	r2, [r0, #104]
	.loc	2 6236 43                       @ ../Drivers/STM32H7xx_HAL_Driver/Src/stm32h7xx_hal_fdcan.c:6236:43
	ldr.w	r0, [r0, #132]
	.loc	2 6236 57                       @ ../Drivers/STM32H7xx_HAL_Driver/Src/stm32h7xx_hal_fdcan.c:6236:57
	ldr	r1, [sp, #16]
	.loc	2 6236 69                       @ ../Drivers/STM32H7xx_HAL_Driver/Src/stm32h7xx_hal_fdcan.c:6236:69
	muls	r1, r2, r1
	.loc	2 6236 54                       @ ../Drivers/STM32H7xx_HAL_Driver/Src/stm32h7xx_hal_fdcan.c:6236:54
	add.w	r0, r0, r1, lsl #2
	.loc	2 6236 13                       @ ../Drivers/STM32H7xx_HAL_Driver/Src/stm32h7xx_hal_fdcan.c:6236:13
	str	r0, [sp, #4]
	.loc	2 6239 16 is_stmt 1             @ ../Drivers/STM32H7xx_HAL_Driver/Src/stm32h7xx_hal_fdcan.c:6239:16
	ldr	r0, [sp, #12]
	.loc	2 6239 4 is_stmt 0              @ ../Drivers/STM32H7xx_HAL_Driver/Src/stm32h7xx_hal_fdcan.c:6239:4
	ldr	r1, [sp, #4]
	.loc	2 6239 14                       @ ../Drivers/STM32H7xx_HAL_Driver/Src/stm32h7xx_hal_fdcan.c:6239:14
	str	r0, [r1]
	.loc	2 6240 12 is_stmt 1             @ ../Drivers/STM32H7xx_HAL_Driver/Src/stm32h7xx_hal_fdcan.c:6240:12
	ldr	r0, [sp, #4]
	adds	r0, #4
	str	r0, [sp, #4]
	.loc	2 6241 16                       @ ../Drivers/STM32H7xx_HAL_Driver/Src/stm32h7xx_hal_fdcan.c:6241:16
	ldr	r0, [sp, #8]
	.loc	2 6241 4 is_stmt 0              @ ../Drivers/STM32H7xx_HAL_Driver/Src/stm32h7xx_hal_fdcan.c:6241:4
	ldr	r1, [sp, #4]
	.loc	2 6241 14                       @ ../Drivers/STM32H7xx_HAL_Driver/Src/stm32h7xx_hal_fdcan.c:6241:14
	str	r0, [r1]
	.loc	2 6242 12 is_stmt 1             @ ../Drivers/STM32H7xx_HAL_Driver/Src/stm32h7xx_hal_fdcan.c:6242:12
	ldr	r0, [sp, #4]
	adds	r0, #4
	str	r0, [sp, #4]
	movs	r0, #0
.Ltmp372:
	.loc	2 6245 20                       @ ../Drivers/STM32H7xx_HAL_Driver/Src/stm32h7xx_hal_fdcan.c:6245:20
	str	r0, [sp]
	.loc	2 6245 8 is_stmt 0              @ ../Drivers/STM32H7xx_HAL_Driver/Src/stm32h7xx_hal_fdcan.c:6245:8
	b	.LBB37_4
.LBB37_4:                               @ =>This Inner Loop Header: Depth=1
.Ltmp373:
	.loc	2 6245 25                       @ ../Drivers/STM32H7xx_HAL_Driver/Src/stm32h7xx_hal_fdcan.c:6245:25
	ldr	r0, [sp]
	.loc	2 6245 50                       @ ../Drivers/STM32H7xx_HAL_Driver/Src/stm32h7xx_hal_fdcan.c:6245:50
	ldr	r1, [sp, #24]
	.loc	2 6245 61                       @ ../Drivers/STM32H7xx_HAL_Driver/Src/stm32h7xx_hal_fdcan.c:6245:61
	ldr	r2, [r1, #12]
	.loc	2 6245 39                       @ ../Drivers/STM32H7xx_HAL_Driver/Src/stm32h7xx_hal_fdcan.c:6245:39
	movw	r1, :lower16:DLCtoBytes
	movt	r1, :upper16:DLCtoBytes
	ldrb	r1, [r1, r2]
.Ltmp374:
	.loc	2 6245 3                        @ ../Drivers/STM32H7xx_HAL_Driver/Src/stm32h7xx_hal_fdcan.c:6245:3
	cmp	r0, r1
	bhs	.LBB37_7
	b	.LBB37_5
.LBB37_5:                               @   in Loop: Header=BB37_4 Depth=1
.Ltmp375:
	.loc	2 6247 30 is_stmt 1             @ ../Drivers/STM32H7xx_HAL_Driver/Src/stm32h7xx_hal_fdcan.c:6247:30
	ldr	r0, [sp, #20]
	.loc	2 6247 38 is_stmt 0             @ ../Drivers/STM32H7xx_HAL_Driver/Src/stm32h7xx_hal_fdcan.c:6247:38
	ldr	r1, [sp]
	.loc	2 6249 64 is_stmt 1             @ ../Drivers/STM32H7xx_HAL_Driver/Src/stm32h7xx_hal_fdcan.c:6249:64
	ldr	r0, [r0, r1]
	.loc	2 6247 6                        @ ../Drivers/STM32H7xx_HAL_Driver/Src/stm32h7xx_hal_fdcan.c:6247:6
	ldr	r1, [sp, #4]
	.loc	2 6247 16 is_stmt 0             @ ../Drivers/STM32H7xx_HAL_Driver/Src/stm32h7xx_hal_fdcan.c:6247:16
	str	r0, [r1]
	.loc	2 6251 14 is_stmt 1             @ ../Drivers/STM32H7xx_HAL_Driver/Src/stm32h7xx_hal_fdcan.c:6251:14
	ldr	r0, [sp, #4]
	adds	r0, #4
	str	r0, [sp, #4]
	.loc	2 6252 3                        @ ../Drivers/STM32H7xx_HAL_Driver/Src/stm32h7xx_hal_fdcan.c:6252:3
	b	.LBB37_6
.Ltmp376:
.LBB37_6:                               @   in Loop: Header=BB37_4 Depth=1
	.loc	2 6245 86                       @ ../Drivers/STM32H7xx_HAL_Driver/Src/stm32h7xx_hal_fdcan.c:6245:86
	ldr	r0, [sp]
	adds	r0, #4
	str	r0, [sp]
	.loc	2 6245 3 is_stmt 0              @ ../Drivers/STM32H7xx_HAL_Driver/Src/stm32h7xx_hal_fdcan.c:6245:3
	b	.LBB37_4
.Ltmp377:
.LBB37_7:
	.loc	2 6253 1 epilogue_begin is_stmt 1 @ ../Drivers/STM32H7xx_HAL_Driver/Src/stm32h7xx_hal_fdcan.c:6253:1
	add	sp, #32
	bx	lr
.Ltmp378:
.Lfunc_end37:
	.size	FDCAN_CopyMessageToRAM, .Lfunc_end37-FDCAN_CopyMessageToRAM
	.cfi_endproc
	.cantunwind
	.fnend
                                        @ -- End function
	.section	.text.HAL_FDCAN_AddMessageToTxBuffer,"ax",%progbits
	.hidden	HAL_FDCAN_AddMessageToTxBuffer  @ -- Begin function HAL_FDCAN_AddMessageToTxBuffer
	.globl	HAL_FDCAN_AddMessageToTxBuffer
	.p2align	3
	.type	HAL_FDCAN_AddMessageToTxBuffer,%function
	.code	16                              @ @HAL_FDCAN_AddMessageToTxBuffer
	.thumb_func
HAL_FDCAN_AddMessageToTxBuffer:
.Lfunc_begin38:
	.loc	2 2815 0                        @ ../Drivers/STM32H7xx_HAL_Driver/Src/stm32h7xx_hal_fdcan.c:2815:0
	.fnstart
	.cfi_startproc
@ %bb.0:
	.save	{r7, lr}
	push	{r7, lr}
	.cfi_def_cfa_offset 8
	.cfi_offset lr, -4
	.cfi_offset r7, -8
	.pad	#56
	sub	sp, #56
	.cfi_def_cfa_offset 64
	str	r0, [sp, #32]
	str	r1, [sp, #28]
	str	r2, [sp, #24]
	str	r3, [sp, #20]
.Ltmp379:
	.loc	2 2816 34 prologue_end          @ ../Drivers/STM32H7xx_HAL_Driver/Src/stm32h7xx_hal_fdcan.c:2816:34
	ldr	r0, [sp, #32]
	.loc	2 2816 42 is_stmt 0             @ ../Drivers/STM32H7xx_HAL_Driver/Src/stm32h7xx_hal_fdcan.c:2816:42
	ldrb.w	r0, [r0, #152]
	.loc	2 2816 26                       @ ../Drivers/STM32H7xx_HAL_Driver/Src/stm32h7xx_hal_fdcan.c:2816:26
	strb.w	r0, [sp, #19]
.Ltmp380:
	.loc	2 2820 7 is_stmt 1              @ ../Drivers/STM32H7xx_HAL_Driver/Src/stm32h7xx_hal_fdcan.c:2820:7
	ldr	r0, [sp, #28]
	.loc	2 2820 18 is_stmt 0             @ ../Drivers/STM32H7xx_HAL_Driver/Src/stm32h7xx_hal_fdcan.c:2820:18
	ldr	r0, [r0, #4]
.Ltmp381:
	.loc	2 2820 7                        @ ../Drivers/STM32H7xx_HAL_Driver/Src/stm32h7xx_hal_fdcan.c:2820:7
	cbnz	r0, .LBB38_2
	b	.LBB38_1
.LBB38_1:
.Ltmp382:
	.loc	2 2823 3 is_stmt 1              @ ../Drivers/STM32H7xx_HAL_Driver/Src/stm32h7xx_hal_fdcan.c:2823:3
	b	.LBB38_3
.Ltmp383:
.LBB38_2:
	.loc	2 0 3 is_stmt 0                 @ ../Drivers/STM32H7xx_HAL_Driver/Src/stm32h7xx_hal_fdcan.c:0:3
	b	.LBB38_3
.LBB38_3:
.Ltmp384:
	.loc	2 2837 8 is_stmt 1              @ ../Drivers/STM32H7xx_HAL_Driver/Src/stm32h7xx_hal_fdcan.c:2837:8
	ldrb.w	r0, [sp, #19]
	.loc	2 2837 40 is_stmt 0             @ ../Drivers/STM32H7xx_HAL_Driver/Src/stm32h7xx_hal_fdcan.c:2837:40
	cmp	r0, #1
	beq	.LBB38_5
	b	.LBB38_4
.LBB38_4:
	.loc	2 2837 44                       @ ../Drivers/STM32H7xx_HAL_Driver/Src/stm32h7xx_hal_fdcan.c:2837:44
	ldrb.w	r0, [sp, #19]
.Ltmp385:
	.loc	2 2837 7                        @ ../Drivers/STM32H7xx_HAL_Driver/Src/stm32h7xx_hal_fdcan.c:2837:7
	cmp	r0, #2
	bne	.LBB38_17
	b	.LBB38_5
.LBB38_5:
.Ltmp386:
	.loc	2 2840 9 is_stmt 1              @ ../Drivers/STM32H7xx_HAL_Driver/Src/stm32h7xx_hal_fdcan.c:2840:9
	ldr	r0, [sp, #20]
	rbit	r0, r0
	str	r0, [sp, #48]
.Ltmp387:
	.file	7 "D:\\RM_projects\\h7_final_4\\MDK-ARM" "../Drivers/CMSIS/Include\\cmsis_armclang.h"
	.loc	7 306 7                         @ ../Drivers/CMSIS/Include\cmsis_armclang.h:306:7
	ldr	r0, [sp, #48]
.Ltmp388:
	.loc	7 306 7 is_stmt 0               @ ../Drivers/CMSIS/Include\cmsis_armclang.h:306:7
	cbnz	r0, .LBB38_7
	b	.LBB38_6
.LBB38_6:
	.loc	7 0 7                           @ ../Drivers/CMSIS/Include\cmsis_armclang.h:0:7
	movs	r0, #32
.Ltmp389:
	.loc	7 308 5 is_stmt 1               @ ../Drivers/CMSIS/Include\cmsis_armclang.h:308:5
	strb.w	r0, [sp, #55]
	b	.LBB38_8
.Ltmp390:
.LBB38_7:
	.loc	7 310 24                        @ ../Drivers/CMSIS/Include\cmsis_armclang.h:310:24
	ldr	r0, [sp, #48]
	.loc	7 310 10 is_stmt 0              @ ../Drivers/CMSIS/Include\cmsis_armclang.h:310:10
	clz	r0, r0
	.loc	7 310 3                         @ ../Drivers/CMSIS/Include\cmsis_armclang.h:310:3
	strb.w	r0, [sp, #55]
	b	.LBB38_8
.LBB38_8:
	.loc	7 311 1 is_stmt 1               @ ../Drivers/CMSIS/Include\cmsis_armclang.h:311:1
	ldrb.w	r0, [sp, #55]
.Ltmp391:
	.loc	2 2840 40                       @ ../Drivers/STM32H7xx_HAL_Driver/Src/stm32h7xx_hal_fdcan.c:2840:40
	ldr	r1, [sp, #32]
	.loc	2 2840 48 is_stmt 0             @ ../Drivers/STM32H7xx_HAL_Driver/Src/stm32h7xx_hal_fdcan.c:2840:48
	ldr	r1, [r1]
	.loc	2 2840 58                       @ ../Drivers/STM32H7xx_HAL_Driver/Src/stm32h7xx_hal_fdcan.c:2840:58
	ldr.w	r1, [r1, #192]
	.loc	2 2840 63                       @ ../Drivers/STM32H7xx_HAL_Driver/Src/stm32h7xx_hal_fdcan.c:2840:63
	and	r1, r1, #4128768
.Ltmp392:
	.loc	2 2840 9                        @ ../Drivers/STM32H7xx_HAL_Driver/Src/stm32h7xx_hal_fdcan.c:2840:9
	cmp.w	r0, r1, lsr #16
	blo	.LBB38_10
	b	.LBB38_9
.LBB38_9:
.Ltmp393:
	.loc	2 2843 7 is_stmt 1              @ ../Drivers/STM32H7xx_HAL_Driver/Src/stm32h7xx_hal_fdcan.c:2843:7
	ldr	r1, [sp, #32]
	.loc	2 2843 25 is_stmt 0             @ ../Drivers/STM32H7xx_HAL_Driver/Src/stm32h7xx_hal_fdcan.c:2843:25
	ldr.w	r0, [r1, #156]
	orr	r0, r0, #32
	str.w	r0, [r1, #156]
	movs	r0, #1
	.loc	2 2845 7 is_stmt 1              @ ../Drivers/STM32H7xx_HAL_Driver/Src/stm32h7xx_hal_fdcan.c:2845:7
	strb.w	r0, [sp, #39]
	b	.LBB38_18
.Ltmp394:
.LBB38_10:
	.loc	2 2849 10                       @ ../Drivers/STM32H7xx_HAL_Driver/Src/stm32h7xx_hal_fdcan.c:2849:10
	ldr	r0, [sp, #32]
	.loc	2 2849 18 is_stmt 0             @ ../Drivers/STM32H7xx_HAL_Driver/Src/stm32h7xx_hal_fdcan.c:2849:18
	ldr	r0, [r0]
	.loc	2 2849 28                       @ ../Drivers/STM32H7xx_HAL_Driver/Src/stm32h7xx_hal_fdcan.c:2849:28
	ldr.w	r0, [r0, #204]
	.loc	2 2849 36                       @ ../Drivers/STM32H7xx_HAL_Driver/Src/stm32h7xx_hal_fdcan.c:2849:36
	ldr	r1, [sp, #20]
.Ltmp395:
	.loc	2 2849 9                        @ ../Drivers/STM32H7xx_HAL_Driver/Src/stm32h7xx_hal_fdcan.c:2849:9
	tst	r0, r1
	beq	.LBB38_12
	b	.LBB38_11
.LBB38_11:
.Ltmp396:
	.loc	2 2852 7 is_stmt 1              @ ../Drivers/STM32H7xx_HAL_Driver/Src/stm32h7xx_hal_fdcan.c:2852:7
	ldr	r1, [sp, #32]
	.loc	2 2852 25 is_stmt 0             @ ../Drivers/STM32H7xx_HAL_Driver/Src/stm32h7xx_hal_fdcan.c:2852:25
	ldr.w	r0, [r1, #156]
	orr	r0, r0, #64
	str.w	r0, [r1, #156]
	movs	r0, #1
	.loc	2 2854 7 is_stmt 1              @ ../Drivers/STM32H7xx_HAL_Driver/Src/stm32h7xx_hal_fdcan.c:2854:7
	strb.w	r0, [sp, #39]
	b	.LBB38_18
.Ltmp397:
.LBB38_12:
	.loc	2 2859 30                       @ ../Drivers/STM32H7xx_HAL_Driver/Src/stm32h7xx_hal_fdcan.c:2859:30
	ldr	r0, [sp, #32]
	.loc	2 2859 38 is_stmt 0             @ ../Drivers/STM32H7xx_HAL_Driver/Src/stm32h7xx_hal_fdcan.c:2859:38
	str	r0, [sp, #4]                    @ 4-byte Spill
	ldr	r0, [sp, #28]
	.loc	2 2859 49                       @ ../Drivers/STM32H7xx_HAL_Driver/Src/stm32h7xx_hal_fdcan.c:2859:49
	str	r0, [sp, #8]                    @ 4-byte Spill
	ldr	r0, [sp, #24]
	.loc	2 2859 58                       @ ../Drivers/STM32H7xx_HAL_Driver/Src/stm32h7xx_hal_fdcan.c:2859:58
	str	r0, [sp, #12]                   @ 4-byte Spill
	ldr	r0, [sp, #20]
	rbit	r0, r0
	str	r0, [sp, #40]
.Ltmp398:
	.loc	7 306 7 is_stmt 1               @ ../Drivers/CMSIS/Include\cmsis_armclang.h:306:7
	ldr	r0, [sp, #40]
.Ltmp399:
	.loc	7 306 7 is_stmt 0               @ ../Drivers/CMSIS/Include\cmsis_armclang.h:306:7
	cbnz	r0, .LBB38_14
	b	.LBB38_13
.LBB38_13:
	.loc	7 0 7                           @ ../Drivers/CMSIS/Include\cmsis_armclang.h:0:7
	movs	r0, #32
.Ltmp400:
	.loc	7 308 5 is_stmt 1               @ ../Drivers/CMSIS/Include\cmsis_armclang.h:308:5
	strb.w	r0, [sp, #47]
	b	.LBB38_15
.Ltmp401:
.LBB38_14:
	.loc	7 310 24                        @ ../Drivers/CMSIS/Include\cmsis_armclang.h:310:24
	ldr	r0, [sp, #40]
	.loc	7 310 10 is_stmt 0              @ ../Drivers/CMSIS/Include\cmsis_armclang.h:310:10
	clz	r0, r0
	.loc	7 310 3                         @ ../Drivers/CMSIS/Include\cmsis_armclang.h:310:3
	strb.w	r0, [sp, #47]
	b	.LBB38_15
.LBB38_15:
	.loc	7 311 1 is_stmt 1               @ ../Drivers/CMSIS/Include\cmsis_armclang.h:311:1
	ldr	r2, [sp, #12]                   @ 4-byte Reload
	ldr	r1, [sp, #8]                    @ 4-byte Reload
	ldr	r0, [sp, #4]                    @ 4-byte Reload
	ldrb.w	r3, [sp, #47]
.Ltmp402:
	.loc	2 2859 7                        @ ../Drivers/STM32H7xx_HAL_Driver/Src/stm32h7xx_hal_fdcan.c:2859:7
	bl	FDCAN_CopyMessageToRAM
	b	.LBB38_16
.Ltmp403:
.LBB38_16:
	.loc	2 0 7 is_stmt 0                 @ ../Drivers/STM32H7xx_HAL_Driver/Src/stm32h7xx_hal_fdcan.c:0:7
	movs	r0, #0
	.loc	2 2863 5 is_stmt 1              @ ../Drivers/STM32H7xx_HAL_Driver/Src/stm32h7xx_hal_fdcan.c:2863:5
	strb.w	r0, [sp, #39]
	b	.LBB38_18
.Ltmp404:
.LBB38_17:
	.loc	2 2868 5                        @ ../Drivers/STM32H7xx_HAL_Driver/Src/stm32h7xx_hal_fdcan.c:2868:5
	ldr	r1, [sp, #32]
	.loc	2 2868 23 is_stmt 0             @ ../Drivers/STM32H7xx_HAL_Driver/Src/stm32h7xx_hal_fdcan.c:2868:23
	ldr.w	r0, [r1, #156]
	orr	r0, r0, #2
	str.w	r0, [r1, #156]
	movs	r0, #1
	.loc	2 2870 5 is_stmt 1              @ ../Drivers/STM32H7xx_HAL_Driver/Src/stm32h7xx_hal_fdcan.c:2870:5
	strb.w	r0, [sp, #39]
	b	.LBB38_18
.Ltmp405:
.LBB38_18:
	.loc	2 2872 1                        @ ../Drivers/STM32H7xx_HAL_Driver/Src/stm32h7xx_hal_fdcan.c:2872:1
	ldrb.w	r0, [sp, #39]
	.loc	2 2872 1 epilogue_begin is_stmt 0 @ ../Drivers/STM32H7xx_HAL_Driver/Src/stm32h7xx_hal_fdcan.c:2872:1
	add	sp, #56
	pop	{r7, pc}
.Ltmp406:
.Lfunc_end38:
	.size	HAL_FDCAN_AddMessageToTxBuffer, .Lfunc_end38-HAL_FDCAN_AddMessageToTxBuffer
	.cfi_endproc
	.cantunwind
	.fnend
                                        @ -- End function
	.section	.text.HAL_FDCAN_EnableTxBufferRequest,"ax",%progbits
	.hidden	HAL_FDCAN_EnableTxBufferRequest @ -- Begin function HAL_FDCAN_EnableTxBufferRequest
	.globl	HAL_FDCAN_EnableTxBufferRequest
	.p2align	3
	.type	HAL_FDCAN_EnableTxBufferRequest,%function
	.code	16                              @ @HAL_FDCAN_EnableTxBufferRequest
	.thumb_func
HAL_FDCAN_EnableTxBufferRequest:
.Lfunc_begin39:
	.loc	2 2883 0 is_stmt 1              @ ../Drivers/STM32H7xx_HAL_Driver/Src/stm32h7xx_hal_fdcan.c:2883:0
	.fnstart
	.cfi_startproc
@ %bb.0:
	.pad	#12
	sub	sp, #12
	.cfi_def_cfa_offset 12
	str	r0, [sp, #4]
	str	r1, [sp]
.Ltmp407:
	.loc	2 2884 7 prologue_end           @ ../Drivers/STM32H7xx_HAL_Driver/Src/stm32h7xx_hal_fdcan.c:2884:7
	ldr	r0, [sp, #4]
	.loc	2 2884 15 is_stmt 0             @ ../Drivers/STM32H7xx_HAL_Driver/Src/stm32h7xx_hal_fdcan.c:2884:15
	ldrb.w	r0, [r0, #152]
.Ltmp408:
	.loc	2 2884 7                        @ ../Drivers/STM32H7xx_HAL_Driver/Src/stm32h7xx_hal_fdcan.c:2884:7
	cmp	r0, #2
	bne	.LBB39_2
	b	.LBB39_1
.LBB39_1:
.Ltmp409:
	.loc	2 2887 31 is_stmt 1             @ ../Drivers/STM32H7xx_HAL_Driver/Src/stm32h7xx_hal_fdcan.c:2887:31
	ldr	r0, [sp]
	.loc	2 2887 5 is_stmt 0              @ ../Drivers/STM32H7xx_HAL_Driver/Src/stm32h7xx_hal_fdcan.c:2887:5
	ldr	r1, [sp, #4]
	.loc	2 2887 13                       @ ../Drivers/STM32H7xx_HAL_Driver/Src/stm32h7xx_hal_fdcan.c:2887:13
	ldr	r1, [r1]
	.loc	2 2887 29                       @ ../Drivers/STM32H7xx_HAL_Driver/Src/stm32h7xx_hal_fdcan.c:2887:29
	str.w	r0, [r1, #208]
	movs	r0, #0
	.loc	2 2890 5 is_stmt 1              @ ../Drivers/STM32H7xx_HAL_Driver/Src/stm32h7xx_hal_fdcan.c:2890:5
	strb.w	r0, [sp, #11]
	b	.LBB39_3
.Ltmp410:
.LBB39_2:
	.loc	2 2895 5                        @ ../Drivers/STM32H7xx_HAL_Driver/Src/stm32h7xx_hal_fdcan.c:2895:5
	ldr	r1, [sp, #4]
	.loc	2 2895 23 is_stmt 0             @ ../Drivers/STM32H7xx_HAL_Driver/Src/stm32h7xx_hal_fdcan.c:2895:23
	ldr.w	r0, [r1, #156]
	orr	r0, r0, #8
	str.w	r0, [r1, #156]
	movs	r0, #1
	.loc	2 2897 5 is_stmt 1              @ ../Drivers/STM32H7xx_HAL_Driver/Src/stm32h7xx_hal_fdcan.c:2897:5
	strb.w	r0, [sp, #11]
	b	.LBB39_3
.Ltmp411:
.LBB39_3:
	.loc	2 2899 1                        @ ../Drivers/STM32H7xx_HAL_Driver/Src/stm32h7xx_hal_fdcan.c:2899:1
	ldrb.w	r0, [sp, #11]
	.loc	2 2899 1 epilogue_begin is_stmt 0 @ ../Drivers/STM32H7xx_HAL_Driver/Src/stm32h7xx_hal_fdcan.c:2899:1
	add	sp, #12
	bx	lr
.Ltmp412:
.Lfunc_end39:
	.size	HAL_FDCAN_EnableTxBufferRequest, .Lfunc_end39-HAL_FDCAN_EnableTxBufferRequest
	.cfi_endproc
	.cantunwind
	.fnend
                                        @ -- End function
	.section	.text.HAL_FDCAN_GetLatestTxFifoQRequestBuffer,"ax",%progbits
	.hidden	HAL_FDCAN_GetLatestTxFifoQRequestBuffer @ -- Begin function HAL_FDCAN_GetLatestTxFifoQRequestBuffer
	.globl	HAL_FDCAN_GetLatestTxFifoQRequestBuffer
	.p2align	3
	.type	HAL_FDCAN_GetLatestTxFifoQRequestBuffer,%function
	.code	16                              @ @HAL_FDCAN_GetLatestTxFifoQRequestBuffer
	.thumb_func
HAL_FDCAN_GetLatestTxFifoQRequestBuffer:
.Lfunc_begin40:
	.loc	2 2910 0 is_stmt 1              @ ../Drivers/STM32H7xx_HAL_Driver/Src/stm32h7xx_hal_fdcan.c:2910:0
	.fnstart
	.cfi_startproc
@ %bb.0:
	.pad	#4
	sub	sp, #4
	.cfi_def_cfa_offset 4
	str	r0, [sp]
.Ltmp413:
	.loc	2 2912 10 prologue_end          @ ../Drivers/STM32H7xx_HAL_Driver/Src/stm32h7xx_hal_fdcan.c:2912:10
	ldr	r0, [sp]
	.loc	2 2912 18 is_stmt 0             @ ../Drivers/STM32H7xx_HAL_Driver/Src/stm32h7xx_hal_fdcan.c:2912:18
	ldr.w	r0, [r0, #148]
	.loc	2 2912 3 epilogue_begin         @ ../Drivers/STM32H7xx_HAL_Driver/Src/stm32h7xx_hal_fdcan.c:2912:3
	add	sp, #4
	bx	lr
.Ltmp414:
.Lfunc_end40:
	.size	HAL_FDCAN_GetLatestTxFifoQRequestBuffer, .Lfunc_end40-HAL_FDCAN_GetLatestTxFifoQRequestBuffer
	.cfi_endproc
	.cantunwind
	.fnend
                                        @ -- End function
	.section	.text.HAL_FDCAN_AbortTxRequest,"ax",%progbits
	.hidden	HAL_FDCAN_AbortTxRequest        @ -- Begin function HAL_FDCAN_AbortTxRequest
	.globl	HAL_FDCAN_AbortTxRequest
	.p2align	3
	.type	HAL_FDCAN_AbortTxRequest,%function
	.code	16                              @ @HAL_FDCAN_AbortTxRequest
	.thumb_func
HAL_FDCAN_AbortTxRequest:
.Lfunc_begin41:
	.loc	2 2924 0 is_stmt 1              @ ../Drivers/STM32H7xx_HAL_Driver/Src/stm32h7xx_hal_fdcan.c:2924:0
	.fnstart
	.cfi_startproc
@ %bb.0:
	.pad	#12
	sub	sp, #12
	.cfi_def_cfa_offset 12
	str	r0, [sp, #4]
	str	r1, [sp]
.Ltmp415:
	.loc	2 2925 7 prologue_end           @ ../Drivers/STM32H7xx_HAL_Driver/Src/stm32h7xx_hal_fdcan.c:2925:7
	ldr	r0, [sp, #4]
	.loc	2 2925 15 is_stmt 0             @ ../Drivers/STM32H7xx_HAL_Driver/Src/stm32h7xx_hal_fdcan.c:2925:15
	ldrb.w	r0, [r0, #152]
.Ltmp416:
	.loc	2 2925 7                        @ ../Drivers/STM32H7xx_HAL_Driver/Src/stm32h7xx_hal_fdcan.c:2925:7
	cmp	r0, #2
	bne	.LBB41_2
	b	.LBB41_1
.LBB41_1:
.Ltmp417:
	.loc	2 2928 31 is_stmt 1             @ ../Drivers/STM32H7xx_HAL_Driver/Src/stm32h7xx_hal_fdcan.c:2928:31
	ldr	r0, [sp]
	.loc	2 2928 5 is_stmt 0              @ ../Drivers/STM32H7xx_HAL_Driver/Src/stm32h7xx_hal_fdcan.c:2928:5
	ldr	r1, [sp, #4]
	.loc	2 2928 13                       @ ../Drivers/STM32H7xx_HAL_Driver/Src/stm32h7xx_hal_fdcan.c:2928:13
	ldr	r1, [r1]
	.loc	2 2928 29                       @ ../Drivers/STM32H7xx_HAL_Driver/Src/stm32h7xx_hal_fdcan.c:2928:29
	str.w	r0, [r1, #212]
	movs	r0, #0
	.loc	2 2931 5 is_stmt 1              @ ../Drivers/STM32H7xx_HAL_Driver/Src/stm32h7xx_hal_fdcan.c:2931:5
	strb.w	r0, [sp, #11]
	b	.LBB41_3
.Ltmp418:
.LBB41_2:
	.loc	2 2936 5                        @ ../Drivers/STM32H7xx_HAL_Driver/Src/stm32h7xx_hal_fdcan.c:2936:5
	ldr	r1, [sp, #4]
	.loc	2 2936 23 is_stmt 0             @ ../Drivers/STM32H7xx_HAL_Driver/Src/stm32h7xx_hal_fdcan.c:2936:23
	ldr.w	r0, [r1, #156]
	orr	r0, r0, #8
	str.w	r0, [r1, #156]
	movs	r0, #1
	.loc	2 2938 5 is_stmt 1              @ ../Drivers/STM32H7xx_HAL_Driver/Src/stm32h7xx_hal_fdcan.c:2938:5
	strb.w	r0, [sp, #11]
	b	.LBB41_3
.Ltmp419:
.LBB41_3:
	.loc	2 2940 1                        @ ../Drivers/STM32H7xx_HAL_Driver/Src/stm32h7xx_hal_fdcan.c:2940:1
	ldrb.w	r0, [sp, #11]
	.loc	2 2940 1 epilogue_begin is_stmt 0 @ ../Drivers/STM32H7xx_HAL_Driver/Src/stm32h7xx_hal_fdcan.c:2940:1
	add	sp, #12
	bx	lr
.Ltmp420:
.Lfunc_end41:
	.size	HAL_FDCAN_AbortTxRequest, .Lfunc_end41-HAL_FDCAN_AbortTxRequest
	.cfi_endproc
	.cantunwind
	.fnend
                                        @ -- End function
	.section	.text.HAL_FDCAN_GetRxMessage,"ax",%progbits
	.hidden	HAL_FDCAN_GetRxMessage          @ -- Begin function HAL_FDCAN_GetRxMessage
	.globl	HAL_FDCAN_GetRxMessage
	.p2align	3
	.type	HAL_FDCAN_GetRxMessage,%function
	.code	16                              @ @HAL_FDCAN_GetRxMessage
	.thumb_func
HAL_FDCAN_GetRxMessage:
.Lfunc_begin42:
	.loc	2 2954 0 is_stmt 1              @ ../Drivers/STM32H7xx_HAL_Driver/Src/stm32h7xx_hal_fdcan.c:2954:0
	.fnstart
	.cfi_startproc
@ %bb.0:
	.pad	#40
	sub	sp, #40
	.cfi_def_cfa_offset 40
	str	r0, [sp, #32]
	str	r1, [sp, #28]
	str	r2, [sp, #24]
	str	r3, [sp, #20]
	movs	r0, #0
.Ltmp421:
	.loc	2 2958 12 prologue_end          @ ../Drivers/STM32H7xx_HAL_Driver/Src/stm32h7xx_hal_fdcan.c:2958:12
	str	r0, [sp, #4]
	.loc	2 2959 34                       @ ../Drivers/STM32H7xx_HAL_Driver/Src/stm32h7xx_hal_fdcan.c:2959:34
	ldr	r0, [sp, #32]
	.loc	2 2959 42 is_stmt 0             @ ../Drivers/STM32H7xx_HAL_Driver/Src/stm32h7xx_hal_fdcan.c:2959:42
	ldrb.w	r0, [r0, #152]
	.loc	2 2959 26                       @ ../Drivers/STM32H7xx_HAL_Driver/Src/stm32h7xx_hal_fdcan.c:2959:26
	strb.w	r0, [sp, #3]
.Ltmp422:
	.loc	2 2961 7 is_stmt 1              @ ../Drivers/STM32H7xx_HAL_Driver/Src/stm32h7xx_hal_fdcan.c:2961:7
	ldrb.w	r0, [sp, #3]
.Ltmp423:
	.loc	2 2961 7 is_stmt 0              @ ../Drivers/STM32H7xx_HAL_Driver/Src/stm32h7xx_hal_fdcan.c:2961:7
	cmp	r0, #2
	bne.w	.LBB42_45
	b	.LBB42_1
.LBB42_1:
.Ltmp424:
	.loc	2 2963 9 is_stmt 1              @ ../Drivers/STM32H7xx_HAL_Driver/Src/stm32h7xx_hal_fdcan.c:2963:9
	ldr	r0, [sp, #28]
.Ltmp425:
	.loc	2 2963 9 is_stmt 0              @ ../Drivers/STM32H7xx_HAL_Driver/Src/stm32h7xx_hal_fdcan.c:2963:9
	cmp	r0, #64
	bne	.LBB42_12
	b	.LBB42_2
.LBB42_2:
.Ltmp426:
	.loc	2 2966 12 is_stmt 1             @ ../Drivers/STM32H7xx_HAL_Driver/Src/stm32h7xx_hal_fdcan.c:2966:12
	ldr	r0, [sp, #32]
	.loc	2 2966 20 is_stmt 0             @ ../Drivers/STM32H7xx_HAL_Driver/Src/stm32h7xx_hal_fdcan.c:2966:20
	ldr	r0, [r0]
	.loc	2 2966 30                       @ ../Drivers/STM32H7xx_HAL_Driver/Src/stm32h7xx_hal_fdcan.c:2966:30
	ldr.w	r0, [r0, #160]
.Ltmp427:
	.loc	2 2966 11                       @ ../Drivers/STM32H7xx_HAL_Driver/Src/stm32h7xx_hal_fdcan.c:2966:11
	tst.w	r0, #8323072
	bne	.LBB42_4
	b	.LBB42_3
.LBB42_3:
.Ltmp428:
	.loc	2 2969 9 is_stmt 1              @ ../Drivers/STM32H7xx_HAL_Driver/Src/stm32h7xx_hal_fdcan.c:2969:9
	ldr	r1, [sp, #32]
	.loc	2 2969 27 is_stmt 0             @ ../Drivers/STM32H7xx_HAL_Driver/Src/stm32h7xx_hal_fdcan.c:2969:27
	ldr.w	r0, [r1, #156]
	orr	r0, r0, #32
	str.w	r0, [r1, #156]
	movs	r0, #1
	.loc	2 2971 9 is_stmt 1              @ ../Drivers/STM32H7xx_HAL_Driver/Src/stm32h7xx_hal_fdcan.c:2971:9
	strb.w	r0, [sp, #39]
	b	.LBB42_46
.Ltmp429:
.LBB42_4:
	.loc	2 2975 12                       @ ../Drivers/STM32H7xx_HAL_Driver/Src/stm32h7xx_hal_fdcan.c:2975:12
	ldr	r0, [sp, #32]
	.loc	2 2975 20 is_stmt 0             @ ../Drivers/STM32H7xx_HAL_Driver/Src/stm32h7xx_hal_fdcan.c:2975:20
	ldr	r0, [r0]
	.loc	2 2975 30                       @ ../Drivers/STM32H7xx_HAL_Driver/Src/stm32h7xx_hal_fdcan.c:2975:30
	ldr.w	r0, [r0, #164]
.Ltmp430:
	.loc	2 2975 11                       @ ../Drivers/STM32H7xx_HAL_Driver/Src/stm32h7xx_hal_fdcan.c:2975:11
	lsls	r0, r0, #25
	cbnz	r0, .LBB42_6
	b	.LBB42_5
.LBB42_5:
.Ltmp431:
	.loc	2 2978 9 is_stmt 1              @ ../Drivers/STM32H7xx_HAL_Driver/Src/stm32h7xx_hal_fdcan.c:2978:9
	ldr	r1, [sp, #32]
	.loc	2 2978 27 is_stmt 0             @ ../Drivers/STM32H7xx_HAL_Driver/Src/stm32h7xx_hal_fdcan.c:2978:27
	ldr.w	r0, [r1, #156]
	orr	r0, r0, #256
	str.w	r0, [r1, #156]
	movs	r0, #1
	.loc	2 2980 9 is_stmt 1              @ ../Drivers/STM32H7xx_HAL_Driver/Src/stm32h7xx_hal_fdcan.c:2980:9
	strb.w	r0, [sp, #39]
	b	.LBB42_46
.Ltmp432:
.LBB42_6:
	.loc	2 2985 22                       @ ../Drivers/STM32H7xx_HAL_Driver/Src/stm32h7xx_hal_fdcan.c:2985:22
	ldr	r0, [sp, #32]
	.loc	2 2985 30 is_stmt 0             @ ../Drivers/STM32H7xx_HAL_Driver/Src/stm32h7xx_hal_fdcan.c:2985:30
	ldr	r0, [r0]
	.loc	2 2985 40                       @ ../Drivers/STM32H7xx_HAL_Driver/Src/stm32h7xx_hal_fdcan.c:2985:40
	ldr.w	r0, [r0, #164]
	.loc	2 2985 66                       @ ../Drivers/STM32H7xx_HAL_Driver/Src/stm32h7xx_hal_fdcan.c:2985:66
	ubfx	r0, r0, #8, #6
	.loc	2 2985 18                       @ ../Drivers/STM32H7xx_HAL_Driver/Src/stm32h7xx_hal_fdcan.c:2985:18
	str	r0, [sp, #4]
.Ltmp433:
	.loc	2 2988 15 is_stmt 1             @ ../Drivers/STM32H7xx_HAL_Driver/Src/stm32h7xx_hal_fdcan.c:2988:15
	ldr	r0, [sp, #32]
	.loc	2 2988 23 is_stmt 0             @ ../Drivers/STM32H7xx_HAL_Driver/Src/stm32h7xx_hal_fdcan.c:2988:23
	ldr	r0, [r0]
	.loc	2 2988 33                       @ ../Drivers/STM32H7xx_HAL_Driver/Src/stm32h7xx_hal_fdcan.c:2988:33
	ldr.w	r0, [r0, #164]
	.loc	2 2988 39                       @ ../Drivers/STM32H7xx_HAL_Driver/Src/stm32h7xx_hal_fdcan.c:2988:39
	and	r1, r0, #16777216
	movs	r0, #1
.Ltmp434:
	.loc	2 2988 13                       @ ../Drivers/STM32H7xx_HAL_Driver/Src/stm32h7xx_hal_fdcan.c:2988:13
	cmp.w	r0, r1, lsr #24
	bne	.LBB42_10
	b	.LBB42_7
.LBB42_7:
.Ltmp435:
	.loc	2 2990 17 is_stmt 1             @ ../Drivers/STM32H7xx_HAL_Driver/Src/stm32h7xx_hal_fdcan.c:2990:17
	ldr	r0, [sp, #32]
	.loc	2 2990 25 is_stmt 0             @ ../Drivers/STM32H7xx_HAL_Driver/Src/stm32h7xx_hal_fdcan.c:2990:25
	ldr	r0, [r0]
	.loc	2 2990 35                       @ ../Drivers/STM32H7xx_HAL_Driver/Src/stm32h7xx_hal_fdcan.c:2990:35
	ldr.w	r1, [r0, #160]
	movs	r0, #1
.Ltmp436:
	.loc	2 2990 15                       @ ../Drivers/STM32H7xx_HAL_Driver/Src/stm32h7xx_hal_fdcan.c:2990:15
	cmp.w	r0, r1, lsr #31
	bne	.LBB42_9
	b	.LBB42_8
.LBB42_8:
.Ltmp437:
	.loc	2 2994 25 is_stmt 1             @ ../Drivers/STM32H7xx_HAL_Driver/Src/stm32h7xx_hal_fdcan.c:2994:25
	ldr	r0, [sp, #4]
	.loc	2 2994 34 is_stmt 0             @ ../Drivers/STM32H7xx_HAL_Driver/Src/stm32h7xx_hal_fdcan.c:2994:34
	adds	r0, #1
	.loc	2 2994 44                       @ ../Drivers/STM32H7xx_HAL_Driver/Src/stm32h7xx_hal_fdcan.c:2994:44
	ldr	r1, [sp, #32]
	.loc	2 2994 52                       @ ../Drivers/STM32H7xx_HAL_Driver/Src/stm32h7xx_hal_fdcan.c:2994:52
	ldr	r1, [r1]
	.loc	2 2994 62                       @ ../Drivers/STM32H7xx_HAL_Driver/Src/stm32h7xx_hal_fdcan.c:2994:62
	ldr.w	r1, [r1, #160]
	.loc	2 2994 68                       @ ../Drivers/STM32H7xx_HAL_Driver/Src/stm32h7xx_hal_fdcan.c:2994:68
	and	r1, r1, #8323072
	.loc	2 2994 40                       @ ../Drivers/STM32H7xx_HAL_Driver/Src/stm32h7xx_hal_fdcan.c:2994:40
	and.w	r0, r0, r1, lsr #16
	.loc	2 2994 22                       @ ../Drivers/STM32H7xx_HAL_Driver/Src/stm32h7xx_hal_fdcan.c:2994:22
	str	r0, [sp, #4]
	.loc	2 2995 11 is_stmt 1             @ ../Drivers/STM32H7xx_HAL_Driver/Src/stm32h7xx_hal_fdcan.c:2995:11
	b	.LBB42_9
.Ltmp438:
.LBB42_9:
	.loc	2 2996 9                        @ ../Drivers/STM32H7xx_HAL_Driver/Src/stm32h7xx_hal_fdcan.c:2996:9
	b	.LBB42_10
.Ltmp439:
.LBB42_10:
	.loc	2 2999 34                       @ ../Drivers/STM32H7xx_HAL_Driver/Src/stm32h7xx_hal_fdcan.c:2999:34
	ldr	r0, [sp, #32]
	.loc	2 2999 86 is_stmt 0             @ ../Drivers/STM32H7xx_HAL_Driver/Src/stm32h7xx_hal_fdcan.c:2999:86
	ldr	r2, [r0, #68]
	.loc	2 2999 49                       @ ../Drivers/STM32H7xx_HAL_Driver/Src/stm32h7xx_hal_fdcan.c:2999:49
	ldr	r0, [r0, #116]
	.loc	2 2999 62                       @ ../Drivers/STM32H7xx_HAL_Driver/Src/stm32h7xx_hal_fdcan.c:2999:62
	ldr	r1, [sp, #4]
	.loc	2 2999 71                       @ ../Drivers/STM32H7xx_HAL_Driver/Src/stm32h7xx_hal_fdcan.c:2999:71
	muls	r1, r2, r1
	.loc	2 2999 59                       @ ../Drivers/STM32H7xx_HAL_Driver/Src/stm32h7xx_hal_fdcan.c:2999:59
	add.w	r0, r0, r1, lsl #2
	.loc	2 2999 19                       @ ../Drivers/STM32H7xx_HAL_Driver/Src/stm32h7xx_hal_fdcan.c:2999:19
	str	r0, [sp, #16]
	b	.LBB42_11
.Ltmp440:
.LBB42_11:
	.loc	2 3001 5 is_stmt 1              @ ../Drivers/STM32H7xx_HAL_Driver/Src/stm32h7xx_hal_fdcan.c:3001:5
	b	.LBB42_28
.Ltmp441:
.LBB42_12:
	.loc	2 3002 14                       @ ../Drivers/STM32H7xx_HAL_Driver/Src/stm32h7xx_hal_fdcan.c:3002:14
	ldr	r0, [sp, #28]
.Ltmp442:
	.loc	2 3002 14 is_stmt 0             @ ../Drivers/STM32H7xx_HAL_Driver/Src/stm32h7xx_hal_fdcan.c:3002:14
	cmp	r0, #65
	bne	.LBB42_23
	b	.LBB42_13
.LBB42_13:
.Ltmp443:
	.loc	2 3005 12 is_stmt 1             @ ../Drivers/STM32H7xx_HAL_Driver/Src/stm32h7xx_hal_fdcan.c:3005:12
	ldr	r0, [sp, #32]
	.loc	2 3005 20 is_stmt 0             @ ../Drivers/STM32H7xx_HAL_Driver/Src/stm32h7xx_hal_fdcan.c:3005:20
	ldr	r0, [r0]
	.loc	2 3005 30                       @ ../Drivers/STM32H7xx_HAL_Driver/Src/stm32h7xx_hal_fdcan.c:3005:30
	ldr.w	r0, [r0, #176]
.Ltmp444:
	.loc	2 3005 11                       @ ../Drivers/STM32H7xx_HAL_Driver/Src/stm32h7xx_hal_fdcan.c:3005:11
	tst.w	r0, #8323072
	bne	.LBB42_15
	b	.LBB42_14
.LBB42_14:
.Ltmp445:
	.loc	2 3008 9 is_stmt 1              @ ../Drivers/STM32H7xx_HAL_Driver/Src/stm32h7xx_hal_fdcan.c:3008:9
	ldr	r1, [sp, #32]
	.loc	2 3008 27 is_stmt 0             @ ../Drivers/STM32H7xx_HAL_Driver/Src/stm32h7xx_hal_fdcan.c:3008:27
	ldr.w	r0, [r1, #156]
	orr	r0, r0, #32
	str.w	r0, [r1, #156]
	movs	r0, #1
	.loc	2 3010 9 is_stmt 1              @ ../Drivers/STM32H7xx_HAL_Driver/Src/stm32h7xx_hal_fdcan.c:3010:9
	strb.w	r0, [sp, #39]
	b	.LBB42_46
.Ltmp446:
.LBB42_15:
	.loc	2 3014 12                       @ ../Drivers/STM32H7xx_HAL_Driver/Src/stm32h7xx_hal_fdcan.c:3014:12
	ldr	r0, [sp, #32]
	.loc	2 3014 20 is_stmt 0             @ ../Drivers/STM32H7xx_HAL_Driver/Src/stm32h7xx_hal_fdcan.c:3014:20
	ldr	r0, [r0]
	.loc	2 3014 30                       @ ../Drivers/STM32H7xx_HAL_Driver/Src/stm32h7xx_hal_fdcan.c:3014:30
	ldr.w	r0, [r0, #180]
.Ltmp447:
	.loc	2 3014 11                       @ ../Drivers/STM32H7xx_HAL_Driver/Src/stm32h7xx_hal_fdcan.c:3014:11
	lsls	r0, r0, #25
	cbnz	r0, .LBB42_17
	b	.LBB42_16
.LBB42_16:
.Ltmp448:
	.loc	2 3017 9 is_stmt 1              @ ../Drivers/STM32H7xx_HAL_Driver/Src/stm32h7xx_hal_fdcan.c:3017:9
	ldr	r1, [sp, #32]
	.loc	2 3017 27 is_stmt 0             @ ../Drivers/STM32H7xx_HAL_Driver/Src/stm32h7xx_hal_fdcan.c:3017:27
	ldr.w	r0, [r1, #156]
	orr	r0, r0, #256
	str.w	r0, [r1, #156]
	movs	r0, #1
	.loc	2 3019 9 is_stmt 1              @ ../Drivers/STM32H7xx_HAL_Driver/Src/stm32h7xx_hal_fdcan.c:3019:9
	strb.w	r0, [sp, #39]
	b	.LBB42_46
.Ltmp449:
.LBB42_17:
	.loc	2 3024 22                       @ ../Drivers/STM32H7xx_HAL_Driver/Src/stm32h7xx_hal_fdcan.c:3024:22
	ldr	r0, [sp, #32]
	.loc	2 3024 30 is_stmt 0             @ ../Drivers/STM32H7xx_HAL_Driver/Src/stm32h7xx_hal_fdcan.c:3024:30
	ldr	r0, [r0]
	.loc	2 3024 40                       @ ../Drivers/STM32H7xx_HAL_Driver/Src/stm32h7xx_hal_fdcan.c:3024:40
	ldr.w	r0, [r0, #180]
	.loc	2 3024 66                       @ ../Drivers/STM32H7xx_HAL_Driver/Src/stm32h7xx_hal_fdcan.c:3024:66
	ubfx	r0, r0, #8, #6
	.loc	2 3024 18                       @ ../Drivers/STM32H7xx_HAL_Driver/Src/stm32h7xx_hal_fdcan.c:3024:18
	str	r0, [sp, #4]
.Ltmp450:
	.loc	2 3027 15 is_stmt 1             @ ../Drivers/STM32H7xx_HAL_Driver/Src/stm32h7xx_hal_fdcan.c:3027:15
	ldr	r0, [sp, #32]
	.loc	2 3027 23 is_stmt 0             @ ../Drivers/STM32H7xx_HAL_Driver/Src/stm32h7xx_hal_fdcan.c:3027:23
	ldr	r0, [r0]
	.loc	2 3027 33                       @ ../Drivers/STM32H7xx_HAL_Driver/Src/stm32h7xx_hal_fdcan.c:3027:33
	ldr.w	r0, [r0, #180]
	.loc	2 3027 39                       @ ../Drivers/STM32H7xx_HAL_Driver/Src/stm32h7xx_hal_fdcan.c:3027:39
	and	r1, r0, #16777216
	movs	r0, #1
.Ltmp451:
	.loc	2 3027 13                       @ ../Drivers/STM32H7xx_HAL_Driver/Src/stm32h7xx_hal_fdcan.c:3027:13
	cmp.w	r0, r1, lsr #24
	bne	.LBB42_21
	b	.LBB42_18
.LBB42_18:
.Ltmp452:
	.loc	2 3029 17 is_stmt 1             @ ../Drivers/STM32H7xx_HAL_Driver/Src/stm32h7xx_hal_fdcan.c:3029:17
	ldr	r0, [sp, #32]
	.loc	2 3029 25 is_stmt 0             @ ../Drivers/STM32H7xx_HAL_Driver/Src/stm32h7xx_hal_fdcan.c:3029:25
	ldr	r0, [r0]
	.loc	2 3029 35                       @ ../Drivers/STM32H7xx_HAL_Driver/Src/stm32h7xx_hal_fdcan.c:3029:35
	ldr.w	r1, [r0, #176]
	movs	r0, #1
.Ltmp453:
	.loc	2 3029 15                       @ ../Drivers/STM32H7xx_HAL_Driver/Src/stm32h7xx_hal_fdcan.c:3029:15
	cmp.w	r0, r1, lsr #31
	bne	.LBB42_20
	b	.LBB42_19
.LBB42_19:
.Ltmp454:
	.loc	2 3033 25 is_stmt 1             @ ../Drivers/STM32H7xx_HAL_Driver/Src/stm32h7xx_hal_fdcan.c:3033:25
	ldr	r0, [sp, #4]
	.loc	2 3033 34 is_stmt 0             @ ../Drivers/STM32H7xx_HAL_Driver/Src/stm32h7xx_hal_fdcan.c:3033:34
	adds	r0, #1
	.loc	2 3033 44                       @ ../Drivers/STM32H7xx_HAL_Driver/Src/stm32h7xx_hal_fdcan.c:3033:44
	ldr	r1, [sp, #32]
	.loc	2 3033 52                       @ ../Drivers/STM32H7xx_HAL_Driver/Src/stm32h7xx_hal_fdcan.c:3033:52
	ldr	r1, [r1]
	.loc	2 3033 62                       @ ../Drivers/STM32H7xx_HAL_Driver/Src/stm32h7xx_hal_fdcan.c:3033:62
	ldr.w	r1, [r1, #176]
	.loc	2 3033 68                       @ ../Drivers/STM32H7xx_HAL_Driver/Src/stm32h7xx_hal_fdcan.c:3033:68
	and	r1, r1, #8323072
	.loc	2 3033 40                       @ ../Drivers/STM32H7xx_HAL_Driver/Src/stm32h7xx_hal_fdcan.c:3033:40
	and.w	r0, r0, r1, lsr #16
	.loc	2 3033 22                       @ ../Drivers/STM32H7xx_HAL_Driver/Src/stm32h7xx_hal_fdcan.c:3033:22
	str	r0, [sp, #4]
	.loc	2 3034 11 is_stmt 1             @ ../Drivers/STM32H7xx_HAL_Driver/Src/stm32h7xx_hal_fdcan.c:3034:11
	b	.LBB42_20
.Ltmp455:
.LBB42_20:
	.loc	2 3035 9                        @ ../Drivers/STM32H7xx_HAL_Driver/Src/stm32h7xx_hal_fdcan.c:3035:9
	b	.LBB42_21
.Ltmp456:
.LBB42_21:
	.loc	2 3038 34                       @ ../Drivers/STM32H7xx_HAL_Driver/Src/stm32h7xx_hal_fdcan.c:3038:34
	ldr	r0, [sp, #32]
	.loc	2 3038 86 is_stmt 0             @ ../Drivers/STM32H7xx_HAL_Driver/Src/stm32h7xx_hal_fdcan.c:3038:86
	ldr	r2, [r0, #76]
	.loc	2 3038 49                       @ ../Drivers/STM32H7xx_HAL_Driver/Src/stm32h7xx_hal_fdcan.c:3038:49
	ldr	r0, [r0, #120]
	.loc	2 3038 62                       @ ../Drivers/STM32H7xx_HAL_Driver/Src/stm32h7xx_hal_fdcan.c:3038:62
	ldr	r1, [sp, #4]
	.loc	2 3038 71                       @ ../Drivers/STM32H7xx_HAL_Driver/Src/stm32h7xx_hal_fdcan.c:3038:71
	muls	r1, r2, r1
	.loc	2 3038 59                       @ ../Drivers/STM32H7xx_HAL_Driver/Src/stm32h7xx_hal_fdcan.c:3038:59
	add.w	r0, r0, r1, lsl #2
	.loc	2 3038 19                       @ ../Drivers/STM32H7xx_HAL_Driver/Src/stm32h7xx_hal_fdcan.c:3038:19
	str	r0, [sp, #16]
	b	.LBB42_22
.Ltmp457:
.LBB42_22:
	.loc	2 3040 5 is_stmt 1              @ ../Drivers/STM32H7xx_HAL_Driver/Src/stm32h7xx_hal_fdcan.c:3040:5
	b	.LBB42_27
.Ltmp458:
.LBB42_23:
	.loc	2 3044 11                       @ ../Drivers/STM32H7xx_HAL_Driver/Src/stm32h7xx_hal_fdcan.c:3044:11
	ldr	r0, [sp, #28]
	.loc	2 3044 25 is_stmt 0             @ ../Drivers/STM32H7xx_HAL_Driver/Src/stm32h7xx_hal_fdcan.c:3044:25
	ldr	r1, [sp, #32]
	.loc	2 3044 38                       @ ../Drivers/STM32H7xx_HAL_Driver/Src/stm32h7xx_hal_fdcan.c:3044:38
	ldr	r1, [r1, #80]
.Ltmp459:
	.loc	2 3044 11                       @ ../Drivers/STM32H7xx_HAL_Driver/Src/stm32h7xx_hal_fdcan.c:3044:11
	cmp	r0, r1
	blo	.LBB42_25
	b	.LBB42_24
.LBB42_24:
.Ltmp460:
	.loc	2 3047 9 is_stmt 1              @ ../Drivers/STM32H7xx_HAL_Driver/Src/stm32h7xx_hal_fdcan.c:3047:9
	ldr	r1, [sp, #32]
	.loc	2 3047 27 is_stmt 0             @ ../Drivers/STM32H7xx_HAL_Driver/Src/stm32h7xx_hal_fdcan.c:3047:27
	ldr.w	r0, [r1, #156]
	orr	r0, r0, #32
	str.w	r0, [r1, #156]
	movs	r0, #1
	.loc	2 3049 9 is_stmt 1              @ ../Drivers/STM32H7xx_HAL_Driver/Src/stm32h7xx_hal_fdcan.c:3049:9
	strb.w	r0, [sp, #39]
	b	.LBB42_46
.Ltmp461:
.LBB42_25:
	.loc	2 3054 34                       @ ../Drivers/STM32H7xx_HAL_Driver/Src/stm32h7xx_hal_fdcan.c:3054:34
	ldr	r0, [sp, #32]
	.loc	2 3054 89 is_stmt 0             @ ../Drivers/STM32H7xx_HAL_Driver/Src/stm32h7xx_hal_fdcan.c:3054:89
	ldr	r2, [r0, #84]
	.loc	2 3054 49                       @ ../Drivers/STM32H7xx_HAL_Driver/Src/stm32h7xx_hal_fdcan.c:3054:49
	ldr	r0, [r0, #124]
	.loc	2 3054 63                       @ ../Drivers/STM32H7xx_HAL_Driver/Src/stm32h7xx_hal_fdcan.c:3054:63
	ldr	r1, [sp, #28]
	.loc	2 3054 74                       @ ../Drivers/STM32H7xx_HAL_Driver/Src/stm32h7xx_hal_fdcan.c:3054:74
	muls	r1, r2, r1
	.loc	2 3054 60                       @ ../Drivers/STM32H7xx_HAL_Driver/Src/stm32h7xx_hal_fdcan.c:3054:60
	add.w	r0, r0, r1, lsl #2
	.loc	2 3054 19                       @ ../Drivers/STM32H7xx_HAL_Driver/Src/stm32h7xx_hal_fdcan.c:3054:19
	str	r0, [sp, #16]
	b	.LBB42_26
.Ltmp462:
.LBB42_26:
	.loc	2 0 19                          @ ../Drivers/STM32H7xx_HAL_Driver/Src/stm32h7xx_hal_fdcan.c:0:19
	b	.LBB42_27
.LBB42_27:
	b	.LBB42_28
.LBB42_28:
	.loc	2 3059 26 is_stmt 1             @ ../Drivers/STM32H7xx_HAL_Driver/Src/stm32h7xx_hal_fdcan.c:3059:26
	ldr	r0, [sp, #16]
	.loc	2 3059 25 is_stmt 0             @ ../Drivers/STM32H7xx_HAL_Driver/Src/stm32h7xx_hal_fdcan.c:3059:25
	ldr	r0, [r0]
	.loc	2 3059 36                       @ ../Drivers/STM32H7xx_HAL_Driver/Src/stm32h7xx_hal_fdcan.c:3059:36
	and	r0, r0, #1073741824
	.loc	2 3059 5                        @ ../Drivers/STM32H7xx_HAL_Driver/Src/stm32h7xx_hal_fdcan.c:3059:5
	ldr	r1, [sp, #24]
	.loc	2 3059 23                       @ ../Drivers/STM32H7xx_HAL_Driver/Src/stm32h7xx_hal_fdcan.c:3059:23
	str	r0, [r1, #4]
.Ltmp463:
	.loc	2 3062 9 is_stmt 1              @ ../Drivers/STM32H7xx_HAL_Driver/Src/stm32h7xx_hal_fdcan.c:3062:9
	ldr	r0, [sp, #24]
	.loc	2 3062 20 is_stmt 0             @ ../Drivers/STM32H7xx_HAL_Driver/Src/stm32h7xx_hal_fdcan.c:3062:20
	ldr	r0, [r0, #4]
.Ltmp464:
	.loc	2 3062 9                        @ ../Drivers/STM32H7xx_HAL_Driver/Src/stm32h7xx_hal_fdcan.c:3062:9
	cbnz	r0, .LBB42_30
	b	.LBB42_29
.LBB42_29:
.Ltmp465:
	.loc	2 3064 34 is_stmt 1             @ ../Drivers/STM32H7xx_HAL_Driver/Src/stm32h7xx_hal_fdcan.c:3064:34
	ldr	r0, [sp, #16]
	.loc	2 3064 33 is_stmt 0             @ ../Drivers/STM32H7xx_HAL_Driver/Src/stm32h7xx_hal_fdcan.c:3064:33
	ldr	r0, [r0]
	.loc	2 3064 72                       @ ../Drivers/STM32H7xx_HAL_Driver/Src/stm32h7xx_hal_fdcan.c:3064:72
	ubfx	r0, r0, #18, #11
	.loc	2 3064 7                        @ ../Drivers/STM32H7xx_HAL_Driver/Src/stm32h7xx_hal_fdcan.c:3064:7
	ldr	r1, [sp, #24]
	.loc	2 3064 29                       @ ../Drivers/STM32H7xx_HAL_Driver/Src/stm32h7xx_hal_fdcan.c:3064:29
	str	r0, [r1]
	.loc	2 3065 5 is_stmt 1              @ ../Drivers/STM32H7xx_HAL_Driver/Src/stm32h7xx_hal_fdcan.c:3065:5
	b	.LBB42_31
.Ltmp466:
.LBB42_30:
	.loc	2 3068 33                       @ ../Drivers/STM32H7xx_HAL_Driver/Src/stm32h7xx_hal_fdcan.c:3068:33
	ldr	r0, [sp, #16]
	.loc	2 3068 32 is_stmt 0             @ ../Drivers/STM32H7xx_HAL_Driver/Src/stm32h7xx_hal_fdcan.c:3068:32
	ldr	r0, [r0]
	.loc	2 3068 43                       @ ../Drivers/STM32H7xx_HAL_Driver/Src/stm32h7xx_hal_fdcan.c:3068:43
	bic	r0, r0, #-536870912
	.loc	2 3068 7                        @ ../Drivers/STM32H7xx_HAL_Driver/Src/stm32h7xx_hal_fdcan.c:3068:7
	ldr	r1, [sp, #24]
	.loc	2 3068 29                       @ ../Drivers/STM32H7xx_HAL_Driver/Src/stm32h7xx_hal_fdcan.c:3068:29
	str	r0, [r1]
	b	.LBB42_31
.Ltmp467:
.LBB42_31:
	.loc	2 3072 32 is_stmt 1             @ ../Drivers/STM32H7xx_HAL_Driver/Src/stm32h7xx_hal_fdcan.c:3072:32
	ldr	r0, [sp, #16]
	.loc	2 3072 31 is_stmt 0             @ ../Drivers/STM32H7xx_HAL_Driver/Src/stm32h7xx_hal_fdcan.c:3072:31
	ldr	r0, [r0]
	.loc	2 3072 42                       @ ../Drivers/STM32H7xx_HAL_Driver/Src/stm32h7xx_hal_fdcan.c:3072:42
	and	r0, r0, #536870912
	.loc	2 3072 5                        @ ../Drivers/STM32H7xx_HAL_Driver/Src/stm32h7xx_hal_fdcan.c:3072:5
	ldr	r1, [sp, #24]
	.loc	2 3072 28                       @ ../Drivers/STM32H7xx_HAL_Driver/Src/stm32h7xx_hal_fdcan.c:3072:28
	str	r0, [r1, #8]
	.loc	2 3075 40 is_stmt 1             @ ../Drivers/STM32H7xx_HAL_Driver/Src/stm32h7xx_hal_fdcan.c:3075:40
	ldr	r0, [sp, #16]
	.loc	2 3075 39 is_stmt 0             @ ../Drivers/STM32H7xx_HAL_Driver/Src/stm32h7xx_hal_fdcan.c:3075:39
	ldr	r0, [r0]
	.loc	2 3075 50                       @ ../Drivers/STM32H7xx_HAL_Driver/Src/stm32h7xx_hal_fdcan.c:3075:50
	and	r0, r0, #-2147483648
	.loc	2 3075 5                        @ ../Drivers/STM32H7xx_HAL_Driver/Src/stm32h7xx_hal_fdcan.c:3075:5
	ldr	r1, [sp, #24]
	.loc	2 3075 36                       @ ../Drivers/STM32H7xx_HAL_Driver/Src/stm32h7xx_hal_fdcan.c:3075:36
	str	r0, [r1, #16]
	.loc	2 3078 14 is_stmt 1             @ ../Drivers/STM32H7xx_HAL_Driver/Src/stm32h7xx_hal_fdcan.c:3078:14
	ldr	r0, [sp, #16]
	adds	r0, #4
	str	r0, [sp, #16]
	.loc	2 3081 32                       @ ../Drivers/STM32H7xx_HAL_Driver/Src/stm32h7xx_hal_fdcan.c:3081:32
	ldr	r0, [sp, #16]
	.loc	2 3081 31 is_stmt 0             @ ../Drivers/STM32H7xx_HAL_Driver/Src/stm32h7xx_hal_fdcan.c:3081:31
	ldrh	r0, [r0]
	.loc	2 3081 5                        @ ../Drivers/STM32H7xx_HAL_Driver/Src/stm32h7xx_hal_fdcan.c:3081:5
	ldr	r1, [sp, #24]
	.loc	2 3081 28                       @ ../Drivers/STM32H7xx_HAL_Driver/Src/stm32h7xx_hal_fdcan.c:3081:28
	str	r0, [r1, #28]
	.loc	2 3084 32 is_stmt 1             @ ../Drivers/STM32H7xx_HAL_Driver/Src/stm32h7xx_hal_fdcan.c:3084:32
	ldr	r0, [sp, #16]
	.loc	2 3084 31 is_stmt 0             @ ../Drivers/STM32H7xx_HAL_Driver/Src/stm32h7xx_hal_fdcan.c:3084:31
	ldr	r0, [r0]
	.loc	2 3084 68                       @ ../Drivers/STM32H7xx_HAL_Driver/Src/stm32h7xx_hal_fdcan.c:3084:68
	ubfx	r0, r0, #16, #4
	.loc	2 3084 5                        @ ../Drivers/STM32H7xx_HAL_Driver/Src/stm32h7xx_hal_fdcan.c:3084:5
	ldr	r1, [sp, #24]
	.loc	2 3084 27                       @ ../Drivers/STM32H7xx_HAL_Driver/Src/stm32h7xx_hal_fdcan.c:3084:27
	str	r0, [r1, #12]
	.loc	2 3087 34 is_stmt 1             @ ../Drivers/STM32H7xx_HAL_Driver/Src/stm32h7xx_hal_fdcan.c:3087:34
	ldr	r0, [sp, #16]
	.loc	2 3087 33 is_stmt 0             @ ../Drivers/STM32H7xx_HAL_Driver/Src/stm32h7xx_hal_fdcan.c:3087:33
	ldr	r0, [r0]
	.loc	2 3087 44                       @ ../Drivers/STM32H7xx_HAL_Driver/Src/stm32h7xx_hal_fdcan.c:3087:44
	and	r0, r0, #1048576
	.loc	2 3087 5                        @ ../Drivers/STM32H7xx_HAL_Driver/Src/stm32h7xx_hal_fdcan.c:3087:5
	ldr	r1, [sp, #24]
	.loc	2 3087 30                       @ ../Drivers/STM32H7xx_HAL_Driver/Src/stm32h7xx_hal_fdcan.c:3087:30
	str	r0, [r1, #20]
	.loc	2 3090 29 is_stmt 1             @ ../Drivers/STM32H7xx_HAL_Driver/Src/stm32h7xx_hal_fdcan.c:3090:29
	ldr	r0, [sp, #16]
	.loc	2 3090 28 is_stmt 0             @ ../Drivers/STM32H7xx_HAL_Driver/Src/stm32h7xx_hal_fdcan.c:3090:28
	ldr	r0, [r0]
	.loc	2 3090 39                       @ ../Drivers/STM32H7xx_HAL_Driver/Src/stm32h7xx_hal_fdcan.c:3090:39
	and	r0, r0, #2097152
	.loc	2 3090 5                        @ ../Drivers/STM32H7xx_HAL_Driver/Src/stm32h7xx_hal_fdcan.c:3090:5
	ldr	r1, [sp, #24]
	.loc	2 3090 25                       @ ../Drivers/STM32H7xx_HAL_Driver/Src/stm32h7xx_hal_fdcan.c:3090:25
	str	r0, [r1, #24]
	.loc	2 3093 33 is_stmt 1             @ ../Drivers/STM32H7xx_HAL_Driver/Src/stm32h7xx_hal_fdcan.c:3093:33
	ldr	r0, [sp, #16]
	.loc	2 3093 32 is_stmt 0             @ ../Drivers/STM32H7xx_HAL_Driver/Src/stm32h7xx_hal_fdcan.c:3093:32
	ldr	r0, [r0]
	.loc	2 3093 70                       @ ../Drivers/STM32H7xx_HAL_Driver/Src/stm32h7xx_hal_fdcan.c:3093:70
	ubfx	r0, r0, #24, #7
	.loc	2 3093 5                        @ ../Drivers/STM32H7xx_HAL_Driver/Src/stm32h7xx_hal_fdcan.c:3093:5
	ldr	r1, [sp, #24]
	.loc	2 3093 28                       @ ../Drivers/STM32H7xx_HAL_Driver/Src/stm32h7xx_hal_fdcan.c:3093:28
	str	r0, [r1, #32]
	.loc	2 3096 43 is_stmt 1             @ ../Drivers/STM32H7xx_HAL_Driver/Src/stm32h7xx_hal_fdcan.c:3096:43
	ldr	r0, [sp, #16]
	.loc	2 3096 42 is_stmt 0             @ ../Drivers/STM32H7xx_HAL_Driver/Src/stm32h7xx_hal_fdcan.c:3096:42
	ldr	r0, [r0]
	.loc	2 3096 80                       @ ../Drivers/STM32H7xx_HAL_Driver/Src/stm32h7xx_hal_fdcan.c:3096:80
	lsrs	r0, r0, #31
	.loc	2 3096 5                        @ ../Drivers/STM32H7xx_HAL_Driver/Src/stm32h7xx_hal_fdcan.c:3096:5
	ldr	r1, [sp, #24]
	.loc	2 3096 38                       @ ../Drivers/STM32H7xx_HAL_Driver/Src/stm32h7xx_hal_fdcan.c:3096:38
	str	r0, [r1, #36]
	.loc	2 3099 14 is_stmt 1             @ ../Drivers/STM32H7xx_HAL_Driver/Src/stm32h7xx_hal_fdcan.c:3099:14
	ldr	r0, [sp, #16]
	adds	r0, #4
	str	r0, [sp, #16]
	.loc	2 3102 24                       @ ../Drivers/STM32H7xx_HAL_Driver/Src/stm32h7xx_hal_fdcan.c:3102:24
	ldr	r0, [sp, #16]
	.loc	2 3102 11 is_stmt 0             @ ../Drivers/STM32H7xx_HAL_Driver/Src/stm32h7xx_hal_fdcan.c:3102:11
	str	r0, [sp, #12]
	movs	r0, #0
.Ltmp468:
	.loc	2 3103 22 is_stmt 1             @ ../Drivers/STM32H7xx_HAL_Driver/Src/stm32h7xx_hal_fdcan.c:3103:22
	str	r0, [sp, #8]
	.loc	2 3103 10 is_stmt 0             @ ../Drivers/STM32H7xx_HAL_Driver/Src/stm32h7xx_hal_fdcan.c:3103:10
	b	.LBB42_32
.LBB42_32:                              @ =>This Inner Loop Header: Depth=1
.Ltmp469:
	.loc	2 3103 27                       @ ../Drivers/STM32H7xx_HAL_Driver/Src/stm32h7xx_hal_fdcan.c:3103:27
	ldr	r0, [sp, #8]
	.loc	2 3103 52                       @ ../Drivers/STM32H7xx_HAL_Driver/Src/stm32h7xx_hal_fdcan.c:3103:52
	ldr	r1, [sp, #24]
	.loc	2 3103 63                       @ ../Drivers/STM32H7xx_HAL_Driver/Src/stm32h7xx_hal_fdcan.c:3103:63
	ldr	r2, [r1, #12]
	.loc	2 3103 41                       @ ../Drivers/STM32H7xx_HAL_Driver/Src/stm32h7xx_hal_fdcan.c:3103:41
	movw	r1, :lower16:DLCtoBytes
	movt	r1, :upper16:DLCtoBytes
	ldrb	r1, [r1, r2]
.Ltmp470:
	.loc	2 3103 5                        @ ../Drivers/STM32H7xx_HAL_Driver/Src/stm32h7xx_hal_fdcan.c:3103:5
	cmp	r0, r1
	bhs	.LBB42_35
	b	.LBB42_33
.LBB42_33:                              @   in Loop: Header=BB42_32 Depth=1
.Ltmp471:
	.loc	2 3105 30 is_stmt 1             @ ../Drivers/STM32H7xx_HAL_Driver/Src/stm32h7xx_hal_fdcan.c:3105:30
	ldr	r0, [sp, #12]
	.loc	2 3105 36 is_stmt 0             @ ../Drivers/STM32H7xx_HAL_Driver/Src/stm32h7xx_hal_fdcan.c:3105:36
	ldr	r2, [sp, #8]
	.loc	2 3105 30                       @ ../Drivers/STM32H7xx_HAL_Driver/Src/stm32h7xx_hal_fdcan.c:3105:30
	ldrb	r0, [r0, r2]
	.loc	2 3105 7                        @ ../Drivers/STM32H7xx_HAL_Driver/Src/stm32h7xx_hal_fdcan.c:3105:7
	ldr	r1, [sp, #20]
	.loc	2 3105 28                       @ ../Drivers/STM32H7xx_HAL_Driver/Src/stm32h7xx_hal_fdcan.c:3105:28
	strb	r0, [r1, r2]
	.loc	2 3106 5 is_stmt 1              @ ../Drivers/STM32H7xx_HAL_Driver/Src/stm32h7xx_hal_fdcan.c:3106:5
	b	.LBB42_34
.Ltmp472:
.LBB42_34:                              @   in Loop: Header=BB42_32 Depth=1
	.loc	2 3103 87                       @ ../Drivers/STM32H7xx_HAL_Driver/Src/stm32h7xx_hal_fdcan.c:3103:87
	ldr	r0, [sp, #8]
	adds	r0, #1
	str	r0, [sp, #8]
	.loc	2 3103 5 is_stmt 0              @ ../Drivers/STM32H7xx_HAL_Driver/Src/stm32h7xx_hal_fdcan.c:3103:5
	b	.LBB42_32
.Ltmp473:
.LBB42_35:
	.loc	2 3108 9 is_stmt 1              @ ../Drivers/STM32H7xx_HAL_Driver/Src/stm32h7xx_hal_fdcan.c:3108:9
	ldr	r0, [sp, #28]
.Ltmp474:
	.loc	2 3108 9 is_stmt 0              @ ../Drivers/STM32H7xx_HAL_Driver/Src/stm32h7xx_hal_fdcan.c:3108:9
	cmp	r0, #64
	bne	.LBB42_37
	b	.LBB42_36
.LBB42_36:
.Ltmp475:
	.loc	2 3111 33 is_stmt 1             @ ../Drivers/STM32H7xx_HAL_Driver/Src/stm32h7xx_hal_fdcan.c:3111:33
	ldr	r0, [sp, #4]
	.loc	2 3111 7 is_stmt 0              @ ../Drivers/STM32H7xx_HAL_Driver/Src/stm32h7xx_hal_fdcan.c:3111:7
	ldr	r1, [sp, #32]
	.loc	2 3111 15                       @ ../Drivers/STM32H7xx_HAL_Driver/Src/stm32h7xx_hal_fdcan.c:3111:15
	ldr	r1, [r1]
	.loc	2 3111 31                       @ ../Drivers/STM32H7xx_HAL_Driver/Src/stm32h7xx_hal_fdcan.c:3111:31
	str.w	r0, [r1, #168]
	.loc	2 3112 5 is_stmt 1              @ ../Drivers/STM32H7xx_HAL_Driver/Src/stm32h7xx_hal_fdcan.c:3112:5
	b	.LBB42_44
.Ltmp476:
.LBB42_37:
	.loc	2 3113 14                       @ ../Drivers/STM32H7xx_HAL_Driver/Src/stm32h7xx_hal_fdcan.c:3113:14
	ldr	r0, [sp, #28]
.Ltmp477:
	.loc	2 3113 14 is_stmt 0             @ ../Drivers/STM32H7xx_HAL_Driver/Src/stm32h7xx_hal_fdcan.c:3113:14
	cmp	r0, #65
	bne	.LBB42_39
	b	.LBB42_38
.LBB42_38:
.Ltmp478:
	.loc	2 3116 33 is_stmt 1             @ ../Drivers/STM32H7xx_HAL_Driver/Src/stm32h7xx_hal_fdcan.c:3116:33
	ldr	r0, [sp, #4]
	.loc	2 3116 7 is_stmt 0              @ ../Drivers/STM32H7xx_HAL_Driver/Src/stm32h7xx_hal_fdcan.c:3116:7
	ldr	r1, [sp, #32]
	.loc	2 3116 15                       @ ../Drivers/STM32H7xx_HAL_Driver/Src/stm32h7xx_hal_fdcan.c:3116:15
	ldr	r1, [r1]
	.loc	2 3116 31                       @ ../Drivers/STM32H7xx_HAL_Driver/Src/stm32h7xx_hal_fdcan.c:3116:31
	str.w	r0, [r1, #184]
	.loc	2 3117 5 is_stmt 1              @ ../Drivers/STM32H7xx_HAL_Driver/Src/stm32h7xx_hal_fdcan.c:3117:5
	b	.LBB42_43
.Ltmp479:
.LBB42_39:
	.loc	2 3121 11                       @ ../Drivers/STM32H7xx_HAL_Driver/Src/stm32h7xx_hal_fdcan.c:3121:11
	ldr	r0, [sp, #28]
.Ltmp480:
	.loc	2 3121 11 is_stmt 0             @ ../Drivers/STM32H7xx_HAL_Driver/Src/stm32h7xx_hal_fdcan.c:3121:11
	cmp	r0, #31
	bhi	.LBB42_41
	b	.LBB42_40
.LBB42_40:
.Ltmp481:
	.loc	2 3123 52 is_stmt 1             @ ../Drivers/STM32H7xx_HAL_Driver/Src/stm32h7xx_hal_fdcan.c:3123:52
	ldr	r1, [sp, #28]
	movs	r0, #1
	.loc	2 3123 49 is_stmt 0             @ ../Drivers/STM32H7xx_HAL_Driver/Src/stm32h7xx_hal_fdcan.c:3123:49
	lsls	r0, r1
	.loc	2 3123 9                        @ ../Drivers/STM32H7xx_HAL_Driver/Src/stm32h7xx_hal_fdcan.c:3123:9
	ldr	r1, [sp, #32]
	.loc	2 3123 17                       @ ../Drivers/STM32H7xx_HAL_Driver/Src/stm32h7xx_hal_fdcan.c:3123:17
	ldr	r1, [r1]
	.loc	2 3123 33                       @ ../Drivers/STM32H7xx_HAL_Driver/Src/stm32h7xx_hal_fdcan.c:3123:33
	str.w	r0, [r1, #152]
	.loc	2 3124 7 is_stmt 1              @ ../Drivers/STM32H7xx_HAL_Driver/Src/stm32h7xx_hal_fdcan.c:3124:7
	b	.LBB42_42
.Ltmp482:
.LBB42_41:
	.loc	2 3127 53                       @ ../Drivers/STM32H7xx_HAL_Driver/Src/stm32h7xx_hal_fdcan.c:3127:53
	ldr	r0, [sp, #28]
	.loc	2 3127 64 is_stmt 0             @ ../Drivers/STM32H7xx_HAL_Driver/Src/stm32h7xx_hal_fdcan.c:3127:64
	and	r1, r0, #31
	movs	r0, #1
	.loc	2 3127 49                       @ ../Drivers/STM32H7xx_HAL_Driver/Src/stm32h7xx_hal_fdcan.c:3127:49
	lsls	r0, r1
	.loc	2 3127 9                        @ ../Drivers/STM32H7xx_HAL_Driver/Src/stm32h7xx_hal_fdcan.c:3127:9
	ldr	r1, [sp, #32]
	.loc	2 3127 17                       @ ../Drivers/STM32H7xx_HAL_Driver/Src/stm32h7xx_hal_fdcan.c:3127:17
	ldr	r1, [r1]
	.loc	2 3127 33                       @ ../Drivers/STM32H7xx_HAL_Driver/Src/stm32h7xx_hal_fdcan.c:3127:33
	str.w	r0, [r1, #156]
	b	.LBB42_42
.Ltmp483:
.LBB42_42:
	.loc	2 0 33                          @ ../Drivers/STM32H7xx_HAL_Driver/Src/stm32h7xx_hal_fdcan.c:0:33
	b	.LBB42_43
.LBB42_43:
	b	.LBB42_44
.LBB42_44:
	movs	r0, #0
	.loc	2 3132 5 is_stmt 1              @ ../Drivers/STM32H7xx_HAL_Driver/Src/stm32h7xx_hal_fdcan.c:3132:5
	strb.w	r0, [sp, #39]
	b	.LBB42_46
.Ltmp484:
.LBB42_45:
	.loc	2 3137 5                        @ ../Drivers/STM32H7xx_HAL_Driver/Src/stm32h7xx_hal_fdcan.c:3137:5
	ldr	r1, [sp, #32]
	.loc	2 3137 23 is_stmt 0             @ ../Drivers/STM32H7xx_HAL_Driver/Src/stm32h7xx_hal_fdcan.c:3137:23
	ldr.w	r0, [r1, #156]
	orr	r0, r0, #8
	str.w	r0, [r1, #156]
	movs	r0, #1
	.loc	2 3139 5 is_stmt 1              @ ../Drivers/STM32H7xx_HAL_Driver/Src/stm32h7xx_hal_fdcan.c:3139:5
	strb.w	r0, [sp, #39]
	b	.LBB42_46
.Ltmp485:
.LBB42_46:
	.loc	2 3141 1                        @ ../Drivers/STM32H7xx_HAL_Driver/Src/stm32h7xx_hal_fdcan.c:3141:1
	ldrb.w	r0, [sp, #39]
	.loc	2 3141 1 epilogue_begin is_stmt 0 @ ../Drivers/STM32H7xx_HAL_Driver/Src/stm32h7xx_hal_fdcan.c:3141:1
	add	sp, #40
	bx	lr
.Ltmp486:
.Lfunc_end42:
	.size	HAL_FDCAN_GetRxMessage, .Lfunc_end42-HAL_FDCAN_GetRxMessage
	.cfi_endproc
	.cantunwind
	.fnend
                                        @ -- End function
	.section	.text.HAL_FDCAN_GetTxEvent,"ax",%progbits
	.hidden	HAL_FDCAN_GetTxEvent            @ -- Begin function HAL_FDCAN_GetTxEvent
	.globl	HAL_FDCAN_GetTxEvent
	.p2align	3
	.type	HAL_FDCAN_GetTxEvent,%function
	.code	16                              @ @HAL_FDCAN_GetTxEvent
	.thumb_func
HAL_FDCAN_GetTxEvent:
.Lfunc_begin43:
	.loc	2 3151 0 is_stmt 1              @ ../Drivers/STM32H7xx_HAL_Driver/Src/stm32h7xx_hal_fdcan.c:3151:0
	.fnstart
	.cfi_startproc
@ %bb.0:
	.pad	#24
	sub	sp, #24
	.cfi_def_cfa_offset 24
	str	r0, [sp, #16]
	str	r1, [sp, #12]
.Ltmp487:
	.loc	2 3154 34 prologue_end          @ ../Drivers/STM32H7xx_HAL_Driver/Src/stm32h7xx_hal_fdcan.c:3154:34
	ldr	r0, [sp, #16]
	.loc	2 3154 42 is_stmt 0             @ ../Drivers/STM32H7xx_HAL_Driver/Src/stm32h7xx_hal_fdcan.c:3154:42
	ldrb.w	r0, [r0, #152]
	.loc	2 3154 26                       @ ../Drivers/STM32H7xx_HAL_Driver/Src/stm32h7xx_hal_fdcan.c:3154:26
	strb.w	r0, [sp, #3]
.Ltmp488:
	.loc	2 3159 7 is_stmt 1              @ ../Drivers/STM32H7xx_HAL_Driver/Src/stm32h7xx_hal_fdcan.c:3159:7
	ldrb.w	r0, [sp, #3]
.Ltmp489:
	.loc	2 3159 7 is_stmt 0              @ ../Drivers/STM32H7xx_HAL_Driver/Src/stm32h7xx_hal_fdcan.c:3159:7
	cmp	r0, #2
	bne.w	.LBB43_9
	b	.LBB43_1
.LBB43_1:
.Ltmp490:
	.loc	2 3162 10 is_stmt 1             @ ../Drivers/STM32H7xx_HAL_Driver/Src/stm32h7xx_hal_fdcan.c:3162:10
	ldr	r0, [sp, #16]
	.loc	2 3162 18 is_stmt 0             @ ../Drivers/STM32H7xx_HAL_Driver/Src/stm32h7xx_hal_fdcan.c:3162:18
	ldr	r0, [r0]
	.loc	2 3162 28                       @ ../Drivers/STM32H7xx_HAL_Driver/Src/stm32h7xx_hal_fdcan.c:3162:28
	ldr.w	r0, [r0, #240]
.Ltmp491:
	.loc	2 3162 9                        @ ../Drivers/STM32H7xx_HAL_Driver/Src/stm32h7xx_hal_fdcan.c:3162:9
	tst.w	r0, #4128768
	bne	.LBB43_3
	b	.LBB43_2
.LBB43_2:
.Ltmp492:
	.loc	2 3165 7 is_stmt 1              @ ../Drivers/STM32H7xx_HAL_Driver/Src/stm32h7xx_hal_fdcan.c:3165:7
	ldr	r1, [sp, #16]
	.loc	2 3165 25 is_stmt 0             @ ../Drivers/STM32H7xx_HAL_Driver/Src/stm32h7xx_hal_fdcan.c:3165:25
	ldr.w	r0, [r1, #156]
	orr	r0, r0, #32
	str.w	r0, [r1, #156]
	movs	r0, #1
	.loc	2 3167 7 is_stmt 1              @ ../Drivers/STM32H7xx_HAL_Driver/Src/stm32h7xx_hal_fdcan.c:3167:7
	strb.w	r0, [sp, #23]
	b	.LBB43_10
.Ltmp493:
.LBB43_3:
	.loc	2 3171 10                       @ ../Drivers/STM32H7xx_HAL_Driver/Src/stm32h7xx_hal_fdcan.c:3171:10
	ldr	r0, [sp, #16]
	.loc	2 3171 18 is_stmt 0             @ ../Drivers/STM32H7xx_HAL_Driver/Src/stm32h7xx_hal_fdcan.c:3171:18
	ldr	r0, [r0]
	.loc	2 3171 28                       @ ../Drivers/STM32H7xx_HAL_Driver/Src/stm32h7xx_hal_fdcan.c:3171:28
	ldr.w	r0, [r0, #244]
.Ltmp494:
	.loc	2 3171 9                        @ ../Drivers/STM32H7xx_HAL_Driver/Src/stm32h7xx_hal_fdcan.c:3171:9
	lsls	r0, r0, #26
	cbnz	r0, .LBB43_5
	b	.LBB43_4
.LBB43_4:
.Ltmp495:
	.loc	2 3174 7 is_stmt 1              @ ../Drivers/STM32H7xx_HAL_Driver/Src/stm32h7xx_hal_fdcan.c:3174:7
	ldr	r1, [sp, #16]
	.loc	2 3174 25 is_stmt 0             @ ../Drivers/STM32H7xx_HAL_Driver/Src/stm32h7xx_hal_fdcan.c:3174:25
	ldr.w	r0, [r1, #156]
	orr	r0, r0, #256
	str.w	r0, [r1, #156]
	movs	r0, #1
	.loc	2 3176 7 is_stmt 1              @ ../Drivers/STM32H7xx_HAL_Driver/Src/stm32h7xx_hal_fdcan.c:3176:7
	strb.w	r0, [sp, #23]
	b	.LBB43_10
.Ltmp496:
.LBB43_5:
	.loc	2 3180 18                       @ ../Drivers/STM32H7xx_HAL_Driver/Src/stm32h7xx_hal_fdcan.c:3180:18
	ldr	r0, [sp, #16]
	.loc	2 3180 26 is_stmt 0             @ ../Drivers/STM32H7xx_HAL_Driver/Src/stm32h7xx_hal_fdcan.c:3180:26
	ldr	r0, [r0]
	.loc	2 3180 36                       @ ../Drivers/STM32H7xx_HAL_Driver/Src/stm32h7xx_hal_fdcan.c:3180:36
	ldr.w	r0, [r0, #244]
	.loc	2 3180 62                       @ ../Drivers/STM32H7xx_HAL_Driver/Src/stm32h7xx_hal_fdcan.c:3180:62
	ubfx	r0, r0, #8, #5
	.loc	2 3180 14                       @ ../Drivers/STM32H7xx_HAL_Driver/Src/stm32h7xx_hal_fdcan.c:3180:14
	str	r0, [sp, #4]
	.loc	2 3181 35 is_stmt 1             @ ../Drivers/STM32H7xx_HAL_Driver/Src/stm32h7xx_hal_fdcan.c:3181:35
	ldr	r0, [sp, #16]
	.loc	2 3181 50 is_stmt 0             @ ../Drivers/STM32H7xx_HAL_Driver/Src/stm32h7xx_hal_fdcan.c:3181:50
	ldr.w	r0, [r0, #128]
	.loc	2 3181 67                       @ ../Drivers/STM32H7xx_HAL_Driver/Src/stm32h7xx_hal_fdcan.c:3181:67
	ldr	r1, [sp, #4]
	.loc	2 3181 64                       @ ../Drivers/STM32H7xx_HAL_Driver/Src/stm32h7xx_hal_fdcan.c:3181:64
	add.w	r0, r0, r1, lsl #3
	.loc	2 3181 20                       @ ../Drivers/STM32H7xx_HAL_Driver/Src/stm32h7xx_hal_fdcan.c:3181:20
	str	r0, [sp, #8]
	.loc	2 3184 25 is_stmt 1             @ ../Drivers/STM32H7xx_HAL_Driver/Src/stm32h7xx_hal_fdcan.c:3184:25
	ldr	r0, [sp, #8]
	.loc	2 3184 24 is_stmt 0             @ ../Drivers/STM32H7xx_HAL_Driver/Src/stm32h7xx_hal_fdcan.c:3184:24
	ldr	r0, [r0]
	.loc	2 3184 40                       @ ../Drivers/STM32H7xx_HAL_Driver/Src/stm32h7xx_hal_fdcan.c:3184:40
	and	r0, r0, #1073741824
	.loc	2 3184 5                        @ ../Drivers/STM32H7xx_HAL_Driver/Src/stm32h7xx_hal_fdcan.c:3184:5
	ldr	r1, [sp, #12]
	.loc	2 3184 22                       @ ../Drivers/STM32H7xx_HAL_Driver/Src/stm32h7xx_hal_fdcan.c:3184:22
	str	r0, [r1, #4]
.Ltmp497:
	.loc	2 3187 9 is_stmt 1              @ ../Drivers/STM32H7xx_HAL_Driver/Src/stm32h7xx_hal_fdcan.c:3187:9
	ldr	r0, [sp, #12]
	.loc	2 3187 19 is_stmt 0             @ ../Drivers/STM32H7xx_HAL_Driver/Src/stm32h7xx_hal_fdcan.c:3187:19
	ldr	r0, [r0, #4]
.Ltmp498:
	.loc	2 3187 9                        @ ../Drivers/STM32H7xx_HAL_Driver/Src/stm32h7xx_hal_fdcan.c:3187:9
	cbnz	r0, .LBB43_7
	b	.LBB43_6
.LBB43_6:
.Ltmp499:
	.loc	2 3189 33 is_stmt 1             @ ../Drivers/STM32H7xx_HAL_Driver/Src/stm32h7xx_hal_fdcan.c:3189:33
	ldr	r0, [sp, #8]
	.loc	2 3189 32 is_stmt 0             @ ../Drivers/STM32H7xx_HAL_Driver/Src/stm32h7xx_hal_fdcan.c:3189:32
	ldr	r0, [r0]
	.loc	2 3189 76                       @ ../Drivers/STM32H7xx_HAL_Driver/Src/stm32h7xx_hal_fdcan.c:3189:76
	ubfx	r0, r0, #18, #11
	.loc	2 3189 7                        @ ../Drivers/STM32H7xx_HAL_Driver/Src/stm32h7xx_hal_fdcan.c:3189:7
	ldr	r1, [sp, #12]
	.loc	2 3189 28                       @ ../Drivers/STM32H7xx_HAL_Driver/Src/stm32h7xx_hal_fdcan.c:3189:28
	str	r0, [r1]
	.loc	2 3190 5 is_stmt 1              @ ../Drivers/STM32H7xx_HAL_Driver/Src/stm32h7xx_hal_fdcan.c:3190:5
	b	.LBB43_8
.Ltmp500:
.LBB43_7:
	.loc	2 3193 32                       @ ../Drivers/STM32H7xx_HAL_Driver/Src/stm32h7xx_hal_fdcan.c:3193:32
	ldr	r0, [sp, #8]
	.loc	2 3193 31 is_stmt 0             @ ../Drivers/STM32H7xx_HAL_Driver/Src/stm32h7xx_hal_fdcan.c:3193:31
	ldr	r0, [r0]
	.loc	2 3193 47                       @ ../Drivers/STM32H7xx_HAL_Driver/Src/stm32h7xx_hal_fdcan.c:3193:47
	bic	r0, r0, #-536870912
	.loc	2 3193 7                        @ ../Drivers/STM32H7xx_HAL_Driver/Src/stm32h7xx_hal_fdcan.c:3193:7
	ldr	r1, [sp, #12]
	.loc	2 3193 28                       @ ../Drivers/STM32H7xx_HAL_Driver/Src/stm32h7xx_hal_fdcan.c:3193:28
	str	r0, [r1]
	b	.LBB43_8
.Ltmp501:
.LBB43_8:
	.loc	2 3197 31 is_stmt 1             @ ../Drivers/STM32H7xx_HAL_Driver/Src/stm32h7xx_hal_fdcan.c:3197:31
	ldr	r0, [sp, #8]
	.loc	2 3197 30 is_stmt 0             @ ../Drivers/STM32H7xx_HAL_Driver/Src/stm32h7xx_hal_fdcan.c:3197:30
	ldr	r0, [r0]
	.loc	2 3197 46                       @ ../Drivers/STM32H7xx_HAL_Driver/Src/stm32h7xx_hal_fdcan.c:3197:46
	and	r0, r0, #536870912
	.loc	2 3197 5                        @ ../Drivers/STM32H7xx_HAL_Driver/Src/stm32h7xx_hal_fdcan.c:3197:5
	ldr	r1, [sp, #12]
	.loc	2 3197 27                       @ ../Drivers/STM32H7xx_HAL_Driver/Src/stm32h7xx_hal_fdcan.c:3197:27
	str	r0, [r1, #8]
	.loc	2 3200 39 is_stmt 1             @ ../Drivers/STM32H7xx_HAL_Driver/Src/stm32h7xx_hal_fdcan.c:3200:39
	ldr	r0, [sp, #8]
	.loc	2 3200 38 is_stmt 0             @ ../Drivers/STM32H7xx_HAL_Driver/Src/stm32h7xx_hal_fdcan.c:3200:38
	ldr	r0, [r0]
	.loc	2 3200 54                       @ ../Drivers/STM32H7xx_HAL_Driver/Src/stm32h7xx_hal_fdcan.c:3200:54
	and	r0, r0, #-2147483648
	.loc	2 3200 5                        @ ../Drivers/STM32H7xx_HAL_Driver/Src/stm32h7xx_hal_fdcan.c:3200:5
	ldr	r1, [sp, #12]
	.loc	2 3200 35                       @ ../Drivers/STM32H7xx_HAL_Driver/Src/stm32h7xx_hal_fdcan.c:3200:35
	str	r0, [r1, #16]
	.loc	2 3203 19 is_stmt 1             @ ../Drivers/STM32H7xx_HAL_Driver/Src/stm32h7xx_hal_fdcan.c:3203:19
	ldr	r0, [sp, #8]
	adds	r0, #4
	str	r0, [sp, #8]
	.loc	2 3206 31                       @ ../Drivers/STM32H7xx_HAL_Driver/Src/stm32h7xx_hal_fdcan.c:3206:31
	ldr	r0, [sp, #8]
	.loc	2 3206 30 is_stmt 0             @ ../Drivers/STM32H7xx_HAL_Driver/Src/stm32h7xx_hal_fdcan.c:3206:30
	ldrh	r0, [r0]
	.loc	2 3206 5                        @ ../Drivers/STM32H7xx_HAL_Driver/Src/stm32h7xx_hal_fdcan.c:3206:5
	ldr	r1, [sp, #12]
	.loc	2 3206 27                       @ ../Drivers/STM32H7xx_HAL_Driver/Src/stm32h7xx_hal_fdcan.c:3206:27
	str	r0, [r1, #28]
	.loc	2 3209 31 is_stmt 1             @ ../Drivers/STM32H7xx_HAL_Driver/Src/stm32h7xx_hal_fdcan.c:3209:31
	ldr	r0, [sp, #8]
	.loc	2 3209 30 is_stmt 0             @ ../Drivers/STM32H7xx_HAL_Driver/Src/stm32h7xx_hal_fdcan.c:3209:30
	ldr	r0, [r0]
	.loc	2 3209 72                       @ ../Drivers/STM32H7xx_HAL_Driver/Src/stm32h7xx_hal_fdcan.c:3209:72
	ubfx	r0, r0, #16, #4
	.loc	2 3209 5                        @ ../Drivers/STM32H7xx_HAL_Driver/Src/stm32h7xx_hal_fdcan.c:3209:5
	ldr	r1, [sp, #12]
	.loc	2 3209 26                       @ ../Drivers/STM32H7xx_HAL_Driver/Src/stm32h7xx_hal_fdcan.c:3209:26
	str	r0, [r1, #12]
	.loc	2 3212 33 is_stmt 1             @ ../Drivers/STM32H7xx_HAL_Driver/Src/stm32h7xx_hal_fdcan.c:3212:33
	ldr	r0, [sp, #8]
	.loc	2 3212 32 is_stmt 0             @ ../Drivers/STM32H7xx_HAL_Driver/Src/stm32h7xx_hal_fdcan.c:3212:32
	ldr	r0, [r0]
	.loc	2 3212 48                       @ ../Drivers/STM32H7xx_HAL_Driver/Src/stm32h7xx_hal_fdcan.c:3212:48
	and	r0, r0, #1048576
	.loc	2 3212 5                        @ ../Drivers/STM32H7xx_HAL_Driver/Src/stm32h7xx_hal_fdcan.c:3212:5
	ldr	r1, [sp, #12]
	.loc	2 3212 29                       @ ../Drivers/STM32H7xx_HAL_Driver/Src/stm32h7xx_hal_fdcan.c:3212:29
	str	r0, [r1, #20]
	.loc	2 3215 28 is_stmt 1             @ ../Drivers/STM32H7xx_HAL_Driver/Src/stm32h7xx_hal_fdcan.c:3215:28
	ldr	r0, [sp, #8]
	.loc	2 3215 27 is_stmt 0             @ ../Drivers/STM32H7xx_HAL_Driver/Src/stm32h7xx_hal_fdcan.c:3215:27
	ldr	r0, [r0]
	.loc	2 3215 43                       @ ../Drivers/STM32H7xx_HAL_Driver/Src/stm32h7xx_hal_fdcan.c:3215:43
	and	r0, r0, #2097152
	.loc	2 3215 5                        @ ../Drivers/STM32H7xx_HAL_Driver/Src/stm32h7xx_hal_fdcan.c:3215:5
	ldr	r1, [sp, #12]
	.loc	2 3215 24                       @ ../Drivers/STM32H7xx_HAL_Driver/Src/stm32h7xx_hal_fdcan.c:3215:24
	str	r0, [r1, #24]
	.loc	2 3218 29 is_stmt 1             @ ../Drivers/STM32H7xx_HAL_Driver/Src/stm32h7xx_hal_fdcan.c:3218:29
	ldr	r0, [sp, #8]
	.loc	2 3218 28 is_stmt 0             @ ../Drivers/STM32H7xx_HAL_Driver/Src/stm32h7xx_hal_fdcan.c:3218:28
	ldr	r0, [r0]
	.loc	2 3218 44                       @ ../Drivers/STM32H7xx_HAL_Driver/Src/stm32h7xx_hal_fdcan.c:3218:44
	and	r0, r0, #12582912
	.loc	2 3218 5                        @ ../Drivers/STM32H7xx_HAL_Driver/Src/stm32h7xx_hal_fdcan.c:3218:5
	ldr	r1, [sp, #12]
	.loc	2 3218 25                       @ ../Drivers/STM32H7xx_HAL_Driver/Src/stm32h7xx_hal_fdcan.c:3218:25
	str	r0, [r1, #36]
	.loc	2 3221 34 is_stmt 1             @ ../Drivers/STM32H7xx_HAL_Driver/Src/stm32h7xx_hal_fdcan.c:3221:34
	ldr	r0, [sp, #8]
	.loc	2 3221 33 is_stmt 0             @ ../Drivers/STM32H7xx_HAL_Driver/Src/stm32h7xx_hal_fdcan.c:3221:33
	ldrb	r0, [r0, #3]
	.loc	2 3221 5                        @ ../Drivers/STM32H7xx_HAL_Driver/Src/stm32h7xx_hal_fdcan.c:3221:5
	ldr	r1, [sp, #12]
	.loc	2 3221 29                       @ ../Drivers/STM32H7xx_HAL_Driver/Src/stm32h7xx_hal_fdcan.c:3221:29
	str	r0, [r1, #32]
	.loc	2 3224 31 is_stmt 1             @ ../Drivers/STM32H7xx_HAL_Driver/Src/stm32h7xx_hal_fdcan.c:3224:31
	ldr	r0, [sp, #4]
	.loc	2 3224 5 is_stmt 0              @ ../Drivers/STM32H7xx_HAL_Driver/Src/stm32h7xx_hal_fdcan.c:3224:5
	ldr	r1, [sp, #16]
	.loc	2 3224 13                       @ ../Drivers/STM32H7xx_HAL_Driver/Src/stm32h7xx_hal_fdcan.c:3224:13
	ldr	r1, [r1]
	.loc	2 3224 29                       @ ../Drivers/STM32H7xx_HAL_Driver/Src/stm32h7xx_hal_fdcan.c:3224:29
	str.w	r0, [r1, #248]
	movs	r0, #0
	.loc	2 3227 5 is_stmt 1              @ ../Drivers/STM32H7xx_HAL_Driver/Src/stm32h7xx_hal_fdcan.c:3227:5
	strb.w	r0, [sp, #23]
	b	.LBB43_10
.Ltmp502:
.LBB43_9:
	.loc	2 3232 5                        @ ../Drivers/STM32H7xx_HAL_Driver/Src/stm32h7xx_hal_fdcan.c:3232:5
	ldr	r1, [sp, #16]
	.loc	2 3232 23 is_stmt 0             @ ../Drivers/STM32H7xx_HAL_Driver/Src/stm32h7xx_hal_fdcan.c:3232:23
	ldr.w	r0, [r1, #156]
	orr	r0, r0, #8
	str.w	r0, [r1, #156]
	movs	r0, #1
	.loc	2 3234 5 is_stmt 1              @ ../Drivers/STM32H7xx_HAL_Driver/Src/stm32h7xx_hal_fdcan.c:3234:5
	strb.w	r0, [sp, #23]
	b	.LBB43_10
.Ltmp503:
.LBB43_10:
	.loc	2 3236 1                        @ ../Drivers/STM32H7xx_HAL_Driver/Src/stm32h7xx_hal_fdcan.c:3236:1
	ldrb.w	r0, [sp, #23]
	.loc	2 3236 1 epilogue_begin is_stmt 0 @ ../Drivers/STM32H7xx_HAL_Driver/Src/stm32h7xx_hal_fdcan.c:3236:1
	add	sp, #24
	bx	lr
.Ltmp504:
.Lfunc_end43:
	.size	HAL_FDCAN_GetTxEvent, .Lfunc_end43-HAL_FDCAN_GetTxEvent
	.cfi_endproc
	.cantunwind
	.fnend
                                        @ -- End function
	.section	.text.HAL_FDCAN_GetHighPriorityMessageStatus,"ax",%progbits
	.hidden	HAL_FDCAN_GetHighPriorityMessageStatus @ -- Begin function HAL_FDCAN_GetHighPriorityMessageStatus
	.globl	HAL_FDCAN_GetHighPriorityMessageStatus
	.p2align	3
	.type	HAL_FDCAN_GetHighPriorityMessageStatus,%function
	.code	16                              @ @HAL_FDCAN_GetHighPriorityMessageStatus
	.thumb_func
HAL_FDCAN_GetHighPriorityMessageStatus:
.Lfunc_begin44:
	.loc	2 3247 0 is_stmt 1              @ ../Drivers/STM32H7xx_HAL_Driver/Src/stm32h7xx_hal_fdcan.c:3247:0
	.fnstart
	.cfi_startproc
@ %bb.0:
	.pad	#8
	sub	sp, #8
	.cfi_def_cfa_offset 8
	str	r0, [sp, #4]
	str	r1, [sp]
.Ltmp505:
	.loc	2 3248 31 prologue_end          @ ../Drivers/STM32H7xx_HAL_Driver/Src/stm32h7xx_hal_fdcan.c:3248:31
	ldr	r0, [sp, #4]
	.loc	2 3248 39 is_stmt 0             @ ../Drivers/STM32H7xx_HAL_Driver/Src/stm32h7xx_hal_fdcan.c:3248:39
	ldr	r0, [r0]
	.loc	2 3248 49                       @ ../Drivers/STM32H7xx_HAL_Driver/Src/stm32h7xx_hal_fdcan.c:3248:49
	ldr.w	r0, [r0, #148]
	.loc	2 3248 54                       @ ../Drivers/STM32H7xx_HAL_Driver/Src/stm32h7xx_hal_fdcan.c:3248:54
	uxth	r0, r0
	.loc	2 3248 73                       @ ../Drivers/STM32H7xx_HAL_Driver/Src/stm32h7xx_hal_fdcan.c:3248:73
	lsrs	r0, r0, #15
	.loc	2 3248 3                        @ ../Drivers/STM32H7xx_HAL_Driver/Src/stm32h7xx_hal_fdcan.c:3248:3
	ldr	r1, [sp]
	.loc	2 3248 27                       @ ../Drivers/STM32H7xx_HAL_Driver/Src/stm32h7xx_hal_fdcan.c:3248:27
	str	r0, [r1]
	.loc	2 3249 32 is_stmt 1             @ ../Drivers/STM32H7xx_HAL_Driver/Src/stm32h7xx_hal_fdcan.c:3249:32
	ldr	r0, [sp, #4]
	.loc	2 3249 40 is_stmt 0             @ ../Drivers/STM32H7xx_HAL_Driver/Src/stm32h7xx_hal_fdcan.c:3249:40
	ldr	r0, [r0]
	.loc	2 3249 50                       @ ../Drivers/STM32H7xx_HAL_Driver/Src/stm32h7xx_hal_fdcan.c:3249:50
	ldr.w	r0, [r0, #148]
	.loc	2 3249 74                       @ ../Drivers/STM32H7xx_HAL_Driver/Src/stm32h7xx_hal_fdcan.c:3249:74
	ubfx	r0, r0, #8, #7
	.loc	2 3249 3                        @ ../Drivers/STM32H7xx_HAL_Driver/Src/stm32h7xx_hal_fdcan.c:3249:3
	ldr	r1, [sp]
	.loc	2 3249 28                       @ ../Drivers/STM32H7xx_HAL_Driver/Src/stm32h7xx_hal_fdcan.c:3249:28
	str	r0, [r1, #4]
	.loc	2 3250 34 is_stmt 1             @ ../Drivers/STM32H7xx_HAL_Driver/Src/stm32h7xx_hal_fdcan.c:3250:34
	ldr	r0, [sp, #4]
	.loc	2 3250 42 is_stmt 0             @ ../Drivers/STM32H7xx_HAL_Driver/Src/stm32h7xx_hal_fdcan.c:3250:42
	ldr	r0, [r0]
	.loc	2 3250 52                       @ ../Drivers/STM32H7xx_HAL_Driver/Src/stm32h7xx_hal_fdcan.c:3250:52
	ldr.w	r0, [r0, #148]
	.loc	2 3250 57                       @ ../Drivers/STM32H7xx_HAL_Driver/Src/stm32h7xx_hal_fdcan.c:3250:57
	and	r0, r0, #192
	.loc	2 3250 3                        @ ../Drivers/STM32H7xx_HAL_Driver/Src/stm32h7xx_hal_fdcan.c:3250:3
	ldr	r1, [sp]
	.loc	2 3250 31                       @ ../Drivers/STM32H7xx_HAL_Driver/Src/stm32h7xx_hal_fdcan.c:3250:31
	str	r0, [r1, #8]
	.loc	2 3251 32 is_stmt 1             @ ../Drivers/STM32H7xx_HAL_Driver/Src/stm32h7xx_hal_fdcan.c:3251:32
	ldr	r0, [sp, #4]
	.loc	2 3251 40 is_stmt 0             @ ../Drivers/STM32H7xx_HAL_Driver/Src/stm32h7xx_hal_fdcan.c:3251:40
	ldr	r0, [r0]
	.loc	2 3251 50                       @ ../Drivers/STM32H7xx_HAL_Driver/Src/stm32h7xx_hal_fdcan.c:3251:50
	ldr.w	r0, [r0, #148]
	.loc	2 3251 55                       @ ../Drivers/STM32H7xx_HAL_Driver/Src/stm32h7xx_hal_fdcan.c:3251:55
	and	r0, r0, #63
	.loc	2 3251 3                        @ ../Drivers/STM32H7xx_HAL_Driver/Src/stm32h7xx_hal_fdcan.c:3251:3
	ldr	r1, [sp]
	.loc	2 3251 29                       @ ../Drivers/STM32H7xx_HAL_Driver/Src/stm32h7xx_hal_fdcan.c:3251:29
	str	r0, [r1, #12]
	movs	r0, #0
	.loc	2 3254 3 epilogue_begin is_stmt 1 @ ../Drivers/STM32H7xx_HAL_Driver/Src/stm32h7xx_hal_fdcan.c:3254:3
	add	sp, #8
	bx	lr
.Ltmp506:
.Lfunc_end44:
	.size	HAL_FDCAN_GetHighPriorityMessageStatus, .Lfunc_end44-HAL_FDCAN_GetHighPriorityMessageStatus
	.cfi_endproc
	.cantunwind
	.fnend
                                        @ -- End function
	.section	.text.HAL_FDCAN_GetProtocolStatus,"ax",%progbits
	.hidden	HAL_FDCAN_GetProtocolStatus     @ -- Begin function HAL_FDCAN_GetProtocolStatus
	.globl	HAL_FDCAN_GetProtocolStatus
	.p2align	3
	.type	HAL_FDCAN_GetProtocolStatus,%function
	.code	16                              @ @HAL_FDCAN_GetProtocolStatus
	.thumb_func
HAL_FDCAN_GetProtocolStatus:
.Lfunc_begin45:
	.loc	2 3266 0                        @ ../Drivers/STM32H7xx_HAL_Driver/Src/stm32h7xx_hal_fdcan.c:3266:0
	.fnstart
	.cfi_startproc
@ %bb.0:
	.pad	#12
	sub	sp, #12
	.cfi_def_cfa_offset 12
	str	r0, [sp, #8]
	str	r1, [sp, #4]
.Ltmp507:
	.loc	2 3270 15 prologue_end          @ ../Drivers/STM32H7xx_HAL_Driver/Src/stm32h7xx_hal_fdcan.c:3270:15
	ldr	r0, [sp, #8]
	ldr	r0, [r0]
	ldr	r0, [r0, #68]
	.loc	2 3270 13 is_stmt 0             @ ../Drivers/STM32H7xx_HAL_Driver/Src/stm32h7xx_hal_fdcan.c:3270:13
	str	r0, [sp]
	.loc	2 3273 36 is_stmt 1             @ ../Drivers/STM32H7xx_HAL_Driver/Src/stm32h7xx_hal_fdcan.c:3273:36
	ldr	r0, [sp]
	.loc	2 3273 46 is_stmt 0             @ ../Drivers/STM32H7xx_HAL_Driver/Src/stm32h7xx_hal_fdcan.c:3273:46
	and	r0, r0, #7
	.loc	2 3273 3                        @ ../Drivers/STM32H7xx_HAL_Driver/Src/stm32h7xx_hal_fdcan.c:3273:3
	ldr	r1, [sp, #4]
	.loc	2 3273 33                       @ ../Drivers/STM32H7xx_HAL_Driver/Src/stm32h7xx_hal_fdcan.c:3273:33
	str	r0, [r1]
	.loc	2 3274 41 is_stmt 1             @ ../Drivers/STM32H7xx_HAL_Driver/Src/stm32h7xx_hal_fdcan.c:3274:41
	ldr	r0, [sp]
	.loc	2 3274 69 is_stmt 0             @ ../Drivers/STM32H7xx_HAL_Driver/Src/stm32h7xx_hal_fdcan.c:3274:69
	ubfx	r0, r0, #8, #3
	.loc	2 3274 3                        @ ../Drivers/STM32H7xx_HAL_Driver/Src/stm32h7xx_hal_fdcan.c:3274:3
	ldr	r1, [sp, #4]
	.loc	2 3274 37                       @ ../Drivers/STM32H7xx_HAL_Driver/Src/stm32h7xx_hal_fdcan.c:3274:37
	str	r0, [r1, #4]
	.loc	2 3275 31 is_stmt 1             @ ../Drivers/STM32H7xx_HAL_Driver/Src/stm32h7xx_hal_fdcan.c:3275:31
	ldr	r0, [sp]
	.loc	2 3275 41 is_stmt 0             @ ../Drivers/STM32H7xx_HAL_Driver/Src/stm32h7xx_hal_fdcan.c:3275:41
	and	r0, r0, #24
	.loc	2 3275 3                        @ ../Drivers/STM32H7xx_HAL_Driver/Src/stm32h7xx_hal_fdcan.c:3275:3
	ldr	r1, [sp, #4]
	.loc	2 3275 28                       @ ../Drivers/STM32H7xx_HAL_Driver/Src/stm32h7xx_hal_fdcan.c:3275:28
	str	r0, [r1, #8]
	.loc	2 3276 36 is_stmt 1             @ ../Drivers/STM32H7xx_HAL_Driver/Src/stm32h7xx_hal_fdcan.c:3276:36
	ldr	r0, [sp]
	.loc	2 3276 62 is_stmt 0             @ ../Drivers/STM32H7xx_HAL_Driver/Src/stm32h7xx_hal_fdcan.c:3276:62
	ubfx	r0, r0, #5, #1
	.loc	2 3276 3                        @ ../Drivers/STM32H7xx_HAL_Driver/Src/stm32h7xx_hal_fdcan.c:3276:3
	ldr	r1, [sp, #4]
	.loc	2 3276 32                       @ ../Drivers/STM32H7xx_HAL_Driver/Src/stm32h7xx_hal_fdcan.c:3276:32
	str	r0, [r1, #12]
	.loc	2 3277 31 is_stmt 1             @ ../Drivers/STM32H7xx_HAL_Driver/Src/stm32h7xx_hal_fdcan.c:3277:31
	ldr	r0, [sp]
	.loc	2 3277 57 is_stmt 0             @ ../Drivers/STM32H7xx_HAL_Driver/Src/stm32h7xx_hal_fdcan.c:3277:57
	ubfx	r0, r0, #6, #1
	.loc	2 3277 3                        @ ../Drivers/STM32H7xx_HAL_Driver/Src/stm32h7xx_hal_fdcan.c:3277:3
	ldr	r1, [sp, #4]
	.loc	2 3277 27                       @ ../Drivers/STM32H7xx_HAL_Driver/Src/stm32h7xx_hal_fdcan.c:3277:27
	str	r0, [r1, #16]
	.loc	2 3278 30 is_stmt 1             @ ../Drivers/STM32H7xx_HAL_Driver/Src/stm32h7xx_hal_fdcan.c:3278:30
	ldrb.w	r0, [sp]
	.loc	2 3278 56 is_stmt 0             @ ../Drivers/STM32H7xx_HAL_Driver/Src/stm32h7xx_hal_fdcan.c:3278:56
	lsrs	r0, r0, #7
	.loc	2 3278 3                        @ ../Drivers/STM32H7xx_HAL_Driver/Src/stm32h7xx_hal_fdcan.c:3278:3
	ldr	r1, [sp, #4]
	.loc	2 3278 26                       @ ../Drivers/STM32H7xx_HAL_Driver/Src/stm32h7xx_hal_fdcan.c:3278:26
	str	r0, [r1, #20]
	.loc	2 3279 33 is_stmt 1             @ ../Drivers/STM32H7xx_HAL_Driver/Src/stm32h7xx_hal_fdcan.c:3279:33
	ldr	r0, [sp]
	.loc	2 3279 61 is_stmt 0             @ ../Drivers/STM32H7xx_HAL_Driver/Src/stm32h7xx_hal_fdcan.c:3279:61
	ubfx	r0, r0, #11, #1
	.loc	2 3279 3                        @ ../Drivers/STM32H7xx_HAL_Driver/Src/stm32h7xx_hal_fdcan.c:3279:3
	ldr	r1, [sp, #4]
	.loc	2 3279 29                       @ ../Drivers/STM32H7xx_HAL_Driver/Src/stm32h7xx_hal_fdcan.c:3279:29
	str	r0, [r1, #24]
	.loc	2 3280 33 is_stmt 1             @ ../Drivers/STM32H7xx_HAL_Driver/Src/stm32h7xx_hal_fdcan.c:3280:33
	ldr	r0, [sp]
	.loc	2 3280 61 is_stmt 0             @ ../Drivers/STM32H7xx_HAL_Driver/Src/stm32h7xx_hal_fdcan.c:3280:61
	ubfx	r0, r0, #12, #1
	.loc	2 3280 3                        @ ../Drivers/STM32H7xx_HAL_Driver/Src/stm32h7xx_hal_fdcan.c:3280:3
	ldr	r1, [sp, #4]
	.loc	2 3280 29                       @ ../Drivers/STM32H7xx_HAL_Driver/Src/stm32h7xx_hal_fdcan.c:3280:29
	str	r0, [r1, #28]
	.loc	2 3281 33 is_stmt 1             @ ../Drivers/STM32H7xx_HAL_Driver/Src/stm32h7xx_hal_fdcan.c:3281:33
	ldr	r0, [sp]
	.loc	2 3281 61 is_stmt 0             @ ../Drivers/STM32H7xx_HAL_Driver/Src/stm32h7xx_hal_fdcan.c:3281:61
	ubfx	r0, r0, #13, #1
	.loc	2 3281 3                        @ ../Drivers/STM32H7xx_HAL_Driver/Src/stm32h7xx_hal_fdcan.c:3281:3
	ldr	r1, [sp, #4]
	.loc	2 3281 29                       @ ../Drivers/STM32H7xx_HAL_Driver/Src/stm32h7xx_hal_fdcan.c:3281:29
	str	r0, [r1, #32]
	.loc	2 3282 41 is_stmt 1             @ ../Drivers/STM32H7xx_HAL_Driver/Src/stm32h7xx_hal_fdcan.c:3282:41
	ldr	r0, [sp]
	.loc	2 3282 68 is_stmt 0             @ ../Drivers/STM32H7xx_HAL_Driver/Src/stm32h7xx_hal_fdcan.c:3282:68
	ubfx	r0, r0, #14, #1
	.loc	2 3282 3                        @ ../Drivers/STM32H7xx_HAL_Driver/Src/stm32h7xx_hal_fdcan.c:3282:3
	ldr	r1, [sp, #4]
	.loc	2 3282 37                       @ ../Drivers/STM32H7xx_HAL_Driver/Src/stm32h7xx_hal_fdcan.c:3282:37
	str	r0, [r1, #36]
	.loc	2 3283 32 is_stmt 1             @ ../Drivers/STM32H7xx_HAL_Driver/Src/stm32h7xx_hal_fdcan.c:3283:32
	ldr	r0, [sp]
	.loc	2 3283 60 is_stmt 0             @ ../Drivers/STM32H7xx_HAL_Driver/Src/stm32h7xx_hal_fdcan.c:3283:60
	ubfx	r0, r0, #16, #7
	.loc	2 3283 3                        @ ../Drivers/STM32H7xx_HAL_Driver/Src/stm32h7xx_hal_fdcan.c:3283:3
	ldr	r1, [sp, #4]
	.loc	2 3283 28                       @ ../Drivers/STM32H7xx_HAL_Driver/Src/stm32h7xx_hal_fdcan.c:3283:28
	str	r0, [r1, #40]
	movs	r0, #0
	.loc	2 3286 3 epilogue_begin is_stmt 1 @ ../Drivers/STM32H7xx_HAL_Driver/Src/stm32h7xx_hal_fdcan.c:3286:3
	add	sp, #12
	bx	lr
.Ltmp508:
.Lfunc_end45:
	.size	HAL_FDCAN_GetProtocolStatus, .Lfunc_end45-HAL_FDCAN_GetProtocolStatus
	.cfi_endproc
	.cantunwind
	.fnend
                                        @ -- End function
	.section	.text.HAL_FDCAN_GetErrorCounters,"ax",%progbits
	.hidden	HAL_FDCAN_GetErrorCounters      @ -- Begin function HAL_FDCAN_GetErrorCounters
	.globl	HAL_FDCAN_GetErrorCounters
	.p2align	3
	.type	HAL_FDCAN_GetErrorCounters,%function
	.code	16                              @ @HAL_FDCAN_GetErrorCounters
	.thumb_func
HAL_FDCAN_GetErrorCounters:
.Lfunc_begin46:
	.loc	2 3298 0                        @ ../Drivers/STM32H7xx_HAL_Driver/Src/stm32h7xx_hal_fdcan.c:3298:0
	.fnstart
	.cfi_startproc
@ %bb.0:
	.pad	#12
	sub	sp, #12
	.cfi_def_cfa_offset 12
	str	r0, [sp, #8]
	str	r1, [sp, #4]
.Ltmp509:
	.loc	2 3302 17 prologue_end          @ ../Drivers/STM32H7xx_HAL_Driver/Src/stm32h7xx_hal_fdcan.c:3302:17
	ldr	r0, [sp, #8]
	ldr	r0, [r0]
	ldr	r0, [r0, #64]
	.loc	2 3302 15 is_stmt 0             @ ../Drivers/STM32H7xx_HAL_Driver/Src/stm32h7xx_hal_fdcan.c:3302:15
	str	r0, [sp]
	.loc	2 3305 33 is_stmt 1             @ ../Drivers/STM32H7xx_HAL_Driver/Src/stm32h7xx_hal_fdcan.c:3305:33
	ldrb.w	r0, [sp]
	.loc	2 3305 3 is_stmt 0              @ ../Drivers/STM32H7xx_HAL_Driver/Src/stm32h7xx_hal_fdcan.c:3305:3
	ldr	r1, [sp, #4]
	.loc	2 3305 29                       @ ../Drivers/STM32H7xx_HAL_Driver/Src/stm32h7xx_hal_fdcan.c:3305:29
	str	r0, [r1]
	.loc	2 3306 33 is_stmt 1             @ ../Drivers/STM32H7xx_HAL_Driver/Src/stm32h7xx_hal_fdcan.c:3306:33
	ldr	r0, [sp]
	.loc	2 3306 62 is_stmt 0             @ ../Drivers/STM32H7xx_HAL_Driver/Src/stm32h7xx_hal_fdcan.c:3306:62
	ubfx	r0, r0, #8, #7
	.loc	2 3306 3                        @ ../Drivers/STM32H7xx_HAL_Driver/Src/stm32h7xx_hal_fdcan.c:3306:3
	ldr	r1, [sp, #4]
	.loc	2 3306 29                       @ ../Drivers/STM32H7xx_HAL_Driver/Src/stm32h7xx_hal_fdcan.c:3306:29
	str	r0, [r1, #4]
	.loc	2 3307 37 is_stmt 1             @ ../Drivers/STM32H7xx_HAL_Driver/Src/stm32h7xx_hal_fdcan.c:3307:37
	ldrh.w	r0, [sp]
	.loc	2 3307 65 is_stmt 0             @ ../Drivers/STM32H7xx_HAL_Driver/Src/stm32h7xx_hal_fdcan.c:3307:65
	lsrs	r0, r0, #15
	.loc	2 3307 3                        @ ../Drivers/STM32H7xx_HAL_Driver/Src/stm32h7xx_hal_fdcan.c:3307:3
	ldr	r1, [sp, #4]
	.loc	2 3307 33                       @ ../Drivers/STM32H7xx_HAL_Driver/Src/stm32h7xx_hal_fdcan.c:3307:33
	str	r0, [r1, #8]
	.loc	2 3308 35 is_stmt 1             @ ../Drivers/STM32H7xx_HAL_Driver/Src/stm32h7xx_hal_fdcan.c:3308:35
	ldrb.w	r0, [sp, #2]
	.loc	2 3308 3 is_stmt 0              @ ../Drivers/STM32H7xx_HAL_Driver/Src/stm32h7xx_hal_fdcan.c:3308:3
	ldr	r1, [sp, #4]
	.loc	2 3308 31                       @ ../Drivers/STM32H7xx_HAL_Driver/Src/stm32h7xx_hal_fdcan.c:3308:31
	str	r0, [r1, #12]
	movs	r0, #0
	.loc	2 3311 3 epilogue_begin is_stmt 1 @ ../Drivers/STM32H7xx_HAL_Driver/Src/stm32h7xx_hal_fdcan.c:3311:3
	add	sp, #12
	bx	lr
.Ltmp510:
.Lfunc_end46:
	.size	HAL_FDCAN_GetErrorCounters, .Lfunc_end46-HAL_FDCAN_GetErrorCounters
	.cfi_endproc
	.cantunwind
	.fnend
                                        @ -- End function
	.section	.text.HAL_FDCAN_IsRxBufferMessageAvailable,"ax",%progbits
	.hidden	HAL_FDCAN_IsRxBufferMessageAvailable @ -- Begin function HAL_FDCAN_IsRxBufferMessageAvailable
	.globl	HAL_FDCAN_IsRxBufferMessageAvailable
	.p2align	3
	.type	HAL_FDCAN_IsRxBufferMessageAvailable,%function
	.code	16                              @ @HAL_FDCAN_IsRxBufferMessageAvailable
	.thumb_func
HAL_FDCAN_IsRxBufferMessageAvailable:
.Lfunc_begin47:
	.loc	2 3325 0                        @ ../Drivers/STM32H7xx_HAL_Driver/Src/stm32h7xx_hal_fdcan.c:3325:0
	.fnstart
	.cfi_startproc
@ %bb.0:
	.pad	#20
	sub	sp, #20
	.cfi_def_cfa_offset 20
	str	r0, [sp, #12]
	str	r1, [sp, #8]
.Ltmp511:
	.loc	2 3328 23 prologue_end          @ ../Drivers/STM32H7xx_HAL_Driver/Src/stm32h7xx_hal_fdcan.c:3328:23
	ldr	r0, [sp, #12]
	.loc	2 3328 31 is_stmt 0             @ ../Drivers/STM32H7xx_HAL_Driver/Src/stm32h7xx_hal_fdcan.c:3328:31
	ldr	r0, [r0]
	.loc	2 3328 41                       @ ../Drivers/STM32H7xx_HAL_Driver/Src/stm32h7xx_hal_fdcan.c:3328:41
	ldr.w	r0, [r0, #152]
	.loc	2 3328 12                       @ ../Drivers/STM32H7xx_HAL_Driver/Src/stm32h7xx_hal_fdcan.c:3328:12
	str	r0, [sp, #4]
	.loc	2 3329 23 is_stmt 1             @ ../Drivers/STM32H7xx_HAL_Driver/Src/stm32h7xx_hal_fdcan.c:3329:23
	ldr	r0, [sp, #12]
	.loc	2 3329 31 is_stmt 0             @ ../Drivers/STM32H7xx_HAL_Driver/Src/stm32h7xx_hal_fdcan.c:3329:31
	ldr	r0, [r0]
	.loc	2 3329 41                       @ ../Drivers/STM32H7xx_HAL_Driver/Src/stm32h7xx_hal_fdcan.c:3329:41
	ldr.w	r0, [r0, #156]
	.loc	2 3329 12                       @ ../Drivers/STM32H7xx_HAL_Driver/Src/stm32h7xx_hal_fdcan.c:3329:12
	str	r0, [sp]
.Ltmp512:
	.loc	2 3332 9 is_stmt 1              @ ../Drivers/STM32H7xx_HAL_Driver/Src/stm32h7xx_hal_fdcan.c:3332:9
	ldr	r0, [sp, #8]
	.loc	2 3332 30 is_stmt 0             @ ../Drivers/STM32H7xx_HAL_Driver/Src/stm32h7xx_hal_fdcan.c:3332:30
	cmp	r0, #31
	bhi	.LBB47_2
	b	.LBB47_1
.LBB47_1:
	.loc	2 3332 35                       @ ../Drivers/STM32H7xx_HAL_Driver/Src/stm32h7xx_hal_fdcan.c:3332:35
	ldr	r0, [sp, #4]
	.loc	2 3332 72                       @ ../Drivers/STM32H7xx_HAL_Driver/Src/stm32h7xx_hal_fdcan.c:3332:72
	ldr	r1, [sp, #8]
	.loc	2 3332 96                       @ ../Drivers/STM32H7xx_HAL_Driver/Src/stm32h7xx_hal_fdcan.c:3332:96
	lsrs	r0, r1
	lsls	r0, r0, #31
	cbz	r0, .LBB47_4
	b	.LBB47_2
.LBB47_2:
	.loc	2 3333 9 is_stmt 1              @ ../Drivers/STM32H7xx_HAL_Driver/Src/stm32h7xx_hal_fdcan.c:3333:9
	ldr	r0, [sp, #8]
	.loc	2 3333 31 is_stmt 0             @ ../Drivers/STM32H7xx_HAL_Driver/Src/stm32h7xx_hal_fdcan.c:3333:31
	cmp	r0, #32
	blo	.LBB47_5
	b	.LBB47_3
.LBB47_3:
	.loc	2 3333 36                       @ ../Drivers/STM32H7xx_HAL_Driver/Src/stm32h7xx_hal_fdcan.c:3333:36
	ldr	r0, [sp]
	.loc	2 3333 74                       @ ../Drivers/STM32H7xx_HAL_Driver/Src/stm32h7xx_hal_fdcan.c:3333:74
	ldr	r1, [sp, #8]
	.loc	2 3333 88                       @ ../Drivers/STM32H7xx_HAL_Driver/Src/stm32h7xx_hal_fdcan.c:3333:88
	and	r1, r1, #31
.Ltmp513:
	.loc	2 3332 7 is_stmt 1              @ ../Drivers/STM32H7xx_HAL_Driver/Src/stm32h7xx_hal_fdcan.c:3332:7
	lsrs	r0, r1
	lsls	r0, r0, #31
	cbnz	r0, .LBB47_5
	b	.LBB47_4
.LBB47_4:
	.loc	2 0 7 is_stmt 0                 @ ../Drivers/STM32H7xx_HAL_Driver/Src/stm32h7xx_hal_fdcan.c:0:7
	movs	r0, #0
.Ltmp514:
	.loc	2 3335 5 is_stmt 1              @ ../Drivers/STM32H7xx_HAL_Driver/Src/stm32h7xx_hal_fdcan.c:3335:5
	str	r0, [sp, #16]
	b	.LBB47_9
.Ltmp515:
.LBB47_5:
	.loc	2 3339 7                        @ ../Drivers/STM32H7xx_HAL_Driver/Src/stm32h7xx_hal_fdcan.c:3339:7
	ldr	r0, [sp, #8]
.Ltmp516:
	.loc	2 3339 7 is_stmt 0              @ ../Drivers/STM32H7xx_HAL_Driver/Src/stm32h7xx_hal_fdcan.c:3339:7
	cmp	r0, #31
	bhi	.LBB47_7
	b	.LBB47_6
.LBB47_6:
.Ltmp517:
	.loc	2 3341 47 is_stmt 1             @ ../Drivers/STM32H7xx_HAL_Driver/Src/stm32h7xx_hal_fdcan.c:3341:47
	ldr	r1, [sp, #8]
	movs	r0, #1
	.loc	2 3341 44 is_stmt 0             @ ../Drivers/STM32H7xx_HAL_Driver/Src/stm32h7xx_hal_fdcan.c:3341:44
	lsls	r0, r1
	.loc	2 3341 5                        @ ../Drivers/STM32H7xx_HAL_Driver/Src/stm32h7xx_hal_fdcan.c:3341:5
	ldr	r1, [sp, #12]
	.loc	2 3341 13                       @ ../Drivers/STM32H7xx_HAL_Driver/Src/stm32h7xx_hal_fdcan.c:3341:13
	ldr	r1, [r1]
	.loc	2 3341 29                       @ ../Drivers/STM32H7xx_HAL_Driver/Src/stm32h7xx_hal_fdcan.c:3341:29
	str.w	r0, [r1, #152]
	.loc	2 3342 3 is_stmt 1              @ ../Drivers/STM32H7xx_HAL_Driver/Src/stm32h7xx_hal_fdcan.c:3342:3
	b	.LBB47_8
.Ltmp518:
.LBB47_7:
	.loc	2 3345 48                       @ ../Drivers/STM32H7xx_HAL_Driver/Src/stm32h7xx_hal_fdcan.c:3345:48
	ldr	r0, [sp, #8]
	.loc	2 3345 62 is_stmt 0             @ ../Drivers/STM32H7xx_HAL_Driver/Src/stm32h7xx_hal_fdcan.c:3345:62
	and	r1, r0, #31
	movs	r0, #1
	.loc	2 3345 44                       @ ../Drivers/STM32H7xx_HAL_Driver/Src/stm32h7xx_hal_fdcan.c:3345:44
	lsls	r0, r1
	.loc	2 3345 5                        @ ../Drivers/STM32H7xx_HAL_Driver/Src/stm32h7xx_hal_fdcan.c:3345:5
	ldr	r1, [sp, #12]
	.loc	2 3345 13                       @ ../Drivers/STM32H7xx_HAL_Driver/Src/stm32h7xx_hal_fdcan.c:3345:13
	ldr	r1, [r1]
	.loc	2 3345 29                       @ ../Drivers/STM32H7xx_HAL_Driver/Src/stm32h7xx_hal_fdcan.c:3345:29
	str.w	r0, [r1, #156]
	b	.LBB47_8
.Ltmp519:
.LBB47_8:
	.loc	2 0 29                          @ ../Drivers/STM32H7xx_HAL_Driver/Src/stm32h7xx_hal_fdcan.c:0:29
	movs	r0, #1
	.loc	2 3348 3 is_stmt 1              @ ../Drivers/STM32H7xx_HAL_Driver/Src/stm32h7xx_hal_fdcan.c:3348:3
	str	r0, [sp, #16]
	b	.LBB47_9
.LBB47_9:
	.loc	2 3349 1                        @ ../Drivers/STM32H7xx_HAL_Driver/Src/stm32h7xx_hal_fdcan.c:3349:1
	ldr	r0, [sp, #16]
	.loc	2 3349 1 epilogue_begin is_stmt 0 @ ../Drivers/STM32H7xx_HAL_Driver/Src/stm32h7xx_hal_fdcan.c:3349:1
	add	sp, #20
	bx	lr
.Ltmp520:
.Lfunc_end47:
	.size	HAL_FDCAN_IsRxBufferMessageAvailable, .Lfunc_end47-HAL_FDCAN_IsRxBufferMessageAvailable
	.cfi_endproc
	.cantunwind
	.fnend
                                        @ -- End function
	.section	.text.HAL_FDCAN_IsTxBufferMessagePending,"ax",%progbits
	.hidden	HAL_FDCAN_IsTxBufferMessagePending @ -- Begin function HAL_FDCAN_IsTxBufferMessagePending
	.globl	HAL_FDCAN_IsTxBufferMessagePending
	.p2align	3
	.type	HAL_FDCAN_IsTxBufferMessagePending,%function
	.code	16                              @ @HAL_FDCAN_IsTxBufferMessagePending
	.thumb_func
HAL_FDCAN_IsTxBufferMessagePending:
.Lfunc_begin48:
	.loc	2 3362 0 is_stmt 1              @ ../Drivers/STM32H7xx_HAL_Driver/Src/stm32h7xx_hal_fdcan.c:3362:0
	.fnstart
	.cfi_startproc
@ %bb.0:
	.pad	#12
	sub	sp, #12
	.cfi_def_cfa_offset 12
	str	r0, [sp, #4]
	str	r1, [sp]
.Ltmp521:
	.loc	2 3364 8 prologue_end           @ ../Drivers/STM32H7xx_HAL_Driver/Src/stm32h7xx_hal_fdcan.c:3364:8
	ldr	r0, [sp, #4]
	.loc	2 3364 16 is_stmt 0             @ ../Drivers/STM32H7xx_HAL_Driver/Src/stm32h7xx_hal_fdcan.c:3364:16
	ldr	r0, [r0]
	.loc	2 3364 26                       @ ../Drivers/STM32H7xx_HAL_Driver/Src/stm32h7xx_hal_fdcan.c:3364:26
	ldr.w	r0, [r0, #204]
	.loc	2 3364 34                       @ ../Drivers/STM32H7xx_HAL_Driver/Src/stm32h7xx_hal_fdcan.c:3364:34
	ldr	r1, [sp]
.Ltmp522:
	.loc	2 3364 7                        @ ../Drivers/STM32H7xx_HAL_Driver/Src/stm32h7xx_hal_fdcan.c:3364:7
	tst	r0, r1
	bne	.LBB48_2
	b	.LBB48_1
.LBB48_1:
	.loc	2 0 7                           @ ../Drivers/STM32H7xx_HAL_Driver/Src/stm32h7xx_hal_fdcan.c:0:7
	movs	r0, #0
.Ltmp523:
	.loc	2 3366 5 is_stmt 1              @ ../Drivers/STM32H7xx_HAL_Driver/Src/stm32h7xx_hal_fdcan.c:3366:5
	str	r0, [sp, #8]
	b	.LBB48_3
.Ltmp524:
.LBB48_2:
	.loc	2 0 5 is_stmt 0                 @ ../Drivers/STM32H7xx_HAL_Driver/Src/stm32h7xx_hal_fdcan.c:0:5
	movs	r0, #1
	.loc	2 3368 3 is_stmt 1              @ ../Drivers/STM32H7xx_HAL_Driver/Src/stm32h7xx_hal_fdcan.c:3368:3
	str	r0, [sp, #8]
	b	.LBB48_3
.LBB48_3:
	.loc	2 3369 1                        @ ../Drivers/STM32H7xx_HAL_Driver/Src/stm32h7xx_hal_fdcan.c:3369:1
	ldr	r0, [sp, #8]
	.loc	2 3369 1 epilogue_begin is_stmt 0 @ ../Drivers/STM32H7xx_HAL_Driver/Src/stm32h7xx_hal_fdcan.c:3369:1
	add	sp, #12
	bx	lr
.Ltmp525:
.Lfunc_end48:
	.size	HAL_FDCAN_IsTxBufferMessagePending, .Lfunc_end48-HAL_FDCAN_IsTxBufferMessagePending
	.cfi_endproc
	.cantunwind
	.fnend
                                        @ -- End function
	.section	.text.HAL_FDCAN_GetRxFifoFillLevel,"ax",%progbits
	.hidden	HAL_FDCAN_GetRxFifoFillLevel    @ -- Begin function HAL_FDCAN_GetRxFifoFillLevel
	.globl	HAL_FDCAN_GetRxFifoFillLevel
	.p2align	3
	.type	HAL_FDCAN_GetRxFifoFillLevel,%function
	.code	16                              @ @HAL_FDCAN_GetRxFifoFillLevel
	.thumb_func
HAL_FDCAN_GetRxFifoFillLevel:
.Lfunc_begin49:
	.loc	2 3382 0 is_stmt 1              @ ../Drivers/STM32H7xx_HAL_Driver/Src/stm32h7xx_hal_fdcan.c:3382:0
	.fnstart
	.cfi_startproc
@ %bb.0:
	.pad	#12
	sub	sp, #12
	.cfi_def_cfa_offset 12
	str	r0, [sp, #8]
	str	r1, [sp, #4]
.Ltmp526:
	.loc	2 3388 7 prologue_end           @ ../Drivers/STM32H7xx_HAL_Driver/Src/stm32h7xx_hal_fdcan.c:3388:7
	ldr	r0, [sp, #4]
.Ltmp527:
	.loc	2 3388 7 is_stmt 0              @ ../Drivers/STM32H7xx_HAL_Driver/Src/stm32h7xx_hal_fdcan.c:3388:7
	cmp	r0, #64
	bne	.LBB49_2
	b	.LBB49_1
.LBB49_1:
.Ltmp528:
	.loc	2 3390 17 is_stmt 1             @ ../Drivers/STM32H7xx_HAL_Driver/Src/stm32h7xx_hal_fdcan.c:3390:17
	ldr	r0, [sp, #8]
	.loc	2 3390 25 is_stmt 0             @ ../Drivers/STM32H7xx_HAL_Driver/Src/stm32h7xx_hal_fdcan.c:3390:25
	ldr	r0, [r0]
	.loc	2 3390 35                       @ ../Drivers/STM32H7xx_HAL_Driver/Src/stm32h7xx_hal_fdcan.c:3390:35
	ldr.w	r0, [r0, #164]
	.loc	2 3390 41                       @ ../Drivers/STM32H7xx_HAL_Driver/Src/stm32h7xx_hal_fdcan.c:3390:41
	and	r0, r0, #127
	.loc	2 3390 15                       @ ../Drivers/STM32H7xx_HAL_Driver/Src/stm32h7xx_hal_fdcan.c:3390:15
	str	r0, [sp]
	.loc	2 3391 3 is_stmt 1              @ ../Drivers/STM32H7xx_HAL_Driver/Src/stm32h7xx_hal_fdcan.c:3391:3
	b	.LBB49_3
.Ltmp529:
.LBB49_2:
	.loc	2 3394 17                       @ ../Drivers/STM32H7xx_HAL_Driver/Src/stm32h7xx_hal_fdcan.c:3394:17
	ldr	r0, [sp, #8]
	.loc	2 3394 25 is_stmt 0             @ ../Drivers/STM32H7xx_HAL_Driver/Src/stm32h7xx_hal_fdcan.c:3394:25
	ldr	r0, [r0]
	.loc	2 3394 35                       @ ../Drivers/STM32H7xx_HAL_Driver/Src/stm32h7xx_hal_fdcan.c:3394:35
	ldr.w	r0, [r0, #180]
	.loc	2 3394 41                       @ ../Drivers/STM32H7xx_HAL_Driver/Src/stm32h7xx_hal_fdcan.c:3394:41
	and	r0, r0, #127
	.loc	2 3394 15                       @ ../Drivers/STM32H7xx_HAL_Driver/Src/stm32h7xx_hal_fdcan.c:3394:15
	str	r0, [sp]
	b	.LBB49_3
.Ltmp530:
.LBB49_3:
	.loc	2 3398 10 is_stmt 1             @ ../Drivers/STM32H7xx_HAL_Driver/Src/stm32h7xx_hal_fdcan.c:3398:10
	ldr	r0, [sp]
	.loc	2 3398 3 epilogue_begin is_stmt 0 @ ../Drivers/STM32H7xx_HAL_Driver/Src/stm32h7xx_hal_fdcan.c:3398:3
	add	sp, #12
	bx	lr
.Ltmp531:
.Lfunc_end49:
	.size	HAL_FDCAN_GetRxFifoFillLevel, .Lfunc_end49-HAL_FDCAN_GetRxFifoFillLevel
	.cfi_endproc
	.cantunwind
	.fnend
                                        @ -- End function
	.section	.text.HAL_FDCAN_GetTxFifoFreeLevel,"ax",%progbits
	.hidden	HAL_FDCAN_GetTxFifoFreeLevel    @ -- Begin function HAL_FDCAN_GetTxFifoFreeLevel
	.globl	HAL_FDCAN_GetTxFifoFreeLevel
	.p2align	3
	.type	HAL_FDCAN_GetTxFifoFreeLevel,%function
	.code	16                              @ @HAL_FDCAN_GetTxFifoFreeLevel
	.thumb_func
HAL_FDCAN_GetTxFifoFreeLevel:
.Lfunc_begin50:
	.loc	2 3409 0 is_stmt 1              @ ../Drivers/STM32H7xx_HAL_Driver/Src/stm32h7xx_hal_fdcan.c:3409:0
	.fnstart
	.cfi_startproc
@ %bb.0:
	.pad	#8
	sub	sp, #8
	.cfi_def_cfa_offset 8
	str	r0, [sp, #4]
.Ltmp532:
	.loc	2 3412 15 prologue_end          @ ../Drivers/STM32H7xx_HAL_Driver/Src/stm32h7xx_hal_fdcan.c:3412:15
	ldr	r0, [sp, #4]
	.loc	2 3412 23 is_stmt 0             @ ../Drivers/STM32H7xx_HAL_Driver/Src/stm32h7xx_hal_fdcan.c:3412:23
	ldr	r0, [r0]
	.loc	2 3412 33                       @ ../Drivers/STM32H7xx_HAL_Driver/Src/stm32h7xx_hal_fdcan.c:3412:33
	ldr.w	r0, [r0, #196]
	.loc	2 3412 39                       @ ../Drivers/STM32H7xx_HAL_Driver/Src/stm32h7xx_hal_fdcan.c:3412:39
	and	r0, r0, #63
	.loc	2 3412 13                       @ ../Drivers/STM32H7xx_HAL_Driver/Src/stm32h7xx_hal_fdcan.c:3412:13
	str	r0, [sp]
	.loc	2 3415 10 is_stmt 1             @ ../Drivers/STM32H7xx_HAL_Driver/Src/stm32h7xx_hal_fdcan.c:3415:10
	ldr	r0, [sp]
	.loc	2 3415 3 epilogue_begin is_stmt 0 @ ../Drivers/STM32H7xx_HAL_Driver/Src/stm32h7xx_hal_fdcan.c:3415:3
	add	sp, #8
	bx	lr
.Ltmp533:
.Lfunc_end50:
	.size	HAL_FDCAN_GetTxFifoFreeLevel, .Lfunc_end50-HAL_FDCAN_GetTxFifoFreeLevel
	.cfi_endproc
	.cantunwind
	.fnend
                                        @ -- End function
	.section	.text.HAL_FDCAN_IsRestrictedOperationMode,"ax",%progbits
	.hidden	HAL_FDCAN_IsRestrictedOperationMode @ -- Begin function HAL_FDCAN_IsRestrictedOperationMode
	.globl	HAL_FDCAN_IsRestrictedOperationMode
	.p2align	3
	.type	HAL_FDCAN_IsRestrictedOperationMode,%function
	.code	16                              @ @HAL_FDCAN_IsRestrictedOperationMode
	.thumb_func
HAL_FDCAN_IsRestrictedOperationMode:
.Lfunc_begin51:
	.loc	2 3427 0 is_stmt 1              @ ../Drivers/STM32H7xx_HAL_Driver/Src/stm32h7xx_hal_fdcan.c:3427:0
	.fnstart
	.cfi_startproc
@ %bb.0:
	.pad	#8
	sub	sp, #8
	.cfi_def_cfa_offset 8
	str	r0, [sp, #4]
.Ltmp534:
	.loc	2 3431 21 prologue_end          @ ../Drivers/STM32H7xx_HAL_Driver/Src/stm32h7xx_hal_fdcan.c:3431:21
	ldr	r0, [sp, #4]
	.loc	2 3431 29 is_stmt 0             @ ../Drivers/STM32H7xx_HAL_Driver/Src/stm32h7xx_hal_fdcan.c:3431:29
	ldr	r0, [r0]
	.loc	2 3431 39                       @ ../Drivers/STM32H7xx_HAL_Driver/Src/stm32h7xx_hal_fdcan.c:3431:39
	ldr	r0, [r0, #24]
	.loc	2 3431 62                       @ ../Drivers/STM32H7xx_HAL_Driver/Src/stm32h7xx_hal_fdcan.c:3431:62
	ubfx	r0, r0, #2, #1
	.loc	2 3431 17                       @ ../Drivers/STM32H7xx_HAL_Driver/Src/stm32h7xx_hal_fdcan.c:3431:17
	str	r0, [sp]
	.loc	2 3433 10 is_stmt 1             @ ../Drivers/STM32H7xx_HAL_Driver/Src/stm32h7xx_hal_fdcan.c:3433:10
	ldr	r0, [sp]
	.loc	2 3433 3 epilogue_begin is_stmt 0 @ ../Drivers/STM32H7xx_HAL_Driver/Src/stm32h7xx_hal_fdcan.c:3433:3
	add	sp, #8
	bx	lr
.Ltmp535:
.Lfunc_end51:
	.size	HAL_FDCAN_IsRestrictedOperationMode, .Lfunc_end51-HAL_FDCAN_IsRestrictedOperationMode
	.cfi_endproc
	.cantunwind
	.fnend
                                        @ -- End function
	.section	.text.HAL_FDCAN_ExitRestrictedOperationMode,"ax",%progbits
	.hidden	HAL_FDCAN_ExitRestrictedOperationMode @ -- Begin function HAL_FDCAN_ExitRestrictedOperationMode
	.globl	HAL_FDCAN_ExitRestrictedOperationMode
	.p2align	3
	.type	HAL_FDCAN_ExitRestrictedOperationMode,%function
	.code	16                              @ @HAL_FDCAN_ExitRestrictedOperationMode
	.thumb_func
HAL_FDCAN_ExitRestrictedOperationMode:
.Lfunc_begin52:
	.loc	2 3443 0 is_stmt 1              @ ../Drivers/STM32H7xx_HAL_Driver/Src/stm32h7xx_hal_fdcan.c:3443:0
	.fnstart
	.cfi_startproc
@ %bb.0:
	.pad	#12
	sub	sp, #12
	.cfi_def_cfa_offset 12
	str	r0, [sp, #4]
.Ltmp536:
	.loc	2 3444 34 prologue_end          @ ../Drivers/STM32H7xx_HAL_Driver/Src/stm32h7xx_hal_fdcan.c:3444:34
	ldr	r0, [sp, #4]
	.loc	2 3444 42 is_stmt 0             @ ../Drivers/STM32H7xx_HAL_Driver/Src/stm32h7xx_hal_fdcan.c:3444:42
	ldrb.w	r0, [r0, #152]
	.loc	2 3444 26                       @ ../Drivers/STM32H7xx_HAL_Driver/Src/stm32h7xx_hal_fdcan.c:3444:26
	strb.w	r0, [sp, #3]
.Ltmp537:
	.loc	2 3446 8 is_stmt 1              @ ../Drivers/STM32H7xx_HAL_Driver/Src/stm32h7xx_hal_fdcan.c:3446:8
	ldrb.w	r0, [sp, #3]
	.loc	2 3446 40 is_stmt 0             @ ../Drivers/STM32H7xx_HAL_Driver/Src/stm32h7xx_hal_fdcan.c:3446:40
	cmp	r0, #1
	beq	.LBB52_2
	b	.LBB52_1
.LBB52_1:
	.loc	2 3446 44                       @ ../Drivers/STM32H7xx_HAL_Driver/Src/stm32h7xx_hal_fdcan.c:3446:44
	ldrb.w	r0, [sp, #3]
.Ltmp538:
	.loc	2 3446 7                        @ ../Drivers/STM32H7xx_HAL_Driver/Src/stm32h7xx_hal_fdcan.c:3446:7
	cmp	r0, #2
	bne	.LBB52_3
	b	.LBB52_2
.LBB52_2:
.Ltmp539:
	.loc	2 3449 5 is_stmt 1              @ ../Drivers/STM32H7xx_HAL_Driver/Src/stm32h7xx_hal_fdcan.c:3449:5
	ldr	r0, [sp, #4]
	ldr	r1, [r0]
	ldr	r0, [r1, #24]
	bic	r0, r0, #4
	str	r0, [r1, #24]
	movs	r0, #0
	.loc	2 3452 5                        @ ../Drivers/STM32H7xx_HAL_Driver/Src/stm32h7xx_hal_fdcan.c:3452:5
	strb.w	r0, [sp, #11]
	b	.LBB52_4
.Ltmp540:
.LBB52_3:
	.loc	2 3457 5                        @ ../Drivers/STM32H7xx_HAL_Driver/Src/stm32h7xx_hal_fdcan.c:3457:5
	ldr	r1, [sp, #4]
	.loc	2 3457 23 is_stmt 0             @ ../Drivers/STM32H7xx_HAL_Driver/Src/stm32h7xx_hal_fdcan.c:3457:23
	ldr.w	r0, [r1, #156]
	orr	r0, r0, #2
	str.w	r0, [r1, #156]
	movs	r0, #1
	.loc	2 3459 5 is_stmt 1              @ ../Drivers/STM32H7xx_HAL_Driver/Src/stm32h7xx_hal_fdcan.c:3459:5
	strb.w	r0, [sp, #11]
	b	.LBB52_4
.Ltmp541:
.LBB52_4:
	.loc	2 3461 1                        @ ../Drivers/STM32H7xx_HAL_Driver/Src/stm32h7xx_hal_fdcan.c:3461:1
	ldrb.w	r0, [sp, #11]
	.loc	2 3461 1 epilogue_begin is_stmt 0 @ ../Drivers/STM32H7xx_HAL_Driver/Src/stm32h7xx_hal_fdcan.c:3461:1
	add	sp, #12
	bx	lr
.Ltmp542:
.Lfunc_end52:
	.size	HAL_FDCAN_ExitRestrictedOperationMode, .Lfunc_end52-HAL_FDCAN_ExitRestrictedOperationMode
	.cfi_endproc
	.cantunwind
	.fnend
                                        @ -- End function
	.section	.text.HAL_FDCAN_TT_ConfigOperation,"ax",%progbits
	.hidden	HAL_FDCAN_TT_ConfigOperation    @ -- Begin function HAL_FDCAN_TT_ConfigOperation
	.globl	HAL_FDCAN_TT_ConfigOperation
	.p2align	3
	.type	HAL_FDCAN_TT_ConfigOperation,%function
	.code	16                              @ @HAL_FDCAN_TT_ConfigOperation
	.thumb_func
HAL_FDCAN_TT_ConfigOperation:
.Lfunc_begin53:
	.loc	2 3510 0 is_stmt 1              @ ../Drivers/STM32H7xx_HAL_Driver/Src/stm32h7xx_hal_fdcan.c:3510:0
	.fnstart
	.cfi_startproc
@ %bb.0:
	.save	{r7, lr}
	push	{r7, lr}
	.cfi_def_cfa_offset 8
	.cfi_offset lr, -4
	.cfi_offset r7, -8
	.pad	#24
	sub	sp, #24
	.cfi_def_cfa_offset 32
	str	r0, [sp, #16]
	str	r1, [sp, #12]
.Ltmp543:
	.loc	2 3526 7 prologue_end           @ ../Drivers/STM32H7xx_HAL_Driver/Src/stm32h7xx_hal_fdcan.c:3526:7
	ldr	r0, [sp, #12]
	.loc	2 3526 18 is_stmt 0             @ ../Drivers/STM32H7xx_HAL_Driver/Src/stm32h7xx_hal_fdcan.c:3526:18
	ldr	r0, [r0, #8]
.Ltmp544:
	.loc	2 3526 7                        @ ../Drivers/STM32H7xx_HAL_Driver/Src/stm32h7xx_hal_fdcan.c:3526:7
	cmp	r0, #16
	bne	.LBB53_2
	b	.LBB53_1
.LBB53_1:
.Ltmp545:
	.loc	2 3529 3 is_stmt 1              @ ../Drivers/STM32H7xx_HAL_Driver/Src/stm32h7xx_hal_fdcan.c:3529:3
	b	.LBB53_2
.Ltmp546:
.LBB53_2:
	.loc	2 3530 7                        @ ../Drivers/STM32H7xx_HAL_Driver/Src/stm32h7xx_hal_fdcan.c:3530:7
	ldr	r0, [sp, #12]
	.loc	2 3530 18 is_stmt 0             @ ../Drivers/STM32H7xx_HAL_Driver/Src/stm32h7xx_hal_fdcan.c:3530:18
	ldr	r0, [r0]
.Ltmp547:
	.loc	2 3530 7                        @ ../Drivers/STM32H7xx_HAL_Driver/Src/stm32h7xx_hal_fdcan.c:3530:7
	cmp	r0, #3
	beq	.LBB53_4
	b	.LBB53_3
.LBB53_3:
.Ltmp548:
	.loc	2 3537 3 is_stmt 1              @ ../Drivers/STM32H7xx_HAL_Driver/Src/stm32h7xx_hal_fdcan.c:3537:3
	b	.LBB53_4
.Ltmp549:
.LBB53_4:
	.loc	2 3538 7                        @ ../Drivers/STM32H7xx_HAL_Driver/Src/stm32h7xx_hal_fdcan.c:3538:7
	ldr	r0, [sp, #12]
	.loc	2 3538 18 is_stmt 0             @ ../Drivers/STM32H7xx_HAL_Driver/Src/stm32h7xx_hal_fdcan.c:3538:18
	ldr	r0, [r0]
.Ltmp550:
	.loc	2 3538 7                        @ ../Drivers/STM32H7xx_HAL_Driver/Src/stm32h7xx_hal_fdcan.c:3538:7
	cmp	r0, #1
	beq	.LBB53_6
	b	.LBB53_5
.LBB53_5:
.Ltmp551:
	.loc	2 3544 3 is_stmt 1              @ ../Drivers/STM32H7xx_HAL_Driver/Src/stm32h7xx_hal_fdcan.c:3544:3
	b	.LBB53_7
.Ltmp552:
.LBB53_6:
	.loc	2 0 3 is_stmt 0                 @ ../Drivers/STM32H7xx_HAL_Driver/Src/stm32h7xx_hal_fdcan.c:0:3
	b	.LBB53_7
.LBB53_7:
.Ltmp553:
	.loc	2 3550 7 is_stmt 1              @ ../Drivers/STM32H7xx_HAL_Driver/Src/stm32h7xx_hal_fdcan.c:3550:7
	ldr	r0, [sp, #16]
	.loc	2 3550 15 is_stmt 0             @ ../Drivers/STM32H7xx_HAL_Driver/Src/stm32h7xx_hal_fdcan.c:3550:15
	ldrb.w	r0, [r0, #152]
.Ltmp554:
	.loc	2 3550 7                        @ ../Drivers/STM32H7xx_HAL_Driver/Src/stm32h7xx_hal_fdcan.c:3550:7
	cmp	r0, #1
	bne.w	.LBB53_29
	b	.LBB53_8
.LBB53_8:
.Ltmp555:
	.loc	2 3553 5 is_stmt 1              @ ../Drivers/STM32H7xx_HAL_Driver/Src/stm32h7xx_hal_fdcan.c:3553:5
	ldr	r0, [sp, #16]
	ldr	r1, [r0, #4]
	ldr	r0, [r1, #16]
	bic	r0, r0, #-2147483648
	str	r0, [r1, #16]
	.loc	2 3556 17                       @ ../Drivers/STM32H7xx_HAL_Driver/Src/stm32h7xx_hal_fdcan.c:3556:17
	bl	HAL_GetTick
	.loc	2 3556 15 is_stmt 0             @ ../Drivers/STM32H7xx_HAL_Driver/Src/stm32h7xx_hal_fdcan.c:3556:15
	str	r0, [sp, #8]
	.loc	2 3559 5 is_stmt 1              @ ../Drivers/STM32H7xx_HAL_Driver/Src/stm32h7xx_hal_fdcan.c:3559:5
	b	.LBB53_9
.LBB53_9:                               @ =>This Inner Loop Header: Depth=1
	.loc	2 3559 13 is_stmt 0             @ ../Drivers/STM32H7xx_HAL_Driver/Src/stm32h7xx_hal_fdcan.c:3559:13
	ldr	r0, [sp, #16]
	.loc	2 3559 21                       @ ../Drivers/STM32H7xx_HAL_Driver/Src/stm32h7xx_hal_fdcan.c:3559:21
	ldr	r0, [r0, #4]
	.loc	2 3559 28                       @ ../Drivers/STM32H7xx_HAL_Driver/Src/stm32h7xx_hal_fdcan.c:3559:28
	ldr	r0, [r0, #16]
	.loc	2 3559 5                        @ ../Drivers/STM32H7xx_HAL_Driver/Src/stm32h7xx_hal_fdcan.c:3559:5
	lsrs	r0, r0, #31
	cbz	r0, .LBB53_13
	b	.LBB53_10
.LBB53_10:                              @   in Loop: Header=BB53_9 Depth=1
.Ltmp556:
	.loc	2 3562 12 is_stmt 1             @ ../Drivers/STM32H7xx_HAL_Driver/Src/stm32h7xx_hal_fdcan.c:3562:12
	bl	HAL_GetTick
	.loc	2 3562 28 is_stmt 0             @ ../Drivers/STM32H7xx_HAL_Driver/Src/stm32h7xx_hal_fdcan.c:3562:28
	ldr	r1, [sp, #8]
	.loc	2 3562 26                       @ ../Drivers/STM32H7xx_HAL_Driver/Src/stm32h7xx_hal_fdcan.c:3562:26
	subs	r0, r0, r1
.Ltmp557:
	.loc	2 3562 11                       @ ../Drivers/STM32H7xx_HAL_Driver/Src/stm32h7xx_hal_fdcan.c:3562:11
	cmp	r0, #11
	blo	.LBB53_12
	b	.LBB53_11
.LBB53_11:
.Ltmp558:
	.loc	2 3565 9 is_stmt 1              @ ../Drivers/STM32H7xx_HAL_Driver/Src/stm32h7xx_hal_fdcan.c:3565:9
	ldr	r1, [sp, #16]
	.loc	2 3565 27 is_stmt 0             @ ../Drivers/STM32H7xx_HAL_Driver/Src/stm32h7xx_hal_fdcan.c:3565:27
	ldr.w	r0, [r1, #156]
	orr	r0, r0, #1
	str.w	r0, [r1, #156]
	.loc	2 3568 9 is_stmt 1              @ ../Drivers/STM32H7xx_HAL_Driver/Src/stm32h7xx_hal_fdcan.c:3568:9
	ldr	r1, [sp, #16]
	movs	r0, #3
	.loc	2 3568 23 is_stmt 0             @ ../Drivers/STM32H7xx_HAL_Driver/Src/stm32h7xx_hal_fdcan.c:3568:23
	strb.w	r0, [r1, #152]
	movs	r0, #1
	.loc	2 3570 9 is_stmt 1              @ ../Drivers/STM32H7xx_HAL_Driver/Src/stm32h7xx_hal_fdcan.c:3570:9
	strb.w	r0, [sp, #23]
	b	.LBB53_30
.Ltmp559:
.LBB53_12:                              @   in Loop: Header=BB53_9 Depth=1
	.loc	2 3559 5                        @ ../Drivers/STM32H7xx_HAL_Driver/Src/stm32h7xx_hal_fdcan.c:3559:5
	b	.LBB53_9
.LBB53_13:
	.loc	2 3575 5                        @ ../Drivers/STM32H7xx_HAL_Driver/Src/stm32h7xx_hal_fdcan.c:3575:5
	ldr	r0, [sp, #16]
	ldr	r0, [r0, #4]
	ldr	r0, [r0, #16]
	and	r0, r0, #-1073741824
	ldr	r2, [sp, #12]
	ldr	r1, [r2, #56]
	ldr	r2, [r2, #60]
	sub.w	r1, r1, #65536
	orr.w	r1, r1, r2, lsl #16
	orrs	r0, r1
	ldr	r1, [sp, #16]
	ldr	r1, [r1, #4]
	str	r0, [r1, #16]
	.loc	2 3581 5                        @ ../Drivers/STM32H7xx_HAL_Driver/Src/stm32h7xx_hal_fdcan.c:3581:5
	ldr	r0, [sp, #16]
	ldr	r1, [r0, #4]
	ldr	r0, [r1, #16]
	orr	r0, r0, #-2147483648
	str	r0, [r1, #16]
	.loc	2 3584 5                        @ ../Drivers/STM32H7xx_HAL_Driver/Src/stm32h7xx_hal_fdcan.c:3584:5
	ldr	r0, [sp, #16]
	ldr	r0, [r0, #4]
	ldr	r0, [r0, #8]
	movw	r1, #32755
	bics	r0, r1
	ldr	r2, [sp, #12]
	ldr	r1, [r2]
	ldr.w	r12, [r2, #8]
	ldr	r3, [r2, #12]
	ldr	r2, [r2, #16]
	orr.w	r1, r1, r12
	orr.w	r1, r1, r3, lsl #5
	orr.w	r1, r1, r2, lsl #8
	orrs	r0, r1
	ldr	r1, [sp, #16]
	ldr	r1, [r1, #4]
	str	r0, [r1, #8]
.Ltmp560:
	.loc	2 3590 9                        @ ../Drivers/STM32H7xx_HAL_Driver/Src/stm32h7xx_hal_fdcan.c:3590:9
	ldr	r0, [sp, #12]
	.loc	2 3590 20 is_stmt 0             @ ../Drivers/STM32H7xx_HAL_Driver/Src/stm32h7xx_hal_fdcan.c:3590:20
	ldr	r0, [r0]
.Ltmp561:
	.loc	2 3590 9                        @ ../Drivers/STM32H7xx_HAL_Driver/Src/stm32h7xx_hal_fdcan.c:3590:9
	cmp	r0, #3
	beq	.LBB53_15
	b	.LBB53_14
.LBB53_14:
.Ltmp562:
	.loc	2 3592 7 is_stmt 1              @ ../Drivers/STM32H7xx_HAL_Driver/Src/stm32h7xx_hal_fdcan.c:3592:7
	ldr	r0, [sp, #16]
	ldr	r0, [r0, #4]
	ldr	r0, [r0, #8]
	movw	r1, #65527
	movt	r1, #64256
	ands	r0, r1
	ldr	r2, [sp, #12]
	ldr	r1, [r2, #4]
	ldr	r3, [r2, #24]
	ldr	r2, [r2, #36]
	orr.w	r1, r1, r3, lsl #16
	orrs	r1, r2
	orrs	r0, r1
	ldr	r1, [sp, #16]
	ldr	r1, [r1, #4]
	str	r0, [r1, #8]
	.loc	2 3597 5                        @ ../Drivers/STM32H7xx_HAL_Driver/Src/stm32h7xx_hal_fdcan.c:3597:5
	b	.LBB53_15
.Ltmp563:
.LBB53_15:
	.loc	2 3598 9                        @ ../Drivers/STM32H7xx_HAL_Driver/Src/stm32h7xx_hal_fdcan.c:3598:9
	ldr	r0, [sp, #12]
	.loc	2 3598 20 is_stmt 0             @ ../Drivers/STM32H7xx_HAL_Driver/Src/stm32h7xx_hal_fdcan.c:3598:20
	ldr	r0, [r0]
.Ltmp564:
	.loc	2 3598 9                        @ ../Drivers/STM32H7xx_HAL_Driver/Src/stm32h7xx_hal_fdcan.c:3598:9
	cmp	r0, #1
	beq	.LBB53_17
	b	.LBB53_16
.LBB53_16:
.Ltmp565:
	.loc	2 3600 7 is_stmt 1              @ ../Drivers/STM32H7xx_HAL_Driver/Src/stm32h7xx_hal_fdcan.c:3600:7
	ldr	r0, [sp, #16]
	ldr	r0, [r0, #4]
	ldr	r0, [r0, #8]
	movw	r1, #32767
	movt	r1, #64767
	ands	r0, r1
	ldr	r2, [sp, #12]
	ldr	r1, [r2, #20]
	ldr	r3, [r2, #28]
	ldr	r2, [r2, #32]
	orrs	r1, r3
	orrs	r1, r2
	orrs	r0, r1
	ldr	r1, [sp, #16]
	ldr	r1, [r1, #4]
	str	r0, [r1, #8]
	.loc	2 3605 5                        @ ../Drivers/STM32H7xx_HAL_Driver/Src/stm32h7xx_hal_fdcan.c:3605:5
	b	.LBB53_17
.Ltmp566:
.LBB53_17:
	.loc	2 3608 5                        @ ../Drivers/STM32H7xx_HAL_Driver/Src/stm32h7xx_hal_fdcan.c:3608:5
	ldr	r0, [sp, #16]
	ldr	r0, [r0, #4]
	ldr	r0, [r0, #12]
	bic	r0, r0, #192
	ldr	r1, [sp, #12]
	ldr	r1, [r1, #44]
	orrs	r0, r1
	ldr	r1, [sp, #16]
	ldr	r1, [r1, #4]
	str	r0, [r1, #12]
.Ltmp567:
	.loc	2 3609 9                        @ ../Drivers/STM32H7xx_HAL_Driver/Src/stm32h7xx_hal_fdcan.c:3609:9
	ldr	r0, [sp, #12]
	.loc	2 3609 20 is_stmt 0             @ ../Drivers/STM32H7xx_HAL_Driver/Src/stm32h7xx_hal_fdcan.c:3609:20
	ldr	r0, [r0]
.Ltmp568:
	.loc	2 3609 9                        @ ../Drivers/STM32H7xx_HAL_Driver/Src/stm32h7xx_hal_fdcan.c:3609:9
	cmp	r0, #3
	beq	.LBB53_19
	b	.LBB53_18
.LBB53_18:
.Ltmp569:
	.loc	2 3611 7 is_stmt 1              @ ../Drivers/STM32H7xx_HAL_Driver/Src/stm32h7xx_hal_fdcan.c:3611:7
	ldr	r0, [sp, #16]
	ldr	r0, [r0, #4]
	ldr	r0, [r0, #12]
	movw	r1, #61695
	movt	r1, #61440
	ands	r0, r1
	ldr	r1, [sp, #12]
	ldr	r3, [r1, #48]
	ldr	r2, [r1, #52]
	mvn	r1, #255
	add.w	r1, r1, r3, lsl #8
	orr.w	r1, r1, r2, lsl #16
	orrs	r0, r1
	ldr	r1, [sp, #16]
	ldr	r1, [r1, #4]
	str	r0, [r1, #12]
	.loc	2 3615 5                        @ ../Drivers/STM32H7xx_HAL_Driver/Src/stm32h7xx_hal_fdcan.c:3615:5
	b	.LBB53_19
.Ltmp570:
.LBB53_19:
	.loc	2 3616 9                        @ ../Drivers/STM32H7xx_HAL_Driver/Src/stm32h7xx_hal_fdcan.c:3616:9
	ldr	r0, [sp, #12]
	.loc	2 3616 20 is_stmt 0             @ ../Drivers/STM32H7xx_HAL_Driver/Src/stm32h7xx_hal_fdcan.c:3616:20
	ldr	r0, [r0, #8]
.Ltmp571:
	.loc	2 3616 9                        @ ../Drivers/STM32H7xx_HAL_Driver/Src/stm32h7xx_hal_fdcan.c:3616:9
	cmp	r0, #16
	bne	.LBB53_21
	b	.LBB53_20
.LBB53_20:
.Ltmp572:
	.loc	2 3618 7 is_stmt 1              @ ../Drivers/STM32H7xx_HAL_Driver/Src/stm32h7xx_hal_fdcan.c:3618:7
	ldr	r0, [sp, #16]
	ldr	r0, [r0, #4]
	ldr	r0, [r0, #12]
	bic	r0, r0, #63
	ldr	r1, [sp, #12]
	ldr	r1, [r1, #40]
	orrs	r0, r1
	ldr	r1, [sp, #16]
	ldr	r1, [r1, #4]
	str	r0, [r1, #12]
	.loc	2 3619 5                        @ ../Drivers/STM32H7xx_HAL_Driver/Src/stm32h7xx_hal_fdcan.c:3619:5
	b	.LBB53_21
.Ltmp573:
.LBB53_21:
	.loc	2 3622 5                        @ ../Drivers/STM32H7xx_HAL_Driver/Src/stm32h7xx_hal_fdcan.c:3622:5
	ldr	r0, [sp, #16]
	ldr	r0, [r0, #4]
	ldr.w	r0, [r0, #512]
	bic	r0, r0, #51
	ldr	r2, [sp, #12]
	ldr	r1, [r2, #68]
	ldr	r2, [r2, #72]
	orrs	r1, r2
	orrs	r0, r1
	ldr	r1, [sp, #16]
	ldr	r1, [r1, #4]
	str.w	r0, [r1, #512]
	.loc	2 3627 21                       @ ../Drivers/STM32H7xx_HAL_Driver/Src/stm32h7xx_hal_fdcan.c:3627:21
	ldr	r0, [sp, #16]
	.loc	2 3627 36 is_stmt 0             @ ../Drivers/STM32H7xx_HAL_Driver/Src/stm32h7xx_hal_fdcan.c:3627:36
	ldr.w	r0, [r0, #144]
	movw	r1, #21504
	movt	r1, #49151
	.loc	2 3627 47                       @ ../Drivers/STM32H7xx_HAL_Driver/Src/stm32h7xx_hal_fdcan.c:3627:47
	add	r0, r1
	.loc	2 3627 63                       @ ../Drivers/STM32H7xx_HAL_Driver/Src/stm32h7xx_hal_fdcan.c:3627:63
	lsrs	r0, r0, #2
	.loc	2 3627 18                       @ ../Drivers/STM32H7xx_HAL_Driver/Src/stm32h7xx_hal_fdcan.c:3627:18
	str	r0, [sp]
	.loc	2 3628 5 is_stmt 1              @ ../Drivers/STM32H7xx_HAL_Driver/Src/stm32h7xx_hal_fdcan.c:3628:5
	ldr	r0, [sp, #16]
	ldr	r0, [r0, #4]
	ldr	r0, [r0]
	movw	r1, #65532
	bics	r0, r1
	ldr	r1, [sp]
	orr.w	r0, r0, r1, lsl #2
	ldr	r1, [sp, #16]
	ldr	r1, [r1, #4]
	str	r0, [r1]
	.loc	2 3631 5                        @ ../Drivers/STM32H7xx_HAL_Driver/Src/stm32h7xx_hal_fdcan.c:3631:5
	ldr	r0, [sp, #16]
	ldr	r0, [r0, #4]
	ldr	r0, [r0]
	bic	r0, r0, #8323072
	ldr	r1, [sp, #12]
	ldr	r1, [r1, #64]
	orr.w	r0, r0, r1, lsl #16
	ldr	r1, [sp, #16]
	ldr	r1, [r1, #4]
	str	r0, [r1]
	.loc	2 3634 33                       @ ../Drivers/STM32H7xx_HAL_Driver/Src/stm32h7xx_hal_fdcan.c:3634:33
	ldr	r1, [sp, #16]
	.loc	2 3634 48 is_stmt 0             @ ../Drivers/STM32H7xx_HAL_Driver/Src/stm32h7xx_hal_fdcan.c:3634:48
	ldr.w	r0, [r1, #144]
	.loc	2 3634 31                       @ ../Drivers/STM32H7xx_HAL_Driver/Src/stm32h7xx_hal_fdcan.c:3634:31
	str.w	r0, [r1, #140]
	.loc	2 3635 33 is_stmt 1             @ ../Drivers/STM32H7xx_HAL_Driver/Src/stm32h7xx_hal_fdcan.c:3635:33
	ldr	r1, [sp, #16]
	.loc	2 3635 48 is_stmt 0             @ ../Drivers/STM32H7xx_HAL_Driver/Src/stm32h7xx_hal_fdcan.c:3635:48
	ldr.w	r0, [r1, #140]
	.loc	2 3635 62                       @ ../Drivers/STM32H7xx_HAL_Driver/Src/stm32h7xx_hal_fdcan.c:3635:62
	ldr	r2, [sp, #12]
	.loc	2 3635 73                       @ ../Drivers/STM32H7xx_HAL_Driver/Src/stm32h7xx_hal_fdcan.c:3635:73
	ldr	r2, [r2, #64]
	.loc	2 3635 59                       @ ../Drivers/STM32H7xx_HAL_Driver/Src/stm32h7xx_hal_fdcan.c:3635:59
	add.w	r0, r0, r2, lsl #3
	.loc	2 3635 31                       @ ../Drivers/STM32H7xx_HAL_Driver/Src/stm32h7xx_hal_fdcan.c:3635:31
	str.w	r0, [r1, #144]
.Ltmp574:
	.loc	2 3637 9 is_stmt 1              @ ../Drivers/STM32H7xx_HAL_Driver/Src/stm32h7xx_hal_fdcan.c:3637:9
	ldr	r0, [sp, #16]
	.loc	2 3637 24 is_stmt 0             @ ../Drivers/STM32H7xx_HAL_Driver/Src/stm32h7xx_hal_fdcan.c:3637:24
	ldr.w	r0, [r0, #144]
	movw	r1, #54269
	movt	r1, #16384
.Ltmp575:
	.loc	2 3637 9                        @ ../Drivers/STM32H7xx_HAL_Driver/Src/stm32h7xx_hal_fdcan.c:3637:9
	cmp	r0, r1
	blo	.LBB53_23
	b	.LBB53_22
.LBB53_22:
.Ltmp576:
	.loc	2 3641 7 is_stmt 1              @ ../Drivers/STM32H7xx_HAL_Driver/Src/stm32h7xx_hal_fdcan.c:3641:7
	ldr	r1, [sp, #16]
	.loc	2 3641 25 is_stmt 0             @ ../Drivers/STM32H7xx_HAL_Driver/Src/stm32h7xx_hal_fdcan.c:3641:25
	ldr.w	r0, [r1, #156]
	orr	r0, r0, #32
	str.w	r0, [r1, #156]
	movs	r0, #1
	.loc	2 3643 7 is_stmt 1              @ ../Drivers/STM32H7xx_HAL_Driver/Src/stm32h7xx_hal_fdcan.c:3643:7
	strb.w	r0, [sp, #23]
	b	.LBB53_30
.Ltmp577:
.LBB53_23:
	.loc	2 3648 25                       @ ../Drivers/STM32H7xx_HAL_Driver/Src/stm32h7xx_hal_fdcan.c:3648:25
	ldr	r0, [sp, #16]
	.loc	2 3648 40 is_stmt 0             @ ../Drivers/STM32H7xx_HAL_Driver/Src/stm32h7xx_hal_fdcan.c:3648:40
	ldr.w	r0, [r0, #140]
	.loc	2 3648 23                       @ ../Drivers/STM32H7xx_HAL_Driver/Src/stm32h7xx_hal_fdcan.c:3648:23
	str	r0, [sp, #4]
	.loc	2 3648 12                       @ ../Drivers/STM32H7xx_HAL_Driver/Src/stm32h7xx_hal_fdcan.c:3648:12
	b	.LBB53_24
.LBB53_24:                              @ =>This Inner Loop Header: Depth=1
.Ltmp578:
	.loc	2 3648 52                       @ ../Drivers/STM32H7xx_HAL_Driver/Src/stm32h7xx_hal_fdcan.c:3648:52
	ldr	r0, [sp, #4]
	.loc	2 3648 65                       @ ../Drivers/STM32H7xx_HAL_Driver/Src/stm32h7xx_hal_fdcan.c:3648:65
	ldr	r1, [sp, #16]
	.loc	2 3648 80                       @ ../Drivers/STM32H7xx_HAL_Driver/Src/stm32h7xx_hal_fdcan.c:3648:80
	ldr.w	r1, [r1, #144]
.Ltmp579:
	.loc	2 3648 7                        @ ../Drivers/STM32H7xx_HAL_Driver/Src/stm32h7xx_hal_fdcan.c:3648:7
	cmp	r0, r1
	bhs	.LBB53_27
	b	.LBB53_25
.LBB53_25:                              @   in Loop: Header=BB53_24 Depth=1
.Ltmp580:
	.loc	2 3650 23 is_stmt 1             @ ../Drivers/STM32H7xx_HAL_Driver/Src/stm32h7xx_hal_fdcan.c:3650:23
	ldr	r1, [sp, #4]
	movs	r0, #0
	.loc	2 3650 35 is_stmt 0             @ ../Drivers/STM32H7xx_HAL_Driver/Src/stm32h7xx_hal_fdcan.c:3650:35
	str	r0, [r1]
	.loc	2 3651 7 is_stmt 1              @ ../Drivers/STM32H7xx_HAL_Driver/Src/stm32h7xx_hal_fdcan.c:3651:7
	b	.LBB53_26
.Ltmp581:
.LBB53_26:                              @   in Loop: Header=BB53_24 Depth=1
	.loc	2 3648 103                      @ ../Drivers/STM32H7xx_HAL_Driver/Src/stm32h7xx_hal_fdcan.c:3648:103
	ldr	r0, [sp, #4]
	adds	r0, #4
	str	r0, [sp, #4]
	.loc	2 3648 7 is_stmt 0              @ ../Drivers/STM32H7xx_HAL_Driver/Src/stm32h7xx_hal_fdcan.c:3648:7
	b	.LBB53_24
.Ltmp582:
.LBB53_27:
	.loc	2 0 7                           @ ../Drivers/STM32H7xx_HAL_Driver/Src/stm32h7xx_hal_fdcan.c:0:7
	b	.LBB53_28
.LBB53_28:
	movs	r0, #0
	.loc	2 3655 5 is_stmt 1              @ ../Drivers/STM32H7xx_HAL_Driver/Src/stm32h7xx_hal_fdcan.c:3655:5
	strb.w	r0, [sp, #23]
	b	.LBB53_30
.Ltmp583:
.LBB53_29:
	.loc	2 3660 5                        @ ../Drivers/STM32H7xx_HAL_Driver/Src/stm32h7xx_hal_fdcan.c:3660:5
	ldr	r1, [sp, #16]
	.loc	2 3660 23 is_stmt 0             @ ../Drivers/STM32H7xx_HAL_Driver/Src/stm32h7xx_hal_fdcan.c:3660:23
	ldr.w	r0, [r1, #156]
	orr	r0, r0, #4
	str.w	r0, [r1, #156]
	movs	r0, #1
	.loc	2 3662 5 is_stmt 1              @ ../Drivers/STM32H7xx_HAL_Driver/Src/stm32h7xx_hal_fdcan.c:3662:5
	strb.w	r0, [sp, #23]
	b	.LBB53_30
.Ltmp584:
.LBB53_30:
	.loc	2 3664 1                        @ ../Drivers/STM32H7xx_HAL_Driver/Src/stm32h7xx_hal_fdcan.c:3664:1
	ldrb.w	r0, [sp, #23]
	.loc	2 3664 1 epilogue_begin is_stmt 0 @ ../Drivers/STM32H7xx_HAL_Driver/Src/stm32h7xx_hal_fdcan.c:3664:1
	add	sp, #24
	pop	{r7, pc}
.Ltmp585:
.Lfunc_end53:
	.size	HAL_FDCAN_TT_ConfigOperation, .Lfunc_end53-HAL_FDCAN_TT_ConfigOperation
	.cfi_endproc
	.cantunwind
	.fnend
                                        @ -- End function
	.section	.text.HAL_FDCAN_TT_ConfigReferenceMessage,"ax",%progbits
	.hidden	HAL_FDCAN_TT_ConfigReferenceMessage @ -- Begin function HAL_FDCAN_TT_ConfigReferenceMessage
	.globl	HAL_FDCAN_TT_ConfigReferenceMessage
	.p2align	3
	.type	HAL_FDCAN_TT_ConfigReferenceMessage,%function
	.code	16                              @ @HAL_FDCAN_TT_ConfigReferenceMessage
	.thumb_func
HAL_FDCAN_TT_ConfigReferenceMessage:
.Lfunc_begin54:
	.loc	2 3691 0 is_stmt 1              @ ../Drivers/STM32H7xx_HAL_Driver/Src/stm32h7xx_hal_fdcan.c:3691:0
	.fnstart
	.cfi_startproc
@ %bb.0:
	.pad	#20
	sub	sp, #20
	.cfi_def_cfa_offset 20
	str	r0, [sp, #12]
	str	r1, [sp, #8]
	str	r2, [sp, #4]
	str	r3, [sp]
.Ltmp586:
	.loc	2 3695 7 prologue_end           @ ../Drivers/STM32H7xx_HAL_Driver/Src/stm32h7xx_hal_fdcan.c:3695:7
	ldr	r0, [sp, #8]
.Ltmp587:
	.loc	2 3695 7 is_stmt 0              @ ../Drivers/STM32H7xx_HAL_Driver/Src/stm32h7xx_hal_fdcan.c:3695:7
	cbnz	r0, .LBB54_2
	b	.LBB54_1
.LBB54_1:
.Ltmp588:
	.loc	2 3698 3 is_stmt 1              @ ../Drivers/STM32H7xx_HAL_Driver/Src/stm32h7xx_hal_fdcan.c:3698:3
	b	.LBB54_3
.Ltmp589:
.LBB54_2:
	.loc	2 0 3 is_stmt 0                 @ ../Drivers/STM32H7xx_HAL_Driver/Src/stm32h7xx_hal_fdcan.c:0:3
	b	.LBB54_3
.LBB54_3:
.Ltmp590:
	.loc	2 3705 7 is_stmt 1              @ ../Drivers/STM32H7xx_HAL_Driver/Src/stm32h7xx_hal_fdcan.c:3705:7
	ldr	r0, [sp, #12]
	.loc	2 3705 15 is_stmt 0             @ ../Drivers/STM32H7xx_HAL_Driver/Src/stm32h7xx_hal_fdcan.c:3705:15
	ldrb.w	r0, [r0, #152]
.Ltmp591:
	.loc	2 3705 7                        @ ../Drivers/STM32H7xx_HAL_Driver/Src/stm32h7xx_hal_fdcan.c:3705:7
	cmp	r0, #1
	bne	.LBB54_8
	b	.LBB54_4
.LBB54_4:
.Ltmp592:
	.loc	2 3708 9 is_stmt 1              @ ../Drivers/STM32H7xx_HAL_Driver/Src/stm32h7xx_hal_fdcan.c:3708:9
	ldr	r0, [sp, #8]
.Ltmp593:
	.loc	2 3708 9 is_stmt 0              @ ../Drivers/STM32H7xx_HAL_Driver/Src/stm32h7xx_hal_fdcan.c:3708:9
	cmp.w	r0, #1073741824
	bne	.LBB54_6
	b	.LBB54_5
.LBB54_5:
.Ltmp594:
	.loc	2 3710 7 is_stmt 1              @ ../Drivers/STM32H7xx_HAL_Driver/Src/stm32h7xx_hal_fdcan.c:3710:7
	ldr	r0, [sp, #12]
	ldr	r0, [r0, #4]
	ldr	r0, [r0, #4]
	and	r0, r0, #536870912
	ldr	r1, [sp]
	ldr	r2, [sp, #8]
	orrs	r1, r2
	ldr	r2, [sp, #4]
	orrs	r1, r2
	orrs	r0, r1
	ldr	r1, [sp, #12]
	ldr	r1, [r1, #4]
	str	r0, [r1, #4]
	.loc	2 3712 5                        @ ../Drivers/STM32H7xx_HAL_Driver/Src/stm32h7xx_hal_fdcan.c:3712:5
	b	.LBB54_7
.Ltmp595:
.LBB54_6:
	.loc	2 3715 7                        @ ../Drivers/STM32H7xx_HAL_Driver/Src/stm32h7xx_hal_fdcan.c:3715:7
	ldr	r0, [sp, #12]
	ldr	r0, [r0, #4]
	ldr	r0, [r0, #4]
	and	r0, r0, #536870912
	ldr	r1, [sp]
	ldr	r2, [sp, #8]
	orrs	r1, r2
	ldr	r2, [sp, #4]
	orr.w	r1, r1, r2, lsl #18
	orrs	r0, r1
	ldr	r1, [sp, #12]
	ldr	r1, [r1, #4]
	str	r0, [r1, #4]
	b	.LBB54_7
.Ltmp596:
.LBB54_7:
	.loc	2 0 7 is_stmt 0                 @ ../Drivers/STM32H7xx_HAL_Driver/Src/stm32h7xx_hal_fdcan.c:0:7
	movs	r0, #0
	.loc	2 3720 5 is_stmt 1              @ ../Drivers/STM32H7xx_HAL_Driver/Src/stm32h7xx_hal_fdcan.c:3720:5
	strb.w	r0, [sp, #19]
	b	.LBB54_9
.Ltmp597:
.LBB54_8:
	.loc	2 3725 5                        @ ../Drivers/STM32H7xx_HAL_Driver/Src/stm32h7xx_hal_fdcan.c:3725:5
	ldr	r1, [sp, #12]
	.loc	2 3725 23 is_stmt 0             @ ../Drivers/STM32H7xx_HAL_Driver/Src/stm32h7xx_hal_fdcan.c:3725:23
	ldr.w	r0, [r1, #156]
	orr	r0, r0, #4
	str.w	r0, [r1, #156]
	movs	r0, #1
	.loc	2 3727 5 is_stmt 1              @ ../Drivers/STM32H7xx_HAL_Driver/Src/stm32h7xx_hal_fdcan.c:3727:5
	strb.w	r0, [sp, #19]
	b	.LBB54_9
.Ltmp598:
.LBB54_9:
	.loc	2 3729 1                        @ ../Drivers/STM32H7xx_HAL_Driver/Src/stm32h7xx_hal_fdcan.c:3729:1
	ldrb.w	r0, [sp, #19]
	.loc	2 3729 1 epilogue_begin is_stmt 0 @ ../Drivers/STM32H7xx_HAL_Driver/Src/stm32h7xx_hal_fdcan.c:3729:1
	add	sp, #20
	bx	lr
.Ltmp599:
.Lfunc_end54:
	.size	HAL_FDCAN_TT_ConfigReferenceMessage, .Lfunc_end54-HAL_FDCAN_TT_ConfigReferenceMessage
	.cfi_endproc
	.cantunwind
	.fnend
                                        @ -- End function
	.section	.text.HAL_FDCAN_TT_ConfigTrigger,"ax",%progbits
	.hidden	HAL_FDCAN_TT_ConfigTrigger      @ -- Begin function HAL_FDCAN_TT_ConfigTrigger
	.globl	HAL_FDCAN_TT_ConfigTrigger
	.p2align	3
	.type	HAL_FDCAN_TT_ConfigTrigger,%function
	.code	16                              @ @HAL_FDCAN_TT_ConfigTrigger
	.thumb_func
HAL_FDCAN_TT_ConfigTrigger:
.Lfunc_begin55:
	.loc	2 3741 0 is_stmt 1              @ ../Drivers/STM32H7xx_HAL_Driver/Src/stm32h7xx_hal_fdcan.c:3741:0
	.fnstart
	.cfi_startproc
@ %bb.0:
	.pad	#40
	sub	sp, #40
	.cfi_def_cfa_offset 40
	str	r0, [sp, #24]
	str	r1, [sp, #20]
.Ltmp600:
	.loc	2 3753 7 prologue_end           @ ../Drivers/STM32H7xx_HAL_Driver/Src/stm32h7xx_hal_fdcan.c:3753:7
	ldr	r0, [sp, #20]
	.loc	2 3753 23 is_stmt 0             @ ../Drivers/STM32H7xx_HAL_Driver/Src/stm32h7xx_hal_fdcan.c:3753:23
	ldr	r0, [r0, #8]
.Ltmp601:
	.loc	2 3753 7                        @ ../Drivers/STM32H7xx_HAL_Driver/Src/stm32h7xx_hal_fdcan.c:3753:7
	cbz	r0, .LBB55_2
	b	.LBB55_1
.LBB55_1:
.Ltmp602:
	.loc	2 3756 3 is_stmt 1              @ ../Drivers/STM32H7xx_HAL_Driver/Src/stm32h7xx_hal_fdcan.c:3756:3
	b	.LBB55_2
.Ltmp603:
.LBB55_2:
	.loc	2 3761 8                        @ ../Drivers/STM32H7xx_HAL_Driver/Src/stm32h7xx_hal_fdcan.c:3761:8
	ldr	r0, [sp, #20]
	.loc	2 3761 24 is_stmt 0             @ ../Drivers/STM32H7xx_HAL_Driver/Src/stm32h7xx_hal_fdcan.c:3761:24
	ldr	r0, [r0, #24]
	.loc	2 3761 67                       @ ../Drivers/STM32H7xx_HAL_Driver/Src/stm32h7xx_hal_fdcan.c:3761:67
	cmp	r0, #2
	beq	.LBB55_6
	b	.LBB55_3
.LBB55_3:
	.loc	2 3762 8 is_stmt 1              @ ../Drivers/STM32H7xx_HAL_Driver/Src/stm32h7xx_hal_fdcan.c:3762:8
	ldr	r0, [sp, #20]
	.loc	2 3762 24 is_stmt 0             @ ../Drivers/STM32H7xx_HAL_Driver/Src/stm32h7xx_hal_fdcan.c:3762:24
	ldr	r0, [r0, #24]
	.loc	2 3762 71                       @ ../Drivers/STM32H7xx_HAL_Driver/Src/stm32h7xx_hal_fdcan.c:3762:71
	cmp	r0, #3
	beq	.LBB55_6
	b	.LBB55_4
.LBB55_4:
	.loc	2 3763 8 is_stmt 1              @ ../Drivers/STM32H7xx_HAL_Driver/Src/stm32h7xx_hal_fdcan.c:3763:8
	ldr	r0, [sp, #20]
	.loc	2 3763 24 is_stmt 0             @ ../Drivers/STM32H7xx_HAL_Driver/Src/stm32h7xx_hal_fdcan.c:3763:24
	ldr	r0, [r0, #24]
	.loc	2 3763 72                       @ ../Drivers/STM32H7xx_HAL_Driver/Src/stm32h7xx_hal_fdcan.c:3763:72
	cmp	r0, #4
	beq	.LBB55_6
	b	.LBB55_5
.LBB55_5:
	.loc	2 3764 8 is_stmt 1              @ ../Drivers/STM32H7xx_HAL_Driver/Src/stm32h7xx_hal_fdcan.c:3764:8
	ldr	r0, [sp, #20]
	.loc	2 3764 24 is_stmt 0             @ ../Drivers/STM32H7xx_HAL_Driver/Src/stm32h7xx_hal_fdcan.c:3764:24
	ldr	r0, [r0, #24]
.Ltmp604:
	.loc	2 3761 7 is_stmt 1              @ ../Drivers/STM32H7xx_HAL_Driver/Src/stm32h7xx_hal_fdcan.c:3761:7
	cmp	r0, #5
	bne	.LBB55_7
	b	.LBB55_6
.LBB55_6:
.Ltmp605:
	.loc	2 3767 3                        @ ../Drivers/STM32H7xx_HAL_Driver/Src/stm32h7xx_hal_fdcan.c:3767:3
	b	.LBB55_7
.Ltmp606:
.LBB55_7:
	.loc	2 3768 7                        @ ../Drivers/STM32H7xx_HAL_Driver/Src/stm32h7xx_hal_fdcan.c:3768:7
	ldr	r0, [sp, #20]
	.loc	2 3768 23 is_stmt 0             @ ../Drivers/STM32H7xx_HAL_Driver/Src/stm32h7xx_hal_fdcan.c:3768:23
	ldr	r0, [r0, #24]
.Ltmp607:
	.loc	2 3768 7                        @ ../Drivers/STM32H7xx_HAL_Driver/Src/stm32h7xx_hal_fdcan.c:3768:7
	cmp	r0, #8
	bne	.LBB55_12
	b	.LBB55_8
.LBB55_8:
.Ltmp608:
	.loc	2 3770 9 is_stmt 1              @ ../Drivers/STM32H7xx_HAL_Driver/Src/stm32h7xx_hal_fdcan.c:3770:9
	ldr	r0, [sp, #20]
	.loc	2 3770 25 is_stmt 0             @ ../Drivers/STM32H7xx_HAL_Driver/Src/stm32h7xx_hal_fdcan.c:3770:25
	ldr	r0, [r0, #28]
.Ltmp609:
	.loc	2 3770 9                        @ ../Drivers/STM32H7xx_HAL_Driver/Src/stm32h7xx_hal_fdcan.c:3770:9
	cbnz	r0, .LBB55_10
	b	.LBB55_9
.LBB55_9:
.Ltmp610:
	.loc	2 3773 5 is_stmt 1              @ ../Drivers/STM32H7xx_HAL_Driver/Src/stm32h7xx_hal_fdcan.c:3773:5
	b	.LBB55_11
.Ltmp611:
.LBB55_10:
	.loc	2 0 5 is_stmt 0                 @ ../Drivers/STM32H7xx_HAL_Driver/Src/stm32h7xx_hal_fdcan.c:0:5
	b	.LBB55_11
.LBB55_11:
	.loc	2 3778 3 is_stmt 1              @ ../Drivers/STM32H7xx_HAL_Driver/Src/stm32h7xx_hal_fdcan.c:3778:3
	b	.LBB55_12
.Ltmp612:
.LBB55_12:
	.loc	2 3780 7                        @ ../Drivers/STM32H7xx_HAL_Driver/Src/stm32h7xx_hal_fdcan.c:3780:7
	ldr	r0, [sp, #24]
	.loc	2 3780 15 is_stmt 0             @ ../Drivers/STM32H7xx_HAL_Driver/Src/stm32h7xx_hal_fdcan.c:3780:15
	ldrb.w	r0, [r0, #152]
.Ltmp613:
	.loc	2 3780 7                        @ ../Drivers/STM32H7xx_HAL_Driver/Src/stm32h7xx_hal_fdcan.c:3780:7
	cmp	r0, #1
	bne	.LBB55_29
	b	.LBB55_13
.LBB55_13:
.Ltmp614:
	.loc	2 3783 9 is_stmt 1              @ ../Drivers/STM32H7xx_HAL_Driver/Src/stm32h7xx_hal_fdcan.c:3783:9
	ldr	r0, [sp, #20]
	.loc	2 3783 25 is_stmt 0             @ ../Drivers/STM32H7xx_HAL_Driver/Src/stm32h7xx_hal_fdcan.c:3783:25
	ldr	r0, [r0, #8]
.Ltmp615:
	.loc	2 3783 9                        @ ../Drivers/STM32H7xx_HAL_Driver/Src/stm32h7xx_hal_fdcan.c:3783:9
	cbnz	r0, .LBB55_15
	b	.LBB55_14
.LBB55_14:
	.loc	2 0 9                           @ ../Drivers/STM32H7xx_HAL_Driver/Src/stm32h7xx_hal_fdcan.c:0:9
	movs	r0, #0
.Ltmp616:
	.loc	2 3785 17 is_stmt 1             @ ../Drivers/STM32H7xx_HAL_Driver/Src/stm32h7xx_hal_fdcan.c:3785:17
	str	r0, [sp, #16]
	.loc	2 3786 5                        @ ../Drivers/STM32H7xx_HAL_Driver/Src/stm32h7xx_hal_fdcan.c:3786:5
	b	.LBB55_16
.Ltmp617:
.LBB55_15:
	.loc	2 3789 19                       @ ../Drivers/STM32H7xx_HAL_Driver/Src/stm32h7xx_hal_fdcan.c:3789:19
	ldr	r1, [sp, #20]
	.loc	2 3789 35 is_stmt 0             @ ../Drivers/STM32H7xx_HAL_Driver/Src/stm32h7xx_hal_fdcan.c:3789:35
	ldr	r0, [r1, #8]
	.loc	2 3789 66                       @ ../Drivers/STM32H7xx_HAL_Driver/Src/stm32h7xx_hal_fdcan.c:3789:66
	ldr	r1, [r1, #12]
	.loc	2 3789 48                       @ ../Drivers/STM32H7xx_HAL_Driver/Src/stm32h7xx_hal_fdcan.c:3789:48
	add	r0, r1
	.loc	2 3789 17                       @ ../Drivers/STM32H7xx_HAL_Driver/Src/stm32h7xx_hal_fdcan.c:3789:17
	str	r0, [sp, #16]
	b	.LBB55_16
.Ltmp618:
.LBB55_16:
	.loc	2 3793 26 is_stmt 1             @ ../Drivers/STM32H7xx_HAL_Driver/Src/stm32h7xx_hal_fdcan.c:3793:26
	ldr	r1, [sp, #20]
	.loc	2 3793 42 is_stmt 0             @ ../Drivers/STM32H7xx_HAL_Driver/Src/stm32h7xx_hal_fdcan.c:3793:42
	ldr	r0, [r1, #4]
	.loc	2 3795 41 is_stmt 1             @ ../Drivers/STM32H7xx_HAL_Driver/Src/stm32h7xx_hal_fdcan.c:3795:41
	ldr	r3, [r1, #16]
	.loc	2 3796 41                       @ ../Drivers/STM32H7xx_HAL_Driver/Src/stm32h7xx_hal_fdcan.c:3796:41
	ldr	r2, [r1, #20]
	.loc	2 3797 41                       @ ../Drivers/STM32H7xx_HAL_Driver/Src/stm32h7xx_hal_fdcan.c:3797:41
	ldr	r1, [r1, #24]
	.loc	2 3793 51                       @ ../Drivers/STM32H7xx_HAL_Driver/Src/stm32h7xx_hal_fdcan.c:3793:51
	lsls	r0, r0, #16
	.loc	2 3794 26                       @ ../Drivers/STM32H7xx_HAL_Driver/Src/stm32h7xx_hal_fdcan.c:3794:26
	ldr.w	r12, [sp, #16]
	.loc	2 3793 58                       @ ../Drivers/STM32H7xx_HAL_Driver/Src/stm32h7xx_hal_fdcan.c:3793:58
	orr.w	r0, r0, r12, lsl #8
	.loc	2 3794 58                       @ ../Drivers/STM32H7xx_HAL_Driver/Src/stm32h7xx_hal_fdcan.c:3794:58
	orrs	r0, r3
	.loc	2 3795 58                       @ ../Drivers/STM32H7xx_HAL_Driver/Src/stm32h7xx_hal_fdcan.c:3795:58
	orrs	r0, r2
	.loc	2 3796 58                       @ ../Drivers/STM32H7xx_HAL_Driver/Src/stm32h7xx_hal_fdcan.c:3796:58
	orrs	r0, r1
	.loc	2 3793 22                       @ ../Drivers/STM32H7xx_HAL_Driver/Src/stm32h7xx_hal_fdcan.c:3793:22
	str	r0, [sp, #8]
.Ltmp619:
	.loc	2 3800 9                        @ ../Drivers/STM32H7xx_HAL_Driver/Src/stm32h7xx_hal_fdcan.c:3800:9
	ldr	r0, [sp, #20]
	.loc	2 3800 25 is_stmt 0             @ ../Drivers/STM32H7xx_HAL_Driver/Src/stm32h7xx_hal_fdcan.c:3800:25
	ldr	r0, [r0, #24]
.Ltmp620:
	.loc	2 3800 9                        @ ../Drivers/STM32H7xx_HAL_Driver/Src/stm32h7xx_hal_fdcan.c:3800:9
	cmp	r0, #8
	bne	.LBB55_18
	b	.LBB55_17
.LBB55_17:
.Ltmp621:
	.loc	2 3802 23 is_stmt 1             @ ../Drivers/STM32H7xx_HAL_Driver/Src/stm32h7xx_hal_fdcan.c:3802:23
	ldr	r0, [sp, #20]
	.loc	2 3802 39 is_stmt 0             @ ../Drivers/STM32H7xx_HAL_Driver/Src/stm32h7xx_hal_fdcan.c:3802:39
	ldr	r0, [r0, #36]
	.loc	2 3802 21                       @ ../Drivers/STM32H7xx_HAL_Driver/Src/stm32h7xx_hal_fdcan.c:3802:21
	str	r0, [sp, #12]
	.loc	2 3803 5 is_stmt 1              @ ../Drivers/STM32H7xx_HAL_Driver/Src/stm32h7xx_hal_fdcan.c:3803:5
	b	.LBB55_28
.Ltmp622:
.LBB55_18:
	.loc	2 3804 15                       @ ../Drivers/STM32H7xx_HAL_Driver/Src/stm32h7xx_hal_fdcan.c:3804:15
	ldr	r0, [sp, #20]
	.loc	2 3804 31 is_stmt 0             @ ../Drivers/STM32H7xx_HAL_Driver/Src/stm32h7xx_hal_fdcan.c:3804:31
	ldr	r0, [r0, #24]
	.loc	2 3804 74                       @ ../Drivers/STM32H7xx_HAL_Driver/Src/stm32h7xx_hal_fdcan.c:3804:74
	cmp	r0, #2
	beq	.LBB55_22
	b	.LBB55_19
.LBB55_19:
	.loc	2 3805 15 is_stmt 1             @ ../Drivers/STM32H7xx_HAL_Driver/Src/stm32h7xx_hal_fdcan.c:3805:15
	ldr	r0, [sp, #20]
	.loc	2 3805 31 is_stmt 0             @ ../Drivers/STM32H7xx_HAL_Driver/Src/stm32h7xx_hal_fdcan.c:3805:31
	ldr	r0, [r0, #24]
	.loc	2 3805 78                       @ ../Drivers/STM32H7xx_HAL_Driver/Src/stm32h7xx_hal_fdcan.c:3805:78
	cmp	r0, #3
	beq	.LBB55_22
	b	.LBB55_20
.LBB55_20:
	.loc	2 3806 15 is_stmt 1             @ ../Drivers/STM32H7xx_HAL_Driver/Src/stm32h7xx_hal_fdcan.c:3806:15
	ldr	r0, [sp, #20]
	.loc	2 3806 31 is_stmt 0             @ ../Drivers/STM32H7xx_HAL_Driver/Src/stm32h7xx_hal_fdcan.c:3806:31
	ldr	r0, [r0, #24]
	.loc	2 3806 79                       @ ../Drivers/STM32H7xx_HAL_Driver/Src/stm32h7xx_hal_fdcan.c:3806:79
	cmp	r0, #4
	beq	.LBB55_22
	b	.LBB55_21
.LBB55_21:
	.loc	2 3807 15 is_stmt 1             @ ../Drivers/STM32H7xx_HAL_Driver/Src/stm32h7xx_hal_fdcan.c:3807:15
	ldr	r0, [sp, #20]
	.loc	2 3807 31 is_stmt 0             @ ../Drivers/STM32H7xx_HAL_Driver/Src/stm32h7xx_hal_fdcan.c:3807:31
	ldr	r0, [r0, #24]
.Ltmp623:
	.loc	2 3804 14 is_stmt 1             @ ../Drivers/STM32H7xx_HAL_Driver/Src/stm32h7xx_hal_fdcan.c:3804:14
	cmp	r0, #5
	bne	.LBB55_26
	b	.LBB55_22
.LBB55_22:
.Ltmp624:
	.loc	2 3809 23                       @ ../Drivers/STM32H7xx_HAL_Driver/Src/stm32h7xx_hal_fdcan.c:3809:23
	ldr	r0, [sp, #20]
	ldr	r0, [r0, #32]
	rbit	r0, r0
	str	r0, [sp, #32]
.Ltmp625:
	.loc	7 306 7                         @ ../Drivers/CMSIS/Include\cmsis_armclang.h:306:7
	ldr	r0, [sp, #32]
.Ltmp626:
	.loc	7 306 7 is_stmt 0               @ ../Drivers/CMSIS/Include\cmsis_armclang.h:306:7
	cbnz	r0, .LBB55_24
	b	.LBB55_23
.LBB55_23:
	.loc	7 0 7                           @ ../Drivers/CMSIS/Include\cmsis_armclang.h:0:7
	movs	r0, #32
.Ltmp627:
	.loc	7 308 5 is_stmt 1               @ ../Drivers/CMSIS/Include\cmsis_armclang.h:308:5
	strb.w	r0, [sp, #39]
	b	.LBB55_25
.Ltmp628:
.LBB55_24:
	.loc	7 310 24                        @ ../Drivers/CMSIS/Include\cmsis_armclang.h:310:24
	ldr	r0, [sp, #32]
	.loc	7 310 10 is_stmt 0              @ ../Drivers/CMSIS/Include\cmsis_armclang.h:310:10
	clz	r0, r0
	.loc	7 310 3                         @ ../Drivers/CMSIS/Include\cmsis_armclang.h:310:3
	strb.w	r0, [sp, #39]
	b	.LBB55_25
.LBB55_25:
	.loc	7 311 1 is_stmt 1               @ ../Drivers/CMSIS/Include\cmsis_armclang.h:311:1
	ldrb.w	r0, [sp, #39]
.Ltmp629:
	.loc	2 3809 21                       @ ../Drivers/STM32H7xx_HAL_Driver/Src/stm32h7xx_hal_fdcan.c:3809:21
	str	r0, [sp, #12]
	.loc	2 3810 5                        @ ../Drivers/STM32H7xx_HAL_Driver/Src/stm32h7xx_hal_fdcan.c:3810:5
	b	.LBB55_27
.Ltmp630:
.LBB55_26:
	.loc	2 0 5 is_stmt 0                 @ ../Drivers/STM32H7xx_HAL_Driver/Src/stm32h7xx_hal_fdcan.c:0:5
	movs	r0, #0
.Ltmp631:
	.loc	2 3813 21 is_stmt 1             @ ../Drivers/STM32H7xx_HAL_Driver/Src/stm32h7xx_hal_fdcan.c:3813:21
	str	r0, [sp, #12]
	b	.LBB55_27
.Ltmp632:
.LBB55_27:
	.loc	2 0 21 is_stmt 0                @ ../Drivers/STM32H7xx_HAL_Driver/Src/stm32h7xx_hal_fdcan.c:0:21
	b	.LBB55_28
.LBB55_28:
	.loc	2 3817 26 is_stmt 1             @ ../Drivers/STM32H7xx_HAL_Driver/Src/stm32h7xx_hal_fdcan.c:3817:26
	ldr	r0, [sp, #20]
	.loc	2 3817 42 is_stmt 0             @ ../Drivers/STM32H7xx_HAL_Driver/Src/stm32h7xx_hal_fdcan.c:3817:42
	ldr	r0, [r0, #28]
	.loc	2 3817 53                       @ ../Drivers/STM32H7xx_HAL_Driver/Src/stm32h7xx_hal_fdcan.c:3817:53
	lsrs	r0, r0, #7
	.loc	2 3817 62                       @ ../Drivers/STM32H7xx_HAL_Driver/Src/stm32h7xx_hal_fdcan.c:3817:62
	ldr	r1, [sp, #12]
	.loc	2 3817 59                       @ ../Drivers/STM32H7xx_HAL_Driver/Src/stm32h7xx_hal_fdcan.c:3817:59
	orr.w	r0, r0, r1, lsl #16
	.loc	2 3817 22                       @ ../Drivers/STM32H7xx_HAL_Driver/Src/stm32h7xx_hal_fdcan.c:3817:22
	str	r0, [sp, #4]
	.loc	2 3820 35 is_stmt 1             @ ../Drivers/STM32H7xx_HAL_Driver/Src/stm32h7xx_hal_fdcan.c:3820:35
	ldr	r0, [sp, #24]
	.loc	2 3820 50 is_stmt 0             @ ../Drivers/STM32H7xx_HAL_Driver/Src/stm32h7xx_hal_fdcan.c:3820:50
	ldr.w	r0, [r0, #140]
	.loc	2 3820 64                       @ ../Drivers/STM32H7xx_HAL_Driver/Src/stm32h7xx_hal_fdcan.c:3820:64
	ldr	r1, [sp, #20]
	.loc	2 3820 80                       @ ../Drivers/STM32H7xx_HAL_Driver/Src/stm32h7xx_hal_fdcan.c:3820:80
	ldr	r1, [r1]
	.loc	2 3820 61                       @ ../Drivers/STM32H7xx_HAL_Driver/Src/stm32h7xx_hal_fdcan.c:3820:61
	add.w	r0, r0, r1, lsl #3
	.loc	2 3820 20                       @ ../Drivers/STM32H7xx_HAL_Driver/Src/stm32h7xx_hal_fdcan.c:3820:20
	str	r0, [sp]
	.loc	2 3823 23 is_stmt 1             @ ../Drivers/STM32H7xx_HAL_Driver/Src/stm32h7xx_hal_fdcan.c:3823:23
	ldr	r0, [sp, #8]
	.loc	2 3823 6 is_stmt 0              @ ../Drivers/STM32H7xx_HAL_Driver/Src/stm32h7xx_hal_fdcan.c:3823:6
	ldr	r1, [sp]
	.loc	2 3823 21                       @ ../Drivers/STM32H7xx_HAL_Driver/Src/stm32h7xx_hal_fdcan.c:3823:21
	str	r0, [r1]
	.loc	2 3824 19 is_stmt 1             @ ../Drivers/STM32H7xx_HAL_Driver/Src/stm32h7xx_hal_fdcan.c:3824:19
	ldr	r0, [sp]
	adds	r0, #4
	str	r0, [sp]
	.loc	2 3825 23                       @ ../Drivers/STM32H7xx_HAL_Driver/Src/stm32h7xx_hal_fdcan.c:3825:23
	ldr	r0, [sp, #4]
	.loc	2 3825 6 is_stmt 0              @ ../Drivers/STM32H7xx_HAL_Driver/Src/stm32h7xx_hal_fdcan.c:3825:6
	ldr	r1, [sp]
	.loc	2 3825 21                       @ ../Drivers/STM32H7xx_HAL_Driver/Src/stm32h7xx_hal_fdcan.c:3825:21
	str	r0, [r1]
	movs	r0, #0
	.loc	2 3828 5 is_stmt 1              @ ../Drivers/STM32H7xx_HAL_Driver/Src/stm32h7xx_hal_fdcan.c:3828:5
	strb.w	r0, [sp, #31]
	b	.LBB55_30
.Ltmp633:
.LBB55_29:
	.loc	2 3833 5                        @ ../Drivers/STM32H7xx_HAL_Driver/Src/stm32h7xx_hal_fdcan.c:3833:5
	ldr	r1, [sp, #24]
	.loc	2 3833 23 is_stmt 0             @ ../Drivers/STM32H7xx_HAL_Driver/Src/stm32h7xx_hal_fdcan.c:3833:23
	ldr.w	r0, [r1, #156]
	orr	r0, r0, #4
	str.w	r0, [r1, #156]
	movs	r0, #1
	.loc	2 3835 5 is_stmt 1              @ ../Drivers/STM32H7xx_HAL_Driver/Src/stm32h7xx_hal_fdcan.c:3835:5
	strb.w	r0, [sp, #31]
	b	.LBB55_30
.Ltmp634:
.LBB55_30:
	.loc	2 3837 1                        @ ../Drivers/STM32H7xx_HAL_Driver/Src/stm32h7xx_hal_fdcan.c:3837:1
	ldrb.w	r0, [sp, #31]
	.loc	2 3837 1 epilogue_begin is_stmt 0 @ ../Drivers/STM32H7xx_HAL_Driver/Src/stm32h7xx_hal_fdcan.c:3837:1
	add	sp, #40
	bx	lr
.Ltmp635:
.Lfunc_end55:
	.size	HAL_FDCAN_TT_ConfigTrigger, .Lfunc_end55-HAL_FDCAN_TT_ConfigTrigger
	.cfi_endproc
	.cantunwind
	.fnend
                                        @ -- End function
	.section	.text.HAL_FDCAN_TT_SetGlobalTime,"ax",%progbits
	.hidden	HAL_FDCAN_TT_SetGlobalTime      @ -- Begin function HAL_FDCAN_TT_SetGlobalTime
	.globl	HAL_FDCAN_TT_SetGlobalTime
	.p2align	3
	.type	HAL_FDCAN_TT_SetGlobalTime,%function
	.code	16                              @ @HAL_FDCAN_TT_SetGlobalTime
	.thumb_func
HAL_FDCAN_TT_SetGlobalTime:
.Lfunc_begin56:
	.loc	2 3851 0 is_stmt 1              @ ../Drivers/STM32H7xx_HAL_Driver/Src/stm32h7xx_hal_fdcan.c:3851:0
	.fnstart
	.cfi_startproc
@ %bb.0:
	.pad	#20
	sub	sp, #20
	.cfi_def_cfa_offset 20
	str	r0, [sp, #12]
	str	r1, [sp, #8]
	movs	r0, #0
.Ltmp636:
	.loc	2 3852 12 prologue_end          @ ../Drivers/STM32H7xx_HAL_Driver/Src/stm32h7xx_hal_fdcan.c:3852:12
	str	r0, [sp, #4]
	.loc	2 3853 34                       @ ../Drivers/STM32H7xx_HAL_Driver/Src/stm32h7xx_hal_fdcan.c:3853:34
	ldr	r0, [sp, #12]
	.loc	2 3853 42 is_stmt 0             @ ../Drivers/STM32H7xx_HAL_Driver/Src/stm32h7xx_hal_fdcan.c:3853:42
	ldrb.w	r0, [r0, #152]
	.loc	2 3853 26                       @ ../Drivers/STM32H7xx_HAL_Driver/Src/stm32h7xx_hal_fdcan.c:3853:26
	strb.w	r0, [sp, #3]
.Ltmp637:
	.loc	2 3859 8 is_stmt 1              @ ../Drivers/STM32H7xx_HAL_Driver/Src/stm32h7xx_hal_fdcan.c:3859:8
	ldrb.w	r0, [sp, #3]
	.loc	2 3859 40 is_stmt 0             @ ../Drivers/STM32H7xx_HAL_Driver/Src/stm32h7xx_hal_fdcan.c:3859:40
	cmp	r0, #1
	beq	.LBB56_2
	b	.LBB56_1
.LBB56_1:
	.loc	2 3859 44                       @ ../Drivers/STM32H7xx_HAL_Driver/Src/stm32h7xx_hal_fdcan.c:3859:44
	ldrb.w	r0, [sp, #3]
.Ltmp638:
	.loc	2 3859 7                        @ ../Drivers/STM32H7xx_HAL_Driver/Src/stm32h7xx_hal_fdcan.c:3859:7
	cmp	r0, #2
	bne	.LBB56_12
	b	.LBB56_2
.LBB56_2:
.Ltmp639:
	.loc	2 3862 10 is_stmt 1             @ ../Drivers/STM32H7xx_HAL_Driver/Src/stm32h7xx_hal_fdcan.c:3862:10
	ldr	r0, [sp, #12]
	.loc	2 3862 18 is_stmt 0             @ ../Drivers/STM32H7xx_HAL_Driver/Src/stm32h7xx_hal_fdcan.c:3862:18
	ldr	r0, [r0, #4]
	.loc	2 3862 25                       @ ../Drivers/STM32H7xx_HAL_Driver/Src/stm32h7xx_hal_fdcan.c:3862:25
	ldr	r0, [r0, #8]
	.loc	2 3862 31                       @ ../Drivers/STM32H7xx_HAL_Driver/Src/stm32h7xx_hal_fdcan.c:3862:31
	and	r0, r0, #32768
.Ltmp640:
	.loc	2 3862 9                        @ ../Drivers/STM32H7xx_HAL_Driver/Src/stm32h7xx_hal_fdcan.c:3862:9
	cmp.w	r0, #32768
	beq	.LBB56_4
	b	.LBB56_3
.LBB56_3:
.Ltmp641:
	.loc	2 3865 7 is_stmt 1              @ ../Drivers/STM32H7xx_HAL_Driver/Src/stm32h7xx_hal_fdcan.c:3865:7
	ldr	r1, [sp, #12]
	.loc	2 3865 25 is_stmt 0             @ ../Drivers/STM32H7xx_HAL_Driver/Src/stm32h7xx_hal_fdcan.c:3865:25
	ldr.w	r0, [r1, #156]
	orr	r0, r0, #16
	str.w	r0, [r1, #156]
	movs	r0, #1
	.loc	2 3867 7 is_stmt 1              @ ../Drivers/STM32H7xx_HAL_Driver/Src/stm32h7xx_hal_fdcan.c:3867:7
	strb.w	r0, [sp, #19]
	b	.LBB56_13
.Ltmp642:
.LBB56_4:
	.loc	2 3871 10                       @ ../Drivers/STM32H7xx_HAL_Driver/Src/stm32h7xx_hal_fdcan.c:3871:10
	ldr	r0, [sp, #12]
	.loc	2 3871 18 is_stmt 0             @ ../Drivers/STM32H7xx_HAL_Driver/Src/stm32h7xx_hal_fdcan.c:3871:18
	ldr	r0, [r0, #4]
	.loc	2 3871 25                       @ ../Drivers/STM32H7xx_HAL_Driver/Src/stm32h7xx_hal_fdcan.c:3871:25
	ldr	r0, [r0, #44]
.Ltmp643:
	.loc	2 3871 9                        @ ../Drivers/STM32H7xx_HAL_Driver/Src/stm32h7xx_hal_fdcan.c:3871:9
	lsls	r0, r0, #9
	cmp	r0, #0
	bpl	.LBB56_6
	b	.LBB56_5
.LBB56_5:
.Ltmp644:
	.loc	2 3874 7 is_stmt 1              @ ../Drivers/STM32H7xx_HAL_Driver/Src/stm32h7xx_hal_fdcan.c:3874:7
	ldr	r1, [sp, #12]
	.loc	2 3874 25 is_stmt 0             @ ../Drivers/STM32H7xx_HAL_Driver/Src/stm32h7xx_hal_fdcan.c:3874:25
	ldr.w	r0, [r1, #156]
	orr	r0, r0, #64
	str.w	r0, [r1, #156]
	movs	r0, #1
	.loc	2 3876 7 is_stmt 1              @ ../Drivers/STM32H7xx_HAL_Driver/Src/stm32h7xx_hal_fdcan.c:3876:7
	strb.w	r0, [sp, #19]
	b	.LBB56_13
.Ltmp645:
.LBB56_6:
	.loc	2 3880 5                        @ ../Drivers/STM32H7xx_HAL_Driver/Src/stm32h7xx_hal_fdcan.c:3880:5
	ldr	r0, [sp, #12]
	ldr	r0, [r0, #4]
	ldr	r0, [r0, #24]
	movw	r1, #65535
	bics	r0, r1
	ldr	r1, [sp, #8]
	orrs	r0, r1
	ldr	r1, [sp, #12]
	ldr	r1, [r1, #4]
	str	r0, [r1, #24]
	.loc	2 3883 5                        @ ../Drivers/STM32H7xx_HAL_Driver/Src/stm32h7xx_hal_fdcan.c:3883:5
	b	.LBB56_7
.LBB56_7:                               @ =>This Inner Loop Header: Depth=1
	.loc	2 3883 13 is_stmt 0             @ ../Drivers/STM32H7xx_HAL_Driver/Src/stm32h7xx_hal_fdcan.c:3883:13
	ldr	r0, [sp, #12]
	.loc	2 3883 21                       @ ../Drivers/STM32H7xx_HAL_Driver/Src/stm32h7xx_hal_fdcan.c:3883:21
	ldr	r0, [r0, #4]
	.loc	2 3883 28                       @ ../Drivers/STM32H7xx_HAL_Driver/Src/stm32h7xx_hal_fdcan.c:3883:28
	ldr	r0, [r0, #20]
	.loc	2 3883 5                        @ ../Drivers/STM32H7xx_HAL_Driver/Src/stm32h7xx_hal_fdcan.c:3883:5
	lsls	r0, r0, #16
	cmp	r0, #0
	bpl	.LBB56_11
	b	.LBB56_8
.LBB56_8:                               @   in Loop: Header=BB56_7 Depth=1
.Ltmp646:
	.loc	2 3886 11 is_stmt 1             @ ../Drivers/STM32H7xx_HAL_Driver/Src/stm32h7xx_hal_fdcan.c:3886:11
	ldr	r0, [sp, #4]
.Ltmp647:
	.loc	2 3886 11 is_stmt 0             @ ../Drivers/STM32H7xx_HAL_Driver/Src/stm32h7xx_hal_fdcan.c:3886:11
	cmp	r0, #51
	blo	.LBB56_10
	b	.LBB56_9
.LBB56_9:
.Ltmp648:
	.loc	2 3889 9 is_stmt 1              @ ../Drivers/STM32H7xx_HAL_Driver/Src/stm32h7xx_hal_fdcan.c:3889:9
	ldr	r1, [sp, #12]
	.loc	2 3889 27 is_stmt 0             @ ../Drivers/STM32H7xx_HAL_Driver/Src/stm32h7xx_hal_fdcan.c:3889:27
	ldr.w	r0, [r1, #156]
	orr	r0, r0, #1
	str.w	r0, [r1, #156]
	.loc	2 3892 9 is_stmt 1              @ ../Drivers/STM32H7xx_HAL_Driver/Src/stm32h7xx_hal_fdcan.c:3892:9
	ldr	r1, [sp, #12]
	movs	r0, #3
	.loc	2 3892 23 is_stmt 0             @ ../Drivers/STM32H7xx_HAL_Driver/Src/stm32h7xx_hal_fdcan.c:3892:23
	strb.w	r0, [r1, #152]
	movs	r0, #1
	.loc	2 3894 9 is_stmt 1              @ ../Drivers/STM32H7xx_HAL_Driver/Src/stm32h7xx_hal_fdcan.c:3894:9
	strb.w	r0, [sp, #19]
	b	.LBB56_13
.Ltmp649:
.LBB56_10:                              @   in Loop: Header=BB56_7 Depth=1
	.loc	2 3898 14                       @ ../Drivers/STM32H7xx_HAL_Driver/Src/stm32h7xx_hal_fdcan.c:3898:14
	ldr	r0, [sp, #4]
	adds	r0, #1
	str	r0, [sp, #4]
.Ltmp650:
	.loc	2 3883 5                        @ ../Drivers/STM32H7xx_HAL_Driver/Src/stm32h7xx_hal_fdcan.c:3883:5
	b	.LBB56_7
.LBB56_11:
	.loc	2 3902 5                        @ ../Drivers/STM32H7xx_HAL_Driver/Src/stm32h7xx_hal_fdcan.c:3902:5
	ldr	r0, [sp, #12]
	ldr	r1, [r0, #4]
	ldr	r0, [r1, #20]
	orr	r0, r0, #1
	str	r0, [r1, #20]
	movs	r0, #0
	.loc	2 3905 5                        @ ../Drivers/STM32H7xx_HAL_Driver/Src/stm32h7xx_hal_fdcan.c:3905:5
	strb.w	r0, [sp, #19]
	b	.LBB56_13
.Ltmp651:
.LBB56_12:
	.loc	2 3910 5                        @ ../Drivers/STM32H7xx_HAL_Driver/Src/stm32h7xx_hal_fdcan.c:3910:5
	ldr	r1, [sp, #12]
	.loc	2 3910 23 is_stmt 0             @ ../Drivers/STM32H7xx_HAL_Driver/Src/stm32h7xx_hal_fdcan.c:3910:23
	ldr.w	r0, [r1, #156]
	orr	r0, r0, #2
	str.w	r0, [r1, #156]
	movs	r0, #1
	.loc	2 3912 5 is_stmt 1              @ ../Drivers/STM32H7xx_HAL_Driver/Src/stm32h7xx_hal_fdcan.c:3912:5
	strb.w	r0, [sp, #19]
	b	.LBB56_13
.Ltmp652:
.LBB56_13:
	.loc	2 3914 1                        @ ../Drivers/STM32H7xx_HAL_Driver/Src/stm32h7xx_hal_fdcan.c:3914:1
	ldrb.w	r0, [sp, #19]
	.loc	2 3914 1 epilogue_begin is_stmt 0 @ ../Drivers/STM32H7xx_HAL_Driver/Src/stm32h7xx_hal_fdcan.c:3914:1
	add	sp, #20
	bx	lr
.Ltmp653:
.Lfunc_end56:
	.size	HAL_FDCAN_TT_SetGlobalTime, .Lfunc_end56-HAL_FDCAN_TT_SetGlobalTime
	.cfi_endproc
	.cantunwind
	.fnend
                                        @ -- End function
	.section	.text.HAL_FDCAN_TT_SetClockSynchronization,"ax",%progbits
	.hidden	HAL_FDCAN_TT_SetClockSynchronization @ -- Begin function HAL_FDCAN_TT_SetClockSynchronization
	.globl	HAL_FDCAN_TT_SetClockSynchronization
	.p2align	3
	.type	HAL_FDCAN_TT_SetClockSynchronization,%function
	.code	16                              @ @HAL_FDCAN_TT_SetClockSynchronization
	.thumb_func
HAL_FDCAN_TT_SetClockSynchronization:
.Lfunc_begin57:
	.loc	2 3925 0 is_stmt 1              @ ../Drivers/STM32H7xx_HAL_Driver/Src/stm32h7xx_hal_fdcan.c:3925:0
	.fnstart
	.cfi_startproc
@ %bb.0:
	.pad	#20
	sub	sp, #20
	.cfi_def_cfa_offset 20
	str	r0, [sp, #12]
	str	r1, [sp, #8]
	movs	r0, #0
.Ltmp654:
	.loc	2 3926 12 prologue_end          @ ../Drivers/STM32H7xx_HAL_Driver/Src/stm32h7xx_hal_fdcan.c:3926:12
	str	r0, [sp, #4]
	.loc	2 3927 34                       @ ../Drivers/STM32H7xx_HAL_Driver/Src/stm32h7xx_hal_fdcan.c:3927:34
	ldr	r0, [sp, #12]
	.loc	2 3927 42 is_stmt 0             @ ../Drivers/STM32H7xx_HAL_Driver/Src/stm32h7xx_hal_fdcan.c:3927:42
	ldrb.w	r0, [r0, #152]
	.loc	2 3927 26                       @ ../Drivers/STM32H7xx_HAL_Driver/Src/stm32h7xx_hal_fdcan.c:3927:26
	strb.w	r0, [sp, #3]
.Ltmp655:
	.loc	2 3933 8 is_stmt 1              @ ../Drivers/STM32H7xx_HAL_Driver/Src/stm32h7xx_hal_fdcan.c:3933:8
	ldrb.w	r0, [sp, #3]
	.loc	2 3933 40 is_stmt 0             @ ../Drivers/STM32H7xx_HAL_Driver/Src/stm32h7xx_hal_fdcan.c:3933:40
	cmp	r0, #1
	beq	.LBB57_2
	b	.LBB57_1
.LBB57_1:
	.loc	2 3933 44                       @ ../Drivers/STM32H7xx_HAL_Driver/Src/stm32h7xx_hal_fdcan.c:3933:44
	ldrb.w	r0, [sp, #3]
.Ltmp656:
	.loc	2 3933 7                        @ ../Drivers/STM32H7xx_HAL_Driver/Src/stm32h7xx_hal_fdcan.c:3933:7
	cmp	r0, #2
	bne	.LBB57_12
	b	.LBB57_2
.LBB57_2:
.Ltmp657:
	.loc	2 3936 10 is_stmt 1             @ ../Drivers/STM32H7xx_HAL_Driver/Src/stm32h7xx_hal_fdcan.c:3936:10
	ldr	r0, [sp, #12]
	.loc	2 3936 18 is_stmt 0             @ ../Drivers/STM32H7xx_HAL_Driver/Src/stm32h7xx_hal_fdcan.c:3936:18
	ldr	r0, [r0, #4]
	.loc	2 3936 25                       @ ../Drivers/STM32H7xx_HAL_Driver/Src/stm32h7xx_hal_fdcan.c:3936:25
	ldr	r0, [r0, #8]
	.loc	2 3936 31                       @ ../Drivers/STM32H7xx_HAL_Driver/Src/stm32h7xx_hal_fdcan.c:3936:31
	and	r0, r0, #32768
.Ltmp658:
	.loc	2 3936 9                        @ ../Drivers/STM32H7xx_HAL_Driver/Src/stm32h7xx_hal_fdcan.c:3936:9
	cmp.w	r0, #32768
	beq	.LBB57_4
	b	.LBB57_3
.LBB57_3:
.Ltmp659:
	.loc	2 3939 7 is_stmt 1              @ ../Drivers/STM32H7xx_HAL_Driver/Src/stm32h7xx_hal_fdcan.c:3939:7
	ldr	r1, [sp, #12]
	.loc	2 3939 25 is_stmt 0             @ ../Drivers/STM32H7xx_HAL_Driver/Src/stm32h7xx_hal_fdcan.c:3939:25
	ldr.w	r0, [r1, #156]
	orr	r0, r0, #16
	str.w	r0, [r1, #156]
	movs	r0, #1
	.loc	2 3941 7 is_stmt 1              @ ../Drivers/STM32H7xx_HAL_Driver/Src/stm32h7xx_hal_fdcan.c:3941:7
	strb.w	r0, [sp, #19]
	b	.LBB57_13
.Ltmp660:
.LBB57_4:
	.loc	2 3945 10                       @ ../Drivers/STM32H7xx_HAL_Driver/Src/stm32h7xx_hal_fdcan.c:3945:10
	ldr	r0, [sp, #12]
	.loc	2 3945 18 is_stmt 0             @ ../Drivers/STM32H7xx_HAL_Driver/Src/stm32h7xx_hal_fdcan.c:3945:18
	ldr	r0, [r0, #4]
	.loc	2 3945 25                       @ ../Drivers/STM32H7xx_HAL_Driver/Src/stm32h7xx_hal_fdcan.c:3945:25
	ldr	r0, [r0, #44]
.Ltmp661:
	.loc	2 3945 9                        @ ../Drivers/STM32H7xx_HAL_Driver/Src/stm32h7xx_hal_fdcan.c:3945:9
	lsls	r0, r0, #1
	cmp	r0, #0
	bpl	.LBB57_6
	b	.LBB57_5
.LBB57_5:
.Ltmp662:
	.loc	2 3948 7 is_stmt 1              @ ../Drivers/STM32H7xx_HAL_Driver/Src/stm32h7xx_hal_fdcan.c:3948:7
	ldr	r1, [sp, #12]
	.loc	2 3948 25 is_stmt 0             @ ../Drivers/STM32H7xx_HAL_Driver/Src/stm32h7xx_hal_fdcan.c:3948:25
	ldr.w	r0, [r1, #156]
	orr	r0, r0, #64
	str.w	r0, [r1, #156]
	movs	r0, #1
	.loc	2 3950 7 is_stmt 1              @ ../Drivers/STM32H7xx_HAL_Driver/Src/stm32h7xx_hal_fdcan.c:3950:7
	strb.w	r0, [sp, #19]
	b	.LBB57_13
.Ltmp663:
.LBB57_6:
	.loc	2 3954 5                        @ ../Drivers/STM32H7xx_HAL_Driver/Src/stm32h7xx_hal_fdcan.c:3954:5
	ldr	r0, [sp, #12]
	ldr	r0, [r0, #4]
	ldr	r0, [r0, #16]
	movw	r1, #65535
	bics	r0, r1
	ldr	r1, [sp, #8]
	sub.w	r1, r1, #65536
	orrs	r0, r1
	ldr	r1, [sp, #12]
	ldr	r1, [r1, #4]
	str	r0, [r1, #16]
	.loc	2 3957 5                        @ ../Drivers/STM32H7xx_HAL_Driver/Src/stm32h7xx_hal_fdcan.c:3957:5
	b	.LBB57_7
.LBB57_7:                               @ =>This Inner Loop Header: Depth=1
	.loc	2 3957 13 is_stmt 0             @ ../Drivers/STM32H7xx_HAL_Driver/Src/stm32h7xx_hal_fdcan.c:3957:13
	ldr	r0, [sp, #12]
	.loc	2 3957 21                       @ ../Drivers/STM32H7xx_HAL_Driver/Src/stm32h7xx_hal_fdcan.c:3957:21
	ldr	r0, [r0, #4]
	.loc	2 3957 28                       @ ../Drivers/STM32H7xx_HAL_Driver/Src/stm32h7xx_hal_fdcan.c:3957:28
	ldr	r0, [r0, #20]
	.loc	2 3957 5                        @ ../Drivers/STM32H7xx_HAL_Driver/Src/stm32h7xx_hal_fdcan.c:3957:5
	lsls	r0, r0, #16
	cmp	r0, #0
	bpl	.LBB57_11
	b	.LBB57_8
.LBB57_8:                               @   in Loop: Header=BB57_7 Depth=1
.Ltmp664:
	.loc	2 3960 11 is_stmt 1             @ ../Drivers/STM32H7xx_HAL_Driver/Src/stm32h7xx_hal_fdcan.c:3960:11
	ldr	r0, [sp, #4]
.Ltmp665:
	.loc	2 3960 11 is_stmt 0             @ ../Drivers/STM32H7xx_HAL_Driver/Src/stm32h7xx_hal_fdcan.c:3960:11
	cmp	r0, #51
	blo	.LBB57_10
	b	.LBB57_9
.LBB57_9:
.Ltmp666:
	.loc	2 3963 9 is_stmt 1              @ ../Drivers/STM32H7xx_HAL_Driver/Src/stm32h7xx_hal_fdcan.c:3963:9
	ldr	r1, [sp, #12]
	.loc	2 3963 27 is_stmt 0             @ ../Drivers/STM32H7xx_HAL_Driver/Src/stm32h7xx_hal_fdcan.c:3963:27
	ldr.w	r0, [r1, #156]
	orr	r0, r0, #1
	str.w	r0, [r1, #156]
	.loc	2 3966 9 is_stmt 1              @ ../Drivers/STM32H7xx_HAL_Driver/Src/stm32h7xx_hal_fdcan.c:3966:9
	ldr	r1, [sp, #12]
	movs	r0, #3
	.loc	2 3966 23 is_stmt 0             @ ../Drivers/STM32H7xx_HAL_Driver/Src/stm32h7xx_hal_fdcan.c:3966:23
	strb.w	r0, [r1, #152]
	movs	r0, #1
	.loc	2 3968 9 is_stmt 1              @ ../Drivers/STM32H7xx_HAL_Driver/Src/stm32h7xx_hal_fdcan.c:3968:9
	strb.w	r0, [sp, #19]
	b	.LBB57_13
.Ltmp667:
.LBB57_10:                              @   in Loop: Header=BB57_7 Depth=1
	.loc	2 3972 14                       @ ../Drivers/STM32H7xx_HAL_Driver/Src/stm32h7xx_hal_fdcan.c:3972:14
	ldr	r0, [sp, #4]
	adds	r0, #1
	str	r0, [sp, #4]
.Ltmp668:
	.loc	2 3957 5                        @ ../Drivers/STM32H7xx_HAL_Driver/Src/stm32h7xx_hal_fdcan.c:3957:5
	b	.LBB57_7
.LBB57_11:
	.loc	2 3976 5                        @ ../Drivers/STM32H7xx_HAL_Driver/Src/stm32h7xx_hal_fdcan.c:3976:5
	ldr	r0, [sp, #12]
	ldr	r1, [r0, #4]
	ldr	r0, [r1, #20]
	orr	r0, r0, #2
	str	r0, [r1, #20]
	movs	r0, #0
	.loc	2 3979 5                        @ ../Drivers/STM32H7xx_HAL_Driver/Src/stm32h7xx_hal_fdcan.c:3979:5
	strb.w	r0, [sp, #19]
	b	.LBB57_13
.Ltmp669:
.LBB57_12:
	.loc	2 3984 5                        @ ../Drivers/STM32H7xx_HAL_Driver/Src/stm32h7xx_hal_fdcan.c:3984:5
	ldr	r1, [sp, #12]
	.loc	2 3984 23 is_stmt 0             @ ../Drivers/STM32H7xx_HAL_Driver/Src/stm32h7xx_hal_fdcan.c:3984:23
	ldr.w	r0, [r1, #156]
	orr	r0, r0, #2
	str.w	r0, [r1, #156]
	movs	r0, #1
	.loc	2 3986 5 is_stmt 1              @ ../Drivers/STM32H7xx_HAL_Driver/Src/stm32h7xx_hal_fdcan.c:3986:5
	strb.w	r0, [sp, #19]
	b	.LBB57_13
.Ltmp670:
.LBB57_13:
	.loc	2 3988 1                        @ ../Drivers/STM32H7xx_HAL_Driver/Src/stm32h7xx_hal_fdcan.c:3988:1
	ldrb.w	r0, [sp, #19]
	.loc	2 3988 1 epilogue_begin is_stmt 0 @ ../Drivers/STM32H7xx_HAL_Driver/Src/stm32h7xx_hal_fdcan.c:3988:1
	add	sp, #20
	bx	lr
.Ltmp671:
.Lfunc_end57:
	.size	HAL_FDCAN_TT_SetClockSynchronization, .Lfunc_end57-HAL_FDCAN_TT_SetClockSynchronization
	.cfi_endproc
	.cantunwind
	.fnend
                                        @ -- End function
	.section	.text.HAL_FDCAN_TT_ConfigStopWatch,"ax",%progbits
	.hidden	HAL_FDCAN_TT_ConfigStopWatch    @ -- Begin function HAL_FDCAN_TT_ConfigStopWatch
	.globl	HAL_FDCAN_TT_ConfigStopWatch
	.p2align	3
	.type	HAL_FDCAN_TT_ConfigStopWatch,%function
	.code	16                              @ @HAL_FDCAN_TT_ConfigStopWatch
	.thumb_func
HAL_FDCAN_TT_ConfigStopWatch:
.Lfunc_begin58:
	.loc	2 4001 0 is_stmt 1              @ ../Drivers/STM32H7xx_HAL_Driver/Src/stm32h7xx_hal_fdcan.c:4001:0
	.fnstart
	.cfi_startproc
@ %bb.0:
	.pad	#24
	sub	sp, #24
	.cfi_def_cfa_offset 24
	str	r0, [sp, #16]
	str	r1, [sp, #12]
	str	r2, [sp, #8]
	movs	r0, #0
.Ltmp672:
	.loc	2 4002 12 prologue_end          @ ../Drivers/STM32H7xx_HAL_Driver/Src/stm32h7xx_hal_fdcan.c:4002:12
	str	r0, [sp, #4]
	.loc	2 4003 34                       @ ../Drivers/STM32H7xx_HAL_Driver/Src/stm32h7xx_hal_fdcan.c:4003:34
	ldr	r0, [sp, #16]
	.loc	2 4003 42 is_stmt 0             @ ../Drivers/STM32H7xx_HAL_Driver/Src/stm32h7xx_hal_fdcan.c:4003:42
	ldrb.w	r0, [r0, #152]
	.loc	2 4003 26                       @ ../Drivers/STM32H7xx_HAL_Driver/Src/stm32h7xx_hal_fdcan.c:4003:26
	strb.w	r0, [sp, #3]
.Ltmp673:
	.loc	2 4010 8 is_stmt 1              @ ../Drivers/STM32H7xx_HAL_Driver/Src/stm32h7xx_hal_fdcan.c:4010:8
	ldrb.w	r0, [sp, #3]
	.loc	2 4010 40 is_stmt 0             @ ../Drivers/STM32H7xx_HAL_Driver/Src/stm32h7xx_hal_fdcan.c:4010:40
	cmp	r0, #1
	beq	.LBB58_2
	b	.LBB58_1
.LBB58_1:
	.loc	2 4010 44                       @ ../Drivers/STM32H7xx_HAL_Driver/Src/stm32h7xx_hal_fdcan.c:4010:44
	ldrb.w	r0, [sp, #3]
.Ltmp674:
	.loc	2 4010 7                        @ ../Drivers/STM32H7xx_HAL_Driver/Src/stm32h7xx_hal_fdcan.c:4010:7
	cmp	r0, #2
	bne	.LBB58_8
	b	.LBB58_2
.LBB58_2:
.Ltmp675:
	.loc	2 4013 5 is_stmt 1              @ ../Drivers/STM32H7xx_HAL_Driver/Src/stm32h7xx_hal_fdcan.c:4013:5
	b	.LBB58_3
.LBB58_3:                               @ =>This Inner Loop Header: Depth=1
	.loc	2 4013 13 is_stmt 0             @ ../Drivers/STM32H7xx_HAL_Driver/Src/stm32h7xx_hal_fdcan.c:4013:13
	ldr	r0, [sp, #16]
	.loc	2 4013 21                       @ ../Drivers/STM32H7xx_HAL_Driver/Src/stm32h7xx_hal_fdcan.c:4013:21
	ldr	r0, [r0, #4]
	.loc	2 4013 28                       @ ../Drivers/STM32H7xx_HAL_Driver/Src/stm32h7xx_hal_fdcan.c:4013:28
	ldr	r0, [r0, #20]
	.loc	2 4013 5                        @ ../Drivers/STM32H7xx_HAL_Driver/Src/stm32h7xx_hal_fdcan.c:4013:5
	lsls	r0, r0, #16
	cmp	r0, #0
	bpl	.LBB58_7
	b	.LBB58_4
.LBB58_4:                               @   in Loop: Header=BB58_3 Depth=1
.Ltmp676:
	.loc	2 4016 11 is_stmt 1             @ ../Drivers/STM32H7xx_HAL_Driver/Src/stm32h7xx_hal_fdcan.c:4016:11
	ldr	r0, [sp, #4]
.Ltmp677:
	.loc	2 4016 11 is_stmt 0             @ ../Drivers/STM32H7xx_HAL_Driver/Src/stm32h7xx_hal_fdcan.c:4016:11
	cmp	r0, #51
	blo	.LBB58_6
	b	.LBB58_5
.LBB58_5:
.Ltmp678:
	.loc	2 4019 9 is_stmt 1              @ ../Drivers/STM32H7xx_HAL_Driver/Src/stm32h7xx_hal_fdcan.c:4019:9
	ldr	r1, [sp, #16]
	.loc	2 4019 27 is_stmt 0             @ ../Drivers/STM32H7xx_HAL_Driver/Src/stm32h7xx_hal_fdcan.c:4019:27
	ldr.w	r0, [r1, #156]
	orr	r0, r0, #1
	str.w	r0, [r1, #156]
	.loc	2 4022 9 is_stmt 1              @ ../Drivers/STM32H7xx_HAL_Driver/Src/stm32h7xx_hal_fdcan.c:4022:9
	ldr	r1, [sp, #16]
	movs	r0, #3
	.loc	2 4022 23 is_stmt 0             @ ../Drivers/STM32H7xx_HAL_Driver/Src/stm32h7xx_hal_fdcan.c:4022:23
	strb.w	r0, [r1, #152]
	movs	r0, #1
	.loc	2 4024 9 is_stmt 1              @ ../Drivers/STM32H7xx_HAL_Driver/Src/stm32h7xx_hal_fdcan.c:4024:9
	strb.w	r0, [sp, #23]
	b	.LBB58_9
.Ltmp679:
.LBB58_6:                               @   in Loop: Header=BB58_3 Depth=1
	.loc	2 4028 14                       @ ../Drivers/STM32H7xx_HAL_Driver/Src/stm32h7xx_hal_fdcan.c:4028:14
	ldr	r0, [sp, #4]
	adds	r0, #1
	str	r0, [sp, #4]
.Ltmp680:
	.loc	2 4013 5                        @ ../Drivers/STM32H7xx_HAL_Driver/Src/stm32h7xx_hal_fdcan.c:4013:5
	b	.LBB58_3
.LBB58_7:
	.loc	2 4032 5                        @ ../Drivers/STM32H7xx_HAL_Driver/Src/stm32h7xx_hal_fdcan.c:4032:5
	ldr	r0, [sp, #16]
	ldr	r0, [r0, #4]
	ldr	r0, [r0, #20]
	bic	r0, r0, #28
	ldr	r1, [sp, #12]
	ldr	r2, [sp, #8]
	orrs	r1, r2
	orrs	r0, r1
	ldr	r1, [sp, #16]
	ldr	r1, [r1, #4]
	str	r0, [r1, #20]
	movs	r0, #0
	.loc	2 4035 5                        @ ../Drivers/STM32H7xx_HAL_Driver/Src/stm32h7xx_hal_fdcan.c:4035:5
	strb.w	r0, [sp, #23]
	b	.LBB58_9
.Ltmp681:
.LBB58_8:
	.loc	2 4040 5                        @ ../Drivers/STM32H7xx_HAL_Driver/Src/stm32h7xx_hal_fdcan.c:4040:5
	ldr	r1, [sp, #16]
	.loc	2 4040 23 is_stmt 0             @ ../Drivers/STM32H7xx_HAL_Driver/Src/stm32h7xx_hal_fdcan.c:4040:23
	ldr.w	r0, [r1, #156]
	orr	r0, r0, #2
	str.w	r0, [r1, #156]
	movs	r0, #1
	.loc	2 4042 5 is_stmt 1              @ ../Drivers/STM32H7xx_HAL_Driver/Src/stm32h7xx_hal_fdcan.c:4042:5
	strb.w	r0, [sp, #23]
	b	.LBB58_9
.Ltmp682:
.LBB58_9:
	.loc	2 4044 1                        @ ../Drivers/STM32H7xx_HAL_Driver/Src/stm32h7xx_hal_fdcan.c:4044:1
	ldrb.w	r0, [sp, #23]
	.loc	2 4044 1 epilogue_begin is_stmt 0 @ ../Drivers/STM32H7xx_HAL_Driver/Src/stm32h7xx_hal_fdcan.c:4044:1
	add	sp, #24
	bx	lr
.Ltmp683:
.Lfunc_end58:
	.size	HAL_FDCAN_TT_ConfigStopWatch, .Lfunc_end58-HAL_FDCAN_TT_ConfigStopWatch
	.cfi_endproc
	.cantunwind
	.fnend
                                        @ -- End function
	.section	.text.HAL_FDCAN_TT_ConfigRegisterTimeMark,"ax",%progbits
	.hidden	HAL_FDCAN_TT_ConfigRegisterTimeMark @ -- Begin function HAL_FDCAN_TT_ConfigRegisterTimeMark
	.globl	HAL_FDCAN_TT_ConfigRegisterTimeMark
	.p2align	3
	.type	HAL_FDCAN_TT_ConfigRegisterTimeMark,%function
	.code	16                              @ @HAL_FDCAN_TT_ConfigRegisterTimeMark
	.thumb_func
HAL_FDCAN_TT_ConfigRegisterTimeMark:
.Lfunc_begin59:
	.loc	2 4064 0 is_stmt 1              @ ../Drivers/STM32H7xx_HAL_Driver/Src/stm32h7xx_hal_fdcan.c:4064:0
	.fnstart
	.cfi_startproc
@ %bb.0:
	.pad	#32
	sub	sp, #32
	.cfi_def_cfa_offset 32
	ldr.w	r12, [sp, #32]
	str	r0, [sp, #24]
	str	r1, [sp, #20]
	str	r2, [sp, #16]
	str	r3, [sp, #12]
	movs	r0, #0
.Ltmp684:
	.loc	2 4065 12 prologue_end          @ ../Drivers/STM32H7xx_HAL_Driver/Src/stm32h7xx_hal_fdcan.c:4065:12
	str	r0, [sp, #8]
	.loc	2 4067 34                       @ ../Drivers/STM32H7xx_HAL_Driver/Src/stm32h7xx_hal_fdcan.c:4067:34
	ldr	r0, [sp, #24]
	.loc	2 4067 42 is_stmt 0             @ ../Drivers/STM32H7xx_HAL_Driver/Src/stm32h7xx_hal_fdcan.c:4067:42
	ldrb.w	r0, [r0, #152]
	.loc	2 4067 26                       @ ../Drivers/STM32H7xx_HAL_Driver/Src/stm32h7xx_hal_fdcan.c:4067:26
	strb.w	r0, [sp, #3]
.Ltmp685:
	.loc	2 4074 7 is_stmt 1              @ ../Drivers/STM32H7xx_HAL_Driver/Src/stm32h7xx_hal_fdcan.c:4074:7
	ldr	r0, [sp, #12]
.Ltmp686:
	.loc	2 4074 7 is_stmt 0              @ ../Drivers/STM32H7xx_HAL_Driver/Src/stm32h7xx_hal_fdcan.c:4074:7
	cbz	r0, .LBB59_2
	b	.LBB59_1
.LBB59_1:
.Ltmp687:
	.loc	2 4077 3 is_stmt 1              @ ../Drivers/STM32H7xx_HAL_Driver/Src/stm32h7xx_hal_fdcan.c:4077:3
	b	.LBB59_2
.Ltmp688:
.LBB59_2:
	.loc	2 4079 8                        @ ../Drivers/STM32H7xx_HAL_Driver/Src/stm32h7xx_hal_fdcan.c:4079:8
	ldrb.w	r0, [sp, #3]
	.loc	2 4079 40 is_stmt 0             @ ../Drivers/STM32H7xx_HAL_Driver/Src/stm32h7xx_hal_fdcan.c:4079:40
	cmp	r0, #1
	beq	.LBB59_4
	b	.LBB59_3
.LBB59_3:
	.loc	2 4079 44                       @ ../Drivers/STM32H7xx_HAL_Driver/Src/stm32h7xx_hal_fdcan.c:4079:44
	ldrb.w	r0, [sp, #3]
.Ltmp689:
	.loc	2 4079 7                        @ ../Drivers/STM32H7xx_HAL_Driver/Src/stm32h7xx_hal_fdcan.c:4079:7
	cmp	r0, #2
	bne.w	.LBB59_25
	b	.LBB59_4
.LBB59_4:
.Ltmp690:
	.loc	2 4082 5 is_stmt 1              @ ../Drivers/STM32H7xx_HAL_Driver/Src/stm32h7xx_hal_fdcan.c:4082:5
	b	.LBB59_5
.LBB59_5:                               @ =>This Inner Loop Header: Depth=1
	.loc	2 4082 13 is_stmt 0             @ ../Drivers/STM32H7xx_HAL_Driver/Src/stm32h7xx_hal_fdcan.c:4082:13
	ldr	r0, [sp, #24]
	.loc	2 4082 21                       @ ../Drivers/STM32H7xx_HAL_Driver/Src/stm32h7xx_hal_fdcan.c:4082:21
	ldr	r0, [r0, #4]
	.loc	2 4082 28                       @ ../Drivers/STM32H7xx_HAL_Driver/Src/stm32h7xx_hal_fdcan.c:4082:28
	ldr	r0, [r0, #20]
	.loc	2 4082 5                        @ ../Drivers/STM32H7xx_HAL_Driver/Src/stm32h7xx_hal_fdcan.c:4082:5
	lsls	r0, r0, #16
	cmp	r0, #0
	bpl	.LBB59_9
	b	.LBB59_6
.LBB59_6:                               @   in Loop: Header=BB59_5 Depth=1
.Ltmp691:
	.loc	2 4085 11 is_stmt 1             @ ../Drivers/STM32H7xx_HAL_Driver/Src/stm32h7xx_hal_fdcan.c:4085:11
	ldr	r0, [sp, #8]
.Ltmp692:
	.loc	2 4085 11 is_stmt 0             @ ../Drivers/STM32H7xx_HAL_Driver/Src/stm32h7xx_hal_fdcan.c:4085:11
	cmp	r0, #51
	blo	.LBB59_8
	b	.LBB59_7
.LBB59_7:
.Ltmp693:
	.loc	2 4088 9 is_stmt 1              @ ../Drivers/STM32H7xx_HAL_Driver/Src/stm32h7xx_hal_fdcan.c:4088:9
	ldr	r1, [sp, #24]
	.loc	2 4088 27 is_stmt 0             @ ../Drivers/STM32H7xx_HAL_Driver/Src/stm32h7xx_hal_fdcan.c:4088:27
	ldr.w	r0, [r1, #156]
	orr	r0, r0, #1
	str.w	r0, [r1, #156]
	.loc	2 4091 9 is_stmt 1              @ ../Drivers/STM32H7xx_HAL_Driver/Src/stm32h7xx_hal_fdcan.c:4091:9
	ldr	r1, [sp, #24]
	movs	r0, #3
	.loc	2 4091 23 is_stmt 0             @ ../Drivers/STM32H7xx_HAL_Driver/Src/stm32h7xx_hal_fdcan.c:4091:23
	strb.w	r0, [r1, #152]
	movs	r0, #1
	.loc	2 4093 9 is_stmt 1              @ ../Drivers/STM32H7xx_HAL_Driver/Src/stm32h7xx_hal_fdcan.c:4093:9
	strb.w	r0, [sp, #31]
	b	.LBB59_26
.Ltmp694:
.LBB59_8:                               @   in Loop: Header=BB59_5 Depth=1
	.loc	2 4097 14                       @ ../Drivers/STM32H7xx_HAL_Driver/Src/stm32h7xx_hal_fdcan.c:4097:14
	ldr	r0, [sp, #8]
	adds	r0, #1
	str	r0, [sp, #8]
.Ltmp695:
	.loc	2 4082 5                        @ ../Drivers/STM32H7xx_HAL_Driver/Src/stm32h7xx_hal_fdcan.c:4082:5
	b	.LBB59_5
.LBB59_9:
	.loc	2 4101 5                        @ ../Drivers/STM32H7xx_HAL_Driver/Src/stm32h7xx_hal_fdcan.c:4101:5
	ldr	r0, [sp, #24]
	ldr	r1, [r0, #4]
	ldr	r0, [r1, #20]
	bic	r0, r0, #192
	str	r0, [r1, #20]
.Ltmp696:
	.loc	2 4103 9                        @ ../Drivers/STM32H7xx_HAL_Driver/Src/stm32h7xx_hal_fdcan.c:4103:9
	ldr	r0, [sp, #20]
.Ltmp697:
	.loc	2 4103 9 is_stmt 0              @ ../Drivers/STM32H7xx_HAL_Driver/Src/stm32h7xx_hal_fdcan.c:4103:9
	cmp	r0, #0
	beq	.LBB59_24
	b	.LBB59_10
.LBB59_10:
.Ltmp698:
	.loc	2 4106 11 is_stmt 1             @ ../Drivers/STM32H7xx_HAL_Driver/Src/stm32h7xx_hal_fdcan.c:4106:11
	ldr	r0, [sp, #12]
.Ltmp699:
	.loc	2 4106 11 is_stmt 0             @ ../Drivers/STM32H7xx_HAL_Driver/Src/stm32h7xx_hal_fdcan.c:4106:11
	cbnz	r0, .LBB59_12
	b	.LBB59_11
.LBB59_11:
	.loc	2 0 11                          @ ../Drivers/STM32H7xx_HAL_Driver/Src/stm32h7xx_hal_fdcan.c:0:11
	movs	r0, #0
.Ltmp700:
	.loc	2 4108 19 is_stmt 1             @ ../Drivers/STM32H7xx_HAL_Driver/Src/stm32h7xx_hal_fdcan.c:4108:19
	str	r0, [sp, #4]
	.loc	2 4109 7                        @ ../Drivers/STM32H7xx_HAL_Driver/Src/stm32h7xx_hal_fdcan.c:4109:7
	b	.LBB59_13
.Ltmp701:
.LBB59_12:
	.loc	2 4112 21                       @ ../Drivers/STM32H7xx_HAL_Driver/Src/stm32h7xx_hal_fdcan.c:4112:21
	ldr	r0, [sp, #12]
	.loc	2 4112 36 is_stmt 0             @ ../Drivers/STM32H7xx_HAL_Driver/Src/stm32h7xx_hal_fdcan.c:4112:36
	ldr	r1, [sp, #32]
	.loc	2 4112 34                       @ ../Drivers/STM32H7xx_HAL_Driver/Src/stm32h7xx_hal_fdcan.c:4112:34
	add	r0, r1
	.loc	2 4112 19                       @ ../Drivers/STM32H7xx_HAL_Driver/Src/stm32h7xx_hal_fdcan.c:4112:19
	str	r0, [sp, #4]
	b	.LBB59_13
.Ltmp702:
.LBB59_13:
	.loc	2 0 19                          @ ../Drivers/STM32H7xx_HAL_Driver/Src/stm32h7xx_hal_fdcan.c:0:19
	movs	r0, #0
	.loc	2 4115 15 is_stmt 1             @ ../Drivers/STM32H7xx_HAL_Driver/Src/stm32h7xx_hal_fdcan.c:4115:15
	str	r0, [sp, #8]
	.loc	2 4118 7                        @ ../Drivers/STM32H7xx_HAL_Driver/Src/stm32h7xx_hal_fdcan.c:4118:7
	b	.LBB59_14
.LBB59_14:                              @ =>This Inner Loop Header: Depth=1
	.loc	2 4118 15 is_stmt 0             @ ../Drivers/STM32H7xx_HAL_Driver/Src/stm32h7xx_hal_fdcan.c:4118:15
	ldr	r0, [sp, #24]
	.loc	2 4118 23                       @ ../Drivers/STM32H7xx_HAL_Driver/Src/stm32h7xx_hal_fdcan.c:4118:23
	ldr	r0, [r0, #4]
	.loc	2 4118 30                       @ ../Drivers/STM32H7xx_HAL_Driver/Src/stm32h7xx_hal_fdcan.c:4118:30
	ldr	r0, [r0, #28]
	.loc	2 4118 7                        @ ../Drivers/STM32H7xx_HAL_Driver/Src/stm32h7xx_hal_fdcan.c:4118:7
	lsrs	r0, r0, #31
	cbz	r0, .LBB59_18
	b	.LBB59_15
.LBB59_15:                              @   in Loop: Header=BB59_14 Depth=1
.Ltmp703:
	.loc	2 4121 13 is_stmt 1             @ ../Drivers/STM32H7xx_HAL_Driver/Src/stm32h7xx_hal_fdcan.c:4121:13
	ldr	r0, [sp, #8]
.Ltmp704:
	.loc	2 4121 13 is_stmt 0             @ ../Drivers/STM32H7xx_HAL_Driver/Src/stm32h7xx_hal_fdcan.c:4121:13
	cmp	r0, #51
	blo	.LBB59_17
	b	.LBB59_16
.LBB59_16:
.Ltmp705:
	.loc	2 4124 11 is_stmt 1             @ ../Drivers/STM32H7xx_HAL_Driver/Src/stm32h7xx_hal_fdcan.c:4124:11
	ldr	r1, [sp, #24]
	.loc	2 4124 29 is_stmt 0             @ ../Drivers/STM32H7xx_HAL_Driver/Src/stm32h7xx_hal_fdcan.c:4124:29
	ldr.w	r0, [r1, #156]
	orr	r0, r0, #1
	str.w	r0, [r1, #156]
	.loc	2 4127 11 is_stmt 1             @ ../Drivers/STM32H7xx_HAL_Driver/Src/stm32h7xx_hal_fdcan.c:4127:11
	ldr	r1, [sp, #24]
	movs	r0, #3
	.loc	2 4127 25 is_stmt 0             @ ../Drivers/STM32H7xx_HAL_Driver/Src/stm32h7xx_hal_fdcan.c:4127:25
	strb.w	r0, [r1, #152]
	movs	r0, #1
	.loc	2 4129 11 is_stmt 1             @ ../Drivers/STM32H7xx_HAL_Driver/Src/stm32h7xx_hal_fdcan.c:4129:11
	strb.w	r0, [sp, #31]
	b	.LBB59_26
.Ltmp706:
.LBB59_17:                              @   in Loop: Header=BB59_14 Depth=1
	.loc	2 4133 16                       @ ../Drivers/STM32H7xx_HAL_Driver/Src/stm32h7xx_hal_fdcan.c:4133:16
	ldr	r0, [sp, #8]
	adds	r0, #1
	str	r0, [sp, #8]
.Ltmp707:
	.loc	2 4118 7                        @ ../Drivers/STM32H7xx_HAL_Driver/Src/stm32h7xx_hal_fdcan.c:4118:7
	b	.LBB59_14
.LBB59_18:
	.loc	2 4137 32                       @ ../Drivers/STM32H7xx_HAL_Driver/Src/stm32h7xx_hal_fdcan.c:4137:32
	ldr	r0, [sp, #16]
	.loc	2 4137 72 is_stmt 0             @ ../Drivers/STM32H7xx_HAL_Driver/Src/stm32h7xx_hal_fdcan.c:4137:72
	ldr	r1, [sp, #4]
	.loc	2 4137 69                       @ ../Drivers/STM32H7xx_HAL_Driver/Src/stm32h7xx_hal_fdcan.c:4137:69
	orr.w	r0, r0, r1, lsl #16
	.loc	2 4137 7                        @ ../Drivers/STM32H7xx_HAL_Driver/Src/stm32h7xx_hal_fdcan.c:4137:7
	ldr	r1, [sp, #24]
	.loc	2 4137 15                       @ ../Drivers/STM32H7xx_HAL_Driver/Src/stm32h7xx_hal_fdcan.c:4137:15
	ldr	r1, [r1, #4]
	.loc	2 4137 28                       @ ../Drivers/STM32H7xx_HAL_Driver/Src/stm32h7xx_hal_fdcan.c:4137:28
	str	r0, [r1, #28]
	movs	r0, #0
	.loc	2 4139 15 is_stmt 1             @ ../Drivers/STM32H7xx_HAL_Driver/Src/stm32h7xx_hal_fdcan.c:4139:15
	str	r0, [sp, #8]
	.loc	2 4142 7                        @ ../Drivers/STM32H7xx_HAL_Driver/Src/stm32h7xx_hal_fdcan.c:4142:7
	b	.LBB59_19
.LBB59_19:                              @ =>This Inner Loop Header: Depth=1
	.loc	2 4142 15 is_stmt 0             @ ../Drivers/STM32H7xx_HAL_Driver/Src/stm32h7xx_hal_fdcan.c:4142:15
	ldr	r0, [sp, #24]
	.loc	2 4142 23                       @ ../Drivers/STM32H7xx_HAL_Driver/Src/stm32h7xx_hal_fdcan.c:4142:23
	ldr	r0, [r0, #4]
	.loc	2 4142 30                       @ ../Drivers/STM32H7xx_HAL_Driver/Src/stm32h7xx_hal_fdcan.c:4142:30
	ldr	r0, [r0, #20]
	.loc	2 4142 7                        @ ../Drivers/STM32H7xx_HAL_Driver/Src/stm32h7xx_hal_fdcan.c:4142:7
	lsls	r0, r0, #16
	cmp	r0, #0
	bpl	.LBB59_23
	b	.LBB59_20
.LBB59_20:                              @   in Loop: Header=BB59_19 Depth=1
.Ltmp708:
	.loc	2 4145 13 is_stmt 1             @ ../Drivers/STM32H7xx_HAL_Driver/Src/stm32h7xx_hal_fdcan.c:4145:13
	ldr	r0, [sp, #8]
.Ltmp709:
	.loc	2 4145 13 is_stmt 0             @ ../Drivers/STM32H7xx_HAL_Driver/Src/stm32h7xx_hal_fdcan.c:4145:13
	cmp	r0, #51
	blo	.LBB59_22
	b	.LBB59_21
.LBB59_21:
.Ltmp710:
	.loc	2 4148 11 is_stmt 1             @ ../Drivers/STM32H7xx_HAL_Driver/Src/stm32h7xx_hal_fdcan.c:4148:11
	ldr	r1, [sp, #24]
	.loc	2 4148 29 is_stmt 0             @ ../Drivers/STM32H7xx_HAL_Driver/Src/stm32h7xx_hal_fdcan.c:4148:29
	ldr.w	r0, [r1, #156]
	orr	r0, r0, #1
	str.w	r0, [r1, #156]
	.loc	2 4151 11 is_stmt 1             @ ../Drivers/STM32H7xx_HAL_Driver/Src/stm32h7xx_hal_fdcan.c:4151:11
	ldr	r1, [sp, #24]
	movs	r0, #3
	.loc	2 4151 25 is_stmt 0             @ ../Drivers/STM32H7xx_HAL_Driver/Src/stm32h7xx_hal_fdcan.c:4151:25
	strb.w	r0, [r1, #152]
	movs	r0, #1
	.loc	2 4153 11 is_stmt 1             @ ../Drivers/STM32H7xx_HAL_Driver/Src/stm32h7xx_hal_fdcan.c:4153:11
	strb.w	r0, [sp, #31]
	b	.LBB59_26
.Ltmp711:
.LBB59_22:                              @   in Loop: Header=BB59_19 Depth=1
	.loc	2 4157 16                       @ ../Drivers/STM32H7xx_HAL_Driver/Src/stm32h7xx_hal_fdcan.c:4157:16
	ldr	r0, [sp, #8]
	adds	r0, #1
	str	r0, [sp, #8]
.Ltmp712:
	.loc	2 4142 7                        @ ../Drivers/STM32H7xx_HAL_Driver/Src/stm32h7xx_hal_fdcan.c:4142:7
	b	.LBB59_19
.LBB59_23:
	.loc	2 4161 7                        @ ../Drivers/STM32H7xx_HAL_Driver/Src/stm32h7xx_hal_fdcan.c:4161:7
	ldr	r0, [sp, #24]
	ldr	r0, [r0, #4]
	ldr	r0, [r0, #20]
	bic	r0, r0, #192
	ldr	r1, [sp, #20]
	orrs	r0, r1
	ldr	r1, [sp, #24]
	ldr	r1, [r1, #4]
	str	r0, [r1, #20]
	.loc	2 4162 5                        @ ../Drivers/STM32H7xx_HAL_Driver/Src/stm32h7xx_hal_fdcan.c:4162:5
	b	.LBB59_24
.Ltmp713:
.LBB59_24:
	.loc	2 0 5 is_stmt 0                 @ ../Drivers/STM32H7xx_HAL_Driver/Src/stm32h7xx_hal_fdcan.c:0:5
	movs	r0, #0
	.loc	2 4165 5 is_stmt 1              @ ../Drivers/STM32H7xx_HAL_Driver/Src/stm32h7xx_hal_fdcan.c:4165:5
	strb.w	r0, [sp, #31]
	b	.LBB59_26
.Ltmp714:
.LBB59_25:
	.loc	2 4170 5                        @ ../Drivers/STM32H7xx_HAL_Driver/Src/stm32h7xx_hal_fdcan.c:4170:5
	ldr	r1, [sp, #24]
	.loc	2 4170 23 is_stmt 0             @ ../Drivers/STM32H7xx_HAL_Driver/Src/stm32h7xx_hal_fdcan.c:4170:23
	ldr.w	r0, [r1, #156]
	orr	r0, r0, #2
	str.w	r0, [r1, #156]
	movs	r0, #1
	.loc	2 4172 5 is_stmt 1              @ ../Drivers/STM32H7xx_HAL_Driver/Src/stm32h7xx_hal_fdcan.c:4172:5
	strb.w	r0, [sp, #31]
	b	.LBB59_26
.Ltmp715:
.LBB59_26:
	.loc	2 4174 1                        @ ../Drivers/STM32H7xx_HAL_Driver/Src/stm32h7xx_hal_fdcan.c:4174:1
	ldrb.w	r0, [sp, #31]
	.loc	2 4174 1 epilogue_begin is_stmt 0 @ ../Drivers/STM32H7xx_HAL_Driver/Src/stm32h7xx_hal_fdcan.c:4174:1
	add	sp, #32
	bx	lr
.Ltmp716:
.Lfunc_end59:
	.size	HAL_FDCAN_TT_ConfigRegisterTimeMark, .Lfunc_end59-HAL_FDCAN_TT_ConfigRegisterTimeMark
	.cfi_endproc
	.cantunwind
	.fnend
                                        @ -- End function
	.section	.text.HAL_FDCAN_TT_EnableRegisterTimeMarkPulse,"ax",%progbits
	.hidden	HAL_FDCAN_TT_EnableRegisterTimeMarkPulse @ -- Begin function HAL_FDCAN_TT_EnableRegisterTimeMarkPulse
	.globl	HAL_FDCAN_TT_EnableRegisterTimeMarkPulse
	.p2align	3
	.type	HAL_FDCAN_TT_EnableRegisterTimeMarkPulse,%function
	.code	16                              @ @HAL_FDCAN_TT_EnableRegisterTimeMarkPulse
	.thumb_func
HAL_FDCAN_TT_EnableRegisterTimeMarkPulse:
.Lfunc_begin60:
	.loc	2 4183 0 is_stmt 1              @ ../Drivers/STM32H7xx_HAL_Driver/Src/stm32h7xx_hal_fdcan.c:4183:0
	.fnstart
	.cfi_startproc
@ %bb.0:
	.pad	#16
	sub	sp, #16
	.cfi_def_cfa_offset 16
	str	r0, [sp, #8]
	movs	r0, #0
.Ltmp717:
	.loc	2 4184 12 prologue_end          @ ../Drivers/STM32H7xx_HAL_Driver/Src/stm32h7xx_hal_fdcan.c:4184:12
	str	r0, [sp, #4]
	.loc	2 4185 34                       @ ../Drivers/STM32H7xx_HAL_Driver/Src/stm32h7xx_hal_fdcan.c:4185:34
	ldr	r0, [sp, #8]
	.loc	2 4185 42 is_stmt 0             @ ../Drivers/STM32H7xx_HAL_Driver/Src/stm32h7xx_hal_fdcan.c:4185:42
	ldrb.w	r0, [r0, #152]
	.loc	2 4185 26                       @ ../Drivers/STM32H7xx_HAL_Driver/Src/stm32h7xx_hal_fdcan.c:4185:26
	strb.w	r0, [sp, #3]
.Ltmp718:
	.loc	2 4190 8 is_stmt 1              @ ../Drivers/STM32H7xx_HAL_Driver/Src/stm32h7xx_hal_fdcan.c:4190:8
	ldrb.w	r0, [sp, #3]
	.loc	2 4190 40 is_stmt 0             @ ../Drivers/STM32H7xx_HAL_Driver/Src/stm32h7xx_hal_fdcan.c:4190:40
	cmp	r0, #1
	beq	.LBB60_2
	b	.LBB60_1
.LBB60_1:
	.loc	2 4190 44                       @ ../Drivers/STM32H7xx_HAL_Driver/Src/stm32h7xx_hal_fdcan.c:4190:44
	ldrb.w	r0, [sp, #3]
.Ltmp719:
	.loc	2 4190 7                        @ ../Drivers/STM32H7xx_HAL_Driver/Src/stm32h7xx_hal_fdcan.c:4190:7
	cmp	r0, #2
	bne	.LBB60_8
	b	.LBB60_2
.LBB60_2:
.Ltmp720:
	.loc	2 4193 5 is_stmt 1              @ ../Drivers/STM32H7xx_HAL_Driver/Src/stm32h7xx_hal_fdcan.c:4193:5
	b	.LBB60_3
.LBB60_3:                               @ =>This Inner Loop Header: Depth=1
	.loc	2 4193 13 is_stmt 0             @ ../Drivers/STM32H7xx_HAL_Driver/Src/stm32h7xx_hal_fdcan.c:4193:13
	ldr	r0, [sp, #8]
	.loc	2 4193 21                       @ ../Drivers/STM32H7xx_HAL_Driver/Src/stm32h7xx_hal_fdcan.c:4193:21
	ldr	r0, [r0, #4]
	.loc	2 4193 28                       @ ../Drivers/STM32H7xx_HAL_Driver/Src/stm32h7xx_hal_fdcan.c:4193:28
	ldr	r0, [r0, #20]
	.loc	2 4193 5                        @ ../Drivers/STM32H7xx_HAL_Driver/Src/stm32h7xx_hal_fdcan.c:4193:5
	lsls	r0, r0, #16
	cmp	r0, #0
	bpl	.LBB60_7
	b	.LBB60_4
.LBB60_4:                               @   in Loop: Header=BB60_3 Depth=1
.Ltmp721:
	.loc	2 4196 11 is_stmt 1             @ ../Drivers/STM32H7xx_HAL_Driver/Src/stm32h7xx_hal_fdcan.c:4196:11
	ldr	r0, [sp, #4]
.Ltmp722:
	.loc	2 4196 11 is_stmt 0             @ ../Drivers/STM32H7xx_HAL_Driver/Src/stm32h7xx_hal_fdcan.c:4196:11
	cmp	r0, #51
	blo	.LBB60_6
	b	.LBB60_5
.LBB60_5:
.Ltmp723:
	.loc	2 4199 9 is_stmt 1              @ ../Drivers/STM32H7xx_HAL_Driver/Src/stm32h7xx_hal_fdcan.c:4199:9
	ldr	r1, [sp, #8]
	.loc	2 4199 27 is_stmt 0             @ ../Drivers/STM32H7xx_HAL_Driver/Src/stm32h7xx_hal_fdcan.c:4199:27
	ldr.w	r0, [r1, #156]
	orr	r0, r0, #1
	str.w	r0, [r1, #156]
	.loc	2 4202 9 is_stmt 1              @ ../Drivers/STM32H7xx_HAL_Driver/Src/stm32h7xx_hal_fdcan.c:4202:9
	ldr	r1, [sp, #8]
	movs	r0, #3
	.loc	2 4202 23 is_stmt 0             @ ../Drivers/STM32H7xx_HAL_Driver/Src/stm32h7xx_hal_fdcan.c:4202:23
	strb.w	r0, [r1, #152]
	movs	r0, #1
	.loc	2 4204 9 is_stmt 1              @ ../Drivers/STM32H7xx_HAL_Driver/Src/stm32h7xx_hal_fdcan.c:4204:9
	strb.w	r0, [sp, #15]
	b	.LBB60_9
.Ltmp724:
.LBB60_6:                               @   in Loop: Header=BB60_3 Depth=1
	.loc	2 4208 14                       @ ../Drivers/STM32H7xx_HAL_Driver/Src/stm32h7xx_hal_fdcan.c:4208:14
	ldr	r0, [sp, #4]
	adds	r0, #1
	str	r0, [sp, #4]
.Ltmp725:
	.loc	2 4193 5                        @ ../Drivers/STM32H7xx_HAL_Driver/Src/stm32h7xx_hal_fdcan.c:4193:5
	b	.LBB60_3
.LBB60_7:
	.loc	2 4212 5                        @ ../Drivers/STM32H7xx_HAL_Driver/Src/stm32h7xx_hal_fdcan.c:4212:5
	ldr	r0, [sp, #8]
	ldr	r1, [r0, #4]
	ldr	r0, [r1, #20]
	orr	r0, r0, #32
	str	r0, [r1, #20]
	movs	r0, #0
	.loc	2 4215 5                        @ ../Drivers/STM32H7xx_HAL_Driver/Src/stm32h7xx_hal_fdcan.c:4215:5
	strb.w	r0, [sp, #15]
	b	.LBB60_9
.Ltmp726:
.LBB60_8:
	.loc	2 4220 5                        @ ../Drivers/STM32H7xx_HAL_Driver/Src/stm32h7xx_hal_fdcan.c:4220:5
	ldr	r1, [sp, #8]
	.loc	2 4220 23 is_stmt 0             @ ../Drivers/STM32H7xx_HAL_Driver/Src/stm32h7xx_hal_fdcan.c:4220:23
	ldr.w	r0, [r1, #156]
	orr	r0, r0, #2
	str.w	r0, [r1, #156]
	movs	r0, #1
	.loc	2 4222 5 is_stmt 1              @ ../Drivers/STM32H7xx_HAL_Driver/Src/stm32h7xx_hal_fdcan.c:4222:5
	strb.w	r0, [sp, #15]
	b	.LBB60_9
.Ltmp727:
.LBB60_9:
	.loc	2 4224 1                        @ ../Drivers/STM32H7xx_HAL_Driver/Src/stm32h7xx_hal_fdcan.c:4224:1
	ldrb.w	r0, [sp, #15]
	.loc	2 4224 1 epilogue_begin is_stmt 0 @ ../Drivers/STM32H7xx_HAL_Driver/Src/stm32h7xx_hal_fdcan.c:4224:1
	add	sp, #16
	bx	lr
.Ltmp728:
.Lfunc_end60:
	.size	HAL_FDCAN_TT_EnableRegisterTimeMarkPulse, .Lfunc_end60-HAL_FDCAN_TT_EnableRegisterTimeMarkPulse
	.cfi_endproc
	.cantunwind
	.fnend
                                        @ -- End function
	.section	.text.HAL_FDCAN_TT_DisableRegisterTimeMarkPulse,"ax",%progbits
	.hidden	HAL_FDCAN_TT_DisableRegisterTimeMarkPulse @ -- Begin function HAL_FDCAN_TT_DisableRegisterTimeMarkPulse
	.globl	HAL_FDCAN_TT_DisableRegisterTimeMarkPulse
	.p2align	3
	.type	HAL_FDCAN_TT_DisableRegisterTimeMarkPulse,%function
	.code	16                              @ @HAL_FDCAN_TT_DisableRegisterTimeMarkPulse
	.thumb_func
HAL_FDCAN_TT_DisableRegisterTimeMarkPulse:
.Lfunc_begin61:
	.loc	2 4233 0 is_stmt 1              @ ../Drivers/STM32H7xx_HAL_Driver/Src/stm32h7xx_hal_fdcan.c:4233:0
	.fnstart
	.cfi_startproc
@ %bb.0:
	.pad	#16
	sub	sp, #16
	.cfi_def_cfa_offset 16
	str	r0, [sp, #8]
	movs	r0, #0
.Ltmp729:
	.loc	2 4234 12 prologue_end          @ ../Drivers/STM32H7xx_HAL_Driver/Src/stm32h7xx_hal_fdcan.c:4234:12
	str	r0, [sp, #4]
	.loc	2 4235 34                       @ ../Drivers/STM32H7xx_HAL_Driver/Src/stm32h7xx_hal_fdcan.c:4235:34
	ldr	r0, [sp, #8]
	.loc	2 4235 42 is_stmt 0             @ ../Drivers/STM32H7xx_HAL_Driver/Src/stm32h7xx_hal_fdcan.c:4235:42
	ldrb.w	r0, [r0, #152]
	.loc	2 4235 26                       @ ../Drivers/STM32H7xx_HAL_Driver/Src/stm32h7xx_hal_fdcan.c:4235:26
	strb.w	r0, [sp, #3]
.Ltmp730:
	.loc	2 4240 8 is_stmt 1              @ ../Drivers/STM32H7xx_HAL_Driver/Src/stm32h7xx_hal_fdcan.c:4240:8
	ldrb.w	r0, [sp, #3]
	.loc	2 4240 40 is_stmt 0             @ ../Drivers/STM32H7xx_HAL_Driver/Src/stm32h7xx_hal_fdcan.c:4240:40
	cmp	r0, #1
	beq	.LBB61_2
	b	.LBB61_1
.LBB61_1:
	.loc	2 4240 44                       @ ../Drivers/STM32H7xx_HAL_Driver/Src/stm32h7xx_hal_fdcan.c:4240:44
	ldrb.w	r0, [sp, #3]
.Ltmp731:
	.loc	2 4240 7                        @ ../Drivers/STM32H7xx_HAL_Driver/Src/stm32h7xx_hal_fdcan.c:4240:7
	cmp	r0, #2
	bne	.LBB61_8
	b	.LBB61_2
.LBB61_2:
.Ltmp732:
	.loc	2 4243 5 is_stmt 1              @ ../Drivers/STM32H7xx_HAL_Driver/Src/stm32h7xx_hal_fdcan.c:4243:5
	b	.LBB61_3
.LBB61_3:                               @ =>This Inner Loop Header: Depth=1
	.loc	2 4243 13 is_stmt 0             @ ../Drivers/STM32H7xx_HAL_Driver/Src/stm32h7xx_hal_fdcan.c:4243:13
	ldr	r0, [sp, #8]
	.loc	2 4243 21                       @ ../Drivers/STM32H7xx_HAL_Driver/Src/stm32h7xx_hal_fdcan.c:4243:21
	ldr	r0, [r0, #4]
	.loc	2 4243 28                       @ ../Drivers/STM32H7xx_HAL_Driver/Src/stm32h7xx_hal_fdcan.c:4243:28
	ldr	r0, [r0, #20]
	.loc	2 4243 5                        @ ../Drivers/STM32H7xx_HAL_Driver/Src/stm32h7xx_hal_fdcan.c:4243:5
	lsls	r0, r0, #16
	cmp	r0, #0
	bpl	.LBB61_7
	b	.LBB61_4
.LBB61_4:                               @   in Loop: Header=BB61_3 Depth=1
.Ltmp733:
	.loc	2 4246 11 is_stmt 1             @ ../Drivers/STM32H7xx_HAL_Driver/Src/stm32h7xx_hal_fdcan.c:4246:11
	ldr	r0, [sp, #4]
.Ltmp734:
	.loc	2 4246 11 is_stmt 0             @ ../Drivers/STM32H7xx_HAL_Driver/Src/stm32h7xx_hal_fdcan.c:4246:11
	cmp	r0, #51
	blo	.LBB61_6
	b	.LBB61_5
.LBB61_5:
.Ltmp735:
	.loc	2 4249 9 is_stmt 1              @ ../Drivers/STM32H7xx_HAL_Driver/Src/stm32h7xx_hal_fdcan.c:4249:9
	ldr	r1, [sp, #8]
	.loc	2 4249 27 is_stmt 0             @ ../Drivers/STM32H7xx_HAL_Driver/Src/stm32h7xx_hal_fdcan.c:4249:27
	ldr.w	r0, [r1, #156]
	orr	r0, r0, #1
	str.w	r0, [r1, #156]
	.loc	2 4252 9 is_stmt 1              @ ../Drivers/STM32H7xx_HAL_Driver/Src/stm32h7xx_hal_fdcan.c:4252:9
	ldr	r1, [sp, #8]
	movs	r0, #3
	.loc	2 4252 23 is_stmt 0             @ ../Drivers/STM32H7xx_HAL_Driver/Src/stm32h7xx_hal_fdcan.c:4252:23
	strb.w	r0, [r1, #152]
	movs	r0, #1
	.loc	2 4254 9 is_stmt 1              @ ../Drivers/STM32H7xx_HAL_Driver/Src/stm32h7xx_hal_fdcan.c:4254:9
	strb.w	r0, [sp, #15]
	b	.LBB61_9
.Ltmp736:
.LBB61_6:                               @   in Loop: Header=BB61_3 Depth=1
	.loc	2 4258 14                       @ ../Drivers/STM32H7xx_HAL_Driver/Src/stm32h7xx_hal_fdcan.c:4258:14
	ldr	r0, [sp, #4]
	adds	r0, #1
	str	r0, [sp, #4]
.Ltmp737:
	.loc	2 4243 5                        @ ../Drivers/STM32H7xx_HAL_Driver/Src/stm32h7xx_hal_fdcan.c:4243:5
	b	.LBB61_3
.LBB61_7:
	.loc	2 4262 5                        @ ../Drivers/STM32H7xx_HAL_Driver/Src/stm32h7xx_hal_fdcan.c:4262:5
	ldr	r0, [sp, #8]
	ldr	r1, [r0, #4]
	ldr	r0, [r1, #20]
	bic	r0, r0, #32
	str	r0, [r1, #20]
	movs	r0, #0
	.loc	2 4265 5                        @ ../Drivers/STM32H7xx_HAL_Driver/Src/stm32h7xx_hal_fdcan.c:4265:5
	strb.w	r0, [sp, #15]
	b	.LBB61_9
.Ltmp738:
.LBB61_8:
	.loc	2 4270 5                        @ ../Drivers/STM32H7xx_HAL_Driver/Src/stm32h7xx_hal_fdcan.c:4270:5
	ldr	r1, [sp, #8]
	.loc	2 4270 23 is_stmt 0             @ ../Drivers/STM32H7xx_HAL_Driver/Src/stm32h7xx_hal_fdcan.c:4270:23
	ldr.w	r0, [r1, #156]
	orr	r0, r0, #2
	str.w	r0, [r1, #156]
	movs	r0, #1
	.loc	2 4272 5 is_stmt 1              @ ../Drivers/STM32H7xx_HAL_Driver/Src/stm32h7xx_hal_fdcan.c:4272:5
	strb.w	r0, [sp, #15]
	b	.LBB61_9
.Ltmp739:
.LBB61_9:
	.loc	2 4274 1                        @ ../Drivers/STM32H7xx_HAL_Driver/Src/stm32h7xx_hal_fdcan.c:4274:1
	ldrb.w	r0, [sp, #15]
	.loc	2 4274 1 epilogue_begin is_stmt 0 @ ../Drivers/STM32H7xx_HAL_Driver/Src/stm32h7xx_hal_fdcan.c:4274:1
	add	sp, #16
	bx	lr
.Ltmp740:
.Lfunc_end61:
	.size	HAL_FDCAN_TT_DisableRegisterTimeMarkPulse, .Lfunc_end61-HAL_FDCAN_TT_DisableRegisterTimeMarkPulse
	.cfi_endproc
	.cantunwind
	.fnend
                                        @ -- End function
	.section	.text.HAL_FDCAN_TT_EnableTriggerTimeMarkPulse,"ax",%progbits
	.hidden	HAL_FDCAN_TT_EnableTriggerTimeMarkPulse @ -- Begin function HAL_FDCAN_TT_EnableTriggerTimeMarkPulse
	.globl	HAL_FDCAN_TT_EnableTriggerTimeMarkPulse
	.p2align	3
	.type	HAL_FDCAN_TT_EnableTriggerTimeMarkPulse,%function
	.code	16                              @ @HAL_FDCAN_TT_EnableTriggerTimeMarkPulse
	.thumb_func
HAL_FDCAN_TT_EnableTriggerTimeMarkPulse:
.Lfunc_begin62:
	.loc	2 4283 0 is_stmt 1              @ ../Drivers/STM32H7xx_HAL_Driver/Src/stm32h7xx_hal_fdcan.c:4283:0
	.fnstart
	.cfi_startproc
@ %bb.0:
	.pad	#16
	sub	sp, #16
	.cfi_def_cfa_offset 16
	str	r0, [sp, #8]
	movs	r0, #0
.Ltmp741:
	.loc	2 4284 12 prologue_end          @ ../Drivers/STM32H7xx_HAL_Driver/Src/stm32h7xx_hal_fdcan.c:4284:12
	str	r0, [sp, #4]
	.loc	2 4285 34                       @ ../Drivers/STM32H7xx_HAL_Driver/Src/stm32h7xx_hal_fdcan.c:4285:34
	ldr	r0, [sp, #8]
	.loc	2 4285 42 is_stmt 0             @ ../Drivers/STM32H7xx_HAL_Driver/Src/stm32h7xx_hal_fdcan.c:4285:42
	ldrb.w	r0, [r0, #152]
	.loc	2 4285 26                       @ ../Drivers/STM32H7xx_HAL_Driver/Src/stm32h7xx_hal_fdcan.c:4285:26
	strb.w	r0, [sp, #3]
.Ltmp742:
	.loc	2 4290 8 is_stmt 1              @ ../Drivers/STM32H7xx_HAL_Driver/Src/stm32h7xx_hal_fdcan.c:4290:8
	ldrb.w	r0, [sp, #3]
	.loc	2 4290 40 is_stmt 0             @ ../Drivers/STM32H7xx_HAL_Driver/Src/stm32h7xx_hal_fdcan.c:4290:40
	cmp	r0, #1
	beq	.LBB62_2
	b	.LBB62_1
.LBB62_1:
	.loc	2 4290 44                       @ ../Drivers/STM32H7xx_HAL_Driver/Src/stm32h7xx_hal_fdcan.c:4290:44
	ldrb.w	r0, [sp, #3]
.Ltmp743:
	.loc	2 4290 7                        @ ../Drivers/STM32H7xx_HAL_Driver/Src/stm32h7xx_hal_fdcan.c:4290:7
	cmp	r0, #2
	bne	.LBB62_10
	b	.LBB62_2
.LBB62_2:
.Ltmp744:
	.loc	2 4292 10 is_stmt 1             @ ../Drivers/STM32H7xx_HAL_Driver/Src/stm32h7xx_hal_fdcan.c:4292:10
	ldr	r0, [sp, #8]
	.loc	2 4292 18 is_stmt 0             @ ../Drivers/STM32H7xx_HAL_Driver/Src/stm32h7xx_hal_fdcan.c:4292:18
	ldr	r0, [r0, #4]
	.loc	2 4292 25                       @ ../Drivers/STM32H7xx_HAL_Driver/Src/stm32h7xx_hal_fdcan.c:4292:25
	ldr	r0, [r0, #8]
	.loc	2 4292 31                       @ ../Drivers/STM32H7xx_HAL_Driver/Src/stm32h7xx_hal_fdcan.c:4292:31
	and	r0, r0, #3
.Ltmp745:
	.loc	2 4292 9                        @ ../Drivers/STM32H7xx_HAL_Driver/Src/stm32h7xx_hal_fdcan.c:4292:9
	cmp	r0, #3
	beq	.LBB62_9
	b	.LBB62_3
.LBB62_3:
.Ltmp746:
	.loc	2 4295 7 is_stmt 1              @ ../Drivers/STM32H7xx_HAL_Driver/Src/stm32h7xx_hal_fdcan.c:4295:7
	b	.LBB62_4
.LBB62_4:                               @ =>This Inner Loop Header: Depth=1
	.loc	2 4295 15 is_stmt 0             @ ../Drivers/STM32H7xx_HAL_Driver/Src/stm32h7xx_hal_fdcan.c:4295:15
	ldr	r0, [sp, #8]
	.loc	2 4295 23                       @ ../Drivers/STM32H7xx_HAL_Driver/Src/stm32h7xx_hal_fdcan.c:4295:23
	ldr	r0, [r0, #4]
	.loc	2 4295 30                       @ ../Drivers/STM32H7xx_HAL_Driver/Src/stm32h7xx_hal_fdcan.c:4295:30
	ldr	r0, [r0, #20]
	.loc	2 4295 7                        @ ../Drivers/STM32H7xx_HAL_Driver/Src/stm32h7xx_hal_fdcan.c:4295:7
	lsls	r0, r0, #16
	cmp	r0, #0
	bpl	.LBB62_8
	b	.LBB62_5
.LBB62_5:                               @   in Loop: Header=BB62_4 Depth=1
.Ltmp747:
	.loc	2 4298 13 is_stmt 1             @ ../Drivers/STM32H7xx_HAL_Driver/Src/stm32h7xx_hal_fdcan.c:4298:13
	ldr	r0, [sp, #4]
.Ltmp748:
	.loc	2 4298 13 is_stmt 0             @ ../Drivers/STM32H7xx_HAL_Driver/Src/stm32h7xx_hal_fdcan.c:4298:13
	cmp	r0, #51
	blo	.LBB62_7
	b	.LBB62_6
.LBB62_6:
.Ltmp749:
	.loc	2 4301 11 is_stmt 1             @ ../Drivers/STM32H7xx_HAL_Driver/Src/stm32h7xx_hal_fdcan.c:4301:11
	ldr	r1, [sp, #8]
	.loc	2 4301 29 is_stmt 0             @ ../Drivers/STM32H7xx_HAL_Driver/Src/stm32h7xx_hal_fdcan.c:4301:29
	ldr.w	r0, [r1, #156]
	orr	r0, r0, #1
	str.w	r0, [r1, #156]
	.loc	2 4304 11 is_stmt 1             @ ../Drivers/STM32H7xx_HAL_Driver/Src/stm32h7xx_hal_fdcan.c:4304:11
	ldr	r1, [sp, #8]
	movs	r0, #3
	.loc	2 4304 25 is_stmt 0             @ ../Drivers/STM32H7xx_HAL_Driver/Src/stm32h7xx_hal_fdcan.c:4304:25
	strb.w	r0, [r1, #152]
	movs	r0, #1
	.loc	2 4306 11 is_stmt 1             @ ../Drivers/STM32H7xx_HAL_Driver/Src/stm32h7xx_hal_fdcan.c:4306:11
	strb.w	r0, [sp, #15]
	b	.LBB62_11
.Ltmp750:
.LBB62_7:                               @   in Loop: Header=BB62_4 Depth=1
	.loc	2 4310 16                       @ ../Drivers/STM32H7xx_HAL_Driver/Src/stm32h7xx_hal_fdcan.c:4310:16
	ldr	r0, [sp, #4]
	adds	r0, #1
	str	r0, [sp, #4]
.Ltmp751:
	.loc	2 4295 7                        @ ../Drivers/STM32H7xx_HAL_Driver/Src/stm32h7xx_hal_fdcan.c:4295:7
	b	.LBB62_4
.LBB62_8:
	.loc	2 4314 7                        @ ../Drivers/STM32H7xx_HAL_Driver/Src/stm32h7xx_hal_fdcan.c:4314:7
	ldr	r0, [sp, #8]
	ldr	r1, [r0, #4]
	ldr	r0, [r1, #20]
	orr	r0, r0, #256
	str	r0, [r1, #20]
	movs	r0, #0
	.loc	2 4317 7                        @ ../Drivers/STM32H7xx_HAL_Driver/Src/stm32h7xx_hal_fdcan.c:4317:7
	strb.w	r0, [sp, #15]
	b	.LBB62_11
.Ltmp752:
.LBB62_9:
	.loc	2 4323 7                        @ ../Drivers/STM32H7xx_HAL_Driver/Src/stm32h7xx_hal_fdcan.c:4323:7
	ldr	r1, [sp, #8]
	.loc	2 4323 25 is_stmt 0             @ ../Drivers/STM32H7xx_HAL_Driver/Src/stm32h7xx_hal_fdcan.c:4323:25
	ldr.w	r0, [r1, #156]
	orr	r0, r0, #16
	str.w	r0, [r1, #156]
	movs	r0, #1
	.loc	2 4325 7 is_stmt 1              @ ../Drivers/STM32H7xx_HAL_Driver/Src/stm32h7xx_hal_fdcan.c:4325:7
	strb.w	r0, [sp, #15]
	b	.LBB62_11
.Ltmp753:
.LBB62_10:
	.loc	2 4331 5                        @ ../Drivers/STM32H7xx_HAL_Driver/Src/stm32h7xx_hal_fdcan.c:4331:5
	ldr	r1, [sp, #8]
	.loc	2 4331 23 is_stmt 0             @ ../Drivers/STM32H7xx_HAL_Driver/Src/stm32h7xx_hal_fdcan.c:4331:23
	ldr.w	r0, [r1, #156]
	orr	r0, r0, #2
	str.w	r0, [r1, #156]
	movs	r0, #1
	.loc	2 4333 5 is_stmt 1              @ ../Drivers/STM32H7xx_HAL_Driver/Src/stm32h7xx_hal_fdcan.c:4333:5
	strb.w	r0, [sp, #15]
	b	.LBB62_11
.Ltmp754:
.LBB62_11:
	.loc	2 4335 1                        @ ../Drivers/STM32H7xx_HAL_Driver/Src/stm32h7xx_hal_fdcan.c:4335:1
	ldrb.w	r0, [sp, #15]
	.loc	2 4335 1 epilogue_begin is_stmt 0 @ ../Drivers/STM32H7xx_HAL_Driver/Src/stm32h7xx_hal_fdcan.c:4335:1
	add	sp, #16
	bx	lr
.Ltmp755:
.Lfunc_end62:
	.size	HAL_FDCAN_TT_EnableTriggerTimeMarkPulse, .Lfunc_end62-HAL_FDCAN_TT_EnableTriggerTimeMarkPulse
	.cfi_endproc
	.cantunwind
	.fnend
                                        @ -- End function
	.section	.text.HAL_FDCAN_TT_DisableTriggerTimeMarkPulse,"ax",%progbits
	.hidden	HAL_FDCAN_TT_DisableTriggerTimeMarkPulse @ -- Begin function HAL_FDCAN_TT_DisableTriggerTimeMarkPulse
	.globl	HAL_FDCAN_TT_DisableTriggerTimeMarkPulse
	.p2align	3
	.type	HAL_FDCAN_TT_DisableTriggerTimeMarkPulse,%function
	.code	16                              @ @HAL_FDCAN_TT_DisableTriggerTimeMarkPulse
	.thumb_func
HAL_FDCAN_TT_DisableTriggerTimeMarkPulse:
.Lfunc_begin63:
	.loc	2 4344 0 is_stmt 1              @ ../Drivers/STM32H7xx_HAL_Driver/Src/stm32h7xx_hal_fdcan.c:4344:0
	.fnstart
	.cfi_startproc
@ %bb.0:
	.pad	#16
	sub	sp, #16
	.cfi_def_cfa_offset 16
	str	r0, [sp, #8]
	movs	r0, #0
.Ltmp756:
	.loc	2 4345 12 prologue_end          @ ../Drivers/STM32H7xx_HAL_Driver/Src/stm32h7xx_hal_fdcan.c:4345:12
	str	r0, [sp, #4]
	.loc	2 4346 34                       @ ../Drivers/STM32H7xx_HAL_Driver/Src/stm32h7xx_hal_fdcan.c:4346:34
	ldr	r0, [sp, #8]
	.loc	2 4346 42 is_stmt 0             @ ../Drivers/STM32H7xx_HAL_Driver/Src/stm32h7xx_hal_fdcan.c:4346:42
	ldrb.w	r0, [r0, #152]
	.loc	2 4346 26                       @ ../Drivers/STM32H7xx_HAL_Driver/Src/stm32h7xx_hal_fdcan.c:4346:26
	strb.w	r0, [sp, #3]
.Ltmp757:
	.loc	2 4351 8 is_stmt 1              @ ../Drivers/STM32H7xx_HAL_Driver/Src/stm32h7xx_hal_fdcan.c:4351:8
	ldrb.w	r0, [sp, #3]
	.loc	2 4351 40 is_stmt 0             @ ../Drivers/STM32H7xx_HAL_Driver/Src/stm32h7xx_hal_fdcan.c:4351:40
	cmp	r0, #1
	beq	.LBB63_2
	b	.LBB63_1
.LBB63_1:
	.loc	2 4351 44                       @ ../Drivers/STM32H7xx_HAL_Driver/Src/stm32h7xx_hal_fdcan.c:4351:44
	ldrb.w	r0, [sp, #3]
.Ltmp758:
	.loc	2 4351 7                        @ ../Drivers/STM32H7xx_HAL_Driver/Src/stm32h7xx_hal_fdcan.c:4351:7
	cmp	r0, #2
	bne	.LBB63_10
	b	.LBB63_2
.LBB63_2:
.Ltmp759:
	.loc	2 4353 10 is_stmt 1             @ ../Drivers/STM32H7xx_HAL_Driver/Src/stm32h7xx_hal_fdcan.c:4353:10
	ldr	r0, [sp, #8]
	.loc	2 4353 18 is_stmt 0             @ ../Drivers/STM32H7xx_HAL_Driver/Src/stm32h7xx_hal_fdcan.c:4353:18
	ldr	r0, [r0, #4]
	.loc	2 4353 25                       @ ../Drivers/STM32H7xx_HAL_Driver/Src/stm32h7xx_hal_fdcan.c:4353:25
	ldr	r0, [r0, #8]
	.loc	2 4353 31                       @ ../Drivers/STM32H7xx_HAL_Driver/Src/stm32h7xx_hal_fdcan.c:4353:31
	and	r0, r0, #3
.Ltmp760:
	.loc	2 4353 9                        @ ../Drivers/STM32H7xx_HAL_Driver/Src/stm32h7xx_hal_fdcan.c:4353:9
	cmp	r0, #3
	beq	.LBB63_9
	b	.LBB63_3
.LBB63_3:
.Ltmp761:
	.loc	2 4356 7 is_stmt 1              @ ../Drivers/STM32H7xx_HAL_Driver/Src/stm32h7xx_hal_fdcan.c:4356:7
	b	.LBB63_4
.LBB63_4:                               @ =>This Inner Loop Header: Depth=1
	.loc	2 4356 15 is_stmt 0             @ ../Drivers/STM32H7xx_HAL_Driver/Src/stm32h7xx_hal_fdcan.c:4356:15
	ldr	r0, [sp, #8]
	.loc	2 4356 23                       @ ../Drivers/STM32H7xx_HAL_Driver/Src/stm32h7xx_hal_fdcan.c:4356:23
	ldr	r0, [r0, #4]
	.loc	2 4356 30                       @ ../Drivers/STM32H7xx_HAL_Driver/Src/stm32h7xx_hal_fdcan.c:4356:30
	ldr	r0, [r0, #20]
	.loc	2 4356 7                        @ ../Drivers/STM32H7xx_HAL_Driver/Src/stm32h7xx_hal_fdcan.c:4356:7
	lsls	r0, r0, #16
	cmp	r0, #0
	bpl	.LBB63_8
	b	.LBB63_5
.LBB63_5:                               @   in Loop: Header=BB63_4 Depth=1
.Ltmp762:
	.loc	2 4359 13 is_stmt 1             @ ../Drivers/STM32H7xx_HAL_Driver/Src/stm32h7xx_hal_fdcan.c:4359:13
	ldr	r0, [sp, #4]
.Ltmp763:
	.loc	2 4359 13 is_stmt 0             @ ../Drivers/STM32H7xx_HAL_Driver/Src/stm32h7xx_hal_fdcan.c:4359:13
	cmp	r0, #51
	blo	.LBB63_7
	b	.LBB63_6
.LBB63_6:
.Ltmp764:
	.loc	2 4362 11 is_stmt 1             @ ../Drivers/STM32H7xx_HAL_Driver/Src/stm32h7xx_hal_fdcan.c:4362:11
	ldr	r1, [sp, #8]
	.loc	2 4362 29 is_stmt 0             @ ../Drivers/STM32H7xx_HAL_Driver/Src/stm32h7xx_hal_fdcan.c:4362:29
	ldr.w	r0, [r1, #156]
	orr	r0, r0, #1
	str.w	r0, [r1, #156]
	.loc	2 4365 11 is_stmt 1             @ ../Drivers/STM32H7xx_HAL_Driver/Src/stm32h7xx_hal_fdcan.c:4365:11
	ldr	r1, [sp, #8]
	movs	r0, #3
	.loc	2 4365 25 is_stmt 0             @ ../Drivers/STM32H7xx_HAL_Driver/Src/stm32h7xx_hal_fdcan.c:4365:25
	strb.w	r0, [r1, #152]
	movs	r0, #1
	.loc	2 4367 11 is_stmt 1             @ ../Drivers/STM32H7xx_HAL_Driver/Src/stm32h7xx_hal_fdcan.c:4367:11
	strb.w	r0, [sp, #15]
	b	.LBB63_11
.Ltmp765:
.LBB63_7:                               @   in Loop: Header=BB63_4 Depth=1
	.loc	2 4371 16                       @ ../Drivers/STM32H7xx_HAL_Driver/Src/stm32h7xx_hal_fdcan.c:4371:16
	ldr	r0, [sp, #4]
	adds	r0, #1
	str	r0, [sp, #4]
.Ltmp766:
	.loc	2 4356 7                        @ ../Drivers/STM32H7xx_HAL_Driver/Src/stm32h7xx_hal_fdcan.c:4356:7
	b	.LBB63_4
.LBB63_8:
	.loc	2 4375 7                        @ ../Drivers/STM32H7xx_HAL_Driver/Src/stm32h7xx_hal_fdcan.c:4375:7
	ldr	r0, [sp, #8]
	ldr	r1, [r0, #4]
	ldr	r0, [r1, #20]
	bic	r0, r0, #256
	str	r0, [r1, #20]
	movs	r0, #0
	.loc	2 4378 7                        @ ../Drivers/STM32H7xx_HAL_Driver/Src/stm32h7xx_hal_fdcan.c:4378:7
	strb.w	r0, [sp, #15]
	b	.LBB63_11
.Ltmp767:
.LBB63_9:
	.loc	2 4384 7                        @ ../Drivers/STM32H7xx_HAL_Driver/Src/stm32h7xx_hal_fdcan.c:4384:7
	ldr	r1, [sp, #8]
	.loc	2 4384 25 is_stmt 0             @ ../Drivers/STM32H7xx_HAL_Driver/Src/stm32h7xx_hal_fdcan.c:4384:25
	ldr.w	r0, [r1, #156]
	orr	r0, r0, #16
	str.w	r0, [r1, #156]
	movs	r0, #1
	.loc	2 4386 7 is_stmt 1              @ ../Drivers/STM32H7xx_HAL_Driver/Src/stm32h7xx_hal_fdcan.c:4386:7
	strb.w	r0, [sp, #15]
	b	.LBB63_11
.Ltmp768:
.LBB63_10:
	.loc	2 4392 5                        @ ../Drivers/STM32H7xx_HAL_Driver/Src/stm32h7xx_hal_fdcan.c:4392:5
	ldr	r1, [sp, #8]
	.loc	2 4392 23 is_stmt 0             @ ../Drivers/STM32H7xx_HAL_Driver/Src/stm32h7xx_hal_fdcan.c:4392:23
	ldr.w	r0, [r1, #156]
	orr	r0, r0, #2
	str.w	r0, [r1, #156]
	movs	r0, #1
	.loc	2 4394 5 is_stmt 1              @ ../Drivers/STM32H7xx_HAL_Driver/Src/stm32h7xx_hal_fdcan.c:4394:5
	strb.w	r0, [sp, #15]
	b	.LBB63_11
.Ltmp769:
.LBB63_11:
	.loc	2 4396 1                        @ ../Drivers/STM32H7xx_HAL_Driver/Src/stm32h7xx_hal_fdcan.c:4396:1
	ldrb.w	r0, [sp, #15]
	.loc	2 4396 1 epilogue_begin is_stmt 0 @ ../Drivers/STM32H7xx_HAL_Driver/Src/stm32h7xx_hal_fdcan.c:4396:1
	add	sp, #16
	bx	lr
.Ltmp770:
.Lfunc_end63:
	.size	HAL_FDCAN_TT_DisableTriggerTimeMarkPulse, .Lfunc_end63-HAL_FDCAN_TT_DisableTriggerTimeMarkPulse
	.cfi_endproc
	.cantunwind
	.fnend
                                        @ -- End function
	.section	.text.HAL_FDCAN_TT_EnableHardwareGapControl,"ax",%progbits
	.hidden	HAL_FDCAN_TT_EnableHardwareGapControl @ -- Begin function HAL_FDCAN_TT_EnableHardwareGapControl
	.globl	HAL_FDCAN_TT_EnableHardwareGapControl
	.p2align	3
	.type	HAL_FDCAN_TT_EnableHardwareGapControl,%function
	.code	16                              @ @HAL_FDCAN_TT_EnableHardwareGapControl
	.thumb_func
HAL_FDCAN_TT_EnableHardwareGapControl:
.Lfunc_begin64:
	.loc	2 4405 0 is_stmt 1              @ ../Drivers/STM32H7xx_HAL_Driver/Src/stm32h7xx_hal_fdcan.c:4405:0
	.fnstart
	.cfi_startproc
@ %bb.0:
	.pad	#16
	sub	sp, #16
	.cfi_def_cfa_offset 16
	str	r0, [sp, #8]
	movs	r0, #0
.Ltmp771:
	.loc	2 4406 12 prologue_end          @ ../Drivers/STM32H7xx_HAL_Driver/Src/stm32h7xx_hal_fdcan.c:4406:12
	str	r0, [sp, #4]
	.loc	2 4407 34                       @ ../Drivers/STM32H7xx_HAL_Driver/Src/stm32h7xx_hal_fdcan.c:4407:34
	ldr	r0, [sp, #8]
	.loc	2 4407 42 is_stmt 0             @ ../Drivers/STM32H7xx_HAL_Driver/Src/stm32h7xx_hal_fdcan.c:4407:42
	ldrb.w	r0, [r0, #152]
	.loc	2 4407 26                       @ ../Drivers/STM32H7xx_HAL_Driver/Src/stm32h7xx_hal_fdcan.c:4407:26
	strb.w	r0, [sp, #3]
.Ltmp772:
	.loc	2 4412 8 is_stmt 1              @ ../Drivers/STM32H7xx_HAL_Driver/Src/stm32h7xx_hal_fdcan.c:4412:8
	ldrb.w	r0, [sp, #3]
	.loc	2 4412 40 is_stmt 0             @ ../Drivers/STM32H7xx_HAL_Driver/Src/stm32h7xx_hal_fdcan.c:4412:40
	cmp	r0, #1
	beq	.LBB64_2
	b	.LBB64_1
.LBB64_1:
	.loc	2 4412 44                       @ ../Drivers/STM32H7xx_HAL_Driver/Src/stm32h7xx_hal_fdcan.c:4412:44
	ldrb.w	r0, [sp, #3]
.Ltmp773:
	.loc	2 4412 7                        @ ../Drivers/STM32H7xx_HAL_Driver/Src/stm32h7xx_hal_fdcan.c:4412:7
	cmp	r0, #2
	bne	.LBB64_10
	b	.LBB64_2
.LBB64_2:
.Ltmp774:
	.loc	2 4414 10 is_stmt 1             @ ../Drivers/STM32H7xx_HAL_Driver/Src/stm32h7xx_hal_fdcan.c:4414:10
	ldr	r0, [sp, #8]
	.loc	2 4414 18 is_stmt 0             @ ../Drivers/STM32H7xx_HAL_Driver/Src/stm32h7xx_hal_fdcan.c:4414:18
	ldr	r0, [r0, #4]
	.loc	2 4414 25                       @ ../Drivers/STM32H7xx_HAL_Driver/Src/stm32h7xx_hal_fdcan.c:4414:25
	ldr	r0, [r0, #8]
	.loc	2 4414 31                       @ ../Drivers/STM32H7xx_HAL_Driver/Src/stm32h7xx_hal_fdcan.c:4414:31
	and	r0, r0, #3
.Ltmp775:
	.loc	2 4414 9                        @ ../Drivers/STM32H7xx_HAL_Driver/Src/stm32h7xx_hal_fdcan.c:4414:9
	cmp	r0, #3
	beq	.LBB64_9
	b	.LBB64_3
.LBB64_3:
.Ltmp776:
	.loc	2 4417 7 is_stmt 1              @ ../Drivers/STM32H7xx_HAL_Driver/Src/stm32h7xx_hal_fdcan.c:4417:7
	b	.LBB64_4
.LBB64_4:                               @ =>This Inner Loop Header: Depth=1
	.loc	2 4417 15 is_stmt 0             @ ../Drivers/STM32H7xx_HAL_Driver/Src/stm32h7xx_hal_fdcan.c:4417:15
	ldr	r0, [sp, #8]
	.loc	2 4417 23                       @ ../Drivers/STM32H7xx_HAL_Driver/Src/stm32h7xx_hal_fdcan.c:4417:23
	ldr	r0, [r0, #4]
	.loc	2 4417 30                       @ ../Drivers/STM32H7xx_HAL_Driver/Src/stm32h7xx_hal_fdcan.c:4417:30
	ldr	r0, [r0, #20]
	.loc	2 4417 7                        @ ../Drivers/STM32H7xx_HAL_Driver/Src/stm32h7xx_hal_fdcan.c:4417:7
	lsls	r0, r0, #16
	cmp	r0, #0
	bpl	.LBB64_8
	b	.LBB64_5
.LBB64_5:                               @   in Loop: Header=BB64_4 Depth=1
.Ltmp777:
	.loc	2 4420 13 is_stmt 1             @ ../Drivers/STM32H7xx_HAL_Driver/Src/stm32h7xx_hal_fdcan.c:4420:13
	ldr	r0, [sp, #4]
.Ltmp778:
	.loc	2 4420 13 is_stmt 0             @ ../Drivers/STM32H7xx_HAL_Driver/Src/stm32h7xx_hal_fdcan.c:4420:13
	cmp	r0, #51
	blo	.LBB64_7
	b	.LBB64_6
.LBB64_6:
.Ltmp779:
	.loc	2 4423 11 is_stmt 1             @ ../Drivers/STM32H7xx_HAL_Driver/Src/stm32h7xx_hal_fdcan.c:4423:11
	ldr	r1, [sp, #8]
	.loc	2 4423 29 is_stmt 0             @ ../Drivers/STM32H7xx_HAL_Driver/Src/stm32h7xx_hal_fdcan.c:4423:29
	ldr.w	r0, [r1, #156]
	orr	r0, r0, #1
	str.w	r0, [r1, #156]
	.loc	2 4426 11 is_stmt 1             @ ../Drivers/STM32H7xx_HAL_Driver/Src/stm32h7xx_hal_fdcan.c:4426:11
	ldr	r1, [sp, #8]
	movs	r0, #3
	.loc	2 4426 25 is_stmt 0             @ ../Drivers/STM32H7xx_HAL_Driver/Src/stm32h7xx_hal_fdcan.c:4426:25
	strb.w	r0, [r1, #152]
	movs	r0, #1
	.loc	2 4428 11 is_stmt 1             @ ../Drivers/STM32H7xx_HAL_Driver/Src/stm32h7xx_hal_fdcan.c:4428:11
	strb.w	r0, [sp, #15]
	b	.LBB64_11
.Ltmp780:
.LBB64_7:                               @   in Loop: Header=BB64_4 Depth=1
	.loc	2 4432 16                       @ ../Drivers/STM32H7xx_HAL_Driver/Src/stm32h7xx_hal_fdcan.c:4432:16
	ldr	r0, [sp, #4]
	adds	r0, #1
	str	r0, [sp, #4]
.Ltmp781:
	.loc	2 4417 7                        @ ../Drivers/STM32H7xx_HAL_Driver/Src/stm32h7xx_hal_fdcan.c:4417:7
	b	.LBB64_4
.LBB64_8:
	.loc	2 4436 7                        @ ../Drivers/STM32H7xx_HAL_Driver/Src/stm32h7xx_hal_fdcan.c:4436:7
	ldr	r0, [sp, #8]
	ldr	r1, [r0, #4]
	ldr	r0, [r1, #20]
	orr	r0, r0, #512
	str	r0, [r1, #20]
	movs	r0, #0
	.loc	2 4439 7                        @ ../Drivers/STM32H7xx_HAL_Driver/Src/stm32h7xx_hal_fdcan.c:4439:7
	strb.w	r0, [sp, #15]
	b	.LBB64_11
.Ltmp782:
.LBB64_9:
	.loc	2 4445 7                        @ ../Drivers/STM32H7xx_HAL_Driver/Src/stm32h7xx_hal_fdcan.c:4445:7
	ldr	r1, [sp, #8]
	.loc	2 4445 25 is_stmt 0             @ ../Drivers/STM32H7xx_HAL_Driver/Src/stm32h7xx_hal_fdcan.c:4445:25
	ldr.w	r0, [r1, #156]
	orr	r0, r0, #16
	str.w	r0, [r1, #156]
	movs	r0, #1
	.loc	2 4447 7 is_stmt 1              @ ../Drivers/STM32H7xx_HAL_Driver/Src/stm32h7xx_hal_fdcan.c:4447:7
	strb.w	r0, [sp, #15]
	b	.LBB64_11
.Ltmp783:
.LBB64_10:
	.loc	2 4453 5                        @ ../Drivers/STM32H7xx_HAL_Driver/Src/stm32h7xx_hal_fdcan.c:4453:5
	ldr	r1, [sp, #8]
	.loc	2 4453 23 is_stmt 0             @ ../Drivers/STM32H7xx_HAL_Driver/Src/stm32h7xx_hal_fdcan.c:4453:23
	ldr.w	r0, [r1, #156]
	orr	r0, r0, #2
	str.w	r0, [r1, #156]
	movs	r0, #1
	.loc	2 4455 5 is_stmt 1              @ ../Drivers/STM32H7xx_HAL_Driver/Src/stm32h7xx_hal_fdcan.c:4455:5
	strb.w	r0, [sp, #15]
	b	.LBB64_11
.Ltmp784:
.LBB64_11:
	.loc	2 4457 1                        @ ../Drivers/STM32H7xx_HAL_Driver/Src/stm32h7xx_hal_fdcan.c:4457:1
	ldrb.w	r0, [sp, #15]
	.loc	2 4457 1 epilogue_begin is_stmt 0 @ ../Drivers/STM32H7xx_HAL_Driver/Src/stm32h7xx_hal_fdcan.c:4457:1
	add	sp, #16
	bx	lr
.Ltmp785:
.Lfunc_end64:
	.size	HAL_FDCAN_TT_EnableHardwareGapControl, .Lfunc_end64-HAL_FDCAN_TT_EnableHardwareGapControl
	.cfi_endproc
	.cantunwind
	.fnend
                                        @ -- End function
	.section	.text.HAL_FDCAN_TT_DisableHardwareGapControl,"ax",%progbits
	.hidden	HAL_FDCAN_TT_DisableHardwareGapControl @ -- Begin function HAL_FDCAN_TT_DisableHardwareGapControl
	.globl	HAL_FDCAN_TT_DisableHardwareGapControl
	.p2align	3
	.type	HAL_FDCAN_TT_DisableHardwareGapControl,%function
	.code	16                              @ @HAL_FDCAN_TT_DisableHardwareGapControl
	.thumb_func
HAL_FDCAN_TT_DisableHardwareGapControl:
.Lfunc_begin65:
	.loc	2 4466 0 is_stmt 1              @ ../Drivers/STM32H7xx_HAL_Driver/Src/stm32h7xx_hal_fdcan.c:4466:0
	.fnstart
	.cfi_startproc
@ %bb.0:
	.pad	#16
	sub	sp, #16
	.cfi_def_cfa_offset 16
	str	r0, [sp, #8]
	movs	r0, #0
.Ltmp786:
	.loc	2 4467 12 prologue_end          @ ../Drivers/STM32H7xx_HAL_Driver/Src/stm32h7xx_hal_fdcan.c:4467:12
	str	r0, [sp, #4]
	.loc	2 4468 34                       @ ../Drivers/STM32H7xx_HAL_Driver/Src/stm32h7xx_hal_fdcan.c:4468:34
	ldr	r0, [sp, #8]
	.loc	2 4468 42 is_stmt 0             @ ../Drivers/STM32H7xx_HAL_Driver/Src/stm32h7xx_hal_fdcan.c:4468:42
	ldrb.w	r0, [r0, #152]
	.loc	2 4468 26                       @ ../Drivers/STM32H7xx_HAL_Driver/Src/stm32h7xx_hal_fdcan.c:4468:26
	strb.w	r0, [sp, #3]
.Ltmp787:
	.loc	2 4473 8 is_stmt 1              @ ../Drivers/STM32H7xx_HAL_Driver/Src/stm32h7xx_hal_fdcan.c:4473:8
	ldrb.w	r0, [sp, #3]
	.loc	2 4473 40 is_stmt 0             @ ../Drivers/STM32H7xx_HAL_Driver/Src/stm32h7xx_hal_fdcan.c:4473:40
	cmp	r0, #1
	beq	.LBB65_2
	b	.LBB65_1
.LBB65_1:
	.loc	2 4473 44                       @ ../Drivers/STM32H7xx_HAL_Driver/Src/stm32h7xx_hal_fdcan.c:4473:44
	ldrb.w	r0, [sp, #3]
.Ltmp788:
	.loc	2 4473 7                        @ ../Drivers/STM32H7xx_HAL_Driver/Src/stm32h7xx_hal_fdcan.c:4473:7
	cmp	r0, #2
	bne	.LBB65_10
	b	.LBB65_2
.LBB65_2:
.Ltmp789:
	.loc	2 4475 10 is_stmt 1             @ ../Drivers/STM32H7xx_HAL_Driver/Src/stm32h7xx_hal_fdcan.c:4475:10
	ldr	r0, [sp, #8]
	.loc	2 4475 18 is_stmt 0             @ ../Drivers/STM32H7xx_HAL_Driver/Src/stm32h7xx_hal_fdcan.c:4475:18
	ldr	r0, [r0, #4]
	.loc	2 4475 25                       @ ../Drivers/STM32H7xx_HAL_Driver/Src/stm32h7xx_hal_fdcan.c:4475:25
	ldr	r0, [r0, #8]
	.loc	2 4475 31                       @ ../Drivers/STM32H7xx_HAL_Driver/Src/stm32h7xx_hal_fdcan.c:4475:31
	and	r0, r0, #3
.Ltmp790:
	.loc	2 4475 9                        @ ../Drivers/STM32H7xx_HAL_Driver/Src/stm32h7xx_hal_fdcan.c:4475:9
	cmp	r0, #3
	beq	.LBB65_9
	b	.LBB65_3
.LBB65_3:
.Ltmp791:
	.loc	2 4478 7 is_stmt 1              @ ../Drivers/STM32H7xx_HAL_Driver/Src/stm32h7xx_hal_fdcan.c:4478:7
	b	.LBB65_4
.LBB65_4:                               @ =>This Inner Loop Header: Depth=1
	.loc	2 4478 15 is_stmt 0             @ ../Drivers/STM32H7xx_HAL_Driver/Src/stm32h7xx_hal_fdcan.c:4478:15
	ldr	r0, [sp, #8]
	.loc	2 4478 23                       @ ../Drivers/STM32H7xx_HAL_Driver/Src/stm32h7xx_hal_fdcan.c:4478:23
	ldr	r0, [r0, #4]
	.loc	2 4478 30                       @ ../Drivers/STM32H7xx_HAL_Driver/Src/stm32h7xx_hal_fdcan.c:4478:30
	ldr	r0, [r0, #20]
	.loc	2 4478 7                        @ ../Drivers/STM32H7xx_HAL_Driver/Src/stm32h7xx_hal_fdcan.c:4478:7
	lsls	r0, r0, #16
	cmp	r0, #0
	bpl	.LBB65_8
	b	.LBB65_5
.LBB65_5:                               @   in Loop: Header=BB65_4 Depth=1
.Ltmp792:
	.loc	2 4481 13 is_stmt 1             @ ../Drivers/STM32H7xx_HAL_Driver/Src/stm32h7xx_hal_fdcan.c:4481:13
	ldr	r0, [sp, #4]
.Ltmp793:
	.loc	2 4481 13 is_stmt 0             @ ../Drivers/STM32H7xx_HAL_Driver/Src/stm32h7xx_hal_fdcan.c:4481:13
	cmp	r0, #51
	blo	.LBB65_7
	b	.LBB65_6
.LBB65_6:
.Ltmp794:
	.loc	2 4484 11 is_stmt 1             @ ../Drivers/STM32H7xx_HAL_Driver/Src/stm32h7xx_hal_fdcan.c:4484:11
	ldr	r1, [sp, #8]
	.loc	2 4484 29 is_stmt 0             @ ../Drivers/STM32H7xx_HAL_Driver/Src/stm32h7xx_hal_fdcan.c:4484:29
	ldr.w	r0, [r1, #156]
	orr	r0, r0, #1
	str.w	r0, [r1, #156]
	.loc	2 4487 11 is_stmt 1             @ ../Drivers/STM32H7xx_HAL_Driver/Src/stm32h7xx_hal_fdcan.c:4487:11
	ldr	r1, [sp, #8]
	movs	r0, #3
	.loc	2 4487 25 is_stmt 0             @ ../Drivers/STM32H7xx_HAL_Driver/Src/stm32h7xx_hal_fdcan.c:4487:25
	strb.w	r0, [r1, #152]
	movs	r0, #1
	.loc	2 4489 11 is_stmt 1             @ ../Drivers/STM32H7xx_HAL_Driver/Src/stm32h7xx_hal_fdcan.c:4489:11
	strb.w	r0, [sp, #15]
	b	.LBB65_11
.Ltmp795:
.LBB65_7:                               @   in Loop: Header=BB65_4 Depth=1
	.loc	2 4493 16                       @ ../Drivers/STM32H7xx_HAL_Driver/Src/stm32h7xx_hal_fdcan.c:4493:16
	ldr	r0, [sp, #4]
	adds	r0, #1
	str	r0, [sp, #4]
.Ltmp796:
	.loc	2 4478 7                        @ ../Drivers/STM32H7xx_HAL_Driver/Src/stm32h7xx_hal_fdcan.c:4478:7
	b	.LBB65_4
.LBB65_8:
	.loc	2 4497 7                        @ ../Drivers/STM32H7xx_HAL_Driver/Src/stm32h7xx_hal_fdcan.c:4497:7
	ldr	r0, [sp, #8]
	ldr	r1, [r0, #4]
	ldr	r0, [r1, #20]
	bic	r0, r0, #512
	str	r0, [r1, #20]
	movs	r0, #0
	.loc	2 4500 7                        @ ../Drivers/STM32H7xx_HAL_Driver/Src/stm32h7xx_hal_fdcan.c:4500:7
	strb.w	r0, [sp, #15]
	b	.LBB65_11
.Ltmp797:
.LBB65_9:
	.loc	2 4506 7                        @ ../Drivers/STM32H7xx_HAL_Driver/Src/stm32h7xx_hal_fdcan.c:4506:7
	ldr	r1, [sp, #8]
	.loc	2 4506 25 is_stmt 0             @ ../Drivers/STM32H7xx_HAL_Driver/Src/stm32h7xx_hal_fdcan.c:4506:25
	ldr.w	r0, [r1, #156]
	orr	r0, r0, #16
	str.w	r0, [r1, #156]
	movs	r0, #1
	.loc	2 4508 7 is_stmt 1              @ ../Drivers/STM32H7xx_HAL_Driver/Src/stm32h7xx_hal_fdcan.c:4508:7
	strb.w	r0, [sp, #15]
	b	.LBB65_11
.Ltmp798:
.LBB65_10:
	.loc	2 4514 5                        @ ../Drivers/STM32H7xx_HAL_Driver/Src/stm32h7xx_hal_fdcan.c:4514:5
	ldr	r1, [sp, #8]
	.loc	2 4514 23 is_stmt 0             @ ../Drivers/STM32H7xx_HAL_Driver/Src/stm32h7xx_hal_fdcan.c:4514:23
	ldr.w	r0, [r1, #156]
	orr	r0, r0, #2
	str.w	r0, [r1, #156]
	movs	r0, #1
	.loc	2 4516 5 is_stmt 1              @ ../Drivers/STM32H7xx_HAL_Driver/Src/stm32h7xx_hal_fdcan.c:4516:5
	strb.w	r0, [sp, #15]
	b	.LBB65_11
.Ltmp799:
.LBB65_11:
	.loc	2 4518 1                        @ ../Drivers/STM32H7xx_HAL_Driver/Src/stm32h7xx_hal_fdcan.c:4518:1
	ldrb.w	r0, [sp, #15]
	.loc	2 4518 1 epilogue_begin is_stmt 0 @ ../Drivers/STM32H7xx_HAL_Driver/Src/stm32h7xx_hal_fdcan.c:4518:1
	add	sp, #16
	bx	lr
.Ltmp800:
.Lfunc_end65:
	.size	HAL_FDCAN_TT_DisableHardwareGapControl, .Lfunc_end65-HAL_FDCAN_TT_DisableHardwareGapControl
	.cfi_endproc
	.cantunwind
	.fnend
                                        @ -- End function
	.section	.text.HAL_FDCAN_TT_EnableTimeMarkGapControl,"ax",%progbits
	.hidden	HAL_FDCAN_TT_EnableTimeMarkGapControl @ -- Begin function HAL_FDCAN_TT_EnableTimeMarkGapControl
	.globl	HAL_FDCAN_TT_EnableTimeMarkGapControl
	.p2align	3
	.type	HAL_FDCAN_TT_EnableTimeMarkGapControl,%function
	.code	16                              @ @HAL_FDCAN_TT_EnableTimeMarkGapControl
	.thumb_func
HAL_FDCAN_TT_EnableTimeMarkGapControl:
.Lfunc_begin66:
	.loc	2 4529 0 is_stmt 1              @ ../Drivers/STM32H7xx_HAL_Driver/Src/stm32h7xx_hal_fdcan.c:4529:0
	.fnstart
	.cfi_startproc
@ %bb.0:
	.pad	#16
	sub	sp, #16
	.cfi_def_cfa_offset 16
	str	r0, [sp, #8]
	movs	r0, #0
.Ltmp801:
	.loc	2 4530 12 prologue_end          @ ../Drivers/STM32H7xx_HAL_Driver/Src/stm32h7xx_hal_fdcan.c:4530:12
	str	r0, [sp, #4]
	.loc	2 4531 34                       @ ../Drivers/STM32H7xx_HAL_Driver/Src/stm32h7xx_hal_fdcan.c:4531:34
	ldr	r0, [sp, #8]
	.loc	2 4531 42 is_stmt 0             @ ../Drivers/STM32H7xx_HAL_Driver/Src/stm32h7xx_hal_fdcan.c:4531:42
	ldrb.w	r0, [r0, #152]
	.loc	2 4531 26                       @ ../Drivers/STM32H7xx_HAL_Driver/Src/stm32h7xx_hal_fdcan.c:4531:26
	strb.w	r0, [sp, #3]
.Ltmp802:
	.loc	2 4536 8 is_stmt 1              @ ../Drivers/STM32H7xx_HAL_Driver/Src/stm32h7xx_hal_fdcan.c:4536:8
	ldrb.w	r0, [sp, #3]
	.loc	2 4536 40 is_stmt 0             @ ../Drivers/STM32H7xx_HAL_Driver/Src/stm32h7xx_hal_fdcan.c:4536:40
	cmp	r0, #1
	beq	.LBB66_2
	b	.LBB66_1
.LBB66_1:
	.loc	2 4536 44                       @ ../Drivers/STM32H7xx_HAL_Driver/Src/stm32h7xx_hal_fdcan.c:4536:44
	ldrb.w	r0, [sp, #3]
.Ltmp803:
	.loc	2 4536 7                        @ ../Drivers/STM32H7xx_HAL_Driver/Src/stm32h7xx_hal_fdcan.c:4536:7
	cmp	r0, #2
	bne	.LBB66_10
	b	.LBB66_2
.LBB66_2:
.Ltmp804:
	.loc	2 4538 10 is_stmt 1             @ ../Drivers/STM32H7xx_HAL_Driver/Src/stm32h7xx_hal_fdcan.c:4538:10
	ldr	r0, [sp, #8]
	.loc	2 4538 18 is_stmt 0             @ ../Drivers/STM32H7xx_HAL_Driver/Src/stm32h7xx_hal_fdcan.c:4538:18
	ldr	r0, [r0, #4]
	.loc	2 4538 25                       @ ../Drivers/STM32H7xx_HAL_Driver/Src/stm32h7xx_hal_fdcan.c:4538:25
	ldr	r0, [r0, #8]
	.loc	2 4538 31                       @ ../Drivers/STM32H7xx_HAL_Driver/Src/stm32h7xx_hal_fdcan.c:4538:31
	and	r0, r0, #3
.Ltmp805:
	.loc	2 4538 9                        @ ../Drivers/STM32H7xx_HAL_Driver/Src/stm32h7xx_hal_fdcan.c:4538:9
	cmp	r0, #3
	beq	.LBB66_9
	b	.LBB66_3
.LBB66_3:
.Ltmp806:
	.loc	2 4541 7 is_stmt 1              @ ../Drivers/STM32H7xx_HAL_Driver/Src/stm32h7xx_hal_fdcan.c:4541:7
	b	.LBB66_4
.LBB66_4:                               @ =>This Inner Loop Header: Depth=1
	.loc	2 4541 15 is_stmt 0             @ ../Drivers/STM32H7xx_HAL_Driver/Src/stm32h7xx_hal_fdcan.c:4541:15
	ldr	r0, [sp, #8]
	.loc	2 4541 23                       @ ../Drivers/STM32H7xx_HAL_Driver/Src/stm32h7xx_hal_fdcan.c:4541:23
	ldr	r0, [r0, #4]
	.loc	2 4541 30                       @ ../Drivers/STM32H7xx_HAL_Driver/Src/stm32h7xx_hal_fdcan.c:4541:30
	ldr	r0, [r0, #20]
	.loc	2 4541 7                        @ ../Drivers/STM32H7xx_HAL_Driver/Src/stm32h7xx_hal_fdcan.c:4541:7
	lsls	r0, r0, #16
	cmp	r0, #0
	bpl	.LBB66_8
	b	.LBB66_5
.LBB66_5:                               @   in Loop: Header=BB66_4 Depth=1
.Ltmp807:
	.loc	2 4544 13 is_stmt 1             @ ../Drivers/STM32H7xx_HAL_Driver/Src/stm32h7xx_hal_fdcan.c:4544:13
	ldr	r0, [sp, #4]
.Ltmp808:
	.loc	2 4544 13 is_stmt 0             @ ../Drivers/STM32H7xx_HAL_Driver/Src/stm32h7xx_hal_fdcan.c:4544:13
	cmp	r0, #51
	blo	.LBB66_7
	b	.LBB66_6
.LBB66_6:
.Ltmp809:
	.loc	2 4547 11 is_stmt 1             @ ../Drivers/STM32H7xx_HAL_Driver/Src/stm32h7xx_hal_fdcan.c:4547:11
	ldr	r1, [sp, #8]
	.loc	2 4547 29 is_stmt 0             @ ../Drivers/STM32H7xx_HAL_Driver/Src/stm32h7xx_hal_fdcan.c:4547:29
	ldr.w	r0, [r1, #156]
	orr	r0, r0, #1
	str.w	r0, [r1, #156]
	.loc	2 4550 11 is_stmt 1             @ ../Drivers/STM32H7xx_HAL_Driver/Src/stm32h7xx_hal_fdcan.c:4550:11
	ldr	r1, [sp, #8]
	movs	r0, #3
	.loc	2 4550 25 is_stmt 0             @ ../Drivers/STM32H7xx_HAL_Driver/Src/stm32h7xx_hal_fdcan.c:4550:25
	strb.w	r0, [r1, #152]
	movs	r0, #1
	.loc	2 4552 11 is_stmt 1             @ ../Drivers/STM32H7xx_HAL_Driver/Src/stm32h7xx_hal_fdcan.c:4552:11
	strb.w	r0, [sp, #15]
	b	.LBB66_11
.Ltmp810:
.LBB66_7:                               @   in Loop: Header=BB66_4 Depth=1
	.loc	2 4556 16                       @ ../Drivers/STM32H7xx_HAL_Driver/Src/stm32h7xx_hal_fdcan.c:4556:16
	ldr	r0, [sp, #4]
	adds	r0, #1
	str	r0, [sp, #4]
.Ltmp811:
	.loc	2 4541 7                        @ ../Drivers/STM32H7xx_HAL_Driver/Src/stm32h7xx_hal_fdcan.c:4541:7
	b	.LBB66_4
.LBB66_8:
	.loc	2 4560 7                        @ ../Drivers/STM32H7xx_HAL_Driver/Src/stm32h7xx_hal_fdcan.c:4560:7
	ldr	r0, [sp, #8]
	ldr	r1, [r0, #4]
	ldr	r0, [r1, #20]
	orr	r0, r0, #2048
	str	r0, [r1, #20]
	movs	r0, #0
	.loc	2 4563 7                        @ ../Drivers/STM32H7xx_HAL_Driver/Src/stm32h7xx_hal_fdcan.c:4563:7
	strb.w	r0, [sp, #15]
	b	.LBB66_11
.Ltmp812:
.LBB66_9:
	.loc	2 4569 7                        @ ../Drivers/STM32H7xx_HAL_Driver/Src/stm32h7xx_hal_fdcan.c:4569:7
	ldr	r1, [sp, #8]
	.loc	2 4569 25 is_stmt 0             @ ../Drivers/STM32H7xx_HAL_Driver/Src/stm32h7xx_hal_fdcan.c:4569:25
	ldr.w	r0, [r1, #156]
	orr	r0, r0, #16
	str.w	r0, [r1, #156]
	movs	r0, #1
	.loc	2 4571 7 is_stmt 1              @ ../Drivers/STM32H7xx_HAL_Driver/Src/stm32h7xx_hal_fdcan.c:4571:7
	strb.w	r0, [sp, #15]
	b	.LBB66_11
.Ltmp813:
.LBB66_10:
	.loc	2 4577 5                        @ ../Drivers/STM32H7xx_HAL_Driver/Src/stm32h7xx_hal_fdcan.c:4577:5
	ldr	r1, [sp, #8]
	.loc	2 4577 23 is_stmt 0             @ ../Drivers/STM32H7xx_HAL_Driver/Src/stm32h7xx_hal_fdcan.c:4577:23
	ldr.w	r0, [r1, #156]
	orr	r0, r0, #2
	str.w	r0, [r1, #156]
	movs	r0, #1
	.loc	2 4579 5 is_stmt 1              @ ../Drivers/STM32H7xx_HAL_Driver/Src/stm32h7xx_hal_fdcan.c:4579:5
	strb.w	r0, [sp, #15]
	b	.LBB66_11
.Ltmp814:
.LBB66_11:
	.loc	2 4581 1                        @ ../Drivers/STM32H7xx_HAL_Driver/Src/stm32h7xx_hal_fdcan.c:4581:1
	ldrb.w	r0, [sp, #15]
	.loc	2 4581 1 epilogue_begin is_stmt 0 @ ../Drivers/STM32H7xx_HAL_Driver/Src/stm32h7xx_hal_fdcan.c:4581:1
	add	sp, #16
	bx	lr
.Ltmp815:
.Lfunc_end66:
	.size	HAL_FDCAN_TT_EnableTimeMarkGapControl, .Lfunc_end66-HAL_FDCAN_TT_EnableTimeMarkGapControl
	.cfi_endproc
	.cantunwind
	.fnend
                                        @ -- End function
	.section	.text.HAL_FDCAN_TT_DisableTimeMarkGapControl,"ax",%progbits
	.hidden	HAL_FDCAN_TT_DisableTimeMarkGapControl @ -- Begin function HAL_FDCAN_TT_DisableTimeMarkGapControl
	.globl	HAL_FDCAN_TT_DisableTimeMarkGapControl
	.p2align	3
	.type	HAL_FDCAN_TT_DisableTimeMarkGapControl,%function
	.code	16                              @ @HAL_FDCAN_TT_DisableTimeMarkGapControl
	.thumb_func
HAL_FDCAN_TT_DisableTimeMarkGapControl:
.Lfunc_begin67:
	.loc	2 4590 0 is_stmt 1              @ ../Drivers/STM32H7xx_HAL_Driver/Src/stm32h7xx_hal_fdcan.c:4590:0
	.fnstart
	.cfi_startproc
@ %bb.0:
	.pad	#16
	sub	sp, #16
	.cfi_def_cfa_offset 16
	str	r0, [sp, #8]
	movs	r0, #0
.Ltmp816:
	.loc	2 4591 12 prologue_end          @ ../Drivers/STM32H7xx_HAL_Driver/Src/stm32h7xx_hal_fdcan.c:4591:12
	str	r0, [sp, #4]
	.loc	2 4592 34                       @ ../Drivers/STM32H7xx_HAL_Driver/Src/stm32h7xx_hal_fdcan.c:4592:34
	ldr	r0, [sp, #8]
	.loc	2 4592 42 is_stmt 0             @ ../Drivers/STM32H7xx_HAL_Driver/Src/stm32h7xx_hal_fdcan.c:4592:42
	ldrb.w	r0, [r0, #152]
	.loc	2 4592 26                       @ ../Drivers/STM32H7xx_HAL_Driver/Src/stm32h7xx_hal_fdcan.c:4592:26
	strb.w	r0, [sp, #3]
.Ltmp817:
	.loc	2 4597 8 is_stmt 1              @ ../Drivers/STM32H7xx_HAL_Driver/Src/stm32h7xx_hal_fdcan.c:4597:8
	ldrb.w	r0, [sp, #3]
	.loc	2 4597 40 is_stmt 0             @ ../Drivers/STM32H7xx_HAL_Driver/Src/stm32h7xx_hal_fdcan.c:4597:40
	cmp	r0, #1
	beq	.LBB67_2
	b	.LBB67_1
.LBB67_1:
	.loc	2 4597 44                       @ ../Drivers/STM32H7xx_HAL_Driver/Src/stm32h7xx_hal_fdcan.c:4597:44
	ldrb.w	r0, [sp, #3]
.Ltmp818:
	.loc	2 4597 7                        @ ../Drivers/STM32H7xx_HAL_Driver/Src/stm32h7xx_hal_fdcan.c:4597:7
	cmp	r0, #2
	bne	.LBB67_10
	b	.LBB67_2
.LBB67_2:
.Ltmp819:
	.loc	2 4599 10 is_stmt 1             @ ../Drivers/STM32H7xx_HAL_Driver/Src/stm32h7xx_hal_fdcan.c:4599:10
	ldr	r0, [sp, #8]
	.loc	2 4599 18 is_stmt 0             @ ../Drivers/STM32H7xx_HAL_Driver/Src/stm32h7xx_hal_fdcan.c:4599:18
	ldr	r0, [r0, #4]
	.loc	2 4599 25                       @ ../Drivers/STM32H7xx_HAL_Driver/Src/stm32h7xx_hal_fdcan.c:4599:25
	ldr	r0, [r0, #8]
	.loc	2 4599 31                       @ ../Drivers/STM32H7xx_HAL_Driver/Src/stm32h7xx_hal_fdcan.c:4599:31
	and	r0, r0, #3
.Ltmp820:
	.loc	2 4599 9                        @ ../Drivers/STM32H7xx_HAL_Driver/Src/stm32h7xx_hal_fdcan.c:4599:9
	cmp	r0, #3
	beq	.LBB67_9
	b	.LBB67_3
.LBB67_3:
.Ltmp821:
	.loc	2 4602 7 is_stmt 1              @ ../Drivers/STM32H7xx_HAL_Driver/Src/stm32h7xx_hal_fdcan.c:4602:7
	b	.LBB67_4
.LBB67_4:                               @ =>This Inner Loop Header: Depth=1
	.loc	2 4602 15 is_stmt 0             @ ../Drivers/STM32H7xx_HAL_Driver/Src/stm32h7xx_hal_fdcan.c:4602:15
	ldr	r0, [sp, #8]
	.loc	2 4602 23                       @ ../Drivers/STM32H7xx_HAL_Driver/Src/stm32h7xx_hal_fdcan.c:4602:23
	ldr	r0, [r0, #4]
	.loc	2 4602 30                       @ ../Drivers/STM32H7xx_HAL_Driver/Src/stm32h7xx_hal_fdcan.c:4602:30
	ldr	r0, [r0, #20]
	.loc	2 4602 7                        @ ../Drivers/STM32H7xx_HAL_Driver/Src/stm32h7xx_hal_fdcan.c:4602:7
	lsls	r0, r0, #16
	cmp	r0, #0
	bpl	.LBB67_8
	b	.LBB67_5
.LBB67_5:                               @   in Loop: Header=BB67_4 Depth=1
.Ltmp822:
	.loc	2 4605 13 is_stmt 1             @ ../Drivers/STM32H7xx_HAL_Driver/Src/stm32h7xx_hal_fdcan.c:4605:13
	ldr	r0, [sp, #4]
.Ltmp823:
	.loc	2 4605 13 is_stmt 0             @ ../Drivers/STM32H7xx_HAL_Driver/Src/stm32h7xx_hal_fdcan.c:4605:13
	cmp	r0, #51
	blo	.LBB67_7
	b	.LBB67_6
.LBB67_6:
.Ltmp824:
	.loc	2 4608 11 is_stmt 1             @ ../Drivers/STM32H7xx_HAL_Driver/Src/stm32h7xx_hal_fdcan.c:4608:11
	ldr	r1, [sp, #8]
	.loc	2 4608 29 is_stmt 0             @ ../Drivers/STM32H7xx_HAL_Driver/Src/stm32h7xx_hal_fdcan.c:4608:29
	ldr.w	r0, [r1, #156]
	orr	r0, r0, #1
	str.w	r0, [r1, #156]
	.loc	2 4611 11 is_stmt 1             @ ../Drivers/STM32H7xx_HAL_Driver/Src/stm32h7xx_hal_fdcan.c:4611:11
	ldr	r1, [sp, #8]
	movs	r0, #3
	.loc	2 4611 25 is_stmt 0             @ ../Drivers/STM32H7xx_HAL_Driver/Src/stm32h7xx_hal_fdcan.c:4611:25
	strb.w	r0, [r1, #152]
	movs	r0, #1
	.loc	2 4613 11 is_stmt 1             @ ../Drivers/STM32H7xx_HAL_Driver/Src/stm32h7xx_hal_fdcan.c:4613:11
	strb.w	r0, [sp, #15]
	b	.LBB67_11
.Ltmp825:
.LBB67_7:                               @   in Loop: Header=BB67_4 Depth=1
	.loc	2 4617 16                       @ ../Drivers/STM32H7xx_HAL_Driver/Src/stm32h7xx_hal_fdcan.c:4617:16
	ldr	r0, [sp, #4]
	adds	r0, #1
	str	r0, [sp, #4]
.Ltmp826:
	.loc	2 4602 7                        @ ../Drivers/STM32H7xx_HAL_Driver/Src/stm32h7xx_hal_fdcan.c:4602:7
	b	.LBB67_4
.LBB67_8:
	.loc	2 4621 7                        @ ../Drivers/STM32H7xx_HAL_Driver/Src/stm32h7xx_hal_fdcan.c:4621:7
	ldr	r0, [sp, #8]
	ldr	r1, [r0, #4]
	ldr	r0, [r1, #20]
	bic	r0, r0, #2048
	str	r0, [r1, #20]
	movs	r0, #0
	.loc	2 4624 7                        @ ../Drivers/STM32H7xx_HAL_Driver/Src/stm32h7xx_hal_fdcan.c:4624:7
	strb.w	r0, [sp, #15]
	b	.LBB67_11
.Ltmp827:
.LBB67_9:
	.loc	2 4630 7                        @ ../Drivers/STM32H7xx_HAL_Driver/Src/stm32h7xx_hal_fdcan.c:4630:7
	ldr	r1, [sp, #8]
	.loc	2 4630 25 is_stmt 0             @ ../Drivers/STM32H7xx_HAL_Driver/Src/stm32h7xx_hal_fdcan.c:4630:25
	ldr.w	r0, [r1, #156]
	orr	r0, r0, #16
	str.w	r0, [r1, #156]
	movs	r0, #1
	.loc	2 4632 7 is_stmt 1              @ ../Drivers/STM32H7xx_HAL_Driver/Src/stm32h7xx_hal_fdcan.c:4632:7
	strb.w	r0, [sp, #15]
	b	.LBB67_11
.Ltmp828:
.LBB67_10:
	.loc	2 4638 5                        @ ../Drivers/STM32H7xx_HAL_Driver/Src/stm32h7xx_hal_fdcan.c:4638:5
	ldr	r1, [sp, #8]
	.loc	2 4638 23 is_stmt 0             @ ../Drivers/STM32H7xx_HAL_Driver/Src/stm32h7xx_hal_fdcan.c:4638:23
	ldr.w	r0, [r1, #156]
	orr	r0, r0, #2
	str.w	r0, [r1, #156]
	movs	r0, #1
	.loc	2 4640 5 is_stmt 1              @ ../Drivers/STM32H7xx_HAL_Driver/Src/stm32h7xx_hal_fdcan.c:4640:5
	strb.w	r0, [sp, #15]
	b	.LBB67_11
.Ltmp829:
.LBB67_11:
	.loc	2 4642 1                        @ ../Drivers/STM32H7xx_HAL_Driver/Src/stm32h7xx_hal_fdcan.c:4642:1
	ldrb.w	r0, [sp, #15]
	.loc	2 4642 1 epilogue_begin is_stmt 0 @ ../Drivers/STM32H7xx_HAL_Driver/Src/stm32h7xx_hal_fdcan.c:4642:1
	add	sp, #16
	bx	lr
.Ltmp830:
.Lfunc_end67:
	.size	HAL_FDCAN_TT_DisableTimeMarkGapControl, .Lfunc_end67-HAL_FDCAN_TT_DisableTimeMarkGapControl
	.cfi_endproc
	.cantunwind
	.fnend
                                        @ -- End function
	.section	.text.HAL_FDCAN_TT_SetNextIsGap,"ax",%progbits
	.hidden	HAL_FDCAN_TT_SetNextIsGap       @ -- Begin function HAL_FDCAN_TT_SetNextIsGap
	.globl	HAL_FDCAN_TT_SetNextIsGap
	.p2align	3
	.type	HAL_FDCAN_TT_SetNextIsGap,%function
	.code	16                              @ @HAL_FDCAN_TT_SetNextIsGap
	.thumb_func
HAL_FDCAN_TT_SetNextIsGap:
.Lfunc_begin68:
	.loc	2 4651 0 is_stmt 1              @ ../Drivers/STM32H7xx_HAL_Driver/Src/stm32h7xx_hal_fdcan.c:4651:0
	.fnstart
	.cfi_startproc
@ %bb.0:
	.pad	#16
	sub	sp, #16
	.cfi_def_cfa_offset 16
	str	r0, [sp, #8]
	movs	r0, #0
.Ltmp831:
	.loc	2 4652 12 prologue_end          @ ../Drivers/STM32H7xx_HAL_Driver/Src/stm32h7xx_hal_fdcan.c:4652:12
	str	r0, [sp, #4]
	.loc	2 4653 34                       @ ../Drivers/STM32H7xx_HAL_Driver/Src/stm32h7xx_hal_fdcan.c:4653:34
	ldr	r0, [sp, #8]
	.loc	2 4653 42 is_stmt 0             @ ../Drivers/STM32H7xx_HAL_Driver/Src/stm32h7xx_hal_fdcan.c:4653:42
	ldrb.w	r0, [r0, #152]
	.loc	2 4653 26                       @ ../Drivers/STM32H7xx_HAL_Driver/Src/stm32h7xx_hal_fdcan.c:4653:26
	strb.w	r0, [sp, #3]
.Ltmp832:
	.loc	2 4658 8 is_stmt 1              @ ../Drivers/STM32H7xx_HAL_Driver/Src/stm32h7xx_hal_fdcan.c:4658:8
	ldrb.w	r0, [sp, #3]
	.loc	2 4658 40 is_stmt 0             @ ../Drivers/STM32H7xx_HAL_Driver/Src/stm32h7xx_hal_fdcan.c:4658:40
	cmp	r0, #1
	beq	.LBB68_2
	b	.LBB68_1
.LBB68_1:
	.loc	2 4658 44                       @ ../Drivers/STM32H7xx_HAL_Driver/Src/stm32h7xx_hal_fdcan.c:4658:44
	ldrb.w	r0, [sp, #3]
.Ltmp833:
	.loc	2 4658 7                        @ ../Drivers/STM32H7xx_HAL_Driver/Src/stm32h7xx_hal_fdcan.c:4658:7
	cmp	r0, #2
	bne	.LBB68_12
	b	.LBB68_2
.LBB68_2:
.Ltmp834:
	.loc	2 4661 10 is_stmt 1             @ ../Drivers/STM32H7xx_HAL_Driver/Src/stm32h7xx_hal_fdcan.c:4661:10
	ldr	r0, [sp, #8]
	.loc	2 4661 18 is_stmt 0             @ ../Drivers/STM32H7xx_HAL_Driver/Src/stm32h7xx_hal_fdcan.c:4661:18
	ldr	r0, [r0, #4]
	.loc	2 4661 25                       @ ../Drivers/STM32H7xx_HAL_Driver/Src/stm32h7xx_hal_fdcan.c:4661:25
	ldr	r0, [r0, #8]
	.loc	2 4661 31                       @ ../Drivers/STM32H7xx_HAL_Driver/Src/stm32h7xx_hal_fdcan.c:4661:31
	and	r0, r0, #8
.Ltmp835:
	.loc	2 4661 9                        @ ../Drivers/STM32H7xx_HAL_Driver/Src/stm32h7xx_hal_fdcan.c:4661:9
	cmp	r0, #8
	beq	.LBB68_4
	b	.LBB68_3
.LBB68_3:
.Ltmp836:
	.loc	2 4664 7 is_stmt 1              @ ../Drivers/STM32H7xx_HAL_Driver/Src/stm32h7xx_hal_fdcan.c:4664:7
	ldr	r1, [sp, #8]
	.loc	2 4664 25 is_stmt 0             @ ../Drivers/STM32H7xx_HAL_Driver/Src/stm32h7xx_hal_fdcan.c:4664:25
	ldr.w	r0, [r1, #156]
	orr	r0, r0, #16
	str.w	r0, [r1, #156]
	movs	r0, #1
	.loc	2 4666 7 is_stmt 1              @ ../Drivers/STM32H7xx_HAL_Driver/Src/stm32h7xx_hal_fdcan.c:4666:7
	strb.w	r0, [sp, #15]
	b	.LBB68_13
.Ltmp837:
.LBB68_4:
	.loc	2 4669 10                       @ ../Drivers/STM32H7xx_HAL_Driver/Src/stm32h7xx_hal_fdcan.c:4669:10
	ldr	r0, [sp, #8]
	.loc	2 4669 18 is_stmt 0             @ ../Drivers/STM32H7xx_HAL_Driver/Src/stm32h7xx_hal_fdcan.c:4669:18
	ldr	r0, [r0, #4]
	.loc	2 4669 25                       @ ../Drivers/STM32H7xx_HAL_Driver/Src/stm32h7xx_hal_fdcan.c:4669:25
	ldr	r0, [r0, #8]
	.loc	2 4669 31                       @ ../Drivers/STM32H7xx_HAL_Driver/Src/stm32h7xx_hal_fdcan.c:4669:31
	and	r0, r0, #3
.Ltmp838:
	.loc	2 4669 9                        @ ../Drivers/STM32H7xx_HAL_Driver/Src/stm32h7xx_hal_fdcan.c:4669:9
	cmp	r0, #3
	beq	.LBB68_11
	b	.LBB68_5
.LBB68_5:
.Ltmp839:
	.loc	2 4672 7 is_stmt 1              @ ../Drivers/STM32H7xx_HAL_Driver/Src/stm32h7xx_hal_fdcan.c:4672:7
	b	.LBB68_6
.LBB68_6:                               @ =>This Inner Loop Header: Depth=1
	.loc	2 4672 15 is_stmt 0             @ ../Drivers/STM32H7xx_HAL_Driver/Src/stm32h7xx_hal_fdcan.c:4672:15
	ldr	r0, [sp, #8]
	.loc	2 4672 23                       @ ../Drivers/STM32H7xx_HAL_Driver/Src/stm32h7xx_hal_fdcan.c:4672:23
	ldr	r0, [r0, #4]
	.loc	2 4672 30                       @ ../Drivers/STM32H7xx_HAL_Driver/Src/stm32h7xx_hal_fdcan.c:4672:30
	ldr	r0, [r0, #20]
	.loc	2 4672 7                        @ ../Drivers/STM32H7xx_HAL_Driver/Src/stm32h7xx_hal_fdcan.c:4672:7
	lsls	r0, r0, #16
	cmp	r0, #0
	bpl	.LBB68_10
	b	.LBB68_7
.LBB68_7:                               @   in Loop: Header=BB68_6 Depth=1
.Ltmp840:
	.loc	2 4675 13 is_stmt 1             @ ../Drivers/STM32H7xx_HAL_Driver/Src/stm32h7xx_hal_fdcan.c:4675:13
	ldr	r0, [sp, #4]
.Ltmp841:
	.loc	2 4675 13 is_stmt 0             @ ../Drivers/STM32H7xx_HAL_Driver/Src/stm32h7xx_hal_fdcan.c:4675:13
	cmp	r0, #51
	blo	.LBB68_9
	b	.LBB68_8
.LBB68_8:
.Ltmp842:
	.loc	2 4678 11 is_stmt 1             @ ../Drivers/STM32H7xx_HAL_Driver/Src/stm32h7xx_hal_fdcan.c:4678:11
	ldr	r1, [sp, #8]
	.loc	2 4678 29 is_stmt 0             @ ../Drivers/STM32H7xx_HAL_Driver/Src/stm32h7xx_hal_fdcan.c:4678:29
	ldr.w	r0, [r1, #156]
	orr	r0, r0, #1
	str.w	r0, [r1, #156]
	.loc	2 4681 11 is_stmt 1             @ ../Drivers/STM32H7xx_HAL_Driver/Src/stm32h7xx_hal_fdcan.c:4681:11
	ldr	r1, [sp, #8]
	movs	r0, #3
	.loc	2 4681 25 is_stmt 0             @ ../Drivers/STM32H7xx_HAL_Driver/Src/stm32h7xx_hal_fdcan.c:4681:25
	strb.w	r0, [r1, #152]
	movs	r0, #1
	.loc	2 4683 11 is_stmt 1             @ ../Drivers/STM32H7xx_HAL_Driver/Src/stm32h7xx_hal_fdcan.c:4683:11
	strb.w	r0, [sp, #15]
	b	.LBB68_13
.Ltmp843:
.LBB68_9:                               @   in Loop: Header=BB68_6 Depth=1
	.loc	2 4687 16                       @ ../Drivers/STM32H7xx_HAL_Driver/Src/stm32h7xx_hal_fdcan.c:4687:16
	ldr	r0, [sp, #4]
	adds	r0, #1
	str	r0, [sp, #4]
.Ltmp844:
	.loc	2 4672 7                        @ ../Drivers/STM32H7xx_HAL_Driver/Src/stm32h7xx_hal_fdcan.c:4672:7
	b	.LBB68_6
.LBB68_10:
	.loc	2 4691 7                        @ ../Drivers/STM32H7xx_HAL_Driver/Src/stm32h7xx_hal_fdcan.c:4691:7
	ldr	r0, [sp, #8]
	ldr	r1, [r0, #4]
	ldr	r0, [r1, #20]
	orr	r0, r0, #4096
	str	r0, [r1, #20]
	movs	r0, #0
	.loc	2 4694 7                        @ ../Drivers/STM32H7xx_HAL_Driver/Src/stm32h7xx_hal_fdcan.c:4694:7
	strb.w	r0, [sp, #15]
	b	.LBB68_13
.Ltmp845:
.LBB68_11:
	.loc	2 4700 7                        @ ../Drivers/STM32H7xx_HAL_Driver/Src/stm32h7xx_hal_fdcan.c:4700:7
	ldr	r1, [sp, #8]
	.loc	2 4700 25 is_stmt 0             @ ../Drivers/STM32H7xx_HAL_Driver/Src/stm32h7xx_hal_fdcan.c:4700:25
	ldr.w	r0, [r1, #156]
	orr	r0, r0, #16
	str.w	r0, [r1, #156]
	movs	r0, #1
	.loc	2 4702 7 is_stmt 1              @ ../Drivers/STM32H7xx_HAL_Driver/Src/stm32h7xx_hal_fdcan.c:4702:7
	strb.w	r0, [sp, #15]
	b	.LBB68_13
.Ltmp846:
.LBB68_12:
	.loc	2 4708 5                        @ ../Drivers/STM32H7xx_HAL_Driver/Src/stm32h7xx_hal_fdcan.c:4708:5
	ldr	r1, [sp, #8]
	.loc	2 4708 23 is_stmt 0             @ ../Drivers/STM32H7xx_HAL_Driver/Src/stm32h7xx_hal_fdcan.c:4708:23
	ldr.w	r0, [r1, #156]
	orr	r0, r0, #2
	str.w	r0, [r1, #156]
	movs	r0, #1
	.loc	2 4710 5 is_stmt 1              @ ../Drivers/STM32H7xx_HAL_Driver/Src/stm32h7xx_hal_fdcan.c:4710:5
	strb.w	r0, [sp, #15]
	b	.LBB68_13
.Ltmp847:
.LBB68_13:
	.loc	2 4712 1                        @ ../Drivers/STM32H7xx_HAL_Driver/Src/stm32h7xx_hal_fdcan.c:4712:1
	ldrb.w	r0, [sp, #15]
	.loc	2 4712 1 epilogue_begin is_stmt 0 @ ../Drivers/STM32H7xx_HAL_Driver/Src/stm32h7xx_hal_fdcan.c:4712:1
	add	sp, #16
	bx	lr
.Ltmp848:
.Lfunc_end68:
	.size	HAL_FDCAN_TT_SetNextIsGap, .Lfunc_end68-HAL_FDCAN_TT_SetNextIsGap
	.cfi_endproc
	.cantunwind
	.fnend
                                        @ -- End function
	.section	.text.HAL_FDCAN_TT_SetEndOfGap,"ax",%progbits
	.hidden	HAL_FDCAN_TT_SetEndOfGap        @ -- Begin function HAL_FDCAN_TT_SetEndOfGap
	.globl	HAL_FDCAN_TT_SetEndOfGap
	.p2align	3
	.type	HAL_FDCAN_TT_SetEndOfGap,%function
	.code	16                              @ @HAL_FDCAN_TT_SetEndOfGap
	.thumb_func
HAL_FDCAN_TT_SetEndOfGap:
.Lfunc_begin69:
	.loc	2 4721 0 is_stmt 1              @ ../Drivers/STM32H7xx_HAL_Driver/Src/stm32h7xx_hal_fdcan.c:4721:0
	.fnstart
	.cfi_startproc
@ %bb.0:
	.pad	#16
	sub	sp, #16
	.cfi_def_cfa_offset 16
	str	r0, [sp, #8]
	movs	r0, #0
.Ltmp849:
	.loc	2 4722 12 prologue_end          @ ../Drivers/STM32H7xx_HAL_Driver/Src/stm32h7xx_hal_fdcan.c:4722:12
	str	r0, [sp, #4]
	.loc	2 4723 34                       @ ../Drivers/STM32H7xx_HAL_Driver/Src/stm32h7xx_hal_fdcan.c:4723:34
	ldr	r0, [sp, #8]
	.loc	2 4723 42 is_stmt 0             @ ../Drivers/STM32H7xx_HAL_Driver/Src/stm32h7xx_hal_fdcan.c:4723:42
	ldrb.w	r0, [r0, #152]
	.loc	2 4723 26                       @ ../Drivers/STM32H7xx_HAL_Driver/Src/stm32h7xx_hal_fdcan.c:4723:26
	strb.w	r0, [sp, #3]
.Ltmp850:
	.loc	2 4728 8 is_stmt 1              @ ../Drivers/STM32H7xx_HAL_Driver/Src/stm32h7xx_hal_fdcan.c:4728:8
	ldrb.w	r0, [sp, #3]
	.loc	2 4728 40 is_stmt 0             @ ../Drivers/STM32H7xx_HAL_Driver/Src/stm32h7xx_hal_fdcan.c:4728:40
	cmp	r0, #1
	beq	.LBB69_2
	b	.LBB69_1
.LBB69_1:
	.loc	2 4728 44                       @ ../Drivers/STM32H7xx_HAL_Driver/Src/stm32h7xx_hal_fdcan.c:4728:44
	ldrb.w	r0, [sp, #3]
.Ltmp851:
	.loc	2 4728 7                        @ ../Drivers/STM32H7xx_HAL_Driver/Src/stm32h7xx_hal_fdcan.c:4728:7
	cmp	r0, #2
	bne	.LBB69_12
	b	.LBB69_2
.LBB69_2:
.Ltmp852:
	.loc	2 4731 10 is_stmt 1             @ ../Drivers/STM32H7xx_HAL_Driver/Src/stm32h7xx_hal_fdcan.c:4731:10
	ldr	r0, [sp, #8]
	.loc	2 4731 18 is_stmt 0             @ ../Drivers/STM32H7xx_HAL_Driver/Src/stm32h7xx_hal_fdcan.c:4731:18
	ldr	r0, [r0, #4]
	.loc	2 4731 25                       @ ../Drivers/STM32H7xx_HAL_Driver/Src/stm32h7xx_hal_fdcan.c:4731:25
	ldr	r0, [r0, #8]
	.loc	2 4731 31                       @ ../Drivers/STM32H7xx_HAL_Driver/Src/stm32h7xx_hal_fdcan.c:4731:31
	and	r0, r0, #8
.Ltmp853:
	.loc	2 4731 9                        @ ../Drivers/STM32H7xx_HAL_Driver/Src/stm32h7xx_hal_fdcan.c:4731:9
	cmp	r0, #8
	beq	.LBB69_4
	b	.LBB69_3
.LBB69_3:
.Ltmp854:
	.loc	2 4734 7 is_stmt 1              @ ../Drivers/STM32H7xx_HAL_Driver/Src/stm32h7xx_hal_fdcan.c:4734:7
	ldr	r1, [sp, #8]
	.loc	2 4734 25 is_stmt 0             @ ../Drivers/STM32H7xx_HAL_Driver/Src/stm32h7xx_hal_fdcan.c:4734:25
	ldr.w	r0, [r1, #156]
	orr	r0, r0, #16
	str.w	r0, [r1, #156]
	movs	r0, #1
	.loc	2 4736 7 is_stmt 1              @ ../Drivers/STM32H7xx_HAL_Driver/Src/stm32h7xx_hal_fdcan.c:4736:7
	strb.w	r0, [sp, #15]
	b	.LBB69_13
.Ltmp855:
.LBB69_4:
	.loc	2 4739 10                       @ ../Drivers/STM32H7xx_HAL_Driver/Src/stm32h7xx_hal_fdcan.c:4739:10
	ldr	r0, [sp, #8]
	.loc	2 4739 18 is_stmt 0             @ ../Drivers/STM32H7xx_HAL_Driver/Src/stm32h7xx_hal_fdcan.c:4739:18
	ldr	r0, [r0, #4]
	.loc	2 4739 25                       @ ../Drivers/STM32H7xx_HAL_Driver/Src/stm32h7xx_hal_fdcan.c:4739:25
	ldr	r0, [r0, #8]
	.loc	2 4739 31                       @ ../Drivers/STM32H7xx_HAL_Driver/Src/stm32h7xx_hal_fdcan.c:4739:31
	and	r0, r0, #3
.Ltmp856:
	.loc	2 4739 9                        @ ../Drivers/STM32H7xx_HAL_Driver/Src/stm32h7xx_hal_fdcan.c:4739:9
	cmp	r0, #3
	beq	.LBB69_11
	b	.LBB69_5
.LBB69_5:
.Ltmp857:
	.loc	2 4742 7 is_stmt 1              @ ../Drivers/STM32H7xx_HAL_Driver/Src/stm32h7xx_hal_fdcan.c:4742:7
	b	.LBB69_6
.LBB69_6:                               @ =>This Inner Loop Header: Depth=1
	.loc	2 4742 15 is_stmt 0             @ ../Drivers/STM32H7xx_HAL_Driver/Src/stm32h7xx_hal_fdcan.c:4742:15
	ldr	r0, [sp, #8]
	.loc	2 4742 23                       @ ../Drivers/STM32H7xx_HAL_Driver/Src/stm32h7xx_hal_fdcan.c:4742:23
	ldr	r0, [r0, #4]
	.loc	2 4742 30                       @ ../Drivers/STM32H7xx_HAL_Driver/Src/stm32h7xx_hal_fdcan.c:4742:30
	ldr	r0, [r0, #20]
	.loc	2 4742 7                        @ ../Drivers/STM32H7xx_HAL_Driver/Src/stm32h7xx_hal_fdcan.c:4742:7
	lsls	r0, r0, #16
	cmp	r0, #0
	bpl	.LBB69_10
	b	.LBB69_7
.LBB69_7:                               @   in Loop: Header=BB69_6 Depth=1
.Ltmp858:
	.loc	2 4745 13 is_stmt 1             @ ../Drivers/STM32H7xx_HAL_Driver/Src/stm32h7xx_hal_fdcan.c:4745:13
	ldr	r0, [sp, #4]
.Ltmp859:
	.loc	2 4745 13 is_stmt 0             @ ../Drivers/STM32H7xx_HAL_Driver/Src/stm32h7xx_hal_fdcan.c:4745:13
	cmp	r0, #51
	blo	.LBB69_9
	b	.LBB69_8
.LBB69_8:
.Ltmp860:
	.loc	2 4748 11 is_stmt 1             @ ../Drivers/STM32H7xx_HAL_Driver/Src/stm32h7xx_hal_fdcan.c:4748:11
	ldr	r1, [sp, #8]
	.loc	2 4748 29 is_stmt 0             @ ../Drivers/STM32H7xx_HAL_Driver/Src/stm32h7xx_hal_fdcan.c:4748:29
	ldr.w	r0, [r1, #156]
	orr	r0, r0, #1
	str.w	r0, [r1, #156]
	.loc	2 4751 11 is_stmt 1             @ ../Drivers/STM32H7xx_HAL_Driver/Src/stm32h7xx_hal_fdcan.c:4751:11
	ldr	r1, [sp, #8]
	movs	r0, #3
	.loc	2 4751 25 is_stmt 0             @ ../Drivers/STM32H7xx_HAL_Driver/Src/stm32h7xx_hal_fdcan.c:4751:25
	strb.w	r0, [r1, #152]
	movs	r0, #1
	.loc	2 4753 11 is_stmt 1             @ ../Drivers/STM32H7xx_HAL_Driver/Src/stm32h7xx_hal_fdcan.c:4753:11
	strb.w	r0, [sp, #15]
	b	.LBB69_13
.Ltmp861:
.LBB69_9:                               @   in Loop: Header=BB69_6 Depth=1
	.loc	2 4757 16                       @ ../Drivers/STM32H7xx_HAL_Driver/Src/stm32h7xx_hal_fdcan.c:4757:16
	ldr	r0, [sp, #4]
	adds	r0, #1
	str	r0, [sp, #4]
.Ltmp862:
	.loc	2 4742 7                        @ ../Drivers/STM32H7xx_HAL_Driver/Src/stm32h7xx_hal_fdcan.c:4742:7
	b	.LBB69_6
.LBB69_10:
	.loc	2 4761 7                        @ ../Drivers/STM32H7xx_HAL_Driver/Src/stm32h7xx_hal_fdcan.c:4761:7
	ldr	r0, [sp, #8]
	ldr	r1, [r0, #4]
	ldr	r0, [r1, #20]
	orr	r0, r0, #1024
	str	r0, [r1, #20]
	movs	r0, #0
	.loc	2 4764 7                        @ ../Drivers/STM32H7xx_HAL_Driver/Src/stm32h7xx_hal_fdcan.c:4764:7
	strb.w	r0, [sp, #15]
	b	.LBB69_13
.Ltmp863:
.LBB69_11:
	.loc	2 4770 7                        @ ../Drivers/STM32H7xx_HAL_Driver/Src/stm32h7xx_hal_fdcan.c:4770:7
	ldr	r1, [sp, #8]
	.loc	2 4770 25 is_stmt 0             @ ../Drivers/STM32H7xx_HAL_Driver/Src/stm32h7xx_hal_fdcan.c:4770:25
	ldr.w	r0, [r1, #156]
	orr	r0, r0, #16
	str.w	r0, [r1, #156]
	movs	r0, #1
	.loc	2 4772 7 is_stmt 1              @ ../Drivers/STM32H7xx_HAL_Driver/Src/stm32h7xx_hal_fdcan.c:4772:7
	strb.w	r0, [sp, #15]
	b	.LBB69_13
.Ltmp864:
.LBB69_12:
	.loc	2 4778 5                        @ ../Drivers/STM32H7xx_HAL_Driver/Src/stm32h7xx_hal_fdcan.c:4778:5
	ldr	r1, [sp, #8]
	.loc	2 4778 23 is_stmt 0             @ ../Drivers/STM32H7xx_HAL_Driver/Src/stm32h7xx_hal_fdcan.c:4778:23
	ldr.w	r0, [r1, #156]
	orr	r0, r0, #2
	str.w	r0, [r1, #156]
	movs	r0, #1
	.loc	2 4780 5 is_stmt 1              @ ../Drivers/STM32H7xx_HAL_Driver/Src/stm32h7xx_hal_fdcan.c:4780:5
	strb.w	r0, [sp, #15]
	b	.LBB69_13
.Ltmp865:
.LBB69_13:
	.loc	2 4782 1                        @ ../Drivers/STM32H7xx_HAL_Driver/Src/stm32h7xx_hal_fdcan.c:4782:1
	ldrb.w	r0, [sp, #15]
	.loc	2 4782 1 epilogue_begin is_stmt 0 @ ../Drivers/STM32H7xx_HAL_Driver/Src/stm32h7xx_hal_fdcan.c:4782:1
	add	sp, #16
	bx	lr
.Ltmp866:
.Lfunc_end69:
	.size	HAL_FDCAN_TT_SetEndOfGap, .Lfunc_end69-HAL_FDCAN_TT_SetEndOfGap
	.cfi_endproc
	.cantunwind
	.fnend
                                        @ -- End function
	.section	.text.HAL_FDCAN_TT_ConfigExternalSyncPhase,"ax",%progbits
	.hidden	HAL_FDCAN_TT_ConfigExternalSyncPhase @ -- Begin function HAL_FDCAN_TT_ConfigExternalSyncPhase
	.globl	HAL_FDCAN_TT_ConfigExternalSyncPhase
	.p2align	3
	.type	HAL_FDCAN_TT_ConfigExternalSyncPhase,%function
	.code	16                              @ @HAL_FDCAN_TT_ConfigExternalSyncPhase
	.thumb_func
HAL_FDCAN_TT_ConfigExternalSyncPhase:
.Lfunc_begin70:
	.loc	2 4795 0 is_stmt 1              @ ../Drivers/STM32H7xx_HAL_Driver/Src/stm32h7xx_hal_fdcan.c:4795:0
	.fnstart
	.cfi_startproc
@ %bb.0:
	.pad	#16
	sub	sp, #16
	.cfi_def_cfa_offset 16
	str	r0, [sp, #8]
	str	r1, [sp, #4]
.Ltmp867:
	.loc	2 4796 34 prologue_end          @ ../Drivers/STM32H7xx_HAL_Driver/Src/stm32h7xx_hal_fdcan.c:4796:34
	ldr	r0, [sp, #8]
	.loc	2 4796 42 is_stmt 0             @ ../Drivers/STM32H7xx_HAL_Driver/Src/stm32h7xx_hal_fdcan.c:4796:42
	ldrb.w	r0, [r0, #152]
	.loc	2 4796 26                       @ ../Drivers/STM32H7xx_HAL_Driver/Src/stm32h7xx_hal_fdcan.c:4796:26
	strb.w	r0, [sp, #3]
.Ltmp868:
	.loc	2 4802 8 is_stmt 1              @ ../Drivers/STM32H7xx_HAL_Driver/Src/stm32h7xx_hal_fdcan.c:4802:8
	ldrb.w	r0, [sp, #3]
	.loc	2 4802 40 is_stmt 0             @ ../Drivers/STM32H7xx_HAL_Driver/Src/stm32h7xx_hal_fdcan.c:4802:40
	cmp	r0, #1
	beq	.LBB70_2
	b	.LBB70_1
.LBB70_1:
	.loc	2 4802 44                       @ ../Drivers/STM32H7xx_HAL_Driver/Src/stm32h7xx_hal_fdcan.c:4802:44
	ldrb.w	r0, [sp, #3]
.Ltmp869:
	.loc	2 4802 7                        @ ../Drivers/STM32H7xx_HAL_Driver/Src/stm32h7xx_hal_fdcan.c:4802:7
	cmp	r0, #2
	bne	.LBB70_5
	b	.LBB70_2
.LBB70_2:
.Ltmp870:
	.loc	2 4805 10 is_stmt 1             @ ../Drivers/STM32H7xx_HAL_Driver/Src/stm32h7xx_hal_fdcan.c:4805:10
	ldr	r0, [sp, #8]
	.loc	2 4805 18 is_stmt 0             @ ../Drivers/STM32H7xx_HAL_Driver/Src/stm32h7xx_hal_fdcan.c:4805:18
	ldr	r0, [r0, #4]
	.loc	2 4805 25                       @ ../Drivers/STM32H7xx_HAL_Driver/Src/stm32h7xx_hal_fdcan.c:4805:25
	ldr	r0, [r0, #20]
.Ltmp871:
	.loc	2 4805 9                        @ ../Drivers/STM32H7xx_HAL_Driver/Src/stm32h7xx_hal_fdcan.c:4805:9
	lsls	r0, r0, #18
	cmp	r0, #0
	bpl	.LBB70_4
	b	.LBB70_3
.LBB70_3:
.Ltmp872:
	.loc	2 4808 7 is_stmt 1              @ ../Drivers/STM32H7xx_HAL_Driver/Src/stm32h7xx_hal_fdcan.c:4808:7
	ldr	r1, [sp, #8]
	.loc	2 4808 25 is_stmt 0             @ ../Drivers/STM32H7xx_HAL_Driver/Src/stm32h7xx_hal_fdcan.c:4808:25
	ldr.w	r0, [r1, #156]
	orr	r0, r0, #64
	str.w	r0, [r1, #156]
	movs	r0, #1
	.loc	2 4810 7 is_stmt 1              @ ../Drivers/STM32H7xx_HAL_Driver/Src/stm32h7xx_hal_fdcan.c:4810:7
	strb.w	r0, [sp, #15]
	b	.LBB70_6
.Ltmp873:
.LBB70_4:
	.loc	2 4814 5                        @ ../Drivers/STM32H7xx_HAL_Driver/Src/stm32h7xx_hal_fdcan.c:4814:5
	ldr	r0, [sp, #8]
	ldr	r0, [r0, #4]
	ldr	r0, [r0, #24]
	ldr	r1, [sp, #4]
	pkhbt	r0, r0, r1, lsl #16
	ldr	r1, [sp, #8]
	ldr	r1, [r1, #4]
	str	r0, [r1, #24]
	movs	r0, #0
	.loc	2 4817 5                        @ ../Drivers/STM32H7xx_HAL_Driver/Src/stm32h7xx_hal_fdcan.c:4817:5
	strb.w	r0, [sp, #15]
	b	.LBB70_6
.Ltmp874:
.LBB70_5:
	.loc	2 4822 5                        @ ../Drivers/STM32H7xx_HAL_Driver/Src/stm32h7xx_hal_fdcan.c:4822:5
	ldr	r1, [sp, #8]
	.loc	2 4822 23 is_stmt 0             @ ../Drivers/STM32H7xx_HAL_Driver/Src/stm32h7xx_hal_fdcan.c:4822:23
	ldr.w	r0, [r1, #156]
	orr	r0, r0, #2
	str.w	r0, [r1, #156]
	movs	r0, #1
	.loc	2 4824 5 is_stmt 1              @ ../Drivers/STM32H7xx_HAL_Driver/Src/stm32h7xx_hal_fdcan.c:4824:5
	strb.w	r0, [sp, #15]
	b	.LBB70_6
.Ltmp875:
.LBB70_6:
	.loc	2 4826 1                        @ ../Drivers/STM32H7xx_HAL_Driver/Src/stm32h7xx_hal_fdcan.c:4826:1
	ldrb.w	r0, [sp, #15]
	.loc	2 4826 1 epilogue_begin is_stmt 0 @ ../Drivers/STM32H7xx_HAL_Driver/Src/stm32h7xx_hal_fdcan.c:4826:1
	add	sp, #16
	bx	lr
.Ltmp876:
.Lfunc_end70:
	.size	HAL_FDCAN_TT_ConfigExternalSyncPhase, .Lfunc_end70-HAL_FDCAN_TT_ConfigExternalSyncPhase
	.cfi_endproc
	.cantunwind
	.fnend
                                        @ -- End function
	.section	.text.HAL_FDCAN_TT_EnableExternalSynchronization,"ax",%progbits
	.hidden	HAL_FDCAN_TT_EnableExternalSynchronization @ -- Begin function HAL_FDCAN_TT_EnableExternalSynchronization
	.globl	HAL_FDCAN_TT_EnableExternalSynchronization
	.p2align	3
	.type	HAL_FDCAN_TT_EnableExternalSynchronization,%function
	.code	16                              @ @HAL_FDCAN_TT_EnableExternalSynchronization
	.thumb_func
HAL_FDCAN_TT_EnableExternalSynchronization:
.Lfunc_begin71:
	.loc	2 4836 0 is_stmt 1              @ ../Drivers/STM32H7xx_HAL_Driver/Src/stm32h7xx_hal_fdcan.c:4836:0
	.fnstart
	.cfi_startproc
@ %bb.0:
	.pad	#16
	sub	sp, #16
	.cfi_def_cfa_offset 16
	str	r0, [sp, #8]
	movs	r0, #0
.Ltmp877:
	.loc	2 4837 12 prologue_end          @ ../Drivers/STM32H7xx_HAL_Driver/Src/stm32h7xx_hal_fdcan.c:4837:12
	str	r0, [sp, #4]
	.loc	2 4838 34                       @ ../Drivers/STM32H7xx_HAL_Driver/Src/stm32h7xx_hal_fdcan.c:4838:34
	ldr	r0, [sp, #8]
	.loc	2 4838 42 is_stmt 0             @ ../Drivers/STM32H7xx_HAL_Driver/Src/stm32h7xx_hal_fdcan.c:4838:42
	ldrb.w	r0, [r0, #152]
	.loc	2 4838 26                       @ ../Drivers/STM32H7xx_HAL_Driver/Src/stm32h7xx_hal_fdcan.c:4838:26
	strb.w	r0, [sp, #3]
.Ltmp878:
	.loc	2 4843 8 is_stmt 1              @ ../Drivers/STM32H7xx_HAL_Driver/Src/stm32h7xx_hal_fdcan.c:4843:8
	ldrb.w	r0, [sp, #3]
	.loc	2 4843 40 is_stmt 0             @ ../Drivers/STM32H7xx_HAL_Driver/Src/stm32h7xx_hal_fdcan.c:4843:40
	cmp	r0, #1
	beq	.LBB71_2
	b	.LBB71_1
.LBB71_1:
	.loc	2 4843 44                       @ ../Drivers/STM32H7xx_HAL_Driver/Src/stm32h7xx_hal_fdcan.c:4843:44
	ldrb.w	r0, [sp, #3]
.Ltmp879:
	.loc	2 4843 7                        @ ../Drivers/STM32H7xx_HAL_Driver/Src/stm32h7xx_hal_fdcan.c:4843:7
	cmp	r0, #2
	bne	.LBB71_8
	b	.LBB71_2
.LBB71_2:
.Ltmp880:
	.loc	2 4846 5 is_stmt 1              @ ../Drivers/STM32H7xx_HAL_Driver/Src/stm32h7xx_hal_fdcan.c:4846:5
	b	.LBB71_3
.LBB71_3:                               @ =>This Inner Loop Header: Depth=1
	.loc	2 4846 13 is_stmt 0             @ ../Drivers/STM32H7xx_HAL_Driver/Src/stm32h7xx_hal_fdcan.c:4846:13
	ldr	r0, [sp, #8]
	.loc	2 4846 21                       @ ../Drivers/STM32H7xx_HAL_Driver/Src/stm32h7xx_hal_fdcan.c:4846:21
	ldr	r0, [r0, #4]
	.loc	2 4846 28                       @ ../Drivers/STM32H7xx_HAL_Driver/Src/stm32h7xx_hal_fdcan.c:4846:28
	ldr	r0, [r0, #20]
	.loc	2 4846 5                        @ ../Drivers/STM32H7xx_HAL_Driver/Src/stm32h7xx_hal_fdcan.c:4846:5
	lsls	r0, r0, #16
	cmp	r0, #0
	bpl	.LBB71_7
	b	.LBB71_4
.LBB71_4:                               @   in Loop: Header=BB71_3 Depth=1
.Ltmp881:
	.loc	2 4849 11 is_stmt 1             @ ../Drivers/STM32H7xx_HAL_Driver/Src/stm32h7xx_hal_fdcan.c:4849:11
	ldr	r0, [sp, #4]
.Ltmp882:
	.loc	2 4849 11 is_stmt 0             @ ../Drivers/STM32H7xx_HAL_Driver/Src/stm32h7xx_hal_fdcan.c:4849:11
	cmp	r0, #51
	blo	.LBB71_6
	b	.LBB71_5
.LBB71_5:
.Ltmp883:
	.loc	2 4852 9 is_stmt 1              @ ../Drivers/STM32H7xx_HAL_Driver/Src/stm32h7xx_hal_fdcan.c:4852:9
	ldr	r1, [sp, #8]
	.loc	2 4852 27 is_stmt 0             @ ../Drivers/STM32H7xx_HAL_Driver/Src/stm32h7xx_hal_fdcan.c:4852:27
	ldr.w	r0, [r1, #156]
	orr	r0, r0, #1
	str.w	r0, [r1, #156]
	.loc	2 4855 9 is_stmt 1              @ ../Drivers/STM32H7xx_HAL_Driver/Src/stm32h7xx_hal_fdcan.c:4855:9
	ldr	r1, [sp, #8]
	movs	r0, #3
	.loc	2 4855 23 is_stmt 0             @ ../Drivers/STM32H7xx_HAL_Driver/Src/stm32h7xx_hal_fdcan.c:4855:23
	strb.w	r0, [r1, #152]
	movs	r0, #1
	.loc	2 4857 9 is_stmt 1              @ ../Drivers/STM32H7xx_HAL_Driver/Src/stm32h7xx_hal_fdcan.c:4857:9
	strb.w	r0, [sp, #15]
	b	.LBB71_9
.Ltmp884:
.LBB71_6:                               @   in Loop: Header=BB71_3 Depth=1
	.loc	2 4861 14                       @ ../Drivers/STM32H7xx_HAL_Driver/Src/stm32h7xx_hal_fdcan.c:4861:14
	ldr	r0, [sp, #4]
	adds	r0, #1
	str	r0, [sp, #4]
.Ltmp885:
	.loc	2 4846 5                        @ ../Drivers/STM32H7xx_HAL_Driver/Src/stm32h7xx_hal_fdcan.c:4846:5
	b	.LBB71_3
.LBB71_7:
	.loc	2 4865 5                        @ ../Drivers/STM32H7xx_HAL_Driver/Src/stm32h7xx_hal_fdcan.c:4865:5
	ldr	r0, [sp, #8]
	ldr	r1, [r0, #4]
	ldr	r0, [r1, #20]
	orr	r0, r0, #8192
	str	r0, [r1, #20]
	movs	r0, #0
	.loc	2 4868 5                        @ ../Drivers/STM32H7xx_HAL_Driver/Src/stm32h7xx_hal_fdcan.c:4868:5
	strb.w	r0, [sp, #15]
	b	.LBB71_9
.Ltmp886:
.LBB71_8:
	.loc	2 4873 5                        @ ../Drivers/STM32H7xx_HAL_Driver/Src/stm32h7xx_hal_fdcan.c:4873:5
	ldr	r1, [sp, #8]
	.loc	2 4873 23 is_stmt 0             @ ../Drivers/STM32H7xx_HAL_Driver/Src/stm32h7xx_hal_fdcan.c:4873:23
	ldr.w	r0, [r1, #156]
	orr	r0, r0, #2
	str.w	r0, [r1, #156]
	movs	r0, #1
	.loc	2 4875 5 is_stmt 1              @ ../Drivers/STM32H7xx_HAL_Driver/Src/stm32h7xx_hal_fdcan.c:4875:5
	strb.w	r0, [sp, #15]
	b	.LBB71_9
.Ltmp887:
.LBB71_9:
	.loc	2 4877 1                        @ ../Drivers/STM32H7xx_HAL_Driver/Src/stm32h7xx_hal_fdcan.c:4877:1
	ldrb.w	r0, [sp, #15]
	.loc	2 4877 1 epilogue_begin is_stmt 0 @ ../Drivers/STM32H7xx_HAL_Driver/Src/stm32h7xx_hal_fdcan.c:4877:1
	add	sp, #16
	bx	lr
.Ltmp888:
.Lfunc_end71:
	.size	HAL_FDCAN_TT_EnableExternalSynchronization, .Lfunc_end71-HAL_FDCAN_TT_EnableExternalSynchronization
	.cfi_endproc
	.cantunwind
	.fnend
                                        @ -- End function
	.section	.text.HAL_FDCAN_TT_DisableExternalSynchronization,"ax",%progbits
	.hidden	HAL_FDCAN_TT_DisableExternalSynchronization @ -- Begin function HAL_FDCAN_TT_DisableExternalSynchronization
	.globl	HAL_FDCAN_TT_DisableExternalSynchronization
	.p2align	3
	.type	HAL_FDCAN_TT_DisableExternalSynchronization,%function
	.code	16                              @ @HAL_FDCAN_TT_DisableExternalSynchronization
	.thumb_func
HAL_FDCAN_TT_DisableExternalSynchronization:
.Lfunc_begin72:
	.loc	2 4886 0 is_stmt 1              @ ../Drivers/STM32H7xx_HAL_Driver/Src/stm32h7xx_hal_fdcan.c:4886:0
	.fnstart
	.cfi_startproc
@ %bb.0:
	.pad	#16
	sub	sp, #16
	.cfi_def_cfa_offset 16
	str	r0, [sp, #8]
	movs	r0, #0
.Ltmp889:
	.loc	2 4887 12 prologue_end          @ ../Drivers/STM32H7xx_HAL_Driver/Src/stm32h7xx_hal_fdcan.c:4887:12
	str	r0, [sp, #4]
	.loc	2 4888 34                       @ ../Drivers/STM32H7xx_HAL_Driver/Src/stm32h7xx_hal_fdcan.c:4888:34
	ldr	r0, [sp, #8]
	.loc	2 4888 42 is_stmt 0             @ ../Drivers/STM32H7xx_HAL_Driver/Src/stm32h7xx_hal_fdcan.c:4888:42
	ldrb.w	r0, [r0, #152]
	.loc	2 4888 26                       @ ../Drivers/STM32H7xx_HAL_Driver/Src/stm32h7xx_hal_fdcan.c:4888:26
	strb.w	r0, [sp, #3]
.Ltmp890:
	.loc	2 4893 8 is_stmt 1              @ ../Drivers/STM32H7xx_HAL_Driver/Src/stm32h7xx_hal_fdcan.c:4893:8
	ldrb.w	r0, [sp, #3]
	.loc	2 4893 40 is_stmt 0             @ ../Drivers/STM32H7xx_HAL_Driver/Src/stm32h7xx_hal_fdcan.c:4893:40
	cmp	r0, #1
	beq	.LBB72_2
	b	.LBB72_1
.LBB72_1:
	.loc	2 4893 44                       @ ../Drivers/STM32H7xx_HAL_Driver/Src/stm32h7xx_hal_fdcan.c:4893:44
	ldrb.w	r0, [sp, #3]
.Ltmp891:
	.loc	2 4893 7                        @ ../Drivers/STM32H7xx_HAL_Driver/Src/stm32h7xx_hal_fdcan.c:4893:7
	cmp	r0, #2
	bne	.LBB72_8
	b	.LBB72_2
.LBB72_2:
.Ltmp892:
	.loc	2 4896 5 is_stmt 1              @ ../Drivers/STM32H7xx_HAL_Driver/Src/stm32h7xx_hal_fdcan.c:4896:5
	b	.LBB72_3
.LBB72_3:                               @ =>This Inner Loop Header: Depth=1
	.loc	2 4896 13 is_stmt 0             @ ../Drivers/STM32H7xx_HAL_Driver/Src/stm32h7xx_hal_fdcan.c:4896:13
	ldr	r0, [sp, #8]
	.loc	2 4896 21                       @ ../Drivers/STM32H7xx_HAL_Driver/Src/stm32h7xx_hal_fdcan.c:4896:21
	ldr	r0, [r0, #4]
	.loc	2 4896 28                       @ ../Drivers/STM32H7xx_HAL_Driver/Src/stm32h7xx_hal_fdcan.c:4896:28
	ldr	r0, [r0, #20]
	.loc	2 4896 5                        @ ../Drivers/STM32H7xx_HAL_Driver/Src/stm32h7xx_hal_fdcan.c:4896:5
	lsls	r0, r0, #16
	cmp	r0, #0
	bpl	.LBB72_7
	b	.LBB72_4
.LBB72_4:                               @   in Loop: Header=BB72_3 Depth=1
.Ltmp893:
	.loc	2 4899 11 is_stmt 1             @ ../Drivers/STM32H7xx_HAL_Driver/Src/stm32h7xx_hal_fdcan.c:4899:11
	ldr	r0, [sp, #4]
.Ltmp894:
	.loc	2 4899 11 is_stmt 0             @ ../Drivers/STM32H7xx_HAL_Driver/Src/stm32h7xx_hal_fdcan.c:4899:11
	cmp	r0, #51
	blo	.LBB72_6
	b	.LBB72_5
.LBB72_5:
.Ltmp895:
	.loc	2 4902 9 is_stmt 1              @ ../Drivers/STM32H7xx_HAL_Driver/Src/stm32h7xx_hal_fdcan.c:4902:9
	ldr	r1, [sp, #8]
	.loc	2 4902 27 is_stmt 0             @ ../Drivers/STM32H7xx_HAL_Driver/Src/stm32h7xx_hal_fdcan.c:4902:27
	ldr.w	r0, [r1, #156]
	orr	r0, r0, #1
	str.w	r0, [r1, #156]
	.loc	2 4905 9 is_stmt 1              @ ../Drivers/STM32H7xx_HAL_Driver/Src/stm32h7xx_hal_fdcan.c:4905:9
	ldr	r1, [sp, #8]
	movs	r0, #3
	.loc	2 4905 23 is_stmt 0             @ ../Drivers/STM32H7xx_HAL_Driver/Src/stm32h7xx_hal_fdcan.c:4905:23
	strb.w	r0, [r1, #152]
	movs	r0, #1
	.loc	2 4907 9 is_stmt 1              @ ../Drivers/STM32H7xx_HAL_Driver/Src/stm32h7xx_hal_fdcan.c:4907:9
	strb.w	r0, [sp, #15]
	b	.LBB72_9
.Ltmp896:
.LBB72_6:                               @   in Loop: Header=BB72_3 Depth=1
	.loc	2 4911 14                       @ ../Drivers/STM32H7xx_HAL_Driver/Src/stm32h7xx_hal_fdcan.c:4911:14
	ldr	r0, [sp, #4]
	adds	r0, #1
	str	r0, [sp, #4]
.Ltmp897:
	.loc	2 4896 5                        @ ../Drivers/STM32H7xx_HAL_Driver/Src/stm32h7xx_hal_fdcan.c:4896:5
	b	.LBB72_3
.LBB72_7:
	.loc	2 4915 5                        @ ../Drivers/STM32H7xx_HAL_Driver/Src/stm32h7xx_hal_fdcan.c:4915:5
	ldr	r0, [sp, #8]
	ldr	r1, [r0, #4]
	ldr	r0, [r1, #20]
	bic	r0, r0, #8192
	str	r0, [r1, #20]
	movs	r0, #0
	.loc	2 4918 5                        @ ../Drivers/STM32H7xx_HAL_Driver/Src/stm32h7xx_hal_fdcan.c:4918:5
	strb.w	r0, [sp, #15]
	b	.LBB72_9
.Ltmp898:
.LBB72_8:
	.loc	2 4923 5                        @ ../Drivers/STM32H7xx_HAL_Driver/Src/stm32h7xx_hal_fdcan.c:4923:5
	ldr	r1, [sp, #8]
	.loc	2 4923 23 is_stmt 0             @ ../Drivers/STM32H7xx_HAL_Driver/Src/stm32h7xx_hal_fdcan.c:4923:23
	ldr.w	r0, [r1, #156]
	orr	r0, r0, #2
	str.w	r0, [r1, #156]
	movs	r0, #1
	.loc	2 4925 5 is_stmt 1              @ ../Drivers/STM32H7xx_HAL_Driver/Src/stm32h7xx_hal_fdcan.c:4925:5
	strb.w	r0, [sp, #15]
	b	.LBB72_9
.Ltmp899:
.LBB72_9:
	.loc	2 4927 1                        @ ../Drivers/STM32H7xx_HAL_Driver/Src/stm32h7xx_hal_fdcan.c:4927:1
	ldrb.w	r0, [sp, #15]
	.loc	2 4927 1 epilogue_begin is_stmt 0 @ ../Drivers/STM32H7xx_HAL_Driver/Src/stm32h7xx_hal_fdcan.c:4927:1
	add	sp, #16
	bx	lr
.Ltmp900:
.Lfunc_end72:
	.size	HAL_FDCAN_TT_DisableExternalSynchronization, .Lfunc_end72-HAL_FDCAN_TT_DisableExternalSynchronization
	.cfi_endproc
	.cantunwind
	.fnend
                                        @ -- End function
	.section	.text.HAL_FDCAN_TT_GetOperationStatus,"ax",%progbits
	.hidden	HAL_FDCAN_TT_GetOperationStatus @ -- Begin function HAL_FDCAN_TT_GetOperationStatus
	.globl	HAL_FDCAN_TT_GetOperationStatus
	.p2align	3
	.type	HAL_FDCAN_TT_GetOperationStatus,%function
	.code	16                              @ @HAL_FDCAN_TT_GetOperationStatus
	.thumb_func
HAL_FDCAN_TT_GetOperationStatus:
.Lfunc_begin73:
	.loc	2 4938 0 is_stmt 1              @ ../Drivers/STM32H7xx_HAL_Driver/Src/stm32h7xx_hal_fdcan.c:4938:0
	.fnstart
	.cfi_startproc
@ %bb.0:
	.pad	#12
	sub	sp, #12
	.cfi_def_cfa_offset 12
	str	r0, [sp, #8]
	str	r1, [sp, #4]
.Ltmp901:
	.loc	2 4945 17 prologue_end          @ ../Drivers/STM32H7xx_HAL_Driver/Src/stm32h7xx_hal_fdcan.c:4945:17
	ldr	r0, [sp, #8]
	ldr	r0, [r0, #4]
	ldr	r0, [r0, #44]
	.loc	2 4945 15 is_stmt 0             @ ../Drivers/STM32H7xx_HAL_Driver/Src/stm32h7xx_hal_fdcan.c:4945:15
	str	r0, [sp]
	.loc	2 4948 29 is_stmt 1             @ ../Drivers/STM32H7xx_HAL_Driver/Src/stm32h7xx_hal_fdcan.c:4948:29
	ldr	r0, [sp]
	.loc	2 4948 41 is_stmt 0             @ ../Drivers/STM32H7xx_HAL_Driver/Src/stm32h7xx_hal_fdcan.c:4948:41
	and	r0, r0, #3
	.loc	2 4948 3                        @ ../Drivers/STM32H7xx_HAL_Driver/Src/stm32h7xx_hal_fdcan.c:4948:3
	ldr	r1, [sp, #4]
	.loc	2 4948 26                       @ ../Drivers/STM32H7xx_HAL_Driver/Src/stm32h7xx_hal_fdcan.c:4948:26
	str	r0, [r1]
	.loc	2 4949 30 is_stmt 1             @ ../Drivers/STM32H7xx_HAL_Driver/Src/stm32h7xx_hal_fdcan.c:4949:30
	ldr	r0, [sp]
	.loc	2 4949 42 is_stmt 0             @ ../Drivers/STM32H7xx_HAL_Driver/Src/stm32h7xx_hal_fdcan.c:4949:42
	and	r0, r0, #12
	.loc	2 4949 3                        @ ../Drivers/STM32H7xx_HAL_Driver/Src/stm32h7xx_hal_fdcan.c:4949:3
	ldr	r1, [sp, #4]
	.loc	2 4949 27                       @ ../Drivers/STM32H7xx_HAL_Driver/Src/stm32h7xx_hal_fdcan.c:4949:27
	str	r0, [r1, #4]
	.loc	2 4950 28 is_stmt 1             @ ../Drivers/STM32H7xx_HAL_Driver/Src/stm32h7xx_hal_fdcan.c:4950:28
	ldr	r0, [sp]
	.loc	2 4950 40 is_stmt 0             @ ../Drivers/STM32H7xx_HAL_Driver/Src/stm32h7xx_hal_fdcan.c:4950:40
	and	r0, r0, #48
	.loc	2 4950 3                        @ ../Drivers/STM32H7xx_HAL_Driver/Src/stm32h7xx_hal_fdcan.c:4950:3
	ldr	r1, [sp, #4]
	.loc	2 4950 25                       @ ../Drivers/STM32H7xx_HAL_Driver/Src/stm32h7xx_hal_fdcan.c:4950:25
	str	r0, [r1, #8]
	.loc	2 4951 32 is_stmt 1             @ ../Drivers/STM32H7xx_HAL_Driver/Src/stm32h7xx_hal_fdcan.c:4951:32
	ldr	r0, [sp]
	.loc	2 4951 64 is_stmt 0             @ ../Drivers/STM32H7xx_HAL_Driver/Src/stm32h7xx_hal_fdcan.c:4951:64
	ubfx	r0, r0, #6, #1
	.loc	2 4951 3                        @ ../Drivers/STM32H7xx_HAL_Driver/Src/stm32h7xx_hal_fdcan.c:4951:3
	ldr	r1, [sp, #4]
	.loc	2 4951 28                       @ ../Drivers/STM32H7xx_HAL_Driver/Src/stm32h7xx_hal_fdcan.c:4951:28
	str	r0, [r1, #12]
	.loc	2 4952 32 is_stmt 1             @ ../Drivers/STM32H7xx_HAL_Driver/Src/stm32h7xx_hal_fdcan.c:4952:32
	ldrb.w	r0, [sp]
	.loc	2 4952 63 is_stmt 0             @ ../Drivers/STM32H7xx_HAL_Driver/Src/stm32h7xx_hal_fdcan.c:4952:63
	lsrs	r0, r0, #7
	.loc	2 4952 3                        @ ../Drivers/STM32H7xx_HAL_Driver/Src/stm32h7xx_hal_fdcan.c:4952:3
	ldr	r1, [sp, #4]
	.loc	2 4952 28                       @ ../Drivers/STM32H7xx_HAL_Driver/Src/stm32h7xx_hal_fdcan.c:4952:28
	str	r0, [r1, #16]
	.loc	2 4953 33 is_stmt 1             @ ../Drivers/STM32H7xx_HAL_Driver/Src/stm32h7xx_hal_fdcan.c:4953:33
	ldrb.w	r0, [sp, #1]
	.loc	2 4953 3 is_stmt 0              @ ../Drivers/STM32H7xx_HAL_Driver/Src/stm32h7xx_hal_fdcan.c:4953:3
	ldr	r1, [sp, #4]
	.loc	2 4953 29                       @ ../Drivers/STM32H7xx_HAL_Driver/Src/stm32h7xx_hal_fdcan.c:4953:29
	str	r0, [r1, #20]
	.loc	2 4954 36 is_stmt 1             @ ../Drivers/STM32H7xx_HAL_Driver/Src/stm32h7xx_hal_fdcan.c:4954:36
	ldr	r0, [sp]
	.loc	2 4954 68 is_stmt 0             @ ../Drivers/STM32H7xx_HAL_Driver/Src/stm32h7xx_hal_fdcan.c:4954:68
	ubfx	r0, r0, #22, #1
	.loc	2 4954 3                        @ ../Drivers/STM32H7xx_HAL_Driver/Src/stm32h7xx_hal_fdcan.c:4954:3
	ldr	r1, [sp, #4]
	.loc	2 4954 32                       @ ../Drivers/STM32H7xx_HAL_Driver/Src/stm32h7xx_hal_fdcan.c:4954:32
	str	r0, [r1, #24]
	.loc	2 4955 31 is_stmt 1             @ ../Drivers/STM32H7xx_HAL_Driver/Src/stm32h7xx_hal_fdcan.c:4955:31
	ldr	r0, [sp]
	.loc	2 4955 62 is_stmt 0             @ ../Drivers/STM32H7xx_HAL_Driver/Src/stm32h7xx_hal_fdcan.c:4955:62
	ubfx	r0, r0, #23, #1
	.loc	2 4955 3                        @ ../Drivers/STM32H7xx_HAL_Driver/Src/stm32h7xx_hal_fdcan.c:4955:3
	ldr	r1, [sp, #4]
	.loc	2 4955 27                       @ ../Drivers/STM32H7xx_HAL_Driver/Src/stm32h7xx_hal_fdcan.c:4955:27
	str	r0, [r1, #28]
	.loc	2 4956 34 is_stmt 1             @ ../Drivers/STM32H7xx_HAL_Driver/Src/stm32h7xx_hal_fdcan.c:4956:34
	ldr	r0, [sp]
	.loc	2 4956 65 is_stmt 0             @ ../Drivers/STM32H7xx_HAL_Driver/Src/stm32h7xx_hal_fdcan.c:4956:65
	ubfx	r0, r0, #24, #3
	.loc	2 4956 3                        @ ../Drivers/STM32H7xx_HAL_Driver/Src/stm32h7xx_hal_fdcan.c:4956:3
	ldr	r1, [sp, #4]
	.loc	2 4956 30                       @ ../Drivers/STM32H7xx_HAL_Driver/Src/stm32h7xx_hal_fdcan.c:4956:30
	str	r0, [r1, #32]
	.loc	2 4957 30 is_stmt 1             @ ../Drivers/STM32H7xx_HAL_Driver/Src/stm32h7xx_hal_fdcan.c:4957:30
	ldr	r0, [sp]
	.loc	2 4957 61 is_stmt 0             @ ../Drivers/STM32H7xx_HAL_Driver/Src/stm32h7xx_hal_fdcan.c:4957:61
	ubfx	r0, r0, #27, #1
	.loc	2 4957 3                        @ ../Drivers/STM32H7xx_HAL_Driver/Src/stm32h7xx_hal_fdcan.c:4957:3
	ldr	r1, [sp, #4]
	.loc	2 4957 26                       @ ../Drivers/STM32H7xx_HAL_Driver/Src/stm32h7xx_hal_fdcan.c:4957:26
	str	r0, [r1, #36]
	.loc	2 4958 30 is_stmt 1             @ ../Drivers/STM32H7xx_HAL_Driver/Src/stm32h7xx_hal_fdcan.c:4958:30
	ldr	r0, [sp]
	.loc	2 4958 61 is_stmt 0             @ ../Drivers/STM32H7xx_HAL_Driver/Src/stm32h7xx_hal_fdcan.c:4958:61
	ubfx	r0, r0, #28, #1
	.loc	2 4958 3                        @ ../Drivers/STM32H7xx_HAL_Driver/Src/stm32h7xx_hal_fdcan.c:4958:3
	ldr	r1, [sp, #4]
	.loc	2 4958 26                       @ ../Drivers/STM32H7xx_HAL_Driver/Src/stm32h7xx_hal_fdcan.c:4958:26
	str	r0, [r1, #40]
	.loc	2 4959 29 is_stmt 1             @ ../Drivers/STM32H7xx_HAL_Driver/Src/stm32h7xx_hal_fdcan.c:4959:29
	ldr	r0, [sp]
	.loc	2 4959 60 is_stmt 0             @ ../Drivers/STM32H7xx_HAL_Driver/Src/stm32h7xx_hal_fdcan.c:4959:60
	ubfx	r0, r0, #29, #1
	.loc	2 4959 3                        @ ../Drivers/STM32H7xx_HAL_Driver/Src/stm32h7xx_hal_fdcan.c:4959:3
	ldr	r1, [sp, #4]
	.loc	2 4959 25                       @ ../Drivers/STM32H7xx_HAL_Driver/Src/stm32h7xx_hal_fdcan.c:4959:25
	str	r0, [r1, #44]
	.loc	2 4960 30 is_stmt 1             @ ../Drivers/STM32H7xx_HAL_Driver/Src/stm32h7xx_hal_fdcan.c:4960:30
	ldr	r0, [sp]
	.loc	2 4960 62 is_stmt 0             @ ../Drivers/STM32H7xx_HAL_Driver/Src/stm32h7xx_hal_fdcan.c:4960:62
	ubfx	r0, r0, #30, #1
	.loc	2 4960 3                        @ ../Drivers/STM32H7xx_HAL_Driver/Src/stm32h7xx_hal_fdcan.c:4960:3
	ldr	r1, [sp, #4]
	.loc	2 4960 26                       @ ../Drivers/STM32H7xx_HAL_Driver/Src/stm32h7xx_hal_fdcan.c:4960:26
	str	r0, [r1, #48]
	.loc	2 4961 29 is_stmt 1             @ ../Drivers/STM32H7xx_HAL_Driver/Src/stm32h7xx_hal_fdcan.c:4961:29
	ldr	r0, [sp]
	.loc	2 4961 60 is_stmt 0             @ ../Drivers/STM32H7xx_HAL_Driver/Src/stm32h7xx_hal_fdcan.c:4961:60
	lsrs	r0, r0, #31
	.loc	2 4961 3                        @ ../Drivers/STM32H7xx_HAL_Driver/Src/stm32h7xx_hal_fdcan.c:4961:3
	ldr	r1, [sp, #4]
	.loc	2 4961 25                       @ ../Drivers/STM32H7xx_HAL_Driver/Src/stm32h7xx_hal_fdcan.c:4961:25
	str	r0, [r1, #52]
	movs	r0, #0
	.loc	2 4964 3 epilogue_begin is_stmt 1 @ ../Drivers/STM32H7xx_HAL_Driver/Src/stm32h7xx_hal_fdcan.c:4964:3
	add	sp, #12
	bx	lr
.Ltmp902:
.Lfunc_end73:
	.size	HAL_FDCAN_TT_GetOperationStatus, .Lfunc_end73-HAL_FDCAN_TT_GetOperationStatus
	.cfi_endproc
	.cantunwind
	.fnend
                                        @ -- End function
	.section	.text.HAL_FDCAN_ConfigInterruptLines,"ax",%progbits
	.hidden	HAL_FDCAN_ConfigInterruptLines  @ -- Begin function HAL_FDCAN_ConfigInterruptLines
	.globl	HAL_FDCAN_ConfigInterruptLines
	.p2align	3
	.type	HAL_FDCAN_ConfigInterruptLines,%function
	.code	16                              @ @HAL_FDCAN_ConfigInterruptLines
	.thumb_func
HAL_FDCAN_ConfigInterruptLines:
.Lfunc_begin74:
	.loc	2 5002 0                        @ ../Drivers/STM32H7xx_HAL_Driver/Src/stm32h7xx_hal_fdcan.c:5002:0
	.fnstart
	.cfi_startproc
@ %bb.0:
	.pad	#20
	sub	sp, #20
	.cfi_def_cfa_offset 20
	str	r0, [sp, #12]
	str	r1, [sp, #8]
	str	r2, [sp, #4]
.Ltmp903:
	.loc	2 5003 34 prologue_end          @ ../Drivers/STM32H7xx_HAL_Driver/Src/stm32h7xx_hal_fdcan.c:5003:34
	ldr	r0, [sp, #12]
	.loc	2 5003 42 is_stmt 0             @ ../Drivers/STM32H7xx_HAL_Driver/Src/stm32h7xx_hal_fdcan.c:5003:42
	ldrb.w	r0, [r0, #152]
	.loc	2 5003 26                       @ ../Drivers/STM32H7xx_HAL_Driver/Src/stm32h7xx_hal_fdcan.c:5003:26
	strb.w	r0, [sp, #3]
.Ltmp904:
	.loc	2 5009 8 is_stmt 1              @ ../Drivers/STM32H7xx_HAL_Driver/Src/stm32h7xx_hal_fdcan.c:5009:8
	ldrb.w	r0, [sp, #3]
	.loc	2 5009 40 is_stmt 0             @ ../Drivers/STM32H7xx_HAL_Driver/Src/stm32h7xx_hal_fdcan.c:5009:40
	cmp	r0, #1
	beq	.LBB74_2
	b	.LBB74_1
.LBB74_1:
	.loc	2 5009 44                       @ ../Drivers/STM32H7xx_HAL_Driver/Src/stm32h7xx_hal_fdcan.c:5009:44
	ldrb.w	r0, [sp, #3]
.Ltmp905:
	.loc	2 5009 7                        @ ../Drivers/STM32H7xx_HAL_Driver/Src/stm32h7xx_hal_fdcan.c:5009:7
	cmp	r0, #2
	bne	.LBB74_6
	b	.LBB74_2
.LBB74_2:
.Ltmp906:
	.loc	2 5012 9 is_stmt 1              @ ../Drivers/STM32H7xx_HAL_Driver/Src/stm32h7xx_hal_fdcan.c:5012:9
	ldr	r0, [sp, #4]
.Ltmp907:
	.loc	2 5012 9 is_stmt 0              @ ../Drivers/STM32H7xx_HAL_Driver/Src/stm32h7xx_hal_fdcan.c:5012:9
	cmp	r0, #1
	bne	.LBB74_4
	b	.LBB74_3
.LBB74_3:
.Ltmp908:
	.loc	2 5014 7 is_stmt 1              @ ../Drivers/STM32H7xx_HAL_Driver/Src/stm32h7xx_hal_fdcan.c:5014:7
	ldr	r2, [sp, #8]
	ldr	r0, [sp, #12]
	ldr	r1, [r0]
	ldr	r0, [r1, #88]
	bics	r0, r2
	str	r0, [r1, #88]
	.loc	2 5015 5                        @ ../Drivers/STM32H7xx_HAL_Driver/Src/stm32h7xx_hal_fdcan.c:5015:5
	b	.LBB74_5
.Ltmp909:
.LBB74_4:
	.loc	2 5018 7                        @ ../Drivers/STM32H7xx_HAL_Driver/Src/stm32h7xx_hal_fdcan.c:5018:7
	ldr	r2, [sp, #8]
	ldr	r0, [sp, #12]
	ldr	r1, [r0]
	ldr	r0, [r1, #88]
	orrs	r0, r2
	str	r0, [r1, #88]
	b	.LBB74_5
.Ltmp910:
.LBB74_5:
	.loc	2 0 7 is_stmt 0                 @ ../Drivers/STM32H7xx_HAL_Driver/Src/stm32h7xx_hal_fdcan.c:0:7
	movs	r0, #0
	.loc	2 5022 5 is_stmt 1              @ ../Drivers/STM32H7xx_HAL_Driver/Src/stm32h7xx_hal_fdcan.c:5022:5
	strb.w	r0, [sp, #19]
	b	.LBB74_7
.Ltmp911:
.LBB74_6:
	.loc	2 5027 5                        @ ../Drivers/STM32H7xx_HAL_Driver/Src/stm32h7xx_hal_fdcan.c:5027:5
	ldr	r1, [sp, #12]
	.loc	2 5027 23 is_stmt 0             @ ../Drivers/STM32H7xx_HAL_Driver/Src/stm32h7xx_hal_fdcan.c:5027:23
	ldr.w	r0, [r1, #156]
	orr	r0, r0, #2
	str.w	r0, [r1, #156]
	movs	r0, #1
	.loc	2 5029 5 is_stmt 1              @ ../Drivers/STM32H7xx_HAL_Driver/Src/stm32h7xx_hal_fdcan.c:5029:5
	strb.w	r0, [sp, #19]
	b	.LBB74_7
.Ltmp912:
.LBB74_7:
	.loc	2 5031 1                        @ ../Drivers/STM32H7xx_HAL_Driver/Src/stm32h7xx_hal_fdcan.c:5031:1
	ldrb.w	r0, [sp, #19]
	.loc	2 5031 1 epilogue_begin is_stmt 0 @ ../Drivers/STM32H7xx_HAL_Driver/Src/stm32h7xx_hal_fdcan.c:5031:1
	add	sp, #20
	bx	lr
.Ltmp913:
.Lfunc_end74:
	.size	HAL_FDCAN_ConfigInterruptLines, .Lfunc_end74-HAL_FDCAN_ConfigInterruptLines
	.cfi_endproc
	.cantunwind
	.fnend
                                        @ -- End function
	.section	.text.HAL_FDCAN_TT_ConfigInterruptLines,"ax",%progbits
	.hidden	HAL_FDCAN_TT_ConfigInterruptLines @ -- Begin function HAL_FDCAN_TT_ConfigInterruptLines
	.globl	HAL_FDCAN_TT_ConfigInterruptLines
	.p2align	3
	.type	HAL_FDCAN_TT_ConfigInterruptLines,%function
	.code	16                              @ @HAL_FDCAN_TT_ConfigInterruptLines
	.thumb_func
HAL_FDCAN_TT_ConfigInterruptLines:
.Lfunc_begin75:
	.loc	2 5045 0 is_stmt 1              @ ../Drivers/STM32H7xx_HAL_Driver/Src/stm32h7xx_hal_fdcan.c:5045:0
	.fnstart
	.cfi_startproc
@ %bb.0:
	.pad	#20
	sub	sp, #20
	.cfi_def_cfa_offset 20
	str	r0, [sp, #12]
	str	r1, [sp, #8]
	str	r2, [sp, #4]
.Ltmp914:
	.loc	2 5046 34 prologue_end          @ ../Drivers/STM32H7xx_HAL_Driver/Src/stm32h7xx_hal_fdcan.c:5046:34
	ldr	r0, [sp, #12]
	.loc	2 5046 42 is_stmt 0             @ ../Drivers/STM32H7xx_HAL_Driver/Src/stm32h7xx_hal_fdcan.c:5046:42
	ldrb.w	r0, [r0, #152]
	.loc	2 5046 26                       @ ../Drivers/STM32H7xx_HAL_Driver/Src/stm32h7xx_hal_fdcan.c:5046:26
	strb.w	r0, [sp, #3]
.Ltmp915:
	.loc	2 5053 8 is_stmt 1              @ ../Drivers/STM32H7xx_HAL_Driver/Src/stm32h7xx_hal_fdcan.c:5053:8
	ldrb.w	r0, [sp, #3]
	.loc	2 5053 40 is_stmt 0             @ ../Drivers/STM32H7xx_HAL_Driver/Src/stm32h7xx_hal_fdcan.c:5053:40
	cmp	r0, #1
	beq	.LBB75_2
	b	.LBB75_1
.LBB75_1:
	.loc	2 5053 44                       @ ../Drivers/STM32H7xx_HAL_Driver/Src/stm32h7xx_hal_fdcan.c:5053:44
	ldrb.w	r0, [sp, #3]
.Ltmp916:
	.loc	2 5053 7                        @ ../Drivers/STM32H7xx_HAL_Driver/Src/stm32h7xx_hal_fdcan.c:5053:7
	cmp	r0, #2
	bne	.LBB75_6
	b	.LBB75_2
.LBB75_2:
.Ltmp917:
	.loc	2 5056 9 is_stmt 1              @ ../Drivers/STM32H7xx_HAL_Driver/Src/stm32h7xx_hal_fdcan.c:5056:9
	ldr	r0, [sp, #4]
.Ltmp918:
	.loc	2 5056 9 is_stmt 0              @ ../Drivers/STM32H7xx_HAL_Driver/Src/stm32h7xx_hal_fdcan.c:5056:9
	cmp	r0, #1
	bne	.LBB75_4
	b	.LBB75_3
.LBB75_3:
.Ltmp919:
	.loc	2 5058 7 is_stmt 1              @ ../Drivers/STM32H7xx_HAL_Driver/Src/stm32h7xx_hal_fdcan.c:5058:7
	ldr	r2, [sp, #8]
	ldr	r0, [sp, #12]
	ldr	r1, [r0, #4]
	ldr	r0, [r1, #40]
	bics	r0, r2
	str	r0, [r1, #40]
	.loc	2 5059 5                        @ ../Drivers/STM32H7xx_HAL_Driver/Src/stm32h7xx_hal_fdcan.c:5059:5
	b	.LBB75_5
.Ltmp920:
.LBB75_4:
	.loc	2 5062 7                        @ ../Drivers/STM32H7xx_HAL_Driver/Src/stm32h7xx_hal_fdcan.c:5062:7
	ldr	r2, [sp, #8]
	ldr	r0, [sp, #12]
	ldr	r1, [r0, #4]
	ldr	r0, [r1, #40]
	orrs	r0, r2
	str	r0, [r1, #40]
	b	.LBB75_5
.Ltmp921:
.LBB75_5:
	.loc	2 0 7 is_stmt 0                 @ ../Drivers/STM32H7xx_HAL_Driver/Src/stm32h7xx_hal_fdcan.c:0:7
	movs	r0, #0
	.loc	2 5066 5 is_stmt 1              @ ../Drivers/STM32H7xx_HAL_Driver/Src/stm32h7xx_hal_fdcan.c:5066:5
	strb.w	r0, [sp, #19]
	b	.LBB75_7
.Ltmp922:
.LBB75_6:
	.loc	2 5071 5                        @ ../Drivers/STM32H7xx_HAL_Driver/Src/stm32h7xx_hal_fdcan.c:5071:5
	ldr	r1, [sp, #12]
	.loc	2 5071 23 is_stmt 0             @ ../Drivers/STM32H7xx_HAL_Driver/Src/stm32h7xx_hal_fdcan.c:5071:23
	ldr.w	r0, [r1, #156]
	orr	r0, r0, #2
	str.w	r0, [r1, #156]
	movs	r0, #1
	.loc	2 5073 5 is_stmt 1              @ ../Drivers/STM32H7xx_HAL_Driver/Src/stm32h7xx_hal_fdcan.c:5073:5
	strb.w	r0, [sp, #19]
	b	.LBB75_7
.Ltmp923:
.LBB75_7:
	.loc	2 5075 1                        @ ../Drivers/STM32H7xx_HAL_Driver/Src/stm32h7xx_hal_fdcan.c:5075:1
	ldrb.w	r0, [sp, #19]
	.loc	2 5075 1 epilogue_begin is_stmt 0 @ ../Drivers/STM32H7xx_HAL_Driver/Src/stm32h7xx_hal_fdcan.c:5075:1
	add	sp, #20
	bx	lr
.Ltmp924:
.Lfunc_end75:
	.size	HAL_FDCAN_TT_ConfigInterruptLines, .Lfunc_end75-HAL_FDCAN_TT_ConfigInterruptLines
	.cfi_endproc
	.cantunwind
	.fnend
                                        @ -- End function
	.section	.text.HAL_FDCAN_ActivateNotification,"ax",%progbits
	.hidden	HAL_FDCAN_ActivateNotification  @ -- Begin function HAL_FDCAN_ActivateNotification
	.globl	HAL_FDCAN_ActivateNotification
	.p2align	3
	.type	HAL_FDCAN_ActivateNotification,%function
	.code	16                              @ @HAL_FDCAN_ActivateNotification
	.thumb_func
HAL_FDCAN_ActivateNotification:
.Lfunc_begin76:
	.loc	2 5092 0 is_stmt 1              @ ../Drivers/STM32H7xx_HAL_Driver/Src/stm32h7xx_hal_fdcan.c:5092:0
	.fnstart
	.cfi_startproc
@ %bb.0:
	.pad	#20
	sub	sp, #20
	.cfi_def_cfa_offset 20
	str	r0, [sp, #12]
	str	r1, [sp, #8]
	str	r2, [sp, #4]
.Ltmp925:
	.loc	2 5093 34 prologue_end          @ ../Drivers/STM32H7xx_HAL_Driver/Src/stm32h7xx_hal_fdcan.c:5093:34
	ldr	r0, [sp, #12]
	.loc	2 5093 42 is_stmt 0             @ ../Drivers/STM32H7xx_HAL_Driver/Src/stm32h7xx_hal_fdcan.c:5093:42
	ldrb.w	r0, [r0, #152]
	.loc	2 5093 26                       @ ../Drivers/STM32H7xx_HAL_Driver/Src/stm32h7xx_hal_fdcan.c:5093:26
	strb.w	r0, [sp, #3]
.Ltmp926:
	.loc	2 5098 8 is_stmt 1              @ ../Drivers/STM32H7xx_HAL_Driver/Src/stm32h7xx_hal_fdcan.c:5098:8
	ldrb.w	r0, [sp, #3]
	.loc	2 5098 40 is_stmt 0             @ ../Drivers/STM32H7xx_HAL_Driver/Src/stm32h7xx_hal_fdcan.c:5098:40
	cmp	r0, #1
	beq	.LBB76_2
	b	.LBB76_1
.LBB76_1:
	.loc	2 5098 44                       @ ../Drivers/STM32H7xx_HAL_Driver/Src/stm32h7xx_hal_fdcan.c:5098:44
	ldrb.w	r0, [sp, #3]
.Ltmp927:
	.loc	2 5098 7                        @ ../Drivers/STM32H7xx_HAL_Driver/Src/stm32h7xx_hal_fdcan.c:5098:7
	cmp	r0, #2
	bne	.LBB76_15
	b	.LBB76_2
.LBB76_2:
.Ltmp928:
	.loc	2 5101 10 is_stmt 1             @ ../Drivers/STM32H7xx_HAL_Driver/Src/stm32h7xx_hal_fdcan.c:5101:10
	ldr	r0, [sp, #8]
	.loc	2 5101 22 is_stmt 0             @ ../Drivers/STM32H7xx_HAL_Driver/Src/stm32h7xx_hal_fdcan.c:5101:22
	ldr	r1, [sp, #12]
	.loc	2 5101 30                       @ ../Drivers/STM32H7xx_HAL_Driver/Src/stm32h7xx_hal_fdcan.c:5101:30
	ldr	r1, [r1]
	.loc	2 5101 40                       @ ../Drivers/STM32H7xx_HAL_Driver/Src/stm32h7xx_hal_fdcan.c:5101:40
	ldr	r1, [r1, #88]
.Ltmp929:
	.loc	2 5101 9                        @ ../Drivers/STM32H7xx_HAL_Driver/Src/stm32h7xx_hal_fdcan.c:5101:9
	tst	r0, r1
	bne	.LBB76_4
	b	.LBB76_3
.LBB76_3:
.Ltmp930:
	.loc	2 5104 7 is_stmt 1              @ ../Drivers/STM32H7xx_HAL_Driver/Src/stm32h7xx_hal_fdcan.c:5104:7
	ldr	r0, [sp, #12]
	ldr	r1, [r0]
	ldr	r0, [r1, #92]
	orr	r0, r0, #1
	str	r0, [r1, #92]
	.loc	2 5105 5                        @ ../Drivers/STM32H7xx_HAL_Driver/Src/stm32h7xx_hal_fdcan.c:5105:5
	b	.LBB76_8
.Ltmp931:
.LBB76_4:
	.loc	2 5106 15                       @ ../Drivers/STM32H7xx_HAL_Driver/Src/stm32h7xx_hal_fdcan.c:5106:15
	ldr	r0, [sp, #8]
	.loc	2 5106 27 is_stmt 0             @ ../Drivers/STM32H7xx_HAL_Driver/Src/stm32h7xx_hal_fdcan.c:5106:27
	ldr	r1, [sp, #12]
	.loc	2 5106 35                       @ ../Drivers/STM32H7xx_HAL_Driver/Src/stm32h7xx_hal_fdcan.c:5106:35
	ldr	r1, [r1]
	.loc	2 5106 45                       @ ../Drivers/STM32H7xx_HAL_Driver/Src/stm32h7xx_hal_fdcan.c:5106:45
	ldr	r1, [r1, #88]
	.loc	2 5106 25                       @ ../Drivers/STM32H7xx_HAL_Driver/Src/stm32h7xx_hal_fdcan.c:5106:25
	ands	r0, r1
	.loc	2 5106 53                       @ ../Drivers/STM32H7xx_HAL_Driver/Src/stm32h7xx_hal_fdcan.c:5106:53
	ldr	r1, [sp, #8]
.Ltmp932:
	.loc	2 5106 14                       @ ../Drivers/STM32H7xx_HAL_Driver/Src/stm32h7xx_hal_fdcan.c:5106:14
	cmp	r0, r1
	bne	.LBB76_6
	b	.LBB76_5
.LBB76_5:
.Ltmp933:
	.loc	2 5109 7 is_stmt 1              @ ../Drivers/STM32H7xx_HAL_Driver/Src/stm32h7xx_hal_fdcan.c:5109:7
	ldr	r0, [sp, #12]
	ldr	r1, [r0]
	ldr	r0, [r1, #92]
	orr	r0, r0, #2
	str	r0, [r1, #92]
	.loc	2 5110 5                        @ ../Drivers/STM32H7xx_HAL_Driver/Src/stm32h7xx_hal_fdcan.c:5110:5
	b	.LBB76_7
.Ltmp934:
.LBB76_6:
	.loc	2 5114 7                        @ ../Drivers/STM32H7xx_HAL_Driver/Src/stm32h7xx_hal_fdcan.c:5114:7
	ldr	r0, [sp, #12]
	.loc	2 5114 15 is_stmt 0             @ ../Drivers/STM32H7xx_HAL_Driver/Src/stm32h7xx_hal_fdcan.c:5114:15
	ldr	r1, [r0]
	movs	r0, #3
	.loc	2 5114 29                       @ ../Drivers/STM32H7xx_HAL_Driver/Src/stm32h7xx_hal_fdcan.c:5114:29
	str	r0, [r1, #92]
	b	.LBB76_7
.Ltmp935:
.LBB76_7:
	.loc	2 0 29                          @ ../Drivers/STM32H7xx_HAL_Driver/Src/stm32h7xx_hal_fdcan.c:0:29
	b	.LBB76_8
.LBB76_8:
	.loc	2 5117 9 is_stmt 1              @ ../Drivers/STM32H7xx_HAL_Driver/Src/stm32h7xx_hal_fdcan.c:5117:9
	ldrb.w	r0, [sp, #9]
	lsls	r0, r0, #30
	cmp	r0, #0
	bpl	.LBB76_10
	b	.LBB76_9
.LBB76_9:
.Ltmp936:
	.loc	2 5121 7                        @ ../Drivers/STM32H7xx_HAL_Driver/Src/stm32h7xx_hal_fdcan.c:5121:7
	ldr	r2, [sp, #4]
	ldr	r0, [sp, #12]
	ldr	r1, [r0]
	ldr.w	r0, [r1, #224]
	orrs	r0, r2
	str.w	r0, [r1, #224]
	.loc	2 5122 5                        @ ../Drivers/STM32H7xx_HAL_Driver/Src/stm32h7xx_hal_fdcan.c:5122:5
	b	.LBB76_10
.Ltmp937:
.LBB76_10:
	.loc	2 5124 9                        @ ../Drivers/STM32H7xx_HAL_Driver/Src/stm32h7xx_hal_fdcan.c:5124:9
	ldrb.w	r0, [sp, #9]
	lsls	r0, r0, #29
	cmp	r0, #0
	bpl	.LBB76_12
	b	.LBB76_11
.LBB76_11:
.Ltmp938:
	.loc	2 5128 7                        @ ../Drivers/STM32H7xx_HAL_Driver/Src/stm32h7xx_hal_fdcan.c:5128:7
	ldr	r2, [sp, #4]
	ldr	r0, [sp, #12]
	ldr	r1, [r0]
	ldr.w	r0, [r1, #228]
	orrs	r0, r2
	str.w	r0, [r1, #228]
	.loc	2 5129 5                        @ ../Drivers/STM32H7xx_HAL_Driver/Src/stm32h7xx_hal_fdcan.c:5129:5
	b	.LBB76_12
.Ltmp939:
.LBB76_12:
	.loc	2 5132 5                        @ ../Drivers/STM32H7xx_HAL_Driver/Src/stm32h7xx_hal_fdcan.c:5132:5
	b	.LBB76_13
.LBB76_13:
.Ltmp940:
	.loc	2 5132 5 is_stmt 0              @ ../Drivers/STM32H7xx_HAL_Driver/Src/stm32h7xx_hal_fdcan.c:5132:5
	ldr	r0, [sp, #8]
	movw	r1, #65535
	movt	r1, #16335
	and.w	r2, r0, r1
	ldr	r0, [sp, #12]
	ldr	r1, [r0]
	ldr	r0, [r1, #84]
	orrs	r0, r2
	str	r0, [r1, #84]
	ldr	r2, [sp, #8]
	movw	r1, #43028
	movt	r1, #16384
	ldr	r0, [r1]
	orr.w	r0, r0, r2, lsr #30
	str	r0, [r1]
	b	.LBB76_14
.Ltmp941:
.LBB76_14:
	.loc	2 0 5                           @ ../Drivers/STM32H7xx_HAL_Driver/Src/stm32h7xx_hal_fdcan.c:0:5
	movs	r0, #0
	.loc	2 5135 5 is_stmt 1              @ ../Drivers/STM32H7xx_HAL_Driver/Src/stm32h7xx_hal_fdcan.c:5135:5
	strb.w	r0, [sp, #19]
	b	.LBB76_16
.Ltmp942:
.LBB76_15:
	.loc	2 5140 5                        @ ../Drivers/STM32H7xx_HAL_Driver/Src/stm32h7xx_hal_fdcan.c:5140:5
	ldr	r1, [sp, #12]
	.loc	2 5140 23 is_stmt 0             @ ../Drivers/STM32H7xx_HAL_Driver/Src/stm32h7xx_hal_fdcan.c:5140:23
	ldr.w	r0, [r1, #156]
	orr	r0, r0, #2
	str.w	r0, [r1, #156]
	movs	r0, #1
	.loc	2 5142 5 is_stmt 1              @ ../Drivers/STM32H7xx_HAL_Driver/Src/stm32h7xx_hal_fdcan.c:5142:5
	strb.w	r0, [sp, #19]
	b	.LBB76_16
.Ltmp943:
.LBB76_16:
	.loc	2 5144 1                        @ ../Drivers/STM32H7xx_HAL_Driver/Src/stm32h7xx_hal_fdcan.c:5144:1
	ldrb.w	r0, [sp, #19]
	.loc	2 5144 1 epilogue_begin is_stmt 0 @ ../Drivers/STM32H7xx_HAL_Driver/Src/stm32h7xx_hal_fdcan.c:5144:1
	add	sp, #20
	bx	lr
.Ltmp944:
.Lfunc_end76:
	.size	HAL_FDCAN_ActivateNotification, .Lfunc_end76-HAL_FDCAN_ActivateNotification
	.cfi_endproc
	.cantunwind
	.fnend
                                        @ -- End function
	.section	.text.HAL_FDCAN_DeactivateNotification,"ax",%progbits
	.hidden	HAL_FDCAN_DeactivateNotification @ -- Begin function HAL_FDCAN_DeactivateNotification
	.globl	HAL_FDCAN_DeactivateNotification
	.p2align	3
	.type	HAL_FDCAN_DeactivateNotification,%function
	.code	16                              @ @HAL_FDCAN_DeactivateNotification
	.thumb_func
HAL_FDCAN_DeactivateNotification:
.Lfunc_begin77:
	.loc	2 5155 0 is_stmt 1              @ ../Drivers/STM32H7xx_HAL_Driver/Src/stm32h7xx_hal_fdcan.c:5155:0
	.fnstart
	.cfi_startproc
@ %bb.0:
	.pad	#20
	sub	sp, #20
	.cfi_def_cfa_offset 20
	str	r0, [sp, #12]
	str	r1, [sp, #8]
.Ltmp945:
	.loc	2 5157 34 prologue_end          @ ../Drivers/STM32H7xx_HAL_Driver/Src/stm32h7xx_hal_fdcan.c:5157:34
	ldr	r0, [sp, #12]
	.loc	2 5157 42 is_stmt 0             @ ../Drivers/STM32H7xx_HAL_Driver/Src/stm32h7xx_hal_fdcan.c:5157:42
	ldrb.w	r0, [r0, #152]
	.loc	2 5157 26                       @ ../Drivers/STM32H7xx_HAL_Driver/Src/stm32h7xx_hal_fdcan.c:5157:26
	strb.w	r0, [sp, #3]
.Ltmp946:
	.loc	2 5162 8 is_stmt 1              @ ../Drivers/STM32H7xx_HAL_Driver/Src/stm32h7xx_hal_fdcan.c:5162:8
	ldrb.w	r0, [sp, #3]
	.loc	2 5162 40 is_stmt 0             @ ../Drivers/STM32H7xx_HAL_Driver/Src/stm32h7xx_hal_fdcan.c:5162:40
	cmp	r0, #1
	beq	.LBB77_2
	b	.LBB77_1
.LBB77_1:
	.loc	2 5162 44                       @ ../Drivers/STM32H7xx_HAL_Driver/Src/stm32h7xx_hal_fdcan.c:5162:44
	ldrb.w	r0, [sp, #3]
.Ltmp947:
	.loc	2 5162 7                        @ ../Drivers/STM32H7xx_HAL_Driver/Src/stm32h7xx_hal_fdcan.c:5162:7
	cmp	r0, #2
	bne	.LBB77_13
	b	.LBB77_2
.LBB77_2:
.Ltmp948:
	.loc	2 5165 5 is_stmt 1              @ ../Drivers/STM32H7xx_HAL_Driver/Src/stm32h7xx_hal_fdcan.c:5165:5
	b	.LBB77_3
.LBB77_3:
.Ltmp949:
	.loc	2 5165 5 is_stmt 0              @ ../Drivers/STM32H7xx_HAL_Driver/Src/stm32h7xx_hal_fdcan.c:5165:5
	ldr	r1, [sp, #8]
	movs	r0, #0
	movt	r0, #49200
	orn	r2, r0, r1
	ldr	r0, [sp, #12]
	ldr	r1, [r0]
	ldr	r0, [r1, #84]
	ands	r0, r2
	str	r0, [r1, #84]
	ldr	r2, [sp, #8]
	movw	r1, #43028
	movt	r1, #16384
	ldr	r0, [r1]
	bic.w	r0, r0, r2, lsr #30
	str	r0, [r1]
	b	.LBB77_4
.Ltmp950:
.LBB77_4:
	.loc	2 5167 9 is_stmt 1              @ ../Drivers/STM32H7xx_HAL_Driver/Src/stm32h7xx_hal_fdcan.c:5167:9
	ldrb.w	r0, [sp, #9]
	lsls	r0, r0, #30
	cmp	r0, #0
	bpl	.LBB77_6
	b	.LBB77_5
.LBB77_5:
.Ltmp951:
	.loc	2 5170 7                        @ ../Drivers/STM32H7xx_HAL_Driver/Src/stm32h7xx_hal_fdcan.c:5170:7
	ldr	r0, [sp, #12]
	ldr	r1, [r0]
	movs	r0, #0
	str.w	r0, [r1, #224]
	.loc	2 5171 5                        @ ../Drivers/STM32H7xx_HAL_Driver/Src/stm32h7xx_hal_fdcan.c:5171:5
	b	.LBB77_6
.Ltmp952:
.LBB77_6:
	.loc	2 5173 9                        @ ../Drivers/STM32H7xx_HAL_Driver/Src/stm32h7xx_hal_fdcan.c:5173:9
	ldrb.w	r0, [sp, #9]
	lsls	r0, r0, #29
	cmp	r0, #0
	bpl	.LBB77_8
	b	.LBB77_7
.LBB77_7:
.Ltmp953:
	.loc	2 5176 7                        @ ../Drivers/STM32H7xx_HAL_Driver/Src/stm32h7xx_hal_fdcan.c:5176:7
	ldr	r0, [sp, #12]
	ldr	r1, [r0]
	movs	r0, #0
	str.w	r0, [r1, #228]
	.loc	2 5177 5                        @ ../Drivers/STM32H7xx_HAL_Driver/Src/stm32h7xx_hal_fdcan.c:5177:5
	b	.LBB77_8
.Ltmp954:
.LBB77_8:
	.loc	2 5179 23                       @ ../Drivers/STM32H7xx_HAL_Driver/Src/stm32h7xx_hal_fdcan.c:5179:23
	ldr	r0, [sp, #12]
	.loc	2 5179 31 is_stmt 0             @ ../Drivers/STM32H7xx_HAL_Driver/Src/stm32h7xx_hal_fdcan.c:5179:31
	ldr	r0, [r0]
	.loc	2 5179 41                       @ ../Drivers/STM32H7xx_HAL_Driver/Src/stm32h7xx_hal_fdcan.c:5179:41
	ldr	r0, [r0, #88]
	.loc	2 5179 21                       @ ../Drivers/STM32H7xx_HAL_Driver/Src/stm32h7xx_hal_fdcan.c:5179:21
	str	r0, [sp, #4]
.Ltmp955:
	.loc	2 5181 10 is_stmt 1             @ ../Drivers/STM32H7xx_HAL_Driver/Src/stm32h7xx_hal_fdcan.c:5181:10
	ldr	r0, [sp, #12]
	.loc	2 5181 18 is_stmt 0             @ ../Drivers/STM32H7xx_HAL_Driver/Src/stm32h7xx_hal_fdcan.c:5181:18
	ldr	r0, [r0]
	.loc	2 5181 28                       @ ../Drivers/STM32H7xx_HAL_Driver/Src/stm32h7xx_hal_fdcan.c:5181:28
	ldr	r0, [r0, #84]
	.loc	2 5181 33                       @ ../Drivers/STM32H7xx_HAL_Driver/Src/stm32h7xx_hal_fdcan.c:5181:33
	ldr	r1, [sp, #4]
	.loc	2 5181 31                       @ ../Drivers/STM32H7xx_HAL_Driver/Src/stm32h7xx_hal_fdcan.c:5181:31
	orrs	r0, r1
.Ltmp956:
	.loc	2 5181 9                        @ ../Drivers/STM32H7xx_HAL_Driver/Src/stm32h7xx_hal_fdcan.c:5181:9
	cmp	r0, r1
	bne	.LBB77_10
	b	.LBB77_9
.LBB77_9:
.Ltmp957:
	.loc	2 5184 7 is_stmt 1              @ ../Drivers/STM32H7xx_HAL_Driver/Src/stm32h7xx_hal_fdcan.c:5184:7
	ldr	r0, [sp, #12]
	ldr	r1, [r0]
	ldr	r0, [r1, #92]
	bic	r0, r0, #1
	str	r0, [r1, #92]
	.loc	2 5185 5                        @ ../Drivers/STM32H7xx_HAL_Driver/Src/stm32h7xx_hal_fdcan.c:5185:5
	b	.LBB77_10
.Ltmp958:
.LBB77_10:
	.loc	2 5187 10                       @ ../Drivers/STM32H7xx_HAL_Driver/Src/stm32h7xx_hal_fdcan.c:5187:10
	ldr	r0, [sp, #12]
	.loc	2 5187 18 is_stmt 0             @ ../Drivers/STM32H7xx_HAL_Driver/Src/stm32h7xx_hal_fdcan.c:5187:18
	ldr	r0, [r0]
	.loc	2 5187 28                       @ ../Drivers/STM32H7xx_HAL_Driver/Src/stm32h7xx_hal_fdcan.c:5187:28
	ldr	r0, [r0, #84]
	.loc	2 5187 33                       @ ../Drivers/STM32H7xx_HAL_Driver/Src/stm32h7xx_hal_fdcan.c:5187:33
	ldr	r1, [sp, #4]
.Ltmp959:
	.loc	2 5187 9                        @ ../Drivers/STM32H7xx_HAL_Driver/Src/stm32h7xx_hal_fdcan.c:5187:9
	tst	r0, r1
	bne	.LBB77_12
	b	.LBB77_11
.LBB77_11:
.Ltmp960:
	.loc	2 5190 7 is_stmt 1              @ ../Drivers/STM32H7xx_HAL_Driver/Src/stm32h7xx_hal_fdcan.c:5190:7
	ldr	r0, [sp, #12]
	ldr	r1, [r0]
	ldr	r0, [r1, #92]
	bic	r0, r0, #2
	str	r0, [r1, #92]
	.loc	2 5191 5                        @ ../Drivers/STM32H7xx_HAL_Driver/Src/stm32h7xx_hal_fdcan.c:5191:5
	b	.LBB77_12
.Ltmp961:
.LBB77_12:
	.loc	2 0 5 is_stmt 0                 @ ../Drivers/STM32H7xx_HAL_Driver/Src/stm32h7xx_hal_fdcan.c:0:5
	movs	r0, #0
	.loc	2 5194 5 is_stmt 1              @ ../Drivers/STM32H7xx_HAL_Driver/Src/stm32h7xx_hal_fdcan.c:5194:5
	strb.w	r0, [sp, #19]
	b	.LBB77_14
.Ltmp962:
.LBB77_13:
	.loc	2 5199 5                        @ ../Drivers/STM32H7xx_HAL_Driver/Src/stm32h7xx_hal_fdcan.c:5199:5
	ldr	r1, [sp, #12]
	.loc	2 5199 23 is_stmt 0             @ ../Drivers/STM32H7xx_HAL_Driver/Src/stm32h7xx_hal_fdcan.c:5199:23
	ldr.w	r0, [r1, #156]
	orr	r0, r0, #2
	str.w	r0, [r1, #156]
	movs	r0, #1
	.loc	2 5201 5 is_stmt 1              @ ../Drivers/STM32H7xx_HAL_Driver/Src/stm32h7xx_hal_fdcan.c:5201:5
	strb.w	r0, [sp, #19]
	b	.LBB77_14
.Ltmp963:
.LBB77_14:
	.loc	2 5203 1                        @ ../Drivers/STM32H7xx_HAL_Driver/Src/stm32h7xx_hal_fdcan.c:5203:1
	ldrb.w	r0, [sp, #19]
	.loc	2 5203 1 epilogue_begin is_stmt 0 @ ../Drivers/STM32H7xx_HAL_Driver/Src/stm32h7xx_hal_fdcan.c:5203:1
	add	sp, #20
	bx	lr
.Ltmp964:
.Lfunc_end77:
	.size	HAL_FDCAN_DeactivateNotification, .Lfunc_end77-HAL_FDCAN_DeactivateNotification
	.cfi_endproc
	.cantunwind
	.fnend
                                        @ -- End function
	.section	.text.HAL_FDCAN_TT_ActivateNotification,"ax",%progbits
	.hidden	HAL_FDCAN_TT_ActivateNotification @ -- Begin function HAL_FDCAN_TT_ActivateNotification
	.globl	HAL_FDCAN_TT_ActivateNotification
	.p2align	3
	.type	HAL_FDCAN_TT_ActivateNotification,%function
	.code	16                              @ @HAL_FDCAN_TT_ActivateNotification
	.thumb_func
HAL_FDCAN_TT_ActivateNotification:
.Lfunc_begin78:
	.loc	2 5214 0 is_stmt 1              @ ../Drivers/STM32H7xx_HAL_Driver/Src/stm32h7xx_hal_fdcan.c:5214:0
	.fnstart
	.cfi_startproc
@ %bb.0:
	.pad	#16
	sub	sp, #16
	.cfi_def_cfa_offset 16
	str	r0, [sp, #8]
	str	r1, [sp, #4]
.Ltmp965:
	.loc	2 5215 34 prologue_end          @ ../Drivers/STM32H7xx_HAL_Driver/Src/stm32h7xx_hal_fdcan.c:5215:34
	ldr	r0, [sp, #8]
	.loc	2 5215 42 is_stmt 0             @ ../Drivers/STM32H7xx_HAL_Driver/Src/stm32h7xx_hal_fdcan.c:5215:42
	ldrb.w	r0, [r0, #152]
	.loc	2 5215 26                       @ ../Drivers/STM32H7xx_HAL_Driver/Src/stm32h7xx_hal_fdcan.c:5215:26
	strb.w	r0, [sp, #3]
.Ltmp966:
	.loc	2 5221 8 is_stmt 1              @ ../Drivers/STM32H7xx_HAL_Driver/Src/stm32h7xx_hal_fdcan.c:5221:8
	ldrb.w	r0, [sp, #3]
	.loc	2 5221 40 is_stmt 0             @ ../Drivers/STM32H7xx_HAL_Driver/Src/stm32h7xx_hal_fdcan.c:5221:40
	cmp	r0, #1
	beq	.LBB78_2
	b	.LBB78_1
.LBB78_1:
	.loc	2 5221 44                       @ ../Drivers/STM32H7xx_HAL_Driver/Src/stm32h7xx_hal_fdcan.c:5221:44
	ldrb.w	r0, [sp, #3]
.Ltmp967:
	.loc	2 5221 7                        @ ../Drivers/STM32H7xx_HAL_Driver/Src/stm32h7xx_hal_fdcan.c:5221:7
	cmp	r0, #2
	bne	.LBB78_9
	b	.LBB78_2
.LBB78_2:
.Ltmp968:
	.loc	2 5224 10 is_stmt 1             @ ../Drivers/STM32H7xx_HAL_Driver/Src/stm32h7xx_hal_fdcan.c:5224:10
	ldr	r0, [sp, #4]
	.loc	2 5224 24 is_stmt 0             @ ../Drivers/STM32H7xx_HAL_Driver/Src/stm32h7xx_hal_fdcan.c:5224:24
	ldr	r1, [sp, #8]
	.loc	2 5224 32                       @ ../Drivers/STM32H7xx_HAL_Driver/Src/stm32h7xx_hal_fdcan.c:5224:32
	ldr	r1, [r1, #4]
	.loc	2 5224 39                       @ ../Drivers/STM32H7xx_HAL_Driver/Src/stm32h7xx_hal_fdcan.c:5224:39
	ldr	r1, [r1, #40]
.Ltmp969:
	.loc	2 5224 9                        @ ../Drivers/STM32H7xx_HAL_Driver/Src/stm32h7xx_hal_fdcan.c:5224:9
	tst	r0, r1
	bne	.LBB78_4
	b	.LBB78_3
.LBB78_3:
.Ltmp970:
	.loc	2 5227 7 is_stmt 1              @ ../Drivers/STM32H7xx_HAL_Driver/Src/stm32h7xx_hal_fdcan.c:5227:7
	ldr	r0, [sp, #8]
	ldr	r1, [r0]
	ldr	r0, [r1, #92]
	orr	r0, r0, #1
	str	r0, [r1, #92]
	.loc	2 5228 5                        @ ../Drivers/STM32H7xx_HAL_Driver/Src/stm32h7xx_hal_fdcan.c:5228:5
	b	.LBB78_8
.Ltmp971:
.LBB78_4:
	.loc	2 5229 15                       @ ../Drivers/STM32H7xx_HAL_Driver/Src/stm32h7xx_hal_fdcan.c:5229:15
	ldr	r0, [sp, #4]
	.loc	2 5229 29 is_stmt 0             @ ../Drivers/STM32H7xx_HAL_Driver/Src/stm32h7xx_hal_fdcan.c:5229:29
	ldr	r1, [sp, #8]
	.loc	2 5229 37                       @ ../Drivers/STM32H7xx_HAL_Driver/Src/stm32h7xx_hal_fdcan.c:5229:37
	ldr	r1, [r1, #4]
	.loc	2 5229 44                       @ ../Drivers/STM32H7xx_HAL_Driver/Src/stm32h7xx_hal_fdcan.c:5229:44
	ldr	r1, [r1, #40]
	.loc	2 5229 27                       @ ../Drivers/STM32H7xx_HAL_Driver/Src/stm32h7xx_hal_fdcan.c:5229:27
	ands	r0, r1
	.loc	2 5229 54                       @ ../Drivers/STM32H7xx_HAL_Driver/Src/stm32h7xx_hal_fdcan.c:5229:54
	ldr	r1, [sp, #4]
.Ltmp972:
	.loc	2 5229 14                       @ ../Drivers/STM32H7xx_HAL_Driver/Src/stm32h7xx_hal_fdcan.c:5229:14
	cmp	r0, r1
	bne	.LBB78_6
	b	.LBB78_5
.LBB78_5:
.Ltmp973:
	.loc	2 5232 7 is_stmt 1              @ ../Drivers/STM32H7xx_HAL_Driver/Src/stm32h7xx_hal_fdcan.c:5232:7
	ldr	r0, [sp, #8]
	ldr	r1, [r0]
	ldr	r0, [r1, #92]
	orr	r0, r0, #2
	str	r0, [r1, #92]
	.loc	2 5233 5                        @ ../Drivers/STM32H7xx_HAL_Driver/Src/stm32h7xx_hal_fdcan.c:5233:5
	b	.LBB78_7
.Ltmp974:
.LBB78_6:
	.loc	2 5237 7                        @ ../Drivers/STM32H7xx_HAL_Driver/Src/stm32h7xx_hal_fdcan.c:5237:7
	ldr	r0, [sp, #8]
	.loc	2 5237 15 is_stmt 0             @ ../Drivers/STM32H7xx_HAL_Driver/Src/stm32h7xx_hal_fdcan.c:5237:15
	ldr	r1, [r0]
	movs	r0, #3
	.loc	2 5237 29                       @ ../Drivers/STM32H7xx_HAL_Driver/Src/stm32h7xx_hal_fdcan.c:5237:29
	str	r0, [r1, #92]
	b	.LBB78_7
.Ltmp975:
.LBB78_7:
	.loc	2 0 29                          @ ../Drivers/STM32H7xx_HAL_Driver/Src/stm32h7xx_hal_fdcan.c:0:29
	b	.LBB78_8
.LBB78_8:
	.loc	2 5241 5 is_stmt 1              @ ../Drivers/STM32H7xx_HAL_Driver/Src/stm32h7xx_hal_fdcan.c:5241:5
	ldr	r2, [sp, #4]
	ldr	r0, [sp, #8]
	ldr	r1, [r0, #4]
	ldr	r0, [r1, #36]
	orrs	r0, r2
	str	r0, [r1, #36]
	movs	r0, #0
	.loc	2 5244 5                        @ ../Drivers/STM32H7xx_HAL_Driver/Src/stm32h7xx_hal_fdcan.c:5244:5
	strb.w	r0, [sp, #15]
	b	.LBB78_10
.Ltmp976:
.LBB78_9:
	.loc	2 5249 5                        @ ../Drivers/STM32H7xx_HAL_Driver/Src/stm32h7xx_hal_fdcan.c:5249:5
	ldr	r1, [sp, #8]
	.loc	2 5249 23 is_stmt 0             @ ../Drivers/STM32H7xx_HAL_Driver/Src/stm32h7xx_hal_fdcan.c:5249:23
	ldr.w	r0, [r1, #156]
	orr	r0, r0, #2
	str.w	r0, [r1, #156]
	movs	r0, #1
	.loc	2 5251 5 is_stmt 1              @ ../Drivers/STM32H7xx_HAL_Driver/Src/stm32h7xx_hal_fdcan.c:5251:5
	strb.w	r0, [sp, #15]
	b	.LBB78_10
.Ltmp977:
.LBB78_10:
	.loc	2 5253 1                        @ ../Drivers/STM32H7xx_HAL_Driver/Src/stm32h7xx_hal_fdcan.c:5253:1
	ldrb.w	r0, [sp, #15]
	.loc	2 5253 1 epilogue_begin is_stmt 0 @ ../Drivers/STM32H7xx_HAL_Driver/Src/stm32h7xx_hal_fdcan.c:5253:1
	add	sp, #16
	bx	lr
.Ltmp978:
.Lfunc_end78:
	.size	HAL_FDCAN_TT_ActivateNotification, .Lfunc_end78-HAL_FDCAN_TT_ActivateNotification
	.cfi_endproc
	.cantunwind
	.fnend
                                        @ -- End function
	.section	.text.HAL_FDCAN_TT_DeactivateNotification,"ax",%progbits
	.hidden	HAL_FDCAN_TT_DeactivateNotification @ -- Begin function HAL_FDCAN_TT_DeactivateNotification
	.globl	HAL_FDCAN_TT_DeactivateNotification
	.p2align	3
	.type	HAL_FDCAN_TT_DeactivateNotification,%function
	.code	16                              @ @HAL_FDCAN_TT_DeactivateNotification
	.thumb_func
HAL_FDCAN_TT_DeactivateNotification:
.Lfunc_begin79:
	.loc	2 5264 0 is_stmt 1              @ ../Drivers/STM32H7xx_HAL_Driver/Src/stm32h7xx_hal_fdcan.c:5264:0
	.fnstart
	.cfi_startproc
@ %bb.0:
	.pad	#20
	sub	sp, #20
	.cfi_def_cfa_offset 20
	str	r0, [sp, #12]
	str	r1, [sp, #8]
.Ltmp979:
	.loc	2 5266 34 prologue_end          @ ../Drivers/STM32H7xx_HAL_Driver/Src/stm32h7xx_hal_fdcan.c:5266:34
	ldr	r0, [sp, #12]
	.loc	2 5266 42 is_stmt 0             @ ../Drivers/STM32H7xx_HAL_Driver/Src/stm32h7xx_hal_fdcan.c:5266:42
	ldrb.w	r0, [r0, #152]
	.loc	2 5266 26                       @ ../Drivers/STM32H7xx_HAL_Driver/Src/stm32h7xx_hal_fdcan.c:5266:26
	strb.w	r0, [sp, #3]
.Ltmp980:
	.loc	2 5272 8 is_stmt 1              @ ../Drivers/STM32H7xx_HAL_Driver/Src/stm32h7xx_hal_fdcan.c:5272:8
	ldrb.w	r0, [sp, #3]
	.loc	2 5272 40 is_stmt 0             @ ../Drivers/STM32H7xx_HAL_Driver/Src/stm32h7xx_hal_fdcan.c:5272:40
	cmp	r0, #1
	beq	.LBB79_2
	b	.LBB79_1
.LBB79_1:
	.loc	2 5272 44                       @ ../Drivers/STM32H7xx_HAL_Driver/Src/stm32h7xx_hal_fdcan.c:5272:44
	ldrb.w	r0, [sp, #3]
.Ltmp981:
	.loc	2 5272 7                        @ ../Drivers/STM32H7xx_HAL_Driver/Src/stm32h7xx_hal_fdcan.c:5272:7
	cmp	r0, #2
	bne	.LBB79_7
	b	.LBB79_2
.LBB79_2:
.Ltmp982:
	.loc	2 5275 5 is_stmt 1              @ ../Drivers/STM32H7xx_HAL_Driver/Src/stm32h7xx_hal_fdcan.c:5275:5
	ldr	r2, [sp, #8]
	ldr	r0, [sp, #12]
	ldr	r1, [r0, #4]
	ldr	r0, [r1, #36]
	bics	r0, r2
	str	r0, [r1, #36]
	.loc	2 5277 23                       @ ../Drivers/STM32H7xx_HAL_Driver/Src/stm32h7xx_hal_fdcan.c:5277:23
	ldr	r0, [sp, #12]
	.loc	2 5277 31 is_stmt 0             @ ../Drivers/STM32H7xx_HAL_Driver/Src/stm32h7xx_hal_fdcan.c:5277:31
	ldr	r0, [r0, #4]
	.loc	2 5277 38                       @ ../Drivers/STM32H7xx_HAL_Driver/Src/stm32h7xx_hal_fdcan.c:5277:38
	ldr	r0, [r0, #40]
	.loc	2 5277 21                       @ ../Drivers/STM32H7xx_HAL_Driver/Src/stm32h7xx_hal_fdcan.c:5277:21
	str	r0, [sp, #4]
.Ltmp983:
	.loc	2 5279 10 is_stmt 1             @ ../Drivers/STM32H7xx_HAL_Driver/Src/stm32h7xx_hal_fdcan.c:5279:10
	ldr	r0, [sp, #12]
	.loc	2 5279 18 is_stmt 0             @ ../Drivers/STM32H7xx_HAL_Driver/Src/stm32h7xx_hal_fdcan.c:5279:18
	ldr	r0, [r0, #4]
	.loc	2 5279 25                       @ ../Drivers/STM32H7xx_HAL_Driver/Src/stm32h7xx_hal_fdcan.c:5279:25
	ldr	r0, [r0, #36]
	.loc	2 5279 32                       @ ../Drivers/STM32H7xx_HAL_Driver/Src/stm32h7xx_hal_fdcan.c:5279:32
	ldr	r1, [sp, #4]
	.loc	2 5279 30                       @ ../Drivers/STM32H7xx_HAL_Driver/Src/stm32h7xx_hal_fdcan.c:5279:30
	orrs	r0, r1
.Ltmp984:
	.loc	2 5279 9                        @ ../Drivers/STM32H7xx_HAL_Driver/Src/stm32h7xx_hal_fdcan.c:5279:9
	cmp	r0, r1
	bne	.LBB79_4
	b	.LBB79_3
.LBB79_3:
.Ltmp985:
	.loc	2 5282 7 is_stmt 1              @ ../Drivers/STM32H7xx_HAL_Driver/Src/stm32h7xx_hal_fdcan.c:5282:7
	ldr	r0, [sp, #12]
	ldr	r1, [r0]
	ldr	r0, [r1, #92]
	bic	r0, r0, #1
	str	r0, [r1, #92]
	.loc	2 5283 5                        @ ../Drivers/STM32H7xx_HAL_Driver/Src/stm32h7xx_hal_fdcan.c:5283:5
	b	.LBB79_4
.Ltmp986:
.LBB79_4:
	.loc	2 5285 10                       @ ../Drivers/STM32H7xx_HAL_Driver/Src/stm32h7xx_hal_fdcan.c:5285:10
	ldr	r0, [sp, #12]
	.loc	2 5285 18 is_stmt 0             @ ../Drivers/STM32H7xx_HAL_Driver/Src/stm32h7xx_hal_fdcan.c:5285:18
	ldr	r0, [r0, #4]
	.loc	2 5285 25                       @ ../Drivers/STM32H7xx_HAL_Driver/Src/stm32h7xx_hal_fdcan.c:5285:25
	ldr	r0, [r0, #36]
	.loc	2 5285 32                       @ ../Drivers/STM32H7xx_HAL_Driver/Src/stm32h7xx_hal_fdcan.c:5285:32
	ldr	r1, [sp, #4]
.Ltmp987:
	.loc	2 5285 9                        @ ../Drivers/STM32H7xx_HAL_Driver/Src/stm32h7xx_hal_fdcan.c:5285:9
	tst	r0, r1
	bne	.LBB79_6
	b	.LBB79_5
.LBB79_5:
.Ltmp988:
	.loc	2 5288 7 is_stmt 1              @ ../Drivers/STM32H7xx_HAL_Driver/Src/stm32h7xx_hal_fdcan.c:5288:7
	ldr	r0, [sp, #12]
	ldr	r1, [r0]
	ldr	r0, [r1, #92]
	bic	r0, r0, #2
	str	r0, [r1, #92]
	.loc	2 5289 5                        @ ../Drivers/STM32H7xx_HAL_Driver/Src/stm32h7xx_hal_fdcan.c:5289:5
	b	.LBB79_6
.Ltmp989:
.LBB79_6:
	.loc	2 0 5 is_stmt 0                 @ ../Drivers/STM32H7xx_HAL_Driver/Src/stm32h7xx_hal_fdcan.c:0:5
	movs	r0, #0
	.loc	2 5292 5 is_stmt 1              @ ../Drivers/STM32H7xx_HAL_Driver/Src/stm32h7xx_hal_fdcan.c:5292:5
	strb.w	r0, [sp, #19]
	b	.LBB79_8
.Ltmp990:
.LBB79_7:
	.loc	2 5297 5                        @ ../Drivers/STM32H7xx_HAL_Driver/Src/stm32h7xx_hal_fdcan.c:5297:5
	ldr	r1, [sp, #12]
	.loc	2 5297 23 is_stmt 0             @ ../Drivers/STM32H7xx_HAL_Driver/Src/stm32h7xx_hal_fdcan.c:5297:23
	ldr.w	r0, [r1, #156]
	orr	r0, r0, #2
	str.w	r0, [r1, #156]
	movs	r0, #1
	.loc	2 5299 5 is_stmt 1              @ ../Drivers/STM32H7xx_HAL_Driver/Src/stm32h7xx_hal_fdcan.c:5299:5
	strb.w	r0, [sp, #19]
	b	.LBB79_8
.Ltmp991:
.LBB79_8:
	.loc	2 5301 1                        @ ../Drivers/STM32H7xx_HAL_Driver/Src/stm32h7xx_hal_fdcan.c:5301:1
	ldrb.w	r0, [sp, #19]
	.loc	2 5301 1 epilogue_begin is_stmt 0 @ ../Drivers/STM32H7xx_HAL_Driver/Src/stm32h7xx_hal_fdcan.c:5301:1
	add	sp, #20
	bx	lr
.Ltmp992:
.Lfunc_end79:
	.size	HAL_FDCAN_TT_DeactivateNotification, .Lfunc_end79-HAL_FDCAN_TT_DeactivateNotification
	.cfi_endproc
	.cantunwind
	.fnend
                                        @ -- End function
	.section	.text.HAL_FDCAN_IRQHandler,"ax",%progbits
	.hidden	HAL_FDCAN_IRQHandler            @ -- Begin function HAL_FDCAN_IRQHandler
	.globl	HAL_FDCAN_IRQHandler
	.p2align	3
	.type	HAL_FDCAN_IRQHandler,%function
	.code	16                              @ @HAL_FDCAN_IRQHandler
	.thumb_func
HAL_FDCAN_IRQHandler:
.Lfunc_begin80:
	.loc	2 5310 0 is_stmt 1              @ ../Drivers/STM32H7xx_HAL_Driver/Src/stm32h7xx_hal_fdcan.c:5310:0
	.fnstart
	.cfi_startproc
@ %bb.0:
	.save	{r7, lr}
	push	{r7, lr}
	.cfi_def_cfa_offset 8
	.cfi_offset lr, -4
	.cfi_offset r7, -8
	.pad	#80
	sub	sp, #80
	.cfi_def_cfa_offset 88
	str	r0, [sp, #76]
	movw	r0, #43024
	movt	r0, #16384
.Ltmp993:
	.loc	2 5331 35 prologue_end          @ ../Drivers/STM32H7xx_HAL_Driver/Src/stm32h7xx_hal_fdcan.c:5331:35
	ldr	r0, [r0]
	.loc	2 5331 38 is_stmt 0             @ ../Drivers/STM32H7xx_HAL_Driver/Src/stm32h7xx_hal_fdcan.c:5331:38
	lsls	r0, r0, #30
	.loc	2 5331 21                       @ ../Drivers/STM32H7xx_HAL_Driver/Src/stm32h7xx_hal_fdcan.c:5331:21
	str	r0, [sp, #72]
	movw	r0, #43028
	movt	r0, #16384
	.loc	2 5332 36 is_stmt 1             @ ../Drivers/STM32H7xx_HAL_Driver/Src/stm32h7xx_hal_fdcan.c:5332:36
	ldr	r1, [r0]
	.loc	2 5332 21 is_stmt 0             @ ../Drivers/STM32H7xx_HAL_Driver/Src/stm32h7xx_hal_fdcan.c:5332:21
	ldr	r0, [sp, #72]
	and.w	r0, r0, r1, lsl #30
	str	r0, [sp, #72]
	.loc	2 5333 20 is_stmt 1             @ ../Drivers/STM32H7xx_HAL_Driver/Src/stm32h7xx_hal_fdcan.c:5333:20
	ldr	r0, [sp, #76]
	.loc	2 5333 28 is_stmt 0             @ ../Drivers/STM32H7xx_HAL_Driver/Src/stm32h7xx_hal_fdcan.c:5333:28
	ldr	r0, [r0]
	.loc	2 5333 38                       @ ../Drivers/STM32H7xx_HAL_Driver/Src/stm32h7xx_hal_fdcan.c:5333:38
	ldr	r0, [r0, #80]
	.loc	2 5333 41                       @ ../Drivers/STM32H7xx_HAL_Driver/Src/stm32h7xx_hal_fdcan.c:5333:41
	and	r0, r0, #61440
	.loc	2 5333 18                       @ ../Drivers/STM32H7xx_HAL_Driver/Src/stm32h7xx_hal_fdcan.c:5333:18
	str	r0, [sp, #68]
	.loc	2 5334 21 is_stmt 1             @ ../Drivers/STM32H7xx_HAL_Driver/Src/stm32h7xx_hal_fdcan.c:5334:21
	ldr	r0, [sp, #76]
	.loc	2 5334 29 is_stmt 0             @ ../Drivers/STM32H7xx_HAL_Driver/Src/stm32h7xx_hal_fdcan.c:5334:29
	ldr	r0, [r0]
	.loc	2 5334 39                       @ ../Drivers/STM32H7xx_HAL_Driver/Src/stm32h7xx_hal_fdcan.c:5334:39
	ldr	r1, [r0, #84]
	.loc	2 5334 18                       @ ../Drivers/STM32H7xx_HAL_Driver/Src/stm32h7xx_hal_fdcan.c:5334:18
	ldr	r0, [sp, #68]
	ands	r0, r1
	str	r0, [sp, #68]
	.loc	2 5335 16 is_stmt 1             @ ../Drivers/STM32H7xx_HAL_Driver/Src/stm32h7xx_hal_fdcan.c:5335:16
	ldr	r0, [sp, #76]
	.loc	2 5335 24 is_stmt 0             @ ../Drivers/STM32H7xx_HAL_Driver/Src/stm32h7xx_hal_fdcan.c:5335:24
	ldr	r0, [r0]
	.loc	2 5335 34                       @ ../Drivers/STM32H7xx_HAL_Driver/Src/stm32h7xx_hal_fdcan.c:5335:34
	ldr	r0, [r0, #80]
	.loc	2 5335 37                       @ ../Drivers/STM32H7xx_HAL_Driver/Src/stm32h7xx_hal_fdcan.c:5335:37
	and	r0, r0, #15
	.loc	2 5335 14                       @ ../Drivers/STM32H7xx_HAL_Driver/Src/stm32h7xx_hal_fdcan.c:5335:14
	str	r0, [sp, #64]
	.loc	2 5336 17 is_stmt 1             @ ../Drivers/STM32H7xx_HAL_Driver/Src/stm32h7xx_hal_fdcan.c:5336:17
	ldr	r0, [sp, #76]
	.loc	2 5336 25 is_stmt 0             @ ../Drivers/STM32H7xx_HAL_Driver/Src/stm32h7xx_hal_fdcan.c:5336:25
	ldr	r0, [r0]
	.loc	2 5336 35                       @ ../Drivers/STM32H7xx_HAL_Driver/Src/stm32h7xx_hal_fdcan.c:5336:35
	ldr	r1, [r0, #84]
	.loc	2 5336 14                       @ ../Drivers/STM32H7xx_HAL_Driver/Src/stm32h7xx_hal_fdcan.c:5336:14
	ldr	r0, [sp, #64]
	ands	r0, r1
	str	r0, [sp, #64]
	.loc	2 5337 16 is_stmt 1             @ ../Drivers/STM32H7xx_HAL_Driver/Src/stm32h7xx_hal_fdcan.c:5337:16
	ldr	r0, [sp, #76]
	.loc	2 5337 24 is_stmt 0             @ ../Drivers/STM32H7xx_HAL_Driver/Src/stm32h7xx_hal_fdcan.c:5337:24
	ldr	r0, [r0]
	.loc	2 5337 34                       @ ../Drivers/STM32H7xx_HAL_Driver/Src/stm32h7xx_hal_fdcan.c:5337:34
	ldr	r0, [r0, #80]
	.loc	2 5337 37                       @ ../Drivers/STM32H7xx_HAL_Driver/Src/stm32h7xx_hal_fdcan.c:5337:37
	and	r0, r0, #240
	.loc	2 5337 14                       @ ../Drivers/STM32H7xx_HAL_Driver/Src/stm32h7xx_hal_fdcan.c:5337:14
	str	r0, [sp, #60]
	.loc	2 5338 17 is_stmt 1             @ ../Drivers/STM32H7xx_HAL_Driver/Src/stm32h7xx_hal_fdcan.c:5338:17
	ldr	r0, [sp, #76]
	.loc	2 5338 25 is_stmt 0             @ ../Drivers/STM32H7xx_HAL_Driver/Src/stm32h7xx_hal_fdcan.c:5338:25
	ldr	r0, [r0]
	.loc	2 5338 35                       @ ../Drivers/STM32H7xx_HAL_Driver/Src/stm32h7xx_hal_fdcan.c:5338:35
	ldr	r1, [r0, #84]
	.loc	2 5338 14                       @ ../Drivers/STM32H7xx_HAL_Driver/Src/stm32h7xx_hal_fdcan.c:5338:14
	ldr	r0, [sp, #60]
	ands	r0, r1
	str	r0, [sp, #60]
	.loc	2 5339 12 is_stmt 1             @ ../Drivers/STM32H7xx_HAL_Driver/Src/stm32h7xx_hal_fdcan.c:5339:12
	ldr	r0, [sp, #76]
	.loc	2 5339 20 is_stmt 0             @ ../Drivers/STM32H7xx_HAL_Driver/Src/stm32h7xx_hal_fdcan.c:5339:20
	ldr	r0, [r0]
	.loc	2 5339 30                       @ ../Drivers/STM32H7xx_HAL_Driver/Src/stm32h7xx_hal_fdcan.c:5339:30
	ldr	r0, [r0, #80]
	.loc	2 5339 33                       @ ../Drivers/STM32H7xx_HAL_Driver/Src/stm32h7xx_hal_fdcan.c:5339:33
	and	r0, r0, #1010827264
	.loc	2 5339 10                       @ ../Drivers/STM32H7xx_HAL_Driver/Src/stm32h7xx_hal_fdcan.c:5339:10
	str	r0, [sp, #56]
	.loc	2 5340 13 is_stmt 1             @ ../Drivers/STM32H7xx_HAL_Driver/Src/stm32h7xx_hal_fdcan.c:5340:13
	ldr	r0, [sp, #76]
	.loc	2 5340 21 is_stmt 0             @ ../Drivers/STM32H7xx_HAL_Driver/Src/stm32h7xx_hal_fdcan.c:5340:21
	ldr	r0, [r0]
	.loc	2 5340 31                       @ ../Drivers/STM32H7xx_HAL_Driver/Src/stm32h7xx_hal_fdcan.c:5340:31
	ldr	r1, [r0, #84]
	.loc	2 5340 10                       @ ../Drivers/STM32H7xx_HAL_Driver/Src/stm32h7xx_hal_fdcan.c:5340:10
	ldr	r0, [sp, #56]
	ands	r0, r1
	str	r0, [sp, #56]
	.loc	2 5341 20 is_stmt 1             @ ../Drivers/STM32H7xx_HAL_Driver/Src/stm32h7xx_hal_fdcan.c:5341:20
	ldr	r0, [sp, #76]
	.loc	2 5341 28 is_stmt 0             @ ../Drivers/STM32H7xx_HAL_Driver/Src/stm32h7xx_hal_fdcan.c:5341:28
	ldr	r0, [r0]
	.loc	2 5341 38                       @ ../Drivers/STM32H7xx_HAL_Driver/Src/stm32h7xx_hal_fdcan.c:5341:38
	ldr	r0, [r0, #80]
	.loc	2 5341 41                       @ ../Drivers/STM32H7xx_HAL_Driver/Src/stm32h7xx_hal_fdcan.c:5341:41
	and	r0, r0, #58720256
	.loc	2 5341 18                       @ ../Drivers/STM32H7xx_HAL_Driver/Src/stm32h7xx_hal_fdcan.c:5341:18
	str	r0, [sp, #52]
	.loc	2 5342 21 is_stmt 1             @ ../Drivers/STM32H7xx_HAL_Driver/Src/stm32h7xx_hal_fdcan.c:5342:21
	ldr	r0, [sp, #76]
	.loc	2 5342 29 is_stmt 0             @ ../Drivers/STM32H7xx_HAL_Driver/Src/stm32h7xx_hal_fdcan.c:5342:29
	ldr	r0, [r0]
	.loc	2 5342 39                       @ ../Drivers/STM32H7xx_HAL_Driver/Src/stm32h7xx_hal_fdcan.c:5342:39
	ldr	r1, [r0, #84]
	.loc	2 5342 18                       @ ../Drivers/STM32H7xx_HAL_Driver/Src/stm32h7xx_hal_fdcan.c:5342:18
	ldr	r0, [sp, #52]
	ands	r0, r1
	str	r0, [sp, #52]
	.loc	2 5343 16 is_stmt 1             @ ../Drivers/STM32H7xx_HAL_Driver/Src/stm32h7xx_hal_fdcan.c:5343:16
	ldr	r0, [sp, #76]
	.loc	2 5343 24 is_stmt 0             @ ../Drivers/STM32H7xx_HAL_Driver/Src/stm32h7xx_hal_fdcan.c:5343:24
	ldr	r0, [r0]
	.loc	2 5343 34                       @ ../Drivers/STM32H7xx_HAL_Driver/Src/stm32h7xx_hal_fdcan.c:5343:34
	ldr	r0, [r0, #84]
	.loc	2 5343 14                       @ ../Drivers/STM32H7xx_HAL_Driver/Src/stm32h7xx_hal_fdcan.c:5343:14
	str	r0, [sp, #12]
	.loc	2 5344 14 is_stmt 1             @ ../Drivers/STM32H7xx_HAL_Driver/Src/stm32h7xx_hal_fdcan.c:5344:14
	ldr	r0, [sp, #76]
	.loc	2 5344 22 is_stmt 0             @ ../Drivers/STM32H7xx_HAL_Driver/Src/stm32h7xx_hal_fdcan.c:5344:22
	ldr	r0, [r0]
	.loc	2 5344 32                       @ ../Drivers/STM32H7xx_HAL_Driver/Src/stm32h7xx_hal_fdcan.c:5344:32
	ldr	r0, [r0, #80]
	.loc	2 5344 12                       @ ../Drivers/STM32H7xx_HAL_Driver/Src/stm32h7xx_hal_fdcan.c:5344:12
	str	r0, [sp, #4]
.Ltmp994:
	.loc	2 5347 7 is_stmt 1              @ ../Drivers/STM32H7xx_HAL_Driver/Src/stm32h7xx_hal_fdcan.c:5347:7
	ldrb.w	r0, [sp, #13]
.Ltmp995:
	.loc	2 5347 7 is_stmt 0              @ ../Drivers/STM32H7xx_HAL_Driver/Src/stm32h7xx_hal_fdcan.c:5347:7
	lsls	r0, r0, #31
	cbz	r0, .LBB80_6
	b	.LBB80_1
.LBB80_1:
.Ltmp996:
	.loc	2 5349 9 is_stmt 1              @ ../Drivers/STM32H7xx_HAL_Driver/Src/stm32h7xx_hal_fdcan.c:5349:9
	ldrb.w	r0, [sp, #5]
.Ltmp997:
	.loc	2 5349 9 is_stmt 0              @ ../Drivers/STM32H7xx_HAL_Driver/Src/stm32h7xx_hal_fdcan.c:5349:9
	lsls	r0, r0, #31
	cbz	r0, .LBB80_5
	b	.LBB80_2
.LBB80_2:
.Ltmp998:
	.loc	2 5352 7 is_stmt 1              @ ../Drivers/STM32H7xx_HAL_Driver/Src/stm32h7xx_hal_fdcan.c:5352:7
	b	.LBB80_3
.LBB80_3:
.Ltmp999:
	.loc	2 5352 7 is_stmt 0              @ ../Drivers/STM32H7xx_HAL_Driver/Src/stm32h7xx_hal_fdcan.c:5352:7
	ldr	r0, [sp, #76]
	ldr	r1, [r0]
	mov.w	r0, #256
	str	r0, [r1, #80]
	movw	r1, #43024
	movt	r1, #16384
	movs	r0, #0
	str	r0, [r1]
	b	.LBB80_4
.Ltmp1000:
.LBB80_4:
	.loc	2 5359 45 is_stmt 1             @ ../Drivers/STM32H7xx_HAL_Driver/Src/stm32h7xx_hal_fdcan.c:5359:45
	ldr	r0, [sp, #76]
	.loc	2 5359 7 is_stmt 0              @ ../Drivers/STM32H7xx_HAL_Driver/Src/stm32h7xx_hal_fdcan.c:5359:7
	bl	HAL_FDCAN_HighPriorityMessageCallback
	.loc	2 5361 5 is_stmt 1              @ ../Drivers/STM32H7xx_HAL_Driver/Src/stm32h7xx_hal_fdcan.c:5361:5
	b	.LBB80_5
.Ltmp1001:
.LBB80_5:
	.loc	2 5362 3                        @ ../Drivers/STM32H7xx_HAL_Driver/Src/stm32h7xx_hal_fdcan.c:5362:3
	b	.LBB80_6
.Ltmp1002:
.LBB80_6:
	.loc	2 5365 7                        @ ../Drivers/STM32H7xx_HAL_Driver/Src/stm32h7xx_hal_fdcan.c:5365:7
	ldrb.w	r0, [sp, #13]
	and	r1, r0, #4
	movs	r0, #0
.Ltmp1003:
	.loc	2 5365 7 is_stmt 0              @ ../Drivers/STM32H7xx_HAL_Driver/Src/stm32h7xx_hal_fdcan.c:5365:7
	cmp.w	r0, r1, lsr #2
	beq	.LBB80_12
	b	.LBB80_7
.LBB80_7:
.Ltmp1004:
	.loc	2 5367 9 is_stmt 1              @ ../Drivers/STM32H7xx_HAL_Driver/Src/stm32h7xx_hal_fdcan.c:5367:9
	ldrb.w	r0, [sp, #5]
	and	r1, r0, #4
	movs	r0, #0
.Ltmp1005:
	.loc	2 5367 9 is_stmt 0              @ ../Drivers/STM32H7xx_HAL_Driver/Src/stm32h7xx_hal_fdcan.c:5367:9
	cmp.w	r0, r1, lsr #2
	beq	.LBB80_11
	b	.LBB80_8
.LBB80_8:
.Ltmp1006:
	.loc	2 5370 24 is_stmt 1             @ ../Drivers/STM32H7xx_HAL_Driver/Src/stm32h7xx_hal_fdcan.c:5370:24
	ldr	r0, [sp, #76]
	.loc	2 5370 32 is_stmt 0             @ ../Drivers/STM32H7xx_HAL_Driver/Src/stm32h7xx_hal_fdcan.c:5370:32
	ldr	r0, [r0]
	.loc	2 5370 42                       @ ../Drivers/STM32H7xx_HAL_Driver/Src/stm32h7xx_hal_fdcan.c:5370:42
	ldr.w	r0, [r0, #220]
	.loc	2 5370 22                       @ ../Drivers/STM32H7xx_HAL_Driver/Src/stm32h7xx_hal_fdcan.c:5370:22
	str	r0, [sp, #44]
	.loc	2 5371 25 is_stmt 1             @ ../Drivers/STM32H7xx_HAL_Driver/Src/stm32h7xx_hal_fdcan.c:5371:25
	ldr	r0, [sp, #76]
	.loc	2 5371 33 is_stmt 0             @ ../Drivers/STM32H7xx_HAL_Driver/Src/stm32h7xx_hal_fdcan.c:5371:33
	ldr	r0, [r0]
	.loc	2 5371 43                       @ ../Drivers/STM32H7xx_HAL_Driver/Src/stm32h7xx_hal_fdcan.c:5371:43
	ldr.w	r1, [r0, #228]
	.loc	2 5371 22                       @ ../Drivers/STM32H7xx_HAL_Driver/Src/stm32h7xx_hal_fdcan.c:5371:22
	ldr	r0, [sp, #44]
	ands	r0, r1
	str	r0, [sp, #44]
	.loc	2 5374 7 is_stmt 1              @ ../Drivers/STM32H7xx_HAL_Driver/Src/stm32h7xx_hal_fdcan.c:5374:7
	b	.LBB80_9
.LBB80_9:
.Ltmp1007:
	.loc	2 5374 7 is_stmt 0              @ ../Drivers/STM32H7xx_HAL_Driver/Src/stm32h7xx_hal_fdcan.c:5374:7
	ldr	r0, [sp, #76]
	ldr	r1, [r0]
	mov.w	r0, #1024
	str	r0, [r1, #80]
	movw	r1, #43024
	movt	r1, #16384
	movs	r0, #0
	str	r0, [r1]
	b	.LBB80_10
.Ltmp1008:
.LBB80_10:
	.loc	2 5381 39 is_stmt 1             @ ../Drivers/STM32H7xx_HAL_Driver/Src/stm32h7xx_hal_fdcan.c:5381:39
	ldr	r0, [sp, #76]
	.loc	2 5381 47 is_stmt 0             @ ../Drivers/STM32H7xx_HAL_Driver/Src/stm32h7xx_hal_fdcan.c:5381:47
	ldr	r1, [sp, #44]
	.loc	2 5381 7                        @ ../Drivers/STM32H7xx_HAL_Driver/Src/stm32h7xx_hal_fdcan.c:5381:7
	bl	HAL_FDCAN_TxBufferAbortCallback
	.loc	2 5383 5 is_stmt 1              @ ../Drivers/STM32H7xx_HAL_Driver/Src/stm32h7xx_hal_fdcan.c:5383:5
	b	.LBB80_11
.Ltmp1009:
.LBB80_11:
	.loc	2 5384 3                        @ ../Drivers/STM32H7xx_HAL_Driver/Src/stm32h7xx_hal_fdcan.c:5384:3
	b	.LBB80_12
.Ltmp1010:
.LBB80_12:
	.loc	2 5387 7                        @ ../Drivers/STM32H7xx_HAL_Driver/Src/stm32h7xx_hal_fdcan.c:5387:7
	ldr	r0, [sp, #72]
.Ltmp1011:
	.loc	2 5387 7 is_stmt 0              @ ../Drivers/STM32H7xx_HAL_Driver/Src/stm32h7xx_hal_fdcan.c:5387:7
	cbz	r0, .LBB80_16
	b	.LBB80_13
.LBB80_13:
.Ltmp1012:
	.loc	2 5390 5 is_stmt 1              @ ../Drivers/STM32H7xx_HAL_Driver/Src/stm32h7xx_hal_fdcan.c:5390:5
	b	.LBB80_14
.LBB80_14:
.Ltmp1013:
	.loc	2 5390 5 is_stmt 0              @ ../Drivers/STM32H7xx_HAL_Driver/Src/stm32h7xx_hal_fdcan.c:5390:5
	ldr	r0, [sp, #72]
	movw	r1, #65535
	movt	r1, #16335
	ands	r0, r1
	ldr	r1, [sp, #76]
	ldr	r1, [r1]
	str	r0, [r1, #80]
	ldr	r0, [sp, #72]
	lsrs	r0, r0, #30
	movw	r1, #43024
	movt	r1, #16384
	str	r0, [r1]
	b	.LBB80_15
.Ltmp1014:
.LBB80_15:
	.loc	2 5397 40 is_stmt 1             @ ../Drivers/STM32H7xx_HAL_Driver/Src/stm32h7xx_hal_fdcan.c:5397:40
	ldr	r0, [sp, #76]
	.loc	2 5397 48 is_stmt 0             @ ../Drivers/STM32H7xx_HAL_Driver/Src/stm32h7xx_hal_fdcan.c:5397:48
	ldr	r1, [sp, #72]
	.loc	2 5397 5                        @ ../Drivers/STM32H7xx_HAL_Driver/Src/stm32h7xx_hal_fdcan.c:5397:5
	bl	HAL_FDCAN_ClockCalibrationCallback
	.loc	2 5399 3 is_stmt 1              @ ../Drivers/STM32H7xx_HAL_Driver/Src/stm32h7xx_hal_fdcan.c:5399:3
	b	.LBB80_16
.Ltmp1015:
.LBB80_16:
	.loc	2 5402 7                        @ ../Drivers/STM32H7xx_HAL_Driver/Src/stm32h7xx_hal_fdcan.c:5402:7
	ldr	r0, [sp, #68]
.Ltmp1016:
	.loc	2 5402 7 is_stmt 0              @ ../Drivers/STM32H7xx_HAL_Driver/Src/stm32h7xx_hal_fdcan.c:5402:7
	cbz	r0, .LBB80_20
	b	.LBB80_17
.LBB80_17:
.Ltmp1017:
	.loc	2 5405 5 is_stmt 1              @ ../Drivers/STM32H7xx_HAL_Driver/Src/stm32h7xx_hal_fdcan.c:5405:5
	b	.LBB80_18
.LBB80_18:
.Ltmp1018:
	.loc	2 5405 5 is_stmt 0              @ ../Drivers/STM32H7xx_HAL_Driver/Src/stm32h7xx_hal_fdcan.c:5405:5
	ldr	r0, [sp, #68]
	movw	r1, #65535
	movt	r1, #16335
	ands	r0, r1
	ldr	r1, [sp, #76]
	ldr	r1, [r1]
	str	r0, [r1, #80]
	ldr	r0, [sp, #68]
	lsrs	r0, r0, #30
	movw	r1, #43024
	movt	r1, #16384
	str	r0, [r1]
	b	.LBB80_19
.Ltmp1019:
.LBB80_19:
	.loc	2 5412 35 is_stmt 1             @ ../Drivers/STM32H7xx_HAL_Driver/Src/stm32h7xx_hal_fdcan.c:5412:35
	ldr	r0, [sp, #76]
	.loc	2 5412 43 is_stmt 0             @ ../Drivers/STM32H7xx_HAL_Driver/Src/stm32h7xx_hal_fdcan.c:5412:43
	ldr	r1, [sp, #68]
	.loc	2 5412 5                        @ ../Drivers/STM32H7xx_HAL_Driver/Src/stm32h7xx_hal_fdcan.c:5412:5
	bl	HAL_FDCAN_TxEventFifoCallback
	.loc	2 5414 3 is_stmt 1              @ ../Drivers/STM32H7xx_HAL_Driver/Src/stm32h7xx_hal_fdcan.c:5414:3
	b	.LBB80_20
.Ltmp1020:
.LBB80_20:
	.loc	2 5417 7                        @ ../Drivers/STM32H7xx_HAL_Driver/Src/stm32h7xx_hal_fdcan.c:5417:7
	ldr	r0, [sp, #64]
.Ltmp1021:
	.loc	2 5417 7 is_stmt 0              @ ../Drivers/STM32H7xx_HAL_Driver/Src/stm32h7xx_hal_fdcan.c:5417:7
	cbz	r0, .LBB80_24
	b	.LBB80_21
.LBB80_21:
.Ltmp1022:
	.loc	2 5420 5 is_stmt 1              @ ../Drivers/STM32H7xx_HAL_Driver/Src/stm32h7xx_hal_fdcan.c:5420:5
	b	.LBB80_22
.LBB80_22:
.Ltmp1023:
	.loc	2 5420 5 is_stmt 0              @ ../Drivers/STM32H7xx_HAL_Driver/Src/stm32h7xx_hal_fdcan.c:5420:5
	ldr	r0, [sp, #64]
	movw	r1, #65535
	movt	r1, #16335
	ands	r0, r1
	ldr	r1, [sp, #76]
	ldr	r1, [r1]
	str	r0, [r1, #80]
	ldr	r0, [sp, #64]
	lsrs	r0, r0, #30
	movw	r1, #43024
	movt	r1, #16384
	str	r0, [r1]
	b	.LBB80_23
.Ltmp1024:
.LBB80_23:
	.loc	2 5427 31 is_stmt 1             @ ../Drivers/STM32H7xx_HAL_Driver/Src/stm32h7xx_hal_fdcan.c:5427:31
	ldr	r0, [sp, #76]
	.loc	2 5427 39 is_stmt 0             @ ../Drivers/STM32H7xx_HAL_Driver/Src/stm32h7xx_hal_fdcan.c:5427:39
	ldr	r1, [sp, #64]
	.loc	2 5427 5                        @ ../Drivers/STM32H7xx_HAL_Driver/Src/stm32h7xx_hal_fdcan.c:5427:5
	bl	HAL_FDCAN_RxFifo0Callback
	.loc	2 5429 3 is_stmt 1              @ ../Drivers/STM32H7xx_HAL_Driver/Src/stm32h7xx_hal_fdcan.c:5429:3
	b	.LBB80_24
.Ltmp1025:
.LBB80_24:
	.loc	2 5432 7                        @ ../Drivers/STM32H7xx_HAL_Driver/Src/stm32h7xx_hal_fdcan.c:5432:7
	ldr	r0, [sp, #60]
.Ltmp1026:
	.loc	2 5432 7 is_stmt 0              @ ../Drivers/STM32H7xx_HAL_Driver/Src/stm32h7xx_hal_fdcan.c:5432:7
	cbz	r0, .LBB80_28
	b	.LBB80_25
.LBB80_25:
.Ltmp1027:
	.loc	2 5435 5 is_stmt 1              @ ../Drivers/STM32H7xx_HAL_Driver/Src/stm32h7xx_hal_fdcan.c:5435:5
	b	.LBB80_26
.LBB80_26:
.Ltmp1028:
	.loc	2 5435 5 is_stmt 0              @ ../Drivers/STM32H7xx_HAL_Driver/Src/stm32h7xx_hal_fdcan.c:5435:5
	ldr	r0, [sp, #60]
	movw	r1, #65535
	movt	r1, #16335
	ands	r0, r1
	ldr	r1, [sp, #76]
	ldr	r1, [r1]
	str	r0, [r1, #80]
	ldr	r0, [sp, #60]
	lsrs	r0, r0, #30
	movw	r1, #43024
	movt	r1, #16384
	str	r0, [r1]
	b	.LBB80_27
.Ltmp1029:
.LBB80_27:
	.loc	2 5442 31 is_stmt 1             @ ../Drivers/STM32H7xx_HAL_Driver/Src/stm32h7xx_hal_fdcan.c:5442:31
	ldr	r0, [sp, #76]
	.loc	2 5442 39 is_stmt 0             @ ../Drivers/STM32H7xx_HAL_Driver/Src/stm32h7xx_hal_fdcan.c:5442:39
	ldr	r1, [sp, #60]
	.loc	2 5442 5                        @ ../Drivers/STM32H7xx_HAL_Driver/Src/stm32h7xx_hal_fdcan.c:5442:5
	bl	HAL_FDCAN_RxFifo1Callback
	.loc	2 5444 3 is_stmt 1              @ ../Drivers/STM32H7xx_HAL_Driver/Src/stm32h7xx_hal_fdcan.c:5444:3
	b	.LBB80_28
.Ltmp1030:
.LBB80_28:
	.loc	2 5447 7                        @ ../Drivers/STM32H7xx_HAL_Driver/Src/stm32h7xx_hal_fdcan.c:5447:7
	ldrb.w	r0, [sp, #13]
	and	r1, r0, #8
	movs	r0, #0
.Ltmp1031:
	.loc	2 5447 7 is_stmt 0              @ ../Drivers/STM32H7xx_HAL_Driver/Src/stm32h7xx_hal_fdcan.c:5447:7
	cmp.w	r0, r1, lsr #3
	beq	.LBB80_34
	b	.LBB80_29
.LBB80_29:
.Ltmp1032:
	.loc	2 5449 9 is_stmt 1              @ ../Drivers/STM32H7xx_HAL_Driver/Src/stm32h7xx_hal_fdcan.c:5449:9
	ldrb.w	r0, [sp, #5]
	and	r1, r0, #8
	movs	r0, #0
.Ltmp1033:
	.loc	2 5449 9 is_stmt 0              @ ../Drivers/STM32H7xx_HAL_Driver/Src/stm32h7xx_hal_fdcan.c:5449:9
	cmp.w	r0, r1, lsr #3
	beq	.LBB80_33
	b	.LBB80_30
.LBB80_30:
.Ltmp1034:
	.loc	2 5452 7 is_stmt 1              @ ../Drivers/STM32H7xx_HAL_Driver/Src/stm32h7xx_hal_fdcan.c:5452:7
	b	.LBB80_31
.LBB80_31:
.Ltmp1035:
	.loc	2 5452 7 is_stmt 0              @ ../Drivers/STM32H7xx_HAL_Driver/Src/stm32h7xx_hal_fdcan.c:5452:7
	ldr	r0, [sp, #76]
	ldr	r1, [r0]
	mov.w	r0, #2048
	str	r0, [r1, #80]
	movw	r1, #43024
	movt	r1, #16384
	movs	r0, #0
	str	r0, [r1]
	b	.LBB80_32
.Ltmp1036:
.LBB80_32:
	.loc	2 5459 37 is_stmt 1             @ ../Drivers/STM32H7xx_HAL_Driver/Src/stm32h7xx_hal_fdcan.c:5459:37
	ldr	r0, [sp, #76]
	.loc	2 5459 7 is_stmt 0              @ ../Drivers/STM32H7xx_HAL_Driver/Src/stm32h7xx_hal_fdcan.c:5459:7
	bl	HAL_FDCAN_TxFifoEmptyCallback
	.loc	2 5461 5 is_stmt 1              @ ../Drivers/STM32H7xx_HAL_Driver/Src/stm32h7xx_hal_fdcan.c:5461:5
	b	.LBB80_33
.Ltmp1037:
.LBB80_33:
	.loc	2 5462 3                        @ ../Drivers/STM32H7xx_HAL_Driver/Src/stm32h7xx_hal_fdcan.c:5462:3
	b	.LBB80_34
.Ltmp1038:
.LBB80_34:
	.loc	2 5465 7                        @ ../Drivers/STM32H7xx_HAL_Driver/Src/stm32h7xx_hal_fdcan.c:5465:7
	ldrb.w	r0, [sp, #13]
	and	r1, r0, #2
	movs	r0, #0
.Ltmp1039:
	.loc	2 5465 7 is_stmt 0              @ ../Drivers/STM32H7xx_HAL_Driver/Src/stm32h7xx_hal_fdcan.c:5465:7
	cmp.w	r0, r1, lsr #1
	beq	.LBB80_40
	b	.LBB80_35
.LBB80_35:
.Ltmp1040:
	.loc	2 5467 9 is_stmt 1              @ ../Drivers/STM32H7xx_HAL_Driver/Src/stm32h7xx_hal_fdcan.c:5467:9
	ldrb.w	r0, [sp, #5]
	and	r1, r0, #2
	movs	r0, #0
.Ltmp1041:
	.loc	2 5467 9 is_stmt 0              @ ../Drivers/STM32H7xx_HAL_Driver/Src/stm32h7xx_hal_fdcan.c:5467:9
	cmp.w	r0, r1, lsr #1
	beq	.LBB80_39
	b	.LBB80_36
.LBB80_36:
.Ltmp1042:
	.loc	2 5470 28 is_stmt 1             @ ../Drivers/STM32H7xx_HAL_Driver/Src/stm32h7xx_hal_fdcan.c:5470:28
	ldr	r0, [sp, #76]
	.loc	2 5470 36 is_stmt 0             @ ../Drivers/STM32H7xx_HAL_Driver/Src/stm32h7xx_hal_fdcan.c:5470:36
	ldr	r0, [r0]
	.loc	2 5470 46                       @ ../Drivers/STM32H7xx_HAL_Driver/Src/stm32h7xx_hal_fdcan.c:5470:46
	ldr.w	r0, [r0, #216]
	.loc	2 5470 26                       @ ../Drivers/STM32H7xx_HAL_Driver/Src/stm32h7xx_hal_fdcan.c:5470:26
	str	r0, [sp, #48]
	.loc	2 5471 29 is_stmt 1             @ ../Drivers/STM32H7xx_HAL_Driver/Src/stm32h7xx_hal_fdcan.c:5471:29
	ldr	r0, [sp, #76]
	.loc	2 5471 37 is_stmt 0             @ ../Drivers/STM32H7xx_HAL_Driver/Src/stm32h7xx_hal_fdcan.c:5471:37
	ldr	r0, [r0]
	.loc	2 5471 47                       @ ../Drivers/STM32H7xx_HAL_Driver/Src/stm32h7xx_hal_fdcan.c:5471:47
	ldr.w	r1, [r0, #224]
	.loc	2 5471 26                       @ ../Drivers/STM32H7xx_HAL_Driver/Src/stm32h7xx_hal_fdcan.c:5471:26
	ldr	r0, [sp, #48]
	ands	r0, r1
	str	r0, [sp, #48]
	.loc	2 5474 7 is_stmt 1              @ ../Drivers/STM32H7xx_HAL_Driver/Src/stm32h7xx_hal_fdcan.c:5474:7
	b	.LBB80_37
.LBB80_37:
.Ltmp1043:
	.loc	2 5474 7 is_stmt 0              @ ../Drivers/STM32H7xx_HAL_Driver/Src/stm32h7xx_hal_fdcan.c:5474:7
	ldr	r0, [sp, #76]
	ldr	r1, [r0]
	mov.w	r0, #512
	str	r0, [r1, #80]
	movw	r1, #43024
	movt	r1, #16384
	movs	r0, #0
	str	r0, [r1]
	b	.LBB80_38
.Ltmp1044:
.LBB80_38:
	.loc	2 5481 42 is_stmt 1             @ ../Drivers/STM32H7xx_HAL_Driver/Src/stm32h7xx_hal_fdcan.c:5481:42
	ldr	r0, [sp, #76]
	.loc	2 5481 50 is_stmt 0             @ ../Drivers/STM32H7xx_HAL_Driver/Src/stm32h7xx_hal_fdcan.c:5481:50
	ldr	r1, [sp, #48]
	.loc	2 5481 7                        @ ../Drivers/STM32H7xx_HAL_Driver/Src/stm32h7xx_hal_fdcan.c:5481:7
	bl	HAL_FDCAN_TxBufferCompleteCallback
	.loc	2 5483 5 is_stmt 1              @ ../Drivers/STM32H7xx_HAL_Driver/Src/stm32h7xx_hal_fdcan.c:5483:5
	b	.LBB80_39
.Ltmp1045:
.LBB80_39:
	.loc	2 5484 3                        @ ../Drivers/STM32H7xx_HAL_Driver/Src/stm32h7xx_hal_fdcan.c:5484:3
	b	.LBB80_40
.Ltmp1046:
.LBB80_40:
	.loc	2 5487 7                        @ ../Drivers/STM32H7xx_HAL_Driver/Src/stm32h7xx_hal_fdcan.c:5487:7
	ldrb.w	r0, [sp, #14]
	and	r1, r0, #8
	movs	r0, #0
.Ltmp1047:
	.loc	2 5487 7 is_stmt 0              @ ../Drivers/STM32H7xx_HAL_Driver/Src/stm32h7xx_hal_fdcan.c:5487:7
	cmp.w	r0, r1, lsr #3
	beq	.LBB80_46
	b	.LBB80_41
.LBB80_41:
.Ltmp1048:
	.loc	2 5489 9 is_stmt 1              @ ../Drivers/STM32H7xx_HAL_Driver/Src/stm32h7xx_hal_fdcan.c:5489:9
	ldrb.w	r0, [sp, #6]
	and	r1, r0, #8
	movs	r0, #0
.Ltmp1049:
	.loc	2 5489 9 is_stmt 0              @ ../Drivers/STM32H7xx_HAL_Driver/Src/stm32h7xx_hal_fdcan.c:5489:9
	cmp.w	r0, r1, lsr #3
	beq	.LBB80_45
	b	.LBB80_42
.LBB80_42:
.Ltmp1050:
	.loc	2 5492 7 is_stmt 1              @ ../Drivers/STM32H7xx_HAL_Driver/Src/stm32h7xx_hal_fdcan.c:5492:7
	b	.LBB80_43
.LBB80_43:
.Ltmp1051:
	.loc	2 5492 7 is_stmt 0              @ ../Drivers/STM32H7xx_HAL_Driver/Src/stm32h7xx_hal_fdcan.c:5492:7
	ldr	r0, [sp, #76]
	ldr	r1, [r0]
	mov.w	r0, #524288
	str	r0, [r1, #80]
	movw	r1, #43024
	movt	r1, #16384
	movs	r0, #0
	str	r0, [r1]
	b	.LBB80_44
.Ltmp1052:
.LBB80_44:
	.loc	2 5499 44 is_stmt 1             @ ../Drivers/STM32H7xx_HAL_Driver/Src/stm32h7xx_hal_fdcan.c:5499:44
	ldr	r0, [sp, #76]
	.loc	2 5499 7 is_stmt 0              @ ../Drivers/STM32H7xx_HAL_Driver/Src/stm32h7xx_hal_fdcan.c:5499:7
	bl	HAL_FDCAN_RxBufferNewMessageCallback
	.loc	2 5501 5 is_stmt 1              @ ../Drivers/STM32H7xx_HAL_Driver/Src/stm32h7xx_hal_fdcan.c:5501:5
	b	.LBB80_45
.Ltmp1053:
.LBB80_45:
	.loc	2 5502 3                        @ ../Drivers/STM32H7xx_HAL_Driver/Src/stm32h7xx_hal_fdcan.c:5502:3
	b	.LBB80_46
.Ltmp1054:
.LBB80_46:
	.loc	2 5505 7                        @ ../Drivers/STM32H7xx_HAL_Driver/Src/stm32h7xx_hal_fdcan.c:5505:7
	ldrb.w	r0, [sp, #14]
.Ltmp1055:
	.loc	2 5505 7 is_stmt 0              @ ../Drivers/STM32H7xx_HAL_Driver/Src/stm32h7xx_hal_fdcan.c:5505:7
	lsls	r0, r0, #31
	cbz	r0, .LBB80_52
	b	.LBB80_47
.LBB80_47:
.Ltmp1056:
	.loc	2 5507 9 is_stmt 1              @ ../Drivers/STM32H7xx_HAL_Driver/Src/stm32h7xx_hal_fdcan.c:5507:9
	ldrb.w	r0, [sp, #6]
.Ltmp1057:
	.loc	2 5507 9 is_stmt 0              @ ../Drivers/STM32H7xx_HAL_Driver/Src/stm32h7xx_hal_fdcan.c:5507:9
	lsls	r0, r0, #31
	cbz	r0, .LBB80_51
	b	.LBB80_48
.LBB80_48:
.Ltmp1058:
	.loc	2 5510 7 is_stmt 1              @ ../Drivers/STM32H7xx_HAL_Driver/Src/stm32h7xx_hal_fdcan.c:5510:7
	b	.LBB80_49
.LBB80_49:
.Ltmp1059:
	.loc	2 5510 7 is_stmt 0              @ ../Drivers/STM32H7xx_HAL_Driver/Src/stm32h7xx_hal_fdcan.c:5510:7
	ldr	r0, [sp, #76]
	ldr	r1, [r0]
	mov.w	r0, #65536
	str	r0, [r1, #80]
	movw	r1, #43024
	movt	r1, #16384
	movs	r0, #0
	str	r0, [r1]
	b	.LBB80_50
.Ltmp1060:
.LBB80_50:
	.loc	2 5517 45 is_stmt 1             @ ../Drivers/STM32H7xx_HAL_Driver/Src/stm32h7xx_hal_fdcan.c:5517:45
	ldr	r0, [sp, #76]
	.loc	2 5517 7 is_stmt 0              @ ../Drivers/STM32H7xx_HAL_Driver/Src/stm32h7xx_hal_fdcan.c:5517:7
	bl	HAL_FDCAN_TimestampWraparoundCallback
	.loc	2 5519 5 is_stmt 1              @ ../Drivers/STM32H7xx_HAL_Driver/Src/stm32h7xx_hal_fdcan.c:5519:5
	b	.LBB80_51
.Ltmp1061:
.LBB80_51:
	.loc	2 5520 3                        @ ../Drivers/STM32H7xx_HAL_Driver/Src/stm32h7xx_hal_fdcan.c:5520:3
	b	.LBB80_52
.Ltmp1062:
.LBB80_52:
	.loc	2 5523 7                        @ ../Drivers/STM32H7xx_HAL_Driver/Src/stm32h7xx_hal_fdcan.c:5523:7
	ldrb.w	r0, [sp, #14]
	and	r1, r0, #4
	movs	r0, #0
.Ltmp1063:
	.loc	2 5523 7 is_stmt 0              @ ../Drivers/STM32H7xx_HAL_Driver/Src/stm32h7xx_hal_fdcan.c:5523:7
	cmp.w	r0, r1, lsr #2
	beq	.LBB80_58
	b	.LBB80_53
.LBB80_53:
.Ltmp1064:
	.loc	2 5525 9 is_stmt 1              @ ../Drivers/STM32H7xx_HAL_Driver/Src/stm32h7xx_hal_fdcan.c:5525:9
	ldrb.w	r0, [sp, #6]
	and	r1, r0, #4
	movs	r0, #0
.Ltmp1065:
	.loc	2 5525 9 is_stmt 0              @ ../Drivers/STM32H7xx_HAL_Driver/Src/stm32h7xx_hal_fdcan.c:5525:9
	cmp.w	r0, r1, lsr #2
	beq	.LBB80_57
	b	.LBB80_54
.LBB80_54:
.Ltmp1066:
	.loc	2 5528 7 is_stmt 1              @ ../Drivers/STM32H7xx_HAL_Driver/Src/stm32h7xx_hal_fdcan.c:5528:7
	b	.LBB80_55
.LBB80_55:
.Ltmp1067:
	.loc	2 5528 7 is_stmt 0              @ ../Drivers/STM32H7xx_HAL_Driver/Src/stm32h7xx_hal_fdcan.c:5528:7
	ldr	r0, [sp, #76]
	ldr	r1, [r0]
	mov.w	r0, #262144
	str	r0, [r1, #80]
	movw	r1, #43024
	movt	r1, #16384
	movs	r0, #0
	str	r0, [r1]
	b	.LBB80_56
.Ltmp1068:
.LBB80_56:
	.loc	2 5535 41 is_stmt 1             @ ../Drivers/STM32H7xx_HAL_Driver/Src/stm32h7xx_hal_fdcan.c:5535:41
	ldr	r0, [sp, #76]
	.loc	2 5535 7 is_stmt 0              @ ../Drivers/STM32H7xx_HAL_Driver/Src/stm32h7xx_hal_fdcan.c:5535:7
	bl	HAL_FDCAN_TimeoutOccurredCallback
	.loc	2 5537 5 is_stmt 1              @ ../Drivers/STM32H7xx_HAL_Driver/Src/stm32h7xx_hal_fdcan.c:5537:5
	b	.LBB80_57
.Ltmp1069:
.LBB80_57:
	.loc	2 5538 3                        @ ../Drivers/STM32H7xx_HAL_Driver/Src/stm32h7xx_hal_fdcan.c:5538:3
	b	.LBB80_58
.Ltmp1070:
.LBB80_58:
	.loc	2 5541 7                        @ ../Drivers/STM32H7xx_HAL_Driver/Src/stm32h7xx_hal_fdcan.c:5541:7
	ldrb.w	r0, [sp, #14]
	and	r1, r0, #2
	movs	r0, #0
.Ltmp1071:
	.loc	2 5541 7 is_stmt 0              @ ../Drivers/STM32H7xx_HAL_Driver/Src/stm32h7xx_hal_fdcan.c:5541:7
	cmp.w	r0, r1, lsr #1
	beq	.LBB80_64
	b	.LBB80_59
.LBB80_59:
.Ltmp1072:
	.loc	2 5543 9 is_stmt 1              @ ../Drivers/STM32H7xx_HAL_Driver/Src/stm32h7xx_hal_fdcan.c:5543:9
	ldrb.w	r0, [sp, #6]
	and	r1, r0, #2
	movs	r0, #0
.Ltmp1073:
	.loc	2 5543 9 is_stmt 0              @ ../Drivers/STM32H7xx_HAL_Driver/Src/stm32h7xx_hal_fdcan.c:5543:9
	cmp.w	r0, r1, lsr #1
	beq	.LBB80_63
	b	.LBB80_60
.LBB80_60:
.Ltmp1074:
	.loc	2 5546 7 is_stmt 1              @ ../Drivers/STM32H7xx_HAL_Driver/Src/stm32h7xx_hal_fdcan.c:5546:7
	b	.LBB80_61
.LBB80_61:
.Ltmp1075:
	.loc	2 5546 7 is_stmt 0              @ ../Drivers/STM32H7xx_HAL_Driver/Src/stm32h7xx_hal_fdcan.c:5546:7
	ldr	r0, [sp, #76]
	ldr	r1, [r0]
	mov.w	r0, #131072
	str	r0, [r1, #80]
	movw	r1, #43024
	movt	r1, #16384
	movs	r0, #0
	str	r0, [r1]
	b	.LBB80_62
.Ltmp1076:
.LBB80_62:
	.loc	2 5549 7 is_stmt 1              @ ../Drivers/STM32H7xx_HAL_Driver/Src/stm32h7xx_hal_fdcan.c:5549:7
	ldr	r1, [sp, #76]
	.loc	2 5549 25 is_stmt 0             @ ../Drivers/STM32H7xx_HAL_Driver/Src/stm32h7xx_hal_fdcan.c:5549:25
	ldr.w	r0, [r1, #156]
	orr	r0, r0, #128
	str.w	r0, [r1, #156]
	.loc	2 5550 5 is_stmt 1              @ ../Drivers/STM32H7xx_HAL_Driver/Src/stm32h7xx_hal_fdcan.c:5550:5
	b	.LBB80_63
.Ltmp1077:
.LBB80_63:
	.loc	2 5551 3                        @ ../Drivers/STM32H7xx_HAL_Driver/Src/stm32h7xx_hal_fdcan.c:5551:3
	b	.LBB80_64
.Ltmp1078:
.LBB80_64:
	.loc	2 5554 7                        @ ../Drivers/STM32H7xx_HAL_Driver/Src/stm32h7xx_hal_fdcan.c:5554:7
	ldr	r0, [sp, #52]
.Ltmp1079:
	.loc	2 5554 7 is_stmt 0              @ ../Drivers/STM32H7xx_HAL_Driver/Src/stm32h7xx_hal_fdcan.c:5554:7
	cbz	r0, .LBB80_68
	b	.LBB80_65
.LBB80_65:
.Ltmp1080:
	.loc	2 5557 5 is_stmt 1              @ ../Drivers/STM32H7xx_HAL_Driver/Src/stm32h7xx_hal_fdcan.c:5557:5
	b	.LBB80_66
.LBB80_66:
.Ltmp1081:
	.loc	2 5557 5 is_stmt 0              @ ../Drivers/STM32H7xx_HAL_Driver/Src/stm32h7xx_hal_fdcan.c:5557:5
	ldr	r0, [sp, #52]
	movw	r1, #65535
	movt	r1, #16335
	ands	r0, r1
	ldr	r1, [sp, #76]
	ldr	r1, [r1]
	str	r0, [r1, #80]
	ldr	r0, [sp, #52]
	lsrs	r0, r0, #30
	movw	r1, #43024
	movt	r1, #16384
	str	r0, [r1]
	b	.LBB80_67
.Ltmp1082:
.LBB80_67:
	.loc	2 5564 35 is_stmt 1             @ ../Drivers/STM32H7xx_HAL_Driver/Src/stm32h7xx_hal_fdcan.c:5564:35
	ldr	r0, [sp, #76]
	.loc	2 5564 43 is_stmt 0             @ ../Drivers/STM32H7xx_HAL_Driver/Src/stm32h7xx_hal_fdcan.c:5564:43
	ldr	r1, [sp, #52]
	.loc	2 5564 5                        @ ../Drivers/STM32H7xx_HAL_Driver/Src/stm32h7xx_hal_fdcan.c:5564:5
	bl	HAL_FDCAN_ErrorStatusCallback
	.loc	2 5566 3 is_stmt 1              @ ../Drivers/STM32H7xx_HAL_Driver/Src/stm32h7xx_hal_fdcan.c:5566:3
	b	.LBB80_68
.Ltmp1083:
.LBB80_68:
	.loc	2 5569 7                        @ ../Drivers/STM32H7xx_HAL_Driver/Src/stm32h7xx_hal_fdcan.c:5569:7
	ldr	r0, [sp, #56]
.Ltmp1084:
	.loc	2 5569 7 is_stmt 0              @ ../Drivers/STM32H7xx_HAL_Driver/Src/stm32h7xx_hal_fdcan.c:5569:7
	cbz	r0, .LBB80_72
	b	.LBB80_69
.LBB80_69:
.Ltmp1085:
	.loc	2 5572 5 is_stmt 1              @ ../Drivers/STM32H7xx_HAL_Driver/Src/stm32h7xx_hal_fdcan.c:5572:5
	b	.LBB80_70
.LBB80_70:
.Ltmp1086:
	.loc	2 5572 5 is_stmt 0              @ ../Drivers/STM32H7xx_HAL_Driver/Src/stm32h7xx_hal_fdcan.c:5572:5
	ldr	r0, [sp, #56]
	movw	r1, #65535
	movt	r1, #16335
	ands	r0, r1
	ldr	r1, [sp, #76]
	ldr	r1, [r1]
	str	r0, [r1, #80]
	ldr	r0, [sp, #56]
	lsrs	r0, r0, #30
	movw	r1, #43024
	movt	r1, #16384
	str	r0, [r1]
	b	.LBB80_71
.Ltmp1087:
.LBB80_71:
	.loc	2 5575 26 is_stmt 1             @ ../Drivers/STM32H7xx_HAL_Driver/Src/stm32h7xx_hal_fdcan.c:5575:26
	ldr	r2, [sp, #56]
	.loc	2 5575 5 is_stmt 0              @ ../Drivers/STM32H7xx_HAL_Driver/Src/stm32h7xx_hal_fdcan.c:5575:5
	ldr	r1, [sp, #76]
	.loc	2 5575 23                       @ ../Drivers/STM32H7xx_HAL_Driver/Src/stm32h7xx_hal_fdcan.c:5575:23
	ldr.w	r0, [r1, #156]
	orrs	r0, r2
	str.w	r0, [r1, #156]
	.loc	2 5576 3 is_stmt 1              @ ../Drivers/STM32H7xx_HAL_Driver/Src/stm32h7xx_hal_fdcan.c:5576:3
	b	.LBB80_72
.Ltmp1088:
.LBB80_72:
	.loc	2 5578 7                        @ ../Drivers/STM32H7xx_HAL_Driver/Src/stm32h7xx_hal_fdcan.c:5578:7
	ldr	r0, [sp, #76]
	.loc	2 5578 15 is_stmt 0             @ ../Drivers/STM32H7xx_HAL_Driver/Src/stm32h7xx_hal_fdcan.c:5578:15
	ldr	r0, [r0]
	movw	r1, #40960
	movt	r1, #16384
.Ltmp1089:
	.loc	2 5578 7                        @ ../Drivers/STM32H7xx_HAL_Driver/Src/stm32h7xx_hal_fdcan.c:5578:7
	cmp	r0, r1
	bne.w	.LBB80_90
	b	.LBB80_73
.LBB80_73:
.Ltmp1090:
	.loc	2 5580 10 is_stmt 1             @ ../Drivers/STM32H7xx_HAL_Driver/Src/stm32h7xx_hal_fdcan.c:5580:10
	ldr	r0, [sp, #76]
	.loc	2 5580 18 is_stmt 0             @ ../Drivers/STM32H7xx_HAL_Driver/Src/stm32h7xx_hal_fdcan.c:5580:18
	ldr	r0, [r0, #4]
	.loc	2 5580 25                       @ ../Drivers/STM32H7xx_HAL_Driver/Src/stm32h7xx_hal_fdcan.c:5580:25
	ldr	r0, [r0, #8]
.Ltmp1091:
	.loc	2 5580 9                        @ ../Drivers/STM32H7xx_HAL_Driver/Src/stm32h7xx_hal_fdcan.c:5580:9
	lsls	r0, r0, #30
	cmp	r0, #0
	beq.w	.LBB80_89
	b	.LBB80_74
.LBB80_74:
.Ltmp1092:
	.loc	2 5582 24 is_stmt 1             @ ../Drivers/STM32H7xx_HAL_Driver/Src/stm32h7xx_hal_fdcan.c:5582:24
	ldr	r0, [sp, #76]
	.loc	2 5582 32 is_stmt 0             @ ../Drivers/STM32H7xx_HAL_Driver/Src/stm32h7xx_hal_fdcan.c:5582:32
	ldr	r0, [r0, #4]
	.loc	2 5582 39                       @ ../Drivers/STM32H7xx_HAL_Driver/Src/stm32h7xx_hal_fdcan.c:5582:39
	ldr	r0, [r0, #32]
	.loc	2 5582 44                       @ ../Drivers/STM32H7xx_HAL_Driver/Src/stm32h7xx_hal_fdcan.c:5582:44
	and	r0, r0, #15
	.loc	2 5582 22                       @ ../Drivers/STM32H7xx_HAL_Driver/Src/stm32h7xx_hal_fdcan.c:5582:22
	str	r0, [sp, #40]
	.loc	2 5583 25 is_stmt 1             @ ../Drivers/STM32H7xx_HAL_Driver/Src/stm32h7xx_hal_fdcan.c:5583:25
	ldr	r0, [sp, #76]
	.loc	2 5583 33 is_stmt 0             @ ../Drivers/STM32H7xx_HAL_Driver/Src/stm32h7xx_hal_fdcan.c:5583:33
	ldr	r0, [r0, #4]
	.loc	2 5583 40                       @ ../Drivers/STM32H7xx_HAL_Driver/Src/stm32h7xx_hal_fdcan.c:5583:40
	ldr	r1, [r0, #36]
	.loc	2 5583 22                       @ ../Drivers/STM32H7xx_HAL_Driver/Src/stm32h7xx_hal_fdcan.c:5583:22
	ldr	r0, [sp, #40]
	ands	r0, r1
	str	r0, [sp, #40]
	.loc	2 5584 23 is_stmt 1             @ ../Drivers/STM32H7xx_HAL_Driver/Src/stm32h7xx_hal_fdcan.c:5584:23
	ldr	r0, [sp, #76]
	.loc	2 5584 31 is_stmt 0             @ ../Drivers/STM32H7xx_HAL_Driver/Src/stm32h7xx_hal_fdcan.c:5584:31
	ldr	r0, [r0, #4]
	.loc	2 5584 38                       @ ../Drivers/STM32H7xx_HAL_Driver/Src/stm32h7xx_hal_fdcan.c:5584:38
	ldr	r0, [r0, #32]
	.loc	2 5584 43                       @ ../Drivers/STM32H7xx_HAL_Driver/Src/stm32h7xx_hal_fdcan.c:5584:43
	and	r0, r0, #48
	.loc	2 5584 21                       @ ../Drivers/STM32H7xx_HAL_Driver/Src/stm32h7xx_hal_fdcan.c:5584:21
	str	r0, [sp, #36]
	.loc	2 5585 24 is_stmt 1             @ ../Drivers/STM32H7xx_HAL_Driver/Src/stm32h7xx_hal_fdcan.c:5585:24
	ldr	r0, [sp, #76]
	.loc	2 5585 32 is_stmt 0             @ ../Drivers/STM32H7xx_HAL_Driver/Src/stm32h7xx_hal_fdcan.c:5585:32
	ldr	r0, [r0, #4]
	.loc	2 5585 39                       @ ../Drivers/STM32H7xx_HAL_Driver/Src/stm32h7xx_hal_fdcan.c:5585:39
	ldr	r1, [r0, #36]
	.loc	2 5585 21                       @ ../Drivers/STM32H7xx_HAL_Driver/Src/stm32h7xx_hal_fdcan.c:5585:21
	ldr	r0, [sp, #36]
	ands	r0, r1
	str	r0, [sp, #36]
	.loc	2 5586 23 is_stmt 1             @ ../Drivers/STM32H7xx_HAL_Driver/Src/stm32h7xx_hal_fdcan.c:5586:23
	ldr	r0, [sp, #76]
	.loc	2 5586 31 is_stmt 0             @ ../Drivers/STM32H7xx_HAL_Driver/Src/stm32h7xx_hal_fdcan.c:5586:31
	ldr	r0, [r0, #4]
	.loc	2 5586 38                       @ ../Drivers/STM32H7xx_HAL_Driver/Src/stm32h7xx_hal_fdcan.c:5586:38
	ldr	r0, [r0, #32]
	.loc	2 5586 43                       @ ../Drivers/STM32H7xx_HAL_Driver/Src/stm32h7xx_hal_fdcan.c:5586:43
	and	r0, r0, #384
	.loc	2 5586 21                       @ ../Drivers/STM32H7xx_HAL_Driver/Src/stm32h7xx_hal_fdcan.c:5586:21
	str	r0, [sp, #32]
	.loc	2 5587 24 is_stmt 1             @ ../Drivers/STM32H7xx_HAL_Driver/Src/stm32h7xx_hal_fdcan.c:5587:24
	ldr	r0, [sp, #76]
	.loc	2 5587 32 is_stmt 0             @ ../Drivers/STM32H7xx_HAL_Driver/Src/stm32h7xx_hal_fdcan.c:5587:32
	ldr	r0, [r0, #4]
	.loc	2 5587 39                       @ ../Drivers/STM32H7xx_HAL_Driver/Src/stm32h7xx_hal_fdcan.c:5587:39
	ldr	r1, [r0, #36]
	.loc	2 5587 21                       @ ../Drivers/STM32H7xx_HAL_Driver/Src/stm32h7xx_hal_fdcan.c:5587:21
	ldr	r0, [sp, #32]
	ands	r0, r1
	str	r0, [sp, #32]
	.loc	2 5588 22 is_stmt 1             @ ../Drivers/STM32H7xx_HAL_Driver/Src/stm32h7xx_hal_fdcan.c:5588:22
	ldr	r0, [sp, #76]
	.loc	2 5588 30 is_stmt 0             @ ../Drivers/STM32H7xx_HAL_Driver/Src/stm32h7xx_hal_fdcan.c:5588:30
	ldr	r0, [r0, #4]
	.loc	2 5588 37                       @ ../Drivers/STM32H7xx_HAL_Driver/Src/stm32h7xx_hal_fdcan.c:5588:37
	ldr	r0, [r0, #32]
	.loc	2 5588 42                       @ ../Drivers/STM32H7xx_HAL_Driver/Src/stm32h7xx_hal_fdcan.c:5588:42
	and	r0, r0, #32256
	.loc	2 5588 20                       @ ../Drivers/STM32H7xx_HAL_Driver/Src/stm32h7xx_hal_fdcan.c:5588:20
	str	r0, [sp, #28]
	.loc	2 5589 23 is_stmt 1             @ ../Drivers/STM32H7xx_HAL_Driver/Src/stm32h7xx_hal_fdcan.c:5589:23
	ldr	r0, [sp, #76]
	.loc	2 5589 31 is_stmt 0             @ ../Drivers/STM32H7xx_HAL_Driver/Src/stm32h7xx_hal_fdcan.c:5589:31
	ldr	r0, [r0, #4]
	.loc	2 5589 38                       @ ../Drivers/STM32H7xx_HAL_Driver/Src/stm32h7xx_hal_fdcan.c:5589:38
	ldr	r1, [r0, #36]
	.loc	2 5589 20                       @ ../Drivers/STM32H7xx_HAL_Driver/Src/stm32h7xx_hal_fdcan.c:5589:20
	ldr	r0, [sp, #28]
	ands	r0, r1
	str	r0, [sp, #28]
	.loc	2 5590 23 is_stmt 1             @ ../Drivers/STM32H7xx_HAL_Driver/Src/stm32h7xx_hal_fdcan.c:5590:23
	ldr	r0, [sp, #76]
	.loc	2 5590 31 is_stmt 0             @ ../Drivers/STM32H7xx_HAL_Driver/Src/stm32h7xx_hal_fdcan.c:5590:31
	ldr	r0, [r0, #4]
	.loc	2 5590 38                       @ ../Drivers/STM32H7xx_HAL_Driver/Src/stm32h7xx_hal_fdcan.c:5590:38
	ldr	r0, [r0, #32]
	.loc	2 5590 43                       @ ../Drivers/STM32H7xx_HAL_Driver/Src/stm32h7xx_hal_fdcan.c:5590:43
	and	r0, r0, #491520
	.loc	2 5590 21                       @ ../Drivers/STM32H7xx_HAL_Driver/Src/stm32h7xx_hal_fdcan.c:5590:21
	str	r0, [sp, #24]
	.loc	2 5591 24 is_stmt 1             @ ../Drivers/STM32H7xx_HAL_Driver/Src/stm32h7xx_hal_fdcan.c:5591:24
	ldr	r0, [sp, #76]
	.loc	2 5591 32 is_stmt 0             @ ../Drivers/STM32H7xx_HAL_Driver/Src/stm32h7xx_hal_fdcan.c:5591:32
	ldr	r0, [r0, #4]
	.loc	2 5591 39                       @ ../Drivers/STM32H7xx_HAL_Driver/Src/stm32h7xx_hal_fdcan.c:5591:39
	ldr	r1, [r0, #36]
	.loc	2 5591 21                       @ ../Drivers/STM32H7xx_HAL_Driver/Src/stm32h7xx_hal_fdcan.c:5591:21
	ldr	r0, [sp, #24]
	ands	r0, r1
	str	r0, [sp, #24]
	.loc	2 5592 22 is_stmt 1             @ ../Drivers/STM32H7xx_HAL_Driver/Src/stm32h7xx_hal_fdcan.c:5592:22
	ldr	r0, [sp, #76]
	.loc	2 5592 30 is_stmt 0             @ ../Drivers/STM32H7xx_HAL_Driver/Src/stm32h7xx_hal_fdcan.c:5592:30
	ldr	r0, [r0, #4]
	.loc	2 5592 37                       @ ../Drivers/STM32H7xx_HAL_Driver/Src/stm32h7xx_hal_fdcan.c:5592:37
	ldr	r0, [r0, #36]
	.loc	2 5592 20                       @ ../Drivers/STM32H7xx_HAL_Driver/Src/stm32h7xx_hal_fdcan.c:5592:20
	str	r0, [sp, #8]
	.loc	2 5593 20 is_stmt 1             @ ../Drivers/STM32H7xx_HAL_Driver/Src/stm32h7xx_hal_fdcan.c:5593:20
	ldr	r0, [sp, #76]
	.loc	2 5593 28 is_stmt 0             @ ../Drivers/STM32H7xx_HAL_Driver/Src/stm32h7xx_hal_fdcan.c:5593:28
	ldr	r0, [r0, #4]
	.loc	2 5593 35                       @ ../Drivers/STM32H7xx_HAL_Driver/Src/stm32h7xx_hal_fdcan.c:5593:35
	ldr	r0, [r0, #32]
	.loc	2 5593 18                       @ ../Drivers/STM32H7xx_HAL_Driver/Src/stm32h7xx_hal_fdcan.c:5593:18
	str	r0, [sp]
.Ltmp1093:
	.loc	2 5596 11 is_stmt 1             @ ../Drivers/STM32H7xx_HAL_Driver/Src/stm32h7xx_hal_fdcan.c:5596:11
	ldr	r0, [sp, #40]
.Ltmp1094:
	.loc	2 5596 11 is_stmt 0             @ ../Drivers/STM32H7xx_HAL_Driver/Src/stm32h7xx_hal_fdcan.c:5596:11
	cbz	r0, .LBB80_76
	b	.LBB80_75
.LBB80_75:
.Ltmp1095:
	.loc	2 5599 9 is_stmt 1              @ ../Drivers/STM32H7xx_HAL_Driver/Src/stm32h7xx_hal_fdcan.c:5599:9
	ldr	r0, [sp, #40]
	ldr	r1, [sp, #76]
	ldr	r1, [r1, #4]
	str	r0, [r1, #32]
	.loc	2 5606 43                       @ ../Drivers/STM32H7xx_HAL_Driver/Src/stm32h7xx_hal_fdcan.c:5606:43
	ldr	r0, [sp, #76]
	.loc	2 5606 51 is_stmt 0             @ ../Drivers/STM32H7xx_HAL_Driver/Src/stm32h7xx_hal_fdcan.c:5606:51
	ldr	r1, [sp, #40]
	.loc	2 5606 9                        @ ../Drivers/STM32H7xx_HAL_Driver/Src/stm32h7xx_hal_fdcan.c:5606:9
	bl	HAL_FDCAN_TT_ScheduleSyncCallback
	.loc	2 5608 7 is_stmt 1              @ ../Drivers/STM32H7xx_HAL_Driver/Src/stm32h7xx_hal_fdcan.c:5608:7
	b	.LBB80_76
.Ltmp1096:
.LBB80_76:
	.loc	2 5611 11                       @ ../Drivers/STM32H7xx_HAL_Driver/Src/stm32h7xx_hal_fdcan.c:5611:11
	ldr	r0, [sp, #36]
.Ltmp1097:
	.loc	2 5611 11 is_stmt 0             @ ../Drivers/STM32H7xx_HAL_Driver/Src/stm32h7xx_hal_fdcan.c:5611:11
	cbz	r0, .LBB80_78
	b	.LBB80_77
.LBB80_77:
.Ltmp1098:
	.loc	2 5614 9 is_stmt 1              @ ../Drivers/STM32H7xx_HAL_Driver/Src/stm32h7xx_hal_fdcan.c:5614:9
	ldr	r0, [sp, #36]
	ldr	r1, [sp, #76]
	ldr	r1, [r1, #4]
	str	r0, [r1, #32]
	.loc	2 5621 39                       @ ../Drivers/STM32H7xx_HAL_Driver/Src/stm32h7xx_hal_fdcan.c:5621:39
	ldr	r0, [sp, #76]
	.loc	2 5621 47 is_stmt 0             @ ../Drivers/STM32H7xx_HAL_Driver/Src/stm32h7xx_hal_fdcan.c:5621:47
	ldr	r1, [sp, #36]
	.loc	2 5621 9                        @ ../Drivers/STM32H7xx_HAL_Driver/Src/stm32h7xx_hal_fdcan.c:5621:9
	bl	HAL_FDCAN_TT_TimeMarkCallback
	.loc	2 5623 7 is_stmt 1              @ ../Drivers/STM32H7xx_HAL_Driver/Src/stm32h7xx_hal_fdcan.c:5623:7
	b	.LBB80_78
.Ltmp1099:
.LBB80_78:
	.loc	2 5626 11                       @ ../Drivers/STM32H7xx_HAL_Driver/Src/stm32h7xx_hal_fdcan.c:5626:11
	ldrb.w	r0, [sp, #8]
	and	r1, r0, #64
	movs	r0, #0
.Ltmp1100:
	.loc	2 5626 11 is_stmt 0             @ ../Drivers/STM32H7xx_HAL_Driver/Src/stm32h7xx_hal_fdcan.c:5626:11
	cmp.w	r0, r1, lsr #6
	beq	.LBB80_82
	b	.LBB80_79
.LBB80_79:
.Ltmp1101:
	.loc	2 5628 13 is_stmt 1             @ ../Drivers/STM32H7xx_HAL_Driver/Src/stm32h7xx_hal_fdcan.c:5628:13
	ldrb.w	r0, [sp]
	and	r1, r0, #64
	movs	r0, #0
.Ltmp1102:
	.loc	2 5628 13 is_stmt 0             @ ../Drivers/STM32H7xx_HAL_Driver/Src/stm32h7xx_hal_fdcan.c:5628:13
	cmp.w	r0, r1, lsr #6
	beq	.LBB80_81
	b	.LBB80_80
.LBB80_80:
.Ltmp1103:
	.loc	2 5631 22 is_stmt 1             @ ../Drivers/STM32H7xx_HAL_Driver/Src/stm32h7xx_hal_fdcan.c:5631:22
	ldr	r0, [sp, #76]
	.loc	2 5631 30 is_stmt 0             @ ../Drivers/STM32H7xx_HAL_Driver/Src/stm32h7xx_hal_fdcan.c:5631:30
	ldr	r0, [r0, #4]
	.loc	2 5631 37                       @ ../Drivers/STM32H7xx_HAL_Driver/Src/stm32h7xx_hal_fdcan.c:5631:37
	ldr	r0, [r0, #60]
	.loc	2 5631 62                       @ ../Drivers/STM32H7xx_HAL_Driver/Src/stm32h7xx_hal_fdcan.c:5631:62
	lsrs	r0, r0, #16
	.loc	2 5631 18                       @ ../Drivers/STM32H7xx_HAL_Driver/Src/stm32h7xx_hal_fdcan.c:5631:18
	str	r0, [sp, #20]
	.loc	2 5632 28 is_stmt 1             @ ../Drivers/STM32H7xx_HAL_Driver/Src/stm32h7xx_hal_fdcan.c:5632:28
	ldr	r0, [sp, #76]
	.loc	2 5632 36 is_stmt 0             @ ../Drivers/STM32H7xx_HAL_Driver/Src/stm32h7xx_hal_fdcan.c:5632:36
	ldr	r0, [r0, #4]
	.loc	2 5632 43                       @ ../Drivers/STM32H7xx_HAL_Driver/Src/stm32h7xx_hal_fdcan.c:5632:43
	ldr	r0, [r0, #60]
	.loc	2 5632 49                       @ ../Drivers/STM32H7xx_HAL_Driver/Src/stm32h7xx_hal_fdcan.c:5632:49
	and	r0, r0, #63
	.loc	2 5632 24                       @ ../Drivers/STM32H7xx_HAL_Driver/Src/stm32h7xx_hal_fdcan.c:5632:24
	str	r0, [sp, #16]
	.loc	2 5635 11 is_stmt 1             @ ../Drivers/STM32H7xx_HAL_Driver/Src/stm32h7xx_hal_fdcan.c:5635:11
	ldr	r0, [sp, #76]
	ldr	r1, [r0, #4]
	movs	r0, #64
	str	r0, [r1, #32]
	.loc	2 5642 42                       @ ../Drivers/STM32H7xx_HAL_Driver/Src/stm32h7xx_hal_fdcan.c:5642:42
	ldr	r0, [sp, #76]
	.loc	2 5642 50 is_stmt 0             @ ../Drivers/STM32H7xx_HAL_Driver/Src/stm32h7xx_hal_fdcan.c:5642:50
	ldr	r1, [sp, #20]
	.loc	2 5642 58                       @ ../Drivers/STM32H7xx_HAL_Driver/Src/stm32h7xx_hal_fdcan.c:5642:58
	ldr	r2, [sp, #16]
	.loc	2 5642 11                       @ ../Drivers/STM32H7xx_HAL_Driver/Src/stm32h7xx_hal_fdcan.c:5642:11
	bl	HAL_FDCAN_TT_StopWatchCallback
	.loc	2 5644 9 is_stmt 1              @ ../Drivers/STM32H7xx_HAL_Driver/Src/stm32h7xx_hal_fdcan.c:5644:9
	b	.LBB80_81
.Ltmp1104:
.LBB80_81:
	.loc	2 5645 7                        @ ../Drivers/STM32H7xx_HAL_Driver/Src/stm32h7xx_hal_fdcan.c:5645:7
	b	.LBB80_82
.Ltmp1105:
.LBB80_82:
	.loc	2 5648 11                       @ ../Drivers/STM32H7xx_HAL_Driver/Src/stm32h7xx_hal_fdcan.c:5648:11
	ldr	r0, [sp, #32]
.Ltmp1106:
	.loc	2 5648 11 is_stmt 0             @ ../Drivers/STM32H7xx_HAL_Driver/Src/stm32h7xx_hal_fdcan.c:5648:11
	cbz	r0, .LBB80_84
	b	.LBB80_83
.LBB80_83:
.Ltmp1107:
	.loc	2 5651 9 is_stmt 1              @ ../Drivers/STM32H7xx_HAL_Driver/Src/stm32h7xx_hal_fdcan.c:5651:9
	ldr	r0, [sp, #32]
	ldr	r1, [sp, #76]
	ldr	r1, [r1, #4]
	str	r0, [r1, #32]
	.loc	2 5658 41                       @ ../Drivers/STM32H7xx_HAL_Driver/Src/stm32h7xx_hal_fdcan.c:5658:41
	ldr	r0, [sp, #76]
	.loc	2 5658 49 is_stmt 0             @ ../Drivers/STM32H7xx_HAL_Driver/Src/stm32h7xx_hal_fdcan.c:5658:49
	ldr	r1, [sp, #32]
	.loc	2 5658 9                        @ ../Drivers/STM32H7xx_HAL_Driver/Src/stm32h7xx_hal_fdcan.c:5658:9
	bl	HAL_FDCAN_TT_GlobalTimeCallback
	.loc	2 5660 7 is_stmt 1              @ ../Drivers/STM32H7xx_HAL_Driver/Src/stm32h7xx_hal_fdcan.c:5660:7
	b	.LBB80_84
.Ltmp1108:
.LBB80_84:
	.loc	2 5663 11                       @ ../Drivers/STM32H7xx_HAL_Driver/Src/stm32h7xx_hal_fdcan.c:5663:11
	ldr	r0, [sp, #28]
.Ltmp1109:
	.loc	2 5663 11 is_stmt 0             @ ../Drivers/STM32H7xx_HAL_Driver/Src/stm32h7xx_hal_fdcan.c:5663:11
	cbz	r0, .LBB80_86
	b	.LBB80_85
.LBB80_85:
.Ltmp1110:
	.loc	2 5666 9 is_stmt 1              @ ../Drivers/STM32H7xx_HAL_Driver/Src/stm32h7xx_hal_fdcan.c:5666:9
	ldr	r0, [sp, #28]
	ldr	r1, [sp, #76]
	ldr	r1, [r1, #4]
	str	r0, [r1, #32]
	.loc	2 5669 30                       @ ../Drivers/STM32H7xx_HAL_Driver/Src/stm32h7xx_hal_fdcan.c:5669:30
	ldr	r2, [sp, #28]
	.loc	2 5669 9 is_stmt 0              @ ../Drivers/STM32H7xx_HAL_Driver/Src/stm32h7xx_hal_fdcan.c:5669:9
	ldr	r1, [sp, #76]
	.loc	2 5669 27                       @ ../Drivers/STM32H7xx_HAL_Driver/Src/stm32h7xx_hal_fdcan.c:5669:27
	ldr.w	r0, [r1, #156]
	orrs	r0, r2
	str.w	r0, [r1, #156]
	.loc	2 5670 7 is_stmt 1              @ ../Drivers/STM32H7xx_HAL_Driver/Src/stm32h7xx_hal_fdcan.c:5670:7
	b	.LBB80_86
.Ltmp1111:
.LBB80_86:
	.loc	2 5673 11                       @ ../Drivers/STM32H7xx_HAL_Driver/Src/stm32h7xx_hal_fdcan.c:5673:11
	ldr	r0, [sp, #24]
.Ltmp1112:
	.loc	2 5673 11 is_stmt 0             @ ../Drivers/STM32H7xx_HAL_Driver/Src/stm32h7xx_hal_fdcan.c:5673:11
	cbz	r0, .LBB80_88
	b	.LBB80_87
.LBB80_87:
.Ltmp1113:
	.loc	2 5676 9 is_stmt 1              @ ../Drivers/STM32H7xx_HAL_Driver/Src/stm32h7xx_hal_fdcan.c:5676:9
	ldr	r0, [sp, #24]
	ldr	r1, [sp, #76]
	ldr	r1, [r1, #4]
	str	r0, [r1, #32]
	.loc	2 5679 30                       @ ../Drivers/STM32H7xx_HAL_Driver/Src/stm32h7xx_hal_fdcan.c:5679:30
	ldr	r2, [sp, #24]
	.loc	2 5679 9 is_stmt 0              @ ../Drivers/STM32H7xx_HAL_Driver/Src/stm32h7xx_hal_fdcan.c:5679:9
	ldr	r1, [sp, #76]
	.loc	2 5679 27                       @ ../Drivers/STM32H7xx_HAL_Driver/Src/stm32h7xx_hal_fdcan.c:5679:27
	ldr.w	r0, [r1, #156]
	orrs	r0, r2
	str.w	r0, [r1, #156]
	.loc	2 5680 7 is_stmt 1              @ ../Drivers/STM32H7xx_HAL_Driver/Src/stm32h7xx_hal_fdcan.c:5680:7
	b	.LBB80_88
.Ltmp1114:
.LBB80_88:
	.loc	2 5681 5                        @ ../Drivers/STM32H7xx_HAL_Driver/Src/stm32h7xx_hal_fdcan.c:5681:5
	b	.LBB80_89
.Ltmp1115:
.LBB80_89:
	.loc	2 5682 3                        @ ../Drivers/STM32H7xx_HAL_Driver/Src/stm32h7xx_hal_fdcan.c:5682:3
	b	.LBB80_90
.Ltmp1116:
.LBB80_90:
	.loc	2 5684 7                        @ ../Drivers/STM32H7xx_HAL_Driver/Src/stm32h7xx_hal_fdcan.c:5684:7
	ldr	r0, [sp, #76]
	.loc	2 5684 15 is_stmt 0             @ ../Drivers/STM32H7xx_HAL_Driver/Src/stm32h7xx_hal_fdcan.c:5684:15
	ldr.w	r0, [r0, #156]
.Ltmp1117:
	.loc	2 5684 7                        @ ../Drivers/STM32H7xx_HAL_Driver/Src/stm32h7xx_hal_fdcan.c:5684:7
	cbz	r0, .LBB80_92
	b	.LBB80_91
.LBB80_91:
.Ltmp1118:
	.loc	2 5691 29 is_stmt 1             @ ../Drivers/STM32H7xx_HAL_Driver/Src/stm32h7xx_hal_fdcan.c:5691:29
	ldr	r0, [sp, #76]
	.loc	2 5691 5 is_stmt 0              @ ../Drivers/STM32H7xx_HAL_Driver/Src/stm32h7xx_hal_fdcan.c:5691:5
	bl	HAL_FDCAN_ErrorCallback
	.loc	2 5693 3 is_stmt 1              @ ../Drivers/STM32H7xx_HAL_Driver/Src/stm32h7xx_hal_fdcan.c:5693:3
	b	.LBB80_92
.Ltmp1119:
.LBB80_92:
	.loc	2 5694 1 epilogue_begin         @ ../Drivers/STM32H7xx_HAL_Driver/Src/stm32h7xx_hal_fdcan.c:5694:1
	add	sp, #80
	pop	{r7, pc}
.Ltmp1120:
.Lfunc_end80:
	.size	HAL_FDCAN_IRQHandler, .Lfunc_end80-HAL_FDCAN_IRQHandler
	.cfi_endproc
	.cantunwind
	.fnend
                                        @ -- End function
	.section	.text.HAL_FDCAN_HighPriorityMessageCallback,"ax",%progbits
	.hidden	HAL_FDCAN_HighPriorityMessageCallback @ -- Begin function HAL_FDCAN_HighPriorityMessageCallback
	.weak	HAL_FDCAN_HighPriorityMessageCallback
	.p2align	3
	.type	HAL_FDCAN_HighPriorityMessageCallback,%function
	.code	16                              @ @HAL_FDCAN_HighPriorityMessageCallback
	.thumb_func
HAL_FDCAN_HighPriorityMessageCallback:
.Lfunc_begin81:
	.loc	2 5916 0                        @ ../Drivers/STM32H7xx_HAL_Driver/Src/stm32h7xx_hal_fdcan.c:5916:0
	.fnstart
	.cfi_startproc
@ %bb.0:
	.pad	#4
	sub	sp, #4
	.cfi_def_cfa_offset 4
	str	r0, [sp]
.Ltmp1121:
	.loc	2 5923 1 prologue_end epilogue_begin @ ../Drivers/STM32H7xx_HAL_Driver/Src/stm32h7xx_hal_fdcan.c:5923:1
	add	sp, #4
	bx	lr
.Ltmp1122:
.Lfunc_end81:
	.size	HAL_FDCAN_HighPriorityMessageCallback, .Lfunc_end81-HAL_FDCAN_HighPriorityMessageCallback
	.cfi_endproc
	.cantunwind
	.fnend
                                        @ -- End function
	.section	.text.HAL_FDCAN_TxBufferAbortCallback,"ax",%progbits
	.hidden	HAL_FDCAN_TxBufferAbortCallback @ -- Begin function HAL_FDCAN_TxBufferAbortCallback
	.weak	HAL_FDCAN_TxBufferAbortCallback
	.p2align	3
	.type	HAL_FDCAN_TxBufferAbortCallback,%function
	.code	16                              @ @HAL_FDCAN_TxBufferAbortCallback
	.thumb_func
HAL_FDCAN_TxBufferAbortCallback:
.Lfunc_begin82:
	.loc	2 5851 0                        @ ../Drivers/STM32H7xx_HAL_Driver/Src/stm32h7xx_hal_fdcan.c:5851:0
	.fnstart
	.cfi_startproc
@ %bb.0:
	.pad	#8
	sub	sp, #8
	.cfi_def_cfa_offset 8
	str	r0, [sp, #4]
	str	r1, [sp]
.Ltmp1123:
	.loc	2 5859 1 prologue_end epilogue_begin @ ../Drivers/STM32H7xx_HAL_Driver/Src/stm32h7xx_hal_fdcan.c:5859:1
	add	sp, #8
	bx	lr
.Ltmp1124:
.Lfunc_end82:
	.size	HAL_FDCAN_TxBufferAbortCallback, .Lfunc_end82-HAL_FDCAN_TxBufferAbortCallback
	.cfi_endproc
	.cantunwind
	.fnend
                                        @ -- End function
	.section	.text.HAL_FDCAN_ClockCalibrationCallback,"ax",%progbits
	.hidden	HAL_FDCAN_ClockCalibrationCallback @ -- Begin function HAL_FDCAN_ClockCalibrationCallback
	.weak	HAL_FDCAN_ClockCalibrationCallback
	.p2align	3
	.type	HAL_FDCAN_ClockCalibrationCallback,%function
	.code	16                              @ @HAL_FDCAN_ClockCalibrationCallback
	.thumb_func
HAL_FDCAN_ClockCalibrationCallback:
.Lfunc_begin83:
	.loc	2 5740 0                        @ ../Drivers/STM32H7xx_HAL_Driver/Src/stm32h7xx_hal_fdcan.c:5740:0
	.fnstart
	.cfi_startproc
@ %bb.0:
	.pad	#8
	sub	sp, #8
	.cfi_def_cfa_offset 8
	str	r0, [sp, #4]
	str	r1, [sp]
.Ltmp1125:
	.loc	2 5748 1 prologue_end epilogue_begin @ ../Drivers/STM32H7xx_HAL_Driver/Src/stm32h7xx_hal_fdcan.c:5748:1
	add	sp, #8
	bx	lr
.Ltmp1126:
.Lfunc_end83:
	.size	HAL_FDCAN_ClockCalibrationCallback, .Lfunc_end83-HAL_FDCAN_ClockCalibrationCallback
	.cfi_endproc
	.cantunwind
	.fnend
                                        @ -- End function
	.section	.text.HAL_FDCAN_TxEventFifoCallback,"ax",%progbits
	.hidden	HAL_FDCAN_TxEventFifoCallback   @ -- Begin function HAL_FDCAN_TxEventFifoCallback
	.weak	HAL_FDCAN_TxEventFifoCallback
	.p2align	3
	.type	HAL_FDCAN_TxEventFifoCallback,%function
	.code	16                              @ @HAL_FDCAN_TxEventFifoCallback
	.thumb_func
HAL_FDCAN_TxEventFifoCallback:
.Lfunc_begin84:
	.loc	2 5759 0                        @ ../Drivers/STM32H7xx_HAL_Driver/Src/stm32h7xx_hal_fdcan.c:5759:0
	.fnstart
	.cfi_startproc
@ %bb.0:
	.pad	#8
	sub	sp, #8
	.cfi_def_cfa_offset 8
	str	r0, [sp, #4]
	str	r1, [sp]
.Ltmp1127:
	.loc	2 5767 1 prologue_end epilogue_begin @ ../Drivers/STM32H7xx_HAL_Driver/Src/stm32h7xx_hal_fdcan.c:5767:1
	add	sp, #8
	bx	lr
.Ltmp1128:
.Lfunc_end84:
	.size	HAL_FDCAN_TxEventFifoCallback, .Lfunc_end84-HAL_FDCAN_TxEventFifoCallback
	.cfi_endproc
	.cantunwind
	.fnend
                                        @ -- End function
	.section	.text.HAL_FDCAN_RxFifo0Callback,"ax",%progbits
	.hidden	HAL_FDCAN_RxFifo0Callback       @ -- Begin function HAL_FDCAN_RxFifo0Callback
	.weak	HAL_FDCAN_RxFifo0Callback
	.p2align	3
	.type	HAL_FDCAN_RxFifo0Callback,%function
	.code	16                              @ @HAL_FDCAN_RxFifo0Callback
	.thumb_func
HAL_FDCAN_RxFifo0Callback:
.Lfunc_begin85:
	.loc	2 5778 0                        @ ../Drivers/STM32H7xx_HAL_Driver/Src/stm32h7xx_hal_fdcan.c:5778:0
	.fnstart
	.cfi_startproc
@ %bb.0:
	.pad	#8
	sub	sp, #8
	.cfi_def_cfa_offset 8
	str	r0, [sp, #4]
	str	r1, [sp]
.Ltmp1129:
	.loc	2 5786 1 prologue_end epilogue_begin @ ../Drivers/STM32H7xx_HAL_Driver/Src/stm32h7xx_hal_fdcan.c:5786:1
	add	sp, #8
	bx	lr
.Ltmp1130:
.Lfunc_end85:
	.size	HAL_FDCAN_RxFifo0Callback, .Lfunc_end85-HAL_FDCAN_RxFifo0Callback
	.cfi_endproc
	.cantunwind
	.fnend
                                        @ -- End function
	.section	.text.HAL_FDCAN_RxFifo1Callback,"ax",%progbits
	.hidden	HAL_FDCAN_RxFifo1Callback       @ -- Begin function HAL_FDCAN_RxFifo1Callback
	.weak	HAL_FDCAN_RxFifo1Callback
	.p2align	3
	.type	HAL_FDCAN_RxFifo1Callback,%function
	.code	16                              @ @HAL_FDCAN_RxFifo1Callback
	.thumb_func
HAL_FDCAN_RxFifo1Callback:
.Lfunc_begin86:
	.loc	2 5797 0                        @ ../Drivers/STM32H7xx_HAL_Driver/Src/stm32h7xx_hal_fdcan.c:5797:0
	.fnstart
	.cfi_startproc
@ %bb.0:
	.pad	#8
	sub	sp, #8
	.cfi_def_cfa_offset 8
	str	r0, [sp, #4]
	str	r1, [sp]
.Ltmp1131:
	.loc	2 5805 1 prologue_end epilogue_begin @ ../Drivers/STM32H7xx_HAL_Driver/Src/stm32h7xx_hal_fdcan.c:5805:1
	add	sp, #8
	bx	lr
.Ltmp1132:
.Lfunc_end86:
	.size	HAL_FDCAN_RxFifo1Callback, .Lfunc_end86-HAL_FDCAN_RxFifo1Callback
	.cfi_endproc
	.cantunwind
	.fnend
                                        @ -- End function
	.section	.text.HAL_FDCAN_TxFifoEmptyCallback,"ax",%progbits
	.hidden	HAL_FDCAN_TxFifoEmptyCallback   @ -- Begin function HAL_FDCAN_TxFifoEmptyCallback
	.weak	HAL_FDCAN_TxFifoEmptyCallback
	.p2align	3
	.type	HAL_FDCAN_TxFifoEmptyCallback,%function
	.code	16                              @ @HAL_FDCAN_TxFifoEmptyCallback
	.thumb_func
HAL_FDCAN_TxFifoEmptyCallback:
.Lfunc_begin87:
	.loc	2 5814 0                        @ ../Drivers/STM32H7xx_HAL_Driver/Src/stm32h7xx_hal_fdcan.c:5814:0
	.fnstart
	.cfi_startproc
@ %bb.0:
	.pad	#4
	sub	sp, #4
	.cfi_def_cfa_offset 4
	str	r0, [sp]
.Ltmp1133:
	.loc	2 5821 1 prologue_end epilogue_begin @ ../Drivers/STM32H7xx_HAL_Driver/Src/stm32h7xx_hal_fdcan.c:5821:1
	add	sp, #4
	bx	lr
.Ltmp1134:
.Lfunc_end87:
	.size	HAL_FDCAN_TxFifoEmptyCallback, .Lfunc_end87-HAL_FDCAN_TxFifoEmptyCallback
	.cfi_endproc
	.cantunwind
	.fnend
                                        @ -- End function
	.section	.text.HAL_FDCAN_TxBufferCompleteCallback,"ax",%progbits
	.hidden	HAL_FDCAN_TxBufferCompleteCallback @ -- Begin function HAL_FDCAN_TxBufferCompleteCallback
	.weak	HAL_FDCAN_TxBufferCompleteCallback
	.p2align	3
	.type	HAL_FDCAN_TxBufferCompleteCallback,%function
	.code	16                              @ @HAL_FDCAN_TxBufferCompleteCallback
	.thumb_func
HAL_FDCAN_TxBufferCompleteCallback:
.Lfunc_begin88:
	.loc	2 5832 0                        @ ../Drivers/STM32H7xx_HAL_Driver/Src/stm32h7xx_hal_fdcan.c:5832:0
	.fnstart
	.cfi_startproc
@ %bb.0:
	.pad	#8
	sub	sp, #8
	.cfi_def_cfa_offset 8
	str	r0, [sp, #4]
	str	r1, [sp]
.Ltmp1135:
	.loc	2 5840 1 prologue_end epilogue_begin @ ../Drivers/STM32H7xx_HAL_Driver/Src/stm32h7xx_hal_fdcan.c:5840:1
	add	sp, #8
	bx	lr
.Ltmp1136:
.Lfunc_end88:
	.size	HAL_FDCAN_TxBufferCompleteCallback, .Lfunc_end88-HAL_FDCAN_TxBufferCompleteCallback
	.cfi_endproc
	.cantunwind
	.fnend
                                        @ -- End function
	.section	.text.HAL_FDCAN_RxBufferNewMessageCallback,"ax",%progbits
	.hidden	HAL_FDCAN_RxBufferNewMessageCallback @ -- Begin function HAL_FDCAN_RxBufferNewMessageCallback
	.weak	HAL_FDCAN_RxBufferNewMessageCallback
	.p2align	3
	.type	HAL_FDCAN_RxBufferNewMessageCallback,%function
	.code	16                              @ @HAL_FDCAN_RxBufferNewMessageCallback
	.thumb_func
HAL_FDCAN_RxBufferNewMessageCallback:
.Lfunc_begin89:
	.loc	2 5868 0                        @ ../Drivers/STM32H7xx_HAL_Driver/Src/stm32h7xx_hal_fdcan.c:5868:0
	.fnstart
	.cfi_startproc
@ %bb.0:
	.pad	#4
	sub	sp, #4
	.cfi_def_cfa_offset 4
	str	r0, [sp]
.Ltmp1137:
	.loc	2 5875 1 prologue_end epilogue_begin @ ../Drivers/STM32H7xx_HAL_Driver/Src/stm32h7xx_hal_fdcan.c:5875:1
	add	sp, #4
	bx	lr
.Ltmp1138:
.Lfunc_end89:
	.size	HAL_FDCAN_RxBufferNewMessageCallback, .Lfunc_end89-HAL_FDCAN_RxBufferNewMessageCallback
	.cfi_endproc
	.cantunwind
	.fnend
                                        @ -- End function
	.section	.text.HAL_FDCAN_TimestampWraparoundCallback,"ax",%progbits
	.hidden	HAL_FDCAN_TimestampWraparoundCallback @ -- Begin function HAL_FDCAN_TimestampWraparoundCallback
	.weak	HAL_FDCAN_TimestampWraparoundCallback
	.p2align	3
	.type	HAL_FDCAN_TimestampWraparoundCallback,%function
	.code	16                              @ @HAL_FDCAN_TimestampWraparoundCallback
	.thumb_func
HAL_FDCAN_TimestampWraparoundCallback:
.Lfunc_begin90:
	.loc	2 5884 0                        @ ../Drivers/STM32H7xx_HAL_Driver/Src/stm32h7xx_hal_fdcan.c:5884:0
	.fnstart
	.cfi_startproc
@ %bb.0:
	.pad	#4
	sub	sp, #4
	.cfi_def_cfa_offset 4
	str	r0, [sp]
.Ltmp1139:
	.loc	2 5891 1 prologue_end epilogue_begin @ ../Drivers/STM32H7xx_HAL_Driver/Src/stm32h7xx_hal_fdcan.c:5891:1
	add	sp, #4
	bx	lr
.Ltmp1140:
.Lfunc_end90:
	.size	HAL_FDCAN_TimestampWraparoundCallback, .Lfunc_end90-HAL_FDCAN_TimestampWraparoundCallback
	.cfi_endproc
	.cantunwind
	.fnend
                                        @ -- End function
	.section	.text.HAL_FDCAN_TimeoutOccurredCallback,"ax",%progbits
	.hidden	HAL_FDCAN_TimeoutOccurredCallback @ -- Begin function HAL_FDCAN_TimeoutOccurredCallback
	.weak	HAL_FDCAN_TimeoutOccurredCallback
	.p2align	3
	.type	HAL_FDCAN_TimeoutOccurredCallback,%function
	.code	16                              @ @HAL_FDCAN_TimeoutOccurredCallback
	.thumb_func
HAL_FDCAN_TimeoutOccurredCallback:
.Lfunc_begin91:
	.loc	2 5900 0                        @ ../Drivers/STM32H7xx_HAL_Driver/Src/stm32h7xx_hal_fdcan.c:5900:0
	.fnstart
	.cfi_startproc
@ %bb.0:
	.pad	#4
	sub	sp, #4
	.cfi_def_cfa_offset 4
	str	r0, [sp]
.Ltmp1141:
	.loc	2 5907 1 prologue_end epilogue_begin @ ../Drivers/STM32H7xx_HAL_Driver/Src/stm32h7xx_hal_fdcan.c:5907:1
	add	sp, #4
	bx	lr
.Ltmp1142:
.Lfunc_end91:
	.size	HAL_FDCAN_TimeoutOccurredCallback, .Lfunc_end91-HAL_FDCAN_TimeoutOccurredCallback
	.cfi_endproc
	.cantunwind
	.fnend
                                        @ -- End function
	.section	.text.HAL_FDCAN_ErrorStatusCallback,"ax",%progbits
	.hidden	HAL_FDCAN_ErrorStatusCallback   @ -- Begin function HAL_FDCAN_ErrorStatusCallback
	.weak	HAL_FDCAN_ErrorStatusCallback
	.p2align	3
	.type	HAL_FDCAN_ErrorStatusCallback,%function
	.code	16                              @ @HAL_FDCAN_ErrorStatusCallback
	.thumb_func
HAL_FDCAN_ErrorStatusCallback:
.Lfunc_begin92:
	.loc	2 5950 0                        @ ../Drivers/STM32H7xx_HAL_Driver/Src/stm32h7xx_hal_fdcan.c:5950:0
	.fnstart
	.cfi_startproc
@ %bb.0:
	.pad	#8
	sub	sp, #8
	.cfi_def_cfa_offset 8
	str	r0, [sp, #4]
	str	r1, [sp]
.Ltmp1143:
	.loc	2 5958 1 prologue_end epilogue_begin @ ../Drivers/STM32H7xx_HAL_Driver/Src/stm32h7xx_hal_fdcan.c:5958:1
	add	sp, #8
	bx	lr
.Ltmp1144:
.Lfunc_end92:
	.size	HAL_FDCAN_ErrorStatusCallback, .Lfunc_end92-HAL_FDCAN_ErrorStatusCallback
	.cfi_endproc
	.cantunwind
	.fnend
                                        @ -- End function
	.section	.text.HAL_FDCAN_TT_ScheduleSyncCallback,"ax",%progbits
	.hidden	HAL_FDCAN_TT_ScheduleSyncCallback @ -- Begin function HAL_FDCAN_TT_ScheduleSyncCallback
	.weak	HAL_FDCAN_TT_ScheduleSyncCallback
	.p2align	3
	.type	HAL_FDCAN_TT_ScheduleSyncCallback,%function
	.code	16                              @ @HAL_FDCAN_TT_ScheduleSyncCallback
	.thumb_func
HAL_FDCAN_TT_ScheduleSyncCallback:
.Lfunc_begin93:
	.loc	2 5969 0                        @ ../Drivers/STM32H7xx_HAL_Driver/Src/stm32h7xx_hal_fdcan.c:5969:0
	.fnstart
	.cfi_startproc
@ %bb.0:
	.pad	#8
	sub	sp, #8
	.cfi_def_cfa_offset 8
	str	r0, [sp, #4]
	str	r1, [sp]
.Ltmp1145:
	.loc	2 5977 1 prologue_end epilogue_begin @ ../Drivers/STM32H7xx_HAL_Driver/Src/stm32h7xx_hal_fdcan.c:5977:1
	add	sp, #8
	bx	lr
.Ltmp1146:
.Lfunc_end93:
	.size	HAL_FDCAN_TT_ScheduleSyncCallback, .Lfunc_end93-HAL_FDCAN_TT_ScheduleSyncCallback
	.cfi_endproc
	.cantunwind
	.fnend
                                        @ -- End function
	.section	.text.HAL_FDCAN_TT_TimeMarkCallback,"ax",%progbits
	.hidden	HAL_FDCAN_TT_TimeMarkCallback   @ -- Begin function HAL_FDCAN_TT_TimeMarkCallback
	.weak	HAL_FDCAN_TT_TimeMarkCallback
	.p2align	3
	.type	HAL_FDCAN_TT_TimeMarkCallback,%function
	.code	16                              @ @HAL_FDCAN_TT_TimeMarkCallback
	.thumb_func
HAL_FDCAN_TT_TimeMarkCallback:
.Lfunc_begin94:
	.loc	2 5988 0                        @ ../Drivers/STM32H7xx_HAL_Driver/Src/stm32h7xx_hal_fdcan.c:5988:0
	.fnstart
	.cfi_startproc
@ %bb.0:
	.pad	#8
	sub	sp, #8
	.cfi_def_cfa_offset 8
	str	r0, [sp, #4]
	str	r1, [sp]
.Ltmp1147:
	.loc	2 5996 1 prologue_end epilogue_begin @ ../Drivers/STM32H7xx_HAL_Driver/Src/stm32h7xx_hal_fdcan.c:5996:1
	add	sp, #8
	bx	lr
.Ltmp1148:
.Lfunc_end94:
	.size	HAL_FDCAN_TT_TimeMarkCallback, .Lfunc_end94-HAL_FDCAN_TT_TimeMarkCallback
	.cfi_endproc
	.cantunwind
	.fnend
                                        @ -- End function
	.section	.text.HAL_FDCAN_TT_StopWatchCallback,"ax",%progbits
	.hidden	HAL_FDCAN_TT_StopWatchCallback  @ -- Begin function HAL_FDCAN_TT_StopWatchCallback
	.weak	HAL_FDCAN_TT_StopWatchCallback
	.p2align	3
	.type	HAL_FDCAN_TT_StopWatchCallback,%function
	.code	16                              @ @HAL_FDCAN_TT_StopWatchCallback
	.thumb_func
HAL_FDCAN_TT_StopWatchCallback:
.Lfunc_begin95:
	.loc	2 6010 0                        @ ../Drivers/STM32H7xx_HAL_Driver/Src/stm32h7xx_hal_fdcan.c:6010:0
	.fnstart
	.cfi_startproc
@ %bb.0:
	.pad	#12
	sub	sp, #12
	.cfi_def_cfa_offset 12
	str	r0, [sp, #8]
	str	r1, [sp, #4]
	str	r2, [sp]
.Ltmp1149:
	.loc	2 6019 1 prologue_end epilogue_begin @ ../Drivers/STM32H7xx_HAL_Driver/Src/stm32h7xx_hal_fdcan.c:6019:1
	add	sp, #12
	bx	lr
.Ltmp1150:
.Lfunc_end95:
	.size	HAL_FDCAN_TT_StopWatchCallback, .Lfunc_end95-HAL_FDCAN_TT_StopWatchCallback
	.cfi_endproc
	.cantunwind
	.fnend
                                        @ -- End function
	.section	.text.HAL_FDCAN_TT_GlobalTimeCallback,"ax",%progbits
	.hidden	HAL_FDCAN_TT_GlobalTimeCallback @ -- Begin function HAL_FDCAN_TT_GlobalTimeCallback
	.weak	HAL_FDCAN_TT_GlobalTimeCallback
	.p2align	3
	.type	HAL_FDCAN_TT_GlobalTimeCallback,%function
	.code	16                              @ @HAL_FDCAN_TT_GlobalTimeCallback
	.thumb_func
HAL_FDCAN_TT_GlobalTimeCallback:
.Lfunc_begin96:
	.loc	2 6030 0                        @ ../Drivers/STM32H7xx_HAL_Driver/Src/stm32h7xx_hal_fdcan.c:6030:0
	.fnstart
	.cfi_startproc
@ %bb.0:
	.pad	#8
	sub	sp, #8
	.cfi_def_cfa_offset 8
	str	r0, [sp, #4]
	str	r1, [sp]
.Ltmp1151:
	.loc	2 6038 1 prologue_end epilogue_begin @ ../Drivers/STM32H7xx_HAL_Driver/Src/stm32h7xx_hal_fdcan.c:6038:1
	add	sp, #8
	bx	lr
.Ltmp1152:
.Lfunc_end96:
	.size	HAL_FDCAN_TT_GlobalTimeCallback, .Lfunc_end96-HAL_FDCAN_TT_GlobalTimeCallback
	.cfi_endproc
	.cantunwind
	.fnend
                                        @ -- End function
	.section	.text.HAL_FDCAN_ErrorCallback,"ax",%progbits
	.hidden	HAL_FDCAN_ErrorCallback         @ -- Begin function HAL_FDCAN_ErrorCallback
	.weak	HAL_FDCAN_ErrorCallback
	.p2align	3
	.type	HAL_FDCAN_ErrorCallback,%function
	.code	16                              @ @HAL_FDCAN_ErrorCallback
	.thumb_func
HAL_FDCAN_ErrorCallback:
.Lfunc_begin97:
	.loc	2 5932 0                        @ ../Drivers/STM32H7xx_HAL_Driver/Src/stm32h7xx_hal_fdcan.c:5932:0
	.fnstart
	.cfi_startproc
@ %bb.0:
	.pad	#4
	sub	sp, #4
	.cfi_def_cfa_offset 4
	str	r0, [sp]
.Ltmp1153:
	.loc	2 5939 1 prologue_end epilogue_begin @ ../Drivers/STM32H7xx_HAL_Driver/Src/stm32h7xx_hal_fdcan.c:5939:1
	add	sp, #4
	bx	lr
.Ltmp1154:
.Lfunc_end97:
	.size	HAL_FDCAN_ErrorCallback, .Lfunc_end97-HAL_FDCAN_ErrorCallback
	.cfi_endproc
	.cantunwind
	.fnend
                                        @ -- End function
	.section	.text.HAL_FDCAN_GetState,"ax",%progbits
	.hidden	HAL_FDCAN_GetState              @ -- Begin function HAL_FDCAN_GetState
	.globl	HAL_FDCAN_GetState
	.p2align	3
	.type	HAL_FDCAN_GetState,%function
	.code	16                              @ @HAL_FDCAN_GetState
	.thumb_func
HAL_FDCAN_GetState:
.Lfunc_begin98:
	.loc	2 6066 0                        @ ../Drivers/STM32H7xx_HAL_Driver/Src/stm32h7xx_hal_fdcan.c:6066:0
	.fnstart
	.cfi_startproc
@ %bb.0:
	.pad	#4
	sub	sp, #4
	.cfi_def_cfa_offset 4
	str	r0, [sp]
.Ltmp1155:
	.loc	2 6068 10 prologue_end          @ ../Drivers/STM32H7xx_HAL_Driver/Src/stm32h7xx_hal_fdcan.c:6068:10
	ldr	r0, [sp]
	.loc	2 6068 18 is_stmt 0             @ ../Drivers/STM32H7xx_HAL_Driver/Src/stm32h7xx_hal_fdcan.c:6068:18
	ldrb.w	r0, [r0, #152]
	.loc	2 6068 3 epilogue_begin         @ ../Drivers/STM32H7xx_HAL_Driver/Src/stm32h7xx_hal_fdcan.c:6068:3
	add	sp, #4
	bx	lr
.Ltmp1156:
.Lfunc_end98:
	.size	HAL_FDCAN_GetState, .Lfunc_end98-HAL_FDCAN_GetState
	.cfi_endproc
	.cantunwind
	.fnend
                                        @ -- End function
	.section	.text.HAL_FDCAN_GetError,"ax",%progbits
	.hidden	HAL_FDCAN_GetError              @ -- Begin function HAL_FDCAN_GetError
	.globl	HAL_FDCAN_GetError
	.p2align	3
	.type	HAL_FDCAN_GetError,%function
	.code	16                              @ @HAL_FDCAN_GetError
	.thumb_func
HAL_FDCAN_GetError:
.Lfunc_begin99:
	.loc	2 6078 0 is_stmt 1              @ ../Drivers/STM32H7xx_HAL_Driver/Src/stm32h7xx_hal_fdcan.c:6078:0
	.fnstart
	.cfi_startproc
@ %bb.0:
	.pad	#4
	sub	sp, #4
	.cfi_def_cfa_offset 4
	str	r0, [sp]
.Ltmp1157:
	.loc	2 6080 10 prologue_end          @ ../Drivers/STM32H7xx_HAL_Driver/Src/stm32h7xx_hal_fdcan.c:6080:10
	ldr	r0, [sp]
	.loc	2 6080 18 is_stmt 0             @ ../Drivers/STM32H7xx_HAL_Driver/Src/stm32h7xx_hal_fdcan.c:6080:18
	ldr.w	r0, [r0, #156]
	.loc	2 6080 3 epilogue_begin         @ ../Drivers/STM32H7xx_HAL_Driver/Src/stm32h7xx_hal_fdcan.c:6080:3
	add	sp, #4
	bx	lr
.Ltmp1158:
.Lfunc_end99:
	.size	HAL_FDCAN_GetError, .Lfunc_end99-HAL_FDCAN_GetError
	.cfi_endproc
	.cantunwind
	.fnend
                                        @ -- End function
	.type	.L__const.HAL_FDCAN_Init.CvtEltSize,%object @ @__const.HAL_FDCAN_Init.CvtEltSize
	.section	.rodata..L__const.HAL_FDCAN_Init.CvtEltSize,"a",%progbits
	.p2align	2, 0x0
.L__const.HAL_FDCAN_Init.CvtEltSize:
	.long	0                               @ 0x0
	.long	0                               @ 0x0
	.long	0                               @ 0x0
	.long	0                               @ 0x0
	.long	0                               @ 0x0
	.long	1                               @ 0x1
	.long	2                               @ 0x2
	.long	3                               @ 0x3
	.long	4                               @ 0x4
	.long	0                               @ 0x0
	.long	5                               @ 0x5
	.long	0                               @ 0x0
	.long	0                               @ 0x0
	.long	0                               @ 0x0
	.long	6                               @ 0x6
	.long	0                               @ 0x0
	.long	0                               @ 0x0
	.long	0                               @ 0x0
	.long	7                               @ 0x7
	.size	.L__const.HAL_FDCAN_Init.CvtEltSize, 76

	.type	DLCtoBytes,%object              @ @DLCtoBytes
	.section	.rodata.DLCtoBytes,"a",%progbits
DLCtoBytes:
	.ascii	"\000\001\002\003\004\005\006\007\b\f\020\024\030 0@"
	.size	DLCtoBytes, 16

	.section	.debug_abbrev,"",%progbits
	.byte	1                               @ Abbreviation Code
	.byte	17                              @ DW_TAG_compile_unit
	.byte	1                               @ DW_CHILDREN_yes
	.byte	37                              @ DW_AT_producer
	.byte	14                              @ DW_FORM_strp
	.byte	19                              @ DW_AT_language
	.byte	5                               @ DW_FORM_data2
	.byte	3                               @ DW_AT_name
	.byte	14                              @ DW_FORM_strp
	.byte	16                              @ DW_AT_stmt_list
	.byte	23                              @ DW_FORM_sec_offset
	.byte	27                              @ DW_AT_comp_dir
	.byte	14                              @ DW_FORM_strp
	.byte	17                              @ DW_AT_low_pc
	.byte	1                               @ DW_FORM_addr
	.byte	85                              @ DW_AT_ranges
	.byte	23                              @ DW_FORM_sec_offset
	.byte	0                               @ EOM(1)
	.byte	0                               @ EOM(2)
	.byte	2                               @ Abbreviation Code
	.byte	52                              @ DW_TAG_variable
	.byte	0                               @ DW_CHILDREN_no
	.byte	3                               @ DW_AT_name
	.byte	14                              @ DW_FORM_strp
	.byte	73                              @ DW_AT_type
	.byte	19                              @ DW_FORM_ref4
	.byte	58                              @ DW_AT_decl_file
	.byte	11                              @ DW_FORM_data1
	.byte	59                              @ DW_AT_decl_line
	.byte	11                              @ DW_FORM_data1
	.byte	2                               @ DW_AT_location
	.byte	24                              @ DW_FORM_exprloc
	.byte	0                               @ EOM(1)
	.byte	0                               @ EOM(2)
	.byte	3                               @ Abbreviation Code
	.byte	1                               @ DW_TAG_array_type
	.byte	1                               @ DW_CHILDREN_yes
	.byte	73                              @ DW_AT_type
	.byte	19                              @ DW_FORM_ref4
	.byte	0                               @ EOM(1)
	.byte	0                               @ EOM(2)
	.byte	4                               @ Abbreviation Code
	.byte	33                              @ DW_TAG_subrange_type
	.byte	0                               @ DW_CHILDREN_no
	.byte	73                              @ DW_AT_type
	.byte	19                              @ DW_FORM_ref4
	.byte	55                              @ DW_AT_count
	.byte	11                              @ DW_FORM_data1
	.byte	0                               @ EOM(1)
	.byte	0                               @ EOM(2)
	.byte	5                               @ Abbreviation Code
	.byte	38                              @ DW_TAG_const_type
	.byte	0                               @ DW_CHILDREN_no
	.byte	73                              @ DW_AT_type
	.byte	19                              @ DW_FORM_ref4
	.byte	0                               @ EOM(1)
	.byte	0                               @ EOM(2)
	.byte	6                               @ Abbreviation Code
	.byte	22                              @ DW_TAG_typedef
	.byte	0                               @ DW_CHILDREN_no
	.byte	73                              @ DW_AT_type
	.byte	19                              @ DW_FORM_ref4
	.byte	3                               @ DW_AT_name
	.byte	14                              @ DW_FORM_strp
	.byte	58                              @ DW_AT_decl_file
	.byte	11                              @ DW_FORM_data1
	.byte	59                              @ DW_AT_decl_line
	.byte	11                              @ DW_FORM_data1
	.byte	0                               @ EOM(1)
	.byte	0                               @ EOM(2)
	.byte	7                               @ Abbreviation Code
	.byte	36                              @ DW_TAG_base_type
	.byte	0                               @ DW_CHILDREN_no
	.byte	3                               @ DW_AT_name
	.byte	14                              @ DW_FORM_strp
	.byte	62                              @ DW_AT_encoding
	.byte	11                              @ DW_FORM_data1
	.byte	11                              @ DW_AT_byte_size
	.byte	11                              @ DW_FORM_data1
	.byte	0                               @ EOM(1)
	.byte	0                               @ EOM(2)
	.byte	8                               @ Abbreviation Code
	.byte	36                              @ DW_TAG_base_type
	.byte	0                               @ DW_CHILDREN_no
	.byte	3                               @ DW_AT_name
	.byte	14                              @ DW_FORM_strp
	.byte	11                              @ DW_AT_byte_size
	.byte	11                              @ DW_FORM_data1
	.byte	62                              @ DW_AT_encoding
	.byte	11                              @ DW_FORM_data1
	.byte	0                               @ EOM(1)
	.byte	0                               @ EOM(2)
	.byte	9                               @ Abbreviation Code
	.byte	4                               @ DW_TAG_enumeration_type
	.byte	1                               @ DW_CHILDREN_yes
	.byte	73                              @ DW_AT_type
	.byte	19                              @ DW_FORM_ref4
	.byte	11                              @ DW_AT_byte_size
	.byte	11                              @ DW_FORM_data1
	.byte	58                              @ DW_AT_decl_file
	.byte	11                              @ DW_FORM_data1
	.byte	59                              @ DW_AT_decl_line
	.byte	11                              @ DW_FORM_data1
	.byte	0                               @ EOM(1)
	.byte	0                               @ EOM(2)
	.byte	10                              @ Abbreviation Code
	.byte	40                              @ DW_TAG_enumerator
	.byte	0                               @ DW_CHILDREN_no
	.byte	3                               @ DW_AT_name
	.byte	14                              @ DW_FORM_strp
	.byte	28                              @ DW_AT_const_value
	.byte	15                              @ DW_FORM_udata
	.byte	0                               @ EOM(1)
	.byte	0                               @ EOM(2)
	.byte	11                              @ Abbreviation Code
	.byte	15                              @ DW_TAG_pointer_type
	.byte	0                               @ DW_CHILDREN_no
	.byte	73                              @ DW_AT_type
	.byte	19                              @ DW_FORM_ref4
	.byte	0                               @ EOM(1)
	.byte	0                               @ EOM(2)
	.byte	12                              @ Abbreviation Code
	.byte	22                              @ DW_TAG_typedef
	.byte	0                               @ DW_CHILDREN_no
	.byte	73                              @ DW_AT_type
	.byte	19                              @ DW_FORM_ref4
	.byte	3                               @ DW_AT_name
	.byte	14                              @ DW_FORM_strp
	.byte	58                              @ DW_AT_decl_file
	.byte	11                              @ DW_FORM_data1
	.byte	59                              @ DW_AT_decl_line
	.byte	5                               @ DW_FORM_data2
	.byte	0                               @ EOM(1)
	.byte	0                               @ EOM(2)
	.byte	13                              @ Abbreviation Code
	.byte	19                              @ DW_TAG_structure_type
	.byte	1                               @ DW_CHILDREN_yes
	.byte	11                              @ DW_AT_byte_size
	.byte	5                               @ DW_FORM_data2
	.byte	58                              @ DW_AT_decl_file
	.byte	11                              @ DW_FORM_data1
	.byte	59                              @ DW_AT_decl_line
	.byte	5                               @ DW_FORM_data2
	.byte	0                               @ EOM(1)
	.byte	0                               @ EOM(2)
	.byte	14                              @ Abbreviation Code
	.byte	13                              @ DW_TAG_member
	.byte	0                               @ DW_CHILDREN_no
	.byte	3                               @ DW_AT_name
	.byte	14                              @ DW_FORM_strp
	.byte	73                              @ DW_AT_type
	.byte	19                              @ DW_FORM_ref4
	.byte	58                              @ DW_AT_decl_file
	.byte	11                              @ DW_FORM_data1
	.byte	59                              @ DW_AT_decl_line
	.byte	5                               @ DW_FORM_data2
	.byte	56                              @ DW_AT_data_member_location
	.byte	11                              @ DW_FORM_data1
	.byte	0                               @ EOM(1)
	.byte	0                               @ EOM(2)
	.byte	15                              @ Abbreviation Code
	.byte	53                              @ DW_TAG_volatile_type
	.byte	0                               @ DW_CHILDREN_no
	.byte	73                              @ DW_AT_type
	.byte	19                              @ DW_FORM_ref4
	.byte	0                               @ EOM(1)
	.byte	0                               @ EOM(2)
	.byte	16                              @ Abbreviation Code
	.byte	13                              @ DW_TAG_member
	.byte	0                               @ DW_CHILDREN_no
	.byte	3                               @ DW_AT_name
	.byte	14                              @ DW_FORM_strp
	.byte	73                              @ DW_AT_type
	.byte	19                              @ DW_FORM_ref4
	.byte	58                              @ DW_AT_decl_file
	.byte	11                              @ DW_FORM_data1
	.byte	59                              @ DW_AT_decl_line
	.byte	5                               @ DW_FORM_data2
	.byte	56                              @ DW_AT_data_member_location
	.byte	5                               @ DW_FORM_data2
	.byte	0                               @ EOM(1)
	.byte	0                               @ EOM(2)
	.byte	17                              @ Abbreviation Code
	.byte	19                              @ DW_TAG_structure_type
	.byte	1                               @ DW_CHILDREN_yes
	.byte	11                              @ DW_AT_byte_size
	.byte	11                              @ DW_FORM_data1
	.byte	58                              @ DW_AT_decl_file
	.byte	11                              @ DW_FORM_data1
	.byte	59                              @ DW_AT_decl_line
	.byte	5                               @ DW_FORM_data2
	.byte	0                               @ EOM(1)
	.byte	0                               @ EOM(2)
	.byte	18                              @ Abbreviation Code
	.byte	46                              @ DW_TAG_subprogram
	.byte	1                               @ DW_CHILDREN_yes
	.byte	17                              @ DW_AT_low_pc
	.byte	1                               @ DW_FORM_addr
	.byte	18                              @ DW_AT_high_pc
	.byte	6                               @ DW_FORM_data4
	.byte	64                              @ DW_AT_frame_base
	.byte	24                              @ DW_FORM_exprloc
	.byte	3                               @ DW_AT_name
	.byte	14                              @ DW_FORM_strp
	.byte	58                              @ DW_AT_decl_file
	.byte	11                              @ DW_FORM_data1
	.byte	59                              @ DW_AT_decl_line
	.byte	5                               @ DW_FORM_data2
	.byte	39                              @ DW_AT_prototyped
	.byte	25                              @ DW_FORM_flag_present
	.byte	73                              @ DW_AT_type
	.byte	19                              @ DW_FORM_ref4
	.byte	63                              @ DW_AT_external
	.byte	25                              @ DW_FORM_flag_present
	.byte	0                               @ EOM(1)
	.byte	0                               @ EOM(2)
	.byte	19                              @ Abbreviation Code
	.byte	5                               @ DW_TAG_formal_parameter
	.byte	0                               @ DW_CHILDREN_no
	.byte	2                               @ DW_AT_location
	.byte	24                              @ DW_FORM_exprloc
	.byte	3                               @ DW_AT_name
	.byte	14                              @ DW_FORM_strp
	.byte	58                              @ DW_AT_decl_file
	.byte	11                              @ DW_FORM_data1
	.byte	59                              @ DW_AT_decl_line
	.byte	5                               @ DW_FORM_data2
	.byte	73                              @ DW_AT_type
	.byte	19                              @ DW_FORM_ref4
	.byte	0                               @ EOM(1)
	.byte	0                               @ EOM(2)
	.byte	20                              @ Abbreviation Code
	.byte	52                              @ DW_TAG_variable
	.byte	0                               @ DW_CHILDREN_no
	.byte	2                               @ DW_AT_location
	.byte	24                              @ DW_FORM_exprloc
	.byte	3                               @ DW_AT_name
	.byte	14                              @ DW_FORM_strp
	.byte	58                              @ DW_AT_decl_file
	.byte	11                              @ DW_FORM_data1
	.byte	59                              @ DW_AT_decl_line
	.byte	5                               @ DW_FORM_data2
	.byte	73                              @ DW_AT_type
	.byte	19                              @ DW_FORM_ref4
	.byte	0                               @ EOM(1)
	.byte	0                               @ EOM(2)
	.byte	21                              @ Abbreviation Code
	.byte	46                              @ DW_TAG_subprogram
	.byte	1                               @ DW_CHILDREN_yes
	.byte	17                              @ DW_AT_low_pc
	.byte	1                               @ DW_FORM_addr
	.byte	18                              @ DW_AT_high_pc
	.byte	6                               @ DW_FORM_data4
	.byte	64                              @ DW_AT_frame_base
	.byte	24                              @ DW_FORM_exprloc
	.byte	3                               @ DW_AT_name
	.byte	14                              @ DW_FORM_strp
	.byte	58                              @ DW_AT_decl_file
	.byte	11                              @ DW_FORM_data1
	.byte	59                              @ DW_AT_decl_line
	.byte	5                               @ DW_FORM_data2
	.byte	39                              @ DW_AT_prototyped
	.byte	25                              @ DW_FORM_flag_present
	.byte	63                              @ DW_AT_external
	.byte	25                              @ DW_FORM_flag_present
	.byte	0                               @ EOM(1)
	.byte	0                               @ EOM(2)
	.byte	22                              @ Abbreviation Code
	.byte	46                              @ DW_TAG_subprogram
	.byte	1                               @ DW_CHILDREN_yes
	.byte	17                              @ DW_AT_low_pc
	.byte	1                               @ DW_FORM_addr
	.byte	18                              @ DW_AT_high_pc
	.byte	6                               @ DW_FORM_data4
	.byte	64                              @ DW_AT_frame_base
	.byte	24                              @ DW_FORM_exprloc
	.byte	3                               @ DW_AT_name
	.byte	14                              @ DW_FORM_strp
	.byte	58                              @ DW_AT_decl_file
	.byte	11                              @ DW_FORM_data1
	.byte	59                              @ DW_AT_decl_line
	.byte	5                               @ DW_FORM_data2
	.byte	39                              @ DW_AT_prototyped
	.byte	25                              @ DW_FORM_flag_present
	.byte	73                              @ DW_AT_type
	.byte	19                              @ DW_FORM_ref4
	.byte	0                               @ EOM(1)
	.byte	0                               @ EOM(2)
	.byte	23                              @ Abbreviation Code
	.byte	46                              @ DW_TAG_subprogram
	.byte	1                               @ DW_CHILDREN_yes
	.byte	17                              @ DW_AT_low_pc
	.byte	1                               @ DW_FORM_addr
	.byte	18                              @ DW_AT_high_pc
	.byte	6                               @ DW_FORM_data4
	.byte	64                              @ DW_AT_frame_base
	.byte	24                              @ DW_FORM_exprloc
	.byte	3                               @ DW_AT_name
	.byte	14                              @ DW_FORM_strp
	.byte	58                              @ DW_AT_decl_file
	.byte	11                              @ DW_FORM_data1
	.byte	59                              @ DW_AT_decl_line
	.byte	5                               @ DW_FORM_data2
	.byte	39                              @ DW_AT_prototyped
	.byte	25                              @ DW_FORM_flag_present
	.byte	0                               @ EOM(1)
	.byte	0                               @ EOM(2)
	.byte	24                              @ Abbreviation Code
	.byte	46                              @ DW_TAG_subprogram
	.byte	1                               @ DW_CHILDREN_yes
	.byte	3                               @ DW_AT_name
	.byte	14                              @ DW_FORM_strp
	.byte	58                              @ DW_AT_decl_file
	.byte	11                              @ DW_FORM_data1
	.byte	59                              @ DW_AT_decl_line
	.byte	5                               @ DW_FORM_data2
	.byte	39                              @ DW_AT_prototyped
	.byte	25                              @ DW_FORM_flag_present
	.byte	73                              @ DW_AT_type
	.byte	19                              @ DW_FORM_ref4
	.byte	32                              @ DW_AT_inline
	.byte	11                              @ DW_FORM_data1
	.byte	0                               @ EOM(1)
	.byte	0                               @ EOM(2)
	.byte	25                              @ Abbreviation Code
	.byte	5                               @ DW_TAG_formal_parameter
	.byte	0                               @ DW_CHILDREN_no
	.byte	3                               @ DW_AT_name
	.byte	14                              @ DW_FORM_strp
	.byte	58                              @ DW_AT_decl_file
	.byte	11                              @ DW_FORM_data1
	.byte	59                              @ DW_AT_decl_line
	.byte	5                               @ DW_FORM_data2
	.byte	73                              @ DW_AT_type
	.byte	19                              @ DW_FORM_ref4
	.byte	0                               @ EOM(1)
	.byte	0                               @ EOM(2)
	.byte	26                              @ Abbreviation Code
	.byte	29                              @ DW_TAG_inlined_subroutine
	.byte	1                               @ DW_CHILDREN_yes
	.byte	49                              @ DW_AT_abstract_origin
	.byte	19                              @ DW_FORM_ref4
	.byte	17                              @ DW_AT_low_pc
	.byte	1                               @ DW_FORM_addr
	.byte	18                              @ DW_AT_high_pc
	.byte	6                               @ DW_FORM_data4
	.byte	88                              @ DW_AT_call_file
	.byte	11                              @ DW_FORM_data1
	.byte	89                              @ DW_AT_call_line
	.byte	5                               @ DW_FORM_data2
	.byte	87                              @ DW_AT_call_column
	.byte	11                              @ DW_FORM_data1
	.byte	0                               @ EOM(1)
	.byte	0                               @ EOM(2)
	.byte	27                              @ Abbreviation Code
	.byte	5                               @ DW_TAG_formal_parameter
	.byte	0                               @ DW_CHILDREN_no
	.byte	2                               @ DW_AT_location
	.byte	24                              @ DW_FORM_exprloc
	.byte	49                              @ DW_AT_abstract_origin
	.byte	19                              @ DW_FORM_ref4
	.byte	0                               @ EOM(1)
	.byte	0                               @ EOM(2)
	.byte	28                              @ Abbreviation Code
	.byte	19                              @ DW_TAG_structure_type
	.byte	1                               @ DW_CHILDREN_yes
	.byte	11                              @ DW_AT_byte_size
	.byte	11                              @ DW_FORM_data1
	.byte	58                              @ DW_AT_decl_file
	.byte	11                              @ DW_FORM_data1
	.byte	59                              @ DW_AT_decl_line
	.byte	11                              @ DW_FORM_data1
	.byte	0                               @ EOM(1)
	.byte	0                               @ EOM(2)
	.byte	29                              @ Abbreviation Code
	.byte	13                              @ DW_TAG_member
	.byte	0                               @ DW_CHILDREN_no
	.byte	3                               @ DW_AT_name
	.byte	14                              @ DW_FORM_strp
	.byte	73                              @ DW_AT_type
	.byte	19                              @ DW_FORM_ref4
	.byte	58                              @ DW_AT_decl_file
	.byte	11                              @ DW_FORM_data1
	.byte	59                              @ DW_AT_decl_line
	.byte	11                              @ DW_FORM_data1
	.byte	56                              @ DW_AT_data_member_location
	.byte	11                              @ DW_FORM_data1
	.byte	0                               @ EOM(1)
	.byte	0                               @ EOM(2)
	.byte	0                               @ EOM(3)
	.section	.debug_info,"",%progbits
.Lcu_begin0:
	.long	.Ldebug_info_end0-.Ldebug_info_start0 @ Length of Unit
.Ldebug_info_start0:
	.short	4                               @ DWARF version number
	.long	.debug_abbrev                   @ Offset Into Abbrev. Section
	.byte	4                               @ Address Size (in bytes)
	.byte	1                               @ Abbrev [1] 0xb:0x27f3 DW_TAG_compile_unit
	.long	.Linfo_string0                  @ DW_AT_producer
	.short	12                              @ DW_AT_language
	.long	.Linfo_string1                  @ DW_AT_name
	.long	.Lline_table_start0             @ DW_AT_stmt_list
	.long	.Linfo_string2                  @ DW_AT_comp_dir
	.long	0                               @ DW_AT_low_pc
	.long	.Ldebug_ranges0                 @ DW_AT_ranges
	.byte	2                               @ Abbrev [2] 0x26:0x11 DW_TAG_variable
	.long	.Linfo_string3                  @ DW_AT_name
	.long	55                              @ DW_AT_type
	.byte	2                               @ DW_AT_decl_file
	.byte	255                             @ DW_AT_decl_line
	.byte	5                               @ DW_AT_location
	.byte	3
	.long	DLCtoBytes
	.byte	3                               @ Abbrev [3] 0x37:0xc DW_TAG_array_type
	.long	67                              @ DW_AT_type
	.byte	4                               @ Abbrev [4] 0x3c:0x6 DW_TAG_subrange_type
	.long	90                              @ DW_AT_type
	.byte	16                              @ DW_AT_count
	.byte	0                               @ End Of Children Mark
	.byte	5                               @ Abbrev [5] 0x43:0x5 DW_TAG_const_type
	.long	72                              @ DW_AT_type
	.byte	6                               @ Abbrev [6] 0x48:0xb DW_TAG_typedef
	.long	83                              @ DW_AT_type
	.long	.Linfo_string5                  @ DW_AT_name
	.byte	1                               @ DW_AT_decl_file
	.byte	62                              @ DW_AT_decl_line
	.byte	7                               @ Abbrev [7] 0x53:0x7 DW_TAG_base_type
	.long	.Linfo_string4                  @ DW_AT_name
	.byte	8                               @ DW_AT_encoding
	.byte	1                               @ DW_AT_byte_size
	.byte	8                               @ Abbrev [8] 0x5a:0x7 DW_TAG_base_type
	.long	.Linfo_string6                  @ DW_AT_name
	.byte	8                               @ DW_AT_byte_size
	.byte	7                               @ DW_AT_encoding
	.byte	9                               @ Abbrev [9] 0x61:0x21 DW_TAG_enumeration_type
	.long	83                              @ DW_AT_type
	.byte	1                               @ DW_AT_byte_size
	.byte	3                               @ DW_AT_decl_file
	.byte	39                              @ DW_AT_decl_line
	.byte	10                              @ Abbrev [10] 0x69:0x6 DW_TAG_enumerator
	.long	.Linfo_string7                  @ DW_AT_name
	.byte	0                               @ DW_AT_const_value
	.byte	10                              @ Abbrev [10] 0x6f:0x6 DW_TAG_enumerator
	.long	.Linfo_string8                  @ DW_AT_name
	.byte	1                               @ DW_AT_const_value
	.byte	10                              @ Abbrev [10] 0x75:0x6 DW_TAG_enumerator
	.long	.Linfo_string9                  @ DW_AT_name
	.byte	2                               @ DW_AT_const_value
	.byte	10                              @ Abbrev [10] 0x7b:0x6 DW_TAG_enumerator
	.long	.Linfo_string10                 @ DW_AT_name
	.byte	3                               @ DW_AT_const_value
	.byte	0                               @ End Of Children Mark
	.byte	9                               @ Abbrev [9] 0x82:0x15 DW_TAG_enumeration_type
	.long	83                              @ DW_AT_type
	.byte	1                               @ DW_AT_byte_size
	.byte	4                               @ DW_AT_decl_file
	.byte	186                             @ DW_AT_decl_line
	.byte	10                              @ Abbrev [10] 0x8a:0x6 DW_TAG_enumerator
	.long	.Linfo_string11                 @ DW_AT_name
	.byte	0                               @ DW_AT_const_value
	.byte	10                              @ Abbrev [10] 0x90:0x6 DW_TAG_enumerator
	.long	.Linfo_string12                 @ DW_AT_name
	.byte	1                               @ DW_AT_const_value
	.byte	0                               @ End Of Children Mark
	.byte	9                               @ Abbrev [9] 0x97:0x21 DW_TAG_enumeration_type
	.long	83                              @ DW_AT_type
	.byte	1                               @ DW_AT_byte_size
	.byte	5                               @ DW_AT_decl_file
	.byte	48                              @ DW_AT_decl_line
	.byte	10                              @ Abbrev [10] 0x9f:0x6 DW_TAG_enumerator
	.long	.Linfo_string13                 @ DW_AT_name
	.byte	0                               @ DW_AT_const_value
	.byte	10                              @ Abbrev [10] 0xa5:0x6 DW_TAG_enumerator
	.long	.Linfo_string14                 @ DW_AT_name
	.byte	1                               @ DW_AT_const_value
	.byte	10                              @ Abbrev [10] 0xab:0x6 DW_TAG_enumerator
	.long	.Linfo_string15                 @ DW_AT_name
	.byte	2                               @ DW_AT_const_value
	.byte	10                              @ Abbrev [10] 0xb1:0x6 DW_TAG_enumerator
	.long	.Linfo_string16                 @ DW_AT_name
	.byte	3                               @ DW_AT_const_value
	.byte	0                               @ End Of Children Mark
	.byte	9                               @ Abbrev [9] 0xb8:0x15 DW_TAG_enumeration_type
	.long	83                              @ DW_AT_type
	.byte	1                               @ DW_AT_byte_size
	.byte	3                               @ DW_AT_decl_file
	.byte	50                              @ DW_AT_decl_line
	.byte	10                              @ Abbrev [10] 0xc0:0x6 DW_TAG_enumerator
	.long	.Linfo_string17                 @ DW_AT_name
	.byte	0                               @ DW_AT_const_value
	.byte	10                              @ Abbrev [10] 0xc6:0x6 DW_TAG_enumerator
	.long	.Linfo_string18                 @ DW_AT_name
	.byte	1                               @ DW_AT_const_value
	.byte	0                               @ End Of Children Mark
	.byte	9                               @ Abbrev [9] 0xcd:0x15 DW_TAG_enumeration_type
	.long	83                              @ DW_AT_type
	.byte	1                               @ DW_AT_byte_size
	.byte	4                               @ DW_AT_decl_file
	.byte	180                             @ DW_AT_decl_line
	.byte	10                              @ Abbrev [10] 0xd5:0x6 DW_TAG_enumerator
	.long	.Linfo_string19                 @ DW_AT_name
	.byte	0                               @ DW_AT_const_value
	.byte	10                              @ Abbrev [10] 0xdb:0x6 DW_TAG_enumerator
	.long	.Linfo_string20                 @ DW_AT_name
	.byte	1                               @ DW_AT_const_value
	.byte	0                               @ End Of Children Mark
	.byte	11                              @ Abbrev [11] 0xe2:0x5 DW_TAG_pointer_type
	.long	231                             @ DW_AT_type
	.byte	12                              @ Abbrev [12] 0xe7:0xc DW_TAG_typedef
	.long	243                             @ DW_AT_type
	.long	.Linfo_string76                 @ DW_AT_name
	.byte	6                               @ DW_AT_decl_file
	.short	369                             @ DW_AT_decl_line
	.byte	13                              @ Abbrev [13] 0xf3:0x2b8 DW_TAG_structure_type
	.short	256                             @ DW_AT_byte_size
	.byte	6                               @ DW_AT_decl_file
	.short	314                             @ DW_AT_decl_line
	.byte	14                              @ Abbrev [14] 0xf9:0xd DW_TAG_member
	.long	.Linfo_string21                 @ DW_AT_name
	.long	939                             @ DW_AT_type
	.byte	6                               @ DW_AT_decl_file
	.short	316                             @ DW_AT_decl_line
	.byte	0                               @ DW_AT_data_member_location
	.byte	14                              @ Abbrev [14] 0x106:0xd DW_TAG_member
	.long	.Linfo_string24                 @ DW_AT_name
	.long	939                             @ DW_AT_type
	.byte	6                               @ DW_AT_decl_file
	.short	317                             @ DW_AT_decl_line
	.byte	4                               @ DW_AT_data_member_location
	.byte	14                              @ Abbrev [14] 0x113:0xd DW_TAG_member
	.long	.Linfo_string25                 @ DW_AT_name
	.long	939                             @ DW_AT_type
	.byte	6                               @ DW_AT_decl_file
	.short	318                             @ DW_AT_decl_line
	.byte	8                               @ DW_AT_data_member_location
	.byte	14                              @ Abbrev [14] 0x120:0xd DW_TAG_member
	.long	.Linfo_string26                 @ DW_AT_name
	.long	939                             @ DW_AT_type
	.byte	6                               @ DW_AT_decl_file
	.short	319                             @ DW_AT_decl_line
	.byte	12                              @ DW_AT_data_member_location
	.byte	14                              @ Abbrev [14] 0x12d:0xd DW_TAG_member
	.long	.Linfo_string27                 @ DW_AT_name
	.long	939                             @ DW_AT_type
	.byte	6                               @ DW_AT_decl_file
	.short	320                             @ DW_AT_decl_line
	.byte	16                              @ DW_AT_data_member_location
	.byte	14                              @ Abbrev [14] 0x13a:0xd DW_TAG_member
	.long	.Linfo_string28                 @ DW_AT_name
	.long	939                             @ DW_AT_type
	.byte	6                               @ DW_AT_decl_file
	.short	321                             @ DW_AT_decl_line
	.byte	20                              @ DW_AT_data_member_location
	.byte	14                              @ Abbrev [14] 0x147:0xd DW_TAG_member
	.long	.Linfo_string29                 @ DW_AT_name
	.long	939                             @ DW_AT_type
	.byte	6                               @ DW_AT_decl_file
	.short	322                             @ DW_AT_decl_line
	.byte	24                              @ DW_AT_data_member_location
	.byte	14                              @ Abbrev [14] 0x154:0xd DW_TAG_member
	.long	.Linfo_string30                 @ DW_AT_name
	.long	939                             @ DW_AT_type
	.byte	6                               @ DW_AT_decl_file
	.short	323                             @ DW_AT_decl_line
	.byte	28                              @ DW_AT_data_member_location
	.byte	14                              @ Abbrev [14] 0x161:0xd DW_TAG_member
	.long	.Linfo_string31                 @ DW_AT_name
	.long	939                             @ DW_AT_type
	.byte	6                               @ DW_AT_decl_file
	.short	324                             @ DW_AT_decl_line
	.byte	32                              @ DW_AT_data_member_location
	.byte	14                              @ Abbrev [14] 0x16e:0xd DW_TAG_member
	.long	.Linfo_string32                 @ DW_AT_name
	.long	939                             @ DW_AT_type
	.byte	6                               @ DW_AT_decl_file
	.short	325                             @ DW_AT_decl_line
	.byte	36                              @ DW_AT_data_member_location
	.byte	14                              @ Abbrev [14] 0x17b:0xd DW_TAG_member
	.long	.Linfo_string33                 @ DW_AT_name
	.long	939                             @ DW_AT_type
	.byte	6                               @ DW_AT_decl_file
	.short	326                             @ DW_AT_decl_line
	.byte	40                              @ DW_AT_data_member_location
	.byte	14                              @ Abbrev [14] 0x188:0xd DW_TAG_member
	.long	.Linfo_string34                 @ DW_AT_name
	.long	939                             @ DW_AT_type
	.byte	6                               @ DW_AT_decl_file
	.short	327                             @ DW_AT_decl_line
	.byte	44                              @ DW_AT_data_member_location
	.byte	14                              @ Abbrev [14] 0x195:0xd DW_TAG_member
	.long	.Linfo_string35                 @ DW_AT_name
	.long	962                             @ DW_AT_type
	.byte	6                               @ DW_AT_decl_file
	.short	328                             @ DW_AT_decl_line
	.byte	48                              @ DW_AT_data_member_location
	.byte	14                              @ Abbrev [14] 0x1a2:0xd DW_TAG_member
	.long	.Linfo_string36                 @ DW_AT_name
	.long	939                             @ DW_AT_type
	.byte	6                               @ DW_AT_decl_file
	.short	329                             @ DW_AT_decl_line
	.byte	64                              @ DW_AT_data_member_location
	.byte	14                              @ Abbrev [14] 0x1af:0xd DW_TAG_member
	.long	.Linfo_string37                 @ DW_AT_name
	.long	939                             @ DW_AT_type
	.byte	6                               @ DW_AT_decl_file
	.short	330                             @ DW_AT_decl_line
	.byte	68                              @ DW_AT_data_member_location
	.byte	14                              @ Abbrev [14] 0x1bc:0xd DW_TAG_member
	.long	.Linfo_string38                 @ DW_AT_name
	.long	939                             @ DW_AT_type
	.byte	6                               @ DW_AT_decl_file
	.short	331                             @ DW_AT_decl_line
	.byte	72                              @ DW_AT_data_member_location
	.byte	14                              @ Abbrev [14] 0x1c9:0xd DW_TAG_member
	.long	.Linfo_string39                 @ DW_AT_name
	.long	939                             @ DW_AT_type
	.byte	6                               @ DW_AT_decl_file
	.short	332                             @ DW_AT_decl_line
	.byte	76                              @ DW_AT_data_member_location
	.byte	14                              @ Abbrev [14] 0x1d6:0xd DW_TAG_member
	.long	.Linfo_string40                 @ DW_AT_name
	.long	939                             @ DW_AT_type
	.byte	6                               @ DW_AT_decl_file
	.short	333                             @ DW_AT_decl_line
	.byte	80                              @ DW_AT_data_member_location
	.byte	14                              @ Abbrev [14] 0x1e3:0xd DW_TAG_member
	.long	.Linfo_string41                 @ DW_AT_name
	.long	939                             @ DW_AT_type
	.byte	6                               @ DW_AT_decl_file
	.short	334                             @ DW_AT_decl_line
	.byte	84                              @ DW_AT_data_member_location
	.byte	14                              @ Abbrev [14] 0x1f0:0xd DW_TAG_member
	.long	.Linfo_string42                 @ DW_AT_name
	.long	939                             @ DW_AT_type
	.byte	6                               @ DW_AT_decl_file
	.short	335                             @ DW_AT_decl_line
	.byte	88                              @ DW_AT_data_member_location
	.byte	14                              @ Abbrev [14] 0x1fd:0xd DW_TAG_member
	.long	.Linfo_string43                 @ DW_AT_name
	.long	939                             @ DW_AT_type
	.byte	6                               @ DW_AT_decl_file
	.short	336                             @ DW_AT_decl_line
	.byte	92                              @ DW_AT_data_member_location
	.byte	14                              @ Abbrev [14] 0x20a:0xd DW_TAG_member
	.long	.Linfo_string44                 @ DW_AT_name
	.long	974                             @ DW_AT_type
	.byte	6                               @ DW_AT_decl_file
	.short	337                             @ DW_AT_decl_line
	.byte	96                              @ DW_AT_data_member_location
	.byte	14                              @ Abbrev [14] 0x217:0xd DW_TAG_member
	.long	.Linfo_string45                 @ DW_AT_name
	.long	939                             @ DW_AT_type
	.byte	6                               @ DW_AT_decl_file
	.short	338                             @ DW_AT_decl_line
	.byte	128                             @ DW_AT_data_member_location
	.byte	14                              @ Abbrev [14] 0x224:0xd DW_TAG_member
	.long	.Linfo_string46                 @ DW_AT_name
	.long	939                             @ DW_AT_type
	.byte	6                               @ DW_AT_decl_file
	.short	339                             @ DW_AT_decl_line
	.byte	132                             @ DW_AT_data_member_location
	.byte	14                              @ Abbrev [14] 0x231:0xd DW_TAG_member
	.long	.Linfo_string47                 @ DW_AT_name
	.long	939                             @ DW_AT_type
	.byte	6                               @ DW_AT_decl_file
	.short	340                             @ DW_AT_decl_line
	.byte	136                             @ DW_AT_data_member_location
	.byte	14                              @ Abbrev [14] 0x23e:0xd DW_TAG_member
	.long	.Linfo_string48                 @ DW_AT_name
	.long	939                             @ DW_AT_type
	.byte	6                               @ DW_AT_decl_file
	.short	341                             @ DW_AT_decl_line
	.byte	140                             @ DW_AT_data_member_location
	.byte	14                              @ Abbrev [14] 0x24b:0xd DW_TAG_member
	.long	.Linfo_string49                 @ DW_AT_name
	.long	939                             @ DW_AT_type
	.byte	6                               @ DW_AT_decl_file
	.short	342                             @ DW_AT_decl_line
	.byte	144                             @ DW_AT_data_member_location
	.byte	14                              @ Abbrev [14] 0x258:0xd DW_TAG_member
	.long	.Linfo_string50                 @ DW_AT_name
	.long	939                             @ DW_AT_type
	.byte	6                               @ DW_AT_decl_file
	.short	343                             @ DW_AT_decl_line
	.byte	148                             @ DW_AT_data_member_location
	.byte	14                              @ Abbrev [14] 0x265:0xd DW_TAG_member
	.long	.Linfo_string51                 @ DW_AT_name
	.long	939                             @ DW_AT_type
	.byte	6                               @ DW_AT_decl_file
	.short	344                             @ DW_AT_decl_line
	.byte	152                             @ DW_AT_data_member_location
	.byte	14                              @ Abbrev [14] 0x272:0xd DW_TAG_member
	.long	.Linfo_string52                 @ DW_AT_name
	.long	939                             @ DW_AT_type
	.byte	6                               @ DW_AT_decl_file
	.short	345                             @ DW_AT_decl_line
	.byte	156                             @ DW_AT_data_member_location
	.byte	14                              @ Abbrev [14] 0x27f:0xd DW_TAG_member
	.long	.Linfo_string53                 @ DW_AT_name
	.long	939                             @ DW_AT_type
	.byte	6                               @ DW_AT_decl_file
	.short	346                             @ DW_AT_decl_line
	.byte	160                             @ DW_AT_data_member_location
	.byte	14                              @ Abbrev [14] 0x28c:0xd DW_TAG_member
	.long	.Linfo_string54                 @ DW_AT_name
	.long	939                             @ DW_AT_type
	.byte	6                               @ DW_AT_decl_file
	.short	347                             @ DW_AT_decl_line
	.byte	164                             @ DW_AT_data_member_location
	.byte	14                              @ Abbrev [14] 0x299:0xd DW_TAG_member
	.long	.Linfo_string55                 @ DW_AT_name
	.long	939                             @ DW_AT_type
	.byte	6                               @ DW_AT_decl_file
	.short	348                             @ DW_AT_decl_line
	.byte	168                             @ DW_AT_data_member_location
	.byte	14                              @ Abbrev [14] 0x2a6:0xd DW_TAG_member
	.long	.Linfo_string56                 @ DW_AT_name
	.long	939                             @ DW_AT_type
	.byte	6                               @ DW_AT_decl_file
	.short	349                             @ DW_AT_decl_line
	.byte	172                             @ DW_AT_data_member_location
	.byte	14                              @ Abbrev [14] 0x2b3:0xd DW_TAG_member
	.long	.Linfo_string57                 @ DW_AT_name
	.long	939                             @ DW_AT_type
	.byte	6                               @ DW_AT_decl_file
	.short	350                             @ DW_AT_decl_line
	.byte	176                             @ DW_AT_data_member_location
	.byte	14                              @ Abbrev [14] 0x2c0:0xd DW_TAG_member
	.long	.Linfo_string58                 @ DW_AT_name
	.long	939                             @ DW_AT_type
	.byte	6                               @ DW_AT_decl_file
	.short	351                             @ DW_AT_decl_line
	.byte	180                             @ DW_AT_data_member_location
	.byte	14                              @ Abbrev [14] 0x2cd:0xd DW_TAG_member
	.long	.Linfo_string59                 @ DW_AT_name
	.long	939                             @ DW_AT_type
	.byte	6                               @ DW_AT_decl_file
	.short	352                             @ DW_AT_decl_line
	.byte	184                             @ DW_AT_data_member_location
	.byte	14                              @ Abbrev [14] 0x2da:0xd DW_TAG_member
	.long	.Linfo_string60                 @ DW_AT_name
	.long	939                             @ DW_AT_type
	.byte	6                               @ DW_AT_decl_file
	.short	353                             @ DW_AT_decl_line
	.byte	188                             @ DW_AT_data_member_location
	.byte	14                              @ Abbrev [14] 0x2e7:0xd DW_TAG_member
	.long	.Linfo_string61                 @ DW_AT_name
	.long	939                             @ DW_AT_type
	.byte	6                               @ DW_AT_decl_file
	.short	354                             @ DW_AT_decl_line
	.byte	192                             @ DW_AT_data_member_location
	.byte	14                              @ Abbrev [14] 0x2f4:0xd DW_TAG_member
	.long	.Linfo_string62                 @ DW_AT_name
	.long	939                             @ DW_AT_type
	.byte	6                               @ DW_AT_decl_file
	.short	355                             @ DW_AT_decl_line
	.byte	196                             @ DW_AT_data_member_location
	.byte	14                              @ Abbrev [14] 0x301:0xd DW_TAG_member
	.long	.Linfo_string63                 @ DW_AT_name
	.long	939                             @ DW_AT_type
	.byte	6                               @ DW_AT_decl_file
	.short	356                             @ DW_AT_decl_line
	.byte	200                             @ DW_AT_data_member_location
	.byte	14                              @ Abbrev [14] 0x30e:0xd DW_TAG_member
	.long	.Linfo_string64                 @ DW_AT_name
	.long	939                             @ DW_AT_type
	.byte	6                               @ DW_AT_decl_file
	.short	357                             @ DW_AT_decl_line
	.byte	204                             @ DW_AT_data_member_location
	.byte	14                              @ Abbrev [14] 0x31b:0xd DW_TAG_member
	.long	.Linfo_string65                 @ DW_AT_name
	.long	939                             @ DW_AT_type
	.byte	6                               @ DW_AT_decl_file
	.short	358                             @ DW_AT_decl_line
	.byte	208                             @ DW_AT_data_member_location
	.byte	14                              @ Abbrev [14] 0x328:0xd DW_TAG_member
	.long	.Linfo_string66                 @ DW_AT_name
	.long	939                             @ DW_AT_type
	.byte	6                               @ DW_AT_decl_file
	.short	359                             @ DW_AT_decl_line
	.byte	212                             @ DW_AT_data_member_location
	.byte	14                              @ Abbrev [14] 0x335:0xd DW_TAG_member
	.long	.Linfo_string67                 @ DW_AT_name
	.long	939                             @ DW_AT_type
	.byte	6                               @ DW_AT_decl_file
	.short	360                             @ DW_AT_decl_line
	.byte	216                             @ DW_AT_data_member_location
	.byte	14                              @ Abbrev [14] 0x342:0xd DW_TAG_member
	.long	.Linfo_string68                 @ DW_AT_name
	.long	939                             @ DW_AT_type
	.byte	6                               @ DW_AT_decl_file
	.short	361                             @ DW_AT_decl_line
	.byte	220                             @ DW_AT_data_member_location
	.byte	14                              @ Abbrev [14] 0x34f:0xd DW_TAG_member
	.long	.Linfo_string69                 @ DW_AT_name
	.long	939                             @ DW_AT_type
	.byte	6                               @ DW_AT_decl_file
	.short	362                             @ DW_AT_decl_line
	.byte	224                             @ DW_AT_data_member_location
	.byte	14                              @ Abbrev [14] 0x35c:0xd DW_TAG_member
	.long	.Linfo_string70                 @ DW_AT_name
	.long	939                             @ DW_AT_type
	.byte	6                               @ DW_AT_decl_file
	.short	363                             @ DW_AT_decl_line
	.byte	228                             @ DW_AT_data_member_location
	.byte	14                              @ Abbrev [14] 0x369:0xd DW_TAG_member
	.long	.Linfo_string71                 @ DW_AT_name
	.long	986                             @ DW_AT_type
	.byte	6                               @ DW_AT_decl_file
	.short	364                             @ DW_AT_decl_line
	.byte	232                             @ DW_AT_data_member_location
	.byte	14                              @ Abbrev [14] 0x376:0xd DW_TAG_member
	.long	.Linfo_string72                 @ DW_AT_name
	.long	939                             @ DW_AT_type
	.byte	6                               @ DW_AT_decl_file
	.short	365                             @ DW_AT_decl_line
	.byte	240                             @ DW_AT_data_member_location
	.byte	14                              @ Abbrev [14] 0x383:0xd DW_TAG_member
	.long	.Linfo_string73                 @ DW_AT_name
	.long	939                             @ DW_AT_type
	.byte	6                               @ DW_AT_decl_file
	.short	366                             @ DW_AT_decl_line
	.byte	244                             @ DW_AT_data_member_location
	.byte	14                              @ Abbrev [14] 0x390:0xd DW_TAG_member
	.long	.Linfo_string74                 @ DW_AT_name
	.long	939                             @ DW_AT_type
	.byte	6                               @ DW_AT_decl_file
	.short	367                             @ DW_AT_decl_line
	.byte	248                             @ DW_AT_data_member_location
	.byte	14                              @ Abbrev [14] 0x39d:0xd DW_TAG_member
	.long	.Linfo_string75                 @ DW_AT_name
	.long	939                             @ DW_AT_type
	.byte	6                               @ DW_AT_decl_file
	.short	368                             @ DW_AT_decl_line
	.byte	252                             @ DW_AT_data_member_location
	.byte	0                               @ End Of Children Mark
	.byte	15                              @ Abbrev [15] 0x3ab:0x5 DW_TAG_volatile_type
	.long	944                             @ DW_AT_type
	.byte	6                               @ Abbrev [6] 0x3b0:0xb DW_TAG_typedef
	.long	955                             @ DW_AT_type
	.long	.Linfo_string23                 @ DW_AT_name
	.byte	1                               @ DW_AT_decl_file
	.byte	64                              @ DW_AT_decl_line
	.byte	7                               @ Abbrev [7] 0x3bb:0x7 DW_TAG_base_type
	.long	.Linfo_string22                 @ DW_AT_name
	.byte	7                               @ DW_AT_encoding
	.byte	4                               @ DW_AT_byte_size
	.byte	3                               @ Abbrev [3] 0x3c2:0xc DW_TAG_array_type
	.long	939                             @ DW_AT_type
	.byte	4                               @ Abbrev [4] 0x3c7:0x6 DW_TAG_subrange_type
	.long	90                              @ DW_AT_type
	.byte	4                               @ DW_AT_count
	.byte	0                               @ End Of Children Mark
	.byte	3                               @ Abbrev [3] 0x3ce:0xc DW_TAG_array_type
	.long	939                             @ DW_AT_type
	.byte	4                               @ Abbrev [4] 0x3d3:0x6 DW_TAG_subrange_type
	.long	90                              @ DW_AT_type
	.byte	8                               @ DW_AT_count
	.byte	0                               @ End Of Children Mark
	.byte	3                               @ Abbrev [3] 0x3da:0xc DW_TAG_array_type
	.long	939                             @ DW_AT_type
	.byte	4                               @ Abbrev [4] 0x3df:0x6 DW_TAG_subrange_type
	.long	90                              @ DW_AT_type
	.byte	2                               @ DW_AT_count
	.byte	0                               @ End Of Children Mark
	.byte	11                              @ Abbrev [11] 0x3e6:0x5 DW_TAG_pointer_type
	.long	1003                            @ DW_AT_type
	.byte	12                              @ Abbrev [12] 0x3eb:0xc DW_TAG_typedef
	.long	1015                            @ DW_AT_type
	.long	.Linfo_string95                 @ DW_AT_name
	.byte	6                               @ DW_AT_decl_file
	.short	396                             @ DW_AT_decl_line
	.byte	13                              @ Abbrev [13] 0x3f7:0xff DW_TAG_structure_type
	.short	516                             @ DW_AT_byte_size
	.byte	6                               @ DW_AT_decl_file
	.short	375                             @ DW_AT_decl_line
	.byte	14                              @ Abbrev [14] 0x3fd:0xd DW_TAG_member
	.long	.Linfo_string77                 @ DW_AT_name
	.long	939                             @ DW_AT_type
	.byte	6                               @ DW_AT_decl_file
	.short	377                             @ DW_AT_decl_line
	.byte	0                               @ DW_AT_data_member_location
	.byte	14                              @ Abbrev [14] 0x40a:0xd DW_TAG_member
	.long	.Linfo_string78                 @ DW_AT_name
	.long	939                             @ DW_AT_type
	.byte	6                               @ DW_AT_decl_file
	.short	378                             @ DW_AT_decl_line
	.byte	4                               @ DW_AT_data_member_location
	.byte	14                              @ Abbrev [14] 0x417:0xd DW_TAG_member
	.long	.Linfo_string79                 @ DW_AT_name
	.long	939                             @ DW_AT_type
	.byte	6                               @ DW_AT_decl_file
	.short	379                             @ DW_AT_decl_line
	.byte	8                               @ DW_AT_data_member_location
	.byte	14                              @ Abbrev [14] 0x424:0xd DW_TAG_member
	.long	.Linfo_string80                 @ DW_AT_name
	.long	939                             @ DW_AT_type
	.byte	6                               @ DW_AT_decl_file
	.short	380                             @ DW_AT_decl_line
	.byte	12                              @ DW_AT_data_member_location
	.byte	14                              @ Abbrev [14] 0x431:0xd DW_TAG_member
	.long	.Linfo_string81                 @ DW_AT_name
	.long	939                             @ DW_AT_type
	.byte	6                               @ DW_AT_decl_file
	.short	381                             @ DW_AT_decl_line
	.byte	16                              @ DW_AT_data_member_location
	.byte	14                              @ Abbrev [14] 0x43e:0xd DW_TAG_member
	.long	.Linfo_string82                 @ DW_AT_name
	.long	939                             @ DW_AT_type
	.byte	6                               @ DW_AT_decl_file
	.short	382                             @ DW_AT_decl_line
	.byte	20                              @ DW_AT_data_member_location
	.byte	14                              @ Abbrev [14] 0x44b:0xd DW_TAG_member
	.long	.Linfo_string83                 @ DW_AT_name
	.long	939                             @ DW_AT_type
	.byte	6                               @ DW_AT_decl_file
	.short	383                             @ DW_AT_decl_line
	.byte	24                              @ DW_AT_data_member_location
	.byte	14                              @ Abbrev [14] 0x458:0xd DW_TAG_member
	.long	.Linfo_string84                 @ DW_AT_name
	.long	939                             @ DW_AT_type
	.byte	6                               @ DW_AT_decl_file
	.short	384                             @ DW_AT_decl_line
	.byte	28                              @ DW_AT_data_member_location
	.byte	14                              @ Abbrev [14] 0x465:0xd DW_TAG_member
	.long	.Linfo_string85                 @ DW_AT_name
	.long	939                             @ DW_AT_type
	.byte	6                               @ DW_AT_decl_file
	.short	385                             @ DW_AT_decl_line
	.byte	32                              @ DW_AT_data_member_location
	.byte	14                              @ Abbrev [14] 0x472:0xd DW_TAG_member
	.long	.Linfo_string86                 @ DW_AT_name
	.long	939                             @ DW_AT_type
	.byte	6                               @ DW_AT_decl_file
	.short	386                             @ DW_AT_decl_line
	.byte	36                              @ DW_AT_data_member_location
	.byte	14                              @ Abbrev [14] 0x47f:0xd DW_TAG_member
	.long	.Linfo_string87                 @ DW_AT_name
	.long	939                             @ DW_AT_type
	.byte	6                               @ DW_AT_decl_file
	.short	387                             @ DW_AT_decl_line
	.byte	40                              @ DW_AT_data_member_location
	.byte	14                              @ Abbrev [14] 0x48c:0xd DW_TAG_member
	.long	.Linfo_string88                 @ DW_AT_name
	.long	939                             @ DW_AT_type
	.byte	6                               @ DW_AT_decl_file
	.short	388                             @ DW_AT_decl_line
	.byte	44                              @ DW_AT_data_member_location
	.byte	14                              @ Abbrev [14] 0x499:0xd DW_TAG_member
	.long	.Linfo_string89                 @ DW_AT_name
	.long	939                             @ DW_AT_type
	.byte	6                               @ DW_AT_decl_file
	.short	389                             @ DW_AT_decl_line
	.byte	48                              @ DW_AT_data_member_location
	.byte	14                              @ Abbrev [14] 0x4a6:0xd DW_TAG_member
	.long	.Linfo_string90                 @ DW_AT_name
	.long	939                             @ DW_AT_type
	.byte	6                               @ DW_AT_decl_file
	.short	390                             @ DW_AT_decl_line
	.byte	52                              @ DW_AT_data_member_location
	.byte	14                              @ Abbrev [14] 0x4b3:0xd DW_TAG_member
	.long	.Linfo_string91                 @ DW_AT_name
	.long	939                             @ DW_AT_type
	.byte	6                               @ DW_AT_decl_file
	.short	391                             @ DW_AT_decl_line
	.byte	56                              @ DW_AT_data_member_location
	.byte	14                              @ Abbrev [14] 0x4c0:0xd DW_TAG_member
	.long	.Linfo_string92                 @ DW_AT_name
	.long	939                             @ DW_AT_type
	.byte	6                               @ DW_AT_decl_file
	.short	392                             @ DW_AT_decl_line
	.byte	60                              @ DW_AT_data_member_location
	.byte	14                              @ Abbrev [14] 0x4cd:0xd DW_TAG_member
	.long	.Linfo_string93                 @ DW_AT_name
	.long	939                             @ DW_AT_type
	.byte	6                               @ DW_AT_decl_file
	.short	393                             @ DW_AT_decl_line
	.byte	64                              @ DW_AT_data_member_location
	.byte	14                              @ Abbrev [14] 0x4da:0xd DW_TAG_member
	.long	.Linfo_string25                 @ DW_AT_name
	.long	1270                            @ DW_AT_type
	.byte	6                               @ DW_AT_decl_file
	.short	394                             @ DW_AT_decl_line
	.byte	68                              @ DW_AT_data_member_location
	.byte	16                              @ Abbrev [16] 0x4e7:0xe DW_TAG_member
	.long	.Linfo_string94                 @ DW_AT_name
	.long	939                             @ DW_AT_type
	.byte	6                               @ DW_AT_decl_file
	.short	395                             @ DW_AT_decl_line
	.short	512                             @ DW_AT_data_member_location
	.byte	0                               @ End Of Children Mark
	.byte	3                               @ Abbrev [3] 0x4f6:0xc DW_TAG_array_type
	.long	939                             @ DW_AT_type
	.byte	4                               @ Abbrev [4] 0x4fb:0x6 DW_TAG_subrange_type
	.long	90                              @ DW_AT_type
	.byte	111                             @ DW_AT_count
	.byte	0                               @ End Of Children Mark
	.byte	11                              @ Abbrev [11] 0x502:0x5 DW_TAG_pointer_type
	.long	1287                            @ DW_AT_type
	.byte	12                              @ Abbrev [12] 0x507:0xc DW_TAG_typedef
	.long	1299                            @ DW_AT_type
	.long	.Linfo_string99                 @ DW_AT_name
	.byte	6                               @ DW_AT_decl_file
	.short	410                             @ DW_AT_decl_line
	.byte	17                              @ Abbrev [17] 0x513:0x54 DW_TAG_structure_type
	.byte	24                              @ DW_AT_byte_size
	.byte	6                               @ DW_AT_decl_file
	.short	402                             @ DW_AT_decl_line
	.byte	14                              @ Abbrev [14] 0x518:0xd DW_TAG_member
	.long	.Linfo_string21                 @ DW_AT_name
	.long	939                             @ DW_AT_type
	.byte	6                               @ DW_AT_decl_file
	.short	404                             @ DW_AT_decl_line
	.byte	0                               @ DW_AT_data_member_location
	.byte	14                              @ Abbrev [14] 0x525:0xd DW_TAG_member
	.long	.Linfo_string96                 @ DW_AT_name
	.long	939                             @ DW_AT_type
	.byte	6                               @ DW_AT_decl_file
	.short	405                             @ DW_AT_decl_line
	.byte	4                               @ DW_AT_data_member_location
	.byte	14                              @ Abbrev [14] 0x532:0xd DW_TAG_member
	.long	.Linfo_string97                 @ DW_AT_name
	.long	939                             @ DW_AT_type
	.byte	6                               @ DW_AT_decl_file
	.short	406                             @ DW_AT_decl_line
	.byte	8                               @ DW_AT_data_member_location
	.byte	14                              @ Abbrev [14] 0x53f:0xd DW_TAG_member
	.long	.Linfo_string98                 @ DW_AT_name
	.long	939                             @ DW_AT_type
	.byte	6                               @ DW_AT_decl_file
	.short	407                             @ DW_AT_decl_line
	.byte	12                              @ DW_AT_data_member_location
	.byte	14                              @ Abbrev [14] 0x54c:0xd DW_TAG_member
	.long	.Linfo_string40                 @ DW_AT_name
	.long	939                             @ DW_AT_type
	.byte	6                               @ DW_AT_decl_file
	.short	408                             @ DW_AT_decl_line
	.byte	16                              @ DW_AT_data_member_location
	.byte	14                              @ Abbrev [14] 0x559:0xd DW_TAG_member
	.long	.Linfo_string41                 @ DW_AT_name
	.long	939                             @ DW_AT_type
	.byte	6                               @ DW_AT_decl_file
	.short	409                             @ DW_AT_decl_line
	.byte	20                              @ DW_AT_data_member_location
	.byte	0                               @ End Of Children Mark
	.byte	11                              @ Abbrev [11] 0x567:0x5 DW_TAG_pointer_type
	.long	944                             @ DW_AT_type
	.byte	6                               @ Abbrev [6] 0x56c:0xb DW_TAG_typedef
	.long	1399                            @ DW_AT_type
	.long	.Linfo_string101                @ DW_AT_name
	.byte	1                               @ DW_AT_decl_file
	.byte	63                              @ DW_AT_decl_line
	.byte	7                               @ Abbrev [7] 0x577:0x7 DW_TAG_base_type
	.long	.Linfo_string100                @ DW_AT_name
	.byte	7                               @ DW_AT_encoding
	.byte	2                               @ DW_AT_byte_size
	.byte	11                              @ Abbrev [11] 0x57e:0x5 DW_TAG_pointer_type
	.long	72                              @ DW_AT_type
	.byte	18                              @ Abbrev [18] 0x583:0x56 DW_TAG_subprogram
	.long	.Lfunc_begin0                   @ DW_AT_low_pc
	.long	.Lfunc_end0-.Lfunc_begin0       @ DW_AT_high_pc
	.byte	1                               @ DW_AT_frame_base
	.byte	93
	.long	.Linfo_string104                @ DW_AT_name
	.byte	2                               @ DW_AT_decl_file
	.short	302                             @ DW_AT_decl_line
                                        @ DW_AT_prototyped
	.long	7923                            @ DW_AT_type
                                        @ DW_AT_external
	.byte	19                              @ Abbrev [19] 0x599:0x10 DW_TAG_formal_parameter
	.byte	3                               @ DW_AT_location
	.byte	145
	.asciz	"\330"
	.long	.Linfo_string206                @ DW_AT_name
	.byte	2                               @ DW_AT_decl_file
	.short	302                             @ DW_AT_decl_line
	.long	7945                            @ DW_AT_type
	.byte	20                              @ Abbrev [20] 0x5a9:0x10 DW_TAG_variable
	.byte	3                               @ DW_AT_location
	.byte	145
	.asciz	"\324"
	.long	.Linfo_string257                @ DW_AT_name
	.byte	2                               @ DW_AT_decl_file
	.short	304                             @ DW_AT_decl_line
	.long	944                             @ DW_AT_type
	.byte	20                              @ Abbrev [20] 0x5b9:0x10 DW_TAG_variable
	.byte	3                               @ DW_AT_location
	.byte	145
	.asciz	"\323"
	.long	.Linfo_string258                @ DW_AT_name
	.byte	2                               @ DW_AT_decl_file
	.short	305                             @ DW_AT_decl_line
	.long	7923                            @ DW_AT_type
	.byte	20                              @ Abbrev [20] 0x5c9:0xf DW_TAG_variable
	.byte	2                               @ DW_AT_location
	.byte	145
	.byte	4
	.long	.Linfo_string259                @ DW_AT_name
	.byte	2                               @ DW_AT_decl_file
	.short	306                             @ DW_AT_decl_line
	.long	8587                            @ DW_AT_type
	.byte	0                               @ End Of Children Mark
	.byte	21                              @ Abbrev [21] 0x5d9:0x22 DW_TAG_subprogram
	.long	.Lfunc_begin1                   @ DW_AT_low_pc
	.long	.Lfunc_end1-.Lfunc_begin1       @ DW_AT_high_pc
	.byte	1                               @ DW_AT_frame_base
	.byte	93
	.long	.Linfo_string106                @ DW_AT_name
	.byte	2                               @ DW_AT_decl_file
	.short	654                             @ DW_AT_decl_line
                                        @ DW_AT_prototyped
                                        @ DW_AT_external
	.byte	19                              @ Abbrev [19] 0x5eb:0xf DW_TAG_formal_parameter
	.byte	2                               @ DW_AT_location
	.byte	145
	.byte	0
	.long	.Linfo_string206                @ DW_AT_name
	.byte	2                               @ DW_AT_decl_file
	.short	654                             @ DW_AT_decl_line
	.long	7945                            @ DW_AT_type
	.byte	0                               @ End Of Children Mark
	.byte	22                              @ Abbrev [22] 0x5fb:0x44 DW_TAG_subprogram
	.long	.Lfunc_begin2                   @ DW_AT_low_pc
	.long	.Lfunc_end2-.Lfunc_begin2       @ DW_AT_high_pc
	.byte	1                               @ DW_AT_frame_base
	.byte	93
	.long	.Linfo_string107                @ DW_AT_name
	.byte	2                               @ DW_AT_decl_file
	.short	6101                            @ DW_AT_decl_line
                                        @ DW_AT_prototyped
	.long	7923                            @ DW_AT_type
	.byte	19                              @ Abbrev [19] 0x611:0xf DW_TAG_formal_parameter
	.byte	2                               @ DW_AT_location
	.byte	145
	.byte	8
	.long	.Linfo_string206                @ DW_AT_name
	.byte	2                               @ DW_AT_decl_file
	.short	6101                            @ DW_AT_decl_line
	.long	7945                            @ DW_AT_type
	.byte	20                              @ Abbrev [20] 0x620:0xf DW_TAG_variable
	.byte	2                               @ DW_AT_location
	.byte	145
	.byte	4
	.long	.Linfo_string260                @ DW_AT_name
	.byte	2                               @ DW_AT_decl_file
	.short	6103                            @ DW_AT_decl_line
	.long	944                             @ DW_AT_type
	.byte	20                              @ Abbrev [20] 0x62f:0xf DW_TAG_variable
	.byte	2                               @ DW_AT_location
	.byte	145
	.byte	0
	.long	.Linfo_string261                @ DW_AT_name
	.byte	2                               @ DW_AT_decl_file
	.short	6104                            @ DW_AT_decl_line
	.long	944                             @ DW_AT_type
	.byte	0                               @ End Of Children Mark
	.byte	18                              @ Abbrev [18] 0x63f:0x26 DW_TAG_subprogram
	.long	.Lfunc_begin3                   @ DW_AT_low_pc
	.long	.Lfunc_end3-.Lfunc_begin3       @ DW_AT_high_pc
	.byte	1                               @ DW_AT_frame_base
	.byte	93
	.long	.Linfo_string108                @ DW_AT_name
	.byte	2                               @ DW_AT_decl_file
	.short	608                             @ DW_AT_decl_line
                                        @ DW_AT_prototyped
	.long	7923                            @ DW_AT_type
                                        @ DW_AT_external
	.byte	19                              @ Abbrev [19] 0x655:0xf DW_TAG_formal_parameter
	.byte	2                               @ DW_AT_location
	.byte	145
	.byte	0
	.long	.Linfo_string206                @ DW_AT_name
	.byte	2                               @ DW_AT_decl_file
	.short	608                             @ DW_AT_decl_line
	.long	7945                            @ DW_AT_type
	.byte	0                               @ End Of Children Mark
	.byte	18                              @ Abbrev [18] 0x665:0x35 DW_TAG_subprogram
	.long	.Lfunc_begin4                   @ DW_AT_low_pc
	.long	.Lfunc_end4-.Lfunc_begin4       @ DW_AT_high_pc
	.byte	1                               @ DW_AT_frame_base
	.byte	93
	.long	.Linfo_string109                @ DW_AT_name
	.byte	2                               @ DW_AT_decl_file
	.short	2652                            @ DW_AT_decl_line
                                        @ DW_AT_prototyped
	.long	7923                            @ DW_AT_type
                                        @ DW_AT_external
	.byte	19                              @ Abbrev [19] 0x67b:0xf DW_TAG_formal_parameter
	.byte	2                               @ DW_AT_location
	.byte	145
	.byte	4
	.long	.Linfo_string206                @ DW_AT_name
	.byte	2                               @ DW_AT_decl_file
	.short	2652                            @ DW_AT_decl_line
	.long	7945                            @ DW_AT_type
	.byte	20                              @ Abbrev [20] 0x68a:0xf DW_TAG_variable
	.byte	2                               @ DW_AT_location
	.byte	145
	.byte	0
	.long	.Linfo_string262                @ DW_AT_name
	.byte	2                               @ DW_AT_decl_file
	.short	2654                            @ DW_AT_decl_line
	.long	944                             @ DW_AT_type
	.byte	0                               @ End Of Children Mark
	.byte	21                              @ Abbrev [21] 0x69a:0x22 DW_TAG_subprogram
	.long	.Lfunc_begin5                   @ DW_AT_low_pc
	.long	.Lfunc_end5-.Lfunc_begin5       @ DW_AT_high_pc
	.byte	1                               @ DW_AT_frame_base
	.byte	93
	.long	.Linfo_string110                @ DW_AT_name
	.byte	2                               @ DW_AT_decl_file
	.short	669                             @ DW_AT_decl_line
                                        @ DW_AT_prototyped
                                        @ DW_AT_external
	.byte	19                              @ Abbrev [19] 0x6ac:0xf DW_TAG_formal_parameter
	.byte	2                               @ DW_AT_location
	.byte	145
	.byte	0
	.long	.Linfo_string206                @ DW_AT_name
	.byte	2                               @ DW_AT_decl_file
	.short	669                             @ DW_AT_decl_line
	.long	7945                            @ DW_AT_type
	.byte	0                               @ End Of Children Mark
	.byte	18                              @ Abbrev [18] 0x6bc:0x35 DW_TAG_subprogram
	.long	.Lfunc_begin6                   @ DW_AT_low_pc
	.long	.Lfunc_end6-.Lfunc_begin6       @ DW_AT_high_pc
	.byte	1                               @ DW_AT_frame_base
	.byte	93
	.long	.Linfo_string111                @ DW_AT_name
	.byte	2                               @ DW_AT_decl_file
	.short	684                             @ DW_AT_decl_line
                                        @ DW_AT_prototyped
	.long	7923                            @ DW_AT_type
                                        @ DW_AT_external
	.byte	19                              @ Abbrev [19] 0x6d2:0xf DW_TAG_formal_parameter
	.byte	2                               @ DW_AT_location
	.byte	145
	.byte	8
	.long	.Linfo_string206                @ DW_AT_name
	.byte	2                               @ DW_AT_decl_file
	.short	684                             @ DW_AT_decl_line
	.long	7945                            @ DW_AT_type
	.byte	20                              @ Abbrev [20] 0x6e1:0xf DW_TAG_variable
	.byte	2                               @ DW_AT_location
	.byte	145
	.byte	4
	.long	.Linfo_string257                @ DW_AT_name
	.byte	2                               @ DW_AT_decl_file
	.short	686                             @ DW_AT_decl_line
	.long	944                             @ DW_AT_type
	.byte	0                               @ End Of Children Mark
	.byte	18                              @ Abbrev [18] 0x6f1:0x35 DW_TAG_subprogram
	.long	.Lfunc_begin7                   @ DW_AT_low_pc
	.long	.Lfunc_end7-.Lfunc_begin7       @ DW_AT_high_pc
	.byte	1                               @ DW_AT_frame_base
	.byte	93
	.long	.Linfo_string112                @ DW_AT_name
	.byte	2                               @ DW_AT_decl_file
	.short	719                             @ DW_AT_decl_line
                                        @ DW_AT_prototyped
	.long	7923                            @ DW_AT_type
                                        @ DW_AT_external
	.byte	19                              @ Abbrev [19] 0x707:0xf DW_TAG_formal_parameter
	.byte	2                               @ DW_AT_location
	.byte	145
	.byte	8
	.long	.Linfo_string206                @ DW_AT_name
	.byte	2                               @ DW_AT_decl_file
	.short	719                             @ DW_AT_decl_line
	.long	7945                            @ DW_AT_type
	.byte	20                              @ Abbrev [20] 0x716:0xf DW_TAG_variable
	.byte	2                               @ DW_AT_location
	.byte	145
	.byte	4
	.long	.Linfo_string257                @ DW_AT_name
	.byte	2                               @ DW_AT_decl_file
	.short	721                             @ DW_AT_decl_line
	.long	944                             @ DW_AT_type
	.byte	0                               @ End Of Children Mark
	.byte	18                              @ Abbrev [18] 0x726:0x35 DW_TAG_subprogram
	.long	.Lfunc_begin8                   @ DW_AT_low_pc
	.long	.Lfunc_end8-.Lfunc_begin8       @ DW_AT_high_pc
	.byte	1                               @ DW_AT_frame_base
	.byte	93
	.long	.Linfo_string113                @ DW_AT_name
	.byte	2                               @ DW_AT_decl_file
	.short	1690                            @ DW_AT_decl_line
                                        @ DW_AT_prototyped
	.long	7923                            @ DW_AT_type
                                        @ DW_AT_external
	.byte	19                              @ Abbrev [19] 0x73c:0xf DW_TAG_formal_parameter
	.byte	2                               @ DW_AT_location
	.byte	145
	.byte	4
	.long	.Linfo_string206                @ DW_AT_name
	.byte	2                               @ DW_AT_decl_file
	.short	1690                            @ DW_AT_decl_line
	.long	7945                            @ DW_AT_type
	.byte	19                              @ Abbrev [19] 0x74b:0xf DW_TAG_formal_parameter
	.byte	2                               @ DW_AT_location
	.byte	145
	.byte	0
	.long	.Linfo_string263                @ DW_AT_name
	.byte	2                               @ DW_AT_decl_file
	.short	1691                            @ DW_AT_decl_line
	.long	8604                            @ DW_AT_type
	.byte	0                               @ End Of Children Mark
	.byte	18                              @ Abbrev [18] 0x75b:0x26 DW_TAG_subprogram
	.long	.Lfunc_begin9                   @ DW_AT_low_pc
	.long	.Lfunc_end9-.Lfunc_begin9       @ DW_AT_high_pc
	.byte	1                               @ DW_AT_frame_base
	.byte	93
	.long	.Linfo_string114                @ DW_AT_name
	.byte	2                               @ DW_AT_decl_file
	.short	1761                            @ DW_AT_decl_line
                                        @ DW_AT_prototyped
	.long	944                             @ DW_AT_type
                                        @ DW_AT_external
	.byte	19                              @ Abbrev [19] 0x771:0xf DW_TAG_formal_parameter
	.byte	2                               @ DW_AT_location
	.byte	145
	.byte	0
	.long	.Linfo_string206                @ DW_AT_name
	.byte	2                               @ DW_AT_decl_file
	.short	1761                            @ DW_AT_decl_line
	.long	8702                            @ DW_AT_type
	.byte	0                               @ End Of Children Mark
	.byte	18                              @ Abbrev [18] 0x781:0x26 DW_TAG_subprogram
	.long	.Lfunc_begin10                  @ DW_AT_low_pc
	.long	.Lfunc_end10-.Lfunc_begin10     @ DW_AT_high_pc
	.byte	1                               @ DW_AT_frame_base
	.byte	93
	.long	.Linfo_string115                @ DW_AT_name
	.byte	2                               @ DW_AT_decl_file
	.short	1775                            @ DW_AT_decl_line
                                        @ DW_AT_prototyped
	.long	7923                            @ DW_AT_type
                                        @ DW_AT_external
	.byte	19                              @ Abbrev [19] 0x797:0xf DW_TAG_formal_parameter
	.byte	2                               @ DW_AT_location
	.byte	145
	.byte	0
	.long	.Linfo_string206                @ DW_AT_name
	.byte	2                               @ DW_AT_decl_file
	.short	1775                            @ DW_AT_decl_line
	.long	7945                            @ DW_AT_type
	.byte	0                               @ End Of Children Mark
	.byte	18                              @ Abbrev [18] 0x7a7:0x35 DW_TAG_subprogram
	.long	.Lfunc_begin11                  @ DW_AT_low_pc
	.long	.Lfunc_end11-.Lfunc_begin11     @ DW_AT_high_pc
	.byte	1                               @ DW_AT_frame_base
	.byte	93
	.long	.Linfo_string116                @ DW_AT_name
	.byte	2                               @ DW_AT_decl_file
	.short	1811                            @ DW_AT_decl_line
                                        @ DW_AT_prototyped
	.long	944                             @ DW_AT_type
                                        @ DW_AT_external
	.byte	19                              @ Abbrev [19] 0x7bd:0xf DW_TAG_formal_parameter
	.byte	2                               @ DW_AT_location
	.byte	145
	.byte	4
	.long	.Linfo_string206                @ DW_AT_name
	.byte	2                               @ DW_AT_decl_file
	.short	1811                            @ DW_AT_decl_line
	.long	8702                            @ DW_AT_type
	.byte	19                              @ Abbrev [19] 0x7cc:0xf DW_TAG_formal_parameter
	.byte	2                               @ DW_AT_location
	.byte	145
	.byte	0
	.long	.Linfo_string262                @ DW_AT_name
	.byte	2                               @ DW_AT_decl_file
	.short	1811                            @ DW_AT_decl_line
	.long	944                             @ DW_AT_type
	.byte	0                               @ End Of Children Mark
	.byte	18                              @ Abbrev [18] 0x7dc:0x71 DW_TAG_subprogram
	.long	.Lfunc_begin12                  @ DW_AT_low_pc
	.long	.Lfunc_end12-.Lfunc_begin12     @ DW_AT_high_pc
	.byte	1                               @ DW_AT_frame_base
	.byte	93
	.long	.Linfo_string117                @ DW_AT_name
	.byte	2                               @ DW_AT_decl_file
	.short	1842                            @ DW_AT_decl_line
                                        @ DW_AT_prototyped
	.long	7923                            @ DW_AT_type
                                        @ DW_AT_external
	.byte	19                              @ Abbrev [19] 0x7f2:0xf DW_TAG_formal_parameter
	.byte	2                               @ DW_AT_location
	.byte	145
	.byte	20
	.long	.Linfo_string206                @ DW_AT_name
	.byte	2                               @ DW_AT_decl_file
	.short	1842                            @ DW_AT_decl_line
	.long	7945                            @ DW_AT_type
	.byte	19                              @ Abbrev [19] 0x801:0xf DW_TAG_formal_parameter
	.byte	2                               @ DW_AT_location
	.byte	145
	.byte	16
	.long	.Linfo_string271                @ DW_AT_name
	.byte	2                               @ DW_AT_decl_file
	.short	1842                            @ DW_AT_decl_line
	.long	8712                            @ DW_AT_type
	.byte	20                              @ Abbrev [20] 0x810:0xf DW_TAG_variable
	.byte	2                               @ DW_AT_location
	.byte	145
	.byte	12
	.long	.Linfo_string281                @ DW_AT_name
	.byte	2                               @ DW_AT_decl_file
	.short	1844                            @ DW_AT_decl_line
	.long	944                             @ DW_AT_type
	.byte	20                              @ Abbrev [20] 0x81f:0xf DW_TAG_variable
	.byte	2                               @ DW_AT_location
	.byte	145
	.byte	8
	.long	.Linfo_string282                @ DW_AT_name
	.byte	2                               @ DW_AT_decl_file
	.short	1845                            @ DW_AT_decl_line
	.long	944                             @ DW_AT_type
	.byte	20                              @ Abbrev [20] 0x82e:0xf DW_TAG_variable
	.byte	2                               @ DW_AT_location
	.byte	145
	.byte	4
	.long	.Linfo_string283                @ DW_AT_name
	.byte	2                               @ DW_AT_decl_file
	.short	1846                            @ DW_AT_decl_line
	.long	1383                            @ DW_AT_type
	.byte	20                              @ Abbrev [20] 0x83d:0xf DW_TAG_variable
	.byte	2                               @ DW_AT_location
	.byte	145
	.byte	3
	.long	.Linfo_string284                @ DW_AT_name
	.byte	2                               @ DW_AT_decl_file
	.short	1847                            @ DW_AT_decl_line
	.long	7934                            @ DW_AT_type
	.byte	0                               @ End Of Children Mark
	.byte	18                              @ Abbrev [18] 0x84d:0x62 DW_TAG_subprogram
	.long	.Lfunc_begin13                  @ DW_AT_low_pc
	.long	.Lfunc_end13-.Lfunc_begin13     @ DW_AT_high_pc
	.byte	1                               @ DW_AT_frame_base
	.byte	93
	.long	.Linfo_string118                @ DW_AT_name
	.byte	2                               @ DW_AT_decl_file
	.short	1954                            @ DW_AT_decl_line
                                        @ DW_AT_prototyped
	.long	7923                            @ DW_AT_type
                                        @ DW_AT_external
	.byte	19                              @ Abbrev [19] 0x863:0xf DW_TAG_formal_parameter
	.byte	2                               @ DW_AT_location
	.byte	145
	.byte	12
	.long	.Linfo_string206                @ DW_AT_name
	.byte	2                               @ DW_AT_decl_file
	.short	1954                            @ DW_AT_decl_line
	.long	7945                            @ DW_AT_type
	.byte	19                              @ Abbrev [19] 0x872:0xf DW_TAG_formal_parameter
	.byte	2                               @ DW_AT_location
	.byte	145
	.byte	8
	.long	.Linfo_string285                @ DW_AT_name
	.byte	2                               @ DW_AT_decl_file
	.short	1955                            @ DW_AT_decl_line
	.long	944                             @ DW_AT_type
	.byte	19                              @ Abbrev [19] 0x881:0xf DW_TAG_formal_parameter
	.byte	2                               @ DW_AT_location
	.byte	145
	.byte	4
	.long	.Linfo_string286                @ DW_AT_name
	.byte	2                               @ DW_AT_decl_file
	.short	1956                            @ DW_AT_decl_line
	.long	944                             @ DW_AT_type
	.byte	19                              @ Abbrev [19] 0x890:0xf DW_TAG_formal_parameter
	.byte	2                               @ DW_AT_location
	.byte	145
	.byte	0
	.long	.Linfo_string287                @ DW_AT_name
	.byte	2                               @ DW_AT_decl_file
	.short	1957                            @ DW_AT_decl_line
	.long	944                             @ DW_AT_type
	.byte	19                              @ Abbrev [19] 0x89f:0xf DW_TAG_formal_parameter
	.byte	2                               @ DW_AT_location
	.byte	145
	.byte	20
	.long	.Linfo_string288                @ DW_AT_name
	.byte	2                               @ DW_AT_decl_file
	.short	1958                            @ DW_AT_decl_line
	.long	944                             @ DW_AT_type
	.byte	0                               @ End Of Children Mark
	.byte	18                              @ Abbrev [18] 0x8af:0x35 DW_TAG_subprogram
	.long	.Lfunc_begin14                  @ DW_AT_low_pc
	.long	.Lfunc_end14-.Lfunc_begin14     @ DW_AT_high_pc
	.byte	1                               @ DW_AT_frame_base
	.byte	93
	.long	.Linfo_string119                @ DW_AT_name
	.byte	2                               @ DW_AT_decl_file
	.short	1994                            @ DW_AT_decl_line
                                        @ DW_AT_prototyped
	.long	7923                            @ DW_AT_type
                                        @ DW_AT_external
	.byte	19                              @ Abbrev [19] 0x8c5:0xf DW_TAG_formal_parameter
	.byte	2                               @ DW_AT_location
	.byte	145
	.byte	4
	.long	.Linfo_string206                @ DW_AT_name
	.byte	2                               @ DW_AT_decl_file
	.short	1994                            @ DW_AT_decl_line
	.long	7945                            @ DW_AT_type
	.byte	19                              @ Abbrev [19] 0x8d4:0xf DW_TAG_formal_parameter
	.byte	2                               @ DW_AT_location
	.byte	145
	.byte	0
	.long	.Linfo_string289                @ DW_AT_name
	.byte	2                               @ DW_AT_decl_file
	.short	1994                            @ DW_AT_decl_line
	.long	944                             @ DW_AT_type
	.byte	0                               @ End Of Children Mark
	.byte	18                              @ Abbrev [18] 0x8e4:0x44 DW_TAG_subprogram
	.long	.Lfunc_begin15                  @ DW_AT_low_pc
	.long	.Lfunc_end15-.Lfunc_begin15     @ DW_AT_high_pc
	.byte	1                               @ DW_AT_frame_base
	.byte	93
	.long	.Linfo_string120                @ DW_AT_name
	.byte	2                               @ DW_AT_decl_file
	.short	2028                            @ DW_AT_decl_line
                                        @ DW_AT_prototyped
	.long	7923                            @ DW_AT_type
                                        @ DW_AT_external
	.byte	19                              @ Abbrev [19] 0x8fa:0xf DW_TAG_formal_parameter
	.byte	2                               @ DW_AT_location
	.byte	145
	.byte	8
	.long	.Linfo_string206                @ DW_AT_name
	.byte	2                               @ DW_AT_decl_file
	.short	2028                            @ DW_AT_decl_line
	.long	7945                            @ DW_AT_type
	.byte	19                              @ Abbrev [19] 0x909:0xf DW_TAG_formal_parameter
	.byte	2                               @ DW_AT_location
	.byte	145
	.byte	4
	.long	.Linfo_string290                @ DW_AT_name
	.byte	2                               @ DW_AT_decl_file
	.short	2028                            @ DW_AT_decl_line
	.long	944                             @ DW_AT_type
	.byte	19                              @ Abbrev [19] 0x918:0xf DW_TAG_formal_parameter
	.byte	2                               @ DW_AT_location
	.byte	145
	.byte	0
	.long	.Linfo_string291                @ DW_AT_name
	.byte	2                               @ DW_AT_decl_file
	.short	2028                            @ DW_AT_decl_line
	.long	944                             @ DW_AT_type
	.byte	0                               @ End Of Children Mark
	.byte	18                              @ Abbrev [18] 0x928:0x44 DW_TAG_subprogram
	.long	.Lfunc_begin16                  @ DW_AT_low_pc
	.long	.Lfunc_end16-.Lfunc_begin16     @ DW_AT_high_pc
	.byte	1                               @ DW_AT_frame_base
	.byte	93
	.long	.Linfo_string121                @ DW_AT_name
	.byte	2                               @ DW_AT_decl_file
	.short	2071                            @ DW_AT_decl_line
                                        @ DW_AT_prototyped
	.long	7923                            @ DW_AT_type
                                        @ DW_AT_external
	.byte	19                              @ Abbrev [19] 0x93e:0xf DW_TAG_formal_parameter
	.byte	2                               @ DW_AT_location
	.byte	145
	.byte	8
	.long	.Linfo_string206                @ DW_AT_name
	.byte	2                               @ DW_AT_decl_file
	.short	2071                            @ DW_AT_decl_line
	.long	7945                            @ DW_AT_type
	.byte	19                              @ Abbrev [19] 0x94d:0xf DW_TAG_formal_parameter
	.byte	2                               @ DW_AT_location
	.byte	145
	.byte	4
	.long	.Linfo_string292                @ DW_AT_name
	.byte	2                               @ DW_AT_decl_file
	.short	2071                            @ DW_AT_decl_line
	.long	944                             @ DW_AT_type
	.byte	19                              @ Abbrev [19] 0x95c:0xf DW_TAG_formal_parameter
	.byte	2                               @ DW_AT_location
	.byte	145
	.byte	0
	.long	.Linfo_string293                @ DW_AT_name
	.byte	2                               @ DW_AT_decl_file
	.short	2071                            @ DW_AT_decl_line
	.long	944                             @ DW_AT_type
	.byte	0                               @ End Of Children Mark
	.byte	18                              @ Abbrev [18] 0x96c:0x35 DW_TAG_subprogram
	.long	.Lfunc_begin17                  @ DW_AT_low_pc
	.long	.Lfunc_end17-.Lfunc_begin17     @ DW_AT_high_pc
	.byte	1                               @ DW_AT_frame_base
	.byte	93
	.long	.Linfo_string122                @ DW_AT_name
	.byte	2                               @ DW_AT_decl_file
	.short	2121                            @ DW_AT_decl_line
                                        @ DW_AT_prototyped
	.long	7923                            @ DW_AT_type
                                        @ DW_AT_external
	.byte	19                              @ Abbrev [19] 0x982:0xf DW_TAG_formal_parameter
	.byte	2                               @ DW_AT_location
	.byte	145
	.byte	4
	.long	.Linfo_string206                @ DW_AT_name
	.byte	2                               @ DW_AT_decl_file
	.short	2121                            @ DW_AT_decl_line
	.long	7945                            @ DW_AT_type
	.byte	19                              @ Abbrev [19] 0x991:0xf DW_TAG_formal_parameter
	.byte	2                               @ DW_AT_location
	.byte	145
	.byte	0
	.long	.Linfo_string294                @ DW_AT_name
	.byte	2                               @ DW_AT_decl_file
	.short	2121                            @ DW_AT_decl_line
	.long	944                             @ DW_AT_type
	.byte	0                               @ End Of Children Mark
	.byte	18                              @ Abbrev [18] 0x9a1:0x35 DW_TAG_subprogram
	.long	.Lfunc_begin18                  @ DW_AT_low_pc
	.long	.Lfunc_end18-.Lfunc_begin18     @ DW_AT_high_pc
	.byte	1                               @ DW_AT_frame_base
	.byte	93
	.long	.Linfo_string123                @ DW_AT_name
	.byte	2                               @ DW_AT_decl_file
	.short	2151                            @ DW_AT_decl_line
                                        @ DW_AT_prototyped
	.long	7923                            @ DW_AT_type
                                        @ DW_AT_external
	.byte	19                              @ Abbrev [19] 0x9b7:0xf DW_TAG_formal_parameter
	.byte	2                               @ DW_AT_location
	.byte	145
	.byte	4
	.long	.Linfo_string206                @ DW_AT_name
	.byte	2                               @ DW_AT_decl_file
	.short	2151                            @ DW_AT_decl_line
	.long	7945                            @ DW_AT_type
	.byte	19                              @ Abbrev [19] 0x9c6:0xf DW_TAG_formal_parameter
	.byte	2                               @ DW_AT_location
	.byte	145
	.byte	0
	.long	.Linfo_string295                @ DW_AT_name
	.byte	2                               @ DW_AT_decl_file
	.short	2151                            @ DW_AT_decl_line
	.long	944                             @ DW_AT_type
	.byte	0                               @ End Of Children Mark
	.byte	18                              @ Abbrev [18] 0x9d6:0x35 DW_TAG_subprogram
	.long	.Lfunc_begin19                  @ DW_AT_low_pc
	.long	.Lfunc_end19-.Lfunc_begin19     @ DW_AT_high_pc
	.byte	1                               @ DW_AT_frame_base
	.byte	93
	.long	.Linfo_string124                @ DW_AT_name
	.byte	2                               @ DW_AT_decl_file
	.short	2181                            @ DW_AT_decl_line
                                        @ DW_AT_prototyped
	.long	7923                            @ DW_AT_type
                                        @ DW_AT_external
	.byte	19                              @ Abbrev [19] 0x9ec:0xf DW_TAG_formal_parameter
	.byte	2                               @ DW_AT_location
	.byte	145
	.byte	4
	.long	.Linfo_string206                @ DW_AT_name
	.byte	2                               @ DW_AT_decl_file
	.short	2181                            @ DW_AT_decl_line
	.long	7945                            @ DW_AT_type
	.byte	19                              @ Abbrev [19] 0x9fb:0xf DW_TAG_formal_parameter
	.byte	2                               @ DW_AT_location
	.byte	145
	.byte	0
	.long	.Linfo_string296                @ DW_AT_name
	.byte	2                               @ DW_AT_decl_file
	.short	2181                            @ DW_AT_decl_line
	.long	944                             @ DW_AT_type
	.byte	0                               @ End Of Children Mark
	.byte	18                              @ Abbrev [18] 0xa0b:0x26 DW_TAG_subprogram
	.long	.Lfunc_begin20                  @ DW_AT_low_pc
	.long	.Lfunc_end20-.Lfunc_begin20     @ DW_AT_high_pc
	.byte	1                               @ DW_AT_frame_base
	.byte	93
	.long	.Linfo_string125                @ DW_AT_name
	.byte	2                               @ DW_AT_decl_file
	.short	2209                            @ DW_AT_decl_line
                                        @ DW_AT_prototyped
	.long	7923                            @ DW_AT_type
                                        @ DW_AT_external
	.byte	19                              @ Abbrev [19] 0xa21:0xf DW_TAG_formal_parameter
	.byte	2                               @ DW_AT_location
	.byte	145
	.byte	0
	.long	.Linfo_string206                @ DW_AT_name
	.byte	2                               @ DW_AT_decl_file
	.short	2209                            @ DW_AT_decl_line
	.long	7945                            @ DW_AT_type
	.byte	0                               @ End Of Children Mark
	.byte	18                              @ Abbrev [18] 0xa31:0x26 DW_TAG_subprogram
	.long	.Lfunc_begin21                  @ DW_AT_low_pc
	.long	.Lfunc_end21-.Lfunc_begin21     @ DW_AT_high_pc
	.byte	1                               @ DW_AT_frame_base
	.byte	93
	.long	.Linfo_string126                @ DW_AT_name
	.byte	2                               @ DW_AT_decl_file
	.short	2234                            @ DW_AT_decl_line
                                        @ DW_AT_prototyped
	.long	1388                            @ DW_AT_type
                                        @ DW_AT_external
	.byte	19                              @ Abbrev [19] 0xa47:0xf DW_TAG_formal_parameter
	.byte	2                               @ DW_AT_location
	.byte	145
	.byte	0
	.long	.Linfo_string206                @ DW_AT_name
	.byte	2                               @ DW_AT_decl_file
	.short	2234                            @ DW_AT_decl_line
	.long	8702                            @ DW_AT_type
	.byte	0                               @ End Of Children Mark
	.byte	18                              @ Abbrev [18] 0xa57:0x26 DW_TAG_subprogram
	.long	.Lfunc_begin22                  @ DW_AT_low_pc
	.long	.Lfunc_end22-.Lfunc_begin22     @ DW_AT_high_pc
	.byte	1                               @ DW_AT_frame_base
	.byte	93
	.long	.Linfo_string127                @ DW_AT_name
	.byte	2                               @ DW_AT_decl_file
	.short	2245                            @ DW_AT_decl_line
                                        @ DW_AT_prototyped
	.long	7923                            @ DW_AT_type
                                        @ DW_AT_external
	.byte	19                              @ Abbrev [19] 0xa6d:0xf DW_TAG_formal_parameter
	.byte	2                               @ DW_AT_location
	.byte	145
	.byte	0
	.long	.Linfo_string206                @ DW_AT_name
	.byte	2                               @ DW_AT_decl_file
	.short	2245                            @ DW_AT_decl_line
	.long	7945                            @ DW_AT_type
	.byte	0                               @ End Of Children Mark
	.byte	18                              @ Abbrev [18] 0xa7d:0x44 DW_TAG_subprogram
	.long	.Lfunc_begin23                  @ DW_AT_low_pc
	.long	.Lfunc_end23-.Lfunc_begin23     @ DW_AT_high_pc
	.byte	1                               @ DW_AT_frame_base
	.byte	93
	.long	.Linfo_string128                @ DW_AT_name
	.byte	2                               @ DW_AT_decl_file
	.short	2276                            @ DW_AT_decl_line
                                        @ DW_AT_prototyped
	.long	7923                            @ DW_AT_type
                                        @ DW_AT_external
	.byte	19                              @ Abbrev [19] 0xa93:0xf DW_TAG_formal_parameter
	.byte	2                               @ DW_AT_location
	.byte	145
	.byte	8
	.long	.Linfo_string206                @ DW_AT_name
	.byte	2                               @ DW_AT_decl_file
	.short	2276                            @ DW_AT_decl_line
	.long	7945                            @ DW_AT_type
	.byte	19                              @ Abbrev [19] 0xaa2:0xf DW_TAG_formal_parameter
	.byte	2                               @ DW_AT_location
	.byte	145
	.byte	4
	.long	.Linfo_string297                @ DW_AT_name
	.byte	2                               @ DW_AT_decl_file
	.short	2276                            @ DW_AT_decl_line
	.long	944                             @ DW_AT_type
	.byte	19                              @ Abbrev [19] 0xab1:0xf DW_TAG_formal_parameter
	.byte	2                               @ DW_AT_location
	.byte	145
	.byte	0
	.long	.Linfo_string298                @ DW_AT_name
	.byte	2                               @ DW_AT_decl_file
	.short	2277                            @ DW_AT_decl_line
	.long	944                             @ DW_AT_type
	.byte	0                               @ End Of Children Mark
	.byte	18                              @ Abbrev [18] 0xac1:0x26 DW_TAG_subprogram
	.long	.Lfunc_begin24                  @ DW_AT_low_pc
	.long	.Lfunc_end24-.Lfunc_begin24     @ DW_AT_high_pc
	.byte	1                               @ DW_AT_frame_base
	.byte	93
	.long	.Linfo_string129                @ DW_AT_name
	.byte	2                               @ DW_AT_decl_file
	.short	2307                            @ DW_AT_decl_line
                                        @ DW_AT_prototyped
	.long	7923                            @ DW_AT_type
                                        @ DW_AT_external
	.byte	19                              @ Abbrev [19] 0xad7:0xf DW_TAG_formal_parameter
	.byte	2                               @ DW_AT_location
	.byte	145
	.byte	0
	.long	.Linfo_string206                @ DW_AT_name
	.byte	2                               @ DW_AT_decl_file
	.short	2307                            @ DW_AT_decl_line
	.long	7945                            @ DW_AT_type
	.byte	0                               @ End Of Children Mark
	.byte	18                              @ Abbrev [18] 0xae7:0x26 DW_TAG_subprogram
	.long	.Lfunc_begin25                  @ DW_AT_low_pc
	.long	.Lfunc_end25-.Lfunc_begin25     @ DW_AT_high_pc
	.byte	1                               @ DW_AT_frame_base
	.byte	93
	.long	.Linfo_string130                @ DW_AT_name
	.byte	2                               @ DW_AT_decl_file
	.short	2332                            @ DW_AT_decl_line
                                        @ DW_AT_prototyped
	.long	7923                            @ DW_AT_type
                                        @ DW_AT_external
	.byte	19                              @ Abbrev [19] 0xafd:0xf DW_TAG_formal_parameter
	.byte	2                               @ DW_AT_location
	.byte	145
	.byte	0
	.long	.Linfo_string206                @ DW_AT_name
	.byte	2                               @ DW_AT_decl_file
	.short	2332                            @ DW_AT_decl_line
	.long	7945                            @ DW_AT_type
	.byte	0                               @ End Of Children Mark
	.byte	18                              @ Abbrev [18] 0xb0d:0x26 DW_TAG_subprogram
	.long	.Lfunc_begin26                  @ DW_AT_low_pc
	.long	.Lfunc_end26-.Lfunc_begin26     @ DW_AT_high_pc
	.byte	1                               @ DW_AT_frame_base
	.byte	93
	.long	.Linfo_string131                @ DW_AT_name
	.byte	2                               @ DW_AT_decl_file
	.short	2357                            @ DW_AT_decl_line
                                        @ DW_AT_prototyped
	.long	1388                            @ DW_AT_type
                                        @ DW_AT_external
	.byte	19                              @ Abbrev [19] 0xb23:0xf DW_TAG_formal_parameter
	.byte	2                               @ DW_AT_location
	.byte	145
	.byte	0
	.long	.Linfo_string206                @ DW_AT_name
	.byte	2                               @ DW_AT_decl_file
	.short	2357                            @ DW_AT_decl_line
	.long	8702                            @ DW_AT_type
	.byte	0                               @ End Of Children Mark
	.byte	18                              @ Abbrev [18] 0xb33:0x26 DW_TAG_subprogram
	.long	.Lfunc_begin27                  @ DW_AT_low_pc
	.long	.Lfunc_end27-.Lfunc_begin27     @ DW_AT_high_pc
	.byte	1                               @ DW_AT_frame_base
	.byte	93
	.long	.Linfo_string132                @ DW_AT_name
	.byte	2                               @ DW_AT_decl_file
	.short	2368                            @ DW_AT_decl_line
                                        @ DW_AT_prototyped
	.long	7923                            @ DW_AT_type
                                        @ DW_AT_external
	.byte	19                              @ Abbrev [19] 0xb49:0xf DW_TAG_formal_parameter
	.byte	2                               @ DW_AT_location
	.byte	145
	.byte	0
	.long	.Linfo_string206                @ DW_AT_name
	.byte	2                               @ DW_AT_decl_file
	.short	2368                            @ DW_AT_decl_line
	.long	7945                            @ DW_AT_type
	.byte	0                               @ End Of Children Mark
	.byte	18                              @ Abbrev [18] 0xb59:0x44 DW_TAG_subprogram
	.long	.Lfunc_begin28                  @ DW_AT_low_pc
	.long	.Lfunc_end28-.Lfunc_begin28     @ DW_AT_high_pc
	.byte	1                               @ DW_AT_frame_base
	.byte	93
	.long	.Linfo_string133                @ DW_AT_name
	.byte	2                               @ DW_AT_decl_file
	.short	2398                            @ DW_AT_decl_line
                                        @ DW_AT_prototyped
	.long	7923                            @ DW_AT_type
                                        @ DW_AT_external
	.byte	19                              @ Abbrev [19] 0xb6f:0xf DW_TAG_formal_parameter
	.byte	2                               @ DW_AT_location
	.byte	145
	.byte	8
	.long	.Linfo_string206                @ DW_AT_name
	.byte	2                               @ DW_AT_decl_file
	.short	2398                            @ DW_AT_decl_line
	.long	7945                            @ DW_AT_type
	.byte	19                              @ Abbrev [19] 0xb7e:0xf DW_TAG_formal_parameter
	.byte	2                               @ DW_AT_location
	.byte	145
	.byte	4
	.long	.Linfo_string299                @ DW_AT_name
	.byte	2                               @ DW_AT_decl_file
	.short	2398                            @ DW_AT_decl_line
	.long	944                             @ DW_AT_type
	.byte	19                              @ Abbrev [19] 0xb8d:0xf DW_TAG_formal_parameter
	.byte	2                               @ DW_AT_location
	.byte	145
	.byte	0
	.long	.Linfo_string300                @ DW_AT_name
	.byte	2                               @ DW_AT_decl_file
	.short	2399                            @ DW_AT_decl_line
	.long	944                             @ DW_AT_type
	.byte	0                               @ End Of Children Mark
	.byte	18                              @ Abbrev [18] 0xb9d:0x26 DW_TAG_subprogram
	.long	.Lfunc_begin29                  @ DW_AT_low_pc
	.long	.Lfunc_end29-.Lfunc_begin29     @ DW_AT_high_pc
	.byte	1                               @ DW_AT_frame_base
	.byte	93
	.long	.Linfo_string134                @ DW_AT_name
	.byte	2                               @ DW_AT_decl_file
	.short	2428                            @ DW_AT_decl_line
                                        @ DW_AT_prototyped
	.long	7923                            @ DW_AT_type
                                        @ DW_AT_external
	.byte	19                              @ Abbrev [19] 0xbb3:0xf DW_TAG_formal_parameter
	.byte	2                               @ DW_AT_location
	.byte	145
	.byte	0
	.long	.Linfo_string206                @ DW_AT_name
	.byte	2                               @ DW_AT_decl_file
	.short	2428                            @ DW_AT_decl_line
	.long	7945                            @ DW_AT_type
	.byte	0                               @ End Of Children Mark
	.byte	18                              @ Abbrev [18] 0xbc3:0x26 DW_TAG_subprogram
	.long	.Lfunc_begin30                  @ DW_AT_low_pc
	.long	.Lfunc_end30-.Lfunc_begin30     @ DW_AT_high_pc
	.byte	1                               @ DW_AT_frame_base
	.byte	93
	.long	.Linfo_string135                @ DW_AT_name
	.byte	2                               @ DW_AT_decl_file
	.short	2453                            @ DW_AT_decl_line
                                        @ DW_AT_prototyped
	.long	7923                            @ DW_AT_type
                                        @ DW_AT_external
	.byte	19                              @ Abbrev [19] 0xbd9:0xf DW_TAG_formal_parameter
	.byte	2                               @ DW_AT_location
	.byte	145
	.byte	0
	.long	.Linfo_string206                @ DW_AT_name
	.byte	2                               @ DW_AT_decl_file
	.short	2453                            @ DW_AT_decl_line
	.long	7945                            @ DW_AT_type
	.byte	0                               @ End Of Children Mark
	.byte	18                              @ Abbrev [18] 0xbe9:0x26 DW_TAG_subprogram
	.long	.Lfunc_begin31                  @ DW_AT_low_pc
	.long	.Lfunc_end31-.Lfunc_begin31     @ DW_AT_high_pc
	.byte	1                               @ DW_AT_frame_base
	.byte	93
	.long	.Linfo_string136                @ DW_AT_name
	.byte	2                               @ DW_AT_decl_file
	.short	2479                            @ DW_AT_decl_line
                                        @ DW_AT_prototyped
	.long	7923                            @ DW_AT_type
                                        @ DW_AT_external
	.byte	19                              @ Abbrev [19] 0xbff:0xf DW_TAG_formal_parameter
	.byte	2                               @ DW_AT_location
	.byte	145
	.byte	0
	.long	.Linfo_string206                @ DW_AT_name
	.byte	2                               @ DW_AT_decl_file
	.short	2479                            @ DW_AT_decl_line
	.long	7945                            @ DW_AT_type
	.byte	0                               @ End Of Children Mark
	.byte	18                              @ Abbrev [18] 0xc0f:0x26 DW_TAG_subprogram
	.long	.Lfunc_begin32                  @ DW_AT_low_pc
	.long	.Lfunc_end32-.Lfunc_begin32     @ DW_AT_high_pc
	.byte	1                               @ DW_AT_frame_base
	.byte	93
	.long	.Linfo_string137                @ DW_AT_name
	.byte	2                               @ DW_AT_decl_file
	.short	2505                            @ DW_AT_decl_line
                                        @ DW_AT_prototyped
	.long	7923                            @ DW_AT_type
                                        @ DW_AT_external
	.byte	19                              @ Abbrev [19] 0xc25:0xf DW_TAG_formal_parameter
	.byte	2                               @ DW_AT_location
	.byte	145
	.byte	0
	.long	.Linfo_string206                @ DW_AT_name
	.byte	2                               @ DW_AT_decl_file
	.short	2505                            @ DW_AT_decl_line
	.long	7945                            @ DW_AT_type
	.byte	0                               @ End Of Children Mark
	.byte	18                              @ Abbrev [18] 0xc35:0x26 DW_TAG_subprogram
	.long	.Lfunc_begin33                  @ DW_AT_low_pc
	.long	.Lfunc_end33-.Lfunc_begin33     @ DW_AT_high_pc
	.byte	1                               @ DW_AT_frame_base
	.byte	93
	.long	.Linfo_string138                @ DW_AT_name
	.byte	2                               @ DW_AT_decl_file
	.short	2531                            @ DW_AT_decl_line
                                        @ DW_AT_prototyped
	.long	7923                            @ DW_AT_type
                                        @ DW_AT_external
	.byte	19                              @ Abbrev [19] 0xc4b:0xf DW_TAG_formal_parameter
	.byte	2                               @ DW_AT_location
	.byte	145
	.byte	0
	.long	.Linfo_string206                @ DW_AT_name
	.byte	2                               @ DW_AT_decl_file
	.short	2531                            @ DW_AT_decl_line
	.long	7945                            @ DW_AT_type
	.byte	0                               @ End Of Children Mark
	.byte	18                              @ Abbrev [18] 0xc5b:0x26 DW_TAG_subprogram
	.long	.Lfunc_begin34                  @ DW_AT_low_pc
	.long	.Lfunc_end34-.Lfunc_begin34     @ DW_AT_high_pc
	.byte	1                               @ DW_AT_frame_base
	.byte	93
	.long	.Linfo_string139                @ DW_AT_name
	.byte	2                               @ DW_AT_decl_file
	.short	2557                            @ DW_AT_decl_line
                                        @ DW_AT_prototyped
	.long	7923                            @ DW_AT_type
                                        @ DW_AT_external
	.byte	19                              @ Abbrev [19] 0xc71:0xf DW_TAG_formal_parameter
	.byte	2                               @ DW_AT_location
	.byte	145
	.byte	0
	.long	.Linfo_string206                @ DW_AT_name
	.byte	2                               @ DW_AT_decl_file
	.short	2557                            @ DW_AT_decl_line
	.long	7945                            @ DW_AT_type
	.byte	0                               @ End Of Children Mark
	.byte	18                              @ Abbrev [18] 0xc81:0x26 DW_TAG_subprogram
	.long	.Lfunc_begin35                  @ DW_AT_low_pc
	.long	.Lfunc_end35-.Lfunc_begin35     @ DW_AT_high_pc
	.byte	1                               @ DW_AT_frame_base
	.byte	93
	.long	.Linfo_string140                @ DW_AT_name
	.byte	2                               @ DW_AT_decl_file
	.short	2621                            @ DW_AT_decl_line
                                        @ DW_AT_prototyped
	.long	7923                            @ DW_AT_type
                                        @ DW_AT_external
	.byte	19                              @ Abbrev [19] 0xc97:0xf DW_TAG_formal_parameter
	.byte	2                               @ DW_AT_location
	.byte	145
	.byte	0
	.long	.Linfo_string206                @ DW_AT_name
	.byte	2                               @ DW_AT_decl_file
	.short	2621                            @ DW_AT_decl_line
	.long	7945                            @ DW_AT_type
	.byte	0                               @ End Of Children Mark
	.byte	18                              @ Abbrev [18] 0xca7:0x53 DW_TAG_subprogram
	.long	.Lfunc_begin36                  @ DW_AT_low_pc
	.long	.Lfunc_end36-.Lfunc_begin36     @ DW_AT_high_pc
	.byte	1                               @ DW_AT_frame_base
	.byte	93
	.long	.Linfo_string141                @ DW_AT_name
	.byte	2                               @ DW_AT_decl_file
	.short	2734                            @ DW_AT_decl_line
                                        @ DW_AT_prototyped
	.long	7923                            @ DW_AT_type
                                        @ DW_AT_external
	.byte	19                              @ Abbrev [19] 0xcbd:0xf DW_TAG_formal_parameter
	.byte	2                               @ DW_AT_location
	.byte	145
	.byte	16
	.long	.Linfo_string206                @ DW_AT_name
	.byte	2                               @ DW_AT_decl_file
	.short	2734                            @ DW_AT_decl_line
	.long	7945                            @ DW_AT_type
	.byte	19                              @ Abbrev [19] 0xccc:0xf DW_TAG_formal_parameter
	.byte	2                               @ DW_AT_location
	.byte	145
	.byte	12
	.long	.Linfo_string301                @ DW_AT_name
	.byte	2                               @ DW_AT_decl_file
	.short	2734                            @ DW_AT_decl_line
	.long	8834                            @ DW_AT_type
	.byte	19                              @ Abbrev [19] 0xcdb:0xf DW_TAG_formal_parameter
	.byte	2                               @ DW_AT_location
	.byte	145
	.byte	8
	.long	.Linfo_string311                @ DW_AT_name
	.byte	2                               @ DW_AT_decl_file
	.short	2735                            @ DW_AT_decl_line
	.long	8972                            @ DW_AT_type
	.byte	20                              @ Abbrev [20] 0xcea:0xf DW_TAG_variable
	.byte	2                               @ DW_AT_location
	.byte	145
	.byte	4
	.long	.Linfo_string312                @ DW_AT_name
	.byte	2                               @ DW_AT_decl_file
	.short	2737                            @ DW_AT_decl_line
	.long	944                             @ DW_AT_type
	.byte	0                               @ End Of Children Mark
	.byte	23                              @ Abbrev [23] 0xcfa:0x8b DW_TAG_subprogram
	.long	.Lfunc_begin37                  @ DW_AT_low_pc
	.long	.Lfunc_end37-.Lfunc_begin37     @ DW_AT_high_pc
	.byte	1                               @ DW_AT_frame_base
	.byte	93
	.long	.Linfo_string142                @ DW_AT_name
	.byte	2                               @ DW_AT_decl_file
	.short	6204                            @ DW_AT_decl_line
                                        @ DW_AT_prototyped
	.byte	19                              @ Abbrev [19] 0xd0c:0xf DW_TAG_formal_parameter
	.byte	2                               @ DW_AT_location
	.byte	145
	.byte	28
	.long	.Linfo_string206                @ DW_AT_name
	.byte	2                               @ DW_AT_decl_file
	.short	6204                            @ DW_AT_decl_line
	.long	8702                            @ DW_AT_type
	.byte	19                              @ Abbrev [19] 0xd1b:0xf DW_TAG_formal_parameter
	.byte	2                               @ DW_AT_location
	.byte	145
	.byte	24
	.long	.Linfo_string301                @ DW_AT_name
	.byte	2                               @ DW_AT_decl_file
	.short	6204                            @ DW_AT_decl_line
	.long	8834                            @ DW_AT_type
	.byte	19                              @ Abbrev [19] 0xd2a:0xf DW_TAG_formal_parameter
	.byte	2                               @ DW_AT_location
	.byte	145
	.byte	20
	.long	.Linfo_string311                @ DW_AT_name
	.byte	2                               @ DW_AT_decl_file
	.short	6205                            @ DW_AT_decl_line
	.long	8972                            @ DW_AT_type
	.byte	19                              @ Abbrev [19] 0xd39:0xf DW_TAG_formal_parameter
	.byte	2                               @ DW_AT_location
	.byte	145
	.byte	16
	.long	.Linfo_string313                @ DW_AT_name
	.byte	2                               @ DW_AT_decl_file
	.short	6205                            @ DW_AT_decl_line
	.long	944                             @ DW_AT_type
	.byte	20                              @ Abbrev [20] 0xd48:0xf DW_TAG_variable
	.byte	2                               @ DW_AT_location
	.byte	145
	.byte	12
	.long	.Linfo_string314                @ DW_AT_name
	.byte	2                               @ DW_AT_decl_file
	.short	6207                            @ DW_AT_decl_line
	.long	944                             @ DW_AT_type
	.byte	20                              @ Abbrev [20] 0xd57:0xf DW_TAG_variable
	.byte	2                               @ DW_AT_location
	.byte	145
	.byte	8
	.long	.Linfo_string315                @ DW_AT_name
	.byte	2                               @ DW_AT_decl_file
	.short	6208                            @ DW_AT_decl_line
	.long	944                             @ DW_AT_type
	.byte	20                              @ Abbrev [20] 0xd66:0xf DW_TAG_variable
	.byte	2                               @ DW_AT_location
	.byte	145
	.byte	4
	.long	.Linfo_string316                @ DW_AT_name
	.byte	2                               @ DW_AT_decl_file
	.short	6209                            @ DW_AT_decl_line
	.long	1383                            @ DW_AT_type
	.byte	20                              @ Abbrev [20] 0xd75:0xf DW_TAG_variable
	.byte	2                               @ DW_AT_location
	.byte	145
	.byte	0
	.long	.Linfo_string317                @ DW_AT_name
	.byte	2                               @ DW_AT_decl_file
	.short	6210                            @ DW_AT_decl_line
	.long	944                             @ DW_AT_type
	.byte	0                               @ End Of Children Mark
	.byte	24                              @ Abbrev [24] 0xd85:0x1a DW_TAG_subprogram
	.long	.Linfo_string102                @ DW_AT_name
	.byte	7                               @ DW_AT_decl_file
	.short	295                             @ DW_AT_decl_line
                                        @ DW_AT_prototyped
	.long	72                              @ DW_AT_type
	.byte	1                               @ DW_AT_inline
	.byte	25                              @ Abbrev [25] 0xd92:0xc DW_TAG_formal_parameter
	.long	.Linfo_string103                @ DW_AT_name
	.byte	7                               @ DW_AT_decl_file
	.short	295                             @ DW_AT_decl_line
	.long	944                             @ DW_AT_type
	.byte	0                               @ End Of Children Mark
	.byte	18                              @ Abbrev [18] 0xd9f:0x96 DW_TAG_subprogram
	.long	.Lfunc_begin38                  @ DW_AT_low_pc
	.long	.Lfunc_end38-.Lfunc_begin38     @ DW_AT_high_pc
	.byte	1                               @ DW_AT_frame_base
	.byte	93
	.long	.Linfo_string143                @ DW_AT_name
	.byte	2                               @ DW_AT_decl_file
	.short	2813                            @ DW_AT_decl_line
                                        @ DW_AT_prototyped
	.long	7923                            @ DW_AT_type
                                        @ DW_AT_external
	.byte	19                              @ Abbrev [19] 0xdb5:0xf DW_TAG_formal_parameter
	.byte	2                               @ DW_AT_location
	.byte	145
	.byte	32
	.long	.Linfo_string206                @ DW_AT_name
	.byte	2                               @ DW_AT_decl_file
	.short	2813                            @ DW_AT_decl_line
	.long	7945                            @ DW_AT_type
	.byte	19                              @ Abbrev [19] 0xdc4:0xf DW_TAG_formal_parameter
	.byte	2                               @ DW_AT_location
	.byte	145
	.byte	28
	.long	.Linfo_string301                @ DW_AT_name
	.byte	2                               @ DW_AT_decl_file
	.short	2813                            @ DW_AT_decl_line
	.long	8834                            @ DW_AT_type
	.byte	19                              @ Abbrev [19] 0xdd3:0xf DW_TAG_formal_parameter
	.byte	2                               @ DW_AT_location
	.byte	145
	.byte	24
	.long	.Linfo_string311                @ DW_AT_name
	.byte	2                               @ DW_AT_decl_file
	.short	2814                            @ DW_AT_decl_line
	.long	8972                            @ DW_AT_type
	.byte	19                              @ Abbrev [19] 0xde2:0xf DW_TAG_formal_parameter
	.byte	2                               @ DW_AT_location
	.byte	145
	.byte	20
	.long	.Linfo_string313                @ DW_AT_name
	.byte	2                               @ DW_AT_decl_file
	.short	2814                            @ DW_AT_decl_line
	.long	944                             @ DW_AT_type
	.byte	20                              @ Abbrev [20] 0xdf1:0xf DW_TAG_variable
	.byte	2                               @ DW_AT_location
	.byte	145
	.byte	19
	.long	.Linfo_string284                @ DW_AT_name
	.byte	2                               @ DW_AT_decl_file
	.short	2816                            @ DW_AT_decl_line
	.long	7934                            @ DW_AT_type
	.byte	26                              @ Abbrev [26] 0xe00:0x1a DW_TAG_inlined_subroutine
	.long	3461                            @ DW_AT_abstract_origin
	.long	.Ltmp387                        @ DW_AT_low_pc
	.long	.Ltmp391-.Ltmp387               @ DW_AT_high_pc
	.byte	2                               @ DW_AT_call_file
	.short	2840                            @ DW_AT_call_line
	.byte	9                               @ DW_AT_call_column
	.byte	27                              @ Abbrev [27] 0xe11:0x8 DW_TAG_formal_parameter
	.byte	2                               @ DW_AT_location
	.byte	145
	.byte	48
	.long	3474                            @ DW_AT_abstract_origin
	.byte	0                               @ End Of Children Mark
	.byte	26                              @ Abbrev [26] 0xe1a:0x1a DW_TAG_inlined_subroutine
	.long	3461                            @ DW_AT_abstract_origin
	.long	.Ltmp398                        @ DW_AT_low_pc
	.long	.Ltmp402-.Ltmp398               @ DW_AT_high_pc
	.byte	2                               @ DW_AT_call_file
	.short	2859                            @ DW_AT_call_line
	.byte	58                              @ DW_AT_call_column
	.byte	27                              @ Abbrev [27] 0xe2b:0x8 DW_TAG_formal_parameter
	.byte	2                               @ DW_AT_location
	.byte	145
	.byte	40
	.long	3474                            @ DW_AT_abstract_origin
	.byte	0                               @ End Of Children Mark
	.byte	0                               @ End Of Children Mark
	.byte	18                              @ Abbrev [18] 0xe35:0x35 DW_TAG_subprogram
	.long	.Lfunc_begin39                  @ DW_AT_low_pc
	.long	.Lfunc_end39-.Lfunc_begin39     @ DW_AT_high_pc
	.byte	1                               @ DW_AT_frame_base
	.byte	93
	.long	.Linfo_string144                @ DW_AT_name
	.byte	2                               @ DW_AT_decl_file
	.short	2882                            @ DW_AT_decl_line
                                        @ DW_AT_prototyped
	.long	7923                            @ DW_AT_type
                                        @ DW_AT_external
	.byte	19                              @ Abbrev [19] 0xe4b:0xf DW_TAG_formal_parameter
	.byte	2                               @ DW_AT_location
	.byte	145
	.byte	4
	.long	.Linfo_string206                @ DW_AT_name
	.byte	2                               @ DW_AT_decl_file
	.short	2882                            @ DW_AT_decl_line
	.long	7945                            @ DW_AT_type
	.byte	19                              @ Abbrev [19] 0xe5a:0xf DW_TAG_formal_parameter
	.byte	2                               @ DW_AT_location
	.byte	145
	.byte	0
	.long	.Linfo_string313                @ DW_AT_name
	.byte	2                               @ DW_AT_decl_file
	.short	2882                            @ DW_AT_decl_line
	.long	944                             @ DW_AT_type
	.byte	0                               @ End Of Children Mark
	.byte	18                              @ Abbrev [18] 0xe6a:0x26 DW_TAG_subprogram
	.long	.Lfunc_begin40                  @ DW_AT_low_pc
	.long	.Lfunc_end40-.Lfunc_begin40     @ DW_AT_high_pc
	.byte	1                               @ DW_AT_frame_base
	.byte	93
	.long	.Linfo_string145                @ DW_AT_name
	.byte	2                               @ DW_AT_decl_file
	.short	2909                            @ DW_AT_decl_line
                                        @ DW_AT_prototyped
	.long	944                             @ DW_AT_type
                                        @ DW_AT_external
	.byte	19                              @ Abbrev [19] 0xe80:0xf DW_TAG_formal_parameter
	.byte	2                               @ DW_AT_location
	.byte	145
	.byte	0
	.long	.Linfo_string206                @ DW_AT_name
	.byte	2                               @ DW_AT_decl_file
	.short	2909                            @ DW_AT_decl_line
	.long	8702                            @ DW_AT_type
	.byte	0                               @ End Of Children Mark
	.byte	18                              @ Abbrev [18] 0xe90:0x35 DW_TAG_subprogram
	.long	.Lfunc_begin41                  @ DW_AT_low_pc
	.long	.Lfunc_end41-.Lfunc_begin41     @ DW_AT_high_pc
	.byte	1                               @ DW_AT_frame_base
	.byte	93
	.long	.Linfo_string146                @ DW_AT_name
	.byte	2                               @ DW_AT_decl_file
	.short	2923                            @ DW_AT_decl_line
                                        @ DW_AT_prototyped
	.long	7923                            @ DW_AT_type
                                        @ DW_AT_external
	.byte	19                              @ Abbrev [19] 0xea6:0xf DW_TAG_formal_parameter
	.byte	2                               @ DW_AT_location
	.byte	145
	.byte	4
	.long	.Linfo_string206                @ DW_AT_name
	.byte	2                               @ DW_AT_decl_file
	.short	2923                            @ DW_AT_decl_line
	.long	7945                            @ DW_AT_type
	.byte	19                              @ Abbrev [19] 0xeb5:0xf DW_TAG_formal_parameter
	.byte	2                               @ DW_AT_location
	.byte	145
	.byte	0
	.long	.Linfo_string313                @ DW_AT_name
	.byte	2                               @ DW_AT_decl_file
	.short	2923                            @ DW_AT_decl_line
	.long	944                             @ DW_AT_type
	.byte	0                               @ End Of Children Mark
	.byte	18                              @ Abbrev [18] 0xec5:0x9e DW_TAG_subprogram
	.long	.Lfunc_begin42                  @ DW_AT_low_pc
	.long	.Lfunc_end42-.Lfunc_begin42     @ DW_AT_high_pc
	.byte	1                               @ DW_AT_frame_base
	.byte	93
	.long	.Linfo_string147                @ DW_AT_name
	.byte	2                               @ DW_AT_decl_file
	.short	2952                            @ DW_AT_decl_line
                                        @ DW_AT_prototyped
	.long	7923                            @ DW_AT_type
                                        @ DW_AT_external
	.byte	19                              @ Abbrev [19] 0xedb:0xf DW_TAG_formal_parameter
	.byte	2                               @ DW_AT_location
	.byte	145
	.byte	32
	.long	.Linfo_string206                @ DW_AT_name
	.byte	2                               @ DW_AT_decl_file
	.short	2952                            @ DW_AT_decl_line
	.long	7945                            @ DW_AT_type
	.byte	19                              @ Abbrev [19] 0xeea:0xf DW_TAG_formal_parameter
	.byte	2                               @ DW_AT_location
	.byte	145
	.byte	28
	.long	.Linfo_string318                @ DW_AT_name
	.byte	2                               @ DW_AT_decl_file
	.short	2952                            @ DW_AT_decl_line
	.long	944                             @ DW_AT_type
	.byte	19                              @ Abbrev [19] 0xef9:0xf DW_TAG_formal_parameter
	.byte	2                               @ DW_AT_location
	.byte	145
	.byte	24
	.long	.Linfo_string319                @ DW_AT_name
	.byte	2                               @ DW_AT_decl_file
	.short	2953                            @ DW_AT_decl_line
	.long	8977                            @ DW_AT_type
	.byte	19                              @ Abbrev [19] 0xf08:0xf DW_TAG_formal_parameter
	.byte	2                               @ DW_AT_location
	.byte	145
	.byte	20
	.long	.Linfo_string324                @ DW_AT_name
	.byte	2                               @ DW_AT_decl_file
	.short	2953                            @ DW_AT_decl_line
	.long	1406                            @ DW_AT_type
	.byte	20                              @ Abbrev [20] 0xf17:0xf DW_TAG_variable
	.byte	2                               @ DW_AT_location
	.byte	145
	.byte	16
	.long	.Linfo_string325                @ DW_AT_name
	.byte	2                               @ DW_AT_decl_file
	.short	2955                            @ DW_AT_decl_line
	.long	1383                            @ DW_AT_type
	.byte	20                              @ Abbrev [20] 0xf26:0xf DW_TAG_variable
	.byte	2                               @ DW_AT_location
	.byte	145
	.byte	12
	.long	.Linfo_string326                @ DW_AT_name
	.byte	2                               @ DW_AT_decl_file
	.short	2956                            @ DW_AT_decl_line
	.long	1406                            @ DW_AT_type
	.byte	20                              @ Abbrev [20] 0xf35:0xf DW_TAG_variable
	.byte	2                               @ DW_AT_location
	.byte	145
	.byte	8
	.long	.Linfo_string317                @ DW_AT_name
	.byte	2                               @ DW_AT_decl_file
	.short	2957                            @ DW_AT_decl_line
	.long	944                             @ DW_AT_type
	.byte	20                              @ Abbrev [20] 0xf44:0xf DW_TAG_variable
	.byte	2                               @ DW_AT_location
	.byte	145
	.byte	4
	.long	.Linfo_string327                @ DW_AT_name
	.byte	2                               @ DW_AT_decl_file
	.short	2958                            @ DW_AT_decl_line
	.long	944                             @ DW_AT_type
	.byte	20                              @ Abbrev [20] 0xf53:0xf DW_TAG_variable
	.byte	2                               @ DW_AT_location
	.byte	145
	.byte	3
	.long	.Linfo_string284                @ DW_AT_name
	.byte	2                               @ DW_AT_decl_file
	.short	2959                            @ DW_AT_decl_line
	.long	7934                            @ DW_AT_type
	.byte	0                               @ End Of Children Mark
	.byte	18                              @ Abbrev [18] 0xf63:0x62 DW_TAG_subprogram
	.long	.Lfunc_begin43                  @ DW_AT_low_pc
	.long	.Lfunc_end43-.Lfunc_begin43     @ DW_AT_high_pc
	.byte	1                               @ DW_AT_frame_base
	.byte	93
	.long	.Linfo_string148                @ DW_AT_name
	.byte	2                               @ DW_AT_decl_file
	.short	3150                            @ DW_AT_decl_line
                                        @ DW_AT_prototyped
	.long	7923                            @ DW_AT_type
                                        @ DW_AT_external
	.byte	19                              @ Abbrev [19] 0xf79:0xf DW_TAG_formal_parameter
	.byte	2                               @ DW_AT_location
	.byte	145
	.byte	16
	.long	.Linfo_string206                @ DW_AT_name
	.byte	2                               @ DW_AT_decl_file
	.short	3150                            @ DW_AT_decl_line
	.long	7945                            @ DW_AT_type
	.byte	19                              @ Abbrev [19] 0xf88:0xf DW_TAG_formal_parameter
	.byte	2                               @ DW_AT_location
	.byte	145
	.byte	12
	.long	.Linfo_string328                @ DW_AT_name
	.byte	2                               @ DW_AT_decl_file
	.short	3150                            @ DW_AT_decl_line
	.long	9130                            @ DW_AT_type
	.byte	20                              @ Abbrev [20] 0xf97:0xf DW_TAG_variable
	.byte	2                               @ DW_AT_location
	.byte	145
	.byte	8
	.long	.Linfo_string332                @ DW_AT_name
	.byte	2                               @ DW_AT_decl_file
	.short	3152                            @ DW_AT_decl_line
	.long	1383                            @ DW_AT_type
	.byte	20                              @ Abbrev [20] 0xfa6:0xf DW_TAG_variable
	.byte	2                               @ DW_AT_location
	.byte	145
	.byte	4
	.long	.Linfo_string327                @ DW_AT_name
	.byte	2                               @ DW_AT_decl_file
	.short	3153                            @ DW_AT_decl_line
	.long	944                             @ DW_AT_type
	.byte	20                              @ Abbrev [20] 0xfb5:0xf DW_TAG_variable
	.byte	2                               @ DW_AT_location
	.byte	145
	.byte	3
	.long	.Linfo_string284                @ DW_AT_name
	.byte	2                               @ DW_AT_decl_file
	.short	3154                            @ DW_AT_decl_line
	.long	7934                            @ DW_AT_type
	.byte	0                               @ End Of Children Mark
	.byte	18                              @ Abbrev [18] 0xfc5:0x35 DW_TAG_subprogram
	.long	.Lfunc_begin44                  @ DW_AT_low_pc
	.long	.Lfunc_end44-.Lfunc_begin44     @ DW_AT_high_pc
	.byte	1                               @ DW_AT_frame_base
	.byte	93
	.long	.Linfo_string149                @ DW_AT_name
	.byte	2                               @ DW_AT_decl_file
	.short	3245                            @ DW_AT_decl_line
                                        @ DW_AT_prototyped
	.long	7923                            @ DW_AT_type
                                        @ DW_AT_external
	.byte	19                              @ Abbrev [19] 0xfdb:0xf DW_TAG_formal_parameter
	.byte	2                               @ DW_AT_location
	.byte	145
	.byte	4
	.long	.Linfo_string206                @ DW_AT_name
	.byte	2                               @ DW_AT_decl_file
	.short	3245                            @ DW_AT_decl_line
	.long	8702                            @ DW_AT_type
	.byte	19                              @ Abbrev [19] 0xfea:0xf DW_TAG_formal_parameter
	.byte	2                               @ DW_AT_location
	.byte	145
	.byte	0
	.long	.Linfo_string333                @ DW_AT_name
	.byte	2                               @ DW_AT_decl_file
	.short	3246                            @ DW_AT_decl_line
	.long	9283                            @ DW_AT_type
	.byte	0                               @ End Of Children Mark
	.byte	18                              @ Abbrev [18] 0xffa:0x44 DW_TAG_subprogram
	.long	.Lfunc_begin45                  @ DW_AT_low_pc
	.long	.Lfunc_end45-.Lfunc_begin45     @ DW_AT_high_pc
	.byte	1                               @ DW_AT_frame_base
	.byte	93
	.long	.Linfo_string150                @ DW_AT_name
	.byte	2                               @ DW_AT_decl_file
	.short	3264                            @ DW_AT_decl_line
                                        @ DW_AT_prototyped
	.long	7923                            @ DW_AT_type
                                        @ DW_AT_external
	.byte	19                              @ Abbrev [19] 0x1010:0xf DW_TAG_formal_parameter
	.byte	2                               @ DW_AT_location
	.byte	145
	.byte	8
	.long	.Linfo_string206                @ DW_AT_name
	.byte	2                               @ DW_AT_decl_file
	.short	3264                            @ DW_AT_decl_line
	.long	8702                            @ DW_AT_type
	.byte	19                              @ Abbrev [19] 0x101f:0xf DW_TAG_formal_parameter
	.byte	2                               @ DW_AT_location
	.byte	145
	.byte	4
	.long	.Linfo_string338                @ DW_AT_name
	.byte	2                               @ DW_AT_decl_file
	.short	3265                            @ DW_AT_decl_line
	.long	9358                            @ DW_AT_type
	.byte	20                              @ Abbrev [20] 0x102e:0xf DW_TAG_variable
	.byte	2                               @ DW_AT_location
	.byte	145
	.byte	0
	.long	.Linfo_string350                @ DW_AT_name
	.byte	2                               @ DW_AT_decl_file
	.short	3267                            @ DW_AT_decl_line
	.long	944                             @ DW_AT_type
	.byte	0                               @ End Of Children Mark
	.byte	18                              @ Abbrev [18] 0x103e:0x44 DW_TAG_subprogram
	.long	.Lfunc_begin46                  @ DW_AT_low_pc
	.long	.Lfunc_end46-.Lfunc_begin46     @ DW_AT_high_pc
	.byte	1                               @ DW_AT_frame_base
	.byte	93
	.long	.Linfo_string151                @ DW_AT_name
	.byte	2                               @ DW_AT_decl_file
	.short	3296                            @ DW_AT_decl_line
                                        @ DW_AT_prototyped
	.long	7923                            @ DW_AT_type
                                        @ DW_AT_external
	.byte	19                              @ Abbrev [19] 0x1054:0xf DW_TAG_formal_parameter
	.byte	2                               @ DW_AT_location
	.byte	145
	.byte	8
	.long	.Linfo_string206                @ DW_AT_name
	.byte	2                               @ DW_AT_decl_file
	.short	3296                            @ DW_AT_decl_line
	.long	8702                            @ DW_AT_type
	.byte	19                              @ Abbrev [19] 0x1063:0xf DW_TAG_formal_parameter
	.byte	2                               @ DW_AT_location
	.byte	145
	.byte	4
	.long	.Linfo_string351                @ DW_AT_name
	.byte	2                               @ DW_AT_decl_file
	.short	3297                            @ DW_AT_decl_line
	.long	9524                            @ DW_AT_type
	.byte	20                              @ Abbrev [20] 0x1072:0xf DW_TAG_variable
	.byte	2                               @ DW_AT_location
	.byte	145
	.byte	0
	.long	.Linfo_string357                @ DW_AT_name
	.byte	2                               @ DW_AT_decl_file
	.short	3299                            @ DW_AT_decl_line
	.long	944                             @ DW_AT_type
	.byte	0                               @ End Of Children Mark
	.byte	18                              @ Abbrev [18] 0x1082:0x53 DW_TAG_subprogram
	.long	.Lfunc_begin47                  @ DW_AT_low_pc
	.long	.Lfunc_end47-.Lfunc_begin47     @ DW_AT_high_pc
	.byte	1                               @ DW_AT_frame_base
	.byte	93
	.long	.Linfo_string152                @ DW_AT_name
	.byte	2                               @ DW_AT_decl_file
	.short	3324                            @ DW_AT_decl_line
                                        @ DW_AT_prototyped
	.long	944                             @ DW_AT_type
                                        @ DW_AT_external
	.byte	19                              @ Abbrev [19] 0x1098:0xf DW_TAG_formal_parameter
	.byte	2                               @ DW_AT_location
	.byte	145
	.byte	12
	.long	.Linfo_string206                @ DW_AT_name
	.byte	2                               @ DW_AT_decl_file
	.short	3324                            @ DW_AT_decl_line
	.long	7945                            @ DW_AT_type
	.byte	19                              @ Abbrev [19] 0x10a7:0xf DW_TAG_formal_parameter
	.byte	2                               @ DW_AT_location
	.byte	145
	.byte	8
	.long	.Linfo_string278                @ DW_AT_name
	.byte	2                               @ DW_AT_decl_file
	.short	3324                            @ DW_AT_decl_line
	.long	944                             @ DW_AT_type
	.byte	20                              @ Abbrev [20] 0x10b6:0xf DW_TAG_variable
	.byte	2                               @ DW_AT_location
	.byte	145
	.byte	4
	.long	.Linfo_string358                @ DW_AT_name
	.byte	2                               @ DW_AT_decl_file
	.short	3328                            @ DW_AT_decl_line
	.long	944                             @ DW_AT_type
	.byte	20                              @ Abbrev [20] 0x10c5:0xf DW_TAG_variable
	.byte	2                               @ DW_AT_location
	.byte	145
	.byte	0
	.long	.Linfo_string359                @ DW_AT_name
	.byte	2                               @ DW_AT_decl_file
	.short	3329                            @ DW_AT_decl_line
	.long	944                             @ DW_AT_type
	.byte	0                               @ End Of Children Mark
	.byte	18                              @ Abbrev [18] 0x10d5:0x35 DW_TAG_subprogram
	.long	.Lfunc_begin48                  @ DW_AT_low_pc
	.long	.Lfunc_end48-.Lfunc_begin48     @ DW_AT_high_pc
	.byte	1                               @ DW_AT_frame_base
	.byte	93
	.long	.Linfo_string153                @ DW_AT_name
	.byte	2                               @ DW_AT_decl_file
	.short	3361                            @ DW_AT_decl_line
                                        @ DW_AT_prototyped
	.long	944                             @ DW_AT_type
                                        @ DW_AT_external
	.byte	19                              @ Abbrev [19] 0x10eb:0xf DW_TAG_formal_parameter
	.byte	2                               @ DW_AT_location
	.byte	145
	.byte	4
	.long	.Linfo_string206                @ DW_AT_name
	.byte	2                               @ DW_AT_decl_file
	.short	3361                            @ DW_AT_decl_line
	.long	8702                            @ DW_AT_type
	.byte	19                              @ Abbrev [19] 0x10fa:0xf DW_TAG_formal_parameter
	.byte	2                               @ DW_AT_location
	.byte	145
	.byte	0
	.long	.Linfo_string360                @ DW_AT_name
	.byte	2                               @ DW_AT_decl_file
	.short	3361                            @ DW_AT_decl_line
	.long	944                             @ DW_AT_type
	.byte	0                               @ End Of Children Mark
	.byte	18                              @ Abbrev [18] 0x110a:0x44 DW_TAG_subprogram
	.long	.Lfunc_begin49                  @ DW_AT_low_pc
	.long	.Lfunc_end49-.Lfunc_begin49     @ DW_AT_high_pc
	.byte	1                               @ DW_AT_frame_base
	.byte	93
	.long	.Linfo_string154                @ DW_AT_name
	.byte	2                               @ DW_AT_decl_file
	.short	3381                            @ DW_AT_decl_line
                                        @ DW_AT_prototyped
	.long	944                             @ DW_AT_type
                                        @ DW_AT_external
	.byte	19                              @ Abbrev [19] 0x1120:0xf DW_TAG_formal_parameter
	.byte	2                               @ DW_AT_location
	.byte	145
	.byte	8
	.long	.Linfo_string206                @ DW_AT_name
	.byte	2                               @ DW_AT_decl_file
	.short	3381                            @ DW_AT_decl_line
	.long	8702                            @ DW_AT_type
	.byte	19                              @ Abbrev [19] 0x112f:0xf DW_TAG_formal_parameter
	.byte	2                               @ DW_AT_location
	.byte	145
	.byte	4
	.long	.Linfo_string290                @ DW_AT_name
	.byte	2                               @ DW_AT_decl_file
	.short	3381                            @ DW_AT_decl_line
	.long	944                             @ DW_AT_type
	.byte	20                              @ Abbrev [20] 0x113e:0xf DW_TAG_variable
	.byte	2                               @ DW_AT_location
	.byte	145
	.byte	0
	.long	.Linfo_string361                @ DW_AT_name
	.byte	2                               @ DW_AT_decl_file
	.short	3383                            @ DW_AT_decl_line
	.long	944                             @ DW_AT_type
	.byte	0                               @ End Of Children Mark
	.byte	18                              @ Abbrev [18] 0x114e:0x35 DW_TAG_subprogram
	.long	.Lfunc_begin50                  @ DW_AT_low_pc
	.long	.Lfunc_end50-.Lfunc_begin50     @ DW_AT_high_pc
	.byte	1                               @ DW_AT_frame_base
	.byte	93
	.long	.Linfo_string155                @ DW_AT_name
	.byte	2                               @ DW_AT_decl_file
	.short	3408                            @ DW_AT_decl_line
                                        @ DW_AT_prototyped
	.long	944                             @ DW_AT_type
                                        @ DW_AT_external
	.byte	19                              @ Abbrev [19] 0x1164:0xf DW_TAG_formal_parameter
	.byte	2                               @ DW_AT_location
	.byte	145
	.byte	4
	.long	.Linfo_string206                @ DW_AT_name
	.byte	2                               @ DW_AT_decl_file
	.short	3408                            @ DW_AT_decl_line
	.long	8702                            @ DW_AT_type
	.byte	20                              @ Abbrev [20] 0x1173:0xf DW_TAG_variable
	.byte	2                               @ DW_AT_location
	.byte	145
	.byte	0
	.long	.Linfo_string362                @ DW_AT_name
	.byte	2                               @ DW_AT_decl_file
	.short	3410                            @ DW_AT_decl_line
	.long	944                             @ DW_AT_type
	.byte	0                               @ End Of Children Mark
	.byte	18                              @ Abbrev [18] 0x1183:0x35 DW_TAG_subprogram
	.long	.Lfunc_begin51                  @ DW_AT_low_pc
	.long	.Lfunc_end51-.Lfunc_begin51     @ DW_AT_high_pc
	.byte	1                               @ DW_AT_frame_base
	.byte	93
	.long	.Linfo_string156                @ DW_AT_name
	.byte	2                               @ DW_AT_decl_file
	.short	3426                            @ DW_AT_decl_line
                                        @ DW_AT_prototyped
	.long	944                             @ DW_AT_type
                                        @ DW_AT_external
	.byte	19                              @ Abbrev [19] 0x1199:0xf DW_TAG_formal_parameter
	.byte	2                               @ DW_AT_location
	.byte	145
	.byte	4
	.long	.Linfo_string206                @ DW_AT_name
	.byte	2                               @ DW_AT_decl_file
	.short	3426                            @ DW_AT_decl_line
	.long	8702                            @ DW_AT_type
	.byte	20                              @ Abbrev [20] 0x11a8:0xf DW_TAG_variable
	.byte	2                               @ DW_AT_location
	.byte	145
	.byte	0
	.long	.Linfo_string291                @ DW_AT_name
	.byte	2                               @ DW_AT_decl_file
	.short	3428                            @ DW_AT_decl_line
	.long	944                             @ DW_AT_type
	.byte	0                               @ End Of Children Mark
	.byte	18                              @ Abbrev [18] 0x11b8:0x35 DW_TAG_subprogram
	.long	.Lfunc_begin52                  @ DW_AT_low_pc
	.long	.Lfunc_end52-.Lfunc_begin52     @ DW_AT_high_pc
	.byte	1                               @ DW_AT_frame_base
	.byte	93
	.long	.Linfo_string157                @ DW_AT_name
	.byte	2                               @ DW_AT_decl_file
	.short	3442                            @ DW_AT_decl_line
                                        @ DW_AT_prototyped
	.long	7923                            @ DW_AT_type
                                        @ DW_AT_external
	.byte	19                              @ Abbrev [19] 0x11ce:0xf DW_TAG_formal_parameter
	.byte	2                               @ DW_AT_location
	.byte	145
	.byte	4
	.long	.Linfo_string206                @ DW_AT_name
	.byte	2                               @ DW_AT_decl_file
	.short	3442                            @ DW_AT_decl_line
	.long	7945                            @ DW_AT_type
	.byte	20                              @ Abbrev [20] 0x11dd:0xf DW_TAG_variable
	.byte	2                               @ DW_AT_location
	.byte	145
	.byte	3
	.long	.Linfo_string284                @ DW_AT_name
	.byte	2                               @ DW_AT_decl_file
	.short	3444                            @ DW_AT_decl_line
	.long	7934                            @ DW_AT_type
	.byte	0                               @ End Of Children Mark
	.byte	18                              @ Abbrev [18] 0x11ed:0x62 DW_TAG_subprogram
	.long	.Lfunc_begin53                  @ DW_AT_low_pc
	.long	.Lfunc_end53-.Lfunc_begin53     @ DW_AT_high_pc
	.byte	1                               @ DW_AT_frame_base
	.byte	93
	.long	.Linfo_string158                @ DW_AT_name
	.byte	2                               @ DW_AT_decl_file
	.short	3509                            @ DW_AT_decl_line
                                        @ DW_AT_prototyped
	.long	7923                            @ DW_AT_type
                                        @ DW_AT_external
	.byte	19                              @ Abbrev [19] 0x1203:0xf DW_TAG_formal_parameter
	.byte	2                               @ DW_AT_location
	.byte	145
	.byte	16
	.long	.Linfo_string206                @ DW_AT_name
	.byte	2                               @ DW_AT_decl_file
	.short	3509                            @ DW_AT_decl_line
	.long	7945                            @ DW_AT_type
	.byte	19                              @ Abbrev [19] 0x1212:0xf DW_TAG_formal_parameter
	.byte	2                               @ DW_AT_location
	.byte	145
	.byte	12
	.long	.Linfo_string363                @ DW_AT_name
	.byte	2                               @ DW_AT_decl_file
	.short	3509                            @ DW_AT_decl_line
	.long	9599                            @ DW_AT_type
	.byte	20                              @ Abbrev [20] 0x1221:0xf DW_TAG_variable
	.byte	2                               @ DW_AT_location
	.byte	145
	.byte	8
	.long	.Linfo_string257                @ DW_AT_name
	.byte	2                               @ DW_AT_decl_file
	.short	3511                            @ DW_AT_decl_line
	.long	944                             @ DW_AT_type
	.byte	20                              @ Abbrev [20] 0x1230:0xf DW_TAG_variable
	.byte	2                               @ DW_AT_location
	.byte	145
	.byte	4
	.long	.Linfo_string260                @ DW_AT_name
	.byte	2                               @ DW_AT_decl_file
	.short	3512                            @ DW_AT_decl_line
	.long	944                             @ DW_AT_type
	.byte	20                              @ Abbrev [20] 0x123f:0xf DW_TAG_variable
	.byte	2                               @ DW_AT_location
	.byte	145
	.byte	0
	.long	.Linfo_string261                @ DW_AT_name
	.byte	2                               @ DW_AT_decl_file
	.short	3513                            @ DW_AT_decl_line
	.long	944                             @ DW_AT_type
	.byte	0                               @ End Of Children Mark
	.byte	18                              @ Abbrev [18] 0x124f:0x53 DW_TAG_subprogram
	.long	.Lfunc_begin54                  @ DW_AT_low_pc
	.long	.Lfunc_end54-.Lfunc_begin54     @ DW_AT_high_pc
	.byte	1                               @ DW_AT_frame_base
	.byte	93
	.long	.Linfo_string159                @ DW_AT_name
	.byte	2                               @ DW_AT_decl_file
	.short	3689                            @ DW_AT_decl_line
                                        @ DW_AT_prototyped
	.long	7923                            @ DW_AT_type
                                        @ DW_AT_external
	.byte	19                              @ Abbrev [19] 0x1265:0xf DW_TAG_formal_parameter
	.byte	2                               @ DW_AT_location
	.byte	145
	.byte	12
	.long	.Linfo_string206                @ DW_AT_name
	.byte	2                               @ DW_AT_decl_file
	.short	3689                            @ DW_AT_decl_line
	.long	7945                            @ DW_AT_type
	.byte	19                              @ Abbrev [19] 0x1274:0xf DW_TAG_formal_parameter
	.byte	2                               @ DW_AT_location
	.byte	145
	.byte	8
	.long	.Linfo_string272                @ DW_AT_name
	.byte	2                               @ DW_AT_decl_file
	.short	3689                            @ DW_AT_decl_line
	.long	944                             @ DW_AT_type
	.byte	19                              @ Abbrev [19] 0x1283:0xf DW_TAG_formal_parameter
	.byte	2                               @ DW_AT_location
	.byte	145
	.byte	4
	.long	.Linfo_string302                @ DW_AT_name
	.byte	2                               @ DW_AT_decl_file
	.short	3690                            @ DW_AT_decl_line
	.long	944                             @ DW_AT_type
	.byte	19                              @ Abbrev [19] 0x1292:0xf DW_TAG_formal_parameter
	.byte	2                               @ DW_AT_location
	.byte	145
	.byte	0
	.long	.Linfo_string382                @ DW_AT_name
	.byte	2                               @ DW_AT_decl_file
	.short	3690                            @ DW_AT_decl_line
	.long	944                             @ DW_AT_type
	.byte	0                               @ End Of Children Mark
	.byte	18                              @ Abbrev [18] 0x12a2:0x9a DW_TAG_subprogram
	.long	.Lfunc_begin55                  @ DW_AT_low_pc
	.long	.Lfunc_end55-.Lfunc_begin55     @ DW_AT_high_pc
	.byte	1                               @ DW_AT_frame_base
	.byte	93
	.long	.Linfo_string160                @ DW_AT_name
	.byte	2                               @ DW_AT_decl_file
	.short	3740                            @ DW_AT_decl_line
                                        @ DW_AT_prototyped
	.long	7923                            @ DW_AT_type
                                        @ DW_AT_external
	.byte	19                              @ Abbrev [19] 0x12b8:0xf DW_TAG_formal_parameter
	.byte	2                               @ DW_AT_location
	.byte	145
	.byte	24
	.long	.Linfo_string206                @ DW_AT_name
	.byte	2                               @ DW_AT_decl_file
	.short	3740                            @ DW_AT_decl_line
	.long	7945                            @ DW_AT_type
	.byte	19                              @ Abbrev [19] 0x12c7:0xf DW_TAG_formal_parameter
	.byte	2                               @ DW_AT_location
	.byte	145
	.byte	20
	.long	.Linfo_string383                @ DW_AT_name
	.byte	2                               @ DW_AT_decl_file
	.short	3740                            @ DW_AT_decl_line
	.long	9874                            @ DW_AT_type
	.byte	20                              @ Abbrev [20] 0x12d6:0xf DW_TAG_variable
	.byte	2                               @ DW_AT_location
	.byte	145
	.byte	16
	.long	.Linfo_string392                @ DW_AT_name
	.byte	2                               @ DW_AT_decl_file
	.short	3742                            @ DW_AT_decl_line
	.long	944                             @ DW_AT_type
	.byte	20                              @ Abbrev [20] 0x12e5:0xf DW_TAG_variable
	.byte	2                               @ DW_AT_location
	.byte	145
	.byte	12
	.long	.Linfo_string393                @ DW_AT_name
	.byte	2                               @ DW_AT_decl_file
	.short	3743                            @ DW_AT_decl_line
	.long	944                             @ DW_AT_type
	.byte	20                              @ Abbrev [20] 0x12f4:0xf DW_TAG_variable
	.byte	2                               @ DW_AT_location
	.byte	145
	.byte	8
	.long	.Linfo_string394                @ DW_AT_name
	.byte	2                               @ DW_AT_decl_file
	.short	3744                            @ DW_AT_decl_line
	.long	944                             @ DW_AT_type
	.byte	20                              @ Abbrev [20] 0x1303:0xf DW_TAG_variable
	.byte	2                               @ DW_AT_location
	.byte	145
	.byte	4
	.long	.Linfo_string395                @ DW_AT_name
	.byte	2                               @ DW_AT_decl_file
	.short	3745                            @ DW_AT_decl_line
	.long	944                             @ DW_AT_type
	.byte	20                              @ Abbrev [20] 0x1312:0xf DW_TAG_variable
	.byte	2                               @ DW_AT_location
	.byte	145
	.byte	0
	.long	.Linfo_string396                @ DW_AT_name
	.byte	2                               @ DW_AT_decl_file
	.short	3746                            @ DW_AT_decl_line
	.long	1383                            @ DW_AT_type
	.byte	26                              @ Abbrev [26] 0x1321:0x1a DW_TAG_inlined_subroutine
	.long	3461                            @ DW_AT_abstract_origin
	.long	.Ltmp625                        @ DW_AT_low_pc
	.long	.Ltmp629-.Ltmp625               @ DW_AT_high_pc
	.byte	2                               @ DW_AT_call_file
	.short	3809                            @ DW_AT_call_line
	.byte	23                              @ DW_AT_call_column
	.byte	27                              @ Abbrev [27] 0x1332:0x8 DW_TAG_formal_parameter
	.byte	2                               @ DW_AT_location
	.byte	145
	.byte	32
	.long	3474                            @ DW_AT_abstract_origin
	.byte	0                               @ End Of Children Mark
	.byte	0                               @ End Of Children Mark
	.byte	18                              @ Abbrev [18] 0x133c:0x53 DW_TAG_subprogram
	.long	.Lfunc_begin56                  @ DW_AT_low_pc
	.long	.Lfunc_end56-.Lfunc_begin56     @ DW_AT_high_pc
	.byte	1                               @ DW_AT_frame_base
	.byte	93
	.long	.Linfo_string161                @ DW_AT_name
	.byte	2                               @ DW_AT_decl_file
	.short	3850                            @ DW_AT_decl_line
                                        @ DW_AT_prototyped
	.long	7923                            @ DW_AT_type
                                        @ DW_AT_external
	.byte	19                              @ Abbrev [19] 0x1352:0xf DW_TAG_formal_parameter
	.byte	2                               @ DW_AT_location
	.byte	145
	.byte	12
	.long	.Linfo_string206                @ DW_AT_name
	.byte	2                               @ DW_AT_decl_file
	.short	3850                            @ DW_AT_decl_line
	.long	7945                            @ DW_AT_type
	.byte	19                              @ Abbrev [19] 0x1361:0xf DW_TAG_formal_parameter
	.byte	2                               @ DW_AT_location
	.byte	145
	.byte	8
	.long	.Linfo_string397                @ DW_AT_name
	.byte	2                               @ DW_AT_decl_file
	.short	3850                            @ DW_AT_decl_line
	.long	944                             @ DW_AT_type
	.byte	20                              @ Abbrev [20] 0x1370:0xf DW_TAG_variable
	.byte	2                               @ DW_AT_location
	.byte	145
	.byte	4
	.long	.Linfo_string262                @ DW_AT_name
	.byte	2                               @ DW_AT_decl_file
	.short	3852                            @ DW_AT_decl_line
	.long	944                             @ DW_AT_type
	.byte	20                              @ Abbrev [20] 0x137f:0xf DW_TAG_variable
	.byte	2                               @ DW_AT_location
	.byte	145
	.byte	3
	.long	.Linfo_string284                @ DW_AT_name
	.byte	2                               @ DW_AT_decl_file
	.short	3853                            @ DW_AT_decl_line
	.long	7934                            @ DW_AT_type
	.byte	0                               @ End Of Children Mark
	.byte	18                              @ Abbrev [18] 0x138f:0x53 DW_TAG_subprogram
	.long	.Lfunc_begin57                  @ DW_AT_low_pc
	.long	.Lfunc_end57-.Lfunc_begin57     @ DW_AT_high_pc
	.byte	1                               @ DW_AT_frame_base
	.byte	93
	.long	.Linfo_string162                @ DW_AT_name
	.byte	2                               @ DW_AT_decl_file
	.short	3924                            @ DW_AT_decl_line
                                        @ DW_AT_prototyped
	.long	7923                            @ DW_AT_type
                                        @ DW_AT_external
	.byte	19                              @ Abbrev [19] 0x13a5:0xf DW_TAG_formal_parameter
	.byte	2                               @ DW_AT_location
	.byte	145
	.byte	12
	.long	.Linfo_string206                @ DW_AT_name
	.byte	2                               @ DW_AT_decl_file
	.short	3924                            @ DW_AT_decl_line
	.long	7945                            @ DW_AT_type
	.byte	19                              @ Abbrev [19] 0x13b4:0xf DW_TAG_formal_parameter
	.byte	2                               @ DW_AT_location
	.byte	145
	.byte	8
	.long	.Linfo_string398                @ DW_AT_name
	.byte	2                               @ DW_AT_decl_file
	.short	3924                            @ DW_AT_decl_line
	.long	944                             @ DW_AT_type
	.byte	20                              @ Abbrev [20] 0x13c3:0xf DW_TAG_variable
	.byte	2                               @ DW_AT_location
	.byte	145
	.byte	4
	.long	.Linfo_string262                @ DW_AT_name
	.byte	2                               @ DW_AT_decl_file
	.short	3926                            @ DW_AT_decl_line
	.long	944                             @ DW_AT_type
	.byte	20                              @ Abbrev [20] 0x13d2:0xf DW_TAG_variable
	.byte	2                               @ DW_AT_location
	.byte	145
	.byte	3
	.long	.Linfo_string284                @ DW_AT_name
	.byte	2                               @ DW_AT_decl_file
	.short	3927                            @ DW_AT_decl_line
	.long	7934                            @ DW_AT_type
	.byte	0                               @ End Of Children Mark
	.byte	18                              @ Abbrev [18] 0x13e2:0x62 DW_TAG_subprogram
	.long	.Lfunc_begin58                  @ DW_AT_low_pc
	.long	.Lfunc_end58-.Lfunc_begin58     @ DW_AT_high_pc
	.byte	1                               @ DW_AT_frame_base
	.byte	93
	.long	.Linfo_string163                @ DW_AT_name
	.byte	2                               @ DW_AT_decl_file
	.short	4000                            @ DW_AT_decl_line
                                        @ DW_AT_prototyped
	.long	7923                            @ DW_AT_type
                                        @ DW_AT_external
	.byte	19                              @ Abbrev [19] 0x13f8:0xf DW_TAG_formal_parameter
	.byte	2                               @ DW_AT_location
	.byte	145
	.byte	16
	.long	.Linfo_string206                @ DW_AT_name
	.byte	2                               @ DW_AT_decl_file
	.short	4000                            @ DW_AT_decl_line
	.long	7945                            @ DW_AT_type
	.byte	19                              @ Abbrev [19] 0x1407:0xf DW_TAG_formal_parameter
	.byte	2                               @ DW_AT_location
	.byte	145
	.byte	12
	.long	.Linfo_string399                @ DW_AT_name
	.byte	2                               @ DW_AT_decl_file
	.short	4000                            @ DW_AT_decl_line
	.long	944                             @ DW_AT_type
	.byte	19                              @ Abbrev [19] 0x1416:0xf DW_TAG_formal_parameter
	.byte	2                               @ DW_AT_location
	.byte	145
	.byte	8
	.long	.Linfo_string400                @ DW_AT_name
	.byte	2                               @ DW_AT_decl_file
	.short	4000                            @ DW_AT_decl_line
	.long	944                             @ DW_AT_type
	.byte	20                              @ Abbrev [20] 0x1425:0xf DW_TAG_variable
	.byte	2                               @ DW_AT_location
	.byte	145
	.byte	4
	.long	.Linfo_string262                @ DW_AT_name
	.byte	2                               @ DW_AT_decl_file
	.short	4002                            @ DW_AT_decl_line
	.long	944                             @ DW_AT_type
	.byte	20                              @ Abbrev [20] 0x1434:0xf DW_TAG_variable
	.byte	2                               @ DW_AT_location
	.byte	145
	.byte	3
	.long	.Linfo_string284                @ DW_AT_name
	.byte	2                               @ DW_AT_decl_file
	.short	4003                            @ DW_AT_decl_line
	.long	7934                            @ DW_AT_type
	.byte	0                               @ End Of Children Mark
	.byte	18                              @ Abbrev [18] 0x1444:0x8f DW_TAG_subprogram
	.long	.Lfunc_begin59                  @ DW_AT_low_pc
	.long	.Lfunc_end59-.Lfunc_begin59     @ DW_AT_high_pc
	.byte	1                               @ DW_AT_frame_base
	.byte	93
	.long	.Linfo_string164                @ DW_AT_name
	.byte	2                               @ DW_AT_decl_file
	.short	4061                            @ DW_AT_decl_line
                                        @ DW_AT_prototyped
	.long	7923                            @ DW_AT_type
                                        @ DW_AT_external
	.byte	19                              @ Abbrev [19] 0x145a:0xf DW_TAG_formal_parameter
	.byte	2                               @ DW_AT_location
	.byte	145
	.byte	24
	.long	.Linfo_string206                @ DW_AT_name
	.byte	2                               @ DW_AT_decl_file
	.short	4061                            @ DW_AT_decl_line
	.long	7945                            @ DW_AT_type
	.byte	19                              @ Abbrev [19] 0x1469:0xf DW_TAG_formal_parameter
	.byte	2                               @ DW_AT_location
	.byte	145
	.byte	20
	.long	.Linfo_string401                @ DW_AT_name
	.byte	2                               @ DW_AT_decl_file
	.short	4062                            @ DW_AT_decl_line
	.long	944                             @ DW_AT_type
	.byte	19                              @ Abbrev [19] 0x1478:0xf DW_TAG_formal_parameter
	.byte	2                               @ DW_AT_location
	.byte	145
	.byte	16
	.long	.Linfo_string402                @ DW_AT_name
	.byte	2                               @ DW_AT_decl_file
	.short	4062                            @ DW_AT_decl_line
	.long	944                             @ DW_AT_type
	.byte	19                              @ Abbrev [19] 0x1487:0xf DW_TAG_formal_parameter
	.byte	2                               @ DW_AT_location
	.byte	145
	.byte	12
	.long	.Linfo_string386                @ DW_AT_name
	.byte	2                               @ DW_AT_decl_file
	.short	4063                            @ DW_AT_decl_line
	.long	944                             @ DW_AT_type
	.byte	19                              @ Abbrev [19] 0x1496:0xf DW_TAG_formal_parameter
	.byte	2                               @ DW_AT_location
	.byte	145
	.byte	32
	.long	.Linfo_string387                @ DW_AT_name
	.byte	2                               @ DW_AT_decl_file
	.short	4063                            @ DW_AT_decl_line
	.long	944                             @ DW_AT_type
	.byte	20                              @ Abbrev [20] 0x14a5:0xf DW_TAG_variable
	.byte	2                               @ DW_AT_location
	.byte	145
	.byte	8
	.long	.Linfo_string262                @ DW_AT_name
	.byte	2                               @ DW_AT_decl_file
	.short	4065                            @ DW_AT_decl_line
	.long	944                             @ DW_AT_type
	.byte	20                              @ Abbrev [20] 0x14b4:0xf DW_TAG_variable
	.byte	2                               @ DW_AT_location
	.byte	145
	.byte	4
	.long	.Linfo_string392                @ DW_AT_name
	.byte	2                               @ DW_AT_decl_file
	.short	4066                            @ DW_AT_decl_line
	.long	944                             @ DW_AT_type
	.byte	20                              @ Abbrev [20] 0x14c3:0xf DW_TAG_variable
	.byte	2                               @ DW_AT_location
	.byte	145
	.byte	3
	.long	.Linfo_string284                @ DW_AT_name
	.byte	2                               @ DW_AT_decl_file
	.short	4067                            @ DW_AT_decl_line
	.long	7934                            @ DW_AT_type
	.byte	0                               @ End Of Children Mark
	.byte	18                              @ Abbrev [18] 0x14d3:0x44 DW_TAG_subprogram
	.long	.Lfunc_begin60                  @ DW_AT_low_pc
	.long	.Lfunc_end60-.Lfunc_begin60     @ DW_AT_high_pc
	.byte	1                               @ DW_AT_frame_base
	.byte	93
	.long	.Linfo_string165                @ DW_AT_name
	.byte	2                               @ DW_AT_decl_file
	.short	4182                            @ DW_AT_decl_line
                                        @ DW_AT_prototyped
	.long	7923                            @ DW_AT_type
                                        @ DW_AT_external
	.byte	19                              @ Abbrev [19] 0x14e9:0xf DW_TAG_formal_parameter
	.byte	2                               @ DW_AT_location
	.byte	145
	.byte	8
	.long	.Linfo_string206                @ DW_AT_name
	.byte	2                               @ DW_AT_decl_file
	.short	4182                            @ DW_AT_decl_line
	.long	7945                            @ DW_AT_type
	.byte	20                              @ Abbrev [20] 0x14f8:0xf DW_TAG_variable
	.byte	2                               @ DW_AT_location
	.byte	145
	.byte	4
	.long	.Linfo_string262                @ DW_AT_name
	.byte	2                               @ DW_AT_decl_file
	.short	4184                            @ DW_AT_decl_line
	.long	944                             @ DW_AT_type
	.byte	20                              @ Abbrev [20] 0x1507:0xf DW_TAG_variable
	.byte	2                               @ DW_AT_location
	.byte	145
	.byte	3
	.long	.Linfo_string284                @ DW_AT_name
	.byte	2                               @ DW_AT_decl_file
	.short	4185                            @ DW_AT_decl_line
	.long	7934                            @ DW_AT_type
	.byte	0                               @ End Of Children Mark
	.byte	18                              @ Abbrev [18] 0x1517:0x44 DW_TAG_subprogram
	.long	.Lfunc_begin61                  @ DW_AT_low_pc
	.long	.Lfunc_end61-.Lfunc_begin61     @ DW_AT_high_pc
	.byte	1                               @ DW_AT_frame_base
	.byte	93
	.long	.Linfo_string166                @ DW_AT_name
	.byte	2                               @ DW_AT_decl_file
	.short	4232                            @ DW_AT_decl_line
                                        @ DW_AT_prototyped
	.long	7923                            @ DW_AT_type
                                        @ DW_AT_external
	.byte	19                              @ Abbrev [19] 0x152d:0xf DW_TAG_formal_parameter
	.byte	2                               @ DW_AT_location
	.byte	145
	.byte	8
	.long	.Linfo_string206                @ DW_AT_name
	.byte	2                               @ DW_AT_decl_file
	.short	4232                            @ DW_AT_decl_line
	.long	7945                            @ DW_AT_type
	.byte	20                              @ Abbrev [20] 0x153c:0xf DW_TAG_variable
	.byte	2                               @ DW_AT_location
	.byte	145
	.byte	4
	.long	.Linfo_string262                @ DW_AT_name
	.byte	2                               @ DW_AT_decl_file
	.short	4234                            @ DW_AT_decl_line
	.long	944                             @ DW_AT_type
	.byte	20                              @ Abbrev [20] 0x154b:0xf DW_TAG_variable
	.byte	2                               @ DW_AT_location
	.byte	145
	.byte	3
	.long	.Linfo_string284                @ DW_AT_name
	.byte	2                               @ DW_AT_decl_file
	.short	4235                            @ DW_AT_decl_line
	.long	7934                            @ DW_AT_type
	.byte	0                               @ End Of Children Mark
	.byte	18                              @ Abbrev [18] 0x155b:0x44 DW_TAG_subprogram
	.long	.Lfunc_begin62                  @ DW_AT_low_pc
	.long	.Lfunc_end62-.Lfunc_begin62     @ DW_AT_high_pc
	.byte	1                               @ DW_AT_frame_base
	.byte	93
	.long	.Linfo_string167                @ DW_AT_name
	.byte	2                               @ DW_AT_decl_file
	.short	4282                            @ DW_AT_decl_line
                                        @ DW_AT_prototyped
	.long	7923                            @ DW_AT_type
                                        @ DW_AT_external
	.byte	19                              @ Abbrev [19] 0x1571:0xf DW_TAG_formal_parameter
	.byte	2                               @ DW_AT_location
	.byte	145
	.byte	8
	.long	.Linfo_string206                @ DW_AT_name
	.byte	2                               @ DW_AT_decl_file
	.short	4282                            @ DW_AT_decl_line
	.long	7945                            @ DW_AT_type
	.byte	20                              @ Abbrev [20] 0x1580:0xf DW_TAG_variable
	.byte	2                               @ DW_AT_location
	.byte	145
	.byte	4
	.long	.Linfo_string262                @ DW_AT_name
	.byte	2                               @ DW_AT_decl_file
	.short	4284                            @ DW_AT_decl_line
	.long	944                             @ DW_AT_type
	.byte	20                              @ Abbrev [20] 0x158f:0xf DW_TAG_variable
	.byte	2                               @ DW_AT_location
	.byte	145
	.byte	3
	.long	.Linfo_string284                @ DW_AT_name
	.byte	2                               @ DW_AT_decl_file
	.short	4285                            @ DW_AT_decl_line
	.long	7934                            @ DW_AT_type
	.byte	0                               @ End Of Children Mark
	.byte	18                              @ Abbrev [18] 0x159f:0x44 DW_TAG_subprogram
	.long	.Lfunc_begin63                  @ DW_AT_low_pc
	.long	.Lfunc_end63-.Lfunc_begin63     @ DW_AT_high_pc
	.byte	1                               @ DW_AT_frame_base
	.byte	93
	.long	.Linfo_string168                @ DW_AT_name
	.byte	2                               @ DW_AT_decl_file
	.short	4343                            @ DW_AT_decl_line
                                        @ DW_AT_prototyped
	.long	7923                            @ DW_AT_type
                                        @ DW_AT_external
	.byte	19                              @ Abbrev [19] 0x15b5:0xf DW_TAG_formal_parameter
	.byte	2                               @ DW_AT_location
	.byte	145
	.byte	8
	.long	.Linfo_string206                @ DW_AT_name
	.byte	2                               @ DW_AT_decl_file
	.short	4343                            @ DW_AT_decl_line
	.long	7945                            @ DW_AT_type
	.byte	20                              @ Abbrev [20] 0x15c4:0xf DW_TAG_variable
	.byte	2                               @ DW_AT_location
	.byte	145
	.byte	4
	.long	.Linfo_string262                @ DW_AT_name
	.byte	2                               @ DW_AT_decl_file
	.short	4345                            @ DW_AT_decl_line
	.long	944                             @ DW_AT_type
	.byte	20                              @ Abbrev [20] 0x15d3:0xf DW_TAG_variable
	.byte	2                               @ DW_AT_location
	.byte	145
	.byte	3
	.long	.Linfo_string284                @ DW_AT_name
	.byte	2                               @ DW_AT_decl_file
	.short	4346                            @ DW_AT_decl_line
	.long	7934                            @ DW_AT_type
	.byte	0                               @ End Of Children Mark
	.byte	18                              @ Abbrev [18] 0x15e3:0x44 DW_TAG_subprogram
	.long	.Lfunc_begin64                  @ DW_AT_low_pc
	.long	.Lfunc_end64-.Lfunc_begin64     @ DW_AT_high_pc
	.byte	1                               @ DW_AT_frame_base
	.byte	93
	.long	.Linfo_string169                @ DW_AT_name
	.byte	2                               @ DW_AT_decl_file
	.short	4404                            @ DW_AT_decl_line
                                        @ DW_AT_prototyped
	.long	7923                            @ DW_AT_type
                                        @ DW_AT_external
	.byte	19                              @ Abbrev [19] 0x15f9:0xf DW_TAG_formal_parameter
	.byte	2                               @ DW_AT_location
	.byte	145
	.byte	8
	.long	.Linfo_string206                @ DW_AT_name
	.byte	2                               @ DW_AT_decl_file
	.short	4404                            @ DW_AT_decl_line
	.long	7945                            @ DW_AT_type
	.byte	20                              @ Abbrev [20] 0x1608:0xf DW_TAG_variable
	.byte	2                               @ DW_AT_location
	.byte	145
	.byte	4
	.long	.Linfo_string262                @ DW_AT_name
	.byte	2                               @ DW_AT_decl_file
	.short	4406                            @ DW_AT_decl_line
	.long	944                             @ DW_AT_type
	.byte	20                              @ Abbrev [20] 0x1617:0xf DW_TAG_variable
	.byte	2                               @ DW_AT_location
	.byte	145
	.byte	3
	.long	.Linfo_string284                @ DW_AT_name
	.byte	2                               @ DW_AT_decl_file
	.short	4407                            @ DW_AT_decl_line
	.long	7934                            @ DW_AT_type
	.byte	0                               @ End Of Children Mark
	.byte	18                              @ Abbrev [18] 0x1627:0x44 DW_TAG_subprogram
	.long	.Lfunc_begin65                  @ DW_AT_low_pc
	.long	.Lfunc_end65-.Lfunc_begin65     @ DW_AT_high_pc
	.byte	1                               @ DW_AT_frame_base
	.byte	93
	.long	.Linfo_string170                @ DW_AT_name
	.byte	2                               @ DW_AT_decl_file
	.short	4465                            @ DW_AT_decl_line
                                        @ DW_AT_prototyped
	.long	7923                            @ DW_AT_type
                                        @ DW_AT_external
	.byte	19                              @ Abbrev [19] 0x163d:0xf DW_TAG_formal_parameter
	.byte	2                               @ DW_AT_location
	.byte	145
	.byte	8
	.long	.Linfo_string206                @ DW_AT_name
	.byte	2                               @ DW_AT_decl_file
	.short	4465                            @ DW_AT_decl_line
	.long	7945                            @ DW_AT_type
	.byte	20                              @ Abbrev [20] 0x164c:0xf DW_TAG_variable
	.byte	2                               @ DW_AT_location
	.byte	145
	.byte	4
	.long	.Linfo_string262                @ DW_AT_name
	.byte	2                               @ DW_AT_decl_file
	.short	4467                            @ DW_AT_decl_line
	.long	944                             @ DW_AT_type
	.byte	20                              @ Abbrev [20] 0x165b:0xf DW_TAG_variable
	.byte	2                               @ DW_AT_location
	.byte	145
	.byte	3
	.long	.Linfo_string284                @ DW_AT_name
	.byte	2                               @ DW_AT_decl_file
	.short	4468                            @ DW_AT_decl_line
	.long	7934                            @ DW_AT_type
	.byte	0                               @ End Of Children Mark
	.byte	18                              @ Abbrev [18] 0x166b:0x44 DW_TAG_subprogram
	.long	.Lfunc_begin66                  @ DW_AT_low_pc
	.long	.Lfunc_end66-.Lfunc_begin66     @ DW_AT_high_pc
	.byte	1                               @ DW_AT_frame_base
	.byte	93
	.long	.Linfo_string171                @ DW_AT_name
	.byte	2                               @ DW_AT_decl_file
	.short	4528                            @ DW_AT_decl_line
                                        @ DW_AT_prototyped
	.long	7923                            @ DW_AT_type
                                        @ DW_AT_external
	.byte	19                              @ Abbrev [19] 0x1681:0xf DW_TAG_formal_parameter
	.byte	2                               @ DW_AT_location
	.byte	145
	.byte	8
	.long	.Linfo_string206                @ DW_AT_name
	.byte	2                               @ DW_AT_decl_file
	.short	4528                            @ DW_AT_decl_line
	.long	7945                            @ DW_AT_type
	.byte	20                              @ Abbrev [20] 0x1690:0xf DW_TAG_variable
	.byte	2                               @ DW_AT_location
	.byte	145
	.byte	4
	.long	.Linfo_string262                @ DW_AT_name
	.byte	2                               @ DW_AT_decl_file
	.short	4530                            @ DW_AT_decl_line
	.long	944                             @ DW_AT_type
	.byte	20                              @ Abbrev [20] 0x169f:0xf DW_TAG_variable
	.byte	2                               @ DW_AT_location
	.byte	145
	.byte	3
	.long	.Linfo_string284                @ DW_AT_name
	.byte	2                               @ DW_AT_decl_file
	.short	4531                            @ DW_AT_decl_line
	.long	7934                            @ DW_AT_type
	.byte	0                               @ End Of Children Mark
	.byte	18                              @ Abbrev [18] 0x16af:0x44 DW_TAG_subprogram
	.long	.Lfunc_begin67                  @ DW_AT_low_pc
	.long	.Lfunc_end67-.Lfunc_begin67     @ DW_AT_high_pc
	.byte	1                               @ DW_AT_frame_base
	.byte	93
	.long	.Linfo_string172                @ DW_AT_name
	.byte	2                               @ DW_AT_decl_file
	.short	4589                            @ DW_AT_decl_line
                                        @ DW_AT_prototyped
	.long	7923                            @ DW_AT_type
                                        @ DW_AT_external
	.byte	19                              @ Abbrev [19] 0x16c5:0xf DW_TAG_formal_parameter
	.byte	2                               @ DW_AT_location
	.byte	145
	.byte	8
	.long	.Linfo_string206                @ DW_AT_name
	.byte	2                               @ DW_AT_decl_file
	.short	4589                            @ DW_AT_decl_line
	.long	7945                            @ DW_AT_type
	.byte	20                              @ Abbrev [20] 0x16d4:0xf DW_TAG_variable
	.byte	2                               @ DW_AT_location
	.byte	145
	.byte	4
	.long	.Linfo_string262                @ DW_AT_name
	.byte	2                               @ DW_AT_decl_file
	.short	4591                            @ DW_AT_decl_line
	.long	944                             @ DW_AT_type
	.byte	20                              @ Abbrev [20] 0x16e3:0xf DW_TAG_variable
	.byte	2                               @ DW_AT_location
	.byte	145
	.byte	3
	.long	.Linfo_string284                @ DW_AT_name
	.byte	2                               @ DW_AT_decl_file
	.short	4592                            @ DW_AT_decl_line
	.long	7934                            @ DW_AT_type
	.byte	0                               @ End Of Children Mark
	.byte	18                              @ Abbrev [18] 0x16f3:0x44 DW_TAG_subprogram
	.long	.Lfunc_begin68                  @ DW_AT_low_pc
	.long	.Lfunc_end68-.Lfunc_begin68     @ DW_AT_high_pc
	.byte	1                               @ DW_AT_frame_base
	.byte	93
	.long	.Linfo_string173                @ DW_AT_name
	.byte	2                               @ DW_AT_decl_file
	.short	4650                            @ DW_AT_decl_line
                                        @ DW_AT_prototyped
	.long	7923                            @ DW_AT_type
                                        @ DW_AT_external
	.byte	19                              @ Abbrev [19] 0x1709:0xf DW_TAG_formal_parameter
	.byte	2                               @ DW_AT_location
	.byte	145
	.byte	8
	.long	.Linfo_string206                @ DW_AT_name
	.byte	2                               @ DW_AT_decl_file
	.short	4650                            @ DW_AT_decl_line
	.long	7945                            @ DW_AT_type
	.byte	20                              @ Abbrev [20] 0x1718:0xf DW_TAG_variable
	.byte	2                               @ DW_AT_location
	.byte	145
	.byte	4
	.long	.Linfo_string262                @ DW_AT_name
	.byte	2                               @ DW_AT_decl_file
	.short	4652                            @ DW_AT_decl_line
	.long	944                             @ DW_AT_type
	.byte	20                              @ Abbrev [20] 0x1727:0xf DW_TAG_variable
	.byte	2                               @ DW_AT_location
	.byte	145
	.byte	3
	.long	.Linfo_string284                @ DW_AT_name
	.byte	2                               @ DW_AT_decl_file
	.short	4653                            @ DW_AT_decl_line
	.long	7934                            @ DW_AT_type
	.byte	0                               @ End Of Children Mark
	.byte	18                              @ Abbrev [18] 0x1737:0x44 DW_TAG_subprogram
	.long	.Lfunc_begin69                  @ DW_AT_low_pc
	.long	.Lfunc_end69-.Lfunc_begin69     @ DW_AT_high_pc
	.byte	1                               @ DW_AT_frame_base
	.byte	93
	.long	.Linfo_string174                @ DW_AT_name
	.byte	2                               @ DW_AT_decl_file
	.short	4720                            @ DW_AT_decl_line
                                        @ DW_AT_prototyped
	.long	7923                            @ DW_AT_type
                                        @ DW_AT_external
	.byte	19                              @ Abbrev [19] 0x174d:0xf DW_TAG_formal_parameter
	.byte	2                               @ DW_AT_location
	.byte	145
	.byte	8
	.long	.Linfo_string206                @ DW_AT_name
	.byte	2                               @ DW_AT_decl_file
	.short	4720                            @ DW_AT_decl_line
	.long	7945                            @ DW_AT_type
	.byte	20                              @ Abbrev [20] 0x175c:0xf DW_TAG_variable
	.byte	2                               @ DW_AT_location
	.byte	145
	.byte	4
	.long	.Linfo_string262                @ DW_AT_name
	.byte	2                               @ DW_AT_decl_file
	.short	4722                            @ DW_AT_decl_line
	.long	944                             @ DW_AT_type
	.byte	20                              @ Abbrev [20] 0x176b:0xf DW_TAG_variable
	.byte	2                               @ DW_AT_location
	.byte	145
	.byte	3
	.long	.Linfo_string284                @ DW_AT_name
	.byte	2                               @ DW_AT_decl_file
	.short	4723                            @ DW_AT_decl_line
	.long	7934                            @ DW_AT_type
	.byte	0                               @ End Of Children Mark
	.byte	18                              @ Abbrev [18] 0x177b:0x44 DW_TAG_subprogram
	.long	.Lfunc_begin70                  @ DW_AT_low_pc
	.long	.Lfunc_end70-.Lfunc_begin70     @ DW_AT_high_pc
	.byte	1                               @ DW_AT_frame_base
	.byte	93
	.long	.Linfo_string175                @ DW_AT_name
	.byte	2                               @ DW_AT_decl_file
	.short	4794                            @ DW_AT_decl_line
                                        @ DW_AT_prototyped
	.long	7923                            @ DW_AT_type
                                        @ DW_AT_external
	.byte	19                              @ Abbrev [19] 0x1791:0xf DW_TAG_formal_parameter
	.byte	2                               @ DW_AT_location
	.byte	145
	.byte	8
	.long	.Linfo_string206                @ DW_AT_name
	.byte	2                               @ DW_AT_decl_file
	.short	4794                            @ DW_AT_decl_line
	.long	7945                            @ DW_AT_type
	.byte	19                              @ Abbrev [19] 0x17a0:0xf DW_TAG_formal_parameter
	.byte	2                               @ DW_AT_location
	.byte	145
	.byte	4
	.long	.Linfo_string403                @ DW_AT_name
	.byte	2                               @ DW_AT_decl_file
	.short	4794                            @ DW_AT_decl_line
	.long	944                             @ DW_AT_type
	.byte	20                              @ Abbrev [20] 0x17af:0xf DW_TAG_variable
	.byte	2                               @ DW_AT_location
	.byte	145
	.byte	3
	.long	.Linfo_string284                @ DW_AT_name
	.byte	2                               @ DW_AT_decl_file
	.short	4796                            @ DW_AT_decl_line
	.long	7934                            @ DW_AT_type
	.byte	0                               @ End Of Children Mark
	.byte	18                              @ Abbrev [18] 0x17bf:0x44 DW_TAG_subprogram
	.long	.Lfunc_begin71                  @ DW_AT_low_pc
	.long	.Lfunc_end71-.Lfunc_begin71     @ DW_AT_high_pc
	.byte	1                               @ DW_AT_frame_base
	.byte	93
	.long	.Linfo_string176                @ DW_AT_name
	.byte	2                               @ DW_AT_decl_file
	.short	4835                            @ DW_AT_decl_line
                                        @ DW_AT_prototyped
	.long	7923                            @ DW_AT_type
                                        @ DW_AT_external
	.byte	19                              @ Abbrev [19] 0x17d5:0xf DW_TAG_formal_parameter
	.byte	2                               @ DW_AT_location
	.byte	145
	.byte	8
	.long	.Linfo_string206                @ DW_AT_name
	.byte	2                               @ DW_AT_decl_file
	.short	4835                            @ DW_AT_decl_line
	.long	7945                            @ DW_AT_type
	.byte	20                              @ Abbrev [20] 0x17e4:0xf DW_TAG_variable
	.byte	2                               @ DW_AT_location
	.byte	145
	.byte	4
	.long	.Linfo_string262                @ DW_AT_name
	.byte	2                               @ DW_AT_decl_file
	.short	4837                            @ DW_AT_decl_line
	.long	944                             @ DW_AT_type
	.byte	20                              @ Abbrev [20] 0x17f3:0xf DW_TAG_variable
	.byte	2                               @ DW_AT_location
	.byte	145
	.byte	3
	.long	.Linfo_string284                @ DW_AT_name
	.byte	2                               @ DW_AT_decl_file
	.short	4838                            @ DW_AT_decl_line
	.long	7934                            @ DW_AT_type
	.byte	0                               @ End Of Children Mark
	.byte	18                              @ Abbrev [18] 0x1803:0x44 DW_TAG_subprogram
	.long	.Lfunc_begin72                  @ DW_AT_low_pc
	.long	.Lfunc_end72-.Lfunc_begin72     @ DW_AT_high_pc
	.byte	1                               @ DW_AT_frame_base
	.byte	93
	.long	.Linfo_string177                @ DW_AT_name
	.byte	2                               @ DW_AT_decl_file
	.short	4885                            @ DW_AT_decl_line
                                        @ DW_AT_prototyped
	.long	7923                            @ DW_AT_type
                                        @ DW_AT_external
	.byte	19                              @ Abbrev [19] 0x1819:0xf DW_TAG_formal_parameter
	.byte	2                               @ DW_AT_location
	.byte	145
	.byte	8
	.long	.Linfo_string206                @ DW_AT_name
	.byte	2                               @ DW_AT_decl_file
	.short	4885                            @ DW_AT_decl_line
	.long	7945                            @ DW_AT_type
	.byte	20                              @ Abbrev [20] 0x1828:0xf DW_TAG_variable
	.byte	2                               @ DW_AT_location
	.byte	145
	.byte	4
	.long	.Linfo_string262                @ DW_AT_name
	.byte	2                               @ DW_AT_decl_file
	.short	4887                            @ DW_AT_decl_line
	.long	944                             @ DW_AT_type
	.byte	20                              @ Abbrev [20] 0x1837:0xf DW_TAG_variable
	.byte	2                               @ DW_AT_location
	.byte	145
	.byte	3
	.long	.Linfo_string284                @ DW_AT_name
	.byte	2                               @ DW_AT_decl_file
	.short	4888                            @ DW_AT_decl_line
	.long	7934                            @ DW_AT_type
	.byte	0                               @ End Of Children Mark
	.byte	18                              @ Abbrev [18] 0x1847:0x44 DW_TAG_subprogram
	.long	.Lfunc_begin73                  @ DW_AT_low_pc
	.long	.Lfunc_end73-.Lfunc_begin73     @ DW_AT_high_pc
	.byte	1                               @ DW_AT_frame_base
	.byte	93
	.long	.Linfo_string178                @ DW_AT_name
	.byte	2                               @ DW_AT_decl_file
	.short	4936                            @ DW_AT_decl_line
                                        @ DW_AT_prototyped
	.long	7923                            @ DW_AT_type
                                        @ DW_AT_external
	.byte	19                              @ Abbrev [19] 0x185d:0xf DW_TAG_formal_parameter
	.byte	2                               @ DW_AT_location
	.byte	145
	.byte	8
	.long	.Linfo_string206                @ DW_AT_name
	.byte	2                               @ DW_AT_decl_file
	.short	4936                            @ DW_AT_decl_line
	.long	8702                            @ DW_AT_type
	.byte	19                              @ Abbrev [19] 0x186c:0xf DW_TAG_formal_parameter
	.byte	2                               @ DW_AT_location
	.byte	145
	.byte	4
	.long	.Linfo_string404                @ DW_AT_name
	.byte	2                               @ DW_AT_decl_file
	.short	4937                            @ DW_AT_decl_line
	.long	10032                           @ DW_AT_type
	.byte	20                              @ Abbrev [20] 0x187b:0xf DW_TAG_variable
	.byte	2                               @ DW_AT_location
	.byte	145
	.byte	0
	.long	.Linfo_string420                @ DW_AT_name
	.byte	2                               @ DW_AT_decl_file
	.short	4939                            @ DW_AT_decl_line
	.long	944                             @ DW_AT_type
	.byte	0                               @ End Of Children Mark
	.byte	18                              @ Abbrev [18] 0x188b:0x53 DW_TAG_subprogram
	.long	.Lfunc_begin74                  @ DW_AT_low_pc
	.long	.Lfunc_end74-.Lfunc_begin74     @ DW_AT_high_pc
	.byte	1                               @ DW_AT_frame_base
	.byte	93
	.long	.Linfo_string179                @ DW_AT_name
	.byte	2                               @ DW_AT_decl_file
	.short	5001                            @ DW_AT_decl_line
                                        @ DW_AT_prototyped
	.long	7923                            @ DW_AT_type
                                        @ DW_AT_external
	.byte	19                              @ Abbrev [19] 0x18a1:0xf DW_TAG_formal_parameter
	.byte	2                               @ DW_AT_location
	.byte	145
	.byte	12
	.long	.Linfo_string206                @ DW_AT_name
	.byte	2                               @ DW_AT_decl_file
	.short	5001                            @ DW_AT_decl_line
	.long	7945                            @ DW_AT_type
	.byte	19                              @ Abbrev [19] 0x18b0:0xf DW_TAG_formal_parameter
	.byte	2                               @ DW_AT_location
	.byte	145
	.byte	8
	.long	.Linfo_string421                @ DW_AT_name
	.byte	2                               @ DW_AT_decl_file
	.short	5001                            @ DW_AT_decl_line
	.long	944                             @ DW_AT_type
	.byte	19                              @ Abbrev [19] 0x18bf:0xf DW_TAG_formal_parameter
	.byte	2                               @ DW_AT_location
	.byte	145
	.byte	4
	.long	.Linfo_string422                @ DW_AT_name
	.byte	2                               @ DW_AT_decl_file
	.short	5001                            @ DW_AT_decl_line
	.long	944                             @ DW_AT_type
	.byte	20                              @ Abbrev [20] 0x18ce:0xf DW_TAG_variable
	.byte	2                               @ DW_AT_location
	.byte	145
	.byte	3
	.long	.Linfo_string284                @ DW_AT_name
	.byte	2                               @ DW_AT_decl_file
	.short	5003                            @ DW_AT_decl_line
	.long	7934                            @ DW_AT_type
	.byte	0                               @ End Of Children Mark
	.byte	18                              @ Abbrev [18] 0x18de:0x53 DW_TAG_subprogram
	.long	.Lfunc_begin75                  @ DW_AT_low_pc
	.long	.Lfunc_end75-.Lfunc_begin75     @ DW_AT_high_pc
	.byte	1                               @ DW_AT_frame_base
	.byte	93
	.long	.Linfo_string180                @ DW_AT_name
	.byte	2                               @ DW_AT_decl_file
	.short	5043                            @ DW_AT_decl_line
                                        @ DW_AT_prototyped
	.long	7923                            @ DW_AT_type
                                        @ DW_AT_external
	.byte	19                              @ Abbrev [19] 0x18f4:0xf DW_TAG_formal_parameter
	.byte	2                               @ DW_AT_location
	.byte	145
	.byte	12
	.long	.Linfo_string206                @ DW_AT_name
	.byte	2                               @ DW_AT_decl_file
	.short	5043                            @ DW_AT_decl_line
	.long	7945                            @ DW_AT_type
	.byte	19                              @ Abbrev [19] 0x1903:0xf DW_TAG_formal_parameter
	.byte	2                               @ DW_AT_location
	.byte	145
	.byte	8
	.long	.Linfo_string423                @ DW_AT_name
	.byte	2                               @ DW_AT_decl_file
	.short	5043                            @ DW_AT_decl_line
	.long	944                             @ DW_AT_type
	.byte	19                              @ Abbrev [19] 0x1912:0xf DW_TAG_formal_parameter
	.byte	2                               @ DW_AT_location
	.byte	145
	.byte	4
	.long	.Linfo_string422                @ DW_AT_name
	.byte	2                               @ DW_AT_decl_file
	.short	5044                            @ DW_AT_decl_line
	.long	944                             @ DW_AT_type
	.byte	20                              @ Abbrev [20] 0x1921:0xf DW_TAG_variable
	.byte	2                               @ DW_AT_location
	.byte	145
	.byte	3
	.long	.Linfo_string284                @ DW_AT_name
	.byte	2                               @ DW_AT_decl_file
	.short	5046                            @ DW_AT_decl_line
	.long	7934                            @ DW_AT_type
	.byte	0                               @ End Of Children Mark
	.byte	18                              @ Abbrev [18] 0x1931:0x53 DW_TAG_subprogram
	.long	.Lfunc_begin76                  @ DW_AT_low_pc
	.long	.Lfunc_end76-.Lfunc_begin76     @ DW_AT_high_pc
	.byte	1                               @ DW_AT_frame_base
	.byte	93
	.long	.Linfo_string181                @ DW_AT_name
	.byte	2                               @ DW_AT_decl_file
	.short	5090                            @ DW_AT_decl_line
                                        @ DW_AT_prototyped
	.long	7923                            @ DW_AT_type
                                        @ DW_AT_external
	.byte	19                              @ Abbrev [19] 0x1947:0xf DW_TAG_formal_parameter
	.byte	2                               @ DW_AT_location
	.byte	145
	.byte	12
	.long	.Linfo_string206                @ DW_AT_name
	.byte	2                               @ DW_AT_decl_file
	.short	5090                            @ DW_AT_decl_line
	.long	7945                            @ DW_AT_type
	.byte	19                              @ Abbrev [19] 0x1956:0xf DW_TAG_formal_parameter
	.byte	2                               @ DW_AT_location
	.byte	145
	.byte	8
	.long	.Linfo_string424                @ DW_AT_name
	.byte	2                               @ DW_AT_decl_file
	.short	5090                            @ DW_AT_decl_line
	.long	944                             @ DW_AT_type
	.byte	19                              @ Abbrev [19] 0x1965:0xf DW_TAG_formal_parameter
	.byte	2                               @ DW_AT_location
	.byte	145
	.byte	4
	.long	.Linfo_string425                @ DW_AT_name
	.byte	2                               @ DW_AT_decl_file
	.short	5091                            @ DW_AT_decl_line
	.long	944                             @ DW_AT_type
	.byte	20                              @ Abbrev [20] 0x1974:0xf DW_TAG_variable
	.byte	2                               @ DW_AT_location
	.byte	145
	.byte	3
	.long	.Linfo_string284                @ DW_AT_name
	.byte	2                               @ DW_AT_decl_file
	.short	5093                            @ DW_AT_decl_line
	.long	7934                            @ DW_AT_type
	.byte	0                               @ End Of Children Mark
	.byte	18                              @ Abbrev [18] 0x1984:0x53 DW_TAG_subprogram
	.long	.Lfunc_begin77                  @ DW_AT_low_pc
	.long	.Lfunc_end77-.Lfunc_begin77     @ DW_AT_high_pc
	.byte	1                               @ DW_AT_frame_base
	.byte	93
	.long	.Linfo_string182                @ DW_AT_name
	.byte	2                               @ DW_AT_decl_file
	.short	5154                            @ DW_AT_decl_line
                                        @ DW_AT_prototyped
	.long	7923                            @ DW_AT_type
                                        @ DW_AT_external
	.byte	19                              @ Abbrev [19] 0x199a:0xf DW_TAG_formal_parameter
	.byte	2                               @ DW_AT_location
	.byte	145
	.byte	12
	.long	.Linfo_string206                @ DW_AT_name
	.byte	2                               @ DW_AT_decl_file
	.short	5154                            @ DW_AT_decl_line
	.long	7945                            @ DW_AT_type
	.byte	19                              @ Abbrev [19] 0x19a9:0xf DW_TAG_formal_parameter
	.byte	2                               @ DW_AT_location
	.byte	145
	.byte	8
	.long	.Linfo_string426                @ DW_AT_name
	.byte	2                               @ DW_AT_decl_file
	.short	5154                            @ DW_AT_decl_line
	.long	944                             @ DW_AT_type
	.byte	20                              @ Abbrev [20] 0x19b8:0xf DW_TAG_variable
	.byte	2                               @ DW_AT_location
	.byte	145
	.byte	4
	.long	.Linfo_string427                @ DW_AT_name
	.byte	2                               @ DW_AT_decl_file
	.short	5156                            @ DW_AT_decl_line
	.long	944                             @ DW_AT_type
	.byte	20                              @ Abbrev [20] 0x19c7:0xf DW_TAG_variable
	.byte	2                               @ DW_AT_location
	.byte	145
	.byte	3
	.long	.Linfo_string284                @ DW_AT_name
	.byte	2                               @ DW_AT_decl_file
	.short	5157                            @ DW_AT_decl_line
	.long	7934                            @ DW_AT_type
	.byte	0                               @ End Of Children Mark
	.byte	18                              @ Abbrev [18] 0x19d7:0x44 DW_TAG_subprogram
	.long	.Lfunc_begin78                  @ DW_AT_low_pc
	.long	.Lfunc_end78-.Lfunc_begin78     @ DW_AT_high_pc
	.byte	1                               @ DW_AT_frame_base
	.byte	93
	.long	.Linfo_string183                @ DW_AT_name
	.byte	2                               @ DW_AT_decl_file
	.short	5213                            @ DW_AT_decl_line
                                        @ DW_AT_prototyped
	.long	7923                            @ DW_AT_type
                                        @ DW_AT_external
	.byte	19                              @ Abbrev [19] 0x19ed:0xf DW_TAG_formal_parameter
	.byte	2                               @ DW_AT_location
	.byte	145
	.byte	8
	.long	.Linfo_string206                @ DW_AT_name
	.byte	2                               @ DW_AT_decl_file
	.short	5213                            @ DW_AT_decl_line
	.long	7945                            @ DW_AT_type
	.byte	19                              @ Abbrev [19] 0x19fc:0xf DW_TAG_formal_parameter
	.byte	2                               @ DW_AT_location
	.byte	145
	.byte	4
	.long	.Linfo_string428                @ DW_AT_name
	.byte	2                               @ DW_AT_decl_file
	.short	5213                            @ DW_AT_decl_line
	.long	944                             @ DW_AT_type
	.byte	20                              @ Abbrev [20] 0x1a0b:0xf DW_TAG_variable
	.byte	2                               @ DW_AT_location
	.byte	145
	.byte	3
	.long	.Linfo_string284                @ DW_AT_name
	.byte	2                               @ DW_AT_decl_file
	.short	5215                            @ DW_AT_decl_line
	.long	7934                            @ DW_AT_type
	.byte	0                               @ End Of Children Mark
	.byte	18                              @ Abbrev [18] 0x1a1b:0x53 DW_TAG_subprogram
	.long	.Lfunc_begin79                  @ DW_AT_low_pc
	.long	.Lfunc_end79-.Lfunc_begin79     @ DW_AT_high_pc
	.byte	1                               @ DW_AT_frame_base
	.byte	93
	.long	.Linfo_string184                @ DW_AT_name
	.byte	2                               @ DW_AT_decl_file
	.short	5263                            @ DW_AT_decl_line
                                        @ DW_AT_prototyped
	.long	7923                            @ DW_AT_type
                                        @ DW_AT_external
	.byte	19                              @ Abbrev [19] 0x1a31:0xf DW_TAG_formal_parameter
	.byte	2                               @ DW_AT_location
	.byte	145
	.byte	12
	.long	.Linfo_string206                @ DW_AT_name
	.byte	2                               @ DW_AT_decl_file
	.short	5263                            @ DW_AT_decl_line
	.long	7945                            @ DW_AT_type
	.byte	19                              @ Abbrev [19] 0x1a40:0xf DW_TAG_formal_parameter
	.byte	2                               @ DW_AT_location
	.byte	145
	.byte	8
	.long	.Linfo_string429                @ DW_AT_name
	.byte	2                               @ DW_AT_decl_file
	.short	5263                            @ DW_AT_decl_line
	.long	944                             @ DW_AT_type
	.byte	20                              @ Abbrev [20] 0x1a4f:0xf DW_TAG_variable
	.byte	2                               @ DW_AT_location
	.byte	145
	.byte	4
	.long	.Linfo_string427                @ DW_AT_name
	.byte	2                               @ DW_AT_decl_file
	.short	5265                            @ DW_AT_decl_line
	.long	944                             @ DW_AT_type
	.byte	20                              @ Abbrev [20] 0x1a5e:0xf DW_TAG_variable
	.byte	2                               @ DW_AT_location
	.byte	145
	.byte	3
	.long	.Linfo_string284                @ DW_AT_name
	.byte	2                               @ DW_AT_decl_file
	.short	5266                            @ DW_AT_decl_line
	.long	7934                            @ DW_AT_type
	.byte	0                               @ End Of Children Mark
	.byte	21                              @ Abbrev [21] 0x1a6e:0x143 DW_TAG_subprogram
	.long	.Lfunc_begin80                  @ DW_AT_low_pc
	.long	.Lfunc_end80-.Lfunc_begin80     @ DW_AT_high_pc
	.byte	1                               @ DW_AT_frame_base
	.byte	93
	.long	.Linfo_string185                @ DW_AT_name
	.byte	2                               @ DW_AT_decl_file
	.short	5309                            @ DW_AT_decl_line
                                        @ DW_AT_prototyped
                                        @ DW_AT_external
	.byte	19                              @ Abbrev [19] 0x1a80:0x10 DW_TAG_formal_parameter
	.byte	3                               @ DW_AT_location
	.byte	145
	.asciz	"\314"
	.long	.Linfo_string206                @ DW_AT_name
	.byte	2                               @ DW_AT_decl_file
	.short	5309                            @ DW_AT_decl_line
	.long	7945                            @ DW_AT_type
	.byte	20                              @ Abbrev [20] 0x1a90:0x10 DW_TAG_variable
	.byte	3                               @ DW_AT_location
	.byte	145
	.asciz	"\310"
	.long	.Linfo_string430                @ DW_AT_name
	.byte	2                               @ DW_AT_decl_file
	.short	5311                            @ DW_AT_decl_line
	.long	944                             @ DW_AT_type
	.byte	20                              @ Abbrev [20] 0x1aa0:0x10 DW_TAG_variable
	.byte	3                               @ DW_AT_location
	.byte	145
	.asciz	"\304"
	.long	.Linfo_string431                @ DW_AT_name
	.byte	2                               @ DW_AT_decl_file
	.short	5312                            @ DW_AT_decl_line
	.long	944                             @ DW_AT_type
	.byte	20                              @ Abbrev [20] 0x1ab0:0x10 DW_TAG_variable
	.byte	3                               @ DW_AT_location
	.byte	145
	.asciz	"\300"
	.long	.Linfo_string432                @ DW_AT_name
	.byte	2                               @ DW_AT_decl_file
	.short	5313                            @ DW_AT_decl_line
	.long	944                             @ DW_AT_type
	.byte	20                              @ Abbrev [20] 0x1ac0:0xf DW_TAG_variable
	.byte	2                               @ DW_AT_location
	.byte	145
	.byte	60
	.long	.Linfo_string433                @ DW_AT_name
	.byte	2                               @ DW_AT_decl_file
	.short	5314                            @ DW_AT_decl_line
	.long	944                             @ DW_AT_type
	.byte	20                              @ Abbrev [20] 0x1acf:0xf DW_TAG_variable
	.byte	2                               @ DW_AT_location
	.byte	145
	.byte	56
	.long	.Linfo_string434                @ DW_AT_name
	.byte	2                               @ DW_AT_decl_file
	.short	5315                            @ DW_AT_decl_line
	.long	944                             @ DW_AT_type
	.byte	20                              @ Abbrev [20] 0x1ade:0xf DW_TAG_variable
	.byte	2                               @ DW_AT_location
	.byte	145
	.byte	52
	.long	.Linfo_string435                @ DW_AT_name
	.byte	2                               @ DW_AT_decl_file
	.short	5316                            @ DW_AT_decl_line
	.long	944                             @ DW_AT_type
	.byte	20                              @ Abbrev [20] 0x1aed:0xf DW_TAG_variable
	.byte	2                               @ DW_AT_location
	.byte	145
	.byte	48
	.long	.Linfo_string436                @ DW_AT_name
	.byte	2                               @ DW_AT_decl_file
	.short	5317                            @ DW_AT_decl_line
	.long	944                             @ DW_AT_type
	.byte	20                              @ Abbrev [20] 0x1afc:0xf DW_TAG_variable
	.byte	2                               @ DW_AT_location
	.byte	145
	.byte	44
	.long	.Linfo_string437                @ DW_AT_name
	.byte	2                               @ DW_AT_decl_file
	.short	5318                            @ DW_AT_decl_line
	.long	944                             @ DW_AT_type
	.byte	20                              @ Abbrev [20] 0x1b0b:0xf DW_TAG_variable
	.byte	2                               @ DW_AT_location
	.byte	145
	.byte	40
	.long	.Linfo_string438                @ DW_AT_name
	.byte	2                               @ DW_AT_decl_file
	.short	5319                            @ DW_AT_decl_line
	.long	944                             @ DW_AT_type
	.byte	20                              @ Abbrev [20] 0x1b1a:0xf DW_TAG_variable
	.byte	2                               @ DW_AT_location
	.byte	145
	.byte	36
	.long	.Linfo_string439                @ DW_AT_name
	.byte	2                               @ DW_AT_decl_file
	.short	5320                            @ DW_AT_decl_line
	.long	944                             @ DW_AT_type
	.byte	20                              @ Abbrev [20] 0x1b29:0xf DW_TAG_variable
	.byte	2                               @ DW_AT_location
	.byte	145
	.byte	32
	.long	.Linfo_string440                @ DW_AT_name
	.byte	2                               @ DW_AT_decl_file
	.short	5321                            @ DW_AT_decl_line
	.long	944                             @ DW_AT_type
	.byte	20                              @ Abbrev [20] 0x1b38:0xf DW_TAG_variable
	.byte	2                               @ DW_AT_location
	.byte	145
	.byte	28
	.long	.Linfo_string441                @ DW_AT_name
	.byte	2                               @ DW_AT_decl_file
	.short	5322                            @ DW_AT_decl_line
	.long	944                             @ DW_AT_type
	.byte	20                              @ Abbrev [20] 0x1b47:0xf DW_TAG_variable
	.byte	2                               @ DW_AT_location
	.byte	145
	.byte	24
	.long	.Linfo_string442                @ DW_AT_name
	.byte	2                               @ DW_AT_decl_file
	.short	5323                            @ DW_AT_decl_line
	.long	944                             @ DW_AT_type
	.byte	20                              @ Abbrev [20] 0x1b56:0xf DW_TAG_variable
	.byte	2                               @ DW_AT_location
	.byte	145
	.byte	20
	.long	.Linfo_string443                @ DW_AT_name
	.byte	2                               @ DW_AT_decl_file
	.short	5324                            @ DW_AT_decl_line
	.long	944                             @ DW_AT_type
	.byte	20                              @ Abbrev [20] 0x1b65:0xf DW_TAG_variable
	.byte	2                               @ DW_AT_location
	.byte	145
	.byte	16
	.long	.Linfo_string444                @ DW_AT_name
	.byte	2                               @ DW_AT_decl_file
	.short	5325                            @ DW_AT_decl_line
	.long	944                             @ DW_AT_type
	.byte	20                              @ Abbrev [20] 0x1b74:0xf DW_TAG_variable
	.byte	2                               @ DW_AT_location
	.byte	145
	.byte	12
	.long	.Linfo_string445                @ DW_AT_name
	.byte	2                               @ DW_AT_decl_file
	.short	5326                            @ DW_AT_decl_line
	.long	944                             @ DW_AT_type
	.byte	20                              @ Abbrev [20] 0x1b83:0xf DW_TAG_variable
	.byte	2                               @ DW_AT_location
	.byte	145
	.byte	8
	.long	.Linfo_string446                @ DW_AT_name
	.byte	2                               @ DW_AT_decl_file
	.short	5327                            @ DW_AT_decl_line
	.long	944                             @ DW_AT_type
	.byte	20                              @ Abbrev [20] 0x1b92:0xf DW_TAG_variable
	.byte	2                               @ DW_AT_location
	.byte	145
	.byte	4
	.long	.Linfo_string447                @ DW_AT_name
	.byte	2                               @ DW_AT_decl_file
	.short	5328                            @ DW_AT_decl_line
	.long	944                             @ DW_AT_type
	.byte	20                              @ Abbrev [20] 0x1ba1:0xf DW_TAG_variable
	.byte	2                               @ DW_AT_location
	.byte	145
	.byte	0
	.long	.Linfo_string448                @ DW_AT_name
	.byte	2                               @ DW_AT_decl_file
	.short	5329                            @ DW_AT_decl_line
	.long	944                             @ DW_AT_type
	.byte	0                               @ End Of Children Mark
	.byte	21                              @ Abbrev [21] 0x1bb1:0x22 DW_TAG_subprogram
	.long	.Lfunc_begin81                  @ DW_AT_low_pc
	.long	.Lfunc_end81-.Lfunc_begin81     @ DW_AT_high_pc
	.byte	1                               @ DW_AT_frame_base
	.byte	93
	.long	.Linfo_string186                @ DW_AT_name
	.byte	2                               @ DW_AT_decl_file
	.short	5915                            @ DW_AT_decl_line
                                        @ DW_AT_prototyped
                                        @ DW_AT_external
	.byte	19                              @ Abbrev [19] 0x1bc3:0xf DW_TAG_formal_parameter
	.byte	2                               @ DW_AT_location
	.byte	145
	.byte	0
	.long	.Linfo_string206                @ DW_AT_name
	.byte	2                               @ DW_AT_decl_file
	.short	5915                            @ DW_AT_decl_line
	.long	7945                            @ DW_AT_type
	.byte	0                               @ End Of Children Mark
	.byte	21                              @ Abbrev [21] 0x1bd3:0x31 DW_TAG_subprogram
	.long	.Lfunc_begin82                  @ DW_AT_low_pc
	.long	.Lfunc_end82-.Lfunc_begin82     @ DW_AT_high_pc
	.byte	1                               @ DW_AT_frame_base
	.byte	93
	.long	.Linfo_string187                @ DW_AT_name
	.byte	2                               @ DW_AT_decl_file
	.short	5850                            @ DW_AT_decl_line
                                        @ DW_AT_prototyped
                                        @ DW_AT_external
	.byte	19                              @ Abbrev [19] 0x1be5:0xf DW_TAG_formal_parameter
	.byte	2                               @ DW_AT_location
	.byte	145
	.byte	4
	.long	.Linfo_string206                @ DW_AT_name
	.byte	2                               @ DW_AT_decl_file
	.short	5850                            @ DW_AT_decl_line
	.long	7945                            @ DW_AT_type
	.byte	19                              @ Abbrev [19] 0x1bf4:0xf DW_TAG_formal_parameter
	.byte	2                               @ DW_AT_location
	.byte	145
	.byte	0
	.long	.Linfo_string425                @ DW_AT_name
	.byte	2                               @ DW_AT_decl_file
	.short	5850                            @ DW_AT_decl_line
	.long	944                             @ DW_AT_type
	.byte	0                               @ End Of Children Mark
	.byte	21                              @ Abbrev [21] 0x1c04:0x31 DW_TAG_subprogram
	.long	.Lfunc_begin83                  @ DW_AT_low_pc
	.long	.Lfunc_end83-.Lfunc_begin83     @ DW_AT_high_pc
	.byte	1                               @ DW_AT_frame_base
	.byte	93
	.long	.Linfo_string188                @ DW_AT_name
	.byte	2                               @ DW_AT_decl_file
	.short	5739                            @ DW_AT_decl_line
                                        @ DW_AT_prototyped
                                        @ DW_AT_external
	.byte	19                              @ Abbrev [19] 0x1c16:0xf DW_TAG_formal_parameter
	.byte	2                               @ DW_AT_location
	.byte	145
	.byte	4
	.long	.Linfo_string206                @ DW_AT_name
	.byte	2                               @ DW_AT_decl_file
	.short	5739                            @ DW_AT_decl_line
	.long	7945                            @ DW_AT_type
	.byte	19                              @ Abbrev [19] 0x1c25:0xf DW_TAG_formal_parameter
	.byte	2                               @ DW_AT_location
	.byte	145
	.byte	0
	.long	.Linfo_string430                @ DW_AT_name
	.byte	2                               @ DW_AT_decl_file
	.short	5739                            @ DW_AT_decl_line
	.long	944                             @ DW_AT_type
	.byte	0                               @ End Of Children Mark
	.byte	21                              @ Abbrev [21] 0x1c35:0x31 DW_TAG_subprogram
	.long	.Lfunc_begin84                  @ DW_AT_low_pc
	.long	.Lfunc_end84-.Lfunc_begin84     @ DW_AT_high_pc
	.byte	1                               @ DW_AT_frame_base
	.byte	93
	.long	.Linfo_string189                @ DW_AT_name
	.byte	2                               @ DW_AT_decl_file
	.short	5758                            @ DW_AT_decl_line
                                        @ DW_AT_prototyped
                                        @ DW_AT_external
	.byte	19                              @ Abbrev [19] 0x1c47:0xf DW_TAG_formal_parameter
	.byte	2                               @ DW_AT_location
	.byte	145
	.byte	4
	.long	.Linfo_string206                @ DW_AT_name
	.byte	2                               @ DW_AT_decl_file
	.short	5758                            @ DW_AT_decl_line
	.long	7945                            @ DW_AT_type
	.byte	19                              @ Abbrev [19] 0x1c56:0xf DW_TAG_formal_parameter
	.byte	2                               @ DW_AT_location
	.byte	145
	.byte	0
	.long	.Linfo_string431                @ DW_AT_name
	.byte	2                               @ DW_AT_decl_file
	.short	5758                            @ DW_AT_decl_line
	.long	944                             @ DW_AT_type
	.byte	0                               @ End Of Children Mark
	.byte	21                              @ Abbrev [21] 0x1c66:0x31 DW_TAG_subprogram
	.long	.Lfunc_begin85                  @ DW_AT_low_pc
	.long	.Lfunc_end85-.Lfunc_begin85     @ DW_AT_high_pc
	.byte	1                               @ DW_AT_frame_base
	.byte	93
	.long	.Linfo_string190                @ DW_AT_name
	.byte	2                               @ DW_AT_decl_file
	.short	5777                            @ DW_AT_decl_line
                                        @ DW_AT_prototyped
                                        @ DW_AT_external
	.byte	19                              @ Abbrev [19] 0x1c78:0xf DW_TAG_formal_parameter
	.byte	2                               @ DW_AT_location
	.byte	145
	.byte	4
	.long	.Linfo_string206                @ DW_AT_name
	.byte	2                               @ DW_AT_decl_file
	.short	5777                            @ DW_AT_decl_line
	.long	7945                            @ DW_AT_type
	.byte	19                              @ Abbrev [19] 0x1c87:0xf DW_TAG_formal_parameter
	.byte	2                               @ DW_AT_location
	.byte	145
	.byte	0
	.long	.Linfo_string432                @ DW_AT_name
	.byte	2                               @ DW_AT_decl_file
	.short	5777                            @ DW_AT_decl_line
	.long	944                             @ DW_AT_type
	.byte	0                               @ End Of Children Mark
	.byte	21                              @ Abbrev [21] 0x1c97:0x31 DW_TAG_subprogram
	.long	.Lfunc_begin86                  @ DW_AT_low_pc
	.long	.Lfunc_end86-.Lfunc_begin86     @ DW_AT_high_pc
	.byte	1                               @ DW_AT_frame_base
	.byte	93
	.long	.Linfo_string191                @ DW_AT_name
	.byte	2                               @ DW_AT_decl_file
	.short	5796                            @ DW_AT_decl_line
                                        @ DW_AT_prototyped
                                        @ DW_AT_external
	.byte	19                              @ Abbrev [19] 0x1ca9:0xf DW_TAG_formal_parameter
	.byte	2                               @ DW_AT_location
	.byte	145
	.byte	4
	.long	.Linfo_string206                @ DW_AT_name
	.byte	2                               @ DW_AT_decl_file
	.short	5796                            @ DW_AT_decl_line
	.long	7945                            @ DW_AT_type
	.byte	19                              @ Abbrev [19] 0x1cb8:0xf DW_TAG_formal_parameter
	.byte	2                               @ DW_AT_location
	.byte	145
	.byte	0
	.long	.Linfo_string433                @ DW_AT_name
	.byte	2                               @ DW_AT_decl_file
	.short	5796                            @ DW_AT_decl_line
	.long	944                             @ DW_AT_type
	.byte	0                               @ End Of Children Mark
	.byte	21                              @ Abbrev [21] 0x1cc8:0x22 DW_TAG_subprogram
	.long	.Lfunc_begin87                  @ DW_AT_low_pc
	.long	.Lfunc_end87-.Lfunc_begin87     @ DW_AT_high_pc
	.byte	1                               @ DW_AT_frame_base
	.byte	93
	.long	.Linfo_string192                @ DW_AT_name
	.byte	2                               @ DW_AT_decl_file
	.short	5813                            @ DW_AT_decl_line
                                        @ DW_AT_prototyped
                                        @ DW_AT_external
	.byte	19                              @ Abbrev [19] 0x1cda:0xf DW_TAG_formal_parameter
	.byte	2                               @ DW_AT_location
	.byte	145
	.byte	0
	.long	.Linfo_string206                @ DW_AT_name
	.byte	2                               @ DW_AT_decl_file
	.short	5813                            @ DW_AT_decl_line
	.long	7945                            @ DW_AT_type
	.byte	0                               @ End Of Children Mark
	.byte	21                              @ Abbrev [21] 0x1cea:0x31 DW_TAG_subprogram
	.long	.Lfunc_begin88                  @ DW_AT_low_pc
	.long	.Lfunc_end88-.Lfunc_begin88     @ DW_AT_high_pc
	.byte	1                               @ DW_AT_frame_base
	.byte	93
	.long	.Linfo_string193                @ DW_AT_name
	.byte	2                               @ DW_AT_decl_file
	.short	5831                            @ DW_AT_decl_line
                                        @ DW_AT_prototyped
                                        @ DW_AT_external
	.byte	19                              @ Abbrev [19] 0x1cfc:0xf DW_TAG_formal_parameter
	.byte	2                               @ DW_AT_location
	.byte	145
	.byte	4
	.long	.Linfo_string206                @ DW_AT_name
	.byte	2                               @ DW_AT_decl_file
	.short	5831                            @ DW_AT_decl_line
	.long	7945                            @ DW_AT_type
	.byte	19                              @ Abbrev [19] 0x1d0b:0xf DW_TAG_formal_parameter
	.byte	2                               @ DW_AT_location
	.byte	145
	.byte	0
	.long	.Linfo_string425                @ DW_AT_name
	.byte	2                               @ DW_AT_decl_file
	.short	5831                            @ DW_AT_decl_line
	.long	944                             @ DW_AT_type
	.byte	0                               @ End Of Children Mark
	.byte	21                              @ Abbrev [21] 0x1d1b:0x22 DW_TAG_subprogram
	.long	.Lfunc_begin89                  @ DW_AT_low_pc
	.long	.Lfunc_end89-.Lfunc_begin89     @ DW_AT_high_pc
	.byte	1                               @ DW_AT_frame_base
	.byte	93
	.long	.Linfo_string194                @ DW_AT_name
	.byte	2                               @ DW_AT_decl_file
	.short	5867                            @ DW_AT_decl_line
                                        @ DW_AT_prototyped
                                        @ DW_AT_external
	.byte	19                              @ Abbrev [19] 0x1d2d:0xf DW_TAG_formal_parameter
	.byte	2                               @ DW_AT_location
	.byte	145
	.byte	0
	.long	.Linfo_string206                @ DW_AT_name
	.byte	2                               @ DW_AT_decl_file
	.short	5867                            @ DW_AT_decl_line
	.long	7945                            @ DW_AT_type
	.byte	0                               @ End Of Children Mark
	.byte	21                              @ Abbrev [21] 0x1d3d:0x22 DW_TAG_subprogram
	.long	.Lfunc_begin90                  @ DW_AT_low_pc
	.long	.Lfunc_end90-.Lfunc_begin90     @ DW_AT_high_pc
	.byte	1                               @ DW_AT_frame_base
	.byte	93
	.long	.Linfo_string195                @ DW_AT_name
	.byte	2                               @ DW_AT_decl_file
	.short	5883                            @ DW_AT_decl_line
                                        @ DW_AT_prototyped
                                        @ DW_AT_external
	.byte	19                              @ Abbrev [19] 0x1d4f:0xf DW_TAG_formal_parameter
	.byte	2                               @ DW_AT_location
	.byte	145
	.byte	0
	.long	.Linfo_string206                @ DW_AT_name
	.byte	2                               @ DW_AT_decl_file
	.short	5883                            @ DW_AT_decl_line
	.long	7945                            @ DW_AT_type
	.byte	0                               @ End Of Children Mark
	.byte	21                              @ Abbrev [21] 0x1d5f:0x22 DW_TAG_subprogram
	.long	.Lfunc_begin91                  @ DW_AT_low_pc
	.long	.Lfunc_end91-.Lfunc_begin91     @ DW_AT_high_pc
	.byte	1                               @ DW_AT_frame_base
	.byte	93
	.long	.Linfo_string196                @ DW_AT_name
	.byte	2                               @ DW_AT_decl_file
	.short	5899                            @ DW_AT_decl_line
                                        @ DW_AT_prototyped
                                        @ DW_AT_external
	.byte	19                              @ Abbrev [19] 0x1d71:0xf DW_TAG_formal_parameter
	.byte	2                               @ DW_AT_location
	.byte	145
	.byte	0
	.long	.Linfo_string206                @ DW_AT_name
	.byte	2                               @ DW_AT_decl_file
	.short	5899                            @ DW_AT_decl_line
	.long	7945                            @ DW_AT_type
	.byte	0                               @ End Of Children Mark
	.byte	21                              @ Abbrev [21] 0x1d81:0x31 DW_TAG_subprogram
	.long	.Lfunc_begin92                  @ DW_AT_low_pc
	.long	.Lfunc_end92-.Lfunc_begin92     @ DW_AT_high_pc
	.byte	1                               @ DW_AT_frame_base
	.byte	93
	.long	.Linfo_string197                @ DW_AT_name
	.byte	2                               @ DW_AT_decl_file
	.short	5949                            @ DW_AT_decl_line
                                        @ DW_AT_prototyped
                                        @ DW_AT_external
	.byte	19                              @ Abbrev [19] 0x1d93:0xf DW_TAG_formal_parameter
	.byte	2                               @ DW_AT_location
	.byte	145
	.byte	4
	.long	.Linfo_string206                @ DW_AT_name
	.byte	2                               @ DW_AT_decl_file
	.short	5949                            @ DW_AT_decl_line
	.long	7945                            @ DW_AT_type
	.byte	19                              @ Abbrev [19] 0x1da2:0xf DW_TAG_formal_parameter
	.byte	2                               @ DW_AT_location
	.byte	145
	.byte	0
	.long	.Linfo_string435                @ DW_AT_name
	.byte	2                               @ DW_AT_decl_file
	.short	5949                            @ DW_AT_decl_line
	.long	944                             @ DW_AT_type
	.byte	0                               @ End Of Children Mark
	.byte	21                              @ Abbrev [21] 0x1db2:0x31 DW_TAG_subprogram
	.long	.Lfunc_begin93                  @ DW_AT_low_pc
	.long	.Lfunc_end93-.Lfunc_begin93     @ DW_AT_high_pc
	.byte	1                               @ DW_AT_frame_base
	.byte	93
	.long	.Linfo_string198                @ DW_AT_name
	.byte	2                               @ DW_AT_decl_file
	.short	5968                            @ DW_AT_decl_line
                                        @ DW_AT_prototyped
                                        @ DW_AT_external
	.byte	19                              @ Abbrev [19] 0x1dc4:0xf DW_TAG_formal_parameter
	.byte	2                               @ DW_AT_location
	.byte	145
	.byte	4
	.long	.Linfo_string206                @ DW_AT_name
	.byte	2                               @ DW_AT_decl_file
	.short	5968                            @ DW_AT_decl_line
	.long	7945                            @ DW_AT_type
	.byte	19                              @ Abbrev [19] 0x1dd3:0xf DW_TAG_formal_parameter
	.byte	2                               @ DW_AT_location
	.byte	145
	.byte	0
	.long	.Linfo_string438                @ DW_AT_name
	.byte	2                               @ DW_AT_decl_file
	.short	5968                            @ DW_AT_decl_line
	.long	944                             @ DW_AT_type
	.byte	0                               @ End Of Children Mark
	.byte	21                              @ Abbrev [21] 0x1de3:0x31 DW_TAG_subprogram
	.long	.Lfunc_begin94                  @ DW_AT_low_pc
	.long	.Lfunc_end94-.Lfunc_begin94     @ DW_AT_high_pc
	.byte	1                               @ DW_AT_frame_base
	.byte	93
	.long	.Linfo_string199                @ DW_AT_name
	.byte	2                               @ DW_AT_decl_file
	.short	5987                            @ DW_AT_decl_line
                                        @ DW_AT_prototyped
                                        @ DW_AT_external
	.byte	19                              @ Abbrev [19] 0x1df5:0xf DW_TAG_formal_parameter
	.byte	2                               @ DW_AT_location
	.byte	145
	.byte	4
	.long	.Linfo_string206                @ DW_AT_name
	.byte	2                               @ DW_AT_decl_file
	.short	5987                            @ DW_AT_decl_line
	.long	7945                            @ DW_AT_type
	.byte	19                              @ Abbrev [19] 0x1e04:0xf DW_TAG_formal_parameter
	.byte	2                               @ DW_AT_location
	.byte	145
	.byte	0
	.long	.Linfo_string439                @ DW_AT_name
	.byte	2                               @ DW_AT_decl_file
	.short	5987                            @ DW_AT_decl_line
	.long	944                             @ DW_AT_type
	.byte	0                               @ End Of Children Mark
	.byte	21                              @ Abbrev [21] 0x1e14:0x40 DW_TAG_subprogram
	.long	.Lfunc_begin95                  @ DW_AT_low_pc
	.long	.Lfunc_end95-.Lfunc_begin95     @ DW_AT_high_pc
	.byte	1                               @ DW_AT_frame_base
	.byte	93
	.long	.Linfo_string200                @ DW_AT_name
	.byte	2                               @ DW_AT_decl_file
	.short	6009                            @ DW_AT_decl_line
                                        @ DW_AT_prototyped
                                        @ DW_AT_external
	.byte	19                              @ Abbrev [19] 0x1e26:0xf DW_TAG_formal_parameter
	.byte	2                               @ DW_AT_location
	.byte	145
	.byte	8
	.long	.Linfo_string206                @ DW_AT_name
	.byte	2                               @ DW_AT_decl_file
	.short	6009                            @ DW_AT_decl_line
	.long	7945                            @ DW_AT_type
	.byte	19                              @ Abbrev [19] 0x1e35:0xf DW_TAG_formal_parameter
	.byte	2                               @ DW_AT_location
	.byte	145
	.byte	4
	.long	.Linfo_string443                @ DW_AT_name
	.byte	2                               @ DW_AT_decl_file
	.short	6009                            @ DW_AT_decl_line
	.long	944                             @ DW_AT_type
	.byte	19                              @ Abbrev [19] 0x1e44:0xf DW_TAG_formal_parameter
	.byte	2                               @ DW_AT_location
	.byte	145
	.byte	0
	.long	.Linfo_string444                @ DW_AT_name
	.byte	2                               @ DW_AT_decl_file
	.short	6009                            @ DW_AT_decl_line
	.long	944                             @ DW_AT_type
	.byte	0                               @ End Of Children Mark
	.byte	21                              @ Abbrev [21] 0x1e54:0x31 DW_TAG_subprogram
	.long	.Lfunc_begin96                  @ DW_AT_low_pc
	.long	.Lfunc_end96-.Lfunc_begin96     @ DW_AT_high_pc
	.byte	1                               @ DW_AT_frame_base
	.byte	93
	.long	.Linfo_string201                @ DW_AT_name
	.byte	2                               @ DW_AT_decl_file
	.short	6029                            @ DW_AT_decl_line
                                        @ DW_AT_prototyped
                                        @ DW_AT_external
	.byte	19                              @ Abbrev [19] 0x1e66:0xf DW_TAG_formal_parameter
	.byte	2                               @ DW_AT_location
	.byte	145
	.byte	4
	.long	.Linfo_string206                @ DW_AT_name
	.byte	2                               @ DW_AT_decl_file
	.short	6029                            @ DW_AT_decl_line
	.long	7945                            @ DW_AT_type
	.byte	19                              @ Abbrev [19] 0x1e75:0xf DW_TAG_formal_parameter
	.byte	2                               @ DW_AT_location
	.byte	145
	.byte	0
	.long	.Linfo_string440                @ DW_AT_name
	.byte	2                               @ DW_AT_decl_file
	.short	6029                            @ DW_AT_decl_line
	.long	944                             @ DW_AT_type
	.byte	0                               @ End Of Children Mark
	.byte	21                              @ Abbrev [21] 0x1e85:0x22 DW_TAG_subprogram
	.long	.Lfunc_begin97                  @ DW_AT_low_pc
	.long	.Lfunc_end97-.Lfunc_begin97     @ DW_AT_high_pc
	.byte	1                               @ DW_AT_frame_base
	.byte	93
	.long	.Linfo_string202                @ DW_AT_name
	.byte	2                               @ DW_AT_decl_file
	.short	5931                            @ DW_AT_decl_line
                                        @ DW_AT_prototyped
                                        @ DW_AT_external
	.byte	19                              @ Abbrev [19] 0x1e97:0xf DW_TAG_formal_parameter
	.byte	2                               @ DW_AT_location
	.byte	145
	.byte	0
	.long	.Linfo_string206                @ DW_AT_name
	.byte	2                               @ DW_AT_decl_file
	.short	5931                            @ DW_AT_decl_line
	.long	7945                            @ DW_AT_type
	.byte	0                               @ End Of Children Mark
	.byte	18                              @ Abbrev [18] 0x1ea7:0x26 DW_TAG_subprogram
	.long	.Lfunc_begin98                  @ DW_AT_low_pc
	.long	.Lfunc_end98-.Lfunc_begin98     @ DW_AT_high_pc
	.byte	1                               @ DW_AT_frame_base
	.byte	93
	.long	.Linfo_string203                @ DW_AT_name
	.byte	2                               @ DW_AT_decl_file
	.short	6065                            @ DW_AT_decl_line
                                        @ DW_AT_prototyped
	.long	7934                            @ DW_AT_type
                                        @ DW_AT_external
	.byte	19                              @ Abbrev [19] 0x1ebd:0xf DW_TAG_formal_parameter
	.byte	2                               @ DW_AT_location
	.byte	145
	.byte	0
	.long	.Linfo_string206                @ DW_AT_name
	.byte	2                               @ DW_AT_decl_file
	.short	6065                            @ DW_AT_decl_line
	.long	8702                            @ DW_AT_type
	.byte	0                               @ End Of Children Mark
	.byte	18                              @ Abbrev [18] 0x1ecd:0x26 DW_TAG_subprogram
	.long	.Lfunc_begin99                  @ DW_AT_low_pc
	.long	.Lfunc_end99-.Lfunc_begin99     @ DW_AT_high_pc
	.byte	1                               @ DW_AT_frame_base
	.byte	93
	.long	.Linfo_string205                @ DW_AT_name
	.byte	2                               @ DW_AT_decl_file
	.short	6077                            @ DW_AT_decl_line
                                        @ DW_AT_prototyped
	.long	944                             @ DW_AT_type
                                        @ DW_AT_external
	.byte	19                              @ Abbrev [19] 0x1ee3:0xf DW_TAG_formal_parameter
	.byte	2                               @ DW_AT_location
	.byte	145
	.byte	0
	.long	.Linfo_string206                @ DW_AT_name
	.byte	2                               @ DW_AT_decl_file
	.short	6077                            @ DW_AT_decl_line
	.long	8702                            @ DW_AT_type
	.byte	0                               @ End Of Children Mark
	.byte	6                               @ Abbrev [6] 0x1ef3:0xb DW_TAG_typedef
	.long	97                              @ DW_AT_type
	.long	.Linfo_string105                @ DW_AT_name
	.byte	3                               @ DW_AT_decl_file
	.byte	45                              @ DW_AT_decl_line
	.byte	6                               @ Abbrev [6] 0x1efe:0xb DW_TAG_typedef
	.long	151                             @ DW_AT_type
	.long	.Linfo_string204                @ DW_AT_name
	.byte	5                               @ DW_AT_decl_file
	.byte	54                              @ DW_AT_decl_line
	.byte	11                              @ Abbrev [11] 0x1f09:0x5 DW_TAG_pointer_type
	.long	7950                            @ DW_AT_type
	.byte	12                              @ Abbrev [12] 0x1f0e:0xc DW_TAG_typedef
	.long	7962                            @ DW_AT_type
	.long	.Linfo_string256                @ DW_AT_name
	.byte	5                               @ DW_AT_decl_file
	.short	760                             @ DW_AT_decl_line
	.byte	17                              @ Abbrev [17] 0x1f1a:0x6e DW_TAG_structure_type
	.byte	160                             @ DW_AT_byte_size
	.byte	5                               @ DW_AT_decl_file
	.short	717                             @ DW_AT_decl_line
	.byte	14                              @ Abbrev [14] 0x1f1f:0xd DW_TAG_member
	.long	.Linfo_string207                @ DW_AT_name
	.long	226                             @ DW_AT_type
	.byte	5                               @ DW_AT_decl_file
	.short	720                             @ DW_AT_decl_line
	.byte	0                               @ DW_AT_data_member_location
	.byte	14                              @ Abbrev [14] 0x1f2c:0xd DW_TAG_member
	.long	.Linfo_string208                @ DW_AT_name
	.long	998                             @ DW_AT_type
	.byte	5                               @ DW_AT_decl_file
	.short	722                             @ DW_AT_decl_line
	.byte	4                               @ DW_AT_data_member_location
	.byte	14                              @ Abbrev [14] 0x1f39:0xd DW_TAG_member
	.long	.Linfo_string209                @ DW_AT_name
	.long	8072                            @ DW_AT_type
	.byte	5                               @ DW_AT_decl_file
	.short	724                             @ DW_AT_decl_line
	.byte	8                               @ DW_AT_data_member_location
	.byte	14                              @ Abbrev [14] 0x1f46:0xd DW_TAG_member
	.long	.Linfo_string239                @ DW_AT_name
	.long	8423                            @ DW_AT_type
	.byte	5                               @ DW_AT_decl_file
	.short	726                             @ DW_AT_decl_line
	.byte	108                             @ DW_AT_data_member_location
	.byte	14                              @ Abbrev [14] 0x1f53:0xd DW_TAG_member
	.long	.Linfo_string251                @ DW_AT_name
	.long	944                             @ DW_AT_type
	.byte	5                               @ DW_AT_decl_file
	.short	728                             @ DW_AT_decl_line
	.byte	148                             @ DW_AT_data_member_location
	.byte	14                              @ Abbrev [14] 0x1f60:0xd DW_TAG_member
	.long	.Linfo_string252                @ DW_AT_name
	.long	8571                            @ DW_AT_type
	.byte	5                               @ DW_AT_decl_file
	.short	731                             @ DW_AT_decl_line
	.byte	152                             @ DW_AT_data_member_location
	.byte	14                              @ Abbrev [14] 0x1f6d:0xd DW_TAG_member
	.long	.Linfo_string253                @ DW_AT_name
	.long	8576                            @ DW_AT_type
	.byte	5                               @ DW_AT_decl_file
	.short	733                             @ DW_AT_decl_line
	.byte	153                             @ DW_AT_data_member_location
	.byte	14                              @ Abbrev [14] 0x1f7a:0xd DW_TAG_member
	.long	.Linfo_string255                @ DW_AT_name
	.long	939                             @ DW_AT_type
	.byte	5                               @ DW_AT_decl_file
	.short	735                             @ DW_AT_decl_line
	.byte	156                             @ DW_AT_data_member_location
	.byte	0                               @ End Of Children Mark
	.byte	6                               @ Abbrev [6] 0x1f88:0xb DW_TAG_typedef
	.long	8083                            @ DW_AT_type
	.long	.Linfo_string238                @ DW_AT_name
	.byte	5                               @ DW_AT_decl_file
	.byte	148                             @ DW_AT_decl_line
	.byte	28                              @ Abbrev [28] 0x1f93:0x149 DW_TAG_structure_type
	.byte	100                             @ DW_AT_byte_size
	.byte	5                               @ DW_AT_decl_file
	.byte	59                              @ DW_AT_decl_line
	.byte	29                              @ Abbrev [29] 0x1f97:0xc DW_TAG_member
	.long	.Linfo_string210                @ DW_AT_name
	.long	944                             @ DW_AT_type
	.byte	5                               @ DW_AT_decl_file
	.byte	61                              @ DW_AT_decl_line
	.byte	0                               @ DW_AT_data_member_location
	.byte	29                              @ Abbrev [29] 0x1fa3:0xc DW_TAG_member
	.long	.Linfo_string211                @ DW_AT_name
	.long	944                             @ DW_AT_type
	.byte	5                               @ DW_AT_decl_file
	.byte	64                              @ DW_AT_decl_line
	.byte	4                               @ DW_AT_data_member_location
	.byte	29                              @ Abbrev [29] 0x1faf:0xc DW_TAG_member
	.long	.Linfo_string212                @ DW_AT_name
	.long	8412                            @ DW_AT_type
	.byte	5                               @ DW_AT_decl_file
	.byte	67                              @ DW_AT_decl_line
	.byte	8                               @ DW_AT_data_member_location
	.byte	29                              @ Abbrev [29] 0x1fbb:0xc DW_TAG_member
	.long	.Linfo_string214                @ DW_AT_name
	.long	8412                            @ DW_AT_type
	.byte	5                               @ DW_AT_decl_file
	.byte	70                              @ DW_AT_decl_line
	.byte	9                               @ DW_AT_data_member_location
	.byte	29                              @ Abbrev [29] 0x1fc7:0xc DW_TAG_member
	.long	.Linfo_string215                @ DW_AT_name
	.long	8412                            @ DW_AT_type
	.byte	5                               @ DW_AT_decl_file
	.byte	73                              @ DW_AT_decl_line
	.byte	10                              @ DW_AT_data_member_location
	.byte	29                              @ Abbrev [29] 0x1fd3:0xc DW_TAG_member
	.long	.Linfo_string216                @ DW_AT_name
	.long	944                             @ DW_AT_type
	.byte	5                               @ DW_AT_decl_file
	.byte	76                              @ DW_AT_decl_line
	.byte	12                              @ DW_AT_data_member_location
	.byte	29                              @ Abbrev [29] 0x1fdf:0xc DW_TAG_member
	.long	.Linfo_string217                @ DW_AT_name
	.long	944                             @ DW_AT_type
	.byte	5                               @ DW_AT_decl_file
	.byte	80                              @ DW_AT_decl_line
	.byte	16                              @ DW_AT_data_member_location
	.byte	29                              @ Abbrev [29] 0x1feb:0xc DW_TAG_member
	.long	.Linfo_string218                @ DW_AT_name
	.long	944                             @ DW_AT_type
	.byte	5                               @ DW_AT_decl_file
	.byte	85                              @ DW_AT_decl_line
	.byte	20                              @ DW_AT_data_member_location
	.byte	29                              @ Abbrev [29] 0x1ff7:0xc DW_TAG_member
	.long	.Linfo_string219                @ DW_AT_name
	.long	944                             @ DW_AT_type
	.byte	5                               @ DW_AT_decl_file
	.byte	88                              @ DW_AT_decl_line
	.byte	24                              @ DW_AT_data_member_location
	.byte	29                              @ Abbrev [29] 0x2003:0xc DW_TAG_member
	.long	.Linfo_string220                @ DW_AT_name
	.long	944                             @ DW_AT_type
	.byte	5                               @ DW_AT_decl_file
	.byte	91                              @ DW_AT_decl_line
	.byte	28                              @ DW_AT_data_member_location
	.byte	29                              @ Abbrev [29] 0x200f:0xc DW_TAG_member
	.long	.Linfo_string221                @ DW_AT_name
	.long	944                             @ DW_AT_type
	.byte	5                               @ DW_AT_decl_file
	.byte	95                              @ DW_AT_decl_line
	.byte	32                              @ DW_AT_data_member_location
	.byte	29                              @ Abbrev [29] 0x201b:0xc DW_TAG_member
	.long	.Linfo_string222                @ DW_AT_name
	.long	944                             @ DW_AT_type
	.byte	5                               @ DW_AT_decl_file
	.byte	100                             @ DW_AT_decl_line
	.byte	36                              @ DW_AT_data_member_location
	.byte	29                              @ Abbrev [29] 0x2027:0xc DW_TAG_member
	.long	.Linfo_string223                @ DW_AT_name
	.long	944                             @ DW_AT_type
	.byte	5                               @ DW_AT_decl_file
	.byte	103                             @ DW_AT_decl_line
	.byte	40                              @ DW_AT_data_member_location
	.byte	29                              @ Abbrev [29] 0x2033:0xc DW_TAG_member
	.long	.Linfo_string224                @ DW_AT_name
	.long	944                             @ DW_AT_type
	.byte	5                               @ DW_AT_decl_file
	.byte	106                             @ DW_AT_decl_line
	.byte	44                              @ DW_AT_data_member_location
	.byte	29                              @ Abbrev [29] 0x203f:0xc DW_TAG_member
	.long	.Linfo_string225                @ DW_AT_name
	.long	944                             @ DW_AT_type
	.byte	5                               @ DW_AT_decl_file
	.byte	109                             @ DW_AT_decl_line
	.byte	48                              @ DW_AT_data_member_location
	.byte	29                              @ Abbrev [29] 0x204b:0xc DW_TAG_member
	.long	.Linfo_string226                @ DW_AT_name
	.long	944                             @ DW_AT_type
	.byte	5                               @ DW_AT_decl_file
	.byte	112                             @ DW_AT_decl_line
	.byte	52                              @ DW_AT_data_member_location
	.byte	29                              @ Abbrev [29] 0x2057:0xc DW_TAG_member
	.long	.Linfo_string227                @ DW_AT_name
	.long	944                             @ DW_AT_type
	.byte	5                               @ DW_AT_decl_file
	.byte	115                             @ DW_AT_decl_line
	.byte	56                              @ DW_AT_data_member_location
	.byte	29                              @ Abbrev [29] 0x2063:0xc DW_TAG_member
	.long	.Linfo_string228                @ DW_AT_name
	.long	944                             @ DW_AT_type
	.byte	5                               @ DW_AT_decl_file
	.byte	118                             @ DW_AT_decl_line
	.byte	60                              @ DW_AT_data_member_location
	.byte	29                              @ Abbrev [29] 0x206f:0xc DW_TAG_member
	.long	.Linfo_string229                @ DW_AT_name
	.long	944                             @ DW_AT_type
	.byte	5                               @ DW_AT_decl_file
	.byte	121                             @ DW_AT_decl_line
	.byte	64                              @ DW_AT_data_member_location
	.byte	29                              @ Abbrev [29] 0x207b:0xc DW_TAG_member
	.long	.Linfo_string230                @ DW_AT_name
	.long	944                             @ DW_AT_type
	.byte	5                               @ DW_AT_decl_file
	.byte	124                             @ DW_AT_decl_line
	.byte	68                              @ DW_AT_data_member_location
	.byte	29                              @ Abbrev [29] 0x2087:0xc DW_TAG_member
	.long	.Linfo_string231                @ DW_AT_name
	.long	944                             @ DW_AT_type
	.byte	5                               @ DW_AT_decl_file
	.byte	127                             @ DW_AT_decl_line
	.byte	72                              @ DW_AT_data_member_location
	.byte	29                              @ Abbrev [29] 0x2093:0xc DW_TAG_member
	.long	.Linfo_string232                @ DW_AT_name
	.long	944                             @ DW_AT_type
	.byte	5                               @ DW_AT_decl_file
	.byte	130                             @ DW_AT_decl_line
	.byte	76                              @ DW_AT_data_member_location
	.byte	29                              @ Abbrev [29] 0x209f:0xc DW_TAG_member
	.long	.Linfo_string233                @ DW_AT_name
	.long	944                             @ DW_AT_type
	.byte	5                               @ DW_AT_decl_file
	.byte	133                             @ DW_AT_decl_line
	.byte	80                              @ DW_AT_data_member_location
	.byte	29                              @ Abbrev [29] 0x20ab:0xc DW_TAG_member
	.long	.Linfo_string234                @ DW_AT_name
	.long	944                             @ DW_AT_type
	.byte	5                               @ DW_AT_decl_file
	.byte	136                             @ DW_AT_decl_line
	.byte	84                              @ DW_AT_data_member_location
	.byte	29                              @ Abbrev [29] 0x20b7:0xc DW_TAG_member
	.long	.Linfo_string235                @ DW_AT_name
	.long	944                             @ DW_AT_type
	.byte	5                               @ DW_AT_decl_file
	.byte	139                             @ DW_AT_decl_line
	.byte	88                              @ DW_AT_data_member_location
	.byte	29                              @ Abbrev [29] 0x20c3:0xc DW_TAG_member
	.long	.Linfo_string236                @ DW_AT_name
	.long	944                             @ DW_AT_type
	.byte	5                               @ DW_AT_decl_file
	.byte	142                             @ DW_AT_decl_line
	.byte	92                              @ DW_AT_data_member_location
	.byte	29                              @ Abbrev [29] 0x20cf:0xc DW_TAG_member
	.long	.Linfo_string237                @ DW_AT_name
	.long	944                             @ DW_AT_type
	.byte	5                               @ DW_AT_decl_file
	.byte	145                             @ DW_AT_decl_line
	.byte	96                              @ DW_AT_data_member_location
	.byte	0                               @ End Of Children Mark
	.byte	6                               @ Abbrev [6] 0x20dc:0xb DW_TAG_typedef
	.long	130                             @ DW_AT_type
	.long	.Linfo_string213                @ DW_AT_name
	.byte	4                               @ DW_AT_decl_file
	.byte	190                             @ DW_AT_decl_line
	.byte	12                              @ Abbrev [12] 0x20e7:0xc DW_TAG_typedef
	.long	8435                            @ DW_AT_type
	.long	.Linfo_string250                @ DW_AT_name
	.byte	5                               @ DW_AT_decl_file
	.short	709                             @ DW_AT_decl_line
	.byte	17                              @ Abbrev [17] 0x20f3:0x88 DW_TAG_structure_type
	.byte	40                              @ DW_AT_byte_size
	.byte	5                               @ DW_AT_decl_file
	.short	677                             @ DW_AT_decl_line
	.byte	14                              @ Abbrev [14] 0x20f8:0xd DW_TAG_member
	.long	.Linfo_string240                @ DW_AT_name
	.long	944                             @ DW_AT_type
	.byte	5                               @ DW_AT_decl_file
	.short	679                             @ DW_AT_decl_line
	.byte	0                               @ DW_AT_data_member_location
	.byte	14                              @ Abbrev [14] 0x2105:0xd DW_TAG_member
	.long	.Linfo_string241                @ DW_AT_name
	.long	944                             @ DW_AT_type
	.byte	5                               @ DW_AT_decl_file
	.short	682                             @ DW_AT_decl_line
	.byte	4                               @ DW_AT_data_member_location
	.byte	14                              @ Abbrev [14] 0x2112:0xd DW_TAG_member
	.long	.Linfo_string242                @ DW_AT_name
	.long	944                             @ DW_AT_type
	.byte	5                               @ DW_AT_decl_file
	.short	685                             @ DW_AT_decl_line
	.byte	8                               @ DW_AT_data_member_location
	.byte	14                              @ Abbrev [14] 0x211f:0xd DW_TAG_member
	.long	.Linfo_string243                @ DW_AT_name
	.long	944                             @ DW_AT_type
	.byte	5                               @ DW_AT_decl_file
	.short	688                             @ DW_AT_decl_line
	.byte	12                              @ DW_AT_data_member_location
	.byte	14                              @ Abbrev [14] 0x212c:0xd DW_TAG_member
	.long	.Linfo_string244                @ DW_AT_name
	.long	944                             @ DW_AT_type
	.byte	5                               @ DW_AT_decl_file
	.short	691                             @ DW_AT_decl_line
	.byte	16                              @ DW_AT_data_member_location
	.byte	14                              @ Abbrev [14] 0x2139:0xd DW_TAG_member
	.long	.Linfo_string245                @ DW_AT_name
	.long	944                             @ DW_AT_type
	.byte	5                               @ DW_AT_decl_file
	.short	694                             @ DW_AT_decl_line
	.byte	20                              @ DW_AT_data_member_location
	.byte	14                              @ Abbrev [14] 0x2146:0xd DW_TAG_member
	.long	.Linfo_string246                @ DW_AT_name
	.long	944                             @ DW_AT_type
	.byte	5                               @ DW_AT_decl_file
	.short	697                             @ DW_AT_decl_line
	.byte	24                              @ DW_AT_data_member_location
	.byte	14                              @ Abbrev [14] 0x2153:0xd DW_TAG_member
	.long	.Linfo_string247                @ DW_AT_name
	.long	944                             @ DW_AT_type
	.byte	5                               @ DW_AT_decl_file
	.short	700                             @ DW_AT_decl_line
	.byte	28                              @ DW_AT_data_member_location
	.byte	14                              @ Abbrev [14] 0x2160:0xd DW_TAG_member
	.long	.Linfo_string248                @ DW_AT_name
	.long	944                             @ DW_AT_type
	.byte	5                               @ DW_AT_decl_file
	.short	703                             @ DW_AT_decl_line
	.byte	32                              @ DW_AT_data_member_location
	.byte	14                              @ Abbrev [14] 0x216d:0xd DW_TAG_member
	.long	.Linfo_string249                @ DW_AT_name
	.long	944                             @ DW_AT_type
	.byte	5                               @ DW_AT_decl_file
	.short	706                             @ DW_AT_decl_line
	.byte	36                              @ DW_AT_data_member_location
	.byte	0                               @ End Of Children Mark
	.byte	15                              @ Abbrev [15] 0x217b:0x5 DW_TAG_volatile_type
	.long	7934                            @ DW_AT_type
	.byte	6                               @ Abbrev [6] 0x2180:0xb DW_TAG_typedef
	.long	184                             @ DW_AT_type
	.long	.Linfo_string254                @ DW_AT_name
	.byte	3                               @ DW_AT_decl_file
	.byte	54                              @ DW_AT_decl_line
	.byte	3                               @ Abbrev [3] 0x218b:0xc DW_TAG_array_type
	.long	8599                            @ DW_AT_type
	.byte	4                               @ Abbrev [4] 0x2190:0x6 DW_TAG_subrange_type
	.long	90                              @ DW_AT_type
	.byte	19                              @ DW_AT_count
	.byte	0                               @ End Of Children Mark
	.byte	5                               @ Abbrev [5] 0x2197:0x5 DW_TAG_const_type
	.long	944                             @ DW_AT_type
	.byte	11                              @ Abbrev [11] 0x219c:0x5 DW_TAG_pointer_type
	.long	8609                            @ DW_AT_type
	.byte	5                               @ Abbrev [5] 0x21a1:0x5 DW_TAG_const_type
	.long	8614                            @ DW_AT_type
	.byte	6                               @ Abbrev [6] 0x21a6:0xb DW_TAG_typedef
	.long	8625                            @ DW_AT_type
	.long	.Linfo_string270                @ DW_AT_name
	.byte	5                               @ DW_AT_decl_file
	.byte	176                             @ DW_AT_decl_line
	.byte	28                              @ Abbrev [28] 0x21b1:0x4d DW_TAG_structure_type
	.byte	24                              @ DW_AT_byte_size
	.byte	5                               @ DW_AT_decl_file
	.byte	153                             @ DW_AT_decl_line
	.byte	29                              @ Abbrev [29] 0x21b5:0xc DW_TAG_member
	.long	.Linfo_string264                @ DW_AT_name
	.long	944                             @ DW_AT_type
	.byte	5                               @ DW_AT_decl_file
	.byte	155                             @ DW_AT_decl_line
	.byte	0                               @ DW_AT_data_member_location
	.byte	29                              @ Abbrev [29] 0x21c1:0xc DW_TAG_member
	.long	.Linfo_string265                @ DW_AT_name
	.long	944                             @ DW_AT_type
	.byte	5                               @ DW_AT_decl_file
	.byte	158                             @ DW_AT_decl_line
	.byte	4                               @ DW_AT_data_member_location
	.byte	29                              @ Abbrev [29] 0x21cd:0xc DW_TAG_member
	.long	.Linfo_string266                @ DW_AT_name
	.long	944                             @ DW_AT_type
	.byte	5                               @ DW_AT_decl_file
	.byte	162                             @ DW_AT_decl_line
	.byte	8                               @ DW_AT_data_member_location
	.byte	29                              @ Abbrev [29] 0x21d9:0xc DW_TAG_member
	.long	.Linfo_string267                @ DW_AT_name
	.long	944                             @ DW_AT_type
	.byte	5                               @ DW_AT_decl_file
	.byte	166                             @ DW_AT_decl_line
	.byte	12                              @ DW_AT_data_member_location
	.byte	29                              @ Abbrev [29] 0x21e5:0xc DW_TAG_member
	.long	.Linfo_string268                @ DW_AT_name
	.long	944                             @ DW_AT_type
	.byte	5                               @ DW_AT_decl_file
	.byte	169                             @ DW_AT_decl_line
	.byte	16                              @ DW_AT_data_member_location
	.byte	29                              @ Abbrev [29] 0x21f1:0xc DW_TAG_member
	.long	.Linfo_string269                @ DW_AT_name
	.long	944                             @ DW_AT_type
	.byte	5                               @ DW_AT_decl_file
	.byte	172                             @ DW_AT_decl_line
	.byte	20                              @ DW_AT_data_member_location
	.byte	0                               @ End Of Children Mark
	.byte	11                              @ Abbrev [11] 0x21fe:0x5 DW_TAG_pointer_type
	.long	8707                            @ DW_AT_type
	.byte	5                               @ Abbrev [5] 0x2203:0x5 DW_TAG_const_type
	.long	7950                            @ DW_AT_type
	.byte	11                              @ Abbrev [11] 0x2208:0x5 DW_TAG_pointer_type
	.long	8717                            @ DW_AT_type
	.byte	5                               @ Abbrev [5] 0x220d:0x5 DW_TAG_const_type
	.long	8722                            @ DW_AT_type
	.byte	6                               @ Abbrev [6] 0x2212:0xb DW_TAG_typedef
	.long	8733                            @ DW_AT_type
	.long	.Linfo_string280                @ DW_AT_name
	.byte	5                               @ DW_AT_decl_file
	.byte	227                             @ DW_AT_decl_line
	.byte	28                              @ Abbrev [28] 0x221d:0x65 DW_TAG_structure_type
	.byte	32                              @ DW_AT_byte_size
	.byte	5                               @ DW_AT_decl_file
	.byte	181                             @ DW_AT_decl_line
	.byte	29                              @ Abbrev [29] 0x2221:0xc DW_TAG_member
	.long	.Linfo_string272                @ DW_AT_name
	.long	944                             @ DW_AT_type
	.byte	5                               @ DW_AT_decl_file
	.byte	183                             @ DW_AT_decl_line
	.byte	0                               @ DW_AT_data_member_location
	.byte	29                              @ Abbrev [29] 0x222d:0xc DW_TAG_member
	.long	.Linfo_string273                @ DW_AT_name
	.long	944                             @ DW_AT_type
	.byte	5                               @ DW_AT_decl_file
	.byte	186                             @ DW_AT_decl_line
	.byte	4                               @ DW_AT_data_member_location
	.byte	29                              @ Abbrev [29] 0x2239:0xc DW_TAG_member
	.long	.Linfo_string274                @ DW_AT_name
	.long	944                             @ DW_AT_type
	.byte	5                               @ DW_AT_decl_file
	.byte	191                             @ DW_AT_decl_line
	.byte	8                               @ DW_AT_data_member_location
	.byte	29                              @ Abbrev [29] 0x2245:0xc DW_TAG_member
	.long	.Linfo_string275                @ DW_AT_name
	.long	944                             @ DW_AT_type
	.byte	5                               @ DW_AT_decl_file
	.byte	198                             @ DW_AT_decl_line
	.byte	12                              @ DW_AT_data_member_location
	.byte	29                              @ Abbrev [29] 0x2251:0xc DW_TAG_member
	.long	.Linfo_string276                @ DW_AT_name
	.long	944                             @ DW_AT_type
	.byte	5                               @ DW_AT_decl_file
	.byte	201                             @ DW_AT_decl_line
	.byte	16                              @ DW_AT_data_member_location
	.byte	29                              @ Abbrev [29] 0x225d:0xc DW_TAG_member
	.long	.Linfo_string277                @ DW_AT_name
	.long	944                             @ DW_AT_type
	.byte	5                               @ DW_AT_decl_file
	.byte	206                             @ DW_AT_decl_line
	.byte	20                              @ DW_AT_data_member_location
	.byte	29                              @ Abbrev [29] 0x2269:0xc DW_TAG_member
	.long	.Linfo_string278                @ DW_AT_name
	.long	944                             @ DW_AT_type
	.byte	5                               @ DW_AT_decl_file
	.byte	213                             @ DW_AT_decl_line
	.byte	24                              @ DW_AT_data_member_location
	.byte	29                              @ Abbrev [29] 0x2275:0xc DW_TAG_member
	.long	.Linfo_string279                @ DW_AT_name
	.long	944                             @ DW_AT_type
	.byte	5                               @ DW_AT_decl_file
	.byte	219                             @ DW_AT_decl_line
	.byte	28                              @ DW_AT_data_member_location
	.byte	0                               @ End Of Children Mark
	.byte	11                              @ Abbrev [11] 0x2282:0x5 DW_TAG_pointer_type
	.long	8839                            @ DW_AT_type
	.byte	5                               @ Abbrev [5] 0x2287:0x5 DW_TAG_const_type
	.long	8844                            @ DW_AT_type
	.byte	12                              @ Abbrev [12] 0x228c:0xc DW_TAG_typedef
	.long	8856                            @ DW_AT_type
	.long	.Linfo_string310                @ DW_AT_name
	.byte	5                               @ DW_AT_decl_file
	.short	267                             @ DW_AT_decl_line
	.byte	28                              @ Abbrev [28] 0x2298:0x74 DW_TAG_structure_type
	.byte	36                              @ DW_AT_byte_size
	.byte	5                               @ DW_AT_decl_file
	.byte	232                             @ DW_AT_decl_line
	.byte	29                              @ Abbrev [29] 0x229c:0xc DW_TAG_member
	.long	.Linfo_string302                @ DW_AT_name
	.long	944                             @ DW_AT_type
	.byte	5                               @ DW_AT_decl_file
	.byte	234                             @ DW_AT_decl_line
	.byte	0                               @ DW_AT_data_member_location
	.byte	29                              @ Abbrev [29] 0x22a8:0xc DW_TAG_member
	.long	.Linfo_string272                @ DW_AT_name
	.long	944                             @ DW_AT_type
	.byte	5                               @ DW_AT_decl_file
	.byte	239                             @ DW_AT_decl_line
	.byte	4                               @ DW_AT_data_member_location
	.byte	29                              @ Abbrev [29] 0x22b4:0xc DW_TAG_member
	.long	.Linfo_string303                @ DW_AT_name
	.long	944                             @ DW_AT_type
	.byte	5                               @ DW_AT_decl_file
	.byte	243                             @ DW_AT_decl_line
	.byte	8                               @ DW_AT_data_member_location
	.byte	29                              @ Abbrev [29] 0x22c0:0xc DW_TAG_member
	.long	.Linfo_string304                @ DW_AT_name
	.long	944                             @ DW_AT_type
	.byte	5                               @ DW_AT_decl_file
	.byte	246                             @ DW_AT_decl_line
	.byte	12                              @ DW_AT_data_member_location
	.byte	29                              @ Abbrev [29] 0x22cc:0xc DW_TAG_member
	.long	.Linfo_string305                @ DW_AT_name
	.long	944                             @ DW_AT_type
	.byte	5                               @ DW_AT_decl_file
	.byte	249                             @ DW_AT_decl_line
	.byte	16                              @ DW_AT_data_member_location
	.byte	29                              @ Abbrev [29] 0x22d8:0xc DW_TAG_member
	.long	.Linfo_string306                @ DW_AT_name
	.long	944                             @ DW_AT_type
	.byte	5                               @ DW_AT_decl_file
	.byte	252                             @ DW_AT_decl_line
	.byte	20                              @ DW_AT_data_member_location
	.byte	14                              @ Abbrev [14] 0x22e4:0xd DW_TAG_member
	.long	.Linfo_string307                @ DW_AT_name
	.long	944                             @ DW_AT_type
	.byte	5                               @ DW_AT_decl_file
	.short	256                             @ DW_AT_decl_line
	.byte	24                              @ DW_AT_data_member_location
	.byte	14                              @ Abbrev [14] 0x22f1:0xd DW_TAG_member
	.long	.Linfo_string308                @ DW_AT_name
	.long	944                             @ DW_AT_type
	.byte	5                               @ DW_AT_decl_file
	.short	260                             @ DW_AT_decl_line
	.byte	28                              @ DW_AT_data_member_location
	.byte	14                              @ Abbrev [14] 0x22fe:0xd DW_TAG_member
	.long	.Linfo_string309                @ DW_AT_name
	.long	944                             @ DW_AT_type
	.byte	5                               @ DW_AT_decl_file
	.short	263                             @ DW_AT_decl_line
	.byte	32                              @ DW_AT_data_member_location
	.byte	0                               @ End Of Children Mark
	.byte	11                              @ Abbrev [11] 0x230c:0x5 DW_TAG_pointer_type
	.long	67                              @ DW_AT_type
	.byte	11                              @ Abbrev [11] 0x2311:0x5 DW_TAG_pointer_type
	.long	8982                            @ DW_AT_type
	.byte	12                              @ Abbrev [12] 0x2316:0xc DW_TAG_typedef
	.long	8994                            @ DW_AT_type
	.long	.Linfo_string323                @ DW_AT_name
	.byte	5                               @ DW_AT_decl_file
	.short	316                             @ DW_AT_decl_line
	.byte	17                              @ Abbrev [17] 0x2322:0x88 DW_TAG_structure_type
	.byte	40                              @ DW_AT_byte_size
	.byte	5                               @ DW_AT_decl_file
	.short	272                             @ DW_AT_decl_line
	.byte	14                              @ Abbrev [14] 0x2327:0xd DW_TAG_member
	.long	.Linfo_string302                @ DW_AT_name
	.long	944                             @ DW_AT_type
	.byte	5                               @ DW_AT_decl_file
	.short	274                             @ DW_AT_decl_line
	.byte	0                               @ DW_AT_data_member_location
	.byte	14                              @ Abbrev [14] 0x2334:0xd DW_TAG_member
	.long	.Linfo_string272                @ DW_AT_name
	.long	944                             @ DW_AT_type
	.byte	5                               @ DW_AT_decl_file
	.short	279                             @ DW_AT_decl_line
	.byte	4                               @ DW_AT_data_member_location
	.byte	14                              @ Abbrev [14] 0x2341:0xd DW_TAG_member
	.long	.Linfo_string320                @ DW_AT_name
	.long	944                             @ DW_AT_type
	.byte	5                               @ DW_AT_decl_file
	.short	282                             @ DW_AT_decl_line
	.byte	8                               @ DW_AT_data_member_location
	.byte	14                              @ Abbrev [14] 0x234e:0xd DW_TAG_member
	.long	.Linfo_string304                @ DW_AT_name
	.long	944                             @ DW_AT_type
	.byte	5                               @ DW_AT_decl_file
	.short	285                             @ DW_AT_decl_line
	.byte	12                              @ DW_AT_data_member_location
	.byte	14                              @ Abbrev [14] 0x235b:0xd DW_TAG_member
	.long	.Linfo_string305                @ DW_AT_name
	.long	944                             @ DW_AT_type
	.byte	5                               @ DW_AT_decl_file
	.short	288                             @ DW_AT_decl_line
	.byte	16                              @ DW_AT_data_member_location
	.byte	14                              @ Abbrev [14] 0x2368:0xd DW_TAG_member
	.long	.Linfo_string306                @ DW_AT_name
	.long	944                             @ DW_AT_type
	.byte	5                               @ DW_AT_decl_file
	.short	291                             @ DW_AT_decl_line
	.byte	20                              @ DW_AT_data_member_location
	.byte	14                              @ Abbrev [14] 0x2375:0xd DW_TAG_member
	.long	.Linfo_string307                @ DW_AT_name
	.long	944                             @ DW_AT_type
	.byte	5                               @ DW_AT_decl_file
	.short	295                             @ DW_AT_decl_line
	.byte	24                              @ DW_AT_data_member_location
	.byte	14                              @ Abbrev [14] 0x2382:0xd DW_TAG_member
	.long	.Linfo_string321                @ DW_AT_name
	.long	944                             @ DW_AT_type
	.byte	5                               @ DW_AT_decl_file
	.short	299                             @ DW_AT_decl_line
	.byte	28                              @ DW_AT_data_member_location
	.byte	14                              @ Abbrev [14] 0x238f:0xd DW_TAG_member
	.long	.Linfo_string273                @ DW_AT_name
	.long	944                             @ DW_AT_type
	.byte	5                               @ DW_AT_decl_file
	.short	303                             @ DW_AT_decl_line
	.byte	32                              @ DW_AT_data_member_location
	.byte	14                              @ Abbrev [14] 0x239c:0xd DW_TAG_member
	.long	.Linfo_string322                @ DW_AT_name
	.long	944                             @ DW_AT_type
	.byte	5                               @ DW_AT_decl_file
	.short	310                             @ DW_AT_decl_line
	.byte	36                              @ DW_AT_data_member_location
	.byte	0                               @ End Of Children Mark
	.byte	11                              @ Abbrev [11] 0x23aa:0x5 DW_TAG_pointer_type
	.long	9135                            @ DW_AT_type
	.byte	12                              @ Abbrev [12] 0x23af:0xc DW_TAG_typedef
	.long	9147                            @ DW_AT_type
	.long	.Linfo_string331                @ DW_AT_name
	.byte	5                               @ DW_AT_decl_file
	.short	359                             @ DW_AT_decl_line
	.byte	17                              @ Abbrev [17] 0x23bb:0x88 DW_TAG_structure_type
	.byte	40                              @ DW_AT_byte_size
	.byte	5                               @ DW_AT_decl_file
	.short	321                             @ DW_AT_decl_line
	.byte	14                              @ Abbrev [14] 0x23c0:0xd DW_TAG_member
	.long	.Linfo_string302                @ DW_AT_name
	.long	944                             @ DW_AT_type
	.byte	5                               @ DW_AT_decl_file
	.short	323                             @ DW_AT_decl_line
	.byte	0                               @ DW_AT_data_member_location
	.byte	14                              @ Abbrev [14] 0x23cd:0xd DW_TAG_member
	.long	.Linfo_string272                @ DW_AT_name
	.long	944                             @ DW_AT_type
	.byte	5                               @ DW_AT_decl_file
	.short	328                             @ DW_AT_decl_line
	.byte	4                               @ DW_AT_data_member_location
	.byte	14                              @ Abbrev [14] 0x23da:0xd DW_TAG_member
	.long	.Linfo_string303                @ DW_AT_name
	.long	944                             @ DW_AT_type
	.byte	5                               @ DW_AT_decl_file
	.short	331                             @ DW_AT_decl_line
	.byte	8                               @ DW_AT_data_member_location
	.byte	14                              @ Abbrev [14] 0x23e7:0xd DW_TAG_member
	.long	.Linfo_string304                @ DW_AT_name
	.long	944                             @ DW_AT_type
	.byte	5                               @ DW_AT_decl_file
	.short	334                             @ DW_AT_decl_line
	.byte	12                              @ DW_AT_data_member_location
	.byte	14                              @ Abbrev [14] 0x23f4:0xd DW_TAG_member
	.long	.Linfo_string305                @ DW_AT_name
	.long	944                             @ DW_AT_type
	.byte	5                               @ DW_AT_decl_file
	.short	337                             @ DW_AT_decl_line
	.byte	16                              @ DW_AT_data_member_location
	.byte	14                              @ Abbrev [14] 0x2401:0xd DW_TAG_member
	.long	.Linfo_string306                @ DW_AT_name
	.long	944                             @ DW_AT_type
	.byte	5                               @ DW_AT_decl_file
	.short	340                             @ DW_AT_decl_line
	.byte	20                              @ DW_AT_data_member_location
	.byte	14                              @ Abbrev [14] 0x240e:0xd DW_TAG_member
	.long	.Linfo_string307                @ DW_AT_name
	.long	944                             @ DW_AT_type
	.byte	5                               @ DW_AT_decl_file
	.short	344                             @ DW_AT_decl_line
	.byte	24                              @ DW_AT_data_member_location
	.byte	14                              @ Abbrev [14] 0x241b:0xd DW_TAG_member
	.long	.Linfo_string329                @ DW_AT_name
	.long	944                             @ DW_AT_type
	.byte	5                               @ DW_AT_decl_file
	.short	348                             @ DW_AT_decl_line
	.byte	28                              @ DW_AT_data_member_location
	.byte	14                              @ Abbrev [14] 0x2428:0xd DW_TAG_member
	.long	.Linfo_string309                @ DW_AT_name
	.long	944                             @ DW_AT_type
	.byte	5                               @ DW_AT_decl_file
	.short	352                             @ DW_AT_decl_line
	.byte	32                              @ DW_AT_data_member_location
	.byte	14                              @ Abbrev [14] 0x2435:0xd DW_TAG_member
	.long	.Linfo_string330                @ DW_AT_name
	.long	944                             @ DW_AT_type
	.byte	5                               @ DW_AT_decl_file
	.short	356                             @ DW_AT_decl_line
	.byte	36                              @ DW_AT_data_member_location
	.byte	0                               @ End Of Children Mark
	.byte	11                              @ Abbrev [11] 0x2443:0x5 DW_TAG_pointer_type
	.long	9288                            @ DW_AT_type
	.byte	12                              @ Abbrev [12] 0x2448:0xc DW_TAG_typedef
	.long	9300                            @ DW_AT_type
	.long	.Linfo_string337                @ DW_AT_name
	.byte	5                               @ DW_AT_decl_file
	.short	386                             @ DW_AT_decl_line
	.byte	17                              @ Abbrev [17] 0x2454:0x3a DW_TAG_structure_type
	.byte	16                              @ DW_AT_byte_size
	.byte	5                               @ DW_AT_decl_file
	.short	364                             @ DW_AT_decl_line
	.byte	14                              @ Abbrev [14] 0x2459:0xd DW_TAG_member
	.long	.Linfo_string334                @ DW_AT_name
	.long	944                             @ DW_AT_type
	.byte	5                               @ DW_AT_decl_file
	.short	366                             @ DW_AT_decl_line
	.byte	0                               @ DW_AT_data_member_location
	.byte	14                              @ Abbrev [14] 0x2466:0xd DW_TAG_member
	.long	.Linfo_string273                @ DW_AT_name
	.long	944                             @ DW_AT_type
	.byte	5                               @ DW_AT_decl_file
	.short	371                             @ DW_AT_decl_line
	.byte	4                               @ DW_AT_data_member_location
	.byte	14                              @ Abbrev [14] 0x2473:0xd DW_TAG_member
	.long	.Linfo_string335                @ DW_AT_name
	.long	944                             @ DW_AT_type
	.byte	5                               @ DW_AT_decl_file
	.short	376                             @ DW_AT_decl_line
	.byte	8                               @ DW_AT_data_member_location
	.byte	14                              @ Abbrev [14] 0x2480:0xd DW_TAG_member
	.long	.Linfo_string336                @ DW_AT_name
	.long	944                             @ DW_AT_type
	.byte	5                               @ DW_AT_decl_file
	.short	379                             @ DW_AT_decl_line
	.byte	12                              @ DW_AT_data_member_location
	.byte	0                               @ End Of Children Mark
	.byte	11                              @ Abbrev [11] 0x248e:0x5 DW_TAG_pointer_type
	.long	9363                            @ DW_AT_type
	.byte	12                              @ Abbrev [12] 0x2493:0xc DW_TAG_typedef
	.long	9375                            @ DW_AT_type
	.long	.Linfo_string349                @ DW_AT_name
	.byte	5                               @ DW_AT_decl_file
	.short	444                             @ DW_AT_decl_line
	.byte	17                              @ Abbrev [17] 0x249f:0x95 DW_TAG_structure_type
	.byte	44                              @ DW_AT_byte_size
	.byte	5                               @ DW_AT_decl_file
	.short	391                             @ DW_AT_decl_line
	.byte	14                              @ Abbrev [14] 0x24a4:0xd DW_TAG_member
	.long	.Linfo_string339                @ DW_AT_name
	.long	944                             @ DW_AT_type
	.byte	5                               @ DW_AT_decl_file
	.short	393                             @ DW_AT_decl_line
	.byte	0                               @ DW_AT_data_member_location
	.byte	14                              @ Abbrev [14] 0x24b1:0xd DW_TAG_member
	.long	.Linfo_string340                @ DW_AT_name
	.long	944                             @ DW_AT_type
	.byte	5                               @ DW_AT_decl_file
	.short	396                             @ DW_AT_decl_line
	.byte	4                               @ DW_AT_data_member_location
	.byte	14                              @ Abbrev [14] 0x24be:0xd DW_TAG_member
	.long	.Linfo_string341                @ DW_AT_name
	.long	944                             @ DW_AT_type
	.byte	5                               @ DW_AT_decl_file
	.short	400                             @ DW_AT_decl_line
	.byte	8                               @ DW_AT_data_member_location
	.byte	14                              @ Abbrev [14] 0x24cb:0xd DW_TAG_member
	.long	.Linfo_string342                @ DW_AT_name
	.long	944                             @ DW_AT_type
	.byte	5                               @ DW_AT_decl_file
	.short	403                             @ DW_AT_decl_line
	.byte	12                              @ DW_AT_data_member_location
	.byte	14                              @ Abbrev [14] 0x24d8:0xd DW_TAG_member
	.long	.Linfo_string343                @ DW_AT_name
	.long	944                             @ DW_AT_type
	.byte	5                               @ DW_AT_decl_file
	.short	408                             @ DW_AT_decl_line
	.byte	16                              @ DW_AT_data_member_location
	.byte	14                              @ Abbrev [14] 0x24e5:0xd DW_TAG_member
	.long	.Linfo_string344                @ DW_AT_name
	.long	944                             @ DW_AT_type
	.byte	5                               @ DW_AT_decl_file
	.short	415                             @ DW_AT_decl_line
	.byte	20                              @ DW_AT_data_member_location
	.byte	14                              @ Abbrev [14] 0x24f2:0xd DW_TAG_member
	.long	.Linfo_string345                @ DW_AT_name
	.long	944                             @ DW_AT_type
	.byte	5                               @ DW_AT_decl_file
	.short	420                             @ DW_AT_decl_line
	.byte	24                              @ DW_AT_data_member_location
	.byte	14                              @ Abbrev [14] 0x24ff:0xd DW_TAG_member
	.long	.Linfo_string346                @ DW_AT_name
	.long	944                             @ DW_AT_type
	.byte	5                               @ DW_AT_decl_file
	.short	425                             @ DW_AT_decl_line
	.byte	28                              @ DW_AT_data_member_location
	.byte	14                              @ Abbrev [14] 0x250c:0xd DW_TAG_member
	.long	.Linfo_string347                @ DW_AT_name
	.long	944                             @ DW_AT_type
	.byte	5                               @ DW_AT_decl_file
	.short	430                             @ DW_AT_decl_line
	.byte	32                              @ DW_AT_data_member_location
	.byte	14                              @ Abbrev [14] 0x2519:0xd DW_TAG_member
	.long	.Linfo_string215                @ DW_AT_name
	.long	944                             @ DW_AT_type
	.byte	5                               @ DW_AT_decl_file
	.short	436                             @ DW_AT_decl_line
	.byte	36                              @ DW_AT_data_member_location
	.byte	14                              @ Abbrev [14] 0x2526:0xd DW_TAG_member
	.long	.Linfo_string348                @ DW_AT_name
	.long	944                             @ DW_AT_type
	.byte	5                               @ DW_AT_decl_file
	.short	441                             @ DW_AT_decl_line
	.byte	40                              @ DW_AT_data_member_location
	.byte	0                               @ End Of Children Mark
	.byte	11                              @ Abbrev [11] 0x2534:0x5 DW_TAG_pointer_type
	.long	9529                            @ DW_AT_type
	.byte	12                              @ Abbrev [12] 0x2539:0xc DW_TAG_typedef
	.long	9541                            @ DW_AT_type
	.long	.Linfo_string356                @ DW_AT_name
	.byte	5                               @ DW_AT_decl_file
	.short	471                             @ DW_AT_decl_line
	.byte	17                              @ Abbrev [17] 0x2545:0x3a DW_TAG_structure_type
	.byte	16                              @ DW_AT_byte_size
	.byte	5                               @ DW_AT_decl_file
	.short	449                             @ DW_AT_decl_line
	.byte	14                              @ Abbrev [14] 0x254a:0xd DW_TAG_member
	.long	.Linfo_string352                @ DW_AT_name
	.long	944                             @ DW_AT_type
	.byte	5                               @ DW_AT_decl_file
	.short	451                             @ DW_AT_decl_line
	.byte	0                               @ DW_AT_data_member_location
	.byte	14                              @ Abbrev [14] 0x2557:0xd DW_TAG_member
	.long	.Linfo_string353                @ DW_AT_name
	.long	944                             @ DW_AT_type
	.byte	5                               @ DW_AT_decl_file
	.short	454                             @ DW_AT_decl_line
	.byte	4                               @ DW_AT_data_member_location
	.byte	14                              @ Abbrev [14] 0x2564:0xd DW_TAG_member
	.long	.Linfo_string354                @ DW_AT_name
	.long	944                             @ DW_AT_type
	.byte	5                               @ DW_AT_decl_file
	.short	457                             @ DW_AT_decl_line
	.byte	8                               @ DW_AT_data_member_location
	.byte	14                              @ Abbrev [14] 0x2571:0xd DW_TAG_member
	.long	.Linfo_string355                @ DW_AT_name
	.long	944                             @ DW_AT_type
	.byte	5                               @ DW_AT_decl_file
	.short	464                             @ DW_AT_decl_line
	.byte	12                              @ DW_AT_data_member_location
	.byte	0                               @ End Of Children Mark
	.byte	11                              @ Abbrev [11] 0x257f:0x5 DW_TAG_pointer_type
	.long	9604                            @ DW_AT_type
	.byte	5                               @ Abbrev [5] 0x2584:0x5 DW_TAG_const_type
	.long	9609                            @ DW_AT_type
	.byte	12                              @ Abbrev [12] 0x2589:0xc DW_TAG_typedef
	.long	9621                            @ DW_AT_type
	.long	.Linfo_string381                @ DW_AT_name
	.byte	5                               @ DW_AT_decl_file
	.short	555                             @ DW_AT_decl_line
	.byte	17                              @ Abbrev [17] 0x2595:0xfd DW_TAG_structure_type
	.byte	76                              @ DW_AT_byte_size
	.byte	5                               @ DW_AT_decl_file
	.short	476                             @ DW_AT_decl_line
	.byte	14                              @ Abbrev [14] 0x259a:0xd DW_TAG_member
	.long	.Linfo_string291                @ DW_AT_name
	.long	944                             @ DW_AT_type
	.byte	5                               @ DW_AT_decl_file
	.short	478                             @ DW_AT_decl_line
	.byte	0                               @ DW_AT_data_member_location
	.byte	14                              @ Abbrev [14] 0x25a7:0xd DW_TAG_member
	.long	.Linfo_string364                @ DW_AT_name
	.long	944                             @ DW_AT_type
	.byte	5                               @ DW_AT_decl_file
	.short	481                             @ DW_AT_decl_line
	.byte	4                               @ DW_AT_data_member_location
	.byte	14                              @ Abbrev [14] 0x25b4:0xd DW_TAG_member
	.long	.Linfo_string365                @ DW_AT_name
	.long	944                             @ DW_AT_type
	.byte	5                               @ DW_AT_decl_file
	.short	486                             @ DW_AT_decl_line
	.byte	8                               @ DW_AT_data_member_location
	.byte	14                              @ Abbrev [14] 0x25c1:0xd DW_TAG_member
	.long	.Linfo_string366                @ DW_AT_name
	.long	944                             @ DW_AT_type
	.byte	5                               @ DW_AT_decl_file
	.short	489                             @ DW_AT_decl_line
	.byte	12                              @ DW_AT_data_member_location
	.byte	14                              @ Abbrev [14] 0x25ce:0xd DW_TAG_member
	.long	.Linfo_string367                @ DW_AT_name
	.long	944                             @ DW_AT_type
	.byte	5                               @ DW_AT_decl_file
	.short	494                             @ DW_AT_decl_line
	.byte	16                              @ DW_AT_data_member_location
	.byte	14                              @ Abbrev [14] 0x25db:0xd DW_TAG_member
	.long	.Linfo_string368                @ DW_AT_name
	.long	944                             @ DW_AT_type
	.byte	5                               @ DW_AT_decl_file
	.short	497                             @ DW_AT_decl_line
	.byte	20                              @ DW_AT_data_member_location
	.byte	14                              @ Abbrev [14] 0x25e8:0xd DW_TAG_member
	.long	.Linfo_string369                @ DW_AT_name
	.long	944                             @ DW_AT_type
	.byte	5                               @ DW_AT_decl_file
	.short	502                             @ DW_AT_decl_line
	.byte	24                              @ DW_AT_data_member_location
	.byte	14                              @ Abbrev [14] 0x25f5:0xd DW_TAG_member
	.long	.Linfo_string370                @ DW_AT_name
	.long	944                             @ DW_AT_type
	.byte	5                               @ DW_AT_decl_file
	.short	510                             @ DW_AT_decl_line
	.byte	28                              @ DW_AT_data_member_location
	.byte	14                              @ Abbrev [14] 0x2602:0xd DW_TAG_member
	.long	.Linfo_string264                @ DW_AT_name
	.long	944                             @ DW_AT_type
	.byte	5                               @ DW_AT_decl_file
	.short	515                             @ DW_AT_decl_line
	.byte	32                              @ DW_AT_data_member_location
	.byte	14                              @ Abbrev [14] 0x260f:0xd DW_TAG_member
	.long	.Linfo_string371                @ DW_AT_name
	.long	944                             @ DW_AT_type
	.byte	5                               @ DW_AT_decl_file
	.short	520                             @ DW_AT_decl_line
	.byte	36                              @ DW_AT_data_member_location
	.byte	14                              @ Abbrev [14] 0x261c:0xd DW_TAG_member
	.long	.Linfo_string372                @ DW_AT_name
	.long	944                             @ DW_AT_type
	.byte	5                               @ DW_AT_decl_file
	.short	525                             @ DW_AT_decl_line
	.byte	40                              @ DW_AT_data_member_location
	.byte	14                              @ Abbrev [14] 0x2629:0xd DW_TAG_member
	.long	.Linfo_string373                @ DW_AT_name
	.long	944                             @ DW_AT_type
	.byte	5                               @ DW_AT_decl_file
	.short	528                             @ DW_AT_decl_line
	.byte	44                              @ DW_AT_data_member_location
	.byte	14                              @ Abbrev [14] 0x2636:0xd DW_TAG_member
	.long	.Linfo_string374                @ DW_AT_name
	.long	944                             @ DW_AT_type
	.byte	5                               @ DW_AT_decl_file
	.short	531                             @ DW_AT_decl_line
	.byte	48                              @ DW_AT_data_member_location
	.byte	14                              @ Abbrev [14] 0x2643:0xd DW_TAG_member
	.long	.Linfo_string375                @ DW_AT_name
	.long	944                             @ DW_AT_type
	.byte	5                               @ DW_AT_decl_file
	.short	534                             @ DW_AT_decl_line
	.byte	52                              @ DW_AT_data_member_location
	.byte	14                              @ Abbrev [14] 0x2650:0xd DW_TAG_member
	.long	.Linfo_string376                @ DW_AT_name
	.long	944                             @ DW_AT_type
	.byte	5                               @ DW_AT_decl_file
	.short	539                             @ DW_AT_decl_line
	.byte	56                              @ DW_AT_data_member_location
	.byte	14                              @ Abbrev [14] 0x265d:0xd DW_TAG_member
	.long	.Linfo_string377                @ DW_AT_name
	.long	944                             @ DW_AT_type
	.byte	5                               @ DW_AT_decl_file
	.short	543                             @ DW_AT_decl_line
	.byte	60                              @ DW_AT_data_member_location
	.byte	14                              @ Abbrev [14] 0x266a:0xd DW_TAG_member
	.long	.Linfo_string378                @ DW_AT_name
	.long	944                             @ DW_AT_type
	.byte	5                               @ DW_AT_decl_file
	.short	546                             @ DW_AT_decl_line
	.byte	64                              @ DW_AT_data_member_location
	.byte	14                              @ Abbrev [14] 0x2677:0xd DW_TAG_member
	.long	.Linfo_string379                @ DW_AT_name
	.long	944                             @ DW_AT_type
	.byte	5                               @ DW_AT_decl_file
	.short	549                             @ DW_AT_decl_line
	.byte	68                              @ DW_AT_data_member_location
	.byte	14                              @ Abbrev [14] 0x2684:0xd DW_TAG_member
	.long	.Linfo_string380                @ DW_AT_name
	.long	944                             @ DW_AT_type
	.byte	5                               @ DW_AT_decl_file
	.short	552                             @ DW_AT_decl_line
	.byte	72                              @ DW_AT_data_member_location
	.byte	0                               @ End Of Children Mark
	.byte	11                              @ Abbrev [11] 0x2692:0x5 DW_TAG_pointer_type
	.long	9879                            @ DW_AT_type
	.byte	5                               @ Abbrev [5] 0x2697:0x5 DW_TAG_const_type
	.long	9884                            @ DW_AT_type
	.byte	12                              @ Abbrev [12] 0x269c:0xc DW_TAG_typedef
	.long	9896                            @ DW_AT_type
	.long	.Linfo_string391                @ DW_AT_name
	.byte	5                               @ DW_AT_decl_file
	.short	603                             @ DW_AT_decl_line
	.byte	17                              @ Abbrev [17] 0x26a8:0x88 DW_TAG_structure_type
	.byte	40                              @ DW_AT_byte_size
	.byte	5                               @ DW_AT_decl_file
	.short	560                             @ DW_AT_decl_line
	.byte	14                              @ Abbrev [14] 0x26ad:0xd DW_TAG_member
	.long	.Linfo_string384                @ DW_AT_name
	.long	944                             @ DW_AT_type
	.byte	5                               @ DW_AT_decl_file
	.short	562                             @ DW_AT_decl_line
	.byte	0                               @ DW_AT_data_member_location
	.byte	14                              @ Abbrev [14] 0x26ba:0xd DW_TAG_member
	.long	.Linfo_string385                @ DW_AT_name
	.long	944                             @ DW_AT_type
	.byte	5                               @ DW_AT_decl_file
	.short	565                             @ DW_AT_decl_line
	.byte	4                               @ DW_AT_data_member_location
	.byte	14                              @ Abbrev [14] 0x26c7:0xd DW_TAG_member
	.long	.Linfo_string386                @ DW_AT_name
	.long	944                             @ DW_AT_type
	.byte	5                               @ DW_AT_decl_file
	.short	568                             @ DW_AT_decl_line
	.byte	8                               @ DW_AT_data_member_location
	.byte	14                              @ Abbrev [14] 0x26d4:0xd DW_TAG_member
	.long	.Linfo_string387                @ DW_AT_name
	.long	944                             @ DW_AT_type
	.byte	5                               @ DW_AT_decl_file
	.short	571                             @ DW_AT_decl_line
	.byte	12                              @ DW_AT_data_member_location
	.byte	14                              @ Abbrev [14] 0x26e1:0xd DW_TAG_member
	.long	.Linfo_string388                @ DW_AT_name
	.long	944                             @ DW_AT_type
	.byte	5                               @ DW_AT_decl_file
	.short	575                             @ DW_AT_decl_line
	.byte	16                              @ DW_AT_data_member_location
	.byte	14                              @ Abbrev [14] 0x26ee:0xd DW_TAG_member
	.long	.Linfo_string389                @ DW_AT_name
	.long	944                             @ DW_AT_type
	.byte	5                               @ DW_AT_decl_file
	.short	580                             @ DW_AT_decl_line
	.byte	20                              @ DW_AT_data_member_location
	.byte	14                              @ Abbrev [14] 0x26fb:0xd DW_TAG_member
	.long	.Linfo_string390                @ DW_AT_name
	.long	944                             @ DW_AT_type
	.byte	5                               @ DW_AT_decl_file
	.short	585                             @ DW_AT_decl_line
	.byte	24                              @ DW_AT_data_member_location
	.byte	14                              @ Abbrev [14] 0x2708:0xd DW_TAG_member
	.long	.Linfo_string274                @ DW_AT_name
	.long	944                             @ DW_AT_type
	.byte	5                               @ DW_AT_decl_file
	.short	588                             @ DW_AT_decl_line
	.byte	28                              @ DW_AT_data_member_location
	.byte	14                              @ Abbrev [14] 0x2715:0xd DW_TAG_member
	.long	.Linfo_string360                @ DW_AT_name
	.long	944                             @ DW_AT_type
	.byte	5                               @ DW_AT_decl_file
	.short	591                             @ DW_AT_decl_line
	.byte	32                              @ DW_AT_data_member_location
	.byte	14                              @ Abbrev [14] 0x2722:0xd DW_TAG_member
	.long	.Linfo_string273                @ DW_AT_name
	.long	944                             @ DW_AT_type
	.byte	5                               @ DW_AT_decl_file
	.short	596                             @ DW_AT_decl_line
	.byte	36                              @ DW_AT_data_member_location
	.byte	0                               @ End Of Children Mark
	.byte	11                              @ Abbrev [11] 0x2730:0x5 DW_TAG_pointer_type
	.long	10037                           @ DW_AT_type
	.byte	12                              @ Abbrev [12] 0x2735:0xc DW_TAG_typedef
	.long	10049                           @ DW_AT_type
	.long	.Linfo_string419                @ DW_AT_name
	.byte	5                               @ DW_AT_decl_file
	.short	672                             @ DW_AT_decl_line
	.byte	17                              @ Abbrev [17] 0x2741:0xbc DW_TAG_structure_type
	.byte	56                              @ DW_AT_byte_size
	.byte	5                               @ DW_AT_decl_file
	.short	608                             @ DW_AT_decl_line
	.byte	14                              @ Abbrev [14] 0x2746:0xd DW_TAG_member
	.long	.Linfo_string405                @ DW_AT_name
	.long	944                             @ DW_AT_type
	.byte	5                               @ DW_AT_decl_file
	.short	610                             @ DW_AT_decl_line
	.byte	0                               @ DW_AT_data_member_location
	.byte	14                              @ Abbrev [14] 0x2753:0xd DW_TAG_member
	.long	.Linfo_string406                @ DW_AT_name
	.long	944                             @ DW_AT_type
	.byte	5                               @ DW_AT_decl_file
	.short	613                             @ DW_AT_decl_line
	.byte	4                               @ DW_AT_data_member_location
	.byte	14                              @ Abbrev [14] 0x2760:0xd DW_TAG_member
	.long	.Linfo_string407                @ DW_AT_name
	.long	944                             @ DW_AT_type
	.byte	5                               @ DW_AT_decl_file
	.short	616                             @ DW_AT_decl_line
	.byte	8                               @ DW_AT_data_member_location
	.byte	14                              @ Abbrev [14] 0x276d:0xd DW_TAG_member
	.long	.Linfo_string408                @ DW_AT_name
	.long	944                             @ DW_AT_type
	.byte	5                               @ DW_AT_decl_file
	.short	619                             @ DW_AT_decl_line
	.byte	12                              @ DW_AT_data_member_location
	.byte	14                              @ Abbrev [14] 0x277a:0xd DW_TAG_member
	.long	.Linfo_string409                @ DW_AT_name
	.long	944                             @ DW_AT_type
	.byte	5                               @ DW_AT_decl_file
	.short	625                             @ DW_AT_decl_line
	.byte	16                              @ DW_AT_data_member_location
	.byte	14                              @ Abbrev [14] 0x2787:0xd DW_TAG_member
	.long	.Linfo_string410                @ DW_AT_name
	.long	944                             @ DW_AT_type
	.byte	5                               @ DW_AT_decl_file
	.short	631                             @ DW_AT_decl_line
	.byte	20                              @ DW_AT_data_member_location
	.byte	14                              @ Abbrev [14] 0x2794:0xd DW_TAG_member
	.long	.Linfo_string411                @ DW_AT_name
	.long	944                             @ DW_AT_type
	.byte	5                               @ DW_AT_decl_file
	.short	634                             @ DW_AT_decl_line
	.byte	24                              @ DW_AT_data_member_location
	.byte	14                              @ Abbrev [14] 0x27a1:0xd DW_TAG_member
	.long	.Linfo_string412                @ DW_AT_name
	.long	944                             @ DW_AT_type
	.byte	5                               @ DW_AT_decl_file
	.short	639                             @ DW_AT_decl_line
	.byte	28                              @ DW_AT_data_member_location
	.byte	14                              @ Abbrev [14] 0x27ae:0xd DW_TAG_member
	.long	.Linfo_string413                @ DW_AT_name
	.long	944                             @ DW_AT_type
	.byte	5                               @ DW_AT_decl_file
	.short	644                             @ DW_AT_decl_line
	.byte	32                              @ DW_AT_data_member_location
	.byte	14                              @ Abbrev [14] 0x27bb:0xd DW_TAG_member
	.long	.Linfo_string414                @ DW_AT_name
	.long	944                             @ DW_AT_type
	.byte	5                               @ DW_AT_decl_file
	.short	647                             @ DW_AT_decl_line
	.byte	36                              @ DW_AT_data_member_location
	.byte	14                              @ Abbrev [14] 0x27c8:0xd DW_TAG_member
	.long	.Linfo_string415                @ DW_AT_name
	.long	944                             @ DW_AT_type
	.byte	5                               @ DW_AT_decl_file
	.short	652                             @ DW_AT_decl_line
	.byte	40                              @ DW_AT_data_member_location
	.byte	14                              @ Abbrev [14] 0x27d5:0xd DW_TAG_member
	.long	.Linfo_string416                @ DW_AT_name
	.long	944                             @ DW_AT_type
	.byte	5                               @ DW_AT_decl_file
	.short	657                             @ DW_AT_decl_line
	.byte	44                              @ DW_AT_data_member_location
	.byte	14                              @ Abbrev [14] 0x27e2:0xd DW_TAG_member
	.long	.Linfo_string417                @ DW_AT_name
	.long	944                             @ DW_AT_type
	.byte	5                               @ DW_AT_decl_file
	.short	662                             @ DW_AT_decl_line
	.byte	48                              @ DW_AT_data_member_location
	.byte	14                              @ Abbrev [14] 0x27ef:0xd DW_TAG_member
	.long	.Linfo_string418                @ DW_AT_name
	.long	944                             @ DW_AT_type
	.byte	5                               @ DW_AT_decl_file
	.short	667                             @ DW_AT_decl_line
	.byte	52                              @ DW_AT_data_member_location
	.byte	0                               @ End Of Children Mark
	.byte	0                               @ End Of Children Mark
.Ldebug_info_end0:
	.section	.debug_ranges,"",%progbits
.Ldebug_ranges0:
	.long	.Lfunc_begin0
	.long	.Lfunc_end0
	.long	.Lfunc_begin1
	.long	.Lfunc_end1
	.long	.Lfunc_begin2
	.long	.Lfunc_end2
	.long	.Lfunc_begin3
	.long	.Lfunc_end3
	.long	.Lfunc_begin4
	.long	.Lfunc_end4
	.long	.Lfunc_begin5
	.long	.Lfunc_end5
	.long	.Lfunc_begin6
	.long	.Lfunc_end6
	.long	.Lfunc_begin7
	.long	.Lfunc_end7
	.long	.Lfunc_begin8
	.long	.Lfunc_end8
	.long	.Lfunc_begin9
	.long	.Lfunc_end9
	.long	.Lfunc_begin10
	.long	.Lfunc_end10
	.long	.Lfunc_begin11
	.long	.Lfunc_end11
	.long	.Lfunc_begin12
	.long	.Lfunc_end12
	.long	.Lfunc_begin13
	.long	.Lfunc_end13
	.long	.Lfunc_begin14
	.long	.Lfunc_end14
	.long	.Lfunc_begin15
	.long	.Lfunc_end15
	.long	.Lfunc_begin16
	.long	.Lfunc_end16
	.long	.Lfunc_begin17
	.long	.Lfunc_end17
	.long	.Lfunc_begin18
	.long	.Lfunc_end18
	.long	.Lfunc_begin19
	.long	.Lfunc_end19
	.long	.Lfunc_begin20
	.long	.Lfunc_end20
	.long	.Lfunc_begin21
	.long	.Lfunc_end21
	.long	.Lfunc_begin22
	.long	.Lfunc_end22
	.long	.Lfunc_begin23
	.long	.Lfunc_end23
	.long	.Lfunc_begin24
	.long	.Lfunc_end24
	.long	.Lfunc_begin25
	.long	.Lfunc_end25
	.long	.Lfunc_begin26
	.long	.Lfunc_end26
	.long	.Lfunc_begin27
	.long	.Lfunc_end27
	.long	.Lfunc_begin28
	.long	.Lfunc_end28
	.long	.Lfunc_begin29
	.long	.Lfunc_end29
	.long	.Lfunc_begin30
	.long	.Lfunc_end30
	.long	.Lfunc_begin31
	.long	.Lfunc_end31
	.long	.Lfunc_begin32
	.long	.Lfunc_end32
	.long	.Lfunc_begin33
	.long	.Lfunc_end33
	.long	.Lfunc_begin34
	.long	.Lfunc_end34
	.long	.Lfunc_begin35
	.long	.Lfunc_end35
	.long	.Lfunc_begin36
	.long	.Lfunc_end36
	.long	.Lfunc_begin37
	.long	.Lfunc_end37
	.long	.Lfunc_begin38
	.long	.Lfunc_end38
	.long	.Lfunc_begin39
	.long	.Lfunc_end39
	.long	.Lfunc_begin40
	.long	.Lfunc_end40
	.long	.Lfunc_begin41
	.long	.Lfunc_end41
	.long	.Lfunc_begin42
	.long	.Lfunc_end42
	.long	.Lfunc_begin43
	.long	.Lfunc_end43
	.long	.Lfunc_begin44
	.long	.Lfunc_end44
	.long	.Lfunc_begin45
	.long	.Lfunc_end45
	.long	.Lfunc_begin46
	.long	.Lfunc_end46
	.long	.Lfunc_begin47
	.long	.Lfunc_end47
	.long	.Lfunc_begin48
	.long	.Lfunc_end48
	.long	.Lfunc_begin49
	.long	.Lfunc_end49
	.long	.Lfunc_begin50
	.long	.Lfunc_end50
	.long	.Lfunc_begin51
	.long	.Lfunc_end51
	.long	.Lfunc_begin52
	.long	.Lfunc_end52
	.long	.Lfunc_begin53
	.long	.Lfunc_end53
	.long	.Lfunc_begin54
	.long	.Lfunc_end54
	.long	.Lfunc_begin55
	.long	.Lfunc_end55
	.long	.Lfunc_begin56
	.long	.Lfunc_end56
	.long	.Lfunc_begin57
	.long	.Lfunc_end57
	.long	.Lfunc_begin58
	.long	.Lfunc_end58
	.long	.Lfunc_begin59
	.long	.Lfunc_end59
	.long	.Lfunc_begin60
	.long	.Lfunc_end60
	.long	.Lfunc_begin61
	.long	.Lfunc_end61
	.long	.Lfunc_begin62
	.long	.Lfunc_end62
	.long	.Lfunc_begin63
	.long	.Lfunc_end63
	.long	.Lfunc_begin64
	.long	.Lfunc_end64
	.long	.Lfunc_begin65
	.long	.Lfunc_end65
	.long	.Lfunc_begin66
	.long	.Lfunc_end66
	.long	.Lfunc_begin67
	.long	.Lfunc_end67
	.long	.Lfunc_begin68
	.long	.Lfunc_end68
	.long	.Lfunc_begin69
	.long	.Lfunc_end69
	.long	.Lfunc_begin70
	.long	.Lfunc_end70
	.long	.Lfunc_begin71
	.long	.Lfunc_end71
	.long	.Lfunc_begin72
	.long	.Lfunc_end72
	.long	.Lfunc_begin73
	.long	.Lfunc_end73
	.long	.Lfunc_begin74
	.long	.Lfunc_end74
	.long	.Lfunc_begin75
	.long	.Lfunc_end75
	.long	.Lfunc_begin76
	.long	.Lfunc_end76
	.long	.Lfunc_begin77
	.long	.Lfunc_end77
	.long	.Lfunc_begin78
	.long	.Lfunc_end78
	.long	.Lfunc_begin79
	.long	.Lfunc_end79
	.long	.Lfunc_begin80
	.long	.Lfunc_end80
	.long	.Lfunc_begin81
	.long	.Lfunc_end81
	.long	.Lfunc_begin82
	.long	.Lfunc_end82
	.long	.Lfunc_begin83
	.long	.Lfunc_end83
	.long	.Lfunc_begin84
	.long	.Lfunc_end84
	.long	.Lfunc_begin85
	.long	.Lfunc_end85
	.long	.Lfunc_begin86
	.long	.Lfunc_end86
	.long	.Lfunc_begin87
	.long	.Lfunc_end87
	.long	.Lfunc_begin88
	.long	.Lfunc_end88
	.long	.Lfunc_begin89
	.long	.Lfunc_end89
	.long	.Lfunc_begin90
	.long	.Lfunc_end90
	.long	.Lfunc_begin91
	.long	.Lfunc_end91
	.long	.Lfunc_begin92
	.long	.Lfunc_end92
	.long	.Lfunc_begin93
	.long	.Lfunc_end93
	.long	.Lfunc_begin94
	.long	.Lfunc_end94
	.long	.Lfunc_begin95
	.long	.Lfunc_end95
	.long	.Lfunc_begin96
	.long	.Lfunc_end96
	.long	.Lfunc_begin97
	.long	.Lfunc_end97
	.long	.Lfunc_begin98
	.long	.Lfunc_end98
	.long	.Lfunc_begin99
	.long	.Lfunc_end99
	.long	0
	.long	0
	.section	.debug_str,"MS",%progbits,1
.Linfo_string0:
	.asciz	"Component: Arm Compiler for Embedded 6.24 Tool: armclang [5f371800]" @ string offset=0
.Linfo_string1:
	.asciz	"../Drivers/STM32H7xx_HAL_Driver/Src\\stm32h7xx_hal_fdcan.c" @ string offset=68
.Linfo_string2:
	.asciz	"D:\\RM_projects\\h7_final_4\\MDK-ARM" @ string offset=126
.Linfo_string3:
	.asciz	"DLCtoBytes"                    @ string offset=160
.Linfo_string4:
	.asciz	"unsigned char"                 @ string offset=171
.Linfo_string5:
	.asciz	"uint8_t"                       @ string offset=185
.Linfo_string6:
	.asciz	"__ARRAY_SIZE_TYPE__"           @ string offset=193
.Linfo_string7:
	.asciz	"HAL_OK"                        @ string offset=213
.Linfo_string8:
	.asciz	"HAL_ERROR"                     @ string offset=220
.Linfo_string9:
	.asciz	"HAL_BUSY"                      @ string offset=230
.Linfo_string10:
	.asciz	"HAL_TIMEOUT"                   @ string offset=239
.Linfo_string11:
	.asciz	"DISABLE"                       @ string offset=251
.Linfo_string12:
	.asciz	"ENABLE"                        @ string offset=259
.Linfo_string13:
	.asciz	"HAL_FDCAN_STATE_RESET"         @ string offset=266
.Linfo_string14:
	.asciz	"HAL_FDCAN_STATE_READY"         @ string offset=288
.Linfo_string15:
	.asciz	"HAL_FDCAN_STATE_BUSY"          @ string offset=310
.Linfo_string16:
	.asciz	"HAL_FDCAN_STATE_ERROR"         @ string offset=331
.Linfo_string17:
	.asciz	"HAL_UNLOCKED"                  @ string offset=353
.Linfo_string18:
	.asciz	"HAL_LOCKED"                    @ string offset=366
.Linfo_string19:
	.asciz	"RESET"                         @ string offset=377
.Linfo_string20:
	.asciz	"SET"                           @ string offset=383
.Linfo_string21:
	.asciz	"CREL"                          @ string offset=387
.Linfo_string22:
	.asciz	"unsigned int"                  @ string offset=392
.Linfo_string23:
	.asciz	"uint32_t"                      @ string offset=405
.Linfo_string24:
	.asciz	"ENDN"                          @ string offset=414
.Linfo_string25:
	.asciz	"RESERVED1"                     @ string offset=419
.Linfo_string26:
	.asciz	"DBTP"                          @ string offset=429
.Linfo_string27:
	.asciz	"TEST"                          @ string offset=434
.Linfo_string28:
	.asciz	"RWD"                           @ string offset=439
.Linfo_string29:
	.asciz	"CCCR"                          @ string offset=443
.Linfo_string30:
	.asciz	"NBTP"                          @ string offset=448
.Linfo_string31:
	.asciz	"TSCC"                          @ string offset=453
.Linfo_string32:
	.asciz	"TSCV"                          @ string offset=458
.Linfo_string33:
	.asciz	"TOCC"                          @ string offset=463
.Linfo_string34:
	.asciz	"TOCV"                          @ string offset=468
.Linfo_string35:
	.asciz	"RESERVED2"                     @ string offset=473
.Linfo_string36:
	.asciz	"ECR"                           @ string offset=483
.Linfo_string37:
	.asciz	"PSR"                           @ string offset=487
.Linfo_string38:
	.asciz	"TDCR"                          @ string offset=491
.Linfo_string39:
	.asciz	"RESERVED3"                     @ string offset=496
.Linfo_string40:
	.asciz	"IR"                            @ string offset=506
.Linfo_string41:
	.asciz	"IE"                            @ string offset=509
.Linfo_string42:
	.asciz	"ILS"                           @ string offset=512
.Linfo_string43:
	.asciz	"ILE"                           @ string offset=516
.Linfo_string44:
	.asciz	"RESERVED4"                     @ string offset=520
.Linfo_string45:
	.asciz	"GFC"                           @ string offset=530
.Linfo_string46:
	.asciz	"SIDFC"                         @ string offset=534
.Linfo_string47:
	.asciz	"XIDFC"                         @ string offset=540
.Linfo_string48:
	.asciz	"RESERVED5"                     @ string offset=546
.Linfo_string49:
	.asciz	"XIDAM"                         @ string offset=556
.Linfo_string50:
	.asciz	"HPMS"                          @ string offset=562
.Linfo_string51:
	.asciz	"NDAT1"                         @ string offset=567
.Linfo_string52:
	.asciz	"NDAT2"                         @ string offset=573
.Linfo_string53:
	.asciz	"RXF0C"                         @ string offset=579
.Linfo_string54:
	.asciz	"RXF0S"                         @ string offset=585
.Linfo_string55:
	.asciz	"RXF0A"                         @ string offset=591
.Linfo_string56:
	.asciz	"RXBC"                          @ string offset=597
.Linfo_string57:
	.asciz	"RXF1C"                         @ string offset=602
.Linfo_string58:
	.asciz	"RXF1S"                         @ string offset=608
.Linfo_string59:
	.asciz	"RXF1A"                         @ string offset=614
.Linfo_string60:
	.asciz	"RXESC"                         @ string offset=620
.Linfo_string61:
	.asciz	"TXBC"                          @ string offset=626
.Linfo_string62:
	.asciz	"TXFQS"                         @ string offset=631
.Linfo_string63:
	.asciz	"TXESC"                         @ string offset=637
.Linfo_string64:
	.asciz	"TXBRP"                         @ string offset=643
.Linfo_string65:
	.asciz	"TXBAR"                         @ string offset=649
.Linfo_string66:
	.asciz	"TXBCR"                         @ string offset=655
.Linfo_string67:
	.asciz	"TXBTO"                         @ string offset=661
.Linfo_string68:
	.asciz	"TXBCF"                         @ string offset=667
.Linfo_string69:
	.asciz	"TXBTIE"                        @ string offset=673
.Linfo_string70:
	.asciz	"TXBCIE"                        @ string offset=680
.Linfo_string71:
	.asciz	"RESERVED6"                     @ string offset=687
.Linfo_string72:
	.asciz	"TXEFC"                         @ string offset=697
.Linfo_string73:
	.asciz	"TXEFS"                         @ string offset=703
.Linfo_string74:
	.asciz	"TXEFA"                         @ string offset=709
.Linfo_string75:
	.asciz	"RESERVED7"                     @ string offset=715
.Linfo_string76:
	.asciz	"FDCAN_GlobalTypeDef"           @ string offset=725
.Linfo_string77:
	.asciz	"TTTMC"                         @ string offset=745
.Linfo_string78:
	.asciz	"TTRMC"                         @ string offset=751
.Linfo_string79:
	.asciz	"TTOCF"                         @ string offset=757
.Linfo_string80:
	.asciz	"TTMLM"                         @ string offset=763
.Linfo_string81:
	.asciz	"TURCF"                         @ string offset=769
.Linfo_string82:
	.asciz	"TTOCN"                         @ string offset=775
.Linfo_string83:
	.asciz	"TTGTP"                         @ string offset=781
.Linfo_string84:
	.asciz	"TTTMK"                         @ string offset=787
.Linfo_string85:
	.asciz	"TTIR"                          @ string offset=793
.Linfo_string86:
	.asciz	"TTIE"                          @ string offset=798
.Linfo_string87:
	.asciz	"TTILS"                         @ string offset=803
.Linfo_string88:
	.asciz	"TTOST"                         @ string offset=809
.Linfo_string89:
	.asciz	"TURNA"                         @ string offset=815
.Linfo_string90:
	.asciz	"TTLGT"                         @ string offset=821
.Linfo_string91:
	.asciz	"TTCTC"                         @ string offset=827
.Linfo_string92:
	.asciz	"TTCPT"                         @ string offset=833
.Linfo_string93:
	.asciz	"TTCSM"                         @ string offset=839
.Linfo_string94:
	.asciz	"TTTS"                          @ string offset=845
.Linfo_string95:
	.asciz	"TTCAN_TypeDef"                 @ string offset=850
.Linfo_string96:
	.asciz	"CCFG"                          @ string offset=864
.Linfo_string97:
	.asciz	"CSTAT"                         @ string offset=869
.Linfo_string98:
	.asciz	"CWD"                           @ string offset=875
.Linfo_string99:
	.asciz	"FDCAN_ClockCalibrationUnit_TypeDef" @ string offset=879
.Linfo_string100:
	.asciz	"unsigned short"                @ string offset=914
.Linfo_string101:
	.asciz	"uint16_t"                      @ string offset=929
.Linfo_string102:
	.asciz	"__CLZ"                         @ string offset=938
.Linfo_string103:
	.asciz	"value"                         @ string offset=944
.Linfo_string104:
	.asciz	"HAL_FDCAN_Init"                @ string offset=950
.Linfo_string105:
	.asciz	"HAL_StatusTypeDef"             @ string offset=965
.Linfo_string106:
	.asciz	"HAL_FDCAN_MspInit"             @ string offset=983
.Linfo_string107:
	.asciz	"FDCAN_CalculateRamBlockAddresses" @ string offset=1001
.Linfo_string108:
	.asciz	"HAL_FDCAN_DeInit"              @ string offset=1034
.Linfo_string109:
	.asciz	"HAL_FDCAN_Stop"                @ string offset=1051
.Linfo_string110:
	.asciz	"HAL_FDCAN_MspDeInit"           @ string offset=1066
.Linfo_string111:
	.asciz	"HAL_FDCAN_EnterPowerDownMode"  @ string offset=1086
.Linfo_string112:
	.asciz	"HAL_FDCAN_ExitPowerDownMode"   @ string offset=1115
.Linfo_string113:
	.asciz	"HAL_FDCAN_ConfigClockCalibration" @ string offset=1143
.Linfo_string114:
	.asciz	"HAL_FDCAN_GetClockCalibrationState" @ string offset=1176
.Linfo_string115:
	.asciz	"HAL_FDCAN_ResetClockCalibrationState" @ string offset=1211
.Linfo_string116:
	.asciz	"HAL_FDCAN_GetClockCalibrationCounter" @ string offset=1248
.Linfo_string117:
	.asciz	"HAL_FDCAN_ConfigFilter"        @ string offset=1285
.Linfo_string118:
	.asciz	"HAL_FDCAN_ConfigGlobalFilter"  @ string offset=1308
.Linfo_string119:
	.asciz	"HAL_FDCAN_ConfigExtendedIdMask" @ string offset=1337
.Linfo_string120:
	.asciz	"HAL_FDCAN_ConfigRxFifoOverwrite" @ string offset=1368
.Linfo_string121:
	.asciz	"HAL_FDCAN_ConfigFifoWatermark" @ string offset=1400
.Linfo_string122:
	.asciz	"HAL_FDCAN_ConfigRamWatchdog"   @ string offset=1430
.Linfo_string123:
	.asciz	"HAL_FDCAN_ConfigTimestampCounter" @ string offset=1458
.Linfo_string124:
	.asciz	"HAL_FDCAN_EnableTimestampCounter" @ string offset=1491
.Linfo_string125:
	.asciz	"HAL_FDCAN_DisableTimestampCounter" @ string offset=1524
.Linfo_string126:
	.asciz	"HAL_FDCAN_GetTimestampCounter" @ string offset=1558
.Linfo_string127:
	.asciz	"HAL_FDCAN_ResetTimestampCounter" @ string offset=1588
.Linfo_string128:
	.asciz	"HAL_FDCAN_ConfigTimeoutCounter" @ string offset=1620
.Linfo_string129:
	.asciz	"HAL_FDCAN_EnableTimeoutCounter" @ string offset=1651
.Linfo_string130:
	.asciz	"HAL_FDCAN_DisableTimeoutCounter" @ string offset=1682
.Linfo_string131:
	.asciz	"HAL_FDCAN_GetTimeoutCounter"   @ string offset=1714
.Linfo_string132:
	.asciz	"HAL_FDCAN_ResetTimeoutCounter" @ string offset=1742
.Linfo_string133:
	.asciz	"HAL_FDCAN_ConfigTxDelayCompensation" @ string offset=1772
.Linfo_string134:
	.asciz	"HAL_FDCAN_EnableTxDelayCompensation" @ string offset=1808
.Linfo_string135:
	.asciz	"HAL_FDCAN_DisableTxDelayCompensation" @ string offset=1844
.Linfo_string136:
	.asciz	"HAL_FDCAN_EnableISOMode"       @ string offset=1881
.Linfo_string137:
	.asciz	"HAL_FDCAN_DisableISOMode"      @ string offset=1905
.Linfo_string138:
	.asciz	"HAL_FDCAN_EnableEdgeFiltering" @ string offset=1930
.Linfo_string139:
	.asciz	"HAL_FDCAN_DisableEdgeFiltering" @ string offset=1960
.Linfo_string140:
	.asciz	"HAL_FDCAN_Start"               @ string offset=1991
.Linfo_string141:
	.asciz	"HAL_FDCAN_AddMessageToTxFifoQ" @ string offset=2007
.Linfo_string142:
	.asciz	"FDCAN_CopyMessageToRAM"        @ string offset=2037
.Linfo_string143:
	.asciz	"HAL_FDCAN_AddMessageToTxBuffer" @ string offset=2060
.Linfo_string144:
	.asciz	"HAL_FDCAN_EnableTxBufferRequest" @ string offset=2091
.Linfo_string145:
	.asciz	"HAL_FDCAN_GetLatestTxFifoQRequestBuffer" @ string offset=2123
.Linfo_string146:
	.asciz	"HAL_FDCAN_AbortTxRequest"      @ string offset=2163
.Linfo_string147:
	.asciz	"HAL_FDCAN_GetRxMessage"        @ string offset=2188
.Linfo_string148:
	.asciz	"HAL_FDCAN_GetTxEvent"          @ string offset=2211
.Linfo_string149:
	.asciz	"HAL_FDCAN_GetHighPriorityMessageStatus" @ string offset=2232
.Linfo_string150:
	.asciz	"HAL_FDCAN_GetProtocolStatus"   @ string offset=2271
.Linfo_string151:
	.asciz	"HAL_FDCAN_GetErrorCounters"    @ string offset=2299
.Linfo_string152:
	.asciz	"HAL_FDCAN_IsRxBufferMessageAvailable" @ string offset=2326
.Linfo_string153:
	.asciz	"HAL_FDCAN_IsTxBufferMessagePending" @ string offset=2363
.Linfo_string154:
	.asciz	"HAL_FDCAN_GetRxFifoFillLevel"  @ string offset=2398
.Linfo_string155:
	.asciz	"HAL_FDCAN_GetTxFifoFreeLevel"  @ string offset=2427
.Linfo_string156:
	.asciz	"HAL_FDCAN_IsRestrictedOperationMode" @ string offset=2456
.Linfo_string157:
	.asciz	"HAL_FDCAN_ExitRestrictedOperationMode" @ string offset=2492
.Linfo_string158:
	.asciz	"HAL_FDCAN_TT_ConfigOperation"  @ string offset=2530
.Linfo_string159:
	.asciz	"HAL_FDCAN_TT_ConfigReferenceMessage" @ string offset=2559
.Linfo_string160:
	.asciz	"HAL_FDCAN_TT_ConfigTrigger"    @ string offset=2595
.Linfo_string161:
	.asciz	"HAL_FDCAN_TT_SetGlobalTime"    @ string offset=2622
.Linfo_string162:
	.asciz	"HAL_FDCAN_TT_SetClockSynchronization" @ string offset=2649
.Linfo_string163:
	.asciz	"HAL_FDCAN_TT_ConfigStopWatch"  @ string offset=2686
.Linfo_string164:
	.asciz	"HAL_FDCAN_TT_ConfigRegisterTimeMark" @ string offset=2715
.Linfo_string165:
	.asciz	"HAL_FDCAN_TT_EnableRegisterTimeMarkPulse" @ string offset=2751
.Linfo_string166:
	.asciz	"HAL_FDCAN_TT_DisableRegisterTimeMarkPulse" @ string offset=2792
.Linfo_string167:
	.asciz	"HAL_FDCAN_TT_EnableTriggerTimeMarkPulse" @ string offset=2834
.Linfo_string168:
	.asciz	"HAL_FDCAN_TT_DisableTriggerTimeMarkPulse" @ string offset=2874
.Linfo_string169:
	.asciz	"HAL_FDCAN_TT_EnableHardwareGapControl" @ string offset=2915
.Linfo_string170:
	.asciz	"HAL_FDCAN_TT_DisableHardwareGapControl" @ string offset=2953
.Linfo_string171:
	.asciz	"HAL_FDCAN_TT_EnableTimeMarkGapControl" @ string offset=2992
.Linfo_string172:
	.asciz	"HAL_FDCAN_TT_DisableTimeMarkGapControl" @ string offset=3030
.Linfo_string173:
	.asciz	"HAL_FDCAN_TT_SetNextIsGap"     @ string offset=3069
.Linfo_string174:
	.asciz	"HAL_FDCAN_TT_SetEndOfGap"      @ string offset=3095
.Linfo_string175:
	.asciz	"HAL_FDCAN_TT_ConfigExternalSyncPhase" @ string offset=3120
.Linfo_string176:
	.asciz	"HAL_FDCAN_TT_EnableExternalSynchronization" @ string offset=3157
.Linfo_string177:
	.asciz	"HAL_FDCAN_TT_DisableExternalSynchronization" @ string offset=3200
.Linfo_string178:
	.asciz	"HAL_FDCAN_TT_GetOperationStatus" @ string offset=3244
.Linfo_string179:
	.asciz	"HAL_FDCAN_ConfigInterruptLines" @ string offset=3276
.Linfo_string180:
	.asciz	"HAL_FDCAN_TT_ConfigInterruptLines" @ string offset=3307
.Linfo_string181:
	.asciz	"HAL_FDCAN_ActivateNotification" @ string offset=3341
.Linfo_string182:
	.asciz	"HAL_FDCAN_DeactivateNotification" @ string offset=3372
.Linfo_string183:
	.asciz	"HAL_FDCAN_TT_ActivateNotification" @ string offset=3405
.Linfo_string184:
	.asciz	"HAL_FDCAN_TT_DeactivateNotification" @ string offset=3439
.Linfo_string185:
	.asciz	"HAL_FDCAN_IRQHandler"          @ string offset=3475
.Linfo_string186:
	.asciz	"HAL_FDCAN_HighPriorityMessageCallback" @ string offset=3496
.Linfo_string187:
	.asciz	"HAL_FDCAN_TxBufferAbortCallback" @ string offset=3534
.Linfo_string188:
	.asciz	"HAL_FDCAN_ClockCalibrationCallback" @ string offset=3566
.Linfo_string189:
	.asciz	"HAL_FDCAN_TxEventFifoCallback" @ string offset=3601
.Linfo_string190:
	.asciz	"HAL_FDCAN_RxFifo0Callback"     @ string offset=3631
.Linfo_string191:
	.asciz	"HAL_FDCAN_RxFifo1Callback"     @ string offset=3657
.Linfo_string192:
	.asciz	"HAL_FDCAN_TxFifoEmptyCallback" @ string offset=3683
.Linfo_string193:
	.asciz	"HAL_FDCAN_TxBufferCompleteCallback" @ string offset=3713
.Linfo_string194:
	.asciz	"HAL_FDCAN_RxBufferNewMessageCallback" @ string offset=3748
.Linfo_string195:
	.asciz	"HAL_FDCAN_TimestampWraparoundCallback" @ string offset=3785
.Linfo_string196:
	.asciz	"HAL_FDCAN_TimeoutOccurredCallback" @ string offset=3823
.Linfo_string197:
	.asciz	"HAL_FDCAN_ErrorStatusCallback" @ string offset=3857
.Linfo_string198:
	.asciz	"HAL_FDCAN_TT_ScheduleSyncCallback" @ string offset=3887
.Linfo_string199:
	.asciz	"HAL_FDCAN_TT_TimeMarkCallback" @ string offset=3921
.Linfo_string200:
	.asciz	"HAL_FDCAN_TT_StopWatchCallback" @ string offset=3951
.Linfo_string201:
	.asciz	"HAL_FDCAN_TT_GlobalTimeCallback" @ string offset=3982
.Linfo_string202:
	.asciz	"HAL_FDCAN_ErrorCallback"       @ string offset=4014
.Linfo_string203:
	.asciz	"HAL_FDCAN_GetState"            @ string offset=4038
.Linfo_string204:
	.asciz	"HAL_FDCAN_StateTypeDef"        @ string offset=4057
.Linfo_string205:
	.asciz	"HAL_FDCAN_GetError"            @ string offset=4080
.Linfo_string206:
	.asciz	"hfdcan"                        @ string offset=4099
.Linfo_string207:
	.asciz	"Instance"                      @ string offset=4106
.Linfo_string208:
	.asciz	"ttcan"                         @ string offset=4115
.Linfo_string209:
	.asciz	"Init"                          @ string offset=4121
.Linfo_string210:
	.asciz	"FrameFormat"                   @ string offset=4126
.Linfo_string211:
	.asciz	"Mode"                          @ string offset=4138
.Linfo_string212:
	.asciz	"AutoRetransmission"            @ string offset=4143
.Linfo_string213:
	.asciz	"FunctionalState"               @ string offset=4162
.Linfo_string214:
	.asciz	"TransmitPause"                 @ string offset=4178
.Linfo_string215:
	.asciz	"ProtocolException"             @ string offset=4192
.Linfo_string216:
	.asciz	"NominalPrescaler"              @ string offset=4210
.Linfo_string217:
	.asciz	"NominalSyncJumpWidth"          @ string offset=4227
.Linfo_string218:
	.asciz	"NominalTimeSeg1"               @ string offset=4248
.Linfo_string219:
	.asciz	"NominalTimeSeg2"               @ string offset=4264
.Linfo_string220:
	.asciz	"DataPrescaler"                 @ string offset=4280
.Linfo_string221:
	.asciz	"DataSyncJumpWidth"             @ string offset=4294
.Linfo_string222:
	.asciz	"DataTimeSeg1"                  @ string offset=4312
.Linfo_string223:
	.asciz	"DataTimeSeg2"                  @ string offset=4325
.Linfo_string224:
	.asciz	"MessageRAMOffset"              @ string offset=4338
.Linfo_string225:
	.asciz	"StdFiltersNbr"                 @ string offset=4355
.Linfo_string226:
	.asciz	"ExtFiltersNbr"                 @ string offset=4369
.Linfo_string227:
	.asciz	"RxFifo0ElmtsNbr"               @ string offset=4383
.Linfo_string228:
	.asciz	"RxFifo0ElmtSize"               @ string offset=4399
.Linfo_string229:
	.asciz	"RxFifo1ElmtsNbr"               @ string offset=4415
.Linfo_string230:
	.asciz	"RxFifo1ElmtSize"               @ string offset=4431
.Linfo_string231:
	.asciz	"RxBuffersNbr"                  @ string offset=4447
.Linfo_string232:
	.asciz	"RxBufferSize"                  @ string offset=4460
.Linfo_string233:
	.asciz	"TxEventsNbr"                   @ string offset=4473
.Linfo_string234:
	.asciz	"TxBuffersNbr"                  @ string offset=4485
.Linfo_string235:
	.asciz	"TxFifoQueueElmtsNbr"           @ string offset=4498
.Linfo_string236:
	.asciz	"TxFifoQueueMode"               @ string offset=4518
.Linfo_string237:
	.asciz	"TxElmtSize"                    @ string offset=4534
.Linfo_string238:
	.asciz	"FDCAN_InitTypeDef"             @ string offset=4545
.Linfo_string239:
	.asciz	"msgRam"                        @ string offset=4563
.Linfo_string240:
	.asciz	"StandardFilterSA"              @ string offset=4570
.Linfo_string241:
	.asciz	"ExtendedFilterSA"              @ string offset=4587
.Linfo_string242:
	.asciz	"RxFIFO0SA"                     @ string offset=4604
.Linfo_string243:
	.asciz	"RxFIFO1SA"                     @ string offset=4614
.Linfo_string244:
	.asciz	"RxBufferSA"                    @ string offset=4624
.Linfo_string245:
	.asciz	"TxEventFIFOSA"                 @ string offset=4635
.Linfo_string246:
	.asciz	"TxBufferSA"                    @ string offset=4649
.Linfo_string247:
	.asciz	"TxFIFOQSA"                     @ string offset=4660
.Linfo_string248:
	.asciz	"TTMemorySA"                    @ string offset=4670
.Linfo_string249:
	.asciz	"EndAddress"                    @ string offset=4681
.Linfo_string250:
	.asciz	"FDCAN_MsgRamAddressTypeDef"    @ string offset=4692
.Linfo_string251:
	.asciz	"LatestTxFifoQRequest"          @ string offset=4719
.Linfo_string252:
	.asciz	"State"                         @ string offset=4740
.Linfo_string253:
	.asciz	"Lock"                          @ string offset=4746
.Linfo_string254:
	.asciz	"HAL_LockTypeDef"               @ string offset=4751
.Linfo_string255:
	.asciz	"ErrorCode"                     @ string offset=4767
.Linfo_string256:
	.asciz	"FDCAN_HandleTypeDef"           @ string offset=4777
.Linfo_string257:
	.asciz	"tickstart"                     @ string offset=4797
.Linfo_string258:
	.asciz	"status"                        @ string offset=4807
.Linfo_string259:
	.asciz	"CvtEltSize"                    @ string offset=4814
.Linfo_string260:
	.asciz	"RAMcounter"                    @ string offset=4825
.Linfo_string261:
	.asciz	"StartAddress"                  @ string offset=4836
.Linfo_string262:
	.asciz	"Counter"                       @ string offset=4849
.Linfo_string263:
	.asciz	"sCcuConfig"                    @ string offset=4857
.Linfo_string264:
	.asciz	"ClockCalibration"              @ string offset=4868
.Linfo_string265:
	.asciz	"ClockDivider"                  @ string offset=4885
.Linfo_string266:
	.asciz	"MinOscClkPeriods"              @ string offset=4898
.Linfo_string267:
	.asciz	"CalFieldLength"                @ string offset=4915
.Linfo_string268:
	.asciz	"TimeQuantaPerBitTime"          @ string offset=4930
.Linfo_string269:
	.asciz	"WatchdogStartValue"            @ string offset=4951
.Linfo_string270:
	.asciz	"FDCAN_ClkCalUnitTypeDef"       @ string offset=4970
.Linfo_string271:
	.asciz	"sFilterConfig"                 @ string offset=4994
.Linfo_string272:
	.asciz	"IdType"                        @ string offset=5008
.Linfo_string273:
	.asciz	"FilterIndex"                   @ string offset=5015
.Linfo_string274:
	.asciz	"FilterType"                    @ string offset=5027
.Linfo_string275:
	.asciz	"FilterConfig"                  @ string offset=5038
.Linfo_string276:
	.asciz	"FilterID1"                     @ string offset=5051
.Linfo_string277:
	.asciz	"FilterID2"                     @ string offset=5061
.Linfo_string278:
	.asciz	"RxBufferIndex"                 @ string offset=5071
.Linfo_string279:
	.asciz	"IsCalibrationMsg"              @ string offset=5085
.Linfo_string280:
	.asciz	"FDCAN_FilterTypeDef"           @ string offset=5102
.Linfo_string281:
	.asciz	"FilterElementW1"               @ string offset=5122
.Linfo_string282:
	.asciz	"FilterElementW2"               @ string offset=5138
.Linfo_string283:
	.asciz	"FilterAddress"                 @ string offset=5154
.Linfo_string284:
	.asciz	"state"                         @ string offset=5168
.Linfo_string285:
	.asciz	"NonMatchingStd"                @ string offset=5174
.Linfo_string286:
	.asciz	"NonMatchingExt"                @ string offset=5189
.Linfo_string287:
	.asciz	"RejectRemoteStd"               @ string offset=5204
.Linfo_string288:
	.asciz	"RejectRemoteExt"               @ string offset=5220
.Linfo_string289:
	.asciz	"Mask"                          @ string offset=5236
.Linfo_string290:
	.asciz	"RxFifo"                        @ string offset=5241
.Linfo_string291:
	.asciz	"OperationMode"                 @ string offset=5248
.Linfo_string292:
	.asciz	"FIFO"                          @ string offset=5262
.Linfo_string293:
	.asciz	"Watermark"                     @ string offset=5267
.Linfo_string294:
	.asciz	"CounterStartValue"             @ string offset=5277
.Linfo_string295:
	.asciz	"TimestampPrescaler"            @ string offset=5295
.Linfo_string296:
	.asciz	"TimestampOperation"            @ string offset=5314
.Linfo_string297:
	.asciz	"TimeoutOperation"              @ string offset=5333
.Linfo_string298:
	.asciz	"TimeoutPeriod"                 @ string offset=5350
.Linfo_string299:
	.asciz	"TdcOffset"                     @ string offset=5364
.Linfo_string300:
	.asciz	"TdcFilter"                     @ string offset=5374
.Linfo_string301:
	.asciz	"pTxHeader"                     @ string offset=5384
.Linfo_string302:
	.asciz	"Identifier"                    @ string offset=5394
.Linfo_string303:
	.asciz	"TxFrameType"                   @ string offset=5405
.Linfo_string304:
	.asciz	"DataLength"                    @ string offset=5417
.Linfo_string305:
	.asciz	"ErrorStateIndicator"           @ string offset=5428
.Linfo_string306:
	.asciz	"BitRateSwitch"                 @ string offset=5448
.Linfo_string307:
	.asciz	"FDFormat"                      @ string offset=5462
.Linfo_string308:
	.asciz	"TxEventFifoControl"            @ string offset=5471
.Linfo_string309:
	.asciz	"MessageMarker"                 @ string offset=5490
.Linfo_string310:
	.asciz	"FDCAN_TxHeaderTypeDef"         @ string offset=5504
.Linfo_string311:
	.asciz	"pTxData"                       @ string offset=5526
.Linfo_string312:
	.asciz	"PutIndex"                      @ string offset=5534
.Linfo_string313:
	.asciz	"BufferIndex"                   @ string offset=5543
.Linfo_string314:
	.asciz	"TxElementW1"                   @ string offset=5555
.Linfo_string315:
	.asciz	"TxElementW2"                   @ string offset=5567
.Linfo_string316:
	.asciz	"TxAddress"                     @ string offset=5579
.Linfo_string317:
	.asciz	"ByteCounter"                   @ string offset=5589
.Linfo_string318:
	.asciz	"RxLocation"                    @ string offset=5601
.Linfo_string319:
	.asciz	"pRxHeader"                     @ string offset=5612
.Linfo_string320:
	.asciz	"RxFrameType"                   @ string offset=5622
.Linfo_string321:
	.asciz	"RxTimestamp"                   @ string offset=5634
.Linfo_string322:
	.asciz	"IsFilterMatchingFrame"         @ string offset=5646
.Linfo_string323:
	.asciz	"FDCAN_RxHeaderTypeDef"         @ string offset=5668
.Linfo_string324:
	.asciz	"pRxData"                       @ string offset=5690
.Linfo_string325:
	.asciz	"RxAddress"                     @ string offset=5698
.Linfo_string326:
	.asciz	"pData"                         @ string offset=5708
.Linfo_string327:
	.asciz	"GetIndex"                      @ string offset=5714
.Linfo_string328:
	.asciz	"pTxEvent"                      @ string offset=5723
.Linfo_string329:
	.asciz	"TxTimestamp"                   @ string offset=5732
.Linfo_string330:
	.asciz	"EventType"                     @ string offset=5744
.Linfo_string331:
	.asciz	"FDCAN_TxEventFifoTypeDef"      @ string offset=5754
.Linfo_string332:
	.asciz	"TxEventAddress"                @ string offset=5779
.Linfo_string333:
	.asciz	"HpMsgStatus"                   @ string offset=5794
.Linfo_string334:
	.asciz	"FilterList"                    @ string offset=5806
.Linfo_string335:
	.asciz	"MessageStorage"                @ string offset=5817
.Linfo_string336:
	.asciz	"MessageIndex"                  @ string offset=5832
.Linfo_string337:
	.asciz	"FDCAN_HpMsgStatusTypeDef"      @ string offset=5845
.Linfo_string338:
	.asciz	"ProtocolStatus"                @ string offset=5870
.Linfo_string339:
	.asciz	"LastErrorCode"                 @ string offset=5885
.Linfo_string340:
	.asciz	"DataLastErrorCode"             @ string offset=5899
.Linfo_string341:
	.asciz	"Activity"                      @ string offset=5917
.Linfo_string342:
	.asciz	"ErrorPassive"                  @ string offset=5926
.Linfo_string343:
	.asciz	"Warning"                       @ string offset=5939
.Linfo_string344:
	.asciz	"BusOff"                        @ string offset=5947
.Linfo_string345:
	.asciz	"RxESIflag"                     @ string offset=5954
.Linfo_string346:
	.asciz	"RxBRSflag"                     @ string offset=5964
.Linfo_string347:
	.asciz	"RxFDFflag"                     @ string offset=5974
.Linfo_string348:
	.asciz	"TDCvalue"                      @ string offset=5984
.Linfo_string349:
	.asciz	"FDCAN_ProtocolStatusTypeDef"   @ string offset=5993
.Linfo_string350:
	.asciz	"StatusReg"                     @ string offset=6021
.Linfo_string351:
	.asciz	"ErrorCounters"                 @ string offset=6031
.Linfo_string352:
	.asciz	"TxErrorCnt"                    @ string offset=6045
.Linfo_string353:
	.asciz	"RxErrorCnt"                    @ string offset=6056
.Linfo_string354:
	.asciz	"RxErrorPassive"                @ string offset=6067
.Linfo_string355:
	.asciz	"ErrorLogging"                  @ string offset=6082
.Linfo_string356:
	.asciz	"FDCAN_ErrorCountersTypeDef"    @ string offset=6095
.Linfo_string357:
	.asciz	"CountersReg"                   @ string offset=6122
.Linfo_string358:
	.asciz	"NewData1"                      @ string offset=6134
.Linfo_string359:
	.asciz	"NewData2"                      @ string offset=6143
.Linfo_string360:
	.asciz	"TxBufferIndex"                 @ string offset=6152
.Linfo_string361:
	.asciz	"FillLevel"                     @ string offset=6166
.Linfo_string362:
	.asciz	"FreeLevel"                     @ string offset=6176
.Linfo_string363:
	.asciz	"pTTParams"                     @ string offset=6186
.Linfo_string364:
	.asciz	"GapEnable"                     @ string offset=6196
.Linfo_string365:
	.asciz	"TimeMaster"                    @ string offset=6206
.Linfo_string366:
	.asciz	"SyncDevLimit"                  @ string offset=6217
.Linfo_string367:
	.asciz	"InitRefTrigOffset"             @ string offset=6230
.Linfo_string368:
	.asciz	"ExternalClkSync"               @ string offset=6248
.Linfo_string369:
	.asciz	"AppWdgLimit"                   @ string offset=6264
.Linfo_string370:
	.asciz	"GlobalTimeFilter"              @ string offset=6276
.Linfo_string371:
	.asciz	"EvtTrigPolarity"               @ string offset=6293
.Linfo_string372:
	.asciz	"BasicCyclesNbr"                @ string offset=6309
.Linfo_string373:
	.asciz	"CycleStartSync"                @ string offset=6324
.Linfo_string374:
	.asciz	"TxEnableWindow"                @ string offset=6339
.Linfo_string375:
	.asciz	"ExpTxTrigNbr"                  @ string offset=6354
.Linfo_string376:
	.asciz	"TURNumerator"                  @ string offset=6367
.Linfo_string377:
	.asciz	"TURDenominator"                @ string offset=6380
.Linfo_string378:
	.asciz	"TriggerMemoryNbr"              @ string offset=6395
.Linfo_string379:
	.asciz	"StopWatchTrigSel"              @ string offset=6412
.Linfo_string380:
	.asciz	"EventTrigSel"                  @ string offset=6429
.Linfo_string381:
	.asciz	"FDCAN_TT_ConfigTypeDef"        @ string offset=6442
.Linfo_string382:
	.asciz	"Payload"                       @ string offset=6465
.Linfo_string383:
	.asciz	"sTriggerConfig"                @ string offset=6473
.Linfo_string384:
	.asciz	"TriggerIndex"                  @ string offset=6488
.Linfo_string385:
	.asciz	"TimeMark"                      @ string offset=6501
.Linfo_string386:
	.asciz	"RepeatFactor"                  @ string offset=6510
.Linfo_string387:
	.asciz	"StartCycle"                    @ string offset=6523
.Linfo_string388:
	.asciz	"TmEventInt"                    @ string offset=6534
.Linfo_string389:
	.asciz	"TmEventExt"                    @ string offset=6545
.Linfo_string390:
	.asciz	"TriggerType"                   @ string offset=6556
.Linfo_string391:
	.asciz	"FDCAN_TriggerTypeDef"          @ string offset=6568
.Linfo_string392:
	.asciz	"CycleCode"                     @ string offset=6589
.Linfo_string393:
	.asciz	"MessageNumber"                 @ string offset=6599
.Linfo_string394:
	.asciz	"TriggerElementW1"              @ string offset=6613
.Linfo_string395:
	.asciz	"TriggerElementW2"              @ string offset=6630
.Linfo_string396:
	.asciz	"TriggerAddress"                @ string offset=6647
.Linfo_string397:
	.asciz	"TimePreset"                    @ string offset=6662
.Linfo_string398:
	.asciz	"NewTURNumerator"               @ string offset=6673
.Linfo_string399:
	.asciz	"Source"                        @ string offset=6689
.Linfo_string400:
	.asciz	"Polarity"                      @ string offset=6696
.Linfo_string401:
	.asciz	"TimeMarkSource"                @ string offset=6705
.Linfo_string402:
	.asciz	"TimeMarkValue"                 @ string offset=6720
.Linfo_string403:
	.asciz	"TargetPhase"                   @ string offset=6734
.Linfo_string404:
	.asciz	"TTOpStatus"                    @ string offset=6746
.Linfo_string405:
	.asciz	"ErrorLevel"                    @ string offset=6757
.Linfo_string406:
	.asciz	"MasterState"                   @ string offset=6768
.Linfo_string407:
	.asciz	"SyncState"                     @ string offset=6780
.Linfo_string408:
	.asciz	"GTimeQuality"                  @ string offset=6790
.Linfo_string409:
	.asciz	"ClockQuality"                  @ string offset=6803
.Linfo_string410:
	.asciz	"RefTrigOffset"                 @ string offset=6816
.Linfo_string411:
	.asciz	"GTimeDiscPending"              @ string offset=6830
.Linfo_string412:
	.asciz	"GapFinished"                   @ string offset=6847
.Linfo_string413:
	.asciz	"MasterPriority"                @ string offset=6859
.Linfo_string414:
	.asciz	"GapStarted"                    @ string offset=6874
.Linfo_string415:
	.asciz	"WaitForEvt"                    @ string offset=6885
.Linfo_string416:
	.asciz	"AppWdgEvt"                     @ string offset=6896
.Linfo_string417:
	.asciz	"ECSPending"                    @ string offset=6906
.Linfo_string418:
	.asciz	"PhaseLock"                     @ string offset=6917
.Linfo_string419:
	.asciz	"FDCAN_TTOperationStatusTypeDef" @ string offset=6927
.Linfo_string420:
	.asciz	"TTStatusReg"                   @ string offset=6958
.Linfo_string421:
	.asciz	"ITList"                        @ string offset=6970
.Linfo_string422:
	.asciz	"InterruptLine"                 @ string offset=6977
.Linfo_string423:
	.asciz	"TTITList"                      @ string offset=6991
.Linfo_string424:
	.asciz	"ActiveITs"                     @ string offset=7000
.Linfo_string425:
	.asciz	"BufferIndexes"                 @ string offset=7010
.Linfo_string426:
	.asciz	"InactiveITs"                   @ string offset=7024
.Linfo_string427:
	.asciz	"ITLineSelection"               @ string offset=7036
.Linfo_string428:
	.asciz	"ActiveTTITs"                   @ string offset=7052
.Linfo_string429:
	.asciz	"InactiveTTITs"                 @ string offset=7064
.Linfo_string430:
	.asciz	"ClkCalibrationITs"             @ string offset=7078
.Linfo_string431:
	.asciz	"TxEventFifoITs"                @ string offset=7096
.Linfo_string432:
	.asciz	"RxFifo0ITs"                    @ string offset=7111
.Linfo_string433:
	.asciz	"RxFifo1ITs"                    @ string offset=7122
.Linfo_string434:
	.asciz	"Errors"                        @ string offset=7133
.Linfo_string435:
	.asciz	"ErrorStatusITs"                @ string offset=7140
.Linfo_string436:
	.asciz	"TransmittedBuffers"            @ string offset=7155
.Linfo_string437:
	.asciz	"AbortedBuffers"                @ string offset=7174
.Linfo_string438:
	.asciz	"TTSchedSyncITs"                @ string offset=7189
.Linfo_string439:
	.asciz	"TTTimeMarkITs"                 @ string offset=7204
.Linfo_string440:
	.asciz	"TTGlobTimeITs"                 @ string offset=7218
.Linfo_string441:
	.asciz	"TTDistErrors"                  @ string offset=7232
.Linfo_string442:
	.asciz	"TTFatalErrors"                 @ string offset=7245
.Linfo_string443:
	.asciz	"SWTime"                        @ string offset=7259
.Linfo_string444:
	.asciz	"SWCycleCount"                  @ string offset=7266
.Linfo_string445:
	.asciz	"itsourceIE"                    @ string offset=7279
.Linfo_string446:
	.asciz	"itsourceTTIE"                  @ string offset=7290
.Linfo_string447:
	.asciz	"itflagIR"                      @ string offset=7303
.Linfo_string448:
	.asciz	"itflagTTIR"                    @ string offset=7312
	.ident	"Component: Arm Compiler for Embedded 6.24 Tool: armclang [5f371800]"
	.section	".note.GNU-stack","",%progbits
	.eabi_attribute	30, 6	@ Tag_ABI_optimization_goals
	.ARM_attribute	16, 1	@ Tag_AV_eba
	.section	.debug_line,"",%progbits
.Lline_table_start0:
