	.text
	.syntax unified
	.eabi_attribute	67, "2.09"	@ Tag_conformance
	.cpu	cortex-m7
	.eabi_attribute	6, 13	@ Tag_CPU_arch
	.eabi_attribute	7, 77	@ Tag_CPU_arch_profile
	.eabi_attribute	8, 0	@ Tag_ARM_ISA_use
	.eabi_attribute	9, 2	@ Tag_THUMB_ISA_use
	.fpu	fpv5-d16
	.eabi_attribute	36, 1	@ Tag_FP_HP_extension
	.eabi_attribute	34, 1	@ Tag_CPU_unaligned_access
	.eabi_attribute	17, 1	@ Tag_ABI_PCS_GOT_use
	.eabi_attribute	20, 2	@ Tag_ABI_FP_denormal
	.eabi_attribute	21, 0	@ Tag_ABI_FP_exceptions
	.eabi_attribute	23, 1	@ Tag_ABI_FP_number_model
	.eabi_attribute	24, 1	@ Tag_ABI_align_needed
	.eabi_attribute	25, 1	@ Tag_ABI_align_preserved
	.eabi_attribute	28, 1	@ Tag_ABI_VFP_args
	.eabi_attribute	38, 1	@ Tag_ABI_FP_16bit_format
	.eabi_attribute	18, 2	@ Tag_ABI_PCS_wchar_t
	.eabi_attribute	26, 1	@ Tag_ABI_enum_size
	.eabi_attribute	14, 0	@ Tag_ABI_PCS_R9_use
	.file	"stm32h7xx_hal_flash_ex.c"
	.file	1 "D:\\RM_projects\\h7_final_4\\MDK-ARM" "../Drivers/STM32H7xx_HAL_Driver/Inc\\stm32h7xx_hal_def.h"
	.file	2 "D:\\RM_projects\\h7_final_4\\MDK-ARM" "../Drivers/STM32H7xx_HAL_Driver/Inc\\stm32h7xx_hal_flash.h"
	.file	3 "D:\\keil_1\\keil\\ARM\\ARMCLANG\\bin\\..\\include" "stdint.h"
	.file	4 "D:\\RM_projects\\h7_final_4\\MDK-ARM" "../Drivers/CMSIS/Device/ST/STM32H7xx/Include\\stm32h723xx.h"
	.section	.text.HAL_FLASHEx_Erase,"ax",%progbits
	.hidden	HAL_FLASHEx_Erase               @ -- Begin function HAL_FLASHEx_Erase
	.globl	HAL_FLASHEx_Erase
	.p2align	3
	.type	HAL_FLASHEx_Erase,%function
	.code	16                              @ @HAL_FLASHEx_Erase
	.thumb_func
HAL_FLASHEx_Erase:
.Lfunc_begin0:
	.file	5 "D:\\RM_projects\\h7_final_4\\MDK-ARM" "../Drivers/STM32H7xx_HAL_Driver/Src/stm32h7xx_hal_flash_ex.c"
	.loc	5 193 0                         @ ../Drivers/STM32H7xx_HAL_Driver/Src/stm32h7xx_hal_flash_ex.c:193:0
	.fnstart
	.cfi_sections .debug_frame
	.cfi_startproc
@ %bb.0:
	.save	{r7, lr}
	push	{r7, lr}
	.cfi_def_cfa_offset 8
	.cfi_offset lr, -4
	.cfi_offset r7, -8
	.pad	#24
	sub	sp, #24
	.cfi_def_cfa_offset 32
	str	r0, [sp, #16]
	str	r1, [sp, #12]
	movs	r0, #0
.Ltmp0:
	.loc	5 194 21 prologue_end           @ ../Drivers/STM32H7xx_HAL_Driver/Src/stm32h7xx_hal_flash_ex.c:194:21
	strb.w	r0, [sp, #11]
	.loc	5 202 3                         @ ../Drivers/STM32H7xx_HAL_Driver/Src/stm32h7xx_hal_flash_ex.c:202:3
	b	.LBB0_1
.LBB0_1:
.Ltmp1:
	.loc	5 202 3 is_stmt 0               @ ../Drivers/STM32H7xx_HAL_Driver/Src/stm32h7xx_hal_flash_ex.c:202:3
	movw	r0, :lower16:pFlash
	movt	r0, :upper16:pFlash
	ldrb	r0, [r0, #20]
.Ltmp2:
	.loc	5 202 3                         @ ../Drivers/STM32H7xx_HAL_Driver/Src/stm32h7xx_hal_flash_ex.c:202:3
	cmp	r0, #1
	bne	.LBB0_3
	b	.LBB0_2
.LBB0_2:
	.loc	5 0 3                           @ ../Drivers/STM32H7xx_HAL_Driver/Src/stm32h7xx_hal_flash_ex.c:0:3
	movs	r0, #2
.Ltmp3:
	.loc	5 202 3                         @ ../Drivers/STM32H7xx_HAL_Driver/Src/stm32h7xx_hal_flash_ex.c:202:3
	strb.w	r0, [sp, #23]
	b	.LBB0_29
.Ltmp4:
.LBB0_3:
	.loc	5 202 3                         @ ../Drivers/STM32H7xx_HAL_Driver/Src/stm32h7xx_hal_flash_ex.c:202:3
	movw	r1, :lower16:pFlash
	movt	r1, :upper16:pFlash
	movs	r0, #1
	strb	r0, [r1, #20]
	b	.LBB0_4
.Ltmp5:
.LBB0_4:
	.loc	5 202 3                         @ ../Drivers/STM32H7xx_HAL_Driver/Src/stm32h7xx_hal_flash_ex.c:202:3
	b	.LBB0_5
.Ltmp6:
.LBB0_5:
	.loc	5 205 20 is_stmt 1              @ ../Drivers/STM32H7xx_HAL_Driver/Src/stm32h7xx_hal_flash_ex.c:205:20
	movw	r1, :lower16:pFlash
	movt	r1, :upper16:pFlash
	movs	r0, #0
	str	r0, [r1, #24]
.Ltmp7:
	.loc	5 208 7                         @ ../Drivers/STM32H7xx_HAL_Driver/Src/stm32h7xx_hal_flash_ex.c:208:7
	ldr	r0, [sp, #16]
.Ltmp8:
	.loc	5 208 6 is_stmt 0               @ ../Drivers/STM32H7xx_HAL_Driver/Src/stm32h7xx_hal_flash_ex.c:208:6
	ldrb	r0, [r0, #4]
	lsls	r0, r0, #31
	cbz	r0, .LBB0_9
	b	.LBB0_6
.LBB0_6:
	.loc	5 0 6                           @ ../Drivers/STM32H7xx_HAL_Driver/Src/stm32h7xx_hal_flash_ex.c:0:6
	movw	r0, #50000
	movs	r1, #1
.Ltmp9:
	.loc	5 210 8 is_stmt 1               @ ../Drivers/STM32H7xx_HAL_Driver/Src/stm32h7xx_hal_flash_ex.c:210:8
	bl	FLASH_WaitForLastOperation
.Ltmp10:
	.loc	5 210 8 is_stmt 0               @ ../Drivers/STM32H7xx_HAL_Driver/Src/stm32h7xx_hal_flash_ex.c:210:8
	cbz	r0, .LBB0_8
	b	.LBB0_7
.LBB0_7:
	.loc	5 0 8                           @ ../Drivers/STM32H7xx_HAL_Driver/Src/stm32h7xx_hal_flash_ex.c:0:8
	movs	r0, #1
.Ltmp11:
	.loc	5 212 14 is_stmt 1              @ ../Drivers/STM32H7xx_HAL_Driver/Src/stm32h7xx_hal_flash_ex.c:212:14
	strb.w	r0, [sp, #11]
	.loc	5 213 5                         @ ../Drivers/STM32H7xx_HAL_Driver/Src/stm32h7xx_hal_flash_ex.c:213:5
	b	.LBB0_8
.Ltmp12:
.LBB0_8:
	.loc	5 214 3                         @ ../Drivers/STM32H7xx_HAL_Driver/Src/stm32h7xx_hal_flash_ex.c:214:3
	b	.LBB0_9
.Ltmp13:
.LBB0_9:
	.loc	5 227 6                         @ ../Drivers/STM32H7xx_HAL_Driver/Src/stm32h7xx_hal_flash_ex.c:227:6
	ldrb.w	r0, [sp, #11]
.Ltmp14:
	.loc	5 227 6 is_stmt 0               @ ../Drivers/STM32H7xx_HAL_Driver/Src/stm32h7xx_hal_flash_ex.c:227:6
	cmp	r0, #0
	bne	.LBB0_26
	b	.LBB0_10
.LBB0_10:
.Ltmp15:
	.loc	5 229 8 is_stmt 1               @ ../Drivers/STM32H7xx_HAL_Driver/Src/stm32h7xx_hal_flash_ex.c:229:8
	ldr	r0, [sp, #16]
	.loc	5 229 20 is_stmt 0              @ ../Drivers/STM32H7xx_HAL_Driver/Src/stm32h7xx_hal_flash_ex.c:229:20
	ldr	r0, [r0]
.Ltmp16:
	.loc	5 229 8                         @ ../Drivers/STM32H7xx_HAL_Driver/Src/stm32h7xx_hal_flash_ex.c:229:8
	cmp	r0, #1
	bne	.LBB0_16
	b	.LBB0_11
.LBB0_11:
.Ltmp17:
	.loc	5 232 23 is_stmt 1              @ ../Drivers/STM32H7xx_HAL_Driver/Src/stm32h7xx_hal_flash_ex.c:232:23
	ldr	r0, [sp, #16]
	.loc	5 232 61 is_stmt 0              @ ../Drivers/STM32H7xx_HAL_Driver/Src/stm32h7xx_hal_flash_ex.c:232:61
	ldr	r1, [r0, #4]
	.loc	5 232 35                        @ ../Drivers/STM32H7xx_HAL_Driver/Src/stm32h7xx_hal_flash_ex.c:232:35
	ldr	r0, [r0, #16]
	.loc	5 232 7                         @ ../Drivers/STM32H7xx_HAL_Driver/Src/stm32h7xx_hal_flash_ex.c:232:7
	bl	FLASH_MassErase
.Ltmp18:
	.loc	5 235 11 is_stmt 1              @ ../Drivers/STM32H7xx_HAL_Driver/Src/stm32h7xx_hal_flash_ex.c:235:11
	ldr	r0, [sp, #16]
.Ltmp19:
	.loc	5 235 10 is_stmt 0              @ ../Drivers/STM32H7xx_HAL_Driver/Src/stm32h7xx_hal_flash_ex.c:235:10
	ldrb	r0, [r0, #4]
	lsls	r0, r0, #31
	cbz	r0, .LBB0_15
	b	.LBB0_12
.LBB0_12:
	.loc	5 0 10                          @ ../Drivers/STM32H7xx_HAL_Driver/Src/stm32h7xx_hal_flash_ex.c:0:10
	movw	r0, #50000
	movs	r1, #1
.Ltmp20:
	.loc	5 237 12 is_stmt 1              @ ../Drivers/STM32H7xx_HAL_Driver/Src/stm32h7xx_hal_flash_ex.c:237:12
	bl	FLASH_WaitForLastOperation
.Ltmp21:
	.loc	5 237 12 is_stmt 0              @ ../Drivers/STM32H7xx_HAL_Driver/Src/stm32h7xx_hal_flash_ex.c:237:12
	cbz	r0, .LBB0_14
	b	.LBB0_13
.LBB0_13:
	.loc	5 0 12                          @ ../Drivers/STM32H7xx_HAL_Driver/Src/stm32h7xx_hal_flash_ex.c:0:12
	movs	r0, #1
.Ltmp22:
	.loc	5 239 18 is_stmt 1              @ ../Drivers/STM32H7xx_HAL_Driver/Src/stm32h7xx_hal_flash_ex.c:239:18
	strb.w	r0, [sp, #11]
	.loc	5 240 9                         @ ../Drivers/STM32H7xx_HAL_Driver/Src/stm32h7xx_hal_flash_ex.c:240:9
	b	.LBB0_14
.Ltmp23:
.LBB0_14:
	.loc	5 0 9 is_stmt 0                 @ ../Drivers/STM32H7xx_HAL_Driver/Src/stm32h7xx_hal_flash_ex.c:0:9
	movw	r1, #8204
	movt	r1, #20992
	.loc	5 242 20 is_stmt 1              @ ../Drivers/STM32H7xx_HAL_Driver/Src/stm32h7xx_hal_flash_ex.c:242:20
	ldr	r0, [r1]
	bic	r0, r0, #8
	str	r0, [r1]
	.loc	5 243 7                         @ ../Drivers/STM32H7xx_HAL_Driver/Src/stm32h7xx_hal_flash_ex.c:243:7
	b	.LBB0_15
.Ltmp24:
.LBB0_15:
	.loc	5 256 5                         @ ../Drivers/STM32H7xx_HAL_Driver/Src/stm32h7xx_hal_flash_ex.c:256:5
	b	.LBB0_25
.Ltmp25:
.LBB0_16:
	.loc	5 260 8                         @ ../Drivers/STM32H7xx_HAL_Driver/Src/stm32h7xx_hal_flash_ex.c:260:8
	ldr	r1, [sp, #12]
	mov.w	r0, #-1
	.loc	5 260 20 is_stmt 0              @ ../Drivers/STM32H7xx_HAL_Driver/Src/stm32h7xx_hal_flash_ex.c:260:20
	str	r0, [r1]
.Ltmp26:
	.loc	5 263 26 is_stmt 1              @ ../Drivers/STM32H7xx_HAL_Driver/Src/stm32h7xx_hal_flash_ex.c:263:26
	ldr	r0, [sp, #16]
	.loc	5 263 38 is_stmt 0              @ ../Drivers/STM32H7xx_HAL_Driver/Src/stm32h7xx_hal_flash_ex.c:263:38
	ldr	r0, [r0, #8]
	.loc	5 263 24                        @ ../Drivers/STM32H7xx_HAL_Driver/Src/stm32h7xx_hal_flash_ex.c:263:24
	str	r0, [sp, #4]
	.loc	5 263 11                        @ ../Drivers/STM32H7xx_HAL_Driver/Src/stm32h7xx_hal_flash_ex.c:263:11
	b	.LBB0_17
.LBB0_17:                               @ =>This Inner Loop Header: Depth=1
.Ltmp27:
	.loc	5 263 46                        @ ../Drivers/STM32H7xx_HAL_Driver/Src/stm32h7xx_hal_flash_ex.c:263:46
	ldr	r0, [sp, #4]
	.loc	5 263 62                        @ ../Drivers/STM32H7xx_HAL_Driver/Src/stm32h7xx_hal_flash_ex.c:263:62
	ldr	r1, [sp, #16]
	.loc	5 263 98                        @ ../Drivers/STM32H7xx_HAL_Driver/Src/stm32h7xx_hal_flash_ex.c:263:98
	ldr	r2, [r1, #8]
	.loc	5 263 74                        @ ../Drivers/STM32H7xx_HAL_Driver/Src/stm32h7xx_hal_flash_ex.c:263:74
	ldr	r1, [r1, #12]
	.loc	5 263 84                        @ ../Drivers/STM32H7xx_HAL_Driver/Src/stm32h7xx_hal_flash_ex.c:263:84
	add	r1, r2
.Ltmp28:
	.loc	5 263 7                         @ ../Drivers/STM32H7xx_HAL_Driver/Src/stm32h7xx_hal_flash_ex.c:263:7
	cmp	r0, r1
	bhs	.LBB0_24
	b	.LBB0_18
.LBB0_18:                               @   in Loop: Header=BB0_17 Depth=1
.Ltmp29:
	.loc	5 265 28 is_stmt 1              @ ../Drivers/STM32H7xx_HAL_Driver/Src/stm32h7xx_hal_flash_ex.c:265:28
	ldr	r0, [sp, #4]
	.loc	5 265 42 is_stmt 0              @ ../Drivers/STM32H7xx_HAL_Driver/Src/stm32h7xx_hal_flash_ex.c:265:42
	ldr	r2, [sp, #16]
	.loc	5 265 54                        @ ../Drivers/STM32H7xx_HAL_Driver/Src/stm32h7xx_hal_flash_ex.c:265:54
	ldr	r1, [r2, #4]
	.loc	5 265 73                        @ ../Drivers/STM32H7xx_HAL_Driver/Src/stm32h7xx_hal_flash_ex.c:265:73
	ldr	r2, [r2, #16]
	.loc	5 265 9                         @ ../Drivers/STM32H7xx_HAL_Driver/Src/stm32h7xx_hal_flash_ex.c:265:9
	bl	FLASH_Erase_Sector
.Ltmp30:
	.loc	5 267 13 is_stmt 1              @ ../Drivers/STM32H7xx_HAL_Driver/Src/stm32h7xx_hal_flash_ex.c:267:13
	ldr	r0, [sp, #16]
.Ltmp31:
	.loc	5 267 12 is_stmt 0              @ ../Drivers/STM32H7xx_HAL_Driver/Src/stm32h7xx_hal_flash_ex.c:267:12
	ldrb	r0, [r0, #4]
	lsls	r0, r0, #31
	cbz	r0, .LBB0_20
	b	.LBB0_19
.LBB0_19:                               @   in Loop: Header=BB0_17 Depth=1
	.loc	5 0 12                          @ ../Drivers/STM32H7xx_HAL_Driver/Src/stm32h7xx_hal_flash_ex.c:0:12
	movw	r0, #50000
	movs	r1, #1
.Ltmp32:
	.loc	5 270 20 is_stmt 1              @ ../Drivers/STM32H7xx_HAL_Driver/Src/stm32h7xx_hal_flash_ex.c:270:20
	bl	FLASH_WaitForLastOperation
	.loc	5 270 18 is_stmt 0              @ ../Drivers/STM32H7xx_HAL_Driver/Src/stm32h7xx_hal_flash_ex.c:270:18
	strb.w	r0, [sp, #11]
	movw	r1, #8204
	movt	r1, #20992
	.loc	5 273 22 is_stmt 1              @ ../Drivers/STM32H7xx_HAL_Driver/Src/stm32h7xx_hal_flash_ex.c:273:22
	ldr	r0, [r1]
	movw	r2, #1796
	bics	r0, r2
	str	r0, [r1]
	.loc	5 274 9                         @ ../Drivers/STM32H7xx_HAL_Driver/Src/stm32h7xx_hal_flash_ex.c:274:9
	b	.LBB0_20
.Ltmp33:
.LBB0_20:                               @   in Loop: Header=BB0_17 Depth=1
	.loc	5 286 12                        @ ../Drivers/STM32H7xx_HAL_Driver/Src/stm32h7xx_hal_flash_ex.c:286:12
	ldrb.w	r0, [sp, #11]
.Ltmp34:
	.loc	5 286 12 is_stmt 0              @ ../Drivers/STM32H7xx_HAL_Driver/Src/stm32h7xx_hal_flash_ex.c:286:12
	cbz	r0, .LBB0_22
	b	.LBB0_21
.LBB0_21:
.Ltmp35:
	.loc	5 289 26 is_stmt 1              @ ../Drivers/STM32H7xx_HAL_Driver/Src/stm32h7xx_hal_flash_ex.c:289:26
	ldr	r0, [sp, #4]
	.loc	5 289 12 is_stmt 0              @ ../Drivers/STM32H7xx_HAL_Driver/Src/stm32h7xx_hal_flash_ex.c:289:12
	ldr	r1, [sp, #12]
	.loc	5 289 24                        @ ../Drivers/STM32H7xx_HAL_Driver/Src/stm32h7xx_hal_flash_ex.c:289:24
	str	r0, [r1]
	.loc	5 290 11 is_stmt 1              @ ../Drivers/STM32H7xx_HAL_Driver/Src/stm32h7xx_hal_flash_ex.c:290:11
	b	.LBB0_24
.Ltmp36:
.LBB0_22:                               @   in Loop: Header=BB0_17 Depth=1
	.loc	5 292 7                         @ ../Drivers/STM32H7xx_HAL_Driver/Src/stm32h7xx_hal_flash_ex.c:292:7
	b	.LBB0_23
.Ltmp37:
.LBB0_23:                               @   in Loop: Header=BB0_17 Depth=1
	.loc	5 263 119                       @ ../Drivers/STM32H7xx_HAL_Driver/Src/stm32h7xx_hal_flash_ex.c:263:119
	ldr	r0, [sp, #4]
	adds	r0, #1
	str	r0, [sp, #4]
	.loc	5 263 7 is_stmt 0               @ ../Drivers/STM32H7xx_HAL_Driver/Src/stm32h7xx_hal_flash_ex.c:263:7
	b	.LBB0_17
.Ltmp38:
.LBB0_24:
	.loc	5 0 7                           @ ../Drivers/STM32H7xx_HAL_Driver/Src/stm32h7xx_hal_flash_ex.c:0:7
	b	.LBB0_25
.LBB0_25:
	.loc	5 294 3 is_stmt 1               @ ../Drivers/STM32H7xx_HAL_Driver/Src/stm32h7xx_hal_flash_ex.c:294:3
	b	.LBB0_26
.Ltmp39:
.LBB0_26:
	.loc	5 297 3                         @ ../Drivers/STM32H7xx_HAL_Driver/Src/stm32h7xx_hal_flash_ex.c:297:3
	b	.LBB0_27
.LBB0_27:
.Ltmp40:
	.loc	5 297 3 is_stmt 0               @ ../Drivers/STM32H7xx_HAL_Driver/Src/stm32h7xx_hal_flash_ex.c:297:3
	movw	r1, :lower16:pFlash
	movt	r1, :upper16:pFlash
	movs	r0, #0
	strb	r0, [r1, #20]
	b	.LBB0_28
.Ltmp41:
.LBB0_28:
	.loc	5 299 10 is_stmt 1              @ ../Drivers/STM32H7xx_HAL_Driver/Src/stm32h7xx_hal_flash_ex.c:299:10
	ldrb.w	r0, [sp, #11]
	.loc	5 299 3 is_stmt 0               @ ../Drivers/STM32H7xx_HAL_Driver/Src/stm32h7xx_hal_flash_ex.c:299:3
	strb.w	r0, [sp, #23]
	b	.LBB0_29
.LBB0_29:
	.loc	5 300 1 is_stmt 1               @ ../Drivers/STM32H7xx_HAL_Driver/Src/stm32h7xx_hal_flash_ex.c:300:1
	ldrb.w	r0, [sp, #23]
	.loc	5 300 1 epilogue_begin is_stmt 0 @ ../Drivers/STM32H7xx_HAL_Driver/Src/stm32h7xx_hal_flash_ex.c:300:1
	add	sp, #24
	pop	{r7, pc}
.Ltmp42:
.Lfunc_end0:
	.size	HAL_FLASHEx_Erase, .Lfunc_end0-HAL_FLASHEx_Erase
	.cfi_endproc
	.cantunwind
	.fnend
                                        @ -- End function
	.section	.text.FLASH_MassErase,"ax",%progbits
	.p2align	3                               @ -- Begin function FLASH_MassErase
	.type	FLASH_MassErase,%function
	.code	16                              @ @FLASH_MassErase
	.thumb_func
FLASH_MassErase:
.Lfunc_begin1:
	.loc	5 1118 0 is_stmt 1              @ ../Drivers/STM32H7xx_HAL_Driver/Src/stm32h7xx_hal_flash_ex.c:1118:0
	.fnstart
	.cfi_startproc
@ %bb.0:
	.pad	#8
	sub	sp, #8
	.cfi_def_cfa_offset 8
	str	r0, [sp, #4]
	str	r1, [sp]
.Ltmp43:
	.loc	5 1148 8 prologue_end           @ ../Drivers/STM32H7xx_HAL_Driver/Src/stm32h7xx_hal_flash_ex.c:1148:8
	ldrb.w	r0, [sp]
	lsls	r0, r0, #31
	cbz	r0, .LBB1_2
	b	.LBB1_1
.LBB1_1:
	.loc	5 0 8 is_stmt 0                 @ ../Drivers/STM32H7xx_HAL_Driver/Src/stm32h7xx_hal_flash_ex.c:0:8
	movw	r1, #8204
	movt	r1, #20992
.Ltmp44:
	.loc	5 1152 18 is_stmt 1             @ ../Drivers/STM32H7xx_HAL_Driver/Src/stm32h7xx_hal_flash_ex.c:1152:18
	ldr	r0, [r1]
	bic	r0, r0, #48
	str	r0, [r1]
	.loc	5 1153 22                       @ ../Drivers/STM32H7xx_HAL_Driver/Src/stm32h7xx_hal_flash_ex.c:1153:22
	ldr	r2, [sp, #4]
	.loc	5 1153 18 is_stmt 0             @ ../Drivers/STM32H7xx_HAL_Driver/Src/stm32h7xx_hal_flash_ex.c:1153:18
	ldr	r0, [r1]
	orrs	r0, r2
	str	r0, [r1]
	.loc	5 1157 18 is_stmt 1             @ ../Drivers/STM32H7xx_HAL_Driver/Src/stm32h7xx_hal_flash_ex.c:1157:18
	ldr	r0, [r1]
	orr	r0, r0, #136
	str	r0, [r1]
	.loc	5 1158 5                        @ ../Drivers/STM32H7xx_HAL_Driver/Src/stm32h7xx_hal_flash_ex.c:1158:5
	b	.LBB1_2
.Ltmp45:
.LBB1_2:
	.loc	5 1174 1 epilogue_begin         @ ../Drivers/STM32H7xx_HAL_Driver/Src/stm32h7xx_hal_flash_ex.c:1174:1
	add	sp, #8
	bx	lr
.Ltmp46:
.Lfunc_end1:
	.size	FLASH_MassErase, .Lfunc_end1-FLASH_MassErase
	.cfi_endproc
	.cantunwind
	.fnend
                                        @ -- End function
	.section	.text.FLASH_Erase_Sector,"ax",%progbits
	.hidden	FLASH_Erase_Sector              @ -- Begin function FLASH_Erase_Sector
	.globl	FLASH_Erase_Sector
	.p2align	3
	.type	FLASH_Erase_Sector,%function
	.code	16                              @ @FLASH_Erase_Sector
	.thumb_func
FLASH_Erase_Sector:
.Lfunc_begin2:
	.loc	5 1195 0                        @ ../Drivers/STM32H7xx_HAL_Driver/Src/stm32h7xx_hal_flash_ex.c:1195:0
	.fnstart
	.cfi_startproc
@ %bb.0:
	.pad	#12
	sub	sp, #12
	.cfi_def_cfa_offset 12
	str	r0, [sp, #8]
	str	r1, [sp, #4]
	str	r2, [sp]
.Ltmp47:
	.loc	5 1204 6 prologue_end           @ ../Drivers/STM32H7xx_HAL_Driver/Src/stm32h7xx_hal_flash_ex.c:1204:6
	ldrb.w	r0, [sp, #4]
	lsls	r0, r0, #31
	cbz	r0, .LBB2_2
	b	.LBB2_1
.LBB2_1:
	.loc	5 0 6 is_stmt 0                 @ ../Drivers/STM32H7xx_HAL_Driver/Src/stm32h7xx_hal_flash_ex.c:0:6
	movw	r1, #8204
	movt	r1, #20992
.Ltmp48:
	.loc	5 1208 16 is_stmt 1             @ ../Drivers/STM32H7xx_HAL_Driver/Src/stm32h7xx_hal_flash_ex.c:1208:16
	ldr	r0, [r1]
	bic	r0, r0, #1840
	str	r0, [r1]
	.loc	5 1210 35                       @ ../Drivers/STM32H7xx_HAL_Driver/Src/stm32h7xx_hal_flash_ex.c:1210:35
	ldr	r0, [sp]
	.loc	5 1210 51 is_stmt 0             @ ../Drivers/STM32H7xx_HAL_Driver/Src/stm32h7xx_hal_flash_ex.c:1210:51
	ldr	r2, [sp, #8]
	.loc	5 1210 33                       @ ../Drivers/STM32H7xx_HAL_Driver/Src/stm32h7xx_hal_flash_ex.c:1210:33
	orr.w	r0, r0, r2, lsl #8
	.loc	5 1210 16                       @ ../Drivers/STM32H7xx_HAL_Driver/Src/stm32h7xx_hal_flash_ex.c:1210:16
	ldr	r2, [r1]
	.loc	5 1210 48                       @ ../Drivers/STM32H7xx_HAL_Driver/Src/stm32h7xx_hal_flash_ex.c:1210:48
	orrs	r0, r2
	.loc	5 1210 16                       @ ../Drivers/STM32H7xx_HAL_Driver/Src/stm32h7xx_hal_flash_ex.c:1210:16
	orr	r0, r0, #132
	str	r0, [r1]
	.loc	5 1217 3 is_stmt 1              @ ../Drivers/STM32H7xx_HAL_Driver/Src/stm32h7xx_hal_flash_ex.c:1217:3
	b	.LBB2_2
.Ltmp49:
.LBB2_2:
	.loc	5 1235 1 epilogue_begin         @ ../Drivers/STM32H7xx_HAL_Driver/Src/stm32h7xx_hal_flash_ex.c:1235:1
	add	sp, #12
	bx	lr
.Ltmp50:
.Lfunc_end2:
	.size	FLASH_Erase_Sector, .Lfunc_end2-FLASH_Erase_Sector
	.cfi_endproc
	.cantunwind
	.fnend
                                        @ -- End function
	.section	.text.HAL_FLASHEx_Erase_IT,"ax",%progbits
	.hidden	HAL_FLASHEx_Erase_IT            @ -- Begin function HAL_FLASHEx_Erase_IT
	.globl	HAL_FLASHEx_Erase_IT
	.p2align	3
	.type	HAL_FLASHEx_Erase_IT,%function
	.code	16                              @ @HAL_FLASHEx_Erase_IT
	.thumb_func
HAL_FLASHEx_Erase_IT:
.Lfunc_begin3:
	.loc	5 316 0                         @ ../Drivers/STM32H7xx_HAL_Driver/Src/stm32h7xx_hal_flash_ex.c:316:0
	.fnstart
	.cfi_startproc
@ %bb.0:
	.save	{r7, lr}
	push	{r7, lr}
	.cfi_def_cfa_offset 8
	.cfi_offset lr, -4
	.cfi_offset r7, -8
	.pad	#16
	sub	sp, #16
	.cfi_def_cfa_offset 24
	str	r0, [sp, #8]
	movs	r0, #0
.Ltmp51:
	.loc	5 317 21 prologue_end           @ ../Drivers/STM32H7xx_HAL_Driver/Src/stm32h7xx_hal_flash_ex.c:317:21
	strb.w	r0, [sp, #7]
	.loc	5 324 3                         @ ../Drivers/STM32H7xx_HAL_Driver/Src/stm32h7xx_hal_flash_ex.c:324:3
	b	.LBB3_1
.LBB3_1:
.Ltmp52:
	.loc	5 324 3 is_stmt 0               @ ../Drivers/STM32H7xx_HAL_Driver/Src/stm32h7xx_hal_flash_ex.c:324:3
	movw	r0, :lower16:pFlash
	movt	r0, :upper16:pFlash
	ldrb	r0, [r0, #20]
.Ltmp53:
	.loc	5 324 3                         @ ../Drivers/STM32H7xx_HAL_Driver/Src/stm32h7xx_hal_flash_ex.c:324:3
	cmp	r0, #1
	bne	.LBB3_3
	b	.LBB3_2
.LBB3_2:
	.loc	5 0 3                           @ ../Drivers/STM32H7xx_HAL_Driver/Src/stm32h7xx_hal_flash_ex.c:0:3
	movs	r0, #2
.Ltmp54:
	.loc	5 324 3                         @ ../Drivers/STM32H7xx_HAL_Driver/Src/stm32h7xx_hal_flash_ex.c:324:3
	strb.w	r0, [sp, #15]
	b	.LBB3_23
.Ltmp55:
.LBB3_3:
	.loc	5 324 3                         @ ../Drivers/STM32H7xx_HAL_Driver/Src/stm32h7xx_hal_flash_ex.c:324:3
	movw	r1, :lower16:pFlash
	movt	r1, :upper16:pFlash
	movs	r0, #1
	strb	r0, [r1, #20]
	b	.LBB3_4
.Ltmp56:
.LBB3_4:
	.loc	5 324 3                         @ ../Drivers/STM32H7xx_HAL_Driver/Src/stm32h7xx_hal_flash_ex.c:324:3
	b	.LBB3_5
.Ltmp57:
.LBB3_5:
	.loc	5 327 20 is_stmt 1              @ ../Drivers/STM32H7xx_HAL_Driver/Src/stm32h7xx_hal_flash_ex.c:327:20
	movw	r1, :lower16:pFlash
	movt	r1, :upper16:pFlash
	movs	r0, #0
	str	r0, [r1, #24]
.Ltmp58:
	.loc	5 330 7                         @ ../Drivers/STM32H7xx_HAL_Driver/Src/stm32h7xx_hal_flash_ex.c:330:7
	ldr	r0, [sp, #8]
.Ltmp59:
	.loc	5 330 6 is_stmt 0               @ ../Drivers/STM32H7xx_HAL_Driver/Src/stm32h7xx_hal_flash_ex.c:330:6
	ldrb	r0, [r0, #4]
	lsls	r0, r0, #31
	cbz	r0, .LBB3_9
	b	.LBB3_6
.LBB3_6:
	.loc	5 0 6                           @ ../Drivers/STM32H7xx_HAL_Driver/Src/stm32h7xx_hal_flash_ex.c:0:6
	movw	r0, #50000
	movs	r1, #1
.Ltmp60:
	.loc	5 332 8 is_stmt 1               @ ../Drivers/STM32H7xx_HAL_Driver/Src/stm32h7xx_hal_flash_ex.c:332:8
	bl	FLASH_WaitForLastOperation
.Ltmp61:
	.loc	5 332 8 is_stmt 0               @ ../Drivers/STM32H7xx_HAL_Driver/Src/stm32h7xx_hal_flash_ex.c:332:8
	cbz	r0, .LBB3_8
	b	.LBB3_7
.LBB3_7:
	.loc	5 0 8                           @ ../Drivers/STM32H7xx_HAL_Driver/Src/stm32h7xx_hal_flash_ex.c:0:8
	movs	r0, #1
.Ltmp62:
	.loc	5 334 14 is_stmt 1              @ ../Drivers/STM32H7xx_HAL_Driver/Src/stm32h7xx_hal_flash_ex.c:334:14
	strb.w	r0, [sp, #7]
	.loc	5 335 5                         @ ../Drivers/STM32H7xx_HAL_Driver/Src/stm32h7xx_hal_flash_ex.c:335:5
	b	.LBB3_8
.Ltmp63:
.LBB3_8:
	.loc	5 336 3                         @ ../Drivers/STM32H7xx_HAL_Driver/Src/stm32h7xx_hal_flash_ex.c:336:3
	b	.LBB3_9
.Ltmp64:
.LBB3_9:
	.loc	5 349 7                         @ ../Drivers/STM32H7xx_HAL_Driver/Src/stm32h7xx_hal_flash_ex.c:349:7
	ldrb.w	r0, [sp, #7]
.Ltmp65:
	.loc	5 349 7 is_stmt 0               @ ../Drivers/STM32H7xx_HAL_Driver/Src/stm32h7xx_hal_flash_ex.c:349:7
	cbz	r0, .LBB3_13
	b	.LBB3_10
.LBB3_10:
.Ltmp66:
	.loc	5 352 5 is_stmt 1               @ ../Drivers/STM32H7xx_HAL_Driver/Src/stm32h7xx_hal_flash_ex.c:352:5
	b	.LBB3_11
.LBB3_11:
.Ltmp67:
	.loc	5 352 5 is_stmt 0               @ ../Drivers/STM32H7xx_HAL_Driver/Src/stm32h7xx_hal_flash_ex.c:352:5
	movw	r1, :lower16:pFlash
	movt	r1, :upper16:pFlash
	movs	r0, #0
	strb	r0, [r1, #20]
	b	.LBB3_12
.Ltmp68:
.LBB3_12:
	.loc	5 353 3 is_stmt 1               @ ../Drivers/STM32H7xx_HAL_Driver/Src/stm32h7xx_hal_flash_ex.c:353:3
	b	.LBB3_22
.Ltmp69:
.LBB3_13:
	.loc	5 356 9                         @ ../Drivers/STM32H7xx_HAL_Driver/Src/stm32h7xx_hal_flash_ex.c:356:9
	ldr	r0, [sp, #8]
.Ltmp70:
	.loc	5 356 8 is_stmt 0               @ ../Drivers/STM32H7xx_HAL_Driver/Src/stm32h7xx_hal_flash_ex.c:356:8
	ldrb	r0, [r0, #4]
	lsls	r0, r0, #31
	cbz	r0, .LBB3_15
	b	.LBB3_14
.LBB3_14:
	.loc	5 0 8                           @ ../Drivers/STM32H7xx_HAL_Driver/Src/stm32h7xx_hal_flash_ex.c:0:8
	movw	r1, #8204
	movt	r1, #20992
.Ltmp71:
	.loc	5 360 7 is_stmt 1               @ ../Drivers/STM32H7xx_HAL_Driver/Src/stm32h7xx_hal_flash_ex.c:360:7
	ldr	r0, [r1]
	orr	r0, r0, #7274496
	str	r0, [r1]
	.loc	5 366 5                         @ ../Drivers/STM32H7xx_HAL_Driver/Src/stm32h7xx_hal_flash_ex.c:366:5
	b	.LBB3_15
.Ltmp72:
.LBB3_15:
	.loc	5 381 8                         @ ../Drivers/STM32H7xx_HAL_Driver/Src/stm32h7xx_hal_flash_ex.c:381:8
	ldr	r0, [sp, #8]
	.loc	5 381 20 is_stmt 0              @ ../Drivers/STM32H7xx_HAL_Driver/Src/stm32h7xx_hal_flash_ex.c:381:20
	ldr	r0, [r0]
.Ltmp73:
	.loc	5 381 8                         @ ../Drivers/STM32H7xx_HAL_Driver/Src/stm32h7xx_hal_flash_ex.c:381:8
	cmp	r0, #1
	bne	.LBB3_20
	b	.LBB3_16
.LBB3_16:
.Ltmp74:
	.loc	5 384 10 is_stmt 1              @ ../Drivers/STM32H7xx_HAL_Driver/Src/stm32h7xx_hal_flash_ex.c:384:10
	ldr	r0, [sp, #8]
	.loc	5 384 22 is_stmt 0              @ ../Drivers/STM32H7xx_HAL_Driver/Src/stm32h7xx_hal_flash_ex.c:384:22
	ldr	r0, [r0, #4]
.Ltmp75:
	.loc	5 384 10                        @ ../Drivers/STM32H7xx_HAL_Driver/Src/stm32h7xx_hal_flash_ex.c:384:10
	cmp	r0, #1
	bne	.LBB3_18
	b	.LBB3_17
.LBB3_17:
.Ltmp76:
	.loc	5 386 33 is_stmt 1              @ ../Drivers/STM32H7xx_HAL_Driver/Src/stm32h7xx_hal_flash_ex.c:386:33
	movw	r1, :lower16:pFlash
	movt	r1, :upper16:pFlash
	movs	r0, #2
	strb	r0, [r1]
	.loc	5 387 7                         @ ../Drivers/STM32H7xx_HAL_Driver/Src/stm32h7xx_hal_flash_ex.c:387:7
	b	.LBB3_19
.Ltmp77:
.LBB3_18:
	.loc	5 396 33                        @ ../Drivers/STM32H7xx_HAL_Driver/Src/stm32h7xx_hal_flash_ex.c:396:33
	movw	r1, :lower16:pFlash
	movt	r1, :upper16:pFlash
	movs	r0, #7
	strb	r0, [r1]
	b	.LBB3_19
.Ltmp78:
.LBB3_19:
	.loc	5 399 23                        @ ../Drivers/STM32H7xx_HAL_Driver/Src/stm32h7xx_hal_flash_ex.c:399:23
	ldr	r0, [sp, #8]
	.loc	5 399 61 is_stmt 0              @ ../Drivers/STM32H7xx_HAL_Driver/Src/stm32h7xx_hal_flash_ex.c:399:61
	ldr	r1, [r0, #4]
	.loc	5 399 35                        @ ../Drivers/STM32H7xx_HAL_Driver/Src/stm32h7xx_hal_flash_ex.c:399:35
	ldr	r0, [r0, #16]
	.loc	5 399 7                         @ ../Drivers/STM32H7xx_HAL_Driver/Src/stm32h7xx_hal_flash_ex.c:399:7
	bl	FLASH_MassErase
	.loc	5 400 5 is_stmt 1               @ ../Drivers/STM32H7xx_HAL_Driver/Src/stm32h7xx_hal_flash_ex.c:400:5
	b	.LBB3_21
.Ltmp79:
.LBB3_20:
	.loc	5 414 31                        @ ../Drivers/STM32H7xx_HAL_Driver/Src/stm32h7xx_hal_flash_ex.c:414:31
	movw	r1, :lower16:pFlash
	movt	r1, :upper16:pFlash
	movs	r0, #1
	strb	r0, [r1]
	.loc	5 417 33                        @ ../Drivers/STM32H7xx_HAL_Driver/Src/stm32h7xx_hal_flash_ex.c:417:33
	ldr	r0, [sp, #8]
	.loc	5 417 45 is_stmt 0              @ ../Drivers/STM32H7xx_HAL_Driver/Src/stm32h7xx_hal_flash_ex.c:417:45
	ldr	r0, [r0, #12]
	.loc	5 417 31                        @ ../Drivers/STM32H7xx_HAL_Driver/Src/stm32h7xx_hal_flash_ex.c:417:31
	str	r0, [r1, #4]
	.loc	5 418 23 is_stmt 1              @ ../Drivers/STM32H7xx_HAL_Driver/Src/stm32h7xx_hal_flash_ex.c:418:23
	ldr	r0, [sp, #8]
	.loc	5 418 35 is_stmt 0              @ ../Drivers/STM32H7xx_HAL_Driver/Src/stm32h7xx_hal_flash_ex.c:418:35
	ldr	r0, [r0, #8]
	.loc	5 418 21                        @ ../Drivers/STM32H7xx_HAL_Driver/Src/stm32h7xx_hal_flash_ex.c:418:21
	str	r0, [r1, #12]
	.loc	5 419 32 is_stmt 1              @ ../Drivers/STM32H7xx_HAL_Driver/Src/stm32h7xx_hal_flash_ex.c:419:32
	ldr	r0, [sp, #8]
	.loc	5 419 44 is_stmt 0              @ ../Drivers/STM32H7xx_HAL_Driver/Src/stm32h7xx_hal_flash_ex.c:419:44
	ldr	r0, [r0, #16]
	.loc	5 419 30                        @ ../Drivers/STM32H7xx_HAL_Driver/Src/stm32h7xx_hal_flash_ex.c:419:30
	str	r0, [r1, #8]
	.loc	5 422 26 is_stmt 1              @ ../Drivers/STM32H7xx_HAL_Driver/Src/stm32h7xx_hal_flash_ex.c:422:26
	ldr	r2, [sp, #8]
	.loc	5 422 58 is_stmt 0              @ ../Drivers/STM32H7xx_HAL_Driver/Src/stm32h7xx_hal_flash_ex.c:422:58
	ldr	r1, [r2, #4]
	.loc	5 422 38                        @ ../Drivers/STM32H7xx_HAL_Driver/Src/stm32h7xx_hal_flash_ex.c:422:38
	ldr	r0, [r2, #8]
	.loc	5 422 77                        @ ../Drivers/STM32H7xx_HAL_Driver/Src/stm32h7xx_hal_flash_ex.c:422:77
	ldr	r2, [r2, #16]
	.loc	5 422 7                         @ ../Drivers/STM32H7xx_HAL_Driver/Src/stm32h7xx_hal_flash_ex.c:422:7
	bl	FLASH_Erase_Sector
	b	.LBB3_21
.Ltmp80:
.LBB3_21:
	.loc	5 0 7                           @ ../Drivers/STM32H7xx_HAL_Driver/Src/stm32h7xx_hal_flash_ex.c:0:7
	b	.LBB3_22
.LBB3_22:
	.loc	5 426 10 is_stmt 1              @ ../Drivers/STM32H7xx_HAL_Driver/Src/stm32h7xx_hal_flash_ex.c:426:10
	ldrb.w	r0, [sp, #7]
	.loc	5 426 3 is_stmt 0               @ ../Drivers/STM32H7xx_HAL_Driver/Src/stm32h7xx_hal_flash_ex.c:426:3
	strb.w	r0, [sp, #15]
	b	.LBB3_23
.LBB3_23:
	.loc	5 427 1 is_stmt 1               @ ../Drivers/STM32H7xx_HAL_Driver/Src/stm32h7xx_hal_flash_ex.c:427:1
	ldrb.w	r0, [sp, #15]
	.loc	5 427 1 epilogue_begin is_stmt 0 @ ../Drivers/STM32H7xx_HAL_Driver/Src/stm32h7xx_hal_flash_ex.c:427:1
	add	sp, #16
	pop	{r7, pc}
.Ltmp81:
.Lfunc_end3:
	.size	HAL_FLASHEx_Erase_IT, .Lfunc_end3-HAL_FLASHEx_Erase_IT
	.cfi_endproc
	.cantunwind
	.fnend
                                        @ -- End function
	.section	.text.HAL_FLASHEx_OBProgram,"ax",%progbits
	.hidden	HAL_FLASHEx_OBProgram           @ -- Begin function HAL_FLASHEx_OBProgram
	.globl	HAL_FLASHEx_OBProgram
	.p2align	3
	.type	HAL_FLASHEx_OBProgram,%function
	.code	16                              @ @HAL_FLASHEx_OBProgram
	.thumb_func
HAL_FLASHEx_OBProgram:
.Lfunc_begin4:
	.loc	5 437 0 is_stmt 1               @ ../Drivers/STM32H7xx_HAL_Driver/Src/stm32h7xx_hal_flash_ex.c:437:0
	.fnstart
	.cfi_startproc
@ %bb.0:
	.save	{r7, lr}
	push	{r7, lr}
	.cfi_def_cfa_offset 8
	.cfi_offset lr, -4
	.cfi_offset r7, -8
	.pad	#16
	sub	sp, #16
	.cfi_def_cfa_offset 24
	str	r0, [sp, #8]
.Ltmp82:
	.loc	5 444 3 prologue_end            @ ../Drivers/STM32H7xx_HAL_Driver/Src/stm32h7xx_hal_flash_ex.c:444:3
	b	.LBB4_1
.LBB4_1:
.Ltmp83:
	.loc	5 444 3 is_stmt 0               @ ../Drivers/STM32H7xx_HAL_Driver/Src/stm32h7xx_hal_flash_ex.c:444:3
	movw	r0, :lower16:pFlash
	movt	r0, :upper16:pFlash
	ldrb	r0, [r0, #20]
.Ltmp84:
	.loc	5 444 3                         @ ../Drivers/STM32H7xx_HAL_Driver/Src/stm32h7xx_hal_flash_ex.c:444:3
	cmp	r0, #1
	bne	.LBB4_3
	b	.LBB4_2
.LBB4_2:
	.loc	5 0 3                           @ ../Drivers/STM32H7xx_HAL_Driver/Src/stm32h7xx_hal_flash_ex.c:0:3
	movs	r0, #2
.Ltmp85:
	.loc	5 444 3                         @ ../Drivers/STM32H7xx_HAL_Driver/Src/stm32h7xx_hal_flash_ex.c:444:3
	strb.w	r0, [sp, #15]
	b	.LBB4_34
.Ltmp86:
.LBB4_3:
	.loc	5 444 3                         @ ../Drivers/STM32H7xx_HAL_Driver/Src/stm32h7xx_hal_flash_ex.c:444:3
	movw	r1, :lower16:pFlash
	movt	r1, :upper16:pFlash
	movs	r0, #1
	strb	r0, [r1, #20]
	b	.LBB4_4
.Ltmp87:
.LBB4_4:
	.loc	5 444 3                         @ ../Drivers/STM32H7xx_HAL_Driver/Src/stm32h7xx_hal_flash_ex.c:444:3
	b	.LBB4_5
.Ltmp88:
.LBB4_5:
	.loc	5 447 20 is_stmt 1              @ ../Drivers/STM32H7xx_HAL_Driver/Src/stm32h7xx_hal_flash_ex.c:447:20
	movw	r1, :lower16:pFlash
	movt	r1, :upper16:pFlash
	movs	r0, #0
	str	r0, [r1, #24]
	movw	r0, #50000
	movs	r1, #1
.Ltmp89:
	.loc	5 450 6                         @ ../Drivers/STM32H7xx_HAL_Driver/Src/stm32h7xx_hal_flash_ex.c:450:6
	bl	FLASH_WaitForLastOperation
.Ltmp90:
	.loc	5 450 6 is_stmt 0               @ ../Drivers/STM32H7xx_HAL_Driver/Src/stm32h7xx_hal_flash_ex.c:450:6
	cbz	r0, .LBB4_7
	b	.LBB4_6
.LBB4_6:
	.loc	5 0 6                           @ ../Drivers/STM32H7xx_HAL_Driver/Src/stm32h7xx_hal_flash_ex.c:0:6
	movs	r0, #1
.Ltmp91:
	.loc	5 452 12 is_stmt 1              @ ../Drivers/STM32H7xx_HAL_Driver/Src/stm32h7xx_hal_flash_ex.c:452:12
	strb.w	r0, [sp, #7]
	.loc	5 453 3                         @ ../Drivers/STM32H7xx_HAL_Driver/Src/stm32h7xx_hal_flash_ex.c:453:3
	b	.LBB4_8
.Ltmp92:
.LBB4_7:
	.loc	5 0 3 is_stmt 0                 @ ../Drivers/STM32H7xx_HAL_Driver/Src/stm32h7xx_hal_flash_ex.c:0:3
	movs	r0, #0
.Ltmp93:
	.loc	5 462 12 is_stmt 1              @ ../Drivers/STM32H7xx_HAL_Driver/Src/stm32h7xx_hal_flash_ex.c:462:12
	strb.w	r0, [sp, #7]
	b	.LBB4_8
.Ltmp94:
.LBB4_8:
	.loc	5 465 6                         @ ../Drivers/STM32H7xx_HAL_Driver/Src/stm32h7xx_hal_flash_ex.c:465:6
	ldrb.w	r0, [sp, #7]
.Ltmp95:
	.loc	5 465 6 is_stmt 0               @ ../Drivers/STM32H7xx_HAL_Driver/Src/stm32h7xx_hal_flash_ex.c:465:6
	cmp	r0, #0
	bne	.LBB4_31
	b	.LBB4_9
.LBB4_9:
.Ltmp96:
	.loc	5 468 9 is_stmt 1               @ ../Drivers/STM32H7xx_HAL_Driver/Src/stm32h7xx_hal_flash_ex.c:468:9
	ldr	r0, [sp, #8]
.Ltmp97:
	.loc	5 468 8 is_stmt 0               @ ../Drivers/STM32H7xx_HAL_Driver/Src/stm32h7xx_hal_flash_ex.c:468:8
	ldrb	r0, [r0]
	lsls	r0, r0, #31
	cbz	r0, .LBB4_14
	b	.LBB4_10
.LBB4_10:
.Ltmp98:
	.loc	5 472 10 is_stmt 1              @ ../Drivers/STM32H7xx_HAL_Driver/Src/stm32h7xx_hal_flash_ex.c:472:10
	ldr	r0, [sp, #8]
	.loc	5 472 19 is_stmt 0              @ ../Drivers/STM32H7xx_HAL_Driver/Src/stm32h7xx_hal_flash_ex.c:472:19
	ldr	r0, [r0, #4]
.Ltmp99:
	.loc	5 472 10                        @ ../Drivers/STM32H7xx_HAL_Driver/Src/stm32h7xx_hal_flash_ex.c:472:10
	cmp	r0, #1
	bne	.LBB4_12
	b	.LBB4_11
.LBB4_11:
.Ltmp100:
	.loc	5 475 28 is_stmt 1              @ ../Drivers/STM32H7xx_HAL_Driver/Src/stm32h7xx_hal_flash_ex.c:475:28
	ldr	r1, [sp, #8]
	.loc	5 475 37 is_stmt 0              @ ../Drivers/STM32H7xx_HAL_Driver/Src/stm32h7xx_hal_flash_ex.c:475:37
	ldr	r0, [r1, #8]
	.loc	5 475 56                        @ ../Drivers/STM32H7xx_HAL_Driver/Src/stm32h7xx_hal_flash_ex.c:475:56
	ldr	r1, [r1, #28]
	.loc	5 475 9                         @ ../Drivers/STM32H7xx_HAL_Driver/Src/stm32h7xx_hal_flash_ex.c:475:9
	bl	FLASH_OB_EnableWRP
	.loc	5 476 7 is_stmt 1               @ ../Drivers/STM32H7xx_HAL_Driver/Src/stm32h7xx_hal_flash_ex.c:476:7
	b	.LBB4_13
.Ltmp101:
.LBB4_12:
	.loc	5 480 29                        @ ../Drivers/STM32H7xx_HAL_Driver/Src/stm32h7xx_hal_flash_ex.c:480:29
	ldr	r1, [sp, #8]
	.loc	5 480 38 is_stmt 0              @ ../Drivers/STM32H7xx_HAL_Driver/Src/stm32h7xx_hal_flash_ex.c:480:38
	ldr	r0, [r1, #8]
	.loc	5 480 58                        @ ../Drivers/STM32H7xx_HAL_Driver/Src/stm32h7xx_hal_flash_ex.c:480:58
	ldr	r1, [r1, #28]
	.loc	5 480 9                         @ ../Drivers/STM32H7xx_HAL_Driver/Src/stm32h7xx_hal_flash_ex.c:480:9
	bl	FLASH_OB_DisableWRP
	b	.LBB4_13
.Ltmp102:
.LBB4_13:
	.loc	5 482 5 is_stmt 1               @ ../Drivers/STM32H7xx_HAL_Driver/Src/stm32h7xx_hal_flash_ex.c:482:5
	b	.LBB4_14
.Ltmp103:
.LBB4_14:
	.loc	5 485 9                         @ ../Drivers/STM32H7xx_HAL_Driver/Src/stm32h7xx_hal_flash_ex.c:485:9
	ldr	r0, [sp, #8]
.Ltmp104:
	.loc	5 485 8 is_stmt 0               @ ../Drivers/STM32H7xx_HAL_Driver/Src/stm32h7xx_hal_flash_ex.c:485:8
	ldrb	r0, [r0]
	lsls	r0, r0, #30
	cmp	r0, #0
	bpl	.LBB4_16
	b	.LBB4_15
.LBB4_15:
.Ltmp105:
	.loc	5 488 26 is_stmt 1              @ ../Drivers/STM32H7xx_HAL_Driver/Src/stm32h7xx_hal_flash_ex.c:488:26
	ldr	r0, [sp, #8]
	.loc	5 488 35 is_stmt 0              @ ../Drivers/STM32H7xx_HAL_Driver/Src/stm32h7xx_hal_flash_ex.c:488:35
	ldr	r0, [r0, #12]
	.loc	5 488 7                         @ ../Drivers/STM32H7xx_HAL_Driver/Src/stm32h7xx_hal_flash_ex.c:488:7
	bl	FLASH_OB_RDPConfig
	.loc	5 489 5 is_stmt 1               @ ../Drivers/STM32H7xx_HAL_Driver/Src/stm32h7xx_hal_flash_ex.c:489:5
	b	.LBB4_16
.Ltmp106:
.LBB4_16:
	.loc	5 492 9                         @ ../Drivers/STM32H7xx_HAL_Driver/Src/stm32h7xx_hal_flash_ex.c:492:9
	ldr	r0, [sp, #8]
.Ltmp107:
	.loc	5 492 8 is_stmt 0               @ ../Drivers/STM32H7xx_HAL_Driver/Src/stm32h7xx_hal_flash_ex.c:492:8
	ldrb	r0, [r0]
	lsls	r0, r0, #29
	cmp	r0, #0
	bpl	.LBB4_18
	b	.LBB4_17
.LBB4_17:
.Ltmp108:
	.loc	5 495 27 is_stmt 1              @ ../Drivers/STM32H7xx_HAL_Driver/Src/stm32h7xx_hal_flash_ex.c:495:27
	ldr	r1, [sp, #8]
	.loc	5 495 36 is_stmt 0              @ ../Drivers/STM32H7xx_HAL_Driver/Src/stm32h7xx_hal_flash_ex.c:495:36
	ldr	r0, [r1, #20]
	.loc	5 495 55                        @ ../Drivers/STM32H7xx_HAL_Driver/Src/stm32h7xx_hal_flash_ex.c:495:55
	ldr	r1, [r1, #24]
	.loc	5 495 7                         @ ../Drivers/STM32H7xx_HAL_Driver/Src/stm32h7xx_hal_flash_ex.c:495:7
	bl	FLASH_OB_UserConfig
	.loc	5 496 5 is_stmt 1               @ ../Drivers/STM32H7xx_HAL_Driver/Src/stm32h7xx_hal_flash_ex.c:496:5
	b	.LBB4_18
.Ltmp109:
.LBB4_18:
	.loc	5 499 9                         @ ../Drivers/STM32H7xx_HAL_Driver/Src/stm32h7xx_hal_flash_ex.c:499:9
	ldr	r0, [sp, #8]
.Ltmp110:
	.loc	5 499 8 is_stmt 0               @ ../Drivers/STM32H7xx_HAL_Driver/Src/stm32h7xx_hal_flash_ex.c:499:8
	ldrb	r0, [r0]
	lsls	r0, r0, #28
	cmp	r0, #0
	bpl	.LBB4_20
	b	.LBB4_19
.LBB4_19:
.Ltmp111:
	.loc	5 504 28 is_stmt 1              @ ../Drivers/STM32H7xx_HAL_Driver/Src/stm32h7xx_hal_flash_ex.c:504:28
	ldr	r2, [sp, #8]
	.loc	5 504 107 is_stmt 0             @ ../Drivers/STM32H7xx_HAL_Driver/Src/stm32h7xx_hal_flash_ex.c:504:107
	ldr	r3, [r2, #28]
	.loc	5 504 37                        @ ../Drivers/STM32H7xx_HAL_Driver/Src/stm32h7xx_hal_flash_ex.c:504:37
	ldr	r0, [r2, #32]
	.loc	5 504 59                        @ ../Drivers/STM32H7xx_HAL_Driver/Src/stm32h7xx_hal_flash_ex.c:504:59
	ldr	r1, [r2, #36]
	.loc	5 504 84                        @ ../Drivers/STM32H7xx_HAL_Driver/Src/stm32h7xx_hal_flash_ex.c:504:84
	ldr	r2, [r2, #40]
	.loc	5 504 7                         @ ../Drivers/STM32H7xx_HAL_Driver/Src/stm32h7xx_hal_flash_ex.c:504:7
	bl	FLASH_OB_PCROPConfig
	.loc	5 505 5 is_stmt 1               @ ../Drivers/STM32H7xx_HAL_Driver/Src/stm32h7xx_hal_flash_ex.c:505:5
	b	.LBB4_20
.Ltmp112:
.LBB4_20:
	.loc	5 508 9                         @ ../Drivers/STM32H7xx_HAL_Driver/Src/stm32h7xx_hal_flash_ex.c:508:9
	ldr	r0, [sp, #8]
.Ltmp113:
	.loc	5 508 8 is_stmt 0               @ ../Drivers/STM32H7xx_HAL_Driver/Src/stm32h7xx_hal_flash_ex.c:508:8
	ldrb	r0, [r0]
	lsls	r0, r0, #27
	cmp	r0, #0
	bpl	.LBB4_22
	b	.LBB4_21
.LBB4_21:
.Ltmp114:
	.loc	5 510 32 is_stmt 1              @ ../Drivers/STM32H7xx_HAL_Driver/Src/stm32h7xx_hal_flash_ex.c:510:32
	ldr	r0, [sp, #8]
	.loc	5 510 41 is_stmt 0              @ ../Drivers/STM32H7xx_HAL_Driver/Src/stm32h7xx_hal_flash_ex.c:510:41
	ldr	r0, [r0, #16]
	.loc	5 510 7                         @ ../Drivers/STM32H7xx_HAL_Driver/Src/stm32h7xx_hal_flash_ex.c:510:7
	bl	FLASH_OB_BOR_LevelConfig
	.loc	5 511 5 is_stmt 1               @ ../Drivers/STM32H7xx_HAL_Driver/Src/stm32h7xx_hal_flash_ex.c:511:5
	b	.LBB4_22
.Ltmp115:
.LBB4_22:
	.loc	5 527 9                         @ ../Drivers/STM32H7xx_HAL_Driver/Src/stm32h7xx_hal_flash_ex.c:527:9
	ldr	r0, [sp, #8]
.Ltmp116:
	.loc	5 527 8 is_stmt 0               @ ../Drivers/STM32H7xx_HAL_Driver/Src/stm32h7xx_hal_flash_ex.c:527:8
	ldrb	r0, [r0]
	lsls	r0, r0, #25
	cmp	r0, #0
	bpl	.LBB4_24
	b	.LBB4_23
.LBB4_23:
.Ltmp117:
	.loc	5 529 30 is_stmt 1              @ ../Drivers/STM32H7xx_HAL_Driver/Src/stm32h7xx_hal_flash_ex.c:529:30
	ldr	r2, [sp, #8]
	.loc	5 529 39 is_stmt 0              @ ../Drivers/STM32H7xx_HAL_Driver/Src/stm32h7xx_hal_flash_ex.c:529:39
	ldr	r0, [r2, #44]
	.loc	5 529 60                        @ ../Drivers/STM32H7xx_HAL_Driver/Src/stm32h7xx_hal_flash_ex.c:529:60
	ldr	r1, [r2, #48]
	.loc	5 529 80                        @ ../Drivers/STM32H7xx_HAL_Driver/Src/stm32h7xx_hal_flash_ex.c:529:80
	ldr	r2, [r2, #52]
	.loc	5 529 7                         @ ../Drivers/STM32H7xx_HAL_Driver/Src/stm32h7xx_hal_flash_ex.c:529:7
	bl	FLASH_OB_BootAddConfig
	.loc	5 530 5 is_stmt 1               @ ../Drivers/STM32H7xx_HAL_Driver/Src/stm32h7xx_hal_flash_ex.c:530:5
	b	.LBB4_24
.Ltmp118:
.LBB4_24:
	.loc	5 534 9                         @ ../Drivers/STM32H7xx_HAL_Driver/Src/stm32h7xx_hal_flash_ex.c:534:9
	ldr	r0, [sp, #8]
.Ltmp119:
	.loc	5 534 8 is_stmt 0               @ ../Drivers/STM32H7xx_HAL_Driver/Src/stm32h7xx_hal_flash_ex.c:534:8
	ldrb	r0, [r0]
	lsls	r0, r0, #26
	cmp	r0, #0
	bpl	.LBB4_26
	b	.LBB4_25
.LBB4_25:
.Ltmp120:
	.loc	5 536 33 is_stmt 1              @ ../Drivers/STM32H7xx_HAL_Driver/Src/stm32h7xx_hal_flash_ex.c:536:33
	ldr	r2, [sp, #8]
	.loc	5 536 126 is_stmt 0             @ ../Drivers/STM32H7xx_HAL_Driver/Src/stm32h7xx_hal_flash_ex.c:536:126
	ldr	r3, [r2, #28]
	.loc	5 536 42                        @ ../Drivers/STM32H7xx_HAL_Driver/Src/stm32h7xx_hal_flash_ex.c:536:42
	ldr	r0, [r2, #56]
	.loc	5 536 69                        @ ../Drivers/STM32H7xx_HAL_Driver/Src/stm32h7xx_hal_flash_ex.c:536:69
	ldr	r1, [r2, #60]
	.loc	5 536 99                        @ ../Drivers/STM32H7xx_HAL_Driver/Src/stm32h7xx_hal_flash_ex.c:536:99
	ldr	r2, [r2, #64]
	.loc	5 536 7                         @ ../Drivers/STM32H7xx_HAL_Driver/Src/stm32h7xx_hal_flash_ex.c:536:7
	bl	FLASH_OB_SecureAreaConfig
	.loc	5 537 5 is_stmt 1               @ ../Drivers/STM32H7xx_HAL_Driver/Src/stm32h7xx_hal_flash_ex.c:537:5
	b	.LBB4_26
.Ltmp121:
.LBB4_26:
	.loc	5 549 9                         @ ../Drivers/STM32H7xx_HAL_Driver/Src/stm32h7xx_hal_flash_ex.c:549:9
	ldr	r0, [sp, #8]
.Ltmp122:
	.loc	5 549 8 is_stmt 0               @ ../Drivers/STM32H7xx_HAL_Driver/Src/stm32h7xx_hal_flash_ex.c:549:8
	ldrb	r0, [r0, #1]
	lsls	r0, r0, #31
	cbz	r0, .LBB4_28
	b	.LBB4_27
.LBB4_27:
.Ltmp123:
	.loc	5 551 33 is_stmt 1              @ ../Drivers/STM32H7xx_HAL_Driver/Src/stm32h7xx_hal_flash_ex.c:551:33
	ldr	r0, [sp, #8]
	.loc	5 551 42 is_stmt 0              @ ../Drivers/STM32H7xx_HAL_Driver/Src/stm32h7xx_hal_flash_ex.c:551:42
	ldr	r0, [r0, #68]
	.loc	5 551 7                         @ ../Drivers/STM32H7xx_HAL_Driver/Src/stm32h7xx_hal_flash_ex.c:551:7
	bl	FLASH_OB_SharedRAM_Config
	.loc	5 552 5 is_stmt 1               @ ../Drivers/STM32H7xx_HAL_Driver/Src/stm32h7xx_hal_flash_ex.c:552:5
	b	.LBB4_28
.Ltmp124:
.LBB4_28:
	.loc	5 557 9                         @ ../Drivers/STM32H7xx_HAL_Driver/Src/stm32h7xx_hal_flash_ex.c:557:9
	ldr	r0, [sp, #8]
.Ltmp125:
	.loc	5 557 8 is_stmt 0               @ ../Drivers/STM32H7xx_HAL_Driver/Src/stm32h7xx_hal_flash_ex.c:557:8
	ldrb	r0, [r0, #1]
	lsls	r0, r0, #30
	cmp	r0, #0
	bpl	.LBB4_30
	b	.LBB4_29
.LBB4_29:
.Ltmp126:
	.loc	5 559 36 is_stmt 1              @ ../Drivers/STM32H7xx_HAL_Driver/Src/stm32h7xx_hal_flash_ex.c:559:36
	ldr	r0, [sp, #8]
	.loc	5 559 45 is_stmt 0              @ ../Drivers/STM32H7xx_HAL_Driver/Src/stm32h7xx_hal_flash_ex.c:559:45
	ldr	r0, [r0, #72]
	.loc	5 559 7                         @ ../Drivers/STM32H7xx_HAL_Driver/Src/stm32h7xx_hal_flash_ex.c:559:7
	bl	FLASH_OB_CPUFreq_BoostConfig
	.loc	5 560 5 is_stmt 1               @ ../Drivers/STM32H7xx_HAL_Driver/Src/stm32h7xx_hal_flash_ex.c:560:5
	b	.LBB4_30
.Ltmp127:
.LBB4_30:
	.loc	5 562 3                         @ ../Drivers/STM32H7xx_HAL_Driver/Src/stm32h7xx_hal_flash_ex.c:562:3
	b	.LBB4_31
.Ltmp128:
.LBB4_31:
	.loc	5 565 3                         @ ../Drivers/STM32H7xx_HAL_Driver/Src/stm32h7xx_hal_flash_ex.c:565:3
	b	.LBB4_32
.LBB4_32:
.Ltmp129:
	.loc	5 565 3 is_stmt 0               @ ../Drivers/STM32H7xx_HAL_Driver/Src/stm32h7xx_hal_flash_ex.c:565:3
	movw	r1, :lower16:pFlash
	movt	r1, :upper16:pFlash
	movs	r0, #0
	strb	r0, [r1, #20]
	b	.LBB4_33
.Ltmp130:
.LBB4_33:
	.loc	5 567 10 is_stmt 1              @ ../Drivers/STM32H7xx_HAL_Driver/Src/stm32h7xx_hal_flash_ex.c:567:10
	ldrb.w	r0, [sp, #7]
	.loc	5 567 3 is_stmt 0               @ ../Drivers/STM32H7xx_HAL_Driver/Src/stm32h7xx_hal_flash_ex.c:567:3
	strb.w	r0, [sp, #15]
	b	.LBB4_34
.LBB4_34:
	.loc	5 568 1 is_stmt 1               @ ../Drivers/STM32H7xx_HAL_Driver/Src/stm32h7xx_hal_flash_ex.c:568:1
	ldrb.w	r0, [sp, #15]
	.loc	5 568 1 epilogue_begin is_stmt 0 @ ../Drivers/STM32H7xx_HAL_Driver/Src/stm32h7xx_hal_flash_ex.c:568:1
	add	sp, #16
	pop	{r7, pc}
.Ltmp131:
.Lfunc_end4:
	.size	HAL_FLASHEx_OBProgram, .Lfunc_end4-HAL_FLASHEx_OBProgram
	.cfi_endproc
	.cantunwind
	.fnend
                                        @ -- End function
	.section	.text.FLASH_OB_EnableWRP,"ax",%progbits
	.p2align	3                               @ -- Begin function FLASH_OB_EnableWRP
	.type	FLASH_OB_EnableWRP,%function
	.code	16                              @ @FLASH_OB_EnableWRP
	.thumb_func
FLASH_OB_EnableWRP:
.Lfunc_begin5:
	.loc	5 1252 0 is_stmt 1              @ ../Drivers/STM32H7xx_HAL_Driver/Src/stm32h7xx_hal_flash_ex.c:1252:0
	.fnstart
	.cfi_startproc
@ %bb.0:
	.pad	#8
	sub	sp, #8
	.cfi_def_cfa_offset 8
	str	r0, [sp, #4]
	str	r1, [sp]
.Ltmp132:
	.loc	5 1257 6 prologue_end           @ ../Drivers/STM32H7xx_HAL_Driver/Src/stm32h7xx_hal_flash_ex.c:1257:6
	ldrb.w	r0, [sp]
	lsls	r0, r0, #31
	cbz	r0, .LBB5_2
	b	.LBB5_1
.LBB5_1:
.Ltmp133:
	.loc	5 1260 28                       @ ../Drivers/STM32H7xx_HAL_Driver/Src/stm32h7xx_hal_flash_ex.c:1260:28
	ldr	r1, [sp, #4]
	mvn	r0, #255
	.loc	5 1260 26 is_stmt 0             @ ../Drivers/STM32H7xx_HAL_Driver/Src/stm32h7xx_hal_flash_ex.c:1260:26
	orn	r2, r0, r1
	movw	r1, #8252
	movt	r1, #20992
	.loc	5 1260 22                       @ ../Drivers/STM32H7xx_HAL_Driver/Src/stm32h7xx_hal_flash_ex.c:1260:22
	ldr	r0, [r1]
	ands	r0, r2
	str	r0, [r1]
	.loc	5 1261 3 is_stmt 1              @ ../Drivers/STM32H7xx_HAL_Driver/Src/stm32h7xx_hal_flash_ex.c:1261:3
	b	.LBB5_2
.Ltmp134:
.LBB5_2:
	.loc	5 1270 1 epilogue_begin         @ ../Drivers/STM32H7xx_HAL_Driver/Src/stm32h7xx_hal_flash_ex.c:1270:1
	add	sp, #8
	bx	lr
.Ltmp135:
.Lfunc_end5:
	.size	FLASH_OB_EnableWRP, .Lfunc_end5-FLASH_OB_EnableWRP
	.cfi_endproc
	.cantunwind
	.fnend
                                        @ -- End function
	.section	.text.FLASH_OB_DisableWRP,"ax",%progbits
	.p2align	3                               @ -- Begin function FLASH_OB_DisableWRP
	.type	FLASH_OB_DisableWRP,%function
	.code	16                              @ @FLASH_OB_DisableWRP
	.thumb_func
FLASH_OB_DisableWRP:
.Lfunc_begin6:
	.loc	5 1287 0                        @ ../Drivers/STM32H7xx_HAL_Driver/Src/stm32h7xx_hal_flash_ex.c:1287:0
	.fnstart
	.cfi_startproc
@ %bb.0:
	.pad	#8
	sub	sp, #8
	.cfi_def_cfa_offset 8
	str	r0, [sp, #4]
	str	r1, [sp]
.Ltmp136:
	.loc	5 1292 6 prologue_end           @ ../Drivers/STM32H7xx_HAL_Driver/Src/stm32h7xx_hal_flash_ex.c:1292:6
	ldrb.w	r0, [sp]
	lsls	r0, r0, #31
	cbz	r0, .LBB6_2
	b	.LBB6_1
.LBB6_1:
.Ltmp137:
	.loc	5 1295 26                       @ ../Drivers/STM32H7xx_HAL_Driver/Src/stm32h7xx_hal_flash_ex.c:1295:26
	ldrb.w	r2, [sp, #4]
	movw	r1, #8252
	movt	r1, #20992
	.loc	5 1295 22 is_stmt 0             @ ../Drivers/STM32H7xx_HAL_Driver/Src/stm32h7xx_hal_flash_ex.c:1295:22
	ldr	r0, [r1]
	orrs	r0, r2
	str	r0, [r1]
	.loc	5 1296 3 is_stmt 1              @ ../Drivers/STM32H7xx_HAL_Driver/Src/stm32h7xx_hal_flash_ex.c:1296:3
	b	.LBB6_2
.Ltmp138:
.LBB6_2:
	.loc	5 1305 1 epilogue_begin         @ ../Drivers/STM32H7xx_HAL_Driver/Src/stm32h7xx_hal_flash_ex.c:1305:1
	add	sp, #8
	bx	lr
.Ltmp139:
.Lfunc_end6:
	.size	FLASH_OB_DisableWRP, .Lfunc_end6-FLASH_OB_DisableWRP
	.cfi_endproc
	.cantunwind
	.fnend
                                        @ -- End function
	.section	.text.FLASH_OB_RDPConfig,"ax",%progbits
	.p2align	3                               @ -- Begin function FLASH_OB_RDPConfig
	.type	FLASH_OB_RDPConfig,%function
	.code	16                              @ @FLASH_OB_RDPConfig
	.thumb_func
FLASH_OB_RDPConfig:
.Lfunc_begin7:
	.loc	5 1372 0                        @ ../Drivers/STM32H7xx_HAL_Driver/Src/stm32h7xx_hal_flash_ex.c:1372:0
	.fnstart
	.cfi_startproc
@ %bb.0:
	.pad	#4
	sub	sp, #4
	.cfi_def_cfa_offset 4
	str	r0, [sp]
	movw	r1, #8224
	movt	r1, #20992
.Ltmp140:
	.loc	5 1377 3 prologue_end           @ ../Drivers/STM32H7xx_HAL_Driver/Src/stm32h7xx_hal_flash_ex.c:1377:3
	ldr	r0, [r1]
	bic	r0, r0, #65280
	ldr	r2, [sp]
	orrs	r0, r2
	str	r0, [r1]
	.loc	5 1378 1 epilogue_begin         @ ../Drivers/STM32H7xx_HAL_Driver/Src/stm32h7xx_hal_flash_ex.c:1378:1
	add	sp, #4
	bx	lr
.Ltmp141:
.Lfunc_end7:
	.size	FLASH_OB_RDPConfig, .Lfunc_end7-FLASH_OB_RDPConfig
	.cfi_endproc
	.cantunwind
	.fnend
                                        @ -- End function
	.section	.text.FLASH_OB_UserConfig,"ax",%progbits
	.p2align	3                               @ -- Begin function FLASH_OB_UserConfig
	.type	FLASH_OB_UserConfig,%function
	.code	16                              @ @FLASH_OB_UserConfig
	.thumb_func
FLASH_OB_UserConfig:
.Lfunc_begin8:
	.loc	5 1445 0                        @ ../Drivers/STM32H7xx_HAL_Driver/Src/stm32h7xx_hal_flash_ex.c:1445:0
	.fnstart
	.cfi_startproc
@ %bb.0:
	.pad	#16
	sub	sp, #16
	.cfi_def_cfa_offset 16
	str	r0, [sp, #12]
	str	r1, [sp, #8]
	movs	r0, #0
.Ltmp142:
	.loc	5 1446 12 prologue_end          @ ../Drivers/STM32H7xx_HAL_Driver/Src/stm32h7xx_hal_flash_ex.c:1446:12
	str	r0, [sp, #4]
	.loc	5 1447 12                       @ ../Drivers/STM32H7xx_HAL_Driver/Src/stm32h7xx_hal_flash_ex.c:1447:12
	str	r0, [sp]
	.loc	5 1452 6                        @ ../Drivers/STM32H7xx_HAL_Driver/Src/stm32h7xx_hal_flash_ex.c:1452:6
	ldrb.w	r0, [sp, #12]
	lsls	r0, r0, #31
	cbz	r0, .LBB8_2
	b	.LBB8_1
.LBB8_1:
.Ltmp143:
	.loc	5 1458 22                       @ ../Drivers/STM32H7xx_HAL_Driver/Src/stm32h7xx_hal_flash_ex.c:1458:22
	ldr	r0, [sp, #8]
	.loc	5 1458 33 is_stmt 0             @ ../Drivers/STM32H7xx_HAL_Driver/Src/stm32h7xx_hal_flash_ex.c:1458:33
	and	r1, r0, #16
	.loc	5 1458 18                       @ ../Drivers/STM32H7xx_HAL_Driver/Src/stm32h7xx_hal_flash_ex.c:1458:18
	ldr	r0, [sp, #4]
	orrs	r0, r1
	str	r0, [sp, #4]
	.loc	5 1459 19 is_stmt 1             @ ../Drivers/STM32H7xx_HAL_Driver/Src/stm32h7xx_hal_flash_ex.c:1459:19
	ldr	r0, [sp]
	orr	r0, r0, #16
	str	r0, [sp]
	.loc	5 1460 3                        @ ../Drivers/STM32H7xx_HAL_Driver/Src/stm32h7xx_hal_flash_ex.c:1460:3
	b	.LBB8_2
.Ltmp144:
.LBB8_2:
	.loc	5 1472 6                        @ ../Drivers/STM32H7xx_HAL_Driver/Src/stm32h7xx_hal_flash_ex.c:1472:6
	ldrb.w	r0, [sp, #12]
	lsls	r0, r0, #30
	cmp	r0, #0
	bpl	.LBB8_4
	b	.LBB8_3
.LBB8_3:
.Ltmp145:
	.loc	5 1478 22                       @ ../Drivers/STM32H7xx_HAL_Driver/Src/stm32h7xx_hal_flash_ex.c:1478:22
	ldr	r0, [sp, #8]
	.loc	5 1478 33 is_stmt 0             @ ../Drivers/STM32H7xx_HAL_Driver/Src/stm32h7xx_hal_flash_ex.c:1478:33
	and	r1, r0, #64
	.loc	5 1478 18                       @ ../Drivers/STM32H7xx_HAL_Driver/Src/stm32h7xx_hal_flash_ex.c:1478:18
	ldr	r0, [sp, #4]
	orrs	r0, r1
	str	r0, [sp, #4]
	.loc	5 1479 19 is_stmt 1             @ ../Drivers/STM32H7xx_HAL_Driver/Src/stm32h7xx_hal_flash_ex.c:1479:19
	ldr	r0, [sp]
	orr	r0, r0, #64
	str	r0, [sp]
	.loc	5 1480 3                        @ ../Drivers/STM32H7xx_HAL_Driver/Src/stm32h7xx_hal_flash_ex.c:1480:3
	b	.LBB8_4
.Ltmp146:
.LBB8_4:
	.loc	5 1482 6                        @ ../Drivers/STM32H7xx_HAL_Driver/Src/stm32h7xx_hal_flash_ex.c:1482:6
	ldrb.w	r0, [sp, #12]
	lsls	r0, r0, #29
	cmp	r0, #0
	bpl	.LBB8_6
	b	.LBB8_5
.LBB8_5:
.Ltmp147:
	.loc	5 1488 22                       @ ../Drivers/STM32H7xx_HAL_Driver/Src/stm32h7xx_hal_flash_ex.c:1488:22
	ldr	r0, [sp, #8]
	.loc	5 1488 33 is_stmt 0             @ ../Drivers/STM32H7xx_HAL_Driver/Src/stm32h7xx_hal_flash_ex.c:1488:33
	and	r1, r0, #128
	.loc	5 1488 18                       @ ../Drivers/STM32H7xx_HAL_Driver/Src/stm32h7xx_hal_flash_ex.c:1488:18
	ldr	r0, [sp, #4]
	orrs	r0, r1
	str	r0, [sp, #4]
	.loc	5 1489 19 is_stmt 1             @ ../Drivers/STM32H7xx_HAL_Driver/Src/stm32h7xx_hal_flash_ex.c:1489:19
	ldr	r0, [sp]
	orr	r0, r0, #128
	str	r0, [sp]
	.loc	5 1490 3                        @ ../Drivers/STM32H7xx_HAL_Driver/Src/stm32h7xx_hal_flash_ex.c:1490:3
	b	.LBB8_6
.Ltmp148:
.LBB8_6:
	.loc	5 1492 6                        @ ../Drivers/STM32H7xx_HAL_Driver/Src/stm32h7xx_hal_flash_ex.c:1492:6
	ldrb.w	r0, [sp, #12]
	lsls	r0, r0, #28
	cmp	r0, #0
	bpl	.LBB8_8
	b	.LBB8_7
.LBB8_7:
.Ltmp149:
	.loc	5 1498 22                       @ ../Drivers/STM32H7xx_HAL_Driver/Src/stm32h7xx_hal_flash_ex.c:1498:22
	ldr	r0, [sp, #8]
	.loc	5 1498 33 is_stmt 0             @ ../Drivers/STM32H7xx_HAL_Driver/Src/stm32h7xx_hal_flash_ex.c:1498:33
	and	r1, r0, #131072
	.loc	5 1498 18                       @ ../Drivers/STM32H7xx_HAL_Driver/Src/stm32h7xx_hal_flash_ex.c:1498:18
	ldr	r0, [sp, #4]
	orrs	r0, r1
	str	r0, [sp, #4]
	.loc	5 1499 19 is_stmt 1             @ ../Drivers/STM32H7xx_HAL_Driver/Src/stm32h7xx_hal_flash_ex.c:1499:19
	ldr	r0, [sp]
	orr	r0, r0, #131072
	str	r0, [sp]
	.loc	5 1500 3                        @ ../Drivers/STM32H7xx_HAL_Driver/Src/stm32h7xx_hal_flash_ex.c:1500:3
	b	.LBB8_8
.Ltmp150:
.LBB8_8:
	.loc	5 1502 6                        @ ../Drivers/STM32H7xx_HAL_Driver/Src/stm32h7xx_hal_flash_ex.c:1502:6
	ldrb.w	r0, [sp, #12]
	lsls	r0, r0, #27
	cmp	r0, #0
	bpl	.LBB8_10
	b	.LBB8_9
.LBB8_9:
.Ltmp151:
	.loc	5 1508 22                       @ ../Drivers/STM32H7xx_HAL_Driver/Src/stm32h7xx_hal_flash_ex.c:1508:22
	ldr	r0, [sp, #8]
	.loc	5 1508 33 is_stmt 0             @ ../Drivers/STM32H7xx_HAL_Driver/Src/stm32h7xx_hal_flash_ex.c:1508:33
	and	r1, r0, #262144
	.loc	5 1508 18                       @ ../Drivers/STM32H7xx_HAL_Driver/Src/stm32h7xx_hal_flash_ex.c:1508:18
	ldr	r0, [sp, #4]
	orrs	r0, r1
	str	r0, [sp, #4]
	.loc	5 1509 19 is_stmt 1             @ ../Drivers/STM32H7xx_HAL_Driver/Src/stm32h7xx_hal_flash_ex.c:1509:19
	ldr	r0, [sp]
	orr	r0, r0, #262144
	str	r0, [sp]
	.loc	5 1510 3                        @ ../Drivers/STM32H7xx_HAL_Driver/Src/stm32h7xx_hal_flash_ex.c:1510:3
	b	.LBB8_10
.Ltmp152:
.LBB8_10:
	.loc	5 1512 6                        @ ../Drivers/STM32H7xx_HAL_Driver/Src/stm32h7xx_hal_flash_ex.c:1512:6
	ldrb.w	r0, [sp, #12]
	lsls	r0, r0, #26
	cmp	r0, #0
	bpl	.LBB8_12
	b	.LBB8_11
.LBB8_11:
.Ltmp153:
	.loc	5 1518 22                       @ ../Drivers/STM32H7xx_HAL_Driver/Src/stm32h7xx_hal_flash_ex.c:1518:22
	ldr	r0, [sp, #8]
	.loc	5 1518 33 is_stmt 0             @ ../Drivers/STM32H7xx_HAL_Driver/Src/stm32h7xx_hal_flash_ex.c:1518:33
	and	r1, r0, #1572864
	.loc	5 1518 18                       @ ../Drivers/STM32H7xx_HAL_Driver/Src/stm32h7xx_hal_flash_ex.c:1518:18
	ldr	r0, [sp, #4]
	orrs	r0, r1
	str	r0, [sp, #4]
	.loc	5 1519 19 is_stmt 1             @ ../Drivers/STM32H7xx_HAL_Driver/Src/stm32h7xx_hal_flash_ex.c:1519:19
	ldr	r0, [sp]
	orr	r0, r0, #1572864
	str	r0, [sp]
	.loc	5 1520 3                        @ ../Drivers/STM32H7xx_HAL_Driver/Src/stm32h7xx_hal_flash_ex.c:1520:3
	b	.LBB8_12
.Ltmp154:
.LBB8_12:
	.loc	5 1522 6                        @ ../Drivers/STM32H7xx_HAL_Driver/Src/stm32h7xx_hal_flash_ex.c:1522:6
	ldrb.w	r0, [sp, #12]
	lsls	r0, r0, #25
	cmp	r0, #0
	bpl	.LBB8_14
	b	.LBB8_13
.LBB8_13:
.Ltmp155:
	.loc	5 1528 22                       @ ../Drivers/STM32H7xx_HAL_Driver/Src/stm32h7xx_hal_flash_ex.c:1528:22
	ldr	r0, [sp, #8]
	.loc	5 1528 33 is_stmt 0             @ ../Drivers/STM32H7xx_HAL_Driver/Src/stm32h7xx_hal_flash_ex.c:1528:33
	and	r1, r0, #2097152
	.loc	5 1528 18                       @ ../Drivers/STM32H7xx_HAL_Driver/Src/stm32h7xx_hal_flash_ex.c:1528:18
	ldr	r0, [sp, #4]
	orrs	r0, r1
	str	r0, [sp, #4]
	.loc	5 1529 19 is_stmt 1             @ ../Drivers/STM32H7xx_HAL_Driver/Src/stm32h7xx_hal_flash_ex.c:1529:19
	ldr	r0, [sp]
	orr	r0, r0, #2097152
	str	r0, [sp]
	.loc	5 1530 3                        @ ../Drivers/STM32H7xx_HAL_Driver/Src/stm32h7xx_hal_flash_ex.c:1530:3
	b	.LBB8_14
.Ltmp156:
.LBB8_14:
	.loc	5 1555 6                        @ ../Drivers/STM32H7xx_HAL_Driver/Src/stm32h7xx_hal_flash_ex.c:1555:6
	ldrb.w	r0, [sp, #13]
	lsls	r0, r0, #27
	cmp	r0, #0
	bpl	.LBB8_16
	b	.LBB8_15
.LBB8_15:
.Ltmp157:
	.loc	5 1561 22                       @ ../Drivers/STM32H7xx_HAL_Driver/Src/stm32h7xx_hal_flash_ex.c:1561:22
	ldr	r0, [sp, #8]
	.loc	5 1561 33 is_stmt 0             @ ../Drivers/STM32H7xx_HAL_Driver/Src/stm32h7xx_hal_flash_ex.c:1561:33
	and	r1, r0, #16777216
	.loc	5 1561 18                       @ ../Drivers/STM32H7xx_HAL_Driver/Src/stm32h7xx_hal_flash_ex.c:1561:18
	ldr	r0, [sp, #4]
	orrs	r0, r1
	str	r0, [sp, #4]
	.loc	5 1562 19 is_stmt 1             @ ../Drivers/STM32H7xx_HAL_Driver/Src/stm32h7xx_hal_flash_ex.c:1562:19
	ldr	r0, [sp]
	orr	r0, r0, #16777216
	str	r0, [sp]
	.loc	5 1563 3                        @ ../Drivers/STM32H7xx_HAL_Driver/Src/stm32h7xx_hal_flash_ex.c:1563:3
	b	.LBB8_16
.Ltmp158:
.LBB8_16:
	.loc	5 1565 6                        @ ../Drivers/STM32H7xx_HAL_Driver/Src/stm32h7xx_hal_flash_ex.c:1565:6
	ldrb.w	r0, [sp, #13]
	lsls	r0, r0, #26
	cmp	r0, #0
	bpl	.LBB8_18
	b	.LBB8_17
.LBB8_17:
.Ltmp159:
	.loc	5 1571 22                       @ ../Drivers/STM32H7xx_HAL_Driver/Src/stm32h7xx_hal_flash_ex.c:1571:22
	ldr	r0, [sp, #8]
	.loc	5 1571 33 is_stmt 0             @ ../Drivers/STM32H7xx_HAL_Driver/Src/stm32h7xx_hal_flash_ex.c:1571:33
	and	r1, r0, #33554432
	.loc	5 1571 18                       @ ../Drivers/STM32H7xx_HAL_Driver/Src/stm32h7xx_hal_flash_ex.c:1571:18
	ldr	r0, [sp, #4]
	orrs	r0, r1
	str	r0, [sp, #4]
	.loc	5 1572 19 is_stmt 1             @ ../Drivers/STM32H7xx_HAL_Driver/Src/stm32h7xx_hal_flash_ex.c:1572:19
	ldr	r0, [sp]
	orr	r0, r0, #33554432
	str	r0, [sp]
	.loc	5 1573 3                        @ ../Drivers/STM32H7xx_HAL_Driver/Src/stm32h7xx_hal_flash_ex.c:1573:3
	b	.LBB8_18
.Ltmp160:
.LBB8_18:
	.loc	5 1588 6                        @ ../Drivers/STM32H7xx_HAL_Driver/Src/stm32h7xx_hal_flash_ex.c:1588:6
	ldrb.w	r0, [sp, #12]
	lsls	r0, r0, #24
	cmp	r0, #0
	bpl	.LBB8_20
	b	.LBB8_19
.LBB8_19:
.Ltmp161:
	.loc	5 1594 22                       @ ../Drivers/STM32H7xx_HAL_Driver/Src/stm32h7xx_hal_flash_ex.c:1594:22
	ldr	r0, [sp, #8]
	.loc	5 1594 33 is_stmt 0             @ ../Drivers/STM32H7xx_HAL_Driver/Src/stm32h7xx_hal_flash_ex.c:1594:33
	and	r1, r0, #536870912
	.loc	5 1594 18                       @ ../Drivers/STM32H7xx_HAL_Driver/Src/stm32h7xx_hal_flash_ex.c:1594:18
	ldr	r0, [sp, #4]
	orrs	r0, r1
	str	r0, [sp, #4]
	.loc	5 1595 19 is_stmt 1             @ ../Drivers/STM32H7xx_HAL_Driver/Src/stm32h7xx_hal_flash_ex.c:1595:19
	ldr	r0, [sp]
	orr	r0, r0, #536870912
	str	r0, [sp]
	.loc	5 1596 3                        @ ../Drivers/STM32H7xx_HAL_Driver/Src/stm32h7xx_hal_flash_ex.c:1596:3
	b	.LBB8_20
.Ltmp162:
.LBB8_20:
	.loc	5 0 3 is_stmt 0                 @ ../Drivers/STM32H7xx_HAL_Driver/Src/stm32h7xx_hal_flash_ex.c:0:3
	movw	r1, #8224
	movt	r1, #20992
	.loc	5 1611 3 is_stmt 1              @ ../Drivers/STM32H7xx_HAL_Driver/Src/stm32h7xx_hal_flash_ex.c:1611:3
	ldr	r0, [r1]
	ldr	r2, [sp]
	bics	r0, r2
	ldr	r2, [sp, #4]
	orrs	r0, r2
	str	r0, [r1]
	.loc	5 1612 1 epilogue_begin         @ ../Drivers/STM32H7xx_HAL_Driver/Src/stm32h7xx_hal_flash_ex.c:1612:1
	add	sp, #16
	bx	lr
.Ltmp163:
.Lfunc_end8:
	.size	FLASH_OB_UserConfig, .Lfunc_end8-FLASH_OB_UserConfig
	.cfi_endproc
	.cantunwind
	.fnend
                                        @ -- End function
	.section	.text.FLASH_OB_PCROPConfig,"ax",%progbits
	.p2align	3                               @ -- Begin function FLASH_OB_PCROPConfig
	.type	FLASH_OB_PCROPConfig,%function
	.code	16                              @ @FLASH_OB_PCROPConfig
	.thumb_func
FLASH_OB_PCROPConfig:
.Lfunc_begin9:
	.loc	5 1667 0                        @ ../Drivers/STM32H7xx_HAL_Driver/Src/stm32h7xx_hal_flash_ex.c:1667:0
	.fnstart
	.cfi_startproc
@ %bb.0:
	.pad	#16
	sub	sp, #16
	.cfi_def_cfa_offset 16
	str	r0, [sp, #12]
	str	r1, [sp, #8]
	str	r2, [sp, #4]
	str	r3, [sp]
.Ltmp164:
	.loc	5 1672 6 prologue_end           @ ../Drivers/STM32H7xx_HAL_Driver/Src/stm32h7xx_hal_flash_ex.c:1672:6
	ldrb.w	r0, [sp]
	lsls	r0, r0, #31
	cbz	r0, .LBB9_2
	b	.LBB9_1
.LBB9_1:
.Ltmp165:
	.loc	5 1678 26                       @ ../Drivers/STM32H7xx_HAL_Driver/Src/stm32h7xx_hal_flash_ex.c:1678:26
	ldr	r0, [sp, #8]
	.loc	5 1678 41 is_stmt 0             @ ../Drivers/STM32H7xx_HAL_Driver/Src/stm32h7xx_hal_flash_ex.c:1678:41
	add.w	r1, r0, #-134217728
	.loc	5 1679 27 is_stmt 1             @ ../Drivers/STM32H7xx_HAL_Driver/Src/stm32h7xx_hal_flash_ex.c:1679:27
	ldr	r0, [sp, #4]
	.loc	5 1679 40 is_stmt 0             @ ../Drivers/STM32H7xx_HAL_Driver/Src/stm32h7xx_hal_flash_ex.c:1679:40
	lsls	r0, r0, #8
	movw	r2, #65535
	.loc	5 1679 66                       @ ../Drivers/STM32H7xx_HAL_Driver/Src/stm32h7xx_hal_flash_ex.c:1679:66
	bics	r0, r2
	.loc	5 1678 99 is_stmt 1             @ ../Drivers/STM32H7xx_HAL_Driver/Src/stm32h7xx_hal_flash_ex.c:1678:99
	orr.w	r0, r0, r1, lsr #8
	.loc	5 1680 24                       @ ../Drivers/STM32H7xx_HAL_Driver/Src/stm32h7xx_hal_flash_ex.c:1680:24
	ldr	r1, [sp, #12]
	.loc	5 1679 99                       @ ../Drivers/STM32H7xx_HAL_Driver/Src/stm32h7xx_hal_flash_ex.c:1679:99
	orrs	r0, r1
	movw	r1, #8236
	movt	r1, #20992
	.loc	5 1678 22                       @ ../Drivers/STM32H7xx_HAL_Driver/Src/stm32h7xx_hal_flash_ex.c:1678:22
	str	r0, [r1]
	.loc	5 1681 3                        @ ../Drivers/STM32H7xx_HAL_Driver/Src/stm32h7xx_hal_flash_ex.c:1681:3
	b	.LBB9_2
.Ltmp166:
.LBB9_2:
	.loc	5 1695 1 epilogue_begin         @ ../Drivers/STM32H7xx_HAL_Driver/Src/stm32h7xx_hal_flash_ex.c:1695:1
	add	sp, #16
	bx	lr
.Ltmp167:
.Lfunc_end9:
	.size	FLASH_OB_PCROPConfig, .Lfunc_end9-FLASH_OB_PCROPConfig
	.cfi_endproc
	.cantunwind
	.fnend
                                        @ -- End function
	.section	.text.FLASH_OB_BOR_LevelConfig,"ax",%progbits
	.p2align	3                               @ -- Begin function FLASH_OB_BOR_LevelConfig
	.type	FLASH_OB_BOR_LevelConfig,%function
	.code	16                              @ @FLASH_OB_BOR_LevelConfig
	.thumb_func
FLASH_OB_BOR_LevelConfig:
.Lfunc_begin10:
	.loc	5 1752 0                        @ ../Drivers/STM32H7xx_HAL_Driver/Src/stm32h7xx_hal_flash_ex.c:1752:0
	.fnstart
	.cfi_startproc
@ %bb.0:
	.pad	#4
	sub	sp, #4
	.cfi_def_cfa_offset 4
	str	r0, [sp]
	movw	r1, #8224
	movt	r1, #20992
.Ltmp168:
	.loc	5 1756 3 prologue_end           @ ../Drivers/STM32H7xx_HAL_Driver/Src/stm32h7xx_hal_flash_ex.c:1756:3
	ldr	r0, [r1]
	bic	r0, r0, #12
	ldr	r2, [sp]
	orrs	r0, r2
	str	r0, [r1]
	.loc	5 1757 1 epilogue_begin         @ ../Drivers/STM32H7xx_HAL_Driver/Src/stm32h7xx_hal_flash_ex.c:1757:1
	add	sp, #4
	bx	lr
.Ltmp169:
.Lfunc_end10:
	.size	FLASH_OB_BOR_LevelConfig, .Lfunc_end10-FLASH_OB_BOR_LevelConfig
	.cfi_endproc
	.cantunwind
	.fnend
                                        @ -- End function
	.section	.text.FLASH_OB_BootAddConfig,"ax",%progbits
	.p2align	3                               @ -- Begin function FLASH_OB_BootAddConfig
	.type	FLASH_OB_BootAddConfig,%function
	.code	16                              @ @FLASH_OB_BootAddConfig
	.thumb_func
FLASH_OB_BootAddConfig:
.Lfunc_begin11:
	.loc	5 1784 0                        @ ../Drivers/STM32H7xx_HAL_Driver/Src/stm32h7xx_hal_flash_ex.c:1784:0
	.fnstart
	.cfi_startproc
@ %bb.0:
	.pad	#12
	sub	sp, #12
	.cfi_def_cfa_offset 12
	str	r0, [sp, #8]
	str	r1, [sp, #4]
	str	r2, [sp]
.Ltmp170:
	.loc	5 1788 6 prologue_end           @ ../Drivers/STM32H7xx_HAL_Driver/Src/stm32h7xx_hal_flash_ex.c:1788:6
	ldrb.w	r0, [sp, #8]
	lsls	r0, r0, #31
	cbz	r0, .LBB11_2
	b	.LBB11_1
.LBB11_1:
	.loc	5 0 6 is_stmt 0                 @ ../Drivers/STM32H7xx_HAL_Driver/Src/stm32h7xx_hal_flash_ex.c:0:6
	movw	r1, #8260
	movt	r1, #20992
.Ltmp171:
	.loc	5 1797 5 is_stmt 1              @ ../Drivers/STM32H7xx_HAL_Driver/Src/stm32h7xx_hal_flash_ex.c:1797:5
	ldr	r0, [r1]
	movw	r2, #65535
	bics	r0, r2
	ldrh.w	r2, [sp, #6]
	add	r0, r2
	str	r0, [r1]
	.loc	5 1799 3                        @ ../Drivers/STM32H7xx_HAL_Driver/Src/stm32h7xx_hal_flash_ex.c:1799:3
	b	.LBB11_2
.Ltmp172:
.LBB11_2:
	.loc	5 1801 6                        @ ../Drivers/STM32H7xx_HAL_Driver/Src/stm32h7xx_hal_flash_ex.c:1801:6
	ldrb.w	r0, [sp, #8]
	lsls	r0, r0, #30
	cmp	r0, #0
	bpl	.LBB11_4
	b	.LBB11_3
.LBB11_3:
	.loc	5 0 6 is_stmt 0                 @ ../Drivers/STM32H7xx_HAL_Driver/Src/stm32h7xx_hal_flash_ex.c:0:6
	movw	r1, #8260
	movt	r1, #20992
.Ltmp173:
	.loc	5 1810 5 is_stmt 1              @ ../Drivers/STM32H7xx_HAL_Driver/Src/stm32h7xx_hal_flash_ex.c:1810:5
	ldr	r0, [r1]
	uxth	r0, r0
	ldr	r2, [sp]
	orrs	r0, r2
	str	r0, [r1]
	.loc	5 1812 3                        @ ../Drivers/STM32H7xx_HAL_Driver/Src/stm32h7xx_hal_flash_ex.c:1812:3
	b	.LBB11_4
.Ltmp174:
.LBB11_4:
	.loc	5 1813 1 epilogue_begin         @ ../Drivers/STM32H7xx_HAL_Driver/Src/stm32h7xx_hal_flash_ex.c:1813:1
	add	sp, #12
	bx	lr
.Ltmp175:
.Lfunc_end11:
	.size	FLASH_OB_BootAddConfig, .Lfunc_end11-FLASH_OB_BootAddConfig
	.cfi_endproc
	.cantunwind
	.fnend
                                        @ -- End function
	.section	.text.FLASH_OB_SecureAreaConfig,"ax",%progbits
	.p2align	3                               @ -- Begin function FLASH_OB_SecureAreaConfig
	.type	FLASH_OB_SecureAreaConfig,%function
	.code	16                              @ @FLASH_OB_SecureAreaConfig
	.thumb_func
FLASH_OB_SecureAreaConfig:
.Lfunc_begin12:
	.loc	5 1906 0                        @ ../Drivers/STM32H7xx_HAL_Driver/Src/stm32h7xx_hal_flash_ex.c:1906:0
	.fnstart
	.cfi_startproc
@ %bb.0:
	.pad	#16
	sub	sp, #16
	.cfi_def_cfa_offset 16
	str	r0, [sp, #12]
	str	r1, [sp, #8]
	str	r2, [sp, #4]
	str	r3, [sp]
.Ltmp176:
	.loc	5 1911 6 prologue_end           @ ../Drivers/STM32H7xx_HAL_Driver/Src/stm32h7xx_hal_flash_ex.c:1911:6
	ldrb.w	r0, [sp]
	lsls	r0, r0, #31
	cbz	r0, .LBB12_2
	b	.LBB12_1
.LBB12_1:
.Ltmp177:
	.loc	5 1918 26                       @ ../Drivers/STM32H7xx_HAL_Driver/Src/stm32h7xx_hal_flash_ex.c:1918:26
	ldr	r0, [sp, #8]
	.loc	5 1918 46 is_stmt 0             @ ../Drivers/STM32H7xx_HAL_Driver/Src/stm32h7xx_hal_flash_ex.c:1918:46
	add.w	r1, r0, #-134217728
	.loc	5 1919 27 is_stmt 1             @ ../Drivers/STM32H7xx_HAL_Driver/Src/stm32h7xx_hal_flash_ex.c:1919:27
	ldr	r0, [sp, #4]
	.loc	5 1919 45 is_stmt 0             @ ../Drivers/STM32H7xx_HAL_Driver/Src/stm32h7xx_hal_flash_ex.c:1919:45
	lsls	r0, r0, #8
	movw	r2, #65535
	.loc	5 1919 71                       @ ../Drivers/STM32H7xx_HAL_Driver/Src/stm32h7xx_hal_flash_ex.c:1919:71
	bics	r0, r2
	.loc	5 1918 103 is_stmt 1            @ ../Drivers/STM32H7xx_HAL_Driver/Src/stm32h7xx_hal_flash_ex.c:1918:103
	orr.w	r0, r0, r1, lsr #8
	.loc	5 1920 25                       @ ../Drivers/STM32H7xx_HAL_Driver/Src/stm32h7xx_hal_flash_ex.c:1920:25
	ldr	r1, [sp, #12]
	.loc	5 1920 42 is_stmt 0             @ ../Drivers/STM32H7xx_HAL_Driver/Src/stm32h7xx_hal_flash_ex.c:1920:42
	and	r1, r1, #-2147483648
	.loc	5 1919 103 is_stmt 1            @ ../Drivers/STM32H7xx_HAL_Driver/Src/stm32h7xx_hal_flash_ex.c:1919:103
	orrs	r0, r1
	movw	r1, #8244
	movt	r1, #20992
	.loc	5 1918 22                       @ ../Drivers/STM32H7xx_HAL_Driver/Src/stm32h7xx_hal_flash_ex.c:1918:22
	str	r0, [r1]
	.loc	5 1921 3                        @ ../Drivers/STM32H7xx_HAL_Driver/Src/stm32h7xx_hal_flash_ex.c:1921:3
	b	.LBB12_2
.Ltmp178:
.LBB12_2:
	.loc	5 1936 1 epilogue_begin         @ ../Drivers/STM32H7xx_HAL_Driver/Src/stm32h7xx_hal_flash_ex.c:1936:1
	add	sp, #16
	bx	lr
.Ltmp179:
.Lfunc_end12:
	.size	FLASH_OB_SecureAreaConfig, .Lfunc_end12-FLASH_OB_SecureAreaConfig
	.cfi_endproc
	.cantunwind
	.fnend
                                        @ -- End function
	.section	.text.FLASH_OB_SharedRAM_Config,"ax",%progbits
	.p2align	3                               @ -- Begin function FLASH_OB_SharedRAM_Config
	.type	FLASH_OB_SharedRAM_Config,%function
	.code	16                              @ @FLASH_OB_SharedRAM_Config
	.thumb_func
FLASH_OB_SharedRAM_Config:
.Lfunc_begin13:
	.loc	5 2074 0                        @ ../Drivers/STM32H7xx_HAL_Driver/Src/stm32h7xx_hal_flash_ex.c:2074:0
	.fnstart
	.cfi_startproc
@ %bb.0:
	.pad	#4
	sub	sp, #4
	.cfi_def_cfa_offset 4
	str	r0, [sp]
	movw	r1, #8308
	movt	r1, #20992
.Ltmp180:
	.loc	5 2079 3 prologue_end           @ ../Drivers/STM32H7xx_HAL_Driver/Src/stm32h7xx_hal_flash_ex.c:2079:3
	ldr	r0, [r1]
	bic	r0, r0, #3
	ldr	r2, [sp]
	orrs	r0, r2
	str	r0, [r1]
	.loc	5 2080 1 epilogue_begin         @ ../Drivers/STM32H7xx_HAL_Driver/Src/stm32h7xx_hal_flash_ex.c:2080:1
	add	sp, #4
	bx	lr
.Ltmp181:
.Lfunc_end13:
	.size	FLASH_OB_SharedRAM_Config, .Lfunc_end13-FLASH_OB_SharedRAM_Config
	.cfi_endproc
	.cantunwind
	.fnend
                                        @ -- End function
	.section	.text.FLASH_OB_CPUFreq_BoostConfig,"ax",%progbits
	.p2align	3                               @ -- Begin function FLASH_OB_CPUFreq_BoostConfig
	.type	FLASH_OB_CPUFreq_BoostConfig,%function
	.code	16                              @ @FLASH_OB_CPUFreq_BoostConfig
	.thumb_func
FLASH_OB_CPUFreq_BoostConfig:
.Lfunc_begin14:
	.loc	5 2101 0                        @ ../Drivers/STM32H7xx_HAL_Driver/Src/stm32h7xx_hal_flash_ex.c:2101:0
	.fnstart
	.cfi_startproc
@ %bb.0:
	.pad	#4
	sub	sp, #4
	.cfi_def_cfa_offset 4
	str	r0, [sp]
	movw	r1, #8308
	movt	r1, #20992
.Ltmp182:
	.loc	5 2106 3 prologue_end           @ ../Drivers/STM32H7xx_HAL_Driver/Src/stm32h7xx_hal_flash_ex.c:2106:3
	ldr	r0, [r1]
	bic	r0, r0, #4
	ldr	r2, [sp]
	orrs	r0, r2
	str	r0, [r1]
	.loc	5 2107 1 epilogue_begin         @ ../Drivers/STM32H7xx_HAL_Driver/Src/stm32h7xx_hal_flash_ex.c:2107:1
	add	sp, #4
	bx	lr
.Ltmp183:
.Lfunc_end14:
	.size	FLASH_OB_CPUFreq_BoostConfig, .Lfunc_end14-FLASH_OB_CPUFreq_BoostConfig
	.cfi_endproc
	.cantunwind
	.fnend
                                        @ -- End function
	.section	.text.HAL_FLASHEx_OBGetConfig,"ax",%progbits
	.hidden	HAL_FLASHEx_OBGetConfig         @ -- Begin function HAL_FLASHEx_OBGetConfig
	.globl	HAL_FLASHEx_OBGetConfig
	.p2align	3
	.type	HAL_FLASHEx_OBGetConfig,%function
	.code	16                              @ @HAL_FLASHEx_OBGetConfig
	.thumb_func
HAL_FLASHEx_OBGetConfig:
.Lfunc_begin15:
	.loc	5 580 0                         @ ../Drivers/STM32H7xx_HAL_Driver/Src/stm32h7xx_hal_flash_ex.c:580:0
	.fnstart
	.cfi_startproc
@ %bb.0:
	.save	{r7, lr}
	push	{r7, lr}
	.cfi_def_cfa_offset 8
	.cfi_offset lr, -4
	.cfi_offset r7, -8
	.pad	#8
	sub	sp, #8
	.cfi_def_cfa_offset 16
	str	r0, [sp, #4]
.Ltmp184:
	.loc	5 581 3 prologue_end            @ ../Drivers/STM32H7xx_HAL_Driver/Src/stm32h7xx_hal_flash_ex.c:581:3
	ldr	r1, [sp, #4]
	movs	r0, #22
	.loc	5 581 23 is_stmt 0              @ ../Drivers/STM32H7xx_HAL_Driver/Src/stm32h7xx_hal_flash_ex.c:581:23
	str	r0, [r1]
	.loc	5 584 23 is_stmt 1              @ ../Drivers/STM32H7xx_HAL_Driver/Src/stm32h7xx_hal_flash_ex.c:584:23
	bl	FLASH_OB_GetRDP
	.loc	5 584 3 is_stmt 0               @ ../Drivers/STM32H7xx_HAL_Driver/Src/stm32h7xx_hal_flash_ex.c:584:3
	ldr	r1, [sp, #4]
	.loc	5 584 21                        @ ../Drivers/STM32H7xx_HAL_Driver/Src/stm32h7xx_hal_flash_ex.c:584:21
	str	r0, [r1, #12]
	.loc	5 587 25 is_stmt 1              @ ../Drivers/STM32H7xx_HAL_Driver/Src/stm32h7xx_hal_flash_ex.c:587:25
	bl	FLASH_OB_GetUser
	.loc	5 587 3 is_stmt 0               @ ../Drivers/STM32H7xx_HAL_Driver/Src/stm32h7xx_hal_flash_ex.c:587:3
	ldr	r1, [sp, #4]
	.loc	5 587 23                        @ ../Drivers/STM32H7xx_HAL_Driver/Src/stm32h7xx_hal_flash_ex.c:587:23
	str	r0, [r1, #24]
	.loc	5 590 23 is_stmt 1              @ ../Drivers/STM32H7xx_HAL_Driver/Src/stm32h7xx_hal_flash_ex.c:590:23
	bl	FLASH_OB_GetBOR
	.loc	5 590 3 is_stmt 0               @ ../Drivers/STM32H7xx_HAL_Driver/Src/stm32h7xx_hal_flash_ex.c:590:3
	ldr	r1, [sp, #4]
	.loc	5 590 21                        @ ../Drivers/STM32H7xx_HAL_Driver/Src/stm32h7xx_hal_flash_ex.c:590:21
	str	r0, [r1, #16]
.Ltmp185:
	.loc	5 595 7 is_stmt 1               @ ../Drivers/STM32H7xx_HAL_Driver/Src/stm32h7xx_hal_flash_ex.c:595:7
	ldr	r0, [sp, #4]
	.loc	5 595 16 is_stmt 0              @ ../Drivers/STM32H7xx_HAL_Driver/Src/stm32h7xx_hal_flash_ex.c:595:16
	ldr	r0, [r0, #28]
.Ltmp186:
	.loc	5 595 7                         @ ../Drivers/STM32H7xx_HAL_Driver/Src/stm32h7xx_hal_flash_ex.c:595:7
	cmp	r0, #1
	bne	.LBB15_2
	b	.LBB15_1
.LBB15_1:
.Ltmp187:
	.loc	5 598 5 is_stmt 1               @ ../Drivers/STM32H7xx_HAL_Driver/Src/stm32h7xx_hal_flash_ex.c:598:5
	ldr	r1, [sp, #4]
	.loc	5 598 25 is_stmt 0              @ ../Drivers/STM32H7xx_HAL_Driver/Src/stm32h7xx_hal_flash_ex.c:598:25
	ldr	r0, [r1]
	orr	r0, r0, #41
	str	r0, [r1]
	.loc	5 601 23 is_stmt 1              @ ../Drivers/STM32H7xx_HAL_Driver/Src/stm32h7xx_hal_flash_ex.c:601:23
	ldr	r2, [sp, #4]
	.loc	5 601 32 is_stmt 0              @ ../Drivers/STM32H7xx_HAL_Driver/Src/stm32h7xx_hal_flash_ex.c:601:32
	adds	r0, r2, #4
	.loc	5 601 54                        @ ../Drivers/STM32H7xx_HAL_Driver/Src/stm32h7xx_hal_flash_ex.c:601:54
	add.w	r1, r2, #8
	.loc	5 601 75                        @ ../Drivers/STM32H7xx_HAL_Driver/Src/stm32h7xx_hal_flash_ex.c:601:75
	ldr	r2, [r2, #28]
	.loc	5 601 5                         @ ../Drivers/STM32H7xx_HAL_Driver/Src/stm32h7xx_hal_flash_ex.c:601:5
	bl	FLASH_OB_GetWRP
	.loc	5 604 25 is_stmt 1              @ ../Drivers/STM32H7xx_HAL_Driver/Src/stm32h7xx_hal_flash_ex.c:604:25
	ldr	r3, [sp, #4]
	.loc	5 604 34 is_stmt 0              @ ../Drivers/STM32H7xx_HAL_Driver/Src/stm32h7xx_hal_flash_ex.c:604:34
	add.w	r0, r3, #32
	.loc	5 604 59                        @ ../Drivers/STM32H7xx_HAL_Driver/Src/stm32h7xx_hal_flash_ex.c:604:59
	add.w	r1, r3, #36
	.loc	5 604 87                        @ ../Drivers/STM32H7xx_HAL_Driver/Src/stm32h7xx_hal_flash_ex.c:604:87
	add.w	r2, r3, #40
	.loc	5 604 111                       @ ../Drivers/STM32H7xx_HAL_Driver/Src/stm32h7xx_hal_flash_ex.c:604:111
	ldr	r3, [r3, #28]
	.loc	5 604 5                         @ ../Drivers/STM32H7xx_HAL_Driver/Src/stm32h7xx_hal_flash_ex.c:604:5
	bl	FLASH_OB_GetPCROP
	.loc	5 607 30 is_stmt 1              @ ../Drivers/STM32H7xx_HAL_Driver/Src/stm32h7xx_hal_flash_ex.c:607:30
	ldr	r3, [sp, #4]
	.loc	5 607 39 is_stmt 0              @ ../Drivers/STM32H7xx_HAL_Driver/Src/stm32h7xx_hal_flash_ex.c:607:39
	add.w	r0, r3, #56
	.loc	5 607 69                        @ ../Drivers/STM32H7xx_HAL_Driver/Src/stm32h7xx_hal_flash_ex.c:607:69
	add.w	r1, r3, #60
	.loc	5 607 102                       @ ../Drivers/STM32H7xx_HAL_Driver/Src/stm32h7xx_hal_flash_ex.c:607:102
	add.w	r2, r3, #64
	.loc	5 607 131                       @ ../Drivers/STM32H7xx_HAL_Driver/Src/stm32h7xx_hal_flash_ex.c:607:131
	ldr	r3, [r3, #28]
	.loc	5 607 5                         @ ../Drivers/STM32H7xx_HAL_Driver/Src/stm32h7xx_hal_flash_ex.c:607:5
	bl	FLASH_OB_GetSecureArea
	.loc	5 608 3 is_stmt 1               @ ../Drivers/STM32H7xx_HAL_Driver/Src/stm32h7xx_hal_flash_ex.c:608:3
	b	.LBB15_2
.Ltmp188:
.LBB15_2:
	.loc	5 611 25                        @ ../Drivers/STM32H7xx_HAL_Driver/Src/stm32h7xx_hal_flash_ex.c:611:25
	ldr	r1, [sp, #4]
	.loc	5 611 34 is_stmt 0              @ ../Drivers/STM32H7xx_HAL_Driver/Src/stm32h7xx_hal_flash_ex.c:611:34
	add.w	r0, r1, #48
	.loc	5 611 57                        @ ../Drivers/STM32H7xx_HAL_Driver/Src/stm32h7xx_hal_flash_ex.c:611:57
	adds	r1, #52
	.loc	5 611 3                         @ ../Drivers/STM32H7xx_HAL_Driver/Src/stm32h7xx_hal_flash_ex.c:611:3
	bl	FLASH_OB_GetBootAdd
	.loc	5 618 3 is_stmt 1               @ ../Drivers/STM32H7xx_HAL_Driver/Src/stm32h7xx_hal_flash_ex.c:618:3
	ldr	r1, [sp, #4]
	.loc	5 618 23 is_stmt 0              @ ../Drivers/STM32H7xx_HAL_Driver/Src/stm32h7xx_hal_flash_ex.c:618:23
	ldr	r0, [r1]
	orr	r0, r0, #64
	str	r0, [r1]
	.loc	5 629 3 is_stmt 1               @ ../Drivers/STM32H7xx_HAL_Driver/Src/stm32h7xx_hal_flash_ex.c:629:3
	ldr	r1, [sp, #4]
	.loc	5 629 23 is_stmt 0              @ ../Drivers/STM32H7xx_HAL_Driver/Src/stm32h7xx_hal_flash_ex.c:629:23
	ldr	r0, [r1]
	orr	r0, r0, #256
	str	r0, [r1]
	.loc	5 632 30 is_stmt 1              @ ../Drivers/STM32H7xx_HAL_Driver/Src/stm32h7xx_hal_flash_ex.c:632:30
	bl	FLASH_OB_SharedRAM_GetConfig
	.loc	5 632 3 is_stmt 0               @ ../Drivers/STM32H7xx_HAL_Driver/Src/stm32h7xx_hal_flash_ex.c:632:3
	ldr	r1, [sp, #4]
	.loc	5 632 28                        @ ../Drivers/STM32H7xx_HAL_Driver/Src/stm32h7xx_hal_flash_ex.c:632:28
	str	r0, [r1, #68]
	.loc	5 636 3 is_stmt 1               @ ../Drivers/STM32H7xx_HAL_Driver/Src/stm32h7xx_hal_flash_ex.c:636:3
	ldr	r1, [sp, #4]
	.loc	5 636 23 is_stmt 0              @ ../Drivers/STM32H7xx_HAL_Driver/Src/stm32h7xx_hal_flash_ex.c:636:23
	ldr	r0, [r1]
	orr	r0, r0, #512
	str	r0, [r1]
	.loc	5 639 29 is_stmt 1              @ ../Drivers/STM32H7xx_HAL_Driver/Src/stm32h7xx_hal_flash_ex.c:639:29
	bl	FLASH_OB_CPUFreq_GetBoost
	.loc	5 639 3 is_stmt 0               @ ../Drivers/STM32H7xx_HAL_Driver/Src/stm32h7xx_hal_flash_ex.c:639:3
	ldr	r1, [sp, #4]
	.loc	5 639 27                        @ ../Drivers/STM32H7xx_HAL_Driver/Src/stm32h7xx_hal_flash_ex.c:639:27
	str	r0, [r1, #72]
	.loc	5 641 1 epilogue_begin is_stmt 1 @ ../Drivers/STM32H7xx_HAL_Driver/Src/stm32h7xx_hal_flash_ex.c:641:1
	add	sp, #8
	pop	{r7, pc}
.Ltmp189:
.Lfunc_end15:
	.size	HAL_FLASHEx_OBGetConfig, .Lfunc_end15-HAL_FLASHEx_OBGetConfig
	.cfi_endproc
	.cantunwind
	.fnend
                                        @ -- End function
	.section	.text.FLASH_OB_GetRDP,"ax",%progbits
	.p2align	3                               @ -- Begin function FLASH_OB_GetRDP
	.type	FLASH_OB_GetRDP,%function
	.code	16                              @ @FLASH_OB_GetRDP
	.thumb_func
FLASH_OB_GetRDP:
.Lfunc_begin16:
	.loc	5 1389 0                        @ ../Drivers/STM32H7xx_HAL_Driver/Src/stm32h7xx_hal_flash_ex.c:1389:0
	.fnstart
	.cfi_startproc
@ %bb.0:
	.pad	#8
	sub	sp, #8
	.cfi_def_cfa_offset 8
	movw	r0, #8220
	movt	r0, #20992
.Ltmp190:
	.loc	5 1390 24 prologue_end          @ ../Drivers/STM32H7xx_HAL_Driver/Src/stm32h7xx_hal_flash_ex.c:1390:24
	ldr	r0, [r0]
	and	r0, r0, #65280
	.loc	5 1390 12 is_stmt 0             @ ../Drivers/STM32H7xx_HAL_Driver/Src/stm32h7xx_hal_flash_ex.c:1390:12
	str	r0, [sp]
.Ltmp191:
	.loc	5 1392 8 is_stmt 1              @ ../Drivers/STM32H7xx_HAL_Driver/Src/stm32h7xx_hal_flash_ex.c:1392:8
	ldr	r0, [sp]
	.loc	5 1392 37 is_stmt 0             @ ../Drivers/STM32H7xx_HAL_Driver/Src/stm32h7xx_hal_flash_ex.c:1392:37
	cmp.w	r0, #43520
	beq	.LBB16_3
	b	.LBB16_1
.LBB16_1:
	.loc	5 1392 41                       @ ../Drivers/STM32H7xx_HAL_Driver/Src/stm32h7xx_hal_flash_ex.c:1392:41
	ldr	r0, [sp]
.Ltmp192:
	.loc	5 1392 7                        @ ../Drivers/STM32H7xx_HAL_Driver/Src/stm32h7xx_hal_flash_ex.c:1392:7
	cmp.w	r0, #52224
	beq	.LBB16_3
	b	.LBB16_2
.LBB16_2:
	.loc	5 0 7                           @ ../Drivers/STM32H7xx_HAL_Driver/Src/stm32h7xx_hal_flash_ex.c:0:7
	mov.w	r0, #21760
.Ltmp193:
	.loc	5 1394 5 is_stmt 1              @ ../Drivers/STM32H7xx_HAL_Driver/Src/stm32h7xx_hal_flash_ex.c:1394:5
	str	r0, [sp, #4]
	b	.LBB16_4
.Ltmp194:
.LBB16_3:
	.loc	5 1398 12                       @ ../Drivers/STM32H7xx_HAL_Driver/Src/stm32h7xx_hal_flash_ex.c:1398:12
	ldr	r0, [sp]
	.loc	5 1398 5 is_stmt 0              @ ../Drivers/STM32H7xx_HAL_Driver/Src/stm32h7xx_hal_flash_ex.c:1398:5
	str	r0, [sp, #4]
	b	.LBB16_4
.Ltmp195:
.LBB16_4:
	.loc	5 1400 1 is_stmt 1              @ ../Drivers/STM32H7xx_HAL_Driver/Src/stm32h7xx_hal_flash_ex.c:1400:1
	ldr	r0, [sp, #4]
	.loc	5 1400 1 epilogue_begin is_stmt 0 @ ../Drivers/STM32H7xx_HAL_Driver/Src/stm32h7xx_hal_flash_ex.c:1400:1
	add	sp, #8
	bx	lr
.Ltmp196:
.Lfunc_end16:
	.size	FLASH_OB_GetRDP, .Lfunc_end16-FLASH_OB_GetRDP
	.cfi_endproc
	.cantunwind
	.fnend
                                        @ -- End function
	.section	.text.FLASH_OB_GetUser,"ax",%progbits
	.p2align	3                               @ -- Begin function FLASH_OB_GetUser
	.type	FLASH_OB_GetUser,%function
	.code	16                              @ @FLASH_OB_GetUser
	.thumb_func
FLASH_OB_GetUser:
.Lfunc_begin17:
	.loc	5 1633 0 is_stmt 1              @ ../Drivers/STM32H7xx_HAL_Driver/Src/stm32h7xx_hal_flash_ex.c:1633:0
	.fnstart
	.cfi_startproc
@ %bb.0:
	.pad	#4
	sub	sp, #4
	.cfi_def_cfa_offset 4
	movw	r0, #8220
	movt	r0, #20992
.Ltmp197:
	.loc	5 1634 25 prologue_end          @ ../Drivers/STM32H7xx_HAL_Driver/Src/stm32h7xx_hal_flash_ex.c:1634:25
	ldr	r0, [r0]
	.loc	5 1634 12 is_stmt 0             @ ../Drivers/STM32H7xx_HAL_Driver/Src/stm32h7xx_hal_flash_ex.c:1634:12
	str	r0, [sp]
	.loc	5 1635 14 is_stmt 1             @ ../Drivers/STM32H7xx_HAL_Driver/Src/stm32h7xx_hal_flash_ex.c:1635:14
	ldr	r0, [sp]
	movw	r1, #65292
	bics	r0, r1
	str	r0, [sp]
	.loc	5 1637 10                       @ ../Drivers/STM32H7xx_HAL_Driver/Src/stm32h7xx_hal_flash_ex.c:1637:10
	ldr	r0, [sp]
	.loc	5 1637 3 epilogue_begin is_stmt 0 @ ../Drivers/STM32H7xx_HAL_Driver/Src/stm32h7xx_hal_flash_ex.c:1637:3
	add	sp, #4
	bx	lr
.Ltmp198:
.Lfunc_end17:
	.size	FLASH_OB_GetUser, .Lfunc_end17-FLASH_OB_GetUser
	.cfi_endproc
	.cantunwind
	.fnend
                                        @ -- End function
	.section	.text.FLASH_OB_GetBOR,"ax",%progbits
	.p2align	3                               @ -- Begin function FLASH_OB_GetBOR
	.type	FLASH_OB_GetBOR,%function
	.code	16                              @ @FLASH_OB_GetBOR
	.thumb_func
FLASH_OB_GetBOR:
.Lfunc_begin18:
	.loc	5 1769 0 is_stmt 1              @ ../Drivers/STM32H7xx_HAL_Driver/Src/stm32h7xx_hal_flash_ex.c:1769:0
	.fnstart
	.cfi_startproc
@ %bb.0:
	movw	r0, #8220
	movt	r0, #20992
.Ltmp199:
	.loc	5 1770 18 prologue_end          @ ../Drivers/STM32H7xx_HAL_Driver/Src/stm32h7xx_hal_flash_ex.c:1770:18
	ldr	r0, [r0]
	.loc	5 1770 28 is_stmt 0             @ ../Drivers/STM32H7xx_HAL_Driver/Src/stm32h7xx_hal_flash_ex.c:1770:28
	and	r0, r0, #12
	.loc	5 1770 3                        @ ../Drivers/STM32H7xx_HAL_Driver/Src/stm32h7xx_hal_flash_ex.c:1770:3
	bx	lr
.Ltmp200:
.Lfunc_end18:
	.size	FLASH_OB_GetBOR, .Lfunc_end18-FLASH_OB_GetBOR
	.cfi_endproc
	.cantunwind
	.fnend
                                        @ -- End function
	.section	.text.FLASH_OB_GetWRP,"ax",%progbits
	.p2align	3                               @ -- Begin function FLASH_OB_GetWRP
	.type	FLASH_OB_GetWRP,%function
	.code	16                              @ @FLASH_OB_GetWRP
	.thumb_func
FLASH_OB_GetWRP:
.Lfunc_begin19:
	.loc	5 1326 0 is_stmt 1              @ ../Drivers/STM32H7xx_HAL_Driver/Src/stm32h7xx_hal_flash_ex.c:1326:0
	.fnstart
	.cfi_startproc
@ %bb.0:
	.pad	#16
	sub	sp, #16
	.cfi_def_cfa_offset 16
	str	r0, [sp, #12]
	str	r1, [sp, #8]
	str	r2, [sp, #4]
	movs	r0, #0
.Ltmp201:
	.loc	5 1327 12 prologue_end          @ ../Drivers/STM32H7xx_HAL_Driver/Src/stm32h7xx_hal_flash_ex.c:1327:12
	str	r0, [sp]
.Ltmp202:
	.loc	5 1329 6                        @ ../Drivers/STM32H7xx_HAL_Driver/Src/stm32h7xx_hal_flash_ex.c:1329:6
	ldr	r0, [sp, #4]
.Ltmp203:
	.loc	5 1329 6 is_stmt 0              @ ../Drivers/STM32H7xx_HAL_Driver/Src/stm32h7xx_hal_flash_ex.c:1329:6
	cmp	r0, #1
	bne	.LBB19_2
	b	.LBB19_1
.LBB19_1:
	.loc	5 0 6                           @ ../Drivers/STM32H7xx_HAL_Driver/Src/stm32h7xx_hal_flash_ex.c:0:6
	movw	r0, #8248
	movt	r0, #20992
.Ltmp204:
	.loc	5 1331 23 is_stmt 1             @ ../Drivers/STM32H7xx_HAL_Driver/Src/stm32h7xx_hal_flash_ex.c:1331:23
	ldr	r0, [r0]
	.loc	5 1331 14 is_stmt 0             @ ../Drivers/STM32H7xx_HAL_Driver/Src/stm32h7xx_hal_flash_ex.c:1331:14
	str	r0, [sp]
	.loc	5 1332 3 is_stmt 1              @ ../Drivers/STM32H7xx_HAL_Driver/Src/stm32h7xx_hal_flash_ex.c:1332:3
	b	.LBB19_2
.Ltmp205:
.LBB19_2:
	.loc	5 1341 20                       @ ../Drivers/STM32H7xx_HAL_Driver/Src/stm32h7xx_hal_flash_ex.c:1341:20
	ldrb.w	r0, [sp]
	.loc	5 1341 19 is_stmt 0             @ ../Drivers/STM32H7xx_HAL_Driver/Src/stm32h7xx_hal_flash_ex.c:1341:19
	eor	r0, r0, #255
	.loc	5 1341 5                        @ ../Drivers/STM32H7xx_HAL_Driver/Src/stm32h7xx_hal_flash_ex.c:1341:5
	ldr	r1, [sp, #8]
	.loc	5 1341 16                       @ ../Drivers/STM32H7xx_HAL_Driver/Src/stm32h7xx_hal_flash_ex.c:1341:16
	str	r0, [r1]
.Ltmp206:
	.loc	5 1343 7 is_stmt 1              @ ../Drivers/STM32H7xx_HAL_Driver/Src/stm32h7xx_hal_flash_ex.c:1343:7
	ldr	r0, [sp, #8]
	.loc	5 1343 6 is_stmt 0              @ ../Drivers/STM32H7xx_HAL_Driver/Src/stm32h7xx_hal_flash_ex.c:1343:6
	ldr	r0, [r0]
.Ltmp207:
	.loc	5 1343 6                        @ ../Drivers/STM32H7xx_HAL_Driver/Src/stm32h7xx_hal_flash_ex.c:1343:6
	cbnz	r0, .LBB19_4
	b	.LBB19_3
.LBB19_3:
.Ltmp208:
	.loc	5 1345 7 is_stmt 1              @ ../Drivers/STM32H7xx_HAL_Driver/Src/stm32h7xx_hal_flash_ex.c:1345:7
	ldr	r1, [sp, #12]
	movs	r0, #0
	.loc	5 1345 17 is_stmt 0             @ ../Drivers/STM32H7xx_HAL_Driver/Src/stm32h7xx_hal_flash_ex.c:1345:17
	str	r0, [r1]
	.loc	5 1346 3 is_stmt 1              @ ../Drivers/STM32H7xx_HAL_Driver/Src/stm32h7xx_hal_flash_ex.c:1346:3
	b	.LBB19_5
.Ltmp209:
.LBB19_4:
	.loc	5 1349 7                        @ ../Drivers/STM32H7xx_HAL_Driver/Src/stm32h7xx_hal_flash_ex.c:1349:7
	ldr	r1, [sp, #12]
	movs	r0, #1
	.loc	5 1349 17 is_stmt 0             @ ../Drivers/STM32H7xx_HAL_Driver/Src/stm32h7xx_hal_flash_ex.c:1349:17
	str	r0, [r1]
	b	.LBB19_5
.Ltmp210:
.LBB19_5:
	.loc	5 1351 1 epilogue_begin is_stmt 1 @ ../Drivers/STM32H7xx_HAL_Driver/Src/stm32h7xx_hal_flash_ex.c:1351:1
	add	sp, #16
	bx	lr
.Ltmp211:
.Lfunc_end19:
	.size	FLASH_OB_GetWRP, .Lfunc_end19-FLASH_OB_GetWRP
	.cfi_endproc
	.cantunwind
	.fnend
                                        @ -- End function
	.section	.text.FLASH_OB_GetPCROP,"ax",%progbits
	.p2align	3                               @ -- Begin function FLASH_OB_GetPCROP
	.type	FLASH_OB_GetPCROP,%function
	.code	16                              @ @FLASH_OB_GetPCROP
	.thumb_func
FLASH_OB_GetPCROP:
.Lfunc_begin20:
	.loc	5 1716 0                        @ ../Drivers/STM32H7xx_HAL_Driver/Src/stm32h7xx_hal_flash_ex.c:1716:0
	.fnstart
	.cfi_startproc
@ %bb.0:
	.pad	#24
	sub	sp, #24
	.cfi_def_cfa_offset 24
	str	r0, [sp, #20]
	str	r1, [sp, #16]
	str	r2, [sp, #12]
	str	r3, [sp, #8]
	movs	r0, #0
.Ltmp212:
	.loc	5 1717 12 prologue_end          @ ../Drivers/STM32H7xx_HAL_Driver/Src/stm32h7xx_hal_flash_ex.c:1717:12
	str	r0, [sp, #4]
	.loc	5 1718 12                       @ ../Drivers/STM32H7xx_HAL_Driver/Src/stm32h7xx_hal_flash_ex.c:1718:12
	str	r0, [sp]
.Ltmp213:
	.loc	5 1720 6                        @ ../Drivers/STM32H7xx_HAL_Driver/Src/stm32h7xx_hal_flash_ex.c:1720:6
	ldr	r0, [sp, #8]
.Ltmp214:
	.loc	5 1720 6 is_stmt 0              @ ../Drivers/STM32H7xx_HAL_Driver/Src/stm32h7xx_hal_flash_ex.c:1720:6
	cmp	r0, #1
	bne	.LBB20_2
	b	.LBB20_1
.LBB20_1:
	.loc	5 0 6                           @ ../Drivers/STM32H7xx_HAL_Driver/Src/stm32h7xx_hal_flash_ex.c:0:6
	movw	r0, #8232
	movt	r0, #20992
.Ltmp215:
	.loc	5 1722 23 is_stmt 1             @ ../Drivers/STM32H7xx_HAL_Driver/Src/stm32h7xx_hal_flash_ex.c:1722:23
	ldr	r0, [r0]
	.loc	5 1722 14 is_stmt 0             @ ../Drivers/STM32H7xx_HAL_Driver/Src/stm32h7xx_hal_flash_ex.c:1722:14
	str	r0, [sp, #4]
	mov.w	r0, #134217728
	.loc	5 1723 14 is_stmt 1             @ ../Drivers/STM32H7xx_HAL_Driver/Src/stm32h7xx_hal_flash_ex.c:1723:14
	str	r0, [sp]
	.loc	5 1724 3                        @ ../Drivers/STM32H7xx_HAL_Driver/Src/stm32h7xx_hal_flash_ex.c:1724:3
	b	.LBB20_2
.Ltmp216:
.LBB20_2:
	.loc	5 1734 22                       @ ../Drivers/STM32H7xx_HAL_Driver/Src/stm32h7xx_hal_flash_ex.c:1734:22
	ldr	r0, [sp, #4]
	.loc	5 1734 31 is_stmt 0             @ ../Drivers/STM32H7xx_HAL_Driver/Src/stm32h7xx_hal_flash_ex.c:1734:31
	and	r0, r0, #-2147483648
	.loc	5 1734 5                        @ ../Drivers/STM32H7xx_HAL_Driver/Src/stm32h7xx_hal_flash_ex.c:1734:5
	ldr	r1, [sp, #20]
	.loc	5 1734 18                       @ ../Drivers/STM32H7xx_HAL_Driver/Src/stm32h7xx_hal_flash_ex.c:1734:18
	str	r0, [r1]
	.loc	5 1736 25 is_stmt 1             @ ../Drivers/STM32H7xx_HAL_Driver/Src/stm32h7xx_hal_flash_ex.c:1736:25
	ldr	r1, [sp, #4]
	.loc	5 1736 34 is_stmt 0             @ ../Drivers/STM32H7xx_HAL_Driver/Src/stm32h7xx_hal_flash_ex.c:1736:34
	bfc	r1, #12, #20
	.loc	5 1736 72                       @ ../Drivers/STM32H7xx_HAL_Driver/Src/stm32h7xx_hal_flash_ex.c:1736:72
	ldr	r0, [sp]
	.loc	5 1736 70                       @ ../Drivers/STM32H7xx_HAL_Driver/Src/stm32h7xx_hal_flash_ex.c:1736:70
	add.w	r0, r0, r1, lsl #8
	.loc	5 1736 5                        @ ../Drivers/STM32H7xx_HAL_Driver/Src/stm32h7xx_hal_flash_ex.c:1736:5
	ldr	r1, [sp, #16]
	.loc	5 1736 21                       @ ../Drivers/STM32H7xx_HAL_Driver/Src/stm32h7xx_hal_flash_ex.c:1736:21
	str	r0, [r1]
	.loc	5 1737 22 is_stmt 1             @ ../Drivers/STM32H7xx_HAL_Driver/Src/stm32h7xx_hal_flash_ex.c:1737:22
	ldr	r0, [sp, #4]
	.loc	5 1737 59 is_stmt 0             @ ../Drivers/STM32H7xx_HAL_Driver/Src/stm32h7xx_hal_flash_ex.c:1737:59
	ubfx	r0, r0, #16, #12
	.loc	5 1737 5                        @ ../Drivers/STM32H7xx_HAL_Driver/Src/stm32h7xx_hal_flash_ex.c:1737:5
	ldr	r1, [sp, #12]
	.loc	5 1737 19                       @ ../Drivers/STM32H7xx_HAL_Driver/Src/stm32h7xx_hal_flash_ex.c:1737:19
	str	r0, [r1]
	.loc	5 1738 24 is_stmt 1             @ ../Drivers/STM32H7xx_HAL_Driver/Src/stm32h7xx_hal_flash_ex.c:1738:24
	ldr	r1, [sp, #12]
	.loc	5 1738 23 is_stmt 0             @ ../Drivers/STM32H7xx_HAL_Driver/Src/stm32h7xx_hal_flash_ex.c:1738:23
	ldr	r2, [r1]
	.loc	5 1738 46                       @ ../Drivers/STM32H7xx_HAL_Driver/Src/stm32h7xx_hal_flash_ex.c:1738:46
	ldr	r0, [sp]
	.loc	5 1738 44                       @ ../Drivers/STM32H7xx_HAL_Driver/Src/stm32h7xx_hal_flash_ex.c:1738:44
	add.w	r0, r0, r2, lsl #8
	.loc	5 1738 19                       @ ../Drivers/STM32H7xx_HAL_Driver/Src/stm32h7xx_hal_flash_ex.c:1738:19
	str	r0, [r1]
	.loc	5 1739 1 epilogue_begin is_stmt 1 @ ../Drivers/STM32H7xx_HAL_Driver/Src/stm32h7xx_hal_flash_ex.c:1739:1
	add	sp, #24
	bx	lr
.Ltmp217:
.Lfunc_end20:
	.size	FLASH_OB_GetPCROP, .Lfunc_end20-FLASH_OB_GetPCROP
	.cfi_endproc
	.cantunwind
	.fnend
                                        @ -- End function
	.section	.text.FLASH_OB_GetSecureArea,"ax",%progbits
	.p2align	3                               @ -- Begin function FLASH_OB_GetSecureArea
	.type	FLASH_OB_GetSecureArea,%function
	.code	16                              @ @FLASH_OB_GetSecureArea
	.thumb_func
FLASH_OB_GetSecureArea:
.Lfunc_begin21:
	.loc	5 1948 0                        @ ../Drivers/STM32H7xx_HAL_Driver/Src/stm32h7xx_hal_flash_ex.c:1948:0
	.fnstart
	.cfi_startproc
@ %bb.0:
	.pad	#24
	sub	sp, #24
	.cfi_def_cfa_offset 24
	str	r0, [sp, #20]
	str	r1, [sp, #16]
	str	r2, [sp, #12]
	str	r3, [sp, #8]
	movs	r0, #0
.Ltmp218:
	.loc	5 1949 12 prologue_end          @ ../Drivers/STM32H7xx_HAL_Driver/Src/stm32h7xx_hal_flash_ex.c:1949:12
	str	r0, [sp, #4]
	.loc	5 1950 12                       @ ../Drivers/STM32H7xx_HAL_Driver/Src/stm32h7xx_hal_flash_ex.c:1950:12
	str	r0, [sp]
.Ltmp219:
	.loc	5 1953 6                        @ ../Drivers/STM32H7xx_HAL_Driver/Src/stm32h7xx_hal_flash_ex.c:1953:6
	ldr	r0, [sp, #8]
.Ltmp220:
	.loc	5 1953 6 is_stmt 0              @ ../Drivers/STM32H7xx_HAL_Driver/Src/stm32h7xx_hal_flash_ex.c:1953:6
	cmp	r0, #1
	bne	.LBB21_2
	b	.LBB21_1
.LBB21_1:
	.loc	5 0 6                           @ ../Drivers/STM32H7xx_HAL_Driver/Src/stm32h7xx_hal_flash_ex.c:0:6
	movw	r0, #8240
	movt	r0, #20992
.Ltmp221:
	.loc	5 1955 23 is_stmt 1             @ ../Drivers/STM32H7xx_HAL_Driver/Src/stm32h7xx_hal_flash_ex.c:1955:23
	ldr	r0, [r0]
	.loc	5 1955 14 is_stmt 0             @ ../Drivers/STM32H7xx_HAL_Driver/Src/stm32h7xx_hal_flash_ex.c:1955:14
	str	r0, [sp, #4]
	mov.w	r0, #134217728
	.loc	5 1956 14 is_stmt 1             @ ../Drivers/STM32H7xx_HAL_Driver/Src/stm32h7xx_hal_flash_ex.c:1956:14
	str	r0, [sp]
	.loc	5 1957 3                        @ ../Drivers/STM32H7xx_HAL_Driver/Src/stm32h7xx_hal_flash_ex.c:1957:3
	b	.LBB21_2
.Ltmp222:
.LBB21_2:
	.loc	5 1968 26                       @ ../Drivers/STM32H7xx_HAL_Driver/Src/stm32h7xx_hal_flash_ex.c:1968:26
	ldr	r0, [sp, #4]
	.loc	5 1968 35 is_stmt 0             @ ../Drivers/STM32H7xx_HAL_Driver/Src/stm32h7xx_hal_flash_ex.c:1968:35
	and	r0, r0, #-2147483648
	.loc	5 1968 5                        @ ../Drivers/STM32H7xx_HAL_Driver/Src/stm32h7xx_hal_flash_ex.c:1968:5
	ldr	r1, [sp, #20]
	.loc	5 1968 23                       @ ../Drivers/STM32H7xx_HAL_Driver/Src/stm32h7xx_hal_flash_ex.c:1968:23
	str	r0, [r1]
	.loc	5 1969 30 is_stmt 1             @ ../Drivers/STM32H7xx_HAL_Driver/Src/stm32h7xx_hal_flash_ex.c:1969:30
	ldr	r1, [sp, #4]
	.loc	5 1969 39 is_stmt 0             @ ../Drivers/STM32H7xx_HAL_Driver/Src/stm32h7xx_hal_flash_ex.c:1969:39
	bfc	r1, #12, #20
	.loc	5 1969 76                       @ ../Drivers/STM32H7xx_HAL_Driver/Src/stm32h7xx_hal_flash_ex.c:1969:76
	ldr	r0, [sp]
	.loc	5 1969 74                       @ ../Drivers/STM32H7xx_HAL_Driver/Src/stm32h7xx_hal_flash_ex.c:1969:74
	add.w	r0, r0, r1, lsl #8
	.loc	5 1969 5                        @ ../Drivers/STM32H7xx_HAL_Driver/Src/stm32h7xx_hal_flash_ex.c:1969:5
	ldr	r1, [sp, #16]
	.loc	5 1969 26                       @ ../Drivers/STM32H7xx_HAL_Driver/Src/stm32h7xx_hal_flash_ex.c:1969:26
	str	r0, [r1]
	.loc	5 1970 27 is_stmt 1             @ ../Drivers/STM32H7xx_HAL_Driver/Src/stm32h7xx_hal_flash_ex.c:1970:27
	ldr	r0, [sp, #4]
	.loc	5 1970 63 is_stmt 0             @ ../Drivers/STM32H7xx_HAL_Driver/Src/stm32h7xx_hal_flash_ex.c:1970:63
	ubfx	r0, r0, #16, #12
	.loc	5 1970 5                        @ ../Drivers/STM32H7xx_HAL_Driver/Src/stm32h7xx_hal_flash_ex.c:1970:5
	ldr	r1, [sp, #12]
	.loc	5 1970 24                       @ ../Drivers/STM32H7xx_HAL_Driver/Src/stm32h7xx_hal_flash_ex.c:1970:24
	str	r0, [r1]
	.loc	5 1971 29 is_stmt 1             @ ../Drivers/STM32H7xx_HAL_Driver/Src/stm32h7xx_hal_flash_ex.c:1971:29
	ldr	r1, [sp, #12]
	.loc	5 1971 28 is_stmt 0             @ ../Drivers/STM32H7xx_HAL_Driver/Src/stm32h7xx_hal_flash_ex.c:1971:28
	ldr	r2, [r1]
	.loc	5 1971 56                       @ ../Drivers/STM32H7xx_HAL_Driver/Src/stm32h7xx_hal_flash_ex.c:1971:56
	ldr	r0, [sp]
	.loc	5 1971 54                       @ ../Drivers/STM32H7xx_HAL_Driver/Src/stm32h7xx_hal_flash_ex.c:1971:54
	add.w	r0, r0, r2, lsl #8
	.loc	5 1971 24                       @ ../Drivers/STM32H7xx_HAL_Driver/Src/stm32h7xx_hal_flash_ex.c:1971:24
	str	r0, [r1]
	.loc	5 1972 1 epilogue_begin is_stmt 1 @ ../Drivers/STM32H7xx_HAL_Driver/Src/stm32h7xx_hal_flash_ex.c:1972:1
	add	sp, #24
	bx	lr
.Ltmp223:
.Lfunc_end21:
	.size	FLASH_OB_GetSecureArea, .Lfunc_end21-FLASH_OB_GetSecureArea
	.cfi_endproc
	.cantunwind
	.fnend
                                        @ -- End function
	.section	.text.FLASH_OB_GetBootAdd,"ax",%progbits
	.p2align	3                               @ -- Begin function FLASH_OB_GetBootAdd
	.type	FLASH_OB_GetBootAdd,%function
	.code	16                              @ @FLASH_OB_GetBootAdd
	.thumb_func
FLASH_OB_GetBootAdd:
.Lfunc_begin22:
	.loc	5 1822 0                        @ ../Drivers/STM32H7xx_HAL_Driver/Src/stm32h7xx_hal_flash_ex.c:1822:0
	.fnstart
	.cfi_startproc
@ %bb.0:
	.pad	#12
	sub	sp, #12
	.cfi_def_cfa_offset 12
	str	r0, [sp, #8]
	str	r1, [sp, #4]
	movw	r0, #8256
	movt	r0, #20992
.Ltmp224:
	.loc	5 1831 21 prologue_end          @ ../Drivers/STM32H7xx_HAL_Driver/Src/stm32h7xx_hal_flash_ex.c:1831:21
	ldr	r0, [r0]
	.loc	5 1831 12 is_stmt 0             @ ../Drivers/STM32H7xx_HAL_Driver/Src/stm32h7xx_hal_flash_ex.c:1831:12
	str	r0, [sp]
	.loc	5 1833 22 is_stmt 1             @ ../Drivers/STM32H7xx_HAL_Driver/Src/stm32h7xx_hal_flash_ex.c:1833:22
	ldr	r0, [sp]
	.loc	5 1833 50 is_stmt 0             @ ../Drivers/STM32H7xx_HAL_Driver/Src/stm32h7xx_hal_flash_ex.c:1833:50
	lsls	r0, r0, #16
	.loc	5 1833 5                        @ ../Drivers/STM32H7xx_HAL_Driver/Src/stm32h7xx_hal_flash_ex.c:1833:5
	ldr	r1, [sp, #8]
	.loc	5 1833 19                       @ ../Drivers/STM32H7xx_HAL_Driver/Src/stm32h7xx_hal_flash_ex.c:1833:19
	str	r0, [r1]
	.loc	5 1834 22 is_stmt 1             @ ../Drivers/STM32H7xx_HAL_Driver/Src/stm32h7xx_hal_flash_ex.c:1834:22
	ldrh.w	r0, [sp, #2]
	lsls	r0, r0, #16
	.loc	5 1834 5 is_stmt 0              @ ../Drivers/STM32H7xx_HAL_Driver/Src/stm32h7xx_hal_flash_ex.c:1834:5
	ldr	r1, [sp, #4]
	.loc	5 1834 19                       @ ../Drivers/STM32H7xx_HAL_Driver/Src/stm32h7xx_hal_flash_ex.c:1834:19
	str	r0, [r1]
	.loc	5 1836 1 epilogue_begin is_stmt 1 @ ../Drivers/STM32H7xx_HAL_Driver/Src/stm32h7xx_hal_flash_ex.c:1836:1
	add	sp, #12
	bx	lr
.Ltmp225:
.Lfunc_end22:
	.size	FLASH_OB_GetBootAdd, .Lfunc_end22-FLASH_OB_GetBootAdd
	.cfi_endproc
	.cantunwind
	.fnend
                                        @ -- End function
	.section	.text.FLASH_OB_SharedRAM_GetConfig,"ax",%progbits
	.p2align	3                               @ -- Begin function FLASH_OB_SharedRAM_GetConfig
	.type	FLASH_OB_SharedRAM_GetConfig,%function
	.code	16                              @ @FLASH_OB_SharedRAM_GetConfig
	.thumb_func
FLASH_OB_SharedRAM_GetConfig:
.Lfunc_begin23:
	.loc	5 2088 0                        @ ../Drivers/STM32H7xx_HAL_Driver/Src/stm32h7xx_hal_flash_ex.c:2088:0
	.fnstart
	.cfi_startproc
@ %bb.0:
	movw	r0, #8304
	movt	r0, #20992
.Ltmp226:
	.loc	5 2089 18 prologue_end          @ ../Drivers/STM32H7xx_HAL_Driver/Src/stm32h7xx_hal_flash_ex.c:2089:18
	ldr	r0, [r0]
	.loc	5 2089 29 is_stmt 0             @ ../Drivers/STM32H7xx_HAL_Driver/Src/stm32h7xx_hal_flash_ex.c:2089:29
	and	r0, r0, #3
	.loc	5 2089 3                        @ ../Drivers/STM32H7xx_HAL_Driver/Src/stm32h7xx_hal_flash_ex.c:2089:3
	bx	lr
.Ltmp227:
.Lfunc_end23:
	.size	FLASH_OB_SharedRAM_GetConfig, .Lfunc_end23-FLASH_OB_SharedRAM_GetConfig
	.cfi_endproc
	.cantunwind
	.fnend
                                        @ -- End function
	.section	.text.FLASH_OB_CPUFreq_GetBoost,"ax",%progbits
	.p2align	3                               @ -- Begin function FLASH_OB_CPUFreq_GetBoost
	.type	FLASH_OB_CPUFreq_GetBoost,%function
	.code	16                              @ @FLASH_OB_CPUFreq_GetBoost
	.thumb_func
FLASH_OB_CPUFreq_GetBoost:
.Lfunc_begin24:
	.loc	5 2115 0 is_stmt 1              @ ../Drivers/STM32H7xx_HAL_Driver/Src/stm32h7xx_hal_flash_ex.c:2115:0
	.fnstart
	.cfi_startproc
@ %bb.0:
	movw	r0, #8304
	movt	r0, #20992
.Ltmp228:
	.loc	5 2116 18 prologue_end          @ ../Drivers/STM32H7xx_HAL_Driver/Src/stm32h7xx_hal_flash_ex.c:2116:18
	ldr	r0, [r0]
	.loc	5 2116 29 is_stmt 0             @ ../Drivers/STM32H7xx_HAL_Driver/Src/stm32h7xx_hal_flash_ex.c:2116:29
	and	r0, r0, #4
	.loc	5 2116 3                        @ ../Drivers/STM32H7xx_HAL_Driver/Src/stm32h7xx_hal_flash_ex.c:2116:3
	bx	lr
.Ltmp229:
.Lfunc_end24:
	.size	FLASH_OB_CPUFreq_GetBoost, .Lfunc_end24-FLASH_OB_CPUFreq_GetBoost
	.cfi_endproc
	.cantunwind
	.fnend
                                        @ -- End function
	.section	.text.HAL_FLASHEx_Unlock_Bank1,"ax",%progbits
	.hidden	HAL_FLASHEx_Unlock_Bank1        @ -- Begin function HAL_FLASHEx_Unlock_Bank1
	.globl	HAL_FLASHEx_Unlock_Bank1
	.p2align	3
	.type	HAL_FLASHEx_Unlock_Bank1,%function
	.code	16                              @ @HAL_FLASHEx_Unlock_Bank1
	.thumb_func
HAL_FLASHEx_Unlock_Bank1:
.Lfunc_begin25:
	.loc	5 648 0 is_stmt 1               @ ../Drivers/STM32H7xx_HAL_Driver/Src/stm32h7xx_hal_flash_ex.c:648:0
	.fnstart
	.cfi_startproc
@ %bb.0:
	.pad	#4
	sub	sp, #4
	.cfi_def_cfa_offset 4
	movw	r0, #8204
	movt	r0, #20992
.Ltmp230:
	.loc	5 649 6 prologue_end            @ ../Drivers/STM32H7xx_HAL_Driver/Src/stm32h7xx_hal_flash_ex.c:649:6
	ldr	r0, [r0]
.Ltmp231:
	.loc	5 649 6 is_stmt 0               @ ../Drivers/STM32H7xx_HAL_Driver/Src/stm32h7xx_hal_flash_ex.c:649:6
	lsls	r0, r0, #31
	cbz	r0, .LBB25_4
	b	.LBB25_1
.LBB25_1:
	.loc	5 0 6                           @ ../Drivers/STM32H7xx_HAL_Driver/Src/stm32h7xx_hal_flash_ex.c:0:6
	movw	r1, #8196
	movt	r1, #20992
	movw	r0, #291
	movt	r0, #17767
.Ltmp232:
	.loc	5 652 5 is_stmt 1               @ ../Drivers/STM32H7xx_HAL_Driver/Src/stm32h7xx_hal_flash_ex.c:652:5
	str	r0, [r1]
	movw	r0, #35243
	movt	r0, #52719
	.loc	5 653 5                         @ ../Drivers/STM32H7xx_HAL_Driver/Src/stm32h7xx_hal_flash_ex.c:653:5
	str	r0, [r1]
	movw	r0, #8204
	movt	r0, #20992
.Ltmp233:
	.loc	5 656 9                         @ ../Drivers/STM32H7xx_HAL_Driver/Src/stm32h7xx_hal_flash_ex.c:656:9
	ldr	r0, [r0]
.Ltmp234:
	.loc	5 656 9 is_stmt 0               @ ../Drivers/STM32H7xx_HAL_Driver/Src/stm32h7xx_hal_flash_ex.c:656:9
	lsls	r0, r0, #31
	cbz	r0, .LBB25_3
	b	.LBB25_2
.LBB25_2:
	.loc	5 0 9                           @ ../Drivers/STM32H7xx_HAL_Driver/Src/stm32h7xx_hal_flash_ex.c:0:9
	movs	r0, #1
.Ltmp235:
	.loc	5 658 7 is_stmt 1               @ ../Drivers/STM32H7xx_HAL_Driver/Src/stm32h7xx_hal_flash_ex.c:658:7
	strb.w	r0, [sp, #3]
	b	.LBB25_5
.Ltmp236:
.LBB25_3:
	.loc	5 660 3                         @ ../Drivers/STM32H7xx_HAL_Driver/Src/stm32h7xx_hal_flash_ex.c:660:3
	b	.LBB25_4
.Ltmp237:
.LBB25_4:
	.loc	5 0 3 is_stmt 0                 @ ../Drivers/STM32H7xx_HAL_Driver/Src/stm32h7xx_hal_flash_ex.c:0:3
	movs	r0, #0
	.loc	5 662 3 is_stmt 1               @ ../Drivers/STM32H7xx_HAL_Driver/Src/stm32h7xx_hal_flash_ex.c:662:3
	strb.w	r0, [sp, #3]
	b	.LBB25_5
.LBB25_5:
	.loc	5 663 1                         @ ../Drivers/STM32H7xx_HAL_Driver/Src/stm32h7xx_hal_flash_ex.c:663:1
	ldrb.w	r0, [sp, #3]
	.loc	5 663 1 epilogue_begin is_stmt 0 @ ../Drivers/STM32H7xx_HAL_Driver/Src/stm32h7xx_hal_flash_ex.c:663:1
	add	sp, #4
	bx	lr
.Ltmp238:
.Lfunc_end25:
	.size	HAL_FLASHEx_Unlock_Bank1, .Lfunc_end25-HAL_FLASHEx_Unlock_Bank1
	.cfi_endproc
	.cantunwind
	.fnend
                                        @ -- End function
	.section	.text.HAL_FLASHEx_Lock_Bank1,"ax",%progbits
	.hidden	HAL_FLASHEx_Lock_Bank1          @ -- Begin function HAL_FLASHEx_Lock_Bank1
	.globl	HAL_FLASHEx_Lock_Bank1
	.p2align	3
	.type	HAL_FLASHEx_Lock_Bank1,%function
	.code	16                              @ @HAL_FLASHEx_Lock_Bank1
	.thumb_func
HAL_FLASHEx_Lock_Bank1:
.Lfunc_begin26:
	.loc	5 670 0 is_stmt 1               @ ../Drivers/STM32H7xx_HAL_Driver/Src/stm32h7xx_hal_flash_ex.c:670:0
	.fnstart
	.cfi_startproc
@ %bb.0:
	movw	r1, #8204
	movt	r1, #20992
.Ltmp239:
	.loc	5 672 3 prologue_end            @ ../Drivers/STM32H7xx_HAL_Driver/Src/stm32h7xx_hal_flash_ex.c:672:3
	ldr	r0, [r1]
	orr	r0, r0, #1
	str	r0, [r1]
	movs	r0, #0
	.loc	5 673 3                         @ ../Drivers/STM32H7xx_HAL_Driver/Src/stm32h7xx_hal_flash_ex.c:673:3
	bx	lr
.Ltmp240:
.Lfunc_end26:
	.size	HAL_FLASHEx_Lock_Bank1, .Lfunc_end26-HAL_FLASHEx_Lock_Bank1
	.cfi_endproc
	.cantunwind
	.fnend
                                        @ -- End function
	.section	.text.HAL_FLASHEx_ComputeCRC,"ax",%progbits
	.hidden	HAL_FLASHEx_ComputeCRC          @ -- Begin function HAL_FLASHEx_ComputeCRC
	.globl	HAL_FLASHEx_ComputeCRC
	.p2align	3
	.type	HAL_FLASHEx_ComputeCRC,%function
	.code	16                              @ @HAL_FLASHEx_ComputeCRC
	.thumb_func
HAL_FLASHEx_ComputeCRC:
.Lfunc_begin27:
	.loc	5 723 0                         @ ../Drivers/STM32H7xx_HAL_Driver/Src/stm32h7xx_hal_flash_ex.c:723:0
	.fnstart
	.cfi_startproc
@ %bb.0:
	.save	{r7, lr}
	push	{r7, lr}
	.cfi_def_cfa_offset 8
	.cfi_offset lr, -4
	.cfi_offset r7, -8
	.pad	#16
	sub	sp, #16
	.cfi_def_cfa_offset 24
	str	r0, [sp, #12]
	str	r1, [sp, #8]
	movw	r0, #50000
.Ltmp241:
	.loc	5 732 12 prologue_end           @ ../Drivers/STM32H7xx_HAL_Driver/Src/stm32h7xx_hal_flash_ex.c:732:12
	bl	FLASH_OB_WaitForLastOperation
	.loc	5 732 10 is_stmt 0              @ ../Drivers/STM32H7xx_HAL_Driver/Src/stm32h7xx_hal_flash_ex.c:732:10
	strb.w	r0, [sp, #7]
.Ltmp242:
	.loc	5 734 7 is_stmt 1               @ ../Drivers/STM32H7xx_HAL_Driver/Src/stm32h7xx_hal_flash_ex.c:734:7
	ldrb.w	r0, [sp, #7]
.Ltmp243:
	.loc	5 734 7 is_stmt 0               @ ../Drivers/STM32H7xx_HAL_Driver/Src/stm32h7xx_hal_flash_ex.c:734:7
	cmp	r0, #0
	bne.w	.LBB27_14
	b	.LBB27_1
.LBB27_1:
.Ltmp244:
	.loc	5 736 9 is_stmt 1               @ ../Drivers/STM32H7xx_HAL_Driver/Src/stm32h7xx_hal_flash_ex.c:736:9
	ldr	r0, [sp, #12]
	.loc	5 736 19 is_stmt 0              @ ../Drivers/STM32H7xx_HAL_Driver/Src/stm32h7xx_hal_flash_ex.c:736:19
	ldr	r0, [r0, #8]
.Ltmp245:
	.loc	5 736 9                         @ ../Drivers/STM32H7xx_HAL_Driver/Src/stm32h7xx_hal_flash_ex.c:736:9
	cmp	r0, #1
	bne.w	.LBB27_13
	b	.LBB27_2
.LBB27_2:
	.loc	5 0 9                           @ ../Drivers/STM32H7xx_HAL_Driver/Src/stm32h7xx_hal_flash_ex.c:0:9
	movw	r1, #8204
	movt	r1, #20992
.Ltmp246:
	.loc	5 739 18 is_stmt 1              @ ../Drivers/STM32H7xx_HAL_Driver/Src/stm32h7xx_hal_flash_ex.c:739:18
	ldr	r0, [r1]
	orr	r0, r0, #32768
	str	r0, [r1]
	movw	r1, #8212
	movt	r1, #20992
	.loc	5 742 19                        @ ../Drivers/STM32H7xx_HAL_Driver/Src/stm32h7xx_hal_flash_ex.c:742:19
	ldr	r0, [r1]
	orr	r0, r0, #402653184
	str	r0, [r1]
	movw	r1, #8272
	movt	r1, #20992
	.loc	5 744 21                        @ ../Drivers/STM32H7xx_HAL_Driver/Src/stm32h7xx_hal_flash_ex.c:744:21
	ldr	r0, [r1]
	bic	r0, r0, #7340032
	str	r0, [r1]
	.loc	5 746 48                        @ ../Drivers/STM32H7xx_HAL_Driver/Src/stm32h7xx_hal_flash_ex.c:746:48
	ldr	r0, [sp, #12]
	.loc	5 746 80 is_stmt 0              @ ../Drivers/STM32H7xx_HAL_Driver/Src/stm32h7xx_hal_flash_ex.c:746:80
	ldr	r2, [r0]
	.loc	5 746 58                        @ ../Drivers/STM32H7xx_HAL_Driver/Src/stm32h7xx_hal_flash_ex.c:746:58
	ldr	r0, [r0, #4]
	.loc	5 746 46                        @ ../Drivers/STM32H7xx_HAL_Driver/Src/stm32h7xx_hal_flash_ex.c:746:46
	orrs	r0, r2
	.loc	5 746 21                        @ ../Drivers/STM32H7xx_HAL_Driver/Src/stm32h7xx_hal_flash_ex.c:746:21
	ldr	r2, [r1]
	.loc	5 746 68                        @ ../Drivers/STM32H7xx_HAL_Driver/Src/stm32h7xx_hal_flash_ex.c:746:68
	orrs	r0, r2
	.loc	5 746 21                        @ ../Drivers/STM32H7xx_HAL_Driver/Src/stm32h7xx_hal_flash_ex.c:746:21
	orr	r0, r0, #131072
	str	r0, [r1]
.Ltmp247:
	.loc	5 748 11 is_stmt 1              @ ../Drivers/STM32H7xx_HAL_Driver/Src/stm32h7xx_hal_flash_ex.c:748:11
	ldr	r0, [sp, #12]
	.loc	5 748 21 is_stmt 0              @ ../Drivers/STM32H7xx_HAL_Driver/Src/stm32h7xx_hal_flash_ex.c:748:21
	ldr	r0, [r0]
.Ltmp248:
	.loc	5 748 11                        @ ../Drivers/STM32H7xx_HAL_Driver/Src/stm32h7xx_hal_flash_ex.c:748:11
	cmp.w	r0, #256
	bne	.LBB27_8
	b	.LBB27_3
.LBB27_3:
	.loc	5 0 11                          @ ../Drivers/STM32H7xx_HAL_Driver/Src/stm32h7xx_hal_flash_ex.c:0:11
	movw	r1, #8272
	movt	r1, #20992
.Ltmp249:
	.loc	5 751 23 is_stmt 1              @ ../Drivers/STM32H7xx_HAL_Driver/Src/stm32h7xx_hal_flash_ex.c:751:23
	ldr	r0, [r1]
	orr	r0, r0, #1024
	str	r0, [r1]
.Ltmp250:
	.loc	5 754 28                        @ ../Drivers/STM32H7xx_HAL_Driver/Src/stm32h7xx_hal_flash_ex.c:754:28
	ldr	r0, [sp, #12]
	.loc	5 754 38 is_stmt 0              @ ../Drivers/STM32H7xx_HAL_Driver/Src/stm32h7xx_hal_flash_ex.c:754:38
	ldr	r0, [r0, #12]
	.loc	5 754 26                        @ ../Drivers/STM32H7xx_HAL_Driver/Src/stm32h7xx_hal_flash_ex.c:754:26
	str	r0, [sp]
	.loc	5 754 13                        @ ../Drivers/STM32H7xx_HAL_Driver/Src/stm32h7xx_hal_flash_ex.c:754:13
	b	.LBB27_4
.LBB27_4:                               @ =>This Inner Loop Header: Depth=1
.Ltmp251:
	.loc	5 754 46                        @ ../Drivers/STM32H7xx_HAL_Driver/Src/stm32h7xx_hal_flash_ex.c:754:46
	ldr	r0, [sp]
	.loc	5 754 62                        @ ../Drivers/STM32H7xx_HAL_Driver/Src/stm32h7xx_hal_flash_ex.c:754:62
	ldr	r1, [sp, #12]
	.loc	5 754 94                        @ ../Drivers/STM32H7xx_HAL_Driver/Src/stm32h7xx_hal_flash_ex.c:754:94
	ldr	r2, [r1, #12]
	.loc	5 754 72                        @ ../Drivers/STM32H7xx_HAL_Driver/Src/stm32h7xx_hal_flash_ex.c:754:72
	ldr	r1, [r1, #16]
	.loc	5 754 82                        @ ../Drivers/STM32H7xx_HAL_Driver/Src/stm32h7xx_hal_flash_ex.c:754:82
	add	r1, r2
.Ltmp252:
	.loc	5 754 9                         @ ../Drivers/STM32H7xx_HAL_Driver/Src/stm32h7xx_hal_flash_ex.c:754:9
	cmp	r0, r1
	bhs	.LBB27_7
	b	.LBB27_5
.LBB27_5:                               @   in Loop: Header=BB27_4 Depth=1
.Ltmp253:
	.loc	5 756 31 is_stmt 1              @ ../Drivers/STM32H7xx_HAL_Driver/Src/stm32h7xx_hal_flash_ex.c:756:31
	ldr	r0, [sp]
	movs	r1, #1
	.loc	5 756 11 is_stmt 0              @ ../Drivers/STM32H7xx_HAL_Driver/Src/stm32h7xx_hal_flash_ex.c:756:11
	bl	FLASH_CRC_AddSector
	.loc	5 757 9 is_stmt 1               @ ../Drivers/STM32H7xx_HAL_Driver/Src/stm32h7xx_hal_flash_ex.c:757:9
	b	.LBB27_6
.Ltmp254:
.LBB27_6:                               @   in Loop: Header=BB27_4 Depth=1
	.loc	5 754 115                       @ ../Drivers/STM32H7xx_HAL_Driver/Src/stm32h7xx_hal_flash_ex.c:754:115
	ldr	r0, [sp]
	adds	r0, #1
	str	r0, [sp]
	.loc	5 754 9 is_stmt 0               @ ../Drivers/STM32H7xx_HAL_Driver/Src/stm32h7xx_hal_flash_ex.c:754:9
	b	.LBB27_4
.Ltmp255:
.LBB27_7:
	.loc	5 758 7 is_stmt 1               @ ../Drivers/STM32H7xx_HAL_Driver/Src/stm32h7xx_hal_flash_ex.c:758:7
	b	.LBB27_12
.Ltmp256:
.LBB27_8:
	.loc	5 759 16                        @ ../Drivers/STM32H7xx_HAL_Driver/Src/stm32h7xx_hal_flash_ex.c:759:16
	ldr	r0, [sp, #12]
	.loc	5 759 26 is_stmt 0              @ ../Drivers/STM32H7xx_HAL_Driver/Src/stm32h7xx_hal_flash_ex.c:759:26
	ldr	r0, [r0]
	movw	r1, #256
	movt	r1, #64
.Ltmp257:
	.loc	5 759 16                        @ ../Drivers/STM32H7xx_HAL_Driver/Src/stm32h7xx_hal_flash_ex.c:759:16
	cmp	r0, r1
	bne	.LBB27_10
	b	.LBB27_9
.LBB27_9:
	.loc	5 0 16                          @ ../Drivers/STM32H7xx_HAL_Driver/Src/stm32h7xx_hal_flash_ex.c:0:16
	movw	r1, #8272
	movt	r1, #20992
.Ltmp258:
	.loc	5 762 23 is_stmt 1              @ ../Drivers/STM32H7xx_HAL_Driver/Src/stm32h7xx_hal_flash_ex.c:762:23
	ldr	r0, [r1]
	orr	r0, r0, #4194304
	str	r0, [r1]
	.loc	5 763 7                         @ ../Drivers/STM32H7xx_HAL_Driver/Src/stm32h7xx_hal_flash_ex.c:763:7
	b	.LBB27_11
.Ltmp259:
.LBB27_10:
	.loc	5 767 33                        @ ../Drivers/STM32H7xx_HAL_Driver/Src/stm32h7xx_hal_flash_ex.c:767:33
	ldr	r1, [sp, #12]
	.loc	5 767 43 is_stmt 0              @ ../Drivers/STM32H7xx_HAL_Driver/Src/stm32h7xx_hal_flash_ex.c:767:43
	ldr	r0, [r1, #20]
	.loc	5 767 67                        @ ../Drivers/STM32H7xx_HAL_Driver/Src/stm32h7xx_hal_flash_ex.c:767:67
	ldr	r1, [r1, #24]
	movs	r2, #1
	.loc	5 767 9                         @ ../Drivers/STM32H7xx_HAL_Driver/Src/stm32h7xx_hal_flash_ex.c:767:9
	bl	FLASH_CRC_SelectAddress
	b	.LBB27_11
.Ltmp260:
.LBB27_11:
	.loc	5 0 9                           @ ../Drivers/STM32H7xx_HAL_Driver/Src/stm32h7xx_hal_flash_ex.c:0:9
	b	.LBB27_12
.LBB27_12:
	movw	r1, #8272
	movt	r1, #20992
	.loc	5 771 21 is_stmt 1              @ ../Drivers/STM32H7xx_HAL_Driver/Src/stm32h7xx_hal_flash_ex.c:771:21
	ldr	r0, [r1]
	orr	r0, r0, #65536
	str	r0, [r1]
	movw	r0, #50000
	movs	r1, #1
	.loc	5 774 16                        @ ../Drivers/STM32H7xx_HAL_Driver/Src/stm32h7xx_hal_flash_ex.c:774:16
	bl	FLASH_CRC_WaitForLastOperation
	.loc	5 774 14 is_stmt 0              @ ../Drivers/STM32H7xx_HAL_Driver/Src/stm32h7xx_hal_flash_ex.c:774:14
	strb.w	r0, [sp, #7]
	movw	r0, #8284
	movt	r0, #20992
	.loc	5 777 30 is_stmt 1              @ ../Drivers/STM32H7xx_HAL_Driver/Src/stm32h7xx_hal_flash_ex.c:777:30
	ldr	r0, [r0]
	.loc	5 777 9 is_stmt 0               @ ../Drivers/STM32H7xx_HAL_Driver/Src/stm32h7xx_hal_flash_ex.c:777:9
	ldr	r1, [sp, #8]
	.loc	5 777 21                        @ ../Drivers/STM32H7xx_HAL_Driver/Src/stm32h7xx_hal_flash_ex.c:777:21
	str	r0, [r1]
	movw	r1, #8204
	movt	r1, #20992
	.loc	5 780 18 is_stmt 1              @ ../Drivers/STM32H7xx_HAL_Driver/Src/stm32h7xx_hal_flash_ex.c:780:18
	ldr	r0, [r1]
	bic	r0, r0, #32768
	str	r0, [r1]
	movw	r1, #8212
	movt	r1, #20992
	mov.w	r0, #402653184
	.loc	5 783 7                         @ ../Drivers/STM32H7xx_HAL_Driver/Src/stm32h7xx_hal_flash_ex.c:783:7
	str	r0, [r1]
	.loc	5 784 5                         @ ../Drivers/STM32H7xx_HAL_Driver/Src/stm32h7xx_hal_flash_ex.c:784:5
	b	.LBB27_13
.Ltmp261:
.LBB27_13:
	.loc	5 836 3                         @ ../Drivers/STM32H7xx_HAL_Driver/Src/stm32h7xx_hal_flash_ex.c:836:3
	b	.LBB27_14
.Ltmp262:
.LBB27_14:
	.loc	5 838 10                        @ ../Drivers/STM32H7xx_HAL_Driver/Src/stm32h7xx_hal_flash_ex.c:838:10
	ldrb.w	r0, [sp, #7]
	.loc	5 838 3 epilogue_begin is_stmt 0 @ ../Drivers/STM32H7xx_HAL_Driver/Src/stm32h7xx_hal_flash_ex.c:838:3
	add	sp, #16
	pop	{r7, pc}
.Ltmp263:
.Lfunc_end27:
	.size	HAL_FLASHEx_ComputeCRC, .Lfunc_end27-HAL_FLASHEx_ComputeCRC
	.cfi_endproc
	.cantunwind
	.fnend
                                        @ -- End function
	.section	.text.FLASH_CRC_AddSector,"ax",%progbits
	.p2align	3                               @ -- Begin function FLASH_CRC_AddSector
	.type	FLASH_CRC_AddSector,%function
	.code	16                              @ @FLASH_CRC_AddSector
	.thumb_func
FLASH_CRC_AddSector:
.Lfunc_begin28:
	.loc	5 1981 0 is_stmt 1              @ ../Drivers/STM32H7xx_HAL_Driver/Src/stm32h7xx_hal_flash_ex.c:1981:0
	.fnstart
	.cfi_startproc
@ %bb.0:
	.pad	#8
	sub	sp, #8
	.cfi_def_cfa_offset 8
	str	r0, [sp, #4]
	str	r1, [sp]
.Ltmp264:
	.loc	5 1985 7 prologue_end           @ ../Drivers/STM32H7xx_HAL_Driver/Src/stm32h7xx_hal_flash_ex.c:1985:7
	ldr	r0, [sp]
.Ltmp265:
	.loc	5 1985 7 is_stmt 0              @ ../Drivers/STM32H7xx_HAL_Driver/Src/stm32h7xx_hal_flash_ex.c:1985:7
	cmp	r0, #1
	bne	.LBB28_2
	b	.LBB28_1
.LBB28_1:
	.loc	5 0 7                           @ ../Drivers/STM32H7xx_HAL_Driver/Src/stm32h7xx_hal_flash_ex.c:0:7
	movw	r1, #8272
	movt	r1, #20992
.Ltmp266:
	.loc	5 1988 19 is_stmt 1             @ ../Drivers/STM32H7xx_HAL_Driver/Src/stm32h7xx_hal_flash_ex.c:1988:19
	ldr	r0, [r1]
	bic	r0, r0, #7
	str	r0, [r1]
	.loc	5 1991 22                       @ ../Drivers/STM32H7xx_HAL_Driver/Src/stm32h7xx_hal_flash_ex.c:1991:22
	ldr	r0, [sp, #4]
	.loc	5 1991 19 is_stmt 0             @ ../Drivers/STM32H7xx_HAL_Driver/Src/stm32h7xx_hal_flash_ex.c:1991:19
	ldr	r2, [r1]
	.loc	5 1991 29                       @ ../Drivers/STM32H7xx_HAL_Driver/Src/stm32h7xx_hal_flash_ex.c:1991:29
	orrs	r0, r2
	.loc	5 1991 19                       @ ../Drivers/STM32H7xx_HAL_Driver/Src/stm32h7xx_hal_flash_ex.c:1991:19
	orr	r0, r0, #512
	str	r0, [r1]
	.loc	5 1992 3 is_stmt 1              @ ../Drivers/STM32H7xx_HAL_Driver/Src/stm32h7xx_hal_flash_ex.c:1992:3
	b	.LBB28_2
.Ltmp267:
.LBB28_2:
	.loc	5 2003 1 epilogue_begin         @ ../Drivers/STM32H7xx_HAL_Driver/Src/stm32h7xx_hal_flash_ex.c:2003:1
	add	sp, #8
	bx	lr
.Ltmp268:
.Lfunc_end28:
	.size	FLASH_CRC_AddSector, .Lfunc_end28-FLASH_CRC_AddSector
	.cfi_endproc
	.cantunwind
	.fnend
                                        @ -- End function
	.section	.text.FLASH_CRC_SelectAddress,"ax",%progbits
	.p2align	3                               @ -- Begin function FLASH_CRC_SelectAddress
	.type	FLASH_CRC_SelectAddress,%function
	.code	16                              @ @FLASH_CRC_SelectAddress
	.thumb_func
FLASH_CRC_SelectAddress:
.Lfunc_begin29:
	.loc	5 2013 0                        @ ../Drivers/STM32H7xx_HAL_Driver/Src/stm32h7xx_hal_flash_ex.c:2013:0
	.fnstart
	.cfi_startproc
@ %bb.0:
	.pad	#12
	sub	sp, #12
	.cfi_def_cfa_offset 12
	str	r0, [sp, #8]
	str	r1, [sp, #4]
	str	r2, [sp]
.Ltmp269:
	.loc	5 2014 7 prologue_end           @ ../Drivers/STM32H7xx_HAL_Driver/Src/stm32h7xx_hal_flash_ex.c:2014:7
	ldr	r0, [sp]
.Ltmp270:
	.loc	5 2014 7 is_stmt 0              @ ../Drivers/STM32H7xx_HAL_Driver/Src/stm32h7xx_hal_flash_ex.c:2014:7
	cmp	r0, #1
	bne	.LBB29_2
	b	.LBB29_1
.LBB29_1:
.Ltmp271:
	.loc	5 2020 23 is_stmt 1             @ ../Drivers/STM32H7xx_HAL_Driver/Src/stm32h7xx_hal_flash_ex.c:2020:23
	ldr	r0, [sp, #8]
	movw	r1, #8276
	movt	r1, #20992
	.loc	5 2020 21 is_stmt 0             @ ../Drivers/STM32H7xx_HAL_Driver/Src/stm32h7xx_hal_flash_ex.c:2020:21
	str	r0, [r1]
	.loc	5 2021 23 is_stmt 1             @ ../Drivers/STM32H7xx_HAL_Driver/Src/stm32h7xx_hal_flash_ex.c:2021:23
	ldr	r0, [sp, #4]
	movw	r1, #8280
	movt	r1, #20992
	.loc	5 2021 21 is_stmt 0             @ ../Drivers/STM32H7xx_HAL_Driver/Src/stm32h7xx_hal_flash_ex.c:2021:21
	str	r0, [r1]
	.loc	5 2022 3 is_stmt 1              @ ../Drivers/STM32H7xx_HAL_Driver/Src/stm32h7xx_hal_flash_ex.c:2022:3
	b	.LBB29_2
.Ltmp272:
.LBB29_2:
	.loc	5 2034 1 epilogue_begin         @ ../Drivers/STM32H7xx_HAL_Driver/Src/stm32h7xx_hal_flash_ex.c:2034:1
	add	sp, #12
	bx	lr
.Ltmp273:
.Lfunc_end29:
	.size	FLASH_CRC_SelectAddress, .Lfunc_end29-FLASH_CRC_SelectAddress
	.cfi_endproc
	.cantunwind
	.fnend
                                        @ -- End function
	.file	6 "D:\\RM_projects\\h7_final_4\\MDK-ARM" "../Drivers/STM32H7xx_HAL_Driver/Inc\\stm32h7xx_hal_flash_ex.h"
	.section	.debug_abbrev,"",%progbits
	.byte	1                               @ Abbreviation Code
	.byte	17                              @ DW_TAG_compile_unit
	.byte	1                               @ DW_CHILDREN_yes
	.byte	37                              @ DW_AT_producer
	.byte	14                              @ DW_FORM_strp
	.byte	19                              @ DW_AT_language
	.byte	5                               @ DW_FORM_data2
	.byte	3                               @ DW_AT_name
	.byte	14                              @ DW_FORM_strp
	.byte	16                              @ DW_AT_stmt_list
	.byte	23                              @ DW_FORM_sec_offset
	.byte	27                              @ DW_AT_comp_dir
	.byte	14                              @ DW_FORM_strp
	.byte	17                              @ DW_AT_low_pc
	.byte	1                               @ DW_FORM_addr
	.byte	85                              @ DW_AT_ranges
	.byte	23                              @ DW_FORM_sec_offset
	.byte	0                               @ EOM(1)
	.byte	0                               @ EOM(2)
	.byte	2                               @ Abbreviation Code
	.byte	4                               @ DW_TAG_enumeration_type
	.byte	1                               @ DW_CHILDREN_yes
	.byte	73                              @ DW_AT_type
	.byte	19                              @ DW_FORM_ref4
	.byte	11                              @ DW_AT_byte_size
	.byte	11                              @ DW_FORM_data1
	.byte	58                              @ DW_AT_decl_file
	.byte	11                              @ DW_FORM_data1
	.byte	59                              @ DW_AT_decl_line
	.byte	11                              @ DW_FORM_data1
	.byte	0                               @ EOM(1)
	.byte	0                               @ EOM(2)
	.byte	3                               @ Abbreviation Code
	.byte	40                              @ DW_TAG_enumerator
	.byte	0                               @ DW_CHILDREN_no
	.byte	3                               @ DW_AT_name
	.byte	14                              @ DW_FORM_strp
	.byte	28                              @ DW_AT_const_value
	.byte	15                              @ DW_FORM_udata
	.byte	0                               @ EOM(1)
	.byte	0                               @ EOM(2)
	.byte	4                               @ Abbreviation Code
	.byte	36                              @ DW_TAG_base_type
	.byte	0                               @ DW_CHILDREN_no
	.byte	3                               @ DW_AT_name
	.byte	14                              @ DW_FORM_strp
	.byte	62                              @ DW_AT_encoding
	.byte	11                              @ DW_FORM_data1
	.byte	11                              @ DW_AT_byte_size
	.byte	11                              @ DW_FORM_data1
	.byte	0                               @ EOM(1)
	.byte	0                               @ EOM(2)
	.byte	5                               @ Abbreviation Code
	.byte	22                              @ DW_TAG_typedef
	.byte	0                               @ DW_CHILDREN_no
	.byte	73                              @ DW_AT_type
	.byte	19                              @ DW_FORM_ref4
	.byte	3                               @ DW_AT_name
	.byte	14                              @ DW_FORM_strp
	.byte	58                              @ DW_AT_decl_file
	.byte	11                              @ DW_FORM_data1
	.byte	59                              @ DW_AT_decl_line
	.byte	11                              @ DW_FORM_data1
	.byte	0                               @ EOM(1)
	.byte	0                               @ EOM(2)
	.byte	6                               @ Abbreviation Code
	.byte	15                              @ DW_TAG_pointer_type
	.byte	0                               @ DW_CHILDREN_no
	.byte	73                              @ DW_AT_type
	.byte	19                              @ DW_FORM_ref4
	.byte	0                               @ EOM(1)
	.byte	0                               @ EOM(2)
	.byte	7                               @ Abbreviation Code
	.byte	22                              @ DW_TAG_typedef
	.byte	0                               @ DW_CHILDREN_no
	.byte	73                              @ DW_AT_type
	.byte	19                              @ DW_FORM_ref4
	.byte	3                               @ DW_AT_name
	.byte	14                              @ DW_FORM_strp
	.byte	58                              @ DW_AT_decl_file
	.byte	11                              @ DW_FORM_data1
	.byte	59                              @ DW_AT_decl_line
	.byte	5                               @ DW_FORM_data2
	.byte	0                               @ EOM(1)
	.byte	0                               @ EOM(2)
	.byte	8                               @ Abbreviation Code
	.byte	19                              @ DW_TAG_structure_type
	.byte	1                               @ DW_CHILDREN_yes
	.byte	11                              @ DW_AT_byte_size
	.byte	11                              @ DW_FORM_data1
	.byte	58                              @ DW_AT_decl_file
	.byte	11                              @ DW_FORM_data1
	.byte	59                              @ DW_AT_decl_line
	.byte	5                               @ DW_FORM_data2
	.byte	0                               @ EOM(1)
	.byte	0                               @ EOM(2)
	.byte	9                               @ Abbreviation Code
	.byte	13                              @ DW_TAG_member
	.byte	0                               @ DW_CHILDREN_no
	.byte	3                               @ DW_AT_name
	.byte	14                              @ DW_FORM_strp
	.byte	73                              @ DW_AT_type
	.byte	19                              @ DW_FORM_ref4
	.byte	58                              @ DW_AT_decl_file
	.byte	11                              @ DW_FORM_data1
	.byte	59                              @ DW_AT_decl_line
	.byte	5                               @ DW_FORM_data2
	.byte	56                              @ DW_AT_data_member_location
	.byte	11                              @ DW_FORM_data1
	.byte	0                               @ EOM(1)
	.byte	0                               @ EOM(2)
	.byte	10                              @ Abbreviation Code
	.byte	53                              @ DW_TAG_volatile_type
	.byte	0                               @ DW_CHILDREN_no
	.byte	73                              @ DW_AT_type
	.byte	19                              @ DW_FORM_ref4
	.byte	0                               @ EOM(1)
	.byte	0                               @ EOM(2)
	.byte	11                              @ Abbreviation Code
	.byte	1                               @ DW_TAG_array_type
	.byte	1                               @ DW_CHILDREN_yes
	.byte	73                              @ DW_AT_type
	.byte	19                              @ DW_FORM_ref4
	.byte	0                               @ EOM(1)
	.byte	0                               @ EOM(2)
	.byte	12                              @ Abbreviation Code
	.byte	33                              @ DW_TAG_subrange_type
	.byte	0                               @ DW_CHILDREN_no
	.byte	73                              @ DW_AT_type
	.byte	19                              @ DW_FORM_ref4
	.byte	55                              @ DW_AT_count
	.byte	11                              @ DW_FORM_data1
	.byte	0                               @ EOM(1)
	.byte	0                               @ EOM(2)
	.byte	13                              @ Abbreviation Code
	.byte	36                              @ DW_TAG_base_type
	.byte	0                               @ DW_CHILDREN_no
	.byte	3                               @ DW_AT_name
	.byte	14                              @ DW_FORM_strp
	.byte	11                              @ DW_AT_byte_size
	.byte	11                              @ DW_FORM_data1
	.byte	62                              @ DW_AT_encoding
	.byte	11                              @ DW_FORM_data1
	.byte	0                               @ EOM(1)
	.byte	0                               @ EOM(2)
	.byte	14                              @ Abbreviation Code
	.byte	46                              @ DW_TAG_subprogram
	.byte	1                               @ DW_CHILDREN_yes
	.byte	17                              @ DW_AT_low_pc
	.byte	1                               @ DW_FORM_addr
	.byte	18                              @ DW_AT_high_pc
	.byte	6                               @ DW_FORM_data4
	.byte	64                              @ DW_AT_frame_base
	.byte	24                              @ DW_FORM_exprloc
	.byte	3                               @ DW_AT_name
	.byte	14                              @ DW_FORM_strp
	.byte	58                              @ DW_AT_decl_file
	.byte	11                              @ DW_FORM_data1
	.byte	59                              @ DW_AT_decl_line
	.byte	11                              @ DW_FORM_data1
	.byte	39                              @ DW_AT_prototyped
	.byte	25                              @ DW_FORM_flag_present
	.byte	73                              @ DW_AT_type
	.byte	19                              @ DW_FORM_ref4
	.byte	63                              @ DW_AT_external
	.byte	25                              @ DW_FORM_flag_present
	.byte	0                               @ EOM(1)
	.byte	0                               @ EOM(2)
	.byte	15                              @ Abbreviation Code
	.byte	5                               @ DW_TAG_formal_parameter
	.byte	0                               @ DW_CHILDREN_no
	.byte	2                               @ DW_AT_location
	.byte	24                              @ DW_FORM_exprloc
	.byte	3                               @ DW_AT_name
	.byte	14                              @ DW_FORM_strp
	.byte	58                              @ DW_AT_decl_file
	.byte	11                              @ DW_FORM_data1
	.byte	59                              @ DW_AT_decl_line
	.byte	11                              @ DW_FORM_data1
	.byte	73                              @ DW_AT_type
	.byte	19                              @ DW_FORM_ref4
	.byte	0                               @ EOM(1)
	.byte	0                               @ EOM(2)
	.byte	16                              @ Abbreviation Code
	.byte	52                              @ DW_TAG_variable
	.byte	0                               @ DW_CHILDREN_no
	.byte	2                               @ DW_AT_location
	.byte	24                              @ DW_FORM_exprloc
	.byte	3                               @ DW_AT_name
	.byte	14                              @ DW_FORM_strp
	.byte	58                              @ DW_AT_decl_file
	.byte	11                              @ DW_FORM_data1
	.byte	59                              @ DW_AT_decl_line
	.byte	11                              @ DW_FORM_data1
	.byte	73                              @ DW_AT_type
	.byte	19                              @ DW_FORM_ref4
	.byte	0                               @ EOM(1)
	.byte	0                               @ EOM(2)
	.byte	17                              @ Abbreviation Code
	.byte	46                              @ DW_TAG_subprogram
	.byte	1                               @ DW_CHILDREN_yes
	.byte	17                              @ DW_AT_low_pc
	.byte	1                               @ DW_FORM_addr
	.byte	18                              @ DW_AT_high_pc
	.byte	6                               @ DW_FORM_data4
	.byte	64                              @ DW_AT_frame_base
	.byte	24                              @ DW_FORM_exprloc
	.byte	3                               @ DW_AT_name
	.byte	14                              @ DW_FORM_strp
	.byte	58                              @ DW_AT_decl_file
	.byte	11                              @ DW_FORM_data1
	.byte	59                              @ DW_AT_decl_line
	.byte	5                               @ DW_FORM_data2
	.byte	39                              @ DW_AT_prototyped
	.byte	25                              @ DW_FORM_flag_present
	.byte	0                               @ EOM(1)
	.byte	0                               @ EOM(2)
	.byte	18                              @ Abbreviation Code
	.byte	5                               @ DW_TAG_formal_parameter
	.byte	0                               @ DW_CHILDREN_no
	.byte	2                               @ DW_AT_location
	.byte	24                              @ DW_FORM_exprloc
	.byte	3                               @ DW_AT_name
	.byte	14                              @ DW_FORM_strp
	.byte	58                              @ DW_AT_decl_file
	.byte	11                              @ DW_FORM_data1
	.byte	59                              @ DW_AT_decl_line
	.byte	5                               @ DW_FORM_data2
	.byte	73                              @ DW_AT_type
	.byte	19                              @ DW_FORM_ref4
	.byte	0                               @ EOM(1)
	.byte	0                               @ EOM(2)
	.byte	19                              @ Abbreviation Code
	.byte	46                              @ DW_TAG_subprogram
	.byte	1                               @ DW_CHILDREN_yes
	.byte	17                              @ DW_AT_low_pc
	.byte	1                               @ DW_FORM_addr
	.byte	18                              @ DW_AT_high_pc
	.byte	6                               @ DW_FORM_data4
	.byte	64                              @ DW_AT_frame_base
	.byte	24                              @ DW_FORM_exprloc
	.byte	3                               @ DW_AT_name
	.byte	14                              @ DW_FORM_strp
	.byte	58                              @ DW_AT_decl_file
	.byte	11                              @ DW_FORM_data1
	.byte	59                              @ DW_AT_decl_line
	.byte	5                               @ DW_FORM_data2
	.byte	39                              @ DW_AT_prototyped
	.byte	25                              @ DW_FORM_flag_present
	.byte	63                              @ DW_AT_external
	.byte	25                              @ DW_FORM_flag_present
	.byte	0                               @ EOM(1)
	.byte	0                               @ EOM(2)
	.byte	20                              @ Abbreviation Code
	.byte	46                              @ DW_TAG_subprogram
	.byte	1                               @ DW_CHILDREN_yes
	.byte	17                              @ DW_AT_low_pc
	.byte	1                               @ DW_FORM_addr
	.byte	18                              @ DW_AT_high_pc
	.byte	6                               @ DW_FORM_data4
	.byte	64                              @ DW_AT_frame_base
	.byte	24                              @ DW_FORM_exprloc
	.byte	3                               @ DW_AT_name
	.byte	14                              @ DW_FORM_strp
	.byte	58                              @ DW_AT_decl_file
	.byte	11                              @ DW_FORM_data1
	.byte	59                              @ DW_AT_decl_line
	.byte	5                               @ DW_FORM_data2
	.byte	39                              @ DW_AT_prototyped
	.byte	25                              @ DW_FORM_flag_present
	.byte	73                              @ DW_AT_type
	.byte	19                              @ DW_FORM_ref4
	.byte	63                              @ DW_AT_external
	.byte	25                              @ DW_FORM_flag_present
	.byte	0                               @ EOM(1)
	.byte	0                               @ EOM(2)
	.byte	21                              @ Abbreviation Code
	.byte	52                              @ DW_TAG_variable
	.byte	0                               @ DW_CHILDREN_no
	.byte	2                               @ DW_AT_location
	.byte	24                              @ DW_FORM_exprloc
	.byte	3                               @ DW_AT_name
	.byte	14                              @ DW_FORM_strp
	.byte	58                              @ DW_AT_decl_file
	.byte	11                              @ DW_FORM_data1
	.byte	59                              @ DW_AT_decl_line
	.byte	5                               @ DW_FORM_data2
	.byte	73                              @ DW_AT_type
	.byte	19                              @ DW_FORM_ref4
	.byte	0                               @ EOM(1)
	.byte	0                               @ EOM(2)
	.byte	22                              @ Abbreviation Code
	.byte	46                              @ DW_TAG_subprogram
	.byte	1                               @ DW_CHILDREN_yes
	.byte	17                              @ DW_AT_low_pc
	.byte	1                               @ DW_FORM_addr
	.byte	18                              @ DW_AT_high_pc
	.byte	6                               @ DW_FORM_data4
	.byte	64                              @ DW_AT_frame_base
	.byte	24                              @ DW_FORM_exprloc
	.byte	3                               @ DW_AT_name
	.byte	14                              @ DW_FORM_strp
	.byte	58                              @ DW_AT_decl_file
	.byte	11                              @ DW_FORM_data1
	.byte	59                              @ DW_AT_decl_line
	.byte	5                               @ DW_FORM_data2
	.byte	39                              @ DW_AT_prototyped
	.byte	25                              @ DW_FORM_flag_present
	.byte	73                              @ DW_AT_type
	.byte	19                              @ DW_FORM_ref4
	.byte	0                               @ EOM(1)
	.byte	0                               @ EOM(2)
	.byte	23                              @ Abbreviation Code
	.byte	46                              @ DW_TAG_subprogram
	.byte	0                               @ DW_CHILDREN_no
	.byte	17                              @ DW_AT_low_pc
	.byte	1                               @ DW_FORM_addr
	.byte	18                              @ DW_AT_high_pc
	.byte	6                               @ DW_FORM_data4
	.byte	64                              @ DW_AT_frame_base
	.byte	24                              @ DW_FORM_exprloc
	.byte	3                               @ DW_AT_name
	.byte	14                              @ DW_FORM_strp
	.byte	58                              @ DW_AT_decl_file
	.byte	11                              @ DW_FORM_data1
	.byte	59                              @ DW_AT_decl_line
	.byte	5                               @ DW_FORM_data2
	.byte	39                              @ DW_AT_prototyped
	.byte	25                              @ DW_FORM_flag_present
	.byte	73                              @ DW_AT_type
	.byte	19                              @ DW_FORM_ref4
	.byte	0                               @ EOM(1)
	.byte	0                               @ EOM(2)
	.byte	24                              @ Abbreviation Code
	.byte	46                              @ DW_TAG_subprogram
	.byte	0                               @ DW_CHILDREN_no
	.byte	17                              @ DW_AT_low_pc
	.byte	1                               @ DW_FORM_addr
	.byte	18                              @ DW_AT_high_pc
	.byte	6                               @ DW_FORM_data4
	.byte	64                              @ DW_AT_frame_base
	.byte	24                              @ DW_FORM_exprloc
	.byte	3                               @ DW_AT_name
	.byte	14                              @ DW_FORM_strp
	.byte	58                              @ DW_AT_decl_file
	.byte	11                              @ DW_FORM_data1
	.byte	59                              @ DW_AT_decl_line
	.byte	5                               @ DW_FORM_data2
	.byte	39                              @ DW_AT_prototyped
	.byte	25                              @ DW_FORM_flag_present
	.byte	73                              @ DW_AT_type
	.byte	19                              @ DW_FORM_ref4
	.byte	63                              @ DW_AT_external
	.byte	25                              @ DW_FORM_flag_present
	.byte	0                               @ EOM(1)
	.byte	0                               @ EOM(2)
	.byte	25                              @ Abbreviation Code
	.byte	19                              @ DW_TAG_structure_type
	.byte	1                               @ DW_CHILDREN_yes
	.byte	11                              @ DW_AT_byte_size
	.byte	11                              @ DW_FORM_data1
	.byte	58                              @ DW_AT_decl_file
	.byte	11                              @ DW_FORM_data1
	.byte	59                              @ DW_AT_decl_line
	.byte	11                              @ DW_FORM_data1
	.byte	0                               @ EOM(1)
	.byte	0                               @ EOM(2)
	.byte	26                              @ Abbreviation Code
	.byte	13                              @ DW_TAG_member
	.byte	0                               @ DW_CHILDREN_no
	.byte	3                               @ DW_AT_name
	.byte	14                              @ DW_FORM_strp
	.byte	73                              @ DW_AT_type
	.byte	19                              @ DW_FORM_ref4
	.byte	58                              @ DW_AT_decl_file
	.byte	11                              @ DW_FORM_data1
	.byte	59                              @ DW_AT_decl_line
	.byte	11                              @ DW_FORM_data1
	.byte	56                              @ DW_AT_data_member_location
	.byte	11                              @ DW_FORM_data1
	.byte	0                               @ EOM(1)
	.byte	0                               @ EOM(2)
	.byte	0                               @ EOM(3)
	.section	.debug_info,"",%progbits
.Lcu_begin0:
	.long	.Ldebug_info_end0-.Ldebug_info_start0 @ Length of Unit
.Ldebug_info_start0:
	.short	4                               @ DWARF version number
	.long	.debug_abbrev                   @ Offset Into Abbrev. Section
	.byte	4                               @ Address Size (in bytes)
	.byte	1                               @ Abbrev [1] 0xb:0xa4a DW_TAG_compile_unit
	.long	.Linfo_string0                  @ DW_AT_producer
	.short	12                              @ DW_AT_language
	.long	.Linfo_string1                  @ DW_AT_name
	.long	.Lline_table_start0             @ DW_AT_stmt_list
	.long	.Linfo_string2                  @ DW_AT_comp_dir
	.long	0                               @ DW_AT_low_pc
	.long	.Ldebug_ranges0                 @ DW_AT_ranges
	.byte	2                               @ Abbrev [2] 0x26:0x21 DW_TAG_enumeration_type
	.long	71                              @ DW_AT_type
	.byte	1                               @ DW_AT_byte_size
	.byte	1                               @ DW_AT_decl_file
	.byte	39                              @ DW_AT_decl_line
	.byte	3                               @ Abbrev [3] 0x2e:0x6 DW_TAG_enumerator
	.long	.Linfo_string4                  @ DW_AT_name
	.byte	0                               @ DW_AT_const_value
	.byte	3                               @ Abbrev [3] 0x34:0x6 DW_TAG_enumerator
	.long	.Linfo_string5                  @ DW_AT_name
	.byte	1                               @ DW_AT_const_value
	.byte	3                               @ Abbrev [3] 0x3a:0x6 DW_TAG_enumerator
	.long	.Linfo_string6                  @ DW_AT_name
	.byte	2                               @ DW_AT_const_value
	.byte	3                               @ Abbrev [3] 0x40:0x6 DW_TAG_enumerator
	.long	.Linfo_string7                  @ DW_AT_name
	.byte	3                               @ DW_AT_const_value
	.byte	0                               @ End Of Children Mark
	.byte	4                               @ Abbrev [4] 0x47:0x7 DW_TAG_base_type
	.long	.Linfo_string3                  @ DW_AT_name
	.byte	8                               @ DW_AT_encoding
	.byte	1                               @ DW_AT_byte_size
	.byte	2                               @ Abbrev [2] 0x4e:0x15 DW_TAG_enumeration_type
	.long	71                              @ DW_AT_type
	.byte	1                               @ DW_AT_byte_size
	.byte	1                               @ DW_AT_decl_file
	.byte	50                              @ DW_AT_decl_line
	.byte	3                               @ Abbrev [3] 0x56:0x6 DW_TAG_enumerator
	.long	.Linfo_string8                  @ DW_AT_name
	.byte	0                               @ DW_AT_const_value
	.byte	3                               @ Abbrev [3] 0x5c:0x6 DW_TAG_enumerator
	.long	.Linfo_string9                  @ DW_AT_name
	.byte	1                               @ DW_AT_const_value
	.byte	0                               @ End Of Children Mark
	.byte	2                               @ Abbrev [2] 0x63:0x39 DW_TAG_enumeration_type
	.long	71                              @ DW_AT_type
	.byte	1                               @ DW_AT_byte_size
	.byte	2                               @ DW_AT_decl_file
	.byte	45                              @ DW_AT_decl_line
	.byte	3                               @ Abbrev [3] 0x6b:0x6 DW_TAG_enumerator
	.long	.Linfo_string10                 @ DW_AT_name
	.byte	0                               @ DW_AT_const_value
	.byte	3                               @ Abbrev [3] 0x71:0x6 DW_TAG_enumerator
	.long	.Linfo_string11                 @ DW_AT_name
	.byte	1                               @ DW_AT_const_value
	.byte	3                               @ Abbrev [3] 0x77:0x6 DW_TAG_enumerator
	.long	.Linfo_string12                 @ DW_AT_name
	.byte	2                               @ DW_AT_const_value
	.byte	3                               @ Abbrev [3] 0x7d:0x6 DW_TAG_enumerator
	.long	.Linfo_string13                 @ DW_AT_name
	.byte	3                               @ DW_AT_const_value
	.byte	3                               @ Abbrev [3] 0x83:0x6 DW_TAG_enumerator
	.long	.Linfo_string14                 @ DW_AT_name
	.byte	4                               @ DW_AT_const_value
	.byte	3                               @ Abbrev [3] 0x89:0x6 DW_TAG_enumerator
	.long	.Linfo_string15                 @ DW_AT_name
	.byte	5                               @ DW_AT_const_value
	.byte	3                               @ Abbrev [3] 0x8f:0x6 DW_TAG_enumerator
	.long	.Linfo_string16                 @ DW_AT_name
	.byte	6                               @ DW_AT_const_value
	.byte	3                               @ Abbrev [3] 0x95:0x6 DW_TAG_enumerator
	.long	.Linfo_string17                 @ DW_AT_name
	.byte	7                               @ DW_AT_const_value
	.byte	0                               @ End Of Children Mark
	.byte	5                               @ Abbrev [5] 0x9c:0xb DW_TAG_typedef
	.long	167                             @ DW_AT_type
	.long	.Linfo_string19                 @ DW_AT_name
	.byte	3                               @ DW_AT_decl_file
	.byte	64                              @ DW_AT_decl_line
	.byte	4                               @ Abbrev [4] 0xa7:0x7 DW_TAG_base_type
	.long	.Linfo_string18                 @ DW_AT_name
	.byte	7                               @ DW_AT_encoding
	.byte	4                               @ DW_AT_byte_size
	.byte	6                               @ Abbrev [6] 0xae:0x5 DW_TAG_pointer_type
	.long	179                             @ DW_AT_type
	.byte	7                               @ Abbrev [7] 0xb3:0xc DW_TAG_typedef
	.long	191                             @ DW_AT_type
	.long	.Linfo_string48                 @ DW_AT_name
	.byte	4                               @ DW_AT_decl_file
	.short	984                             @ DW_AT_decl_line
	.byte	8                               @ Abbrev [8] 0xbf:0x165 DW_TAG_structure_type
	.byte	120                             @ DW_AT_byte_size
	.byte	4                               @ DW_AT_decl_file
	.short	955                             @ DW_AT_decl_line
	.byte	9                               @ Abbrev [9] 0xc4:0xd DW_TAG_member
	.long	.Linfo_string20                 @ DW_AT_name
	.long	548                             @ DW_AT_type
	.byte	4                               @ DW_AT_decl_file
	.short	957                             @ DW_AT_decl_line
	.byte	0                               @ DW_AT_data_member_location
	.byte	9                               @ Abbrev [9] 0xd1:0xd DW_TAG_member
	.long	.Linfo_string21                 @ DW_AT_name
	.long	548                             @ DW_AT_type
	.byte	4                               @ DW_AT_decl_file
	.short	958                             @ DW_AT_decl_line
	.byte	4                               @ DW_AT_data_member_location
	.byte	9                               @ Abbrev [9] 0xde:0xd DW_TAG_member
	.long	.Linfo_string22                 @ DW_AT_name
	.long	548                             @ DW_AT_type
	.byte	4                               @ DW_AT_decl_file
	.short	959                             @ DW_AT_decl_line
	.byte	8                               @ DW_AT_data_member_location
	.byte	9                               @ Abbrev [9] 0xeb:0xd DW_TAG_member
	.long	.Linfo_string23                 @ DW_AT_name
	.long	548                             @ DW_AT_type
	.byte	4                               @ DW_AT_decl_file
	.short	960                             @ DW_AT_decl_line
	.byte	12                              @ DW_AT_data_member_location
	.byte	9                               @ Abbrev [9] 0xf8:0xd DW_TAG_member
	.long	.Linfo_string24                 @ DW_AT_name
	.long	548                             @ DW_AT_type
	.byte	4                               @ DW_AT_decl_file
	.short	961                             @ DW_AT_decl_line
	.byte	16                              @ DW_AT_data_member_location
	.byte	9                               @ Abbrev [9] 0x105:0xd DW_TAG_member
	.long	.Linfo_string25                 @ DW_AT_name
	.long	548                             @ DW_AT_type
	.byte	4                               @ DW_AT_decl_file
	.short	962                             @ DW_AT_decl_line
	.byte	20                              @ DW_AT_data_member_location
	.byte	9                               @ Abbrev [9] 0x112:0xd DW_TAG_member
	.long	.Linfo_string26                 @ DW_AT_name
	.long	548                             @ DW_AT_type
	.byte	4                               @ DW_AT_decl_file
	.short	963                             @ DW_AT_decl_line
	.byte	24                              @ DW_AT_data_member_location
	.byte	9                               @ Abbrev [9] 0x11f:0xd DW_TAG_member
	.long	.Linfo_string27                 @ DW_AT_name
	.long	548                             @ DW_AT_type
	.byte	4                               @ DW_AT_decl_file
	.short	964                             @ DW_AT_decl_line
	.byte	28                              @ DW_AT_data_member_location
	.byte	9                               @ Abbrev [9] 0x12c:0xd DW_TAG_member
	.long	.Linfo_string28                 @ DW_AT_name
	.long	548                             @ DW_AT_type
	.byte	4                               @ DW_AT_decl_file
	.short	965                             @ DW_AT_decl_line
	.byte	32                              @ DW_AT_data_member_location
	.byte	9                               @ Abbrev [9] 0x139:0xd DW_TAG_member
	.long	.Linfo_string29                 @ DW_AT_name
	.long	548                             @ DW_AT_type
	.byte	4                               @ DW_AT_decl_file
	.short	966                             @ DW_AT_decl_line
	.byte	36                              @ DW_AT_data_member_location
	.byte	9                               @ Abbrev [9] 0x146:0xd DW_TAG_member
	.long	.Linfo_string30                 @ DW_AT_name
	.long	548                             @ DW_AT_type
	.byte	4                               @ DW_AT_decl_file
	.short	967                             @ DW_AT_decl_line
	.byte	40                              @ DW_AT_data_member_location
	.byte	9                               @ Abbrev [9] 0x153:0xd DW_TAG_member
	.long	.Linfo_string31                 @ DW_AT_name
	.long	548                             @ DW_AT_type
	.byte	4                               @ DW_AT_decl_file
	.short	968                             @ DW_AT_decl_line
	.byte	44                              @ DW_AT_data_member_location
	.byte	9                               @ Abbrev [9] 0x160:0xd DW_TAG_member
	.long	.Linfo_string32                 @ DW_AT_name
	.long	548                             @ DW_AT_type
	.byte	4                               @ DW_AT_decl_file
	.short	969                             @ DW_AT_decl_line
	.byte	48                              @ DW_AT_data_member_location
	.byte	9                               @ Abbrev [9] 0x16d:0xd DW_TAG_member
	.long	.Linfo_string33                 @ DW_AT_name
	.long	548                             @ DW_AT_type
	.byte	4                               @ DW_AT_decl_file
	.short	970                             @ DW_AT_decl_line
	.byte	52                              @ DW_AT_data_member_location
	.byte	9                               @ Abbrev [9] 0x17a:0xd DW_TAG_member
	.long	.Linfo_string34                 @ DW_AT_name
	.long	548                             @ DW_AT_type
	.byte	4                               @ DW_AT_decl_file
	.short	971                             @ DW_AT_decl_line
	.byte	56                              @ DW_AT_data_member_location
	.byte	9                               @ Abbrev [9] 0x187:0xd DW_TAG_member
	.long	.Linfo_string35                 @ DW_AT_name
	.long	548                             @ DW_AT_type
	.byte	4                               @ DW_AT_decl_file
	.short	972                             @ DW_AT_decl_line
	.byte	60                              @ DW_AT_data_member_location
	.byte	9                               @ Abbrev [9] 0x194:0xd DW_TAG_member
	.long	.Linfo_string36                 @ DW_AT_name
	.long	548                             @ DW_AT_type
	.byte	4                               @ DW_AT_decl_file
	.short	973                             @ DW_AT_decl_line
	.byte	64                              @ DW_AT_data_member_location
	.byte	9                               @ Abbrev [9] 0x1a1:0xd DW_TAG_member
	.long	.Linfo_string37                 @ DW_AT_name
	.long	548                             @ DW_AT_type
	.byte	4                               @ DW_AT_decl_file
	.short	974                             @ DW_AT_decl_line
	.byte	68                              @ DW_AT_data_member_location
	.byte	9                               @ Abbrev [9] 0x1ae:0xd DW_TAG_member
	.long	.Linfo_string38                 @ DW_AT_name
	.long	553                             @ DW_AT_type
	.byte	4                               @ DW_AT_decl_file
	.short	975                             @ DW_AT_decl_line
	.byte	72                              @ DW_AT_data_member_location
	.byte	9                               @ Abbrev [9] 0x1bb:0xd DW_TAG_member
	.long	.Linfo_string40                 @ DW_AT_name
	.long	548                             @ DW_AT_type
	.byte	4                               @ DW_AT_decl_file
	.short	976                             @ DW_AT_decl_line
	.byte	80                              @ DW_AT_data_member_location
	.byte	9                               @ Abbrev [9] 0x1c8:0xd DW_TAG_member
	.long	.Linfo_string41                 @ DW_AT_name
	.long	548                             @ DW_AT_type
	.byte	4                               @ DW_AT_decl_file
	.short	977                             @ DW_AT_decl_line
	.byte	84                              @ DW_AT_data_member_location
	.byte	9                               @ Abbrev [9] 0x1d5:0xd DW_TAG_member
	.long	.Linfo_string42                 @ DW_AT_name
	.long	548                             @ DW_AT_type
	.byte	4                               @ DW_AT_decl_file
	.short	978                             @ DW_AT_decl_line
	.byte	88                              @ DW_AT_data_member_location
	.byte	9                               @ Abbrev [9] 0x1e2:0xd DW_TAG_member
	.long	.Linfo_string43                 @ DW_AT_name
	.long	548                             @ DW_AT_type
	.byte	4                               @ DW_AT_decl_file
	.short	979                             @ DW_AT_decl_line
	.byte	92                              @ DW_AT_data_member_location
	.byte	9                               @ Abbrev [9] 0x1ef:0xd DW_TAG_member
	.long	.Linfo_string44                 @ DW_AT_name
	.long	548                             @ DW_AT_type
	.byte	4                               @ DW_AT_decl_file
	.short	980                             @ DW_AT_decl_line
	.byte	96                              @ DW_AT_data_member_location
	.byte	9                               @ Abbrev [9] 0x1fc:0xd DW_TAG_member
	.long	.Linfo_string45                 @ DW_AT_name
	.long	572                             @ DW_AT_type
	.byte	4                               @ DW_AT_decl_file
	.short	981                             @ DW_AT_decl_line
	.byte	100                             @ DW_AT_data_member_location
	.byte	9                               @ Abbrev [9] 0x209:0xd DW_TAG_member
	.long	.Linfo_string46                 @ DW_AT_name
	.long	548                             @ DW_AT_type
	.byte	4                               @ DW_AT_decl_file
	.short	982                             @ DW_AT_decl_line
	.byte	112                             @ DW_AT_data_member_location
	.byte	9                               @ Abbrev [9] 0x216:0xd DW_TAG_member
	.long	.Linfo_string47                 @ DW_AT_name
	.long	548                             @ DW_AT_type
	.byte	4                               @ DW_AT_decl_file
	.short	983                             @ DW_AT_decl_line
	.byte	116                             @ DW_AT_data_member_location
	.byte	0                               @ End Of Children Mark
	.byte	10                              @ Abbrev [10] 0x224:0x5 DW_TAG_volatile_type
	.long	156                             @ DW_AT_type
	.byte	11                              @ Abbrev [11] 0x229:0xc DW_TAG_array_type
	.long	156                             @ DW_AT_type
	.byte	12                              @ Abbrev [12] 0x22e:0x6 DW_TAG_subrange_type
	.long	565                             @ DW_AT_type
	.byte	2                               @ DW_AT_count
	.byte	0                               @ End Of Children Mark
	.byte	13                              @ Abbrev [13] 0x235:0x7 DW_TAG_base_type
	.long	.Linfo_string39                 @ DW_AT_name
	.byte	8                               @ DW_AT_byte_size
	.byte	7                               @ DW_AT_encoding
	.byte	11                              @ Abbrev [11] 0x23c:0xc DW_TAG_array_type
	.long	156                             @ DW_AT_type
	.byte	12                              @ Abbrev [12] 0x241:0x6 DW_TAG_subrange_type
	.long	565                             @ DW_AT_type
	.byte	3                               @ DW_AT_count
	.byte	0                               @ End Of Children Mark
	.byte	14                              @ Abbrev [14] 0x248:0x4e DW_TAG_subprogram
	.long	.Lfunc_begin0                   @ DW_AT_low_pc
	.long	.Lfunc_end0-.Lfunc_begin0       @ DW_AT_high_pc
	.byte	1                               @ DW_AT_frame_base
	.byte	93
	.long	.Linfo_string49                 @ DW_AT_name
	.byte	5                               @ DW_AT_decl_file
	.byte	192                             @ DW_AT_decl_line
                                        @ DW_AT_prototyped
	.long	2193                            @ DW_AT_type
                                        @ DW_AT_external
	.byte	15                              @ Abbrev [15] 0x25d:0xe DW_TAG_formal_parameter
	.byte	2                               @ DW_AT_location
	.byte	145
	.byte	16
	.long	.Linfo_string80                 @ DW_AT_name
	.byte	5                               @ DW_AT_decl_file
	.byte	192                             @ DW_AT_decl_line
	.long	2204                            @ DW_AT_type
	.byte	15                              @ Abbrev [15] 0x26b:0xe DW_TAG_formal_parameter
	.byte	2                               @ DW_AT_location
	.byte	145
	.byte	12
	.long	.Linfo_string87                 @ DW_AT_name
	.byte	5                               @ DW_AT_decl_file
	.byte	192                             @ DW_AT_decl_line
	.long	2285                            @ DW_AT_type
	.byte	16                              @ Abbrev [16] 0x279:0xe DW_TAG_variable
	.byte	2                               @ DW_AT_location
	.byte	145
	.byte	11
	.long	.Linfo_string88                 @ DW_AT_name
	.byte	5                               @ DW_AT_decl_file
	.byte	194                             @ DW_AT_decl_line
	.long	2193                            @ DW_AT_type
	.byte	16                              @ Abbrev [16] 0x287:0xe DW_TAG_variable
	.byte	2                               @ DW_AT_location
	.byte	145
	.byte	4
	.long	.Linfo_string89                 @ DW_AT_name
	.byte	5                               @ DW_AT_decl_file
	.byte	195                             @ DW_AT_decl_line
	.long	156                             @ DW_AT_type
	.byte	0                               @ End Of Children Mark
	.byte	17                              @ Abbrev [17] 0x296:0x31 DW_TAG_subprogram
	.long	.Lfunc_begin1                   @ DW_AT_low_pc
	.long	.Lfunc_end1-.Lfunc_begin1       @ DW_AT_high_pc
	.byte	1                               @ DW_AT_frame_base
	.byte	93
	.long	.Linfo_string51                 @ DW_AT_name
	.byte	5                               @ DW_AT_decl_file
	.short	1117                            @ DW_AT_decl_line
                                        @ DW_AT_prototyped
	.byte	18                              @ Abbrev [18] 0x2a8:0xf DW_TAG_formal_parameter
	.byte	2                               @ DW_AT_location
	.byte	145
	.byte	4
	.long	.Linfo_string85                 @ DW_AT_name
	.byte	5                               @ DW_AT_decl_file
	.short	1117                            @ DW_AT_decl_line
	.long	156                             @ DW_AT_type
	.byte	18                              @ Abbrev [18] 0x2b7:0xf DW_TAG_formal_parameter
	.byte	2                               @ DW_AT_location
	.byte	145
	.byte	0
	.long	.Linfo_string82                 @ DW_AT_name
	.byte	5                               @ DW_AT_decl_file
	.short	1117                            @ DW_AT_decl_line
	.long	156                             @ DW_AT_type
	.byte	0                               @ End Of Children Mark
	.byte	19                              @ Abbrev [19] 0x2c7:0x40 DW_TAG_subprogram
	.long	.Lfunc_begin2                   @ DW_AT_low_pc
	.long	.Lfunc_end2-.Lfunc_begin2       @ DW_AT_high_pc
	.byte	1                               @ DW_AT_frame_base
	.byte	93
	.long	.Linfo_string52                 @ DW_AT_name
	.byte	5                               @ DW_AT_decl_file
	.short	1194                            @ DW_AT_decl_line
                                        @ DW_AT_prototyped
                                        @ DW_AT_external
	.byte	18                              @ Abbrev [18] 0x2d9:0xf DW_TAG_formal_parameter
	.byte	2                               @ DW_AT_location
	.byte	145
	.byte	8
	.long	.Linfo_string83                 @ DW_AT_name
	.byte	5                               @ DW_AT_decl_file
	.short	1194                            @ DW_AT_decl_line
	.long	156                             @ DW_AT_type
	.byte	18                              @ Abbrev [18] 0x2e8:0xf DW_TAG_formal_parameter
	.byte	2                               @ DW_AT_location
	.byte	145
	.byte	4
	.long	.Linfo_string82                 @ DW_AT_name
	.byte	5                               @ DW_AT_decl_file
	.short	1194                            @ DW_AT_decl_line
	.long	156                             @ DW_AT_type
	.byte	18                              @ Abbrev [18] 0x2f7:0xf DW_TAG_formal_parameter
	.byte	2                               @ DW_AT_location
	.byte	145
	.byte	0
	.long	.Linfo_string85                 @ DW_AT_name
	.byte	5                               @ DW_AT_decl_file
	.short	1194                            @ DW_AT_decl_line
	.long	156                             @ DW_AT_type
	.byte	0                               @ End Of Children Mark
	.byte	20                              @ Abbrev [20] 0x307:0x35 DW_TAG_subprogram
	.long	.Lfunc_begin3                   @ DW_AT_low_pc
	.long	.Lfunc_end3-.Lfunc_begin3       @ DW_AT_high_pc
	.byte	1                               @ DW_AT_frame_base
	.byte	93
	.long	.Linfo_string53                 @ DW_AT_name
	.byte	5                               @ DW_AT_decl_file
	.short	315                             @ DW_AT_decl_line
                                        @ DW_AT_prototyped
	.long	2193                            @ DW_AT_type
                                        @ DW_AT_external
	.byte	18                              @ Abbrev [18] 0x31d:0xf DW_TAG_formal_parameter
	.byte	2                               @ DW_AT_location
	.byte	145
	.byte	8
	.long	.Linfo_string80                 @ DW_AT_name
	.byte	5                               @ DW_AT_decl_file
	.short	315                             @ DW_AT_decl_line
	.long	2204                            @ DW_AT_type
	.byte	21                              @ Abbrev [21] 0x32c:0xf DW_TAG_variable
	.byte	2                               @ DW_AT_location
	.byte	145
	.byte	7
	.long	.Linfo_string88                 @ DW_AT_name
	.byte	5                               @ DW_AT_decl_file
	.short	317                             @ DW_AT_decl_line
	.long	2193                            @ DW_AT_type
	.byte	0                               @ End Of Children Mark
	.byte	20                              @ Abbrev [20] 0x33c:0x35 DW_TAG_subprogram
	.long	.Lfunc_begin4                   @ DW_AT_low_pc
	.long	.Lfunc_end4-.Lfunc_begin4       @ DW_AT_high_pc
	.byte	1                               @ DW_AT_frame_base
	.byte	93
	.long	.Linfo_string54                 @ DW_AT_name
	.byte	5                               @ DW_AT_decl_file
	.short	436                             @ DW_AT_decl_line
                                        @ DW_AT_prototyped
	.long	2193                            @ DW_AT_type
                                        @ DW_AT_external
	.byte	18                              @ Abbrev [18] 0x352:0xf DW_TAG_formal_parameter
	.byte	2                               @ DW_AT_location
	.byte	145
	.byte	8
	.long	.Linfo_string90                 @ DW_AT_name
	.byte	5                               @ DW_AT_decl_file
	.short	436                             @ DW_AT_decl_line
	.long	2290                            @ DW_AT_type
	.byte	21                              @ Abbrev [21] 0x361:0xf DW_TAG_variable
	.byte	2                               @ DW_AT_location
	.byte	145
	.byte	7
	.long	.Linfo_string88                 @ DW_AT_name
	.byte	5                               @ DW_AT_decl_file
	.short	438                             @ DW_AT_decl_line
	.long	2193                            @ DW_AT_type
	.byte	0                               @ End Of Children Mark
	.byte	17                              @ Abbrev [17] 0x371:0x31 DW_TAG_subprogram
	.long	.Lfunc_begin5                   @ DW_AT_low_pc
	.long	.Lfunc_end5-.Lfunc_begin5       @ DW_AT_high_pc
	.byte	1                               @ DW_AT_frame_base
	.byte	93
	.long	.Linfo_string55                 @ DW_AT_name
	.byte	5                               @ DW_AT_decl_file
	.short	1251                            @ DW_AT_decl_line
                                        @ DW_AT_prototyped
	.byte	18                              @ Abbrev [18] 0x383:0xf DW_TAG_formal_parameter
	.byte	2                               @ DW_AT_location
	.byte	145
	.byte	4
	.long	.Linfo_string93                 @ DW_AT_name
	.byte	5                               @ DW_AT_decl_file
	.short	1251                            @ DW_AT_decl_line
	.long	156                             @ DW_AT_type
	.byte	18                              @ Abbrev [18] 0x392:0xf DW_TAG_formal_parameter
	.byte	2                               @ DW_AT_location
	.byte	145
	.byte	0
	.long	.Linfo_string82                 @ DW_AT_name
	.byte	5                               @ DW_AT_decl_file
	.short	1251                            @ DW_AT_decl_line
	.long	156                             @ DW_AT_type
	.byte	0                               @ End Of Children Mark
	.byte	17                              @ Abbrev [17] 0x3a2:0x31 DW_TAG_subprogram
	.long	.Lfunc_begin6                   @ DW_AT_low_pc
	.long	.Lfunc_end6-.Lfunc_begin6       @ DW_AT_high_pc
	.byte	1                               @ DW_AT_frame_base
	.byte	93
	.long	.Linfo_string56                 @ DW_AT_name
	.byte	5                               @ DW_AT_decl_file
	.short	1286                            @ DW_AT_decl_line
                                        @ DW_AT_prototyped
	.byte	18                              @ Abbrev [18] 0x3b4:0xf DW_TAG_formal_parameter
	.byte	2                               @ DW_AT_location
	.byte	145
	.byte	4
	.long	.Linfo_string93                 @ DW_AT_name
	.byte	5                               @ DW_AT_decl_file
	.short	1286                            @ DW_AT_decl_line
	.long	156                             @ DW_AT_type
	.byte	18                              @ Abbrev [18] 0x3c3:0xf DW_TAG_formal_parameter
	.byte	2                               @ DW_AT_location
	.byte	145
	.byte	0
	.long	.Linfo_string82                 @ DW_AT_name
	.byte	5                               @ DW_AT_decl_file
	.short	1286                            @ DW_AT_decl_line
	.long	156                             @ DW_AT_type
	.byte	0                               @ End Of Children Mark
	.byte	17                              @ Abbrev [17] 0x3d3:0x22 DW_TAG_subprogram
	.long	.Lfunc_begin7                   @ DW_AT_low_pc
	.long	.Lfunc_end7-.Lfunc_begin7       @ DW_AT_high_pc
	.byte	1                               @ DW_AT_frame_base
	.byte	93
	.long	.Linfo_string57                 @ DW_AT_name
	.byte	5                               @ DW_AT_decl_file
	.short	1371                            @ DW_AT_decl_line
                                        @ DW_AT_prototyped
	.byte	18                              @ Abbrev [18] 0x3e5:0xf DW_TAG_formal_parameter
	.byte	2                               @ DW_AT_location
	.byte	145
	.byte	0
	.long	.Linfo_string94                 @ DW_AT_name
	.byte	5                               @ DW_AT_decl_file
	.short	1371                            @ DW_AT_decl_line
	.long	156                             @ DW_AT_type
	.byte	0                               @ End Of Children Mark
	.byte	17                              @ Abbrev [17] 0x3f5:0x4f DW_TAG_subprogram
	.long	.Lfunc_begin8                   @ DW_AT_low_pc
	.long	.Lfunc_end8-.Lfunc_begin8       @ DW_AT_high_pc
	.byte	1                               @ DW_AT_frame_base
	.byte	93
	.long	.Linfo_string58                 @ DW_AT_name
	.byte	5                               @ DW_AT_decl_file
	.short	1444                            @ DW_AT_decl_line
                                        @ DW_AT_prototyped
	.byte	18                              @ Abbrev [18] 0x407:0xf DW_TAG_formal_parameter
	.byte	2                               @ DW_AT_location
	.byte	145
	.byte	12
	.long	.Linfo_string110                @ DW_AT_name
	.byte	5                               @ DW_AT_decl_file
	.short	1444                            @ DW_AT_decl_line
	.long	156                             @ DW_AT_type
	.byte	18                              @ Abbrev [18] 0x416:0xf DW_TAG_formal_parameter
	.byte	2                               @ DW_AT_location
	.byte	145
	.byte	8
	.long	.Linfo_string111                @ DW_AT_name
	.byte	5                               @ DW_AT_decl_file
	.short	1444                            @ DW_AT_decl_line
	.long	156                             @ DW_AT_type
	.byte	21                              @ Abbrev [21] 0x425:0xf DW_TAG_variable
	.byte	2                               @ DW_AT_location
	.byte	145
	.byte	4
	.long	.Linfo_string112                @ DW_AT_name
	.byte	5                               @ DW_AT_decl_file
	.short	1446                            @ DW_AT_decl_line
	.long	156                             @ DW_AT_type
	.byte	21                              @ Abbrev [21] 0x434:0xf DW_TAG_variable
	.byte	2                               @ DW_AT_location
	.byte	145
	.byte	0
	.long	.Linfo_string113                @ DW_AT_name
	.byte	5                               @ DW_AT_decl_file
	.short	1447                            @ DW_AT_decl_line
	.long	156                             @ DW_AT_type
	.byte	0                               @ End Of Children Mark
	.byte	17                              @ Abbrev [17] 0x444:0x4f DW_TAG_subprogram
	.long	.Lfunc_begin9                   @ DW_AT_low_pc
	.long	.Lfunc_end9-.Lfunc_begin9       @ DW_AT_high_pc
	.byte	1                               @ DW_AT_frame_base
	.byte	93
	.long	.Linfo_string59                 @ DW_AT_name
	.byte	5                               @ DW_AT_decl_file
	.short	1666                            @ DW_AT_decl_line
                                        @ DW_AT_prototyped
	.byte	18                              @ Abbrev [18] 0x456:0xf DW_TAG_formal_parameter
	.byte	2                               @ DW_AT_location
	.byte	145
	.byte	12
	.long	.Linfo_string98                 @ DW_AT_name
	.byte	5                               @ DW_AT_decl_file
	.short	1666                            @ DW_AT_decl_line
	.long	156                             @ DW_AT_type
	.byte	18                              @ Abbrev [18] 0x465:0xf DW_TAG_formal_parameter
	.byte	2                               @ DW_AT_location
	.byte	145
	.byte	8
	.long	.Linfo_string99                 @ DW_AT_name
	.byte	5                               @ DW_AT_decl_file
	.short	1666                            @ DW_AT_decl_line
	.long	156                             @ DW_AT_type
	.byte	18                              @ Abbrev [18] 0x474:0xf DW_TAG_formal_parameter
	.byte	2                               @ DW_AT_location
	.byte	145
	.byte	4
	.long	.Linfo_string100                @ DW_AT_name
	.byte	5                               @ DW_AT_decl_file
	.short	1666                            @ DW_AT_decl_line
	.long	156                             @ DW_AT_type
	.byte	18                              @ Abbrev [18] 0x483:0xf DW_TAG_formal_parameter
	.byte	2                               @ DW_AT_location
	.byte	145
	.byte	0
	.long	.Linfo_string82                 @ DW_AT_name
	.byte	5                               @ DW_AT_decl_file
	.short	1666                            @ DW_AT_decl_line
	.long	156                             @ DW_AT_type
	.byte	0                               @ End Of Children Mark
	.byte	17                              @ Abbrev [17] 0x493:0x22 DW_TAG_subprogram
	.long	.Lfunc_begin10                  @ DW_AT_low_pc
	.long	.Lfunc_end10-.Lfunc_begin10     @ DW_AT_high_pc
	.byte	1                               @ DW_AT_frame_base
	.byte	93
	.long	.Linfo_string60                 @ DW_AT_name
	.byte	5                               @ DW_AT_decl_file
	.short	1751                            @ DW_AT_decl_line
                                        @ DW_AT_prototyped
	.byte	18                              @ Abbrev [18] 0x4a5:0xf DW_TAG_formal_parameter
	.byte	2                               @ DW_AT_location
	.byte	145
	.byte	0
	.long	.Linfo_string114                @ DW_AT_name
	.byte	5                               @ DW_AT_decl_file
	.short	1751                            @ DW_AT_decl_line
	.long	156                             @ DW_AT_type
	.byte	0                               @ End Of Children Mark
	.byte	17                              @ Abbrev [17] 0x4b5:0x40 DW_TAG_subprogram
	.long	.Lfunc_begin11                  @ DW_AT_low_pc
	.long	.Lfunc_end11-.Lfunc_begin11     @ DW_AT_high_pc
	.byte	1                               @ DW_AT_frame_base
	.byte	93
	.long	.Linfo_string61                 @ DW_AT_name
	.byte	5                               @ DW_AT_decl_file
	.short	1783                            @ DW_AT_decl_line
                                        @ DW_AT_prototyped
	.byte	18                              @ Abbrev [18] 0x4c7:0xf DW_TAG_formal_parameter
	.byte	2                               @ DW_AT_location
	.byte	145
	.byte	8
	.long	.Linfo_string115                @ DW_AT_name
	.byte	5                               @ DW_AT_decl_file
	.short	1783                            @ DW_AT_decl_line
	.long	156                             @ DW_AT_type
	.byte	18                              @ Abbrev [18] 0x4d6:0xf DW_TAG_formal_parameter
	.byte	2                               @ DW_AT_location
	.byte	145
	.byte	4
	.long	.Linfo_string116                @ DW_AT_name
	.byte	5                               @ DW_AT_decl_file
	.short	1783                            @ DW_AT_decl_line
	.long	156                             @ DW_AT_type
	.byte	18                              @ Abbrev [18] 0x4e5:0xf DW_TAG_formal_parameter
	.byte	2                               @ DW_AT_location
	.byte	145
	.byte	0
	.long	.Linfo_string117                @ DW_AT_name
	.byte	5                               @ DW_AT_decl_file
	.short	1783                            @ DW_AT_decl_line
	.long	156                             @ DW_AT_type
	.byte	0                               @ End Of Children Mark
	.byte	17                              @ Abbrev [17] 0x4f5:0x4f DW_TAG_subprogram
	.long	.Lfunc_begin12                  @ DW_AT_low_pc
	.long	.Lfunc_end12-.Lfunc_begin12     @ DW_AT_high_pc
	.byte	1                               @ DW_AT_frame_base
	.byte	93
	.long	.Linfo_string62                 @ DW_AT_name
	.byte	5                               @ DW_AT_decl_file
	.short	1905                            @ DW_AT_decl_line
                                        @ DW_AT_prototyped
	.byte	18                              @ Abbrev [18] 0x507:0xf DW_TAG_formal_parameter
	.byte	2                               @ DW_AT_location
	.byte	145
	.byte	12
	.long	.Linfo_string104                @ DW_AT_name
	.byte	5                               @ DW_AT_decl_file
	.short	1905                            @ DW_AT_decl_line
	.long	156                             @ DW_AT_type
	.byte	18                              @ Abbrev [18] 0x516:0xf DW_TAG_formal_parameter
	.byte	2                               @ DW_AT_location
	.byte	145
	.byte	8
	.long	.Linfo_string105                @ DW_AT_name
	.byte	5                               @ DW_AT_decl_file
	.short	1905                            @ DW_AT_decl_line
	.long	156                             @ DW_AT_type
	.byte	18                              @ Abbrev [18] 0x525:0xf DW_TAG_formal_parameter
	.byte	2                               @ DW_AT_location
	.byte	145
	.byte	4
	.long	.Linfo_string106                @ DW_AT_name
	.byte	5                               @ DW_AT_decl_file
	.short	1905                            @ DW_AT_decl_line
	.long	156                             @ DW_AT_type
	.byte	18                              @ Abbrev [18] 0x534:0xf DW_TAG_formal_parameter
	.byte	2                               @ DW_AT_location
	.byte	145
	.byte	0
	.long	.Linfo_string82                 @ DW_AT_name
	.byte	5                               @ DW_AT_decl_file
	.short	1905                            @ DW_AT_decl_line
	.long	156                             @ DW_AT_type
	.byte	0                               @ End Of Children Mark
	.byte	17                              @ Abbrev [17] 0x544:0x22 DW_TAG_subprogram
	.long	.Lfunc_begin13                  @ DW_AT_low_pc
	.long	.Lfunc_end13-.Lfunc_begin13     @ DW_AT_high_pc
	.byte	1                               @ DW_AT_frame_base
	.byte	93
	.long	.Linfo_string63                 @ DW_AT_name
	.byte	5                               @ DW_AT_decl_file
	.short	2073                            @ DW_AT_decl_line
                                        @ DW_AT_prototyped
	.byte	18                              @ Abbrev [18] 0x556:0xf DW_TAG_formal_parameter
	.byte	2                               @ DW_AT_location
	.byte	145
	.byte	0
	.long	.Linfo_string107                @ DW_AT_name
	.byte	5                               @ DW_AT_decl_file
	.short	2073                            @ DW_AT_decl_line
	.long	156                             @ DW_AT_type
	.byte	0                               @ End Of Children Mark
	.byte	17                              @ Abbrev [17] 0x566:0x22 DW_TAG_subprogram
	.long	.Lfunc_begin14                  @ DW_AT_low_pc
	.long	.Lfunc_end14-.Lfunc_begin14     @ DW_AT_high_pc
	.byte	1                               @ DW_AT_frame_base
	.byte	93
	.long	.Linfo_string64                 @ DW_AT_name
	.byte	5                               @ DW_AT_decl_file
	.short	2100                            @ DW_AT_decl_line
                                        @ DW_AT_prototyped
	.byte	18                              @ Abbrev [18] 0x578:0xf DW_TAG_formal_parameter
	.byte	2                               @ DW_AT_location
	.byte	145
	.byte	0
	.long	.Linfo_string118                @ DW_AT_name
	.byte	5                               @ DW_AT_decl_file
	.short	2100                            @ DW_AT_decl_line
	.long	156                             @ DW_AT_type
	.byte	0                               @ End Of Children Mark
	.byte	19                              @ Abbrev [19] 0x588:0x22 DW_TAG_subprogram
	.long	.Lfunc_begin15                  @ DW_AT_low_pc
	.long	.Lfunc_end15-.Lfunc_begin15     @ DW_AT_high_pc
	.byte	1                               @ DW_AT_frame_base
	.byte	93
	.long	.Linfo_string65                 @ DW_AT_name
	.byte	5                               @ DW_AT_decl_file
	.short	579                             @ DW_AT_decl_line
                                        @ DW_AT_prototyped
                                        @ DW_AT_external
	.byte	18                              @ Abbrev [18] 0x59a:0xf DW_TAG_formal_parameter
	.byte	2                               @ DW_AT_location
	.byte	145
	.byte	4
	.long	.Linfo_string90                 @ DW_AT_name
	.byte	5                               @ DW_AT_decl_file
	.short	579                             @ DW_AT_decl_line
	.long	2290                            @ DW_AT_type
	.byte	0                               @ End Of Children Mark
	.byte	22                              @ Abbrev [22] 0x5aa:0x26 DW_TAG_subprogram
	.long	.Lfunc_begin16                  @ DW_AT_low_pc
	.long	.Lfunc_end16-.Lfunc_begin16     @ DW_AT_high_pc
	.byte	1                               @ DW_AT_frame_base
	.byte	93
	.long	.Linfo_string66                 @ DW_AT_name
	.byte	5                               @ DW_AT_decl_file
	.short	1388                            @ DW_AT_decl_line
                                        @ DW_AT_prototyped
	.long	156                             @ DW_AT_type
	.byte	21                              @ Abbrev [21] 0x5c0:0xf DW_TAG_variable
	.byte	2                               @ DW_AT_location
	.byte	145
	.byte	0
	.long	.Linfo_string119                @ DW_AT_name
	.byte	5                               @ DW_AT_decl_file
	.short	1390                            @ DW_AT_decl_line
	.long	156                             @ DW_AT_type
	.byte	0                               @ End Of Children Mark
	.byte	22                              @ Abbrev [22] 0x5d0:0x26 DW_TAG_subprogram
	.long	.Lfunc_begin17                  @ DW_AT_low_pc
	.long	.Lfunc_end17-.Lfunc_begin17     @ DW_AT_high_pc
	.byte	1                               @ DW_AT_frame_base
	.byte	93
	.long	.Linfo_string67                 @ DW_AT_name
	.byte	5                               @ DW_AT_decl_file
	.short	1632                            @ DW_AT_decl_line
                                        @ DW_AT_prototyped
	.long	156                             @ DW_AT_type
	.byte	21                              @ Abbrev [21] 0x5e6:0xf DW_TAG_variable
	.byte	2                               @ DW_AT_location
	.byte	145
	.byte	0
	.long	.Linfo_string120                @ DW_AT_name
	.byte	5                               @ DW_AT_decl_file
	.short	1634                            @ DW_AT_decl_line
	.long	156                             @ DW_AT_type
	.byte	0                               @ End Of Children Mark
	.byte	23                              @ Abbrev [23] 0x5f6:0x16 DW_TAG_subprogram
	.long	.Lfunc_begin18                  @ DW_AT_low_pc
	.long	.Lfunc_end18-.Lfunc_begin18     @ DW_AT_high_pc
	.byte	1                               @ DW_AT_frame_base
	.byte	93
	.long	.Linfo_string68                 @ DW_AT_name
	.byte	5                               @ DW_AT_decl_file
	.short	1768                            @ DW_AT_decl_line
                                        @ DW_AT_prototyped
	.long	156                             @ DW_AT_type
	.byte	17                              @ Abbrev [17] 0x60c:0x4f DW_TAG_subprogram
	.long	.Lfunc_begin19                  @ DW_AT_low_pc
	.long	.Lfunc_end19-.Lfunc_begin19     @ DW_AT_high_pc
	.byte	1                               @ DW_AT_frame_base
	.byte	93
	.long	.Linfo_string69                 @ DW_AT_name
	.byte	5                               @ DW_AT_decl_file
	.short	1325                            @ DW_AT_decl_line
                                        @ DW_AT_prototyped
	.byte	18                              @ Abbrev [18] 0x61e:0xf DW_TAG_formal_parameter
	.byte	2                               @ DW_AT_location
	.byte	145
	.byte	12
	.long	.Linfo_string92                 @ DW_AT_name
	.byte	5                               @ DW_AT_decl_file
	.short	1325                            @ DW_AT_decl_line
	.long	2285                            @ DW_AT_type
	.byte	18                              @ Abbrev [18] 0x62d:0xf DW_TAG_formal_parameter
	.byte	2                               @ DW_AT_location
	.byte	145
	.byte	8
	.long	.Linfo_string93                 @ DW_AT_name
	.byte	5                               @ DW_AT_decl_file
	.short	1325                            @ DW_AT_decl_line
	.long	2285                            @ DW_AT_type
	.byte	18                              @ Abbrev [18] 0x63c:0xf DW_TAG_formal_parameter
	.byte	2                               @ DW_AT_location
	.byte	145
	.byte	4
	.long	.Linfo_string121                @ DW_AT_name
	.byte	5                               @ DW_AT_decl_file
	.short	1325                            @ DW_AT_decl_line
	.long	156                             @ DW_AT_type
	.byte	21                              @ Abbrev [21] 0x64b:0xf DW_TAG_variable
	.byte	2                               @ DW_AT_location
	.byte	145
	.byte	0
	.long	.Linfo_string122                @ DW_AT_name
	.byte	5                               @ DW_AT_decl_file
	.short	1327                            @ DW_AT_decl_line
	.long	156                             @ DW_AT_type
	.byte	0                               @ End Of Children Mark
	.byte	17                              @ Abbrev [17] 0x65b:0x6d DW_TAG_subprogram
	.long	.Lfunc_begin20                  @ DW_AT_low_pc
	.long	.Lfunc_end20-.Lfunc_begin20     @ DW_AT_high_pc
	.byte	1                               @ DW_AT_frame_base
	.byte	93
	.long	.Linfo_string70                 @ DW_AT_name
	.byte	5                               @ DW_AT_decl_file
	.short	1715                            @ DW_AT_decl_line
                                        @ DW_AT_prototyped
	.byte	18                              @ Abbrev [18] 0x66d:0xf DW_TAG_formal_parameter
	.byte	2                               @ DW_AT_location
	.byte	145
	.byte	20
	.long	.Linfo_string98                 @ DW_AT_name
	.byte	5                               @ DW_AT_decl_file
	.short	1715                            @ DW_AT_decl_line
	.long	2285                            @ DW_AT_type
	.byte	18                              @ Abbrev [18] 0x67c:0xf DW_TAG_formal_parameter
	.byte	2                               @ DW_AT_location
	.byte	145
	.byte	16
	.long	.Linfo_string99                 @ DW_AT_name
	.byte	5                               @ DW_AT_decl_file
	.short	1715                            @ DW_AT_decl_line
	.long	2285                            @ DW_AT_type
	.byte	18                              @ Abbrev [18] 0x68b:0xf DW_TAG_formal_parameter
	.byte	2                               @ DW_AT_location
	.byte	145
	.byte	12
	.long	.Linfo_string100                @ DW_AT_name
	.byte	5                               @ DW_AT_decl_file
	.short	1715                            @ DW_AT_decl_line
	.long	2285                            @ DW_AT_type
	.byte	18                              @ Abbrev [18] 0x69a:0xf DW_TAG_formal_parameter
	.byte	2                               @ DW_AT_location
	.byte	145
	.byte	8
	.long	.Linfo_string121                @ DW_AT_name
	.byte	5                               @ DW_AT_decl_file
	.short	1715                            @ DW_AT_decl_line
	.long	156                             @ DW_AT_type
	.byte	21                              @ Abbrev [21] 0x6a9:0xf DW_TAG_variable
	.byte	2                               @ DW_AT_location
	.byte	145
	.byte	4
	.long	.Linfo_string122                @ DW_AT_name
	.byte	5                               @ DW_AT_decl_file
	.short	1717                            @ DW_AT_decl_line
	.long	156                             @ DW_AT_type
	.byte	21                              @ Abbrev [21] 0x6b8:0xf DW_TAG_variable
	.byte	2                               @ DW_AT_location
	.byte	145
	.byte	0
	.long	.Linfo_string123                @ DW_AT_name
	.byte	5                               @ DW_AT_decl_file
	.short	1718                            @ DW_AT_decl_line
	.long	156                             @ DW_AT_type
	.byte	0                               @ End Of Children Mark
	.byte	17                              @ Abbrev [17] 0x6c8:0x6d DW_TAG_subprogram
	.long	.Lfunc_begin21                  @ DW_AT_low_pc
	.long	.Lfunc_end21-.Lfunc_begin21     @ DW_AT_high_pc
	.byte	1                               @ DW_AT_frame_base
	.byte	93
	.long	.Linfo_string71                 @ DW_AT_name
	.byte	5                               @ DW_AT_decl_file
	.short	1947                            @ DW_AT_decl_line
                                        @ DW_AT_prototyped
	.byte	18                              @ Abbrev [18] 0x6da:0xf DW_TAG_formal_parameter
	.byte	2                               @ DW_AT_location
	.byte	145
	.byte	20
	.long	.Linfo_string104                @ DW_AT_name
	.byte	5                               @ DW_AT_decl_file
	.short	1947                            @ DW_AT_decl_line
	.long	2285                            @ DW_AT_type
	.byte	18                              @ Abbrev [18] 0x6e9:0xf DW_TAG_formal_parameter
	.byte	2                               @ DW_AT_location
	.byte	145
	.byte	16
	.long	.Linfo_string105                @ DW_AT_name
	.byte	5                               @ DW_AT_decl_file
	.short	1947                            @ DW_AT_decl_line
	.long	2285                            @ DW_AT_type
	.byte	18                              @ Abbrev [18] 0x6f8:0xf DW_TAG_formal_parameter
	.byte	2                               @ DW_AT_location
	.byte	145
	.byte	12
	.long	.Linfo_string106                @ DW_AT_name
	.byte	5                               @ DW_AT_decl_file
	.short	1947                            @ DW_AT_decl_line
	.long	2285                            @ DW_AT_type
	.byte	18                              @ Abbrev [18] 0x707:0xf DW_TAG_formal_parameter
	.byte	2                               @ DW_AT_location
	.byte	145
	.byte	8
	.long	.Linfo_string121                @ DW_AT_name
	.byte	5                               @ DW_AT_decl_file
	.short	1947                            @ DW_AT_decl_line
	.long	156                             @ DW_AT_type
	.byte	21                              @ Abbrev [21] 0x716:0xf DW_TAG_variable
	.byte	2                               @ DW_AT_location
	.byte	145
	.byte	4
	.long	.Linfo_string122                @ DW_AT_name
	.byte	5                               @ DW_AT_decl_file
	.short	1949                            @ DW_AT_decl_line
	.long	156                             @ DW_AT_type
	.byte	21                              @ Abbrev [21] 0x725:0xf DW_TAG_variable
	.byte	2                               @ DW_AT_location
	.byte	145
	.byte	0
	.long	.Linfo_string123                @ DW_AT_name
	.byte	5                               @ DW_AT_decl_file
	.short	1950                            @ DW_AT_decl_line
	.long	156                             @ DW_AT_type
	.byte	0                               @ End Of Children Mark
	.byte	17                              @ Abbrev [17] 0x735:0x40 DW_TAG_subprogram
	.long	.Lfunc_begin22                  @ DW_AT_low_pc
	.long	.Lfunc_end22-.Lfunc_begin22     @ DW_AT_high_pc
	.byte	1                               @ DW_AT_frame_base
	.byte	93
	.long	.Linfo_string72                 @ DW_AT_name
	.byte	5                               @ DW_AT_decl_file
	.short	1821                            @ DW_AT_decl_line
                                        @ DW_AT_prototyped
	.byte	18                              @ Abbrev [18] 0x747:0xf DW_TAG_formal_parameter
	.byte	2                               @ DW_AT_location
	.byte	145
	.byte	8
	.long	.Linfo_string116                @ DW_AT_name
	.byte	5                               @ DW_AT_decl_file
	.short	1821                            @ DW_AT_decl_line
	.long	2285                            @ DW_AT_type
	.byte	18                              @ Abbrev [18] 0x756:0xf DW_TAG_formal_parameter
	.byte	2                               @ DW_AT_location
	.byte	145
	.byte	4
	.long	.Linfo_string117                @ DW_AT_name
	.byte	5                               @ DW_AT_decl_file
	.short	1821                            @ DW_AT_decl_line
	.long	2285                            @ DW_AT_type
	.byte	21                              @ Abbrev [21] 0x765:0xf DW_TAG_variable
	.byte	2                               @ DW_AT_location
	.byte	145
	.byte	0
	.long	.Linfo_string122                @ DW_AT_name
	.byte	5                               @ DW_AT_decl_file
	.short	1823                            @ DW_AT_decl_line
	.long	156                             @ DW_AT_type
	.byte	0                               @ End Of Children Mark
	.byte	23                              @ Abbrev [23] 0x775:0x16 DW_TAG_subprogram
	.long	.Lfunc_begin23                  @ DW_AT_low_pc
	.long	.Lfunc_end23-.Lfunc_begin23     @ DW_AT_high_pc
	.byte	1                               @ DW_AT_frame_base
	.byte	93
	.long	.Linfo_string73                 @ DW_AT_name
	.byte	5                               @ DW_AT_decl_file
	.short	2087                            @ DW_AT_decl_line
                                        @ DW_AT_prototyped
	.long	156                             @ DW_AT_type
	.byte	23                              @ Abbrev [23] 0x78b:0x16 DW_TAG_subprogram
	.long	.Lfunc_begin24                  @ DW_AT_low_pc
	.long	.Lfunc_end24-.Lfunc_begin24     @ DW_AT_high_pc
	.byte	1                               @ DW_AT_frame_base
	.byte	93
	.long	.Linfo_string74                 @ DW_AT_name
	.byte	5                               @ DW_AT_decl_file
	.short	2114                            @ DW_AT_decl_line
                                        @ DW_AT_prototyped
	.long	156                             @ DW_AT_type
	.byte	24                              @ Abbrev [24] 0x7a1:0x16 DW_TAG_subprogram
	.long	.Lfunc_begin25                  @ DW_AT_low_pc
	.long	.Lfunc_end25-.Lfunc_begin25     @ DW_AT_high_pc
	.byte	1                               @ DW_AT_frame_base
	.byte	93
	.long	.Linfo_string75                 @ DW_AT_name
	.byte	5                               @ DW_AT_decl_file
	.short	647                             @ DW_AT_decl_line
                                        @ DW_AT_prototyped
	.long	2193                            @ DW_AT_type
                                        @ DW_AT_external
	.byte	24                              @ Abbrev [24] 0x7b7:0x16 DW_TAG_subprogram
	.long	.Lfunc_begin26                  @ DW_AT_low_pc
	.long	.Lfunc_end26-.Lfunc_begin26     @ DW_AT_high_pc
	.byte	1                               @ DW_AT_frame_base
	.byte	93
	.long	.Linfo_string76                 @ DW_AT_name
	.byte	5                               @ DW_AT_decl_file
	.short	669                             @ DW_AT_decl_line
                                        @ DW_AT_prototyped
	.long	2193                            @ DW_AT_type
                                        @ DW_AT_external
	.byte	20                              @ Abbrev [20] 0x7cd:0x53 DW_TAG_subprogram
	.long	.Lfunc_begin27                  @ DW_AT_low_pc
	.long	.Lfunc_end27-.Lfunc_begin27     @ DW_AT_high_pc
	.byte	1                               @ DW_AT_frame_base
	.byte	93
	.long	.Linfo_string77                 @ DW_AT_name
	.byte	5                               @ DW_AT_decl_file
	.short	722                             @ DW_AT_decl_line
                                        @ DW_AT_prototyped
	.long	2193                            @ DW_AT_type
                                        @ DW_AT_external
	.byte	18                              @ Abbrev [18] 0x7e3:0xf DW_TAG_formal_parameter
	.byte	2                               @ DW_AT_location
	.byte	145
	.byte	12
	.long	.Linfo_string124                @ DW_AT_name
	.byte	5                               @ DW_AT_decl_file
	.short	722                             @ DW_AT_decl_line
	.long	2539                            @ DW_AT_type
	.byte	18                              @ Abbrev [18] 0x7f2:0xf DW_TAG_formal_parameter
	.byte	2                               @ DW_AT_location
	.byte	145
	.byte	8
	.long	.Linfo_string130                @ DW_AT_name
	.byte	5                               @ DW_AT_decl_file
	.short	722                             @ DW_AT_decl_line
	.long	2285                            @ DW_AT_type
	.byte	21                              @ Abbrev [21] 0x801:0xf DW_TAG_variable
	.byte	2                               @ DW_AT_location
	.byte	145
	.byte	7
	.long	.Linfo_string88                 @ DW_AT_name
	.byte	5                               @ DW_AT_decl_file
	.short	724                             @ DW_AT_decl_line
	.long	2193                            @ DW_AT_type
	.byte	21                              @ Abbrev [21] 0x810:0xf DW_TAG_variable
	.byte	2                               @ DW_AT_location
	.byte	145
	.byte	0
	.long	.Linfo_string89                 @ DW_AT_name
	.byte	5                               @ DW_AT_decl_file
	.short	725                             @ DW_AT_decl_line
	.long	156                             @ DW_AT_type
	.byte	0                               @ End Of Children Mark
	.byte	17                              @ Abbrev [17] 0x820:0x31 DW_TAG_subprogram
	.long	.Lfunc_begin28                  @ DW_AT_low_pc
	.long	.Lfunc_end28-.Lfunc_begin28     @ DW_AT_high_pc
	.byte	1                               @ DW_AT_frame_base
	.byte	93
	.long	.Linfo_string78                 @ DW_AT_name
	.byte	5                               @ DW_AT_decl_file
	.short	1980                            @ DW_AT_decl_line
                                        @ DW_AT_prototyped
	.byte	18                              @ Abbrev [18] 0x832:0xf DW_TAG_formal_parameter
	.byte	2                               @ DW_AT_location
	.byte	145
	.byte	4
	.long	.Linfo_string83                 @ DW_AT_name
	.byte	5                               @ DW_AT_decl_file
	.short	1980                            @ DW_AT_decl_line
	.long	156                             @ DW_AT_type
	.byte	18                              @ Abbrev [18] 0x841:0xf DW_TAG_formal_parameter
	.byte	2                               @ DW_AT_location
	.byte	145
	.byte	0
	.long	.Linfo_string121                @ DW_AT_name
	.byte	5                               @ DW_AT_decl_file
	.short	1980                            @ DW_AT_decl_line
	.long	156                             @ DW_AT_type
	.byte	0                               @ End Of Children Mark
	.byte	17                              @ Abbrev [17] 0x851:0x40 DW_TAG_subprogram
	.long	.Lfunc_begin29                  @ DW_AT_low_pc
	.long	.Lfunc_end29-.Lfunc_begin29     @ DW_AT_high_pc
	.byte	1                               @ DW_AT_frame_base
	.byte	93
	.long	.Linfo_string79                 @ DW_AT_name
	.byte	5                               @ DW_AT_decl_file
	.short	2012                            @ DW_AT_decl_line
                                        @ DW_AT_prototyped
	.byte	18                              @ Abbrev [18] 0x863:0xf DW_TAG_formal_parameter
	.byte	2                               @ DW_AT_location
	.byte	145
	.byte	8
	.long	.Linfo_string127                @ DW_AT_name
	.byte	5                               @ DW_AT_decl_file
	.short	2012                            @ DW_AT_decl_line
	.long	156                             @ DW_AT_type
	.byte	18                              @ Abbrev [18] 0x872:0xf DW_TAG_formal_parameter
	.byte	2                               @ DW_AT_location
	.byte	145
	.byte	4
	.long	.Linfo_string128                @ DW_AT_name
	.byte	5                               @ DW_AT_decl_file
	.short	2012                            @ DW_AT_decl_line
	.long	156                             @ DW_AT_type
	.byte	18                              @ Abbrev [18] 0x881:0xf DW_TAG_formal_parameter
	.byte	2                               @ DW_AT_location
	.byte	145
	.byte	0
	.long	.Linfo_string121                @ DW_AT_name
	.byte	5                               @ DW_AT_decl_file
	.short	2012                            @ DW_AT_decl_line
	.long	156                             @ DW_AT_type
	.byte	0                               @ End Of Children Mark
	.byte	5                               @ Abbrev [5] 0x891:0xb DW_TAG_typedef
	.long	38                              @ DW_AT_type
	.long	.Linfo_string50                 @ DW_AT_name
	.byte	1                               @ DW_AT_decl_file
	.byte	45                              @ DW_AT_decl_line
	.byte	6                               @ Abbrev [6] 0x89c:0x5 DW_TAG_pointer_type
	.long	2209                            @ DW_AT_type
	.byte	5                               @ Abbrev [5] 0x8a1:0xb DW_TAG_typedef
	.long	2220                            @ DW_AT_type
	.long	.Linfo_string86                 @ DW_AT_name
	.byte	6                               @ DW_AT_decl_file
	.byte	62                              @ DW_AT_decl_line
	.byte	25                              @ Abbrev [25] 0x8ac:0x41 DW_TAG_structure_type
	.byte	20                              @ DW_AT_byte_size
	.byte	6                               @ DW_AT_decl_file
	.byte	45                              @ DW_AT_decl_line
	.byte	26                              @ Abbrev [26] 0x8b0:0xc DW_TAG_member
	.long	.Linfo_string81                 @ DW_AT_name
	.long	156                             @ DW_AT_type
	.byte	6                               @ DW_AT_decl_file
	.byte	47                              @ DW_AT_decl_line
	.byte	0                               @ DW_AT_data_member_location
	.byte	26                              @ Abbrev [26] 0x8bc:0xc DW_TAG_member
	.long	.Linfo_string82                 @ DW_AT_name
	.long	156                             @ DW_AT_type
	.byte	6                               @ DW_AT_decl_file
	.byte	50                              @ DW_AT_decl_line
	.byte	4                               @ DW_AT_data_member_location
	.byte	26                              @ Abbrev [26] 0x8c8:0xc DW_TAG_member
	.long	.Linfo_string83                 @ DW_AT_name
	.long	156                             @ DW_AT_type
	.byte	6                               @ DW_AT_decl_file
	.byte	53                              @ DW_AT_decl_line
	.byte	8                               @ DW_AT_data_member_location
	.byte	26                              @ Abbrev [26] 0x8d4:0xc DW_TAG_member
	.long	.Linfo_string84                 @ DW_AT_name
	.long	156                             @ DW_AT_type
	.byte	6                               @ DW_AT_decl_file
	.byte	56                              @ DW_AT_decl_line
	.byte	12                              @ DW_AT_data_member_location
	.byte	26                              @ Abbrev [26] 0x8e0:0xc DW_TAG_member
	.long	.Linfo_string85                 @ DW_AT_name
	.long	156                             @ DW_AT_type
	.byte	6                               @ DW_AT_decl_file
	.byte	59                              @ DW_AT_decl_line
	.byte	16                              @ DW_AT_data_member_location
	.byte	0                               @ End Of Children Mark
	.byte	6                               @ Abbrev [6] 0x8ed:0x5 DW_TAG_pointer_type
	.long	156                             @ DW_AT_type
	.byte	6                               @ Abbrev [6] 0x8f2:0x5 DW_TAG_pointer_type
	.long	2295                            @ DW_AT_type
	.byte	5                               @ Abbrev [5] 0x8f7:0xb DW_TAG_typedef
	.long	2306                            @ DW_AT_type
	.long	.Linfo_string109                @ DW_AT_name
	.byte	6                               @ DW_AT_decl_file
	.byte	149                             @ DW_AT_decl_line
	.byte	25                              @ Abbrev [25] 0x902:0xe9 DW_TAG_structure_type
	.byte	76                              @ DW_AT_byte_size
	.byte	6                               @ DW_AT_decl_file
	.byte	68                              @ DW_AT_decl_line
	.byte	26                              @ Abbrev [26] 0x906:0xc DW_TAG_member
	.long	.Linfo_string91                 @ DW_AT_name
	.long	156                             @ DW_AT_type
	.byte	6                               @ DW_AT_decl_file
	.byte	70                              @ DW_AT_decl_line
	.byte	0                               @ DW_AT_data_member_location
	.byte	26                              @ Abbrev [26] 0x912:0xc DW_TAG_member
	.long	.Linfo_string92                 @ DW_AT_name
	.long	156                             @ DW_AT_type
	.byte	6                               @ DW_AT_decl_file
	.byte	73                              @ DW_AT_decl_line
	.byte	4                               @ DW_AT_data_member_location
	.byte	26                              @ Abbrev [26] 0x91e:0xc DW_TAG_member
	.long	.Linfo_string93                 @ DW_AT_name
	.long	156                             @ DW_AT_type
	.byte	6                               @ DW_AT_decl_file
	.byte	76                              @ DW_AT_decl_line
	.byte	8                               @ DW_AT_data_member_location
	.byte	26                              @ Abbrev [26] 0x92a:0xc DW_TAG_member
	.long	.Linfo_string94                 @ DW_AT_name
	.long	156                             @ DW_AT_type
	.byte	6                               @ DW_AT_decl_file
	.byte	79                              @ DW_AT_decl_line
	.byte	12                              @ DW_AT_data_member_location
	.byte	26                              @ Abbrev [26] 0x936:0xc DW_TAG_member
	.long	.Linfo_string95                 @ DW_AT_name
	.long	156                             @ DW_AT_type
	.byte	6                               @ DW_AT_decl_file
	.byte	82                              @ DW_AT_decl_line
	.byte	16                              @ DW_AT_data_member_location
	.byte	26                              @ Abbrev [26] 0x942:0xc DW_TAG_member
	.long	.Linfo_string96                 @ DW_AT_name
	.long	156                             @ DW_AT_type
	.byte	6                               @ DW_AT_decl_file
	.byte	85                              @ DW_AT_decl_line
	.byte	20                              @ DW_AT_data_member_location
	.byte	26                              @ Abbrev [26] 0x94e:0xc DW_TAG_member
	.long	.Linfo_string97                 @ DW_AT_name
	.long	156                             @ DW_AT_type
	.byte	6                               @ DW_AT_decl_file
	.byte	88                              @ DW_AT_decl_line
	.byte	24                              @ DW_AT_data_member_location
	.byte	26                              @ Abbrev [26] 0x95a:0xc DW_TAG_member
	.long	.Linfo_string82                 @ DW_AT_name
	.long	156                             @ DW_AT_type
	.byte	6                               @ DW_AT_decl_file
	.byte	91                              @ DW_AT_decl_line
	.byte	28                              @ DW_AT_data_member_location
	.byte	26                              @ Abbrev [26] 0x966:0xc DW_TAG_member
	.long	.Linfo_string98                 @ DW_AT_name
	.long	156                             @ DW_AT_type
	.byte	6                               @ DW_AT_decl_file
	.byte	94                              @ DW_AT_decl_line
	.byte	32                              @ DW_AT_data_member_location
	.byte	26                              @ Abbrev [26] 0x972:0xc DW_TAG_member
	.long	.Linfo_string99                 @ DW_AT_name
	.long	156                             @ DW_AT_type
	.byte	6                               @ DW_AT_decl_file
	.byte	98                              @ DW_AT_decl_line
	.byte	36                              @ DW_AT_data_member_location
	.byte	26                              @ Abbrev [26] 0x97e:0xc DW_TAG_member
	.long	.Linfo_string100                @ DW_AT_name
	.long	156                             @ DW_AT_type
	.byte	6                               @ DW_AT_decl_file
	.byte	101                             @ DW_AT_decl_line
	.byte	40                              @ DW_AT_data_member_location
	.byte	26                              @ Abbrev [26] 0x98a:0xc DW_TAG_member
	.long	.Linfo_string101                @ DW_AT_name
	.long	156                             @ DW_AT_type
	.byte	6                               @ DW_AT_decl_file
	.byte	104                             @ DW_AT_decl_line
	.byte	44                              @ DW_AT_data_member_location
	.byte	26                              @ Abbrev [26] 0x996:0xc DW_TAG_member
	.long	.Linfo_string102                @ DW_AT_name
	.long	156                             @ DW_AT_type
	.byte	6                               @ DW_AT_decl_file
	.byte	107                             @ DW_AT_decl_line
	.byte	48                              @ DW_AT_data_member_location
	.byte	26                              @ Abbrev [26] 0x9a2:0xc DW_TAG_member
	.long	.Linfo_string103                @ DW_AT_name
	.long	156                             @ DW_AT_type
	.byte	6                               @ DW_AT_decl_file
	.byte	110                             @ DW_AT_decl_line
	.byte	52                              @ DW_AT_data_member_location
	.byte	26                              @ Abbrev [26] 0x9ae:0xc DW_TAG_member
	.long	.Linfo_string104                @ DW_AT_name
	.long	156                             @ DW_AT_type
	.byte	6                               @ DW_AT_decl_file
	.byte	124                             @ DW_AT_decl_line
	.byte	56                              @ DW_AT_data_member_location
	.byte	26                              @ Abbrev [26] 0x9ba:0xc DW_TAG_member
	.long	.Linfo_string105                @ DW_AT_name
	.long	156                             @ DW_AT_type
	.byte	6                               @ DW_AT_decl_file
	.byte	128                             @ DW_AT_decl_line
	.byte	60                              @ DW_AT_data_member_location
	.byte	26                              @ Abbrev [26] 0x9c6:0xc DW_TAG_member
	.long	.Linfo_string106                @ DW_AT_name
	.long	156                             @ DW_AT_type
	.byte	6                               @ DW_AT_decl_file
	.byte	131                             @ DW_AT_decl_line
	.byte	64                              @ DW_AT_data_member_location
	.byte	26                              @ Abbrev [26] 0x9d2:0xc DW_TAG_member
	.long	.Linfo_string107                @ DW_AT_name
	.long	156                             @ DW_AT_type
	.byte	6                               @ DW_AT_decl_file
	.byte	140                             @ DW_AT_decl_line
	.byte	68                              @ DW_AT_data_member_location
	.byte	26                              @ Abbrev [26] 0x9de:0xc DW_TAG_member
	.long	.Linfo_string108                @ DW_AT_name
	.long	156                             @ DW_AT_type
	.byte	6                               @ DW_AT_decl_file
	.byte	145                             @ DW_AT_decl_line
	.byte	72                              @ DW_AT_data_member_location
	.byte	0                               @ End Of Children Mark
	.byte	6                               @ Abbrev [6] 0x9eb:0x5 DW_TAG_pointer_type
	.long	2544                            @ DW_AT_type
	.byte	5                               @ Abbrev [5] 0x9f0:0xb DW_TAG_typedef
	.long	2555                            @ DW_AT_type
	.long	.Linfo_string129                @ DW_AT_name
	.byte	6                               @ DW_AT_decl_file
	.byte	177                             @ DW_AT_decl_line
	.byte	25                              @ Abbrev [25] 0x9fb:0x59 DW_TAG_structure_type
	.byte	28                              @ DW_AT_byte_size
	.byte	6                               @ DW_AT_decl_file
	.byte	154                             @ DW_AT_decl_line
	.byte	26                              @ Abbrev [26] 0x9ff:0xc DW_TAG_member
	.long	.Linfo_string125                @ DW_AT_name
	.long	156                             @ DW_AT_type
	.byte	6                               @ DW_AT_decl_file
	.byte	156                             @ DW_AT_decl_line
	.byte	0                               @ DW_AT_data_member_location
	.byte	26                              @ Abbrev [26] 0xa0b:0xc DW_TAG_member
	.long	.Linfo_string126                @ DW_AT_name
	.long	156                             @ DW_AT_type
	.byte	6                               @ DW_AT_decl_file
	.byte	159                             @ DW_AT_decl_line
	.byte	4                               @ DW_AT_data_member_location
	.byte	26                              @ Abbrev [26] 0xa17:0xc DW_TAG_member
	.long	.Linfo_string121                @ DW_AT_name
	.long	156                             @ DW_AT_type
	.byte	6                               @ DW_AT_decl_file
	.byte	162                             @ DW_AT_decl_line
	.byte	8                               @ DW_AT_data_member_location
	.byte	26                              @ Abbrev [26] 0xa23:0xc DW_TAG_member
	.long	.Linfo_string83                 @ DW_AT_name
	.long	156                             @ DW_AT_type
	.byte	6                               @ DW_AT_decl_file
	.byte	165                             @ DW_AT_decl_line
	.byte	12                              @ DW_AT_data_member_location
	.byte	26                              @ Abbrev [26] 0xa2f:0xc DW_TAG_member
	.long	.Linfo_string84                 @ DW_AT_name
	.long	156                             @ DW_AT_type
	.byte	6                               @ DW_AT_decl_file
	.byte	168                             @ DW_AT_decl_line
	.byte	16                              @ DW_AT_data_member_location
	.byte	26                              @ Abbrev [26] 0xa3b:0xc DW_TAG_member
	.long	.Linfo_string127                @ DW_AT_name
	.long	156                             @ DW_AT_type
	.byte	6                               @ DW_AT_decl_file
	.byte	171                             @ DW_AT_decl_line
	.byte	20                              @ DW_AT_data_member_location
	.byte	26                              @ Abbrev [26] 0xa47:0xc DW_TAG_member
	.long	.Linfo_string128                @ DW_AT_name
	.long	156                             @ DW_AT_type
	.byte	6                               @ DW_AT_decl_file
	.byte	174                             @ DW_AT_decl_line
	.byte	24                              @ DW_AT_data_member_location
	.byte	0                               @ End Of Children Mark
	.byte	0                               @ End Of Children Mark
.Ldebug_info_end0:
	.section	.debug_ranges,"",%progbits
.Ldebug_ranges0:
	.long	.Lfunc_begin0
	.long	.Lfunc_end0
	.long	.Lfunc_begin1
	.long	.Lfunc_end1
	.long	.Lfunc_begin2
	.long	.Lfunc_end2
	.long	.Lfunc_begin3
	.long	.Lfunc_end3
	.long	.Lfunc_begin4
	.long	.Lfunc_end4
	.long	.Lfunc_begin5
	.long	.Lfunc_end5
	.long	.Lfunc_begin6
	.long	.Lfunc_end6
	.long	.Lfunc_begin7
	.long	.Lfunc_end7
	.long	.Lfunc_begin8
	.long	.Lfunc_end8
	.long	.Lfunc_begin9
	.long	.Lfunc_end9
	.long	.Lfunc_begin10
	.long	.Lfunc_end10
	.long	.Lfunc_begin11
	.long	.Lfunc_end11
	.long	.Lfunc_begin12
	.long	.Lfunc_end12
	.long	.Lfunc_begin13
	.long	.Lfunc_end13
	.long	.Lfunc_begin14
	.long	.Lfunc_end14
	.long	.Lfunc_begin15
	.long	.Lfunc_end15
	.long	.Lfunc_begin16
	.long	.Lfunc_end16
	.long	.Lfunc_begin17
	.long	.Lfunc_end17
	.long	.Lfunc_begin18
	.long	.Lfunc_end18
	.long	.Lfunc_begin19
	.long	.Lfunc_end19
	.long	.Lfunc_begin20
	.long	.Lfunc_end20
	.long	.Lfunc_begin21
	.long	.Lfunc_end21
	.long	.Lfunc_begin22
	.long	.Lfunc_end22
	.long	.Lfunc_begin23
	.long	.Lfunc_end23
	.long	.Lfunc_begin24
	.long	.Lfunc_end24
	.long	.Lfunc_begin25
	.long	.Lfunc_end25
	.long	.Lfunc_begin26
	.long	.Lfunc_end26
	.long	.Lfunc_begin27
	.long	.Lfunc_end27
	.long	.Lfunc_begin28
	.long	.Lfunc_end28
	.long	.Lfunc_begin29
	.long	.Lfunc_end29
	.long	0
	.long	0
	.section	.debug_str,"MS",%progbits,1
.Linfo_string0:
	.asciz	"Component: Arm Compiler for Embedded 6.24 Tool: armclang [5f371800]" @ string offset=0
.Linfo_string1:
	.asciz	"../Drivers/STM32H7xx_HAL_Driver/Src\\stm32h7xx_hal_flash_ex.c" @ string offset=68
.Linfo_string2:
	.asciz	"D:\\RM_projects\\h7_final_4\\MDK-ARM" @ string offset=129
.Linfo_string3:
	.asciz	"unsigned char"                 @ string offset=163
.Linfo_string4:
	.asciz	"HAL_OK"                        @ string offset=177
.Linfo_string5:
	.asciz	"HAL_ERROR"                     @ string offset=184
.Linfo_string6:
	.asciz	"HAL_BUSY"                      @ string offset=194
.Linfo_string7:
	.asciz	"HAL_TIMEOUT"                   @ string offset=203
.Linfo_string8:
	.asciz	"HAL_UNLOCKED"                  @ string offset=215
.Linfo_string9:
	.asciz	"HAL_LOCKED"                    @ string offset=228
.Linfo_string10:
	.asciz	"FLASH_PROC_NONE"               @ string offset=239
.Linfo_string11:
	.asciz	"FLASH_PROC_SECTERASE_BANK1"    @ string offset=255
.Linfo_string12:
	.asciz	"FLASH_PROC_MASSERASE_BANK1"    @ string offset=282
.Linfo_string13:
	.asciz	"FLASH_PROC_PROGRAM_BANK1"      @ string offset=309
.Linfo_string14:
	.asciz	"FLASH_PROC_SECTERASE_BANK2"    @ string offset=334
.Linfo_string15:
	.asciz	"FLASH_PROC_MASSERASE_BANK2"    @ string offset=361
.Linfo_string16:
	.asciz	"FLASH_PROC_PROGRAM_BANK2"      @ string offset=388
.Linfo_string17:
	.asciz	"FLASH_PROC_ALLBANK_MASSERASE"  @ string offset=413
.Linfo_string18:
	.asciz	"unsigned int"                  @ string offset=442
.Linfo_string19:
	.asciz	"uint32_t"                      @ string offset=455
.Linfo_string20:
	.asciz	"ACR"                           @ string offset=464
.Linfo_string21:
	.asciz	"KEYR1"                         @ string offset=468
.Linfo_string22:
	.asciz	"OPTKEYR"                       @ string offset=474
.Linfo_string23:
	.asciz	"CR1"                           @ string offset=482
.Linfo_string24:
	.asciz	"SR1"                           @ string offset=486
.Linfo_string25:
	.asciz	"CCR1"                          @ string offset=490
.Linfo_string26:
	.asciz	"OPTCR"                         @ string offset=495
.Linfo_string27:
	.asciz	"OPTSR_CUR"                     @ string offset=501
.Linfo_string28:
	.asciz	"OPTSR_PRG"                     @ string offset=511
.Linfo_string29:
	.asciz	"OPTCCR"                        @ string offset=521
.Linfo_string30:
	.asciz	"PRAR_CUR1"                     @ string offset=528
.Linfo_string31:
	.asciz	"PRAR_PRG1"                     @ string offset=538
.Linfo_string32:
	.asciz	"SCAR_CUR1"                     @ string offset=548
.Linfo_string33:
	.asciz	"SCAR_PRG1"                     @ string offset=558
.Linfo_string34:
	.asciz	"WPSN_CUR1"                     @ string offset=568
.Linfo_string35:
	.asciz	"WPSN_PRG1"                     @ string offset=578
.Linfo_string36:
	.asciz	"BOOT_CUR"                      @ string offset=588
.Linfo_string37:
	.asciz	"BOOT_PRG"                      @ string offset=597
.Linfo_string38:
	.asciz	"RESERVED0"                     @ string offset=606
.Linfo_string39:
	.asciz	"__ARRAY_SIZE_TYPE__"           @ string offset=616
.Linfo_string40:
	.asciz	"CRCCR1"                        @ string offset=636
.Linfo_string41:
	.asciz	"CRCSADD1"                      @ string offset=643
.Linfo_string42:
	.asciz	"CRCEADD1"                      @ string offset=652
.Linfo_string43:
	.asciz	"CRCDATA"                       @ string offset=661
.Linfo_string44:
	.asciz	"ECC_FA1"                       @ string offset=669
.Linfo_string45:
	.asciz	"RESERVED"                      @ string offset=677
.Linfo_string46:
	.asciz	"OPTSR2_CUR"                    @ string offset=686
.Linfo_string47:
	.asciz	"OPTSR2_PRG"                    @ string offset=697
.Linfo_string48:
	.asciz	"FLASH_TypeDef"                 @ string offset=708
.Linfo_string49:
	.asciz	"HAL_FLASHEx_Erase"             @ string offset=722
.Linfo_string50:
	.asciz	"HAL_StatusTypeDef"             @ string offset=740
.Linfo_string51:
	.asciz	"FLASH_MassErase"               @ string offset=758
.Linfo_string52:
	.asciz	"FLASH_Erase_Sector"            @ string offset=774
.Linfo_string53:
	.asciz	"HAL_FLASHEx_Erase_IT"          @ string offset=793
.Linfo_string54:
	.asciz	"HAL_FLASHEx_OBProgram"         @ string offset=814
.Linfo_string55:
	.asciz	"FLASH_OB_EnableWRP"            @ string offset=836
.Linfo_string56:
	.asciz	"FLASH_OB_DisableWRP"           @ string offset=855
.Linfo_string57:
	.asciz	"FLASH_OB_RDPConfig"            @ string offset=875
.Linfo_string58:
	.asciz	"FLASH_OB_UserConfig"           @ string offset=894
.Linfo_string59:
	.asciz	"FLASH_OB_PCROPConfig"          @ string offset=914
.Linfo_string60:
	.asciz	"FLASH_OB_BOR_LevelConfig"      @ string offset=935
.Linfo_string61:
	.asciz	"FLASH_OB_BootAddConfig"        @ string offset=960
.Linfo_string62:
	.asciz	"FLASH_OB_SecureAreaConfig"     @ string offset=983
.Linfo_string63:
	.asciz	"FLASH_OB_SharedRAM_Config"     @ string offset=1009
.Linfo_string64:
	.asciz	"FLASH_OB_CPUFreq_BoostConfig"  @ string offset=1035
.Linfo_string65:
	.asciz	"HAL_FLASHEx_OBGetConfig"       @ string offset=1064
.Linfo_string66:
	.asciz	"FLASH_OB_GetRDP"               @ string offset=1088
.Linfo_string67:
	.asciz	"FLASH_OB_GetUser"              @ string offset=1104
.Linfo_string68:
	.asciz	"FLASH_OB_GetBOR"               @ string offset=1121
.Linfo_string69:
	.asciz	"FLASH_OB_GetWRP"               @ string offset=1137
.Linfo_string70:
	.asciz	"FLASH_OB_GetPCROP"             @ string offset=1153
.Linfo_string71:
	.asciz	"FLASH_OB_GetSecureArea"        @ string offset=1171
.Linfo_string72:
	.asciz	"FLASH_OB_GetBootAdd"           @ string offset=1194
.Linfo_string73:
	.asciz	"FLASH_OB_SharedRAM_GetConfig"  @ string offset=1214
.Linfo_string74:
	.asciz	"FLASH_OB_CPUFreq_GetBoost"     @ string offset=1243
.Linfo_string75:
	.asciz	"HAL_FLASHEx_Unlock_Bank1"      @ string offset=1269
.Linfo_string76:
	.asciz	"HAL_FLASHEx_Lock_Bank1"        @ string offset=1294
.Linfo_string77:
	.asciz	"HAL_FLASHEx_ComputeCRC"        @ string offset=1317
.Linfo_string78:
	.asciz	"FLASH_CRC_AddSector"           @ string offset=1340
.Linfo_string79:
	.asciz	"FLASH_CRC_SelectAddress"       @ string offset=1360
.Linfo_string80:
	.asciz	"pEraseInit"                    @ string offset=1384
.Linfo_string81:
	.asciz	"TypeErase"                     @ string offset=1395
.Linfo_string82:
	.asciz	"Banks"                         @ string offset=1405
.Linfo_string83:
	.asciz	"Sector"                        @ string offset=1411
.Linfo_string84:
	.asciz	"NbSectors"                     @ string offset=1418
.Linfo_string85:
	.asciz	"VoltageRange"                  @ string offset=1428
.Linfo_string86:
	.asciz	"FLASH_EraseInitTypeDef"        @ string offset=1441
.Linfo_string87:
	.asciz	"SectorError"                   @ string offset=1464
.Linfo_string88:
	.asciz	"status"                        @ string offset=1476
.Linfo_string89:
	.asciz	"sector_index"                  @ string offset=1483
.Linfo_string90:
	.asciz	"pOBInit"                       @ string offset=1496
.Linfo_string91:
	.asciz	"OptionType"                    @ string offset=1504
.Linfo_string92:
	.asciz	"WRPState"                      @ string offset=1515
.Linfo_string93:
	.asciz	"WRPSector"                     @ string offset=1524
.Linfo_string94:
	.asciz	"RDPLevel"                      @ string offset=1534
.Linfo_string95:
	.asciz	"BORLevel"                      @ string offset=1543
.Linfo_string96:
	.asciz	"USERType"                      @ string offset=1552
.Linfo_string97:
	.asciz	"USERConfig"                    @ string offset=1561
.Linfo_string98:
	.asciz	"PCROPConfig"                   @ string offset=1572
.Linfo_string99:
	.asciz	"PCROPStartAddr"                @ string offset=1584
.Linfo_string100:
	.asciz	"PCROPEndAddr"                  @ string offset=1599
.Linfo_string101:
	.asciz	"BootConfig"                    @ string offset=1612
.Linfo_string102:
	.asciz	"BootAddr0"                     @ string offset=1623
.Linfo_string103:
	.asciz	"BootAddr1"                     @ string offset=1633
.Linfo_string104:
	.asciz	"SecureAreaConfig"              @ string offset=1643
.Linfo_string105:
	.asciz	"SecureAreaStartAddr"           @ string offset=1660
.Linfo_string106:
	.asciz	"SecureAreaEndAddr"             @ string offset=1680
.Linfo_string107:
	.asciz	"SharedRamConfig"               @ string offset=1698
.Linfo_string108:
	.asciz	"FreqBoostState"                @ string offset=1714
.Linfo_string109:
	.asciz	"FLASH_OBProgramInitTypeDef"    @ string offset=1729
.Linfo_string110:
	.asciz	"UserType"                      @ string offset=1756
.Linfo_string111:
	.asciz	"UserConfig"                    @ string offset=1765
.Linfo_string112:
	.asciz	"optr_reg_val"                  @ string offset=1776
.Linfo_string113:
	.asciz	"optr_reg_mask"                 @ string offset=1789
.Linfo_string114:
	.asciz	"Level"                         @ string offset=1803
.Linfo_string115:
	.asciz	"BootOption"                    @ string offset=1809
.Linfo_string116:
	.asciz	"BootAddress0"                  @ string offset=1820
.Linfo_string117:
	.asciz	"BootAddress1"                  @ string offset=1833
.Linfo_string118:
	.asciz	"FreqBoost"                     @ string offset=1846
.Linfo_string119:
	.asciz	"rdp_level"                     @ string offset=1856
.Linfo_string120:
	.asciz	"userConfig"                    @ string offset=1866
.Linfo_string121:
	.asciz	"Bank"                          @ string offset=1877
.Linfo_string122:
	.asciz	"regvalue"                      @ string offset=1882
.Linfo_string123:
	.asciz	"bankBase"                      @ string offset=1891
.Linfo_string124:
	.asciz	"pCRCInit"                      @ string offset=1900
.Linfo_string125:
	.asciz	"TypeCRC"                       @ string offset=1909
.Linfo_string126:
	.asciz	"BurstSize"                     @ string offset=1917
.Linfo_string127:
	.asciz	"CRCStartAddr"                  @ string offset=1927
.Linfo_string128:
	.asciz	"CRCEndAddr"                    @ string offset=1940
.Linfo_string129:
	.asciz	"FLASH_CRCInitTypeDef"          @ string offset=1951
.Linfo_string130:
	.asciz	"CRC_Result"                    @ string offset=1972
	.ident	"Component: Arm Compiler for Embedded 6.24 Tool: armclang [5f371800]"
	.section	".note.GNU-stack","",%progbits
	.eabi_attribute	30, 6	@ Tag_ABI_optimization_goals
	.ARM_attribute	16, 1	@ Tag_AV_eba
	.section	.debug_line,"",%progbits
.Lline_table_start0:
