	.text
	.syntax unified
	.eabi_attribute	67, "2.09"	@ Tag_conformance
	.cpu	cortex-m7
	.eabi_attribute	6, 13	@ Tag_CPU_arch
	.eabi_attribute	7, 77	@ Tag_CPU_arch_profile
	.eabi_attribute	8, 0	@ Tag_ARM_ISA_use
	.eabi_attribute	9, 2	@ Tag_THUMB_ISA_use
	.fpu	fpv5-d16
	.eabi_attribute	36, 1	@ Tag_FP_HP_extension
	.eabi_attribute	34, 1	@ Tag_CPU_unaligned_access
	.eabi_attribute	17, 1	@ Tag_ABI_PCS_GOT_use
	.eabi_attribute	20, 2	@ Tag_ABI_FP_denormal
	.eabi_attribute	21, 0	@ Tag_ABI_FP_exceptions
	.eabi_attribute	23, 1	@ Tag_ABI_FP_number_model
	.eabi_attribute	24, 1	@ Tag_ABI_align_needed
	.eabi_attribute	25, 1	@ Tag_ABI_align_preserved
	.eabi_attribute	28, 1	@ Tag_ABI_VFP_args
	.eabi_attribute	38, 1	@ Tag_ABI_FP_16bit_format
	.eabi_attribute	18, 2	@ Tag_ABI_PCS_wchar_t
	.eabi_attribute	26, 1	@ Tag_ABI_enum_size
	.eabi_attribute	14, 0	@ Tag_ABI_PCS_R9_use
	.file	"SVMFunctionsF16.c"
	.file	1 "D:/keil_1/keilpacks/ARM/CMSIS-DSP/1.16.2/Include" "arm_math_types.h"
	.section	.text.arm_svm_linear_init_f16,"ax",%progbits
	.hidden	arm_svm_linear_init_f16         @ -- Begin function arm_svm_linear_init_f16
	.globl	arm_svm_linear_init_f16
	.p2align	3
	.type	arm_svm_linear_init_f16,%function
	.code	16                              @ @arm_svm_linear_init_f16
	.thumb_func
arm_svm_linear_init_f16:
.Lfunc_begin0:
	.file	2 "D:/keil_1/keilpacks/ARM/CMSIS-DSP/1.16.2/Source/SVMFunctions" "arm_svm_linear_init_f16.c"
	.loc	2 72 0                          @ D:/keil_1/keilpacks/ARM/CMSIS-DSP/1.16.2/Source/SVMFunctions\arm_svm_linear_init_f16.c:72:0
	.fnstart
	.cfi_sections .debug_frame
	.cfi_startproc
@ %bb.0:
	.save	{r7, lr}
	push	{r7, lr}
	.cfi_def_cfa_offset 8
	.cfi_offset lr, -4
	.cfi_offset r7, -8
	.pad	#20
	sub	sp, #20
	.cfi_def_cfa_offset 28
	mov	r12, r0
	vmov	r0, s0
	ldr.w	lr, [sp, #32]
	ldr.w	lr, [sp, #28]
	str.w	r12, [sp, #16]
	str	r1, [sp, #12]
	str	r2, [sp, #8]
	strh.w	r0, [sp, #6]
	str	r3, [sp]
.Ltmp0:
	.loc	2 73 28 prologue_end            @ D:/keil_1/keilpacks/ARM/CMSIS-DSP/1.16.2/Source/SVMFunctions\arm_svm_linear_init_f16.c:73:28
	ldr	r0, [sp, #12]
	.loc	2 73 4 is_stmt 0                @ D:/keil_1/keilpacks/ARM/CMSIS-DSP/1.16.2/Source/SVMFunctions\arm_svm_linear_init_f16.c:73:4
	ldr	r1, [sp, #16]
	.loc	2 73 26                         @ D:/keil_1/keilpacks/ARM/CMSIS-DSP/1.16.2/Source/SVMFunctions\arm_svm_linear_init_f16.c:73:26
	str	r0, [r1]
	.loc	2 74 25 is_stmt 1               @ D:/keil_1/keilpacks/ARM/CMSIS-DSP/1.16.2/Source/SVMFunctions\arm_svm_linear_init_f16.c:74:25
	ldr	r0, [sp, #8]
	.loc	2 74 4 is_stmt 0                @ D:/keil_1/keilpacks/ARM/CMSIS-DSP/1.16.2/Source/SVMFunctions\arm_svm_linear_init_f16.c:74:4
	ldr	r1, [sp, #16]
	.loc	2 74 23                         @ D:/keil_1/keilpacks/ARM/CMSIS-DSP/1.16.2/Source/SVMFunctions\arm_svm_linear_init_f16.c:74:23
	str	r0, [r1, #4]
	.loc	2 75 19 is_stmt 1               @ D:/keil_1/keilpacks/ARM/CMSIS-DSP/1.16.2/Source/SVMFunctions\arm_svm_linear_init_f16.c:75:19
	ldrh.w	r0, [sp, #6]
	.loc	2 75 4 is_stmt 0                @ D:/keil_1/keilpacks/ARM/CMSIS-DSP/1.16.2/Source/SVMFunctions\arm_svm_linear_init_f16.c:75:4
	ldr	r1, [sp, #16]
	.loc	2 75 17                         @ D:/keil_1/keilpacks/ARM/CMSIS-DSP/1.16.2/Source/SVMFunctions\arm_svm_linear_init_f16.c:75:17
	strh	r0, [r1, #8]
	.loc	2 76 26 is_stmt 1               @ D:/keil_1/keilpacks/ARM/CMSIS-DSP/1.16.2/Source/SVMFunctions\arm_svm_linear_init_f16.c:76:26
	ldr	r0, [sp]
	.loc	2 76 4 is_stmt 0                @ D:/keil_1/keilpacks/ARM/CMSIS-DSP/1.16.2/Source/SVMFunctions\arm_svm_linear_init_f16.c:76:4
	ldr	r1, [sp, #16]
	.loc	2 76 24                         @ D:/keil_1/keilpacks/ARM/CMSIS-DSP/1.16.2/Source/SVMFunctions\arm_svm_linear_init_f16.c:76:24
	str	r0, [r1, #12]
	.loc	2 77 24 is_stmt 1               @ D:/keil_1/keilpacks/ARM/CMSIS-DSP/1.16.2/Source/SVMFunctions\arm_svm_linear_init_f16.c:77:24
	ldr	r0, [sp, #28]
	.loc	2 77 4 is_stmt 0                @ D:/keil_1/keilpacks/ARM/CMSIS-DSP/1.16.2/Source/SVMFunctions\arm_svm_linear_init_f16.c:77:4
	ldr	r1, [sp, #16]
	.loc	2 77 22                         @ D:/keil_1/keilpacks/ARM/CMSIS-DSP/1.16.2/Source/SVMFunctions\arm_svm_linear_init_f16.c:77:22
	str	r0, [r1, #16]
	.loc	2 78 17 is_stmt 1               @ D:/keil_1/keilpacks/ARM/CMSIS-DSP/1.16.2/Source/SVMFunctions\arm_svm_linear_init_f16.c:78:17
	ldr	r0, [sp, #32]
	.loc	2 78 4 is_stmt 0                @ D:/keil_1/keilpacks/ARM/CMSIS-DSP/1.16.2/Source/SVMFunctions\arm_svm_linear_init_f16.c:78:4
	ldr	r1, [sp, #16]
	.loc	2 78 15                         @ D:/keil_1/keilpacks/ARM/CMSIS-DSP/1.16.2/Source/SVMFunctions\arm_svm_linear_init_f16.c:78:15
	str	r0, [r1, #20]
	.loc	2 79 1 epilogue_begin is_stmt 1 @ D:/keil_1/keilpacks/ARM/CMSIS-DSP/1.16.2/Source/SVMFunctions\arm_svm_linear_init_f16.c:79:1
	add	sp, #20
	pop	{r7, pc}
.Ltmp1:
.Lfunc_end0:
	.size	arm_svm_linear_init_f16, .Lfunc_end0-arm_svm_linear_init_f16
	.cfi_endproc
	.cantunwind
	.fnend
                                        @ -- End function
	.section	.text.arm_svm_linear_predict_f16,"ax",%progbits
	.hidden	arm_svm_linear_predict_f16      @ -- Begin function arm_svm_linear_predict_f16
	.globl	arm_svm_linear_predict_f16
	.p2align	3
	.type	arm_svm_linear_predict_f16,%function
	.code	16                              @ @arm_svm_linear_predict_f16
	.thumb_func
arm_svm_linear_predict_f16:
.Lfunc_begin1:
	.file	3 "D:/keil_1/keilpacks/ARM/CMSIS-DSP/1.16.2/Source/SVMFunctions" "arm_svm_linear_predict_f16.c"
	.loc	3 289 0                         @ D:/keil_1/keilpacks/ARM/CMSIS-DSP/1.16.2/Source/SVMFunctions\arm_svm_linear_predict_f16.c:289:0
	.fnstart
	.cfi_startproc
@ %bb.0:
	.pad	#28
	sub	sp, #28
	.cfi_def_cfa_offset 28
	str	r0, [sp, #24]
	str	r1, [sp, #20]
	str	r2, [sp, #16]
.Ltmp2:
	.loc	3 290 18 prologue_end           @ D:/keil_1/keilpacks/ARM/CMSIS-DSP/1.16.2/Source/SVMFunctions\arm_svm_linear_predict_f16.c:290:18
	ldr	r0, [sp, #24]
	.loc	3 290 21 is_stmt 0              @ D:/keil_1/keilpacks/ARM/CMSIS-DSP/1.16.2/Source/SVMFunctions\arm_svm_linear_predict_f16.c:290:21
	ldrh	r0, [r0, #8]
	.loc	3 290 14                        @ D:/keil_1/keilpacks/ARM/CMSIS-DSP/1.16.2/Source/SVMFunctions\arm_svm_linear_predict_f16.c:290:14
	strh.w	r0, [sp, #14]
	movs	r0, #0
	.loc	3 291 14 is_stmt 1              @ D:/keil_1/keilpacks/ARM/CMSIS-DSP/1.16.2/Source/SVMFunctions\arm_svm_linear_predict_f16.c:291:14
	strh.w	r0, [sp, #12]
	.loc	3 293 33                        @ D:/keil_1/keilpacks/ARM/CMSIS-DSP/1.16.2/Source/SVMFunctions\arm_svm_linear_predict_f16.c:293:33
	ldr	r1, [sp, #24]
	.loc	3 293 36 is_stmt 0              @ D:/keil_1/keilpacks/ARM/CMSIS-DSP/1.16.2/Source/SVMFunctions\arm_svm_linear_predict_f16.c:293:36
	ldr	r1, [r1, #16]
	.loc	3 293 22                        @ D:/keil_1/keilpacks/ARM/CMSIS-DSP/1.16.2/Source/SVMFunctions\arm_svm_linear_predict_f16.c:293:22
	str	r1, [sp]
.Ltmp3:
	.loc	3 295 10 is_stmt 1              @ D:/keil_1/keilpacks/ARM/CMSIS-DSP/1.16.2/Source/SVMFunctions\arm_svm_linear_predict_f16.c:295:10
	str	r0, [sp, #8]
	.loc	3 295 9 is_stmt 0               @ D:/keil_1/keilpacks/ARM/CMSIS-DSP/1.16.2/Source/SVMFunctions\arm_svm_linear_predict_f16.c:295:9
	b	.LBB1_1
.LBB1_1:                                @ =>This Loop Header: Depth=1
                                        @     Child Loop BB1_3 Depth 2
.Ltmp4:
	.loc	3 295 14                        @ D:/keil_1/keilpacks/ARM/CMSIS-DSP/1.16.2/Source/SVMFunctions\arm_svm_linear_predict_f16.c:295:14
	ldr	r0, [sp, #8]
	.loc	3 295 18                        @ D:/keil_1/keilpacks/ARM/CMSIS-DSP/1.16.2/Source/SVMFunctions\arm_svm_linear_predict_f16.c:295:18
	ldr	r1, [sp, #24]
	.loc	3 295 21                        @ D:/keil_1/keilpacks/ARM/CMSIS-DSP/1.16.2/Source/SVMFunctions\arm_svm_linear_predict_f16.c:295:21
	ldr	r1, [r1]
.Ltmp5:
	.loc	3 295 5                         @ D:/keil_1/keilpacks/ARM/CMSIS-DSP/1.16.2/Source/SVMFunctions\arm_svm_linear_predict_f16.c:295:5
	cmp	r0, r1
	bhs	.LBB1_8
	b	.LBB1_2
.LBB1_2:                                @   in Loop: Header=BB1_1 Depth=1
	.loc	3 0 5                           @ D:/keil_1/keilpacks/ARM/CMSIS-DSP/1.16.2/Source/SVMFunctions\arm_svm_linear_predict_f16.c:0:5
	movs	r0, #0
.Ltmp6:
	.loc	3 297 12 is_stmt 1              @ D:/keil_1/keilpacks/ARM/CMSIS-DSP/1.16.2/Source/SVMFunctions\arm_svm_linear_predict_f16.c:297:12
	strh.w	r0, [sp, #12]
.Ltmp7:
	.loc	3 298 14                        @ D:/keil_1/keilpacks/ARM/CMSIS-DSP/1.16.2/Source/SVMFunctions\arm_svm_linear_predict_f16.c:298:14
	str	r0, [sp, #4]
	.loc	3 298 13 is_stmt 0              @ D:/keil_1/keilpacks/ARM/CMSIS-DSP/1.16.2/Source/SVMFunctions\arm_svm_linear_predict_f16.c:298:13
	b	.LBB1_3
.LBB1_3:                                @   Parent Loop BB1_1 Depth=1
                                        @ =>  This Inner Loop Header: Depth=2
.Ltmp8:
	.loc	3 298 18                        @ D:/keil_1/keilpacks/ARM/CMSIS-DSP/1.16.2/Source/SVMFunctions\arm_svm_linear_predict_f16.c:298:18
	ldr	r0, [sp, #4]
	.loc	3 298 22                        @ D:/keil_1/keilpacks/ARM/CMSIS-DSP/1.16.2/Source/SVMFunctions\arm_svm_linear_predict_f16.c:298:22
	ldr	r1, [sp, #24]
	.loc	3 298 25                        @ D:/keil_1/keilpacks/ARM/CMSIS-DSP/1.16.2/Source/SVMFunctions\arm_svm_linear_predict_f16.c:298:25
	ldr	r1, [r1, #4]
.Ltmp9:
	.loc	3 298 9                         @ D:/keil_1/keilpacks/ARM/CMSIS-DSP/1.16.2/Source/SVMFunctions\arm_svm_linear_predict_f16.c:298:9
	cmp	r0, r1
	bhs	.LBB1_6
	b	.LBB1_4
.LBB1_4:                                @   in Loop: Header=BB1_3 Depth=2
.Ltmp10:
	.loc	3 300 29 is_stmt 1              @ D:/keil_1/keilpacks/ARM/CMSIS-DSP/1.16.2/Source/SVMFunctions\arm_svm_linear_predict_f16.c:300:29
	ldrh.w	r0, [sp, #12]
	.loc	3 300 33 is_stmt 0              @ D:/keil_1/keilpacks/ARM/CMSIS-DSP/1.16.2/Source/SVMFunctions\arm_svm_linear_predict_f16.c:300:33
	vmov	s0, r0
	vcvtb.f32.f16	s2, s0
	.loc	3 300 45                        @ D:/keil_1/keilpacks/ARM/CMSIS-DSP/1.16.2/Source/SVMFunctions\arm_svm_linear_predict_f16.c:300:45
	ldr	r0, [sp, #20]
	.loc	3 300 48                        @ D:/keil_1/keilpacks/ARM/CMSIS-DSP/1.16.2/Source/SVMFunctions\arm_svm_linear_predict_f16.c:300:48
	ldr	r1, [sp, #4]
	.loc	3 300 45                        @ D:/keil_1/keilpacks/ARM/CMSIS-DSP/1.16.2/Source/SVMFunctions\arm_svm_linear_predict_f16.c:300:45
	ldrh.w	r0, [r0, r1, lsl #1]
	.loc	3 300 33                        @ D:/keil_1/keilpacks/ARM/CMSIS-DSP/1.16.2/Source/SVMFunctions\arm_svm_linear_predict_f16.c:300:33
	vmov	s0, r0
	vcvtb.f32.f16	s0, s0
	.loc	3 300 71                        @ D:/keil_1/keilpacks/ARM/CMSIS-DSP/1.16.2/Source/SVMFunctions\arm_svm_linear_predict_f16.c:300:71
	ldr	r0, [sp]
	adds	r1, r0, #2
	str	r1, [sp]
	.loc	3 300 62                        @ D:/keil_1/keilpacks/ARM/CMSIS-DSP/1.16.2/Source/SVMFunctions\arm_svm_linear_predict_f16.c:300:62
	ldrh	r0, [r0]
	.loc	3 300 33                        @ D:/keil_1/keilpacks/ARM/CMSIS-DSP/1.16.2/Source/SVMFunctions\arm_svm_linear_predict_f16.c:300:33
	vmov	s4, r0
	vcvtb.f32.f16	s4, s4
	vfma.f32	s2, s0, s4
                                        @ implicit-def: $s0
	vcvtb.f16.f32	s0, s2
	vmov	r0, s0
	.loc	3 300 17                        @ D:/keil_1/keilpacks/ARM/CMSIS-DSP/1.16.2/Source/SVMFunctions\arm_svm_linear_predict_f16.c:300:17
	strh.w	r0, [sp, #12]
	.loc	3 301 9 is_stmt 1               @ D:/keil_1/keilpacks/ARM/CMSIS-DSP/1.16.2/Source/SVMFunctions\arm_svm_linear_predict_f16.c:301:9
	b	.LBB1_5
.Ltmp11:
.LBB1_5:                                @   in Loop: Header=BB1_3 Depth=2
	.loc	3 298 43                        @ D:/keil_1/keilpacks/ARM/CMSIS-DSP/1.16.2/Source/SVMFunctions\arm_svm_linear_predict_f16.c:298:43
	ldr	r0, [sp, #4]
	adds	r0, #1
	str	r0, [sp, #4]
	.loc	3 298 9 is_stmt 0               @ D:/keil_1/keilpacks/ARM/CMSIS-DSP/1.16.2/Source/SVMFunctions\arm_svm_linear_predict_f16.c:298:9
	b	.LBB1_3
.Ltmp12:
.LBB1_6:                                @   in Loop: Header=BB1_1 Depth=1
	.loc	3 302 26 is_stmt 1              @ D:/keil_1/keilpacks/ARM/CMSIS-DSP/1.16.2/Source/SVMFunctions\arm_svm_linear_predict_f16.c:302:26
	ldr	r0, [sp, #24]
	.loc	3 302 29 is_stmt 0              @ D:/keil_1/keilpacks/ARM/CMSIS-DSP/1.16.2/Source/SVMFunctions\arm_svm_linear_predict_f16.c:302:29
	ldr	r0, [r0, #12]
	.loc	3 302 46                        @ D:/keil_1/keilpacks/ARM/CMSIS-DSP/1.16.2/Source/SVMFunctions\arm_svm_linear_predict_f16.c:302:46
	ldr	r1, [sp, #8]
	.loc	3 302 26                        @ D:/keil_1/keilpacks/ARM/CMSIS-DSP/1.16.2/Source/SVMFunctions\arm_svm_linear_predict_f16.c:302:26
	ldrh.w	r0, [r0, r1, lsl #1]
	.loc	3 302 13                        @ D:/keil_1/keilpacks/ARM/CMSIS-DSP/1.16.2/Source/SVMFunctions\arm_svm_linear_predict_f16.c:302:13
	vmov	s0, r0
	vcvtb.f32.f16	s0, s0
	.loc	3 302 61                        @ D:/keil_1/keilpacks/ARM/CMSIS-DSP/1.16.2/Source/SVMFunctions\arm_svm_linear_predict_f16.c:302:61
	ldrh.w	r0, [sp, #12]
	.loc	3 302 13                        @ D:/keil_1/keilpacks/ARM/CMSIS-DSP/1.16.2/Source/SVMFunctions\arm_svm_linear_predict_f16.c:302:13
	vmov	s2, r0
	vcvtb.f32.f16	s4, s2
	ldrh.w	r0, [sp, #14]
	vmov	s2, r0
	vcvtb.f32.f16	s2, s2
	vfma.f32	s2, s0, s4
                                        @ implicit-def: $s0
	vcvtb.f16.f32	s0, s2
	vmov	r0, s0
	strh.w	r0, [sp, #14]
	.loc	3 303 5 is_stmt 1               @ D:/keil_1/keilpacks/ARM/CMSIS-DSP/1.16.2/Source/SVMFunctions\arm_svm_linear_predict_f16.c:303:5
	b	.LBB1_7
.Ltmp13:
.LBB1_7:                                @   in Loop: Header=BB1_1 Depth=1
	.loc	3 295 42                        @ D:/keil_1/keilpacks/ARM/CMSIS-DSP/1.16.2/Source/SVMFunctions\arm_svm_linear_predict_f16.c:295:42
	ldr	r0, [sp, #8]
	adds	r0, #1
	str	r0, [sp, #8]
	.loc	3 295 5 is_stmt 0               @ D:/keil_1/keilpacks/ARM/CMSIS-DSP/1.16.2/Source/SVMFunctions\arm_svm_linear_predict_f16.c:295:5
	b	.LBB1_1
.Ltmp14:
.LBB1_8:
	.loc	3 304 14 is_stmt 1              @ D:/keil_1/keilpacks/ARM/CMSIS-DSP/1.16.2/Source/SVMFunctions\arm_svm_linear_predict_f16.c:304:14
	ldr	r0, [sp, #24]
	.loc	3 304 17 is_stmt 0              @ D:/keil_1/keilpacks/ARM/CMSIS-DSP/1.16.2/Source/SVMFunctions\arm_svm_linear_predict_f16.c:304:17
	ldr	r0, [r0, #20]
	.loc	3 304 25                        @ D:/keil_1/keilpacks/ARM/CMSIS-DSP/1.16.2/Source/SVMFunctions\arm_svm_linear_predict_f16.c:304:25
	ldrh.w	r1, [sp, #14]
	vmov	s0, r1
	vcvtb.f32.f16	s0, s0
	movs	r1, #0
	vcmp.f32	s0, #0
	vmrs	APSR_nzcv, fpscr
	it	gt
	movgt	r1, #1
	.loc	3 304 14                        @ D:/keil_1/keilpacks/ARM/CMSIS-DSP/1.16.2/Source/SVMFunctions\arm_svm_linear_predict_f16.c:304:14
	ldr.w	r0, [r0, r1, lsl #2]
	.loc	3 304 6                         @ D:/keil_1/keilpacks/ARM/CMSIS-DSP/1.16.2/Source/SVMFunctions\arm_svm_linear_predict_f16.c:304:6
	ldr	r1, [sp, #16]
	.loc	3 304 13                        @ D:/keil_1/keilpacks/ARM/CMSIS-DSP/1.16.2/Source/SVMFunctions\arm_svm_linear_predict_f16.c:304:13
	str	r0, [r1]
	.loc	3 305 1 epilogue_begin is_stmt 1 @ D:/keil_1/keilpacks/ARM/CMSIS-DSP/1.16.2/Source/SVMFunctions\arm_svm_linear_predict_f16.c:305:1
	add	sp, #28
	bx	lr
.Ltmp15:
.Lfunc_end1:
	.size	arm_svm_linear_predict_f16, .Lfunc_end1-arm_svm_linear_predict_f16
	.cfi_endproc
	.cantunwind
	.fnend
                                        @ -- End function
	.section	.text.arm_svm_polynomial_init_f16,"ax",%progbits
	.hidden	arm_svm_polynomial_init_f16     @ -- Begin function arm_svm_polynomial_init_f16
	.globl	arm_svm_polynomial_init_f16
	.p2align	3
	.type	arm_svm_polynomial_init_f16,%function
	.code	16                              @ @arm_svm_polynomial_init_f16
	.thumb_func
arm_svm_polynomial_init_f16:
.Lfunc_begin2:
	.file	4 "D:/keil_1/keilpacks/ARM/CMSIS-DSP/1.16.2/Source/SVMFunctions" "arm_svm_polynomial_init_f16.c"
	.loc	4 78 0                          @ D:/keil_1/keilpacks/ARM/CMSIS-DSP/1.16.2/Source/SVMFunctions\arm_svm_polynomial_init_f16.c:78:0
	.fnstart
	.cfi_startproc
@ %bb.0:
	.save	{r4, r5, r7, lr}
	push	{r4, r5, r7, lr}
	.cfi_def_cfa_offset 16
	.cfi_offset lr, -4
	.cfi_offset r7, -8
	.cfi_offset r5, -12
	.cfi_offset r4, -16
	.pad	#24
	sub	sp, #24
	.cfi_def_cfa_offset 40
	mov	r12, r2
	mov	lr, r1
	mov	r4, r0
	vmov	r0, s2
	vmov	r1, s1
	vmov	r2, s0
	ldr	r5, [sp, #48]
	ldr	r5, [sp, #44]
	ldr	r5, [sp, #40]
	str	r4, [sp, #20]
	str.w	lr, [sp, #16]
	str.w	r12, [sp, #12]
	strh.w	r2, [sp, #10]
	str	r3, [sp, #4]
	strh.w	r1, [sp, #2]
	strh.w	r0, [sp]
.Ltmp16:
	.loc	4 79 28 prologue_end            @ D:/keil_1/keilpacks/ARM/CMSIS-DSP/1.16.2/Source/SVMFunctions\arm_svm_polynomial_init_f16.c:79:28
	ldr	r0, [sp, #16]
	.loc	4 79 4 is_stmt 0                @ D:/keil_1/keilpacks/ARM/CMSIS-DSP/1.16.2/Source/SVMFunctions\arm_svm_polynomial_init_f16.c:79:4
	ldr	r1, [sp, #20]
	.loc	4 79 26                         @ D:/keil_1/keilpacks/ARM/CMSIS-DSP/1.16.2/Source/SVMFunctions\arm_svm_polynomial_init_f16.c:79:26
	str	r0, [r1]
	.loc	4 80 25 is_stmt 1               @ D:/keil_1/keilpacks/ARM/CMSIS-DSP/1.16.2/Source/SVMFunctions\arm_svm_polynomial_init_f16.c:80:25
	ldr	r0, [sp, #12]
	.loc	4 80 4 is_stmt 0                @ D:/keil_1/keilpacks/ARM/CMSIS-DSP/1.16.2/Source/SVMFunctions\arm_svm_polynomial_init_f16.c:80:4
	ldr	r1, [sp, #20]
	.loc	4 80 23                         @ D:/keil_1/keilpacks/ARM/CMSIS-DSP/1.16.2/Source/SVMFunctions\arm_svm_polynomial_init_f16.c:80:23
	str	r0, [r1, #4]
	.loc	4 81 19 is_stmt 1               @ D:/keil_1/keilpacks/ARM/CMSIS-DSP/1.16.2/Source/SVMFunctions\arm_svm_polynomial_init_f16.c:81:19
	ldrh.w	r0, [sp, #10]
	.loc	4 81 4 is_stmt 0                @ D:/keil_1/keilpacks/ARM/CMSIS-DSP/1.16.2/Source/SVMFunctions\arm_svm_polynomial_init_f16.c:81:4
	ldr	r1, [sp, #20]
	.loc	4 81 17                         @ D:/keil_1/keilpacks/ARM/CMSIS-DSP/1.16.2/Source/SVMFunctions\arm_svm_polynomial_init_f16.c:81:17
	strh	r0, [r1, #8]
	.loc	4 82 26 is_stmt 1               @ D:/keil_1/keilpacks/ARM/CMSIS-DSP/1.16.2/Source/SVMFunctions\arm_svm_polynomial_init_f16.c:82:26
	ldr	r0, [sp, #4]
	.loc	4 82 4 is_stmt 0                @ D:/keil_1/keilpacks/ARM/CMSIS-DSP/1.16.2/Source/SVMFunctions\arm_svm_polynomial_init_f16.c:82:4
	ldr	r1, [sp, #20]
	.loc	4 82 24                         @ D:/keil_1/keilpacks/ARM/CMSIS-DSP/1.16.2/Source/SVMFunctions\arm_svm_polynomial_init_f16.c:82:24
	str	r0, [r1, #12]
	.loc	4 83 24 is_stmt 1               @ D:/keil_1/keilpacks/ARM/CMSIS-DSP/1.16.2/Source/SVMFunctions\arm_svm_polynomial_init_f16.c:83:24
	ldr	r0, [sp, #40]
	.loc	4 83 4 is_stmt 0                @ D:/keil_1/keilpacks/ARM/CMSIS-DSP/1.16.2/Source/SVMFunctions\arm_svm_polynomial_init_f16.c:83:4
	ldr	r1, [sp, #20]
	.loc	4 83 22                         @ D:/keil_1/keilpacks/ARM/CMSIS-DSP/1.16.2/Source/SVMFunctions\arm_svm_polynomial_init_f16.c:83:22
	str	r0, [r1, #16]
	.loc	4 84 17 is_stmt 1               @ D:/keil_1/keilpacks/ARM/CMSIS-DSP/1.16.2/Source/SVMFunctions\arm_svm_polynomial_init_f16.c:84:17
	ldr	r0, [sp, #44]
	.loc	4 84 4 is_stmt 0                @ D:/keil_1/keilpacks/ARM/CMSIS-DSP/1.16.2/Source/SVMFunctions\arm_svm_polynomial_init_f16.c:84:4
	ldr	r1, [sp, #20]
	.loc	4 84 15                         @ D:/keil_1/keilpacks/ARM/CMSIS-DSP/1.16.2/Source/SVMFunctions\arm_svm_polynomial_init_f16.c:84:15
	str	r0, [r1, #20]
	.loc	4 85 16 is_stmt 1               @ D:/keil_1/keilpacks/ARM/CMSIS-DSP/1.16.2/Source/SVMFunctions\arm_svm_polynomial_init_f16.c:85:16
	ldr	r0, [sp, #48]
	.loc	4 85 4 is_stmt 0                @ D:/keil_1/keilpacks/ARM/CMSIS-DSP/1.16.2/Source/SVMFunctions\arm_svm_polynomial_init_f16.c:85:4
	ldr	r1, [sp, #20]
	.loc	4 85 14                         @ D:/keil_1/keilpacks/ARM/CMSIS-DSP/1.16.2/Source/SVMFunctions\arm_svm_polynomial_init_f16.c:85:14
	str	r0, [r1, #24]
	.loc	4 86 15 is_stmt 1               @ D:/keil_1/keilpacks/ARM/CMSIS-DSP/1.16.2/Source/SVMFunctions\arm_svm_polynomial_init_f16.c:86:15
	ldrh.w	r0, [sp, #2]
	.loc	4 86 4 is_stmt 0                @ D:/keil_1/keilpacks/ARM/CMSIS-DSP/1.16.2/Source/SVMFunctions\arm_svm_polynomial_init_f16.c:86:4
	ldr	r1, [sp, #20]
	.loc	4 86 13                         @ D:/keil_1/keilpacks/ARM/CMSIS-DSP/1.16.2/Source/SVMFunctions\arm_svm_polynomial_init_f16.c:86:13
	strh	r0, [r1, #28]
	.loc	4 87 15 is_stmt 1               @ D:/keil_1/keilpacks/ARM/CMSIS-DSP/1.16.2/Source/SVMFunctions\arm_svm_polynomial_init_f16.c:87:15
	ldrh.w	r0, [sp]
	.loc	4 87 4 is_stmt 0                @ D:/keil_1/keilpacks/ARM/CMSIS-DSP/1.16.2/Source/SVMFunctions\arm_svm_polynomial_init_f16.c:87:4
	ldr	r1, [sp, #20]
	.loc	4 87 13                         @ D:/keil_1/keilpacks/ARM/CMSIS-DSP/1.16.2/Source/SVMFunctions\arm_svm_polynomial_init_f16.c:87:13
	strh	r0, [r1, #30]
	.loc	4 88 1 epilogue_begin is_stmt 1 @ D:/keil_1/keilpacks/ARM/CMSIS-DSP/1.16.2/Source/SVMFunctions\arm_svm_polynomial_init_f16.c:88:1
	add	sp, #24
	pop	{r4, r5, r7, pc}
.Ltmp17:
.Lfunc_end2:
	.size	arm_svm_polynomial_init_f16, .Lfunc_end2-arm_svm_polynomial_init_f16
	.cfi_endproc
	.cantunwind
	.fnend
                                        @ -- End function
	.section	.text.arm_svm_polynomial_predict_f16,"ax",%progbits
	.hidden	arm_svm_polynomial_predict_f16  @ -- Begin function arm_svm_polynomial_predict_f16
	.globl	arm_svm_polynomial_predict_f16
	.p2align	3
	.type	arm_svm_polynomial_predict_f16,%function
	.code	16                              @ @arm_svm_polynomial_predict_f16
	.thumb_func
arm_svm_polynomial_predict_f16:
.Lfunc_begin3:
	.file	5 "D:/keil_1/keilpacks/ARM/CMSIS-DSP/1.16.2/Source/SVMFunctions" "arm_svm_polynomial_predict_f16.c"
	.loc	5 341 0                         @ D:/keil_1/keilpacks/ARM/CMSIS-DSP/1.16.2/Source/SVMFunctions\arm_svm_polynomial_predict_f16.c:341:0
	.fnstart
	.cfi_startproc
@ %bb.0:
	.save	{r7, lr}
	push	{r7, lr}
	.cfi_def_cfa_offset 8
	.cfi_offset lr, -4
	.cfi_offset r7, -8
	.pad	#32
	sub	sp, #32
	.cfi_def_cfa_offset 40
	str	r0, [sp, #28]
	str	r1, [sp, #24]
	str	r2, [sp, #20]
.Ltmp18:
	.loc	5 342 18 prologue_end           @ D:/keil_1/keilpacks/ARM/CMSIS-DSP/1.16.2/Source/SVMFunctions\arm_svm_polynomial_predict_f16.c:342:18
	ldr	r0, [sp, #28]
	.loc	5 342 21 is_stmt 0              @ D:/keil_1/keilpacks/ARM/CMSIS-DSP/1.16.2/Source/SVMFunctions\arm_svm_polynomial_predict_f16.c:342:21
	ldrh	r0, [r0, #8]
	.loc	5 342 14                        @ D:/keil_1/keilpacks/ARM/CMSIS-DSP/1.16.2/Source/SVMFunctions\arm_svm_polynomial_predict_f16.c:342:14
	strh.w	r0, [sp, #18]
	movs	r0, #0
	.loc	5 343 14 is_stmt 1              @ D:/keil_1/keilpacks/ARM/CMSIS-DSP/1.16.2/Source/SVMFunctions\arm_svm_polynomial_predict_f16.c:343:14
	strh.w	r0, [sp, #16]
	.loc	5 345 33                        @ D:/keil_1/keilpacks/ARM/CMSIS-DSP/1.16.2/Source/SVMFunctions\arm_svm_polynomial_predict_f16.c:345:33
	ldr	r1, [sp, #28]
	.loc	5 345 36 is_stmt 0              @ D:/keil_1/keilpacks/ARM/CMSIS-DSP/1.16.2/Source/SVMFunctions\arm_svm_polynomial_predict_f16.c:345:36
	ldr	r1, [r1, #16]
	.loc	5 345 22                        @ D:/keil_1/keilpacks/ARM/CMSIS-DSP/1.16.2/Source/SVMFunctions\arm_svm_polynomial_predict_f16.c:345:22
	str	r1, [sp, #4]
.Ltmp19:
	.loc	5 347 10 is_stmt 1              @ D:/keil_1/keilpacks/ARM/CMSIS-DSP/1.16.2/Source/SVMFunctions\arm_svm_polynomial_predict_f16.c:347:10
	str	r0, [sp, #12]
	.loc	5 347 9 is_stmt 0               @ D:/keil_1/keilpacks/ARM/CMSIS-DSP/1.16.2/Source/SVMFunctions\arm_svm_polynomial_predict_f16.c:347:9
	b	.LBB3_1
.LBB3_1:                                @ =>This Loop Header: Depth=1
                                        @     Child Loop BB3_3 Depth 2
.Ltmp20:
	.loc	5 347 14                        @ D:/keil_1/keilpacks/ARM/CMSIS-DSP/1.16.2/Source/SVMFunctions\arm_svm_polynomial_predict_f16.c:347:14
	ldr	r0, [sp, #12]
	.loc	5 347 18                        @ D:/keil_1/keilpacks/ARM/CMSIS-DSP/1.16.2/Source/SVMFunctions\arm_svm_polynomial_predict_f16.c:347:18
	ldr	r1, [sp, #28]
	.loc	5 347 21                        @ D:/keil_1/keilpacks/ARM/CMSIS-DSP/1.16.2/Source/SVMFunctions\arm_svm_polynomial_predict_f16.c:347:21
	ldr	r1, [r1]
.Ltmp21:
	.loc	5 347 5                         @ D:/keil_1/keilpacks/ARM/CMSIS-DSP/1.16.2/Source/SVMFunctions\arm_svm_polynomial_predict_f16.c:347:5
	cmp	r0, r1
	bhs	.LBB3_8
	b	.LBB3_2
.LBB3_2:                                @   in Loop: Header=BB3_1 Depth=1
	.loc	5 0 5                           @ D:/keil_1/keilpacks/ARM/CMSIS-DSP/1.16.2/Source/SVMFunctions\arm_svm_polynomial_predict_f16.c:0:5
	movs	r0, #0
.Ltmp22:
	.loc	5 349 12 is_stmt 1              @ D:/keil_1/keilpacks/ARM/CMSIS-DSP/1.16.2/Source/SVMFunctions\arm_svm_polynomial_predict_f16.c:349:12
	strh.w	r0, [sp, #16]
.Ltmp23:
	.loc	5 350 14                        @ D:/keil_1/keilpacks/ARM/CMSIS-DSP/1.16.2/Source/SVMFunctions\arm_svm_polynomial_predict_f16.c:350:14
	str	r0, [sp, #8]
	.loc	5 350 13 is_stmt 0              @ D:/keil_1/keilpacks/ARM/CMSIS-DSP/1.16.2/Source/SVMFunctions\arm_svm_polynomial_predict_f16.c:350:13
	b	.LBB3_3
.LBB3_3:                                @   Parent Loop BB3_1 Depth=1
                                        @ =>  This Inner Loop Header: Depth=2
.Ltmp24:
	.loc	5 350 18                        @ D:/keil_1/keilpacks/ARM/CMSIS-DSP/1.16.2/Source/SVMFunctions\arm_svm_polynomial_predict_f16.c:350:18
	ldr	r0, [sp, #8]
	.loc	5 350 22                        @ D:/keil_1/keilpacks/ARM/CMSIS-DSP/1.16.2/Source/SVMFunctions\arm_svm_polynomial_predict_f16.c:350:22
	ldr	r1, [sp, #28]
	.loc	5 350 25                        @ D:/keil_1/keilpacks/ARM/CMSIS-DSP/1.16.2/Source/SVMFunctions\arm_svm_polynomial_predict_f16.c:350:25
	ldr	r1, [r1, #4]
.Ltmp25:
	.loc	5 350 9                         @ D:/keil_1/keilpacks/ARM/CMSIS-DSP/1.16.2/Source/SVMFunctions\arm_svm_polynomial_predict_f16.c:350:9
	cmp	r0, r1
	bhs	.LBB3_6
	b	.LBB3_4
.LBB3_4:                                @   in Loop: Header=BB3_3 Depth=2
.Ltmp26:
	.loc	5 352 29 is_stmt 1              @ D:/keil_1/keilpacks/ARM/CMSIS-DSP/1.16.2/Source/SVMFunctions\arm_svm_polynomial_predict_f16.c:352:29
	ldrh.w	r0, [sp, #16]
	.loc	5 352 33 is_stmt 0              @ D:/keil_1/keilpacks/ARM/CMSIS-DSP/1.16.2/Source/SVMFunctions\arm_svm_polynomial_predict_f16.c:352:33
	vmov	s0, r0
	vcvtb.f32.f16	s2, s0
	.loc	5 352 45                        @ D:/keil_1/keilpacks/ARM/CMSIS-DSP/1.16.2/Source/SVMFunctions\arm_svm_polynomial_predict_f16.c:352:45
	ldr	r0, [sp, #24]
	.loc	5 352 48                        @ D:/keil_1/keilpacks/ARM/CMSIS-DSP/1.16.2/Source/SVMFunctions\arm_svm_polynomial_predict_f16.c:352:48
	ldr	r1, [sp, #8]
	.loc	5 352 45                        @ D:/keil_1/keilpacks/ARM/CMSIS-DSP/1.16.2/Source/SVMFunctions\arm_svm_polynomial_predict_f16.c:352:45
	ldrh.w	r0, [r0, r1, lsl #1]
	.loc	5 352 33                        @ D:/keil_1/keilpacks/ARM/CMSIS-DSP/1.16.2/Source/SVMFunctions\arm_svm_polynomial_predict_f16.c:352:33
	vmov	s0, r0
	vcvtb.f32.f16	s0, s0
	.loc	5 352 71                        @ D:/keil_1/keilpacks/ARM/CMSIS-DSP/1.16.2/Source/SVMFunctions\arm_svm_polynomial_predict_f16.c:352:71
	ldr	r0, [sp, #4]
	adds	r1, r0, #2
	str	r1, [sp, #4]
	.loc	5 352 62                        @ D:/keil_1/keilpacks/ARM/CMSIS-DSP/1.16.2/Source/SVMFunctions\arm_svm_polynomial_predict_f16.c:352:62
	ldrh	r0, [r0]
	.loc	5 352 33                        @ D:/keil_1/keilpacks/ARM/CMSIS-DSP/1.16.2/Source/SVMFunctions\arm_svm_polynomial_predict_f16.c:352:33
	vmov	s4, r0
	vcvtb.f32.f16	s4, s4
	vfma.f32	s2, s0, s4
                                        @ implicit-def: $s0
	vcvtb.f16.f32	s0, s2
	vmov	r0, s0
	.loc	5 352 17                        @ D:/keil_1/keilpacks/ARM/CMSIS-DSP/1.16.2/Source/SVMFunctions\arm_svm_polynomial_predict_f16.c:352:17
	strh.w	r0, [sp, #16]
	.loc	5 353 9 is_stmt 1               @ D:/keil_1/keilpacks/ARM/CMSIS-DSP/1.16.2/Source/SVMFunctions\arm_svm_polynomial_predict_f16.c:353:9
	b	.LBB3_5
.Ltmp27:
.LBB3_5:                                @   in Loop: Header=BB3_3 Depth=2
	.loc	5 350 43                        @ D:/keil_1/keilpacks/ARM/CMSIS-DSP/1.16.2/Source/SVMFunctions\arm_svm_polynomial_predict_f16.c:350:43
	ldr	r0, [sp, #8]
	adds	r0, #1
	str	r0, [sp, #8]
	.loc	5 350 9 is_stmt 0               @ D:/keil_1/keilpacks/ARM/CMSIS-DSP/1.16.2/Source/SVMFunctions\arm_svm_polynomial_predict_f16.c:350:9
	b	.LBB3_3
.Ltmp28:
.LBB3_6:                                @   in Loop: Header=BB3_1 Depth=1
	.loc	5 354 26 is_stmt 1              @ D:/keil_1/keilpacks/ARM/CMSIS-DSP/1.16.2/Source/SVMFunctions\arm_svm_polynomial_predict_f16.c:354:26
	ldr	r1, [sp, #28]
	.loc	5 354 46 is_stmt 0              @ D:/keil_1/keilpacks/ARM/CMSIS-DSP/1.16.2/Source/SVMFunctions\arm_svm_polynomial_predict_f16.c:354:46
	ldr	r3, [sp, #12]
	.loc	5 354 29                        @ D:/keil_1/keilpacks/ARM/CMSIS-DSP/1.16.2/Source/SVMFunctions\arm_svm_polynomial_predict_f16.c:354:29
	ldr	r2, [r1, #12]
	.loc	5 354 138                       @ D:/keil_1/keilpacks/ARM/CMSIS-DSP/1.16.2/Source/SVMFunctions\arm_svm_polynomial_predict_f16.c:354:138
	ldr	r0, [r1, #24]
	.loc	5 354 26                        @ D:/keil_1/keilpacks/ARM/CMSIS-DSP/1.16.2/Source/SVMFunctions\arm_svm_polynomial_predict_f16.c:354:26
	ldrh.w	r2, [r2, r3, lsl #1]
	.loc	5 354 13                        @ D:/keil_1/keilpacks/ARM/CMSIS-DSP/1.16.2/Source/SVMFunctions\arm_svm_polynomial_predict_f16.c:354:13
	vmov	s0, r2
	vcvtb.f32.f16	s0, s0
	vstr	s0, [sp]                        @ 4-byte Spill
	.loc	5 354 91                        @ D:/keil_1/keilpacks/ARM/CMSIS-DSP/1.16.2/Source/SVMFunctions\arm_svm_polynomial_predict_f16.c:354:91
	ldrh	r2, [r1, #30]
	.loc	5 354 113                       @ D:/keil_1/keilpacks/ARM/CMSIS-DSP/1.16.2/Source/SVMFunctions\arm_svm_polynomial_predict_f16.c:354:113
	vmov	s0, r2
	vcvtb.f32.f16	s0, s0
	.loc	5 354 109                       @ D:/keil_1/keilpacks/ARM/CMSIS-DSP/1.16.2/Source/SVMFunctions\arm_svm_polynomial_predict_f16.c:354:109
	ldrh.w	r2, [sp, #16]
	.loc	5 354 113                       @ D:/keil_1/keilpacks/ARM/CMSIS-DSP/1.16.2/Source/SVMFunctions\arm_svm_polynomial_predict_f16.c:354:113
	vmov	s2, r2
	vcvtb.f32.f16	s4, s2
	.loc	5 354 128                       @ D:/keil_1/keilpacks/ARM/CMSIS-DSP/1.16.2/Source/SVMFunctions\arm_svm_polynomial_predict_f16.c:354:128
	ldrh	r1, [r1, #28]
	.loc	5 354 113                       @ D:/keil_1/keilpacks/ARM/CMSIS-DSP/1.16.2/Source/SVMFunctions\arm_svm_polynomial_predict_f16.c:354:113
	vmov	s2, r1
	vcvtb.f32.f16	s2, s2
	vfma.f32	s2, s0, s4
                                        @ implicit-def: $s0
	vcvtb.f16.f32	s0, s2
	vmov	r1, s0
	.loc	5 354 61                        @ D:/keil_1/keilpacks/ARM/CMSIS-DSP/1.16.2/Source/SVMFunctions\arm_svm_polynomial_predict_f16.c:354:61
	vmov	s0, r1
	bl	arm_exponent_f16
	vmov.f32	s2, s0
	vldr	s0, [sp]                        @ 4-byte Reload
	vmov	r0, s2
	.loc	5 354 13                        @ D:/keil_1/keilpacks/ARM/CMSIS-DSP/1.16.2/Source/SVMFunctions\arm_svm_polynomial_predict_f16.c:354:13
	vmov	s2, r0
	vcvtb.f32.f16	s4, s2
	ldrh.w	r0, [sp, #18]
	vmov	s2, r0
	vcvtb.f32.f16	s2, s2
	vfma.f32	s2, s0, s4
                                        @ implicit-def: $s0
	vcvtb.f16.f32	s0, s2
	vmov	r0, s0
	strh.w	r0, [sp, #18]
	.loc	5 355 5 is_stmt 1               @ D:/keil_1/keilpacks/ARM/CMSIS-DSP/1.16.2/Source/SVMFunctions\arm_svm_polynomial_predict_f16.c:355:5
	b	.LBB3_7
.Ltmp29:
.LBB3_7:                                @   in Loop: Header=BB3_1 Depth=1
	.loc	5 347 42                        @ D:/keil_1/keilpacks/ARM/CMSIS-DSP/1.16.2/Source/SVMFunctions\arm_svm_polynomial_predict_f16.c:347:42
	ldr	r0, [sp, #12]
	adds	r0, #1
	str	r0, [sp, #12]
	.loc	5 347 5 is_stmt 0               @ D:/keil_1/keilpacks/ARM/CMSIS-DSP/1.16.2/Source/SVMFunctions\arm_svm_polynomial_predict_f16.c:347:5
	b	.LBB3_1
.Ltmp30:
.LBB3_8:
	.loc	5 357 14 is_stmt 1              @ D:/keil_1/keilpacks/ARM/CMSIS-DSP/1.16.2/Source/SVMFunctions\arm_svm_polynomial_predict_f16.c:357:14
	ldr	r0, [sp, #28]
	.loc	5 357 17 is_stmt 0              @ D:/keil_1/keilpacks/ARM/CMSIS-DSP/1.16.2/Source/SVMFunctions\arm_svm_polynomial_predict_f16.c:357:17
	ldr	r0, [r0, #20]
	.loc	5 357 25                        @ D:/keil_1/keilpacks/ARM/CMSIS-DSP/1.16.2/Source/SVMFunctions\arm_svm_polynomial_predict_f16.c:357:25
	ldrh.w	r1, [sp, #18]
	vmov	s0, r1
	vcvtb.f32.f16	s0, s0
	movs	r1, #0
	vcmp.f32	s0, #0
	vmrs	APSR_nzcv, fpscr
	it	gt
	movgt	r1, #1
	.loc	5 357 14                        @ D:/keil_1/keilpacks/ARM/CMSIS-DSP/1.16.2/Source/SVMFunctions\arm_svm_polynomial_predict_f16.c:357:14
	ldr.w	r0, [r0, r1, lsl #2]
	.loc	5 357 6                         @ D:/keil_1/keilpacks/ARM/CMSIS-DSP/1.16.2/Source/SVMFunctions\arm_svm_polynomial_predict_f16.c:357:6
	ldr	r1, [sp, #20]
	.loc	5 357 13                        @ D:/keil_1/keilpacks/ARM/CMSIS-DSP/1.16.2/Source/SVMFunctions\arm_svm_polynomial_predict_f16.c:357:13
	str	r0, [r1]
	.loc	5 358 1 epilogue_begin is_stmt 1 @ D:/keil_1/keilpacks/ARM/CMSIS-DSP/1.16.2/Source/SVMFunctions\arm_svm_polynomial_predict_f16.c:358:1
	add	sp, #32
	pop	{r7, pc}
.Ltmp31:
.Lfunc_end3:
	.size	arm_svm_polynomial_predict_f16, .Lfunc_end3-arm_svm_polynomial_predict_f16
	.cfi_endproc
	.cantunwind
	.fnend
                                        @ -- End function
	.section	.text.arm_exponent_f16,"ax",%progbits
	.p2align	3                               @ -- Begin function arm_exponent_f16
	.type	arm_exponent_f16,%function
	.code	16                              @ @arm_exponent_f16
	.thumb_func
arm_exponent_f16:
.Lfunc_begin4:
	.loc	5 47 0                          @ D:/keil_1/keilpacks/ARM/CMSIS-DSP/1.16.2/Source/SVMFunctions\arm_svm_polynomial_predict_f16.c:47:0
	.fnstart
	.cfi_startproc
@ %bb.0:
	.pad	#12
	sub	sp, #12
	.cfi_def_cfa_offset 12
	vmov	r1, s0
	strh.w	r1, [sp, #10]
	str	r0, [sp, #4]
.Ltmp32:
	.loc	5 48 19 prologue_end            @ D:/keil_1/keilpacks/ARM/CMSIS-DSP/1.16.2/Source/SVMFunctions\arm_svm_polynomial_predict_f16.c:48:19
	ldrh.w	r0, [sp, #10]
	.loc	5 48 15 is_stmt 0               @ D:/keil_1/keilpacks/ARM/CMSIS-DSP/1.16.2/Source/SVMFunctions\arm_svm_polynomial_predict_f16.c:48:15
	strh.w	r0, [sp, #2]
	.loc	5 49 8 is_stmt 1                @ D:/keil_1/keilpacks/ARM/CMSIS-DSP/1.16.2/Source/SVMFunctions\arm_svm_polynomial_predict_f16.c:49:8
	ldr	r0, [sp, #4]
	subs	r0, #1
	str	r0, [sp, #4]
	.loc	5 50 5                          @ D:/keil_1/keilpacks/ARM/CMSIS-DSP/1.16.2/Source/SVMFunctions\arm_svm_polynomial_predict_f16.c:50:5
	b	.LBB4_1
.LBB4_1:                                @ =>This Inner Loop Header: Depth=1
	.loc	5 50 11 is_stmt 0               @ D:/keil_1/keilpacks/ARM/CMSIS-DSP/1.16.2/Source/SVMFunctions\arm_svm_polynomial_predict_f16.c:50:11
	ldr	r0, [sp, #4]
	.loc	5 50 5                          @ D:/keil_1/keilpacks/ARM/CMSIS-DSP/1.16.2/Source/SVMFunctions\arm_svm_polynomial_predict_f16.c:50:5
	cmp	r0, #1
	blt	.LBB4_3
	b	.LBB4_2
.LBB4_2:                                @   in Loop: Header=BB4_1 Depth=1
.Ltmp33:
	.loc	5 52 23 is_stmt 1               @ D:/keil_1/keilpacks/ARM/CMSIS-DSP/1.16.2/Source/SVMFunctions\arm_svm_polynomial_predict_f16.c:52:23
	ldrh.w	r0, [sp, #2]
	.loc	5 52 25 is_stmt 0               @ D:/keil_1/keilpacks/ARM/CMSIS-DSP/1.16.2/Source/SVMFunctions\arm_svm_polynomial_predict_f16.c:52:25
	vmov	s0, r0
	vcvtb.f32.f16	s0, s0
	.loc	5 52 37                         @ D:/keil_1/keilpacks/ARM/CMSIS-DSP/1.16.2/Source/SVMFunctions\arm_svm_polynomial_predict_f16.c:52:37
	ldrh.w	r0, [sp, #10]
	.loc	5 52 25                         @ D:/keil_1/keilpacks/ARM/CMSIS-DSP/1.16.2/Source/SVMFunctions\arm_svm_polynomial_predict_f16.c:52:25
	vmov	s2, r0
	vcvtb.f32.f16	s2, s2
	vmul.f32	s2, s0, s2
                                        @ implicit-def: $s0
	vcvtb.f16.f32	s0, s2
	vmov	r0, s0
	.loc	5 52 11                         @ D:/keil_1/keilpacks/ARM/CMSIS-DSP/1.16.2/Source/SVMFunctions\arm_svm_polynomial_predict_f16.c:52:11
	strh.w	r0, [sp, #2]
	.loc	5 53 11 is_stmt 1               @ D:/keil_1/keilpacks/ARM/CMSIS-DSP/1.16.2/Source/SVMFunctions\arm_svm_polynomial_predict_f16.c:53:11
	ldr	r0, [sp, #4]
	subs	r0, #1
	str	r0, [sp, #4]
.Ltmp34:
	.loc	5 50 5                          @ D:/keil_1/keilpacks/ARM/CMSIS-DSP/1.16.2/Source/SVMFunctions\arm_svm_polynomial_predict_f16.c:50:5
	b	.LBB4_1
.LBB4_3:
	.loc	5 55 5                          @ D:/keil_1/keilpacks/ARM/CMSIS-DSP/1.16.2/Source/SVMFunctions\arm_svm_polynomial_predict_f16.c:55:5
	ldrh.w	r0, [sp, #2]
	vmov	s0, r0
	.loc	5 55 5 epilogue_begin is_stmt 0 @ D:/keil_1/keilpacks/ARM/CMSIS-DSP/1.16.2/Source/SVMFunctions\arm_svm_polynomial_predict_f16.c:55:5
	add	sp, #12
	bx	lr
.Ltmp35:
.Lfunc_end4:
	.size	arm_exponent_f16, .Lfunc_end4-arm_exponent_f16
	.cfi_endproc
	.cantunwind
	.fnend
                                        @ -- End function
	.section	.text.arm_svm_rbf_init_f16,"ax",%progbits
	.hidden	arm_svm_rbf_init_f16            @ -- Begin function arm_svm_rbf_init_f16
	.globl	arm_svm_rbf_init_f16
	.p2align	3
	.type	arm_svm_rbf_init_f16,%function
	.code	16                              @ @arm_svm_rbf_init_f16
	.thumb_func
arm_svm_rbf_init_f16:
.Lfunc_begin5:
	.file	6 "D:/keil_1/keilpacks/ARM/CMSIS-DSP/1.16.2/Source/SVMFunctions" "arm_svm_rbf_init_f16.c"
	.loc	6 74 0 is_stmt 1                @ D:/keil_1/keilpacks/ARM/CMSIS-DSP/1.16.2/Source/SVMFunctions\arm_svm_rbf_init_f16.c:74:0
	.fnstart
	.cfi_startproc
@ %bb.0:
	.save	{r4, lr}
	push	{r4, lr}
	.cfi_def_cfa_offset 8
	.cfi_offset lr, -4
	.cfi_offset r4, -8
	.pad	#24
	sub	sp, #24
	.cfi_def_cfa_offset 32
	mov	r12, r1
	mov	lr, r0
	vmov	r0, s1
	vmov	r1, s0
	ldr	r4, [sp, #36]
	ldr	r4, [sp, #32]
	str.w	lr, [sp, #20]
	str.w	r12, [sp, #16]
	str	r2, [sp, #12]
	strh.w	r1, [sp, #10]
	str	r3, [sp, #4]
	strh.w	r0, [sp, #2]
.Ltmp36:
	.loc	6 75 28 prologue_end            @ D:/keil_1/keilpacks/ARM/CMSIS-DSP/1.16.2/Source/SVMFunctions\arm_svm_rbf_init_f16.c:75:28
	ldr	r0, [sp, #16]
	.loc	6 75 4 is_stmt 0                @ D:/keil_1/keilpacks/ARM/CMSIS-DSP/1.16.2/Source/SVMFunctions\arm_svm_rbf_init_f16.c:75:4
	ldr	r1, [sp, #20]
	.loc	6 75 26                         @ D:/keil_1/keilpacks/ARM/CMSIS-DSP/1.16.2/Source/SVMFunctions\arm_svm_rbf_init_f16.c:75:26
	str	r0, [r1]
	.loc	6 76 25 is_stmt 1               @ D:/keil_1/keilpacks/ARM/CMSIS-DSP/1.16.2/Source/SVMFunctions\arm_svm_rbf_init_f16.c:76:25
	ldr	r0, [sp, #12]
	.loc	6 76 4 is_stmt 0                @ D:/keil_1/keilpacks/ARM/CMSIS-DSP/1.16.2/Source/SVMFunctions\arm_svm_rbf_init_f16.c:76:4
	ldr	r1, [sp, #20]
	.loc	6 76 23                         @ D:/keil_1/keilpacks/ARM/CMSIS-DSP/1.16.2/Source/SVMFunctions\arm_svm_rbf_init_f16.c:76:23
	str	r0, [r1, #4]
	.loc	6 77 19 is_stmt 1               @ D:/keil_1/keilpacks/ARM/CMSIS-DSP/1.16.2/Source/SVMFunctions\arm_svm_rbf_init_f16.c:77:19
	ldrh.w	r0, [sp, #10]
	.loc	6 77 4 is_stmt 0                @ D:/keil_1/keilpacks/ARM/CMSIS-DSP/1.16.2/Source/SVMFunctions\arm_svm_rbf_init_f16.c:77:4
	ldr	r1, [sp, #20]
	.loc	6 77 17                         @ D:/keil_1/keilpacks/ARM/CMSIS-DSP/1.16.2/Source/SVMFunctions\arm_svm_rbf_init_f16.c:77:17
	strh	r0, [r1, #8]
	.loc	6 78 26 is_stmt 1               @ D:/keil_1/keilpacks/ARM/CMSIS-DSP/1.16.2/Source/SVMFunctions\arm_svm_rbf_init_f16.c:78:26
	ldr	r0, [sp, #4]
	.loc	6 78 4 is_stmt 0                @ D:/keil_1/keilpacks/ARM/CMSIS-DSP/1.16.2/Source/SVMFunctions\arm_svm_rbf_init_f16.c:78:4
	ldr	r1, [sp, #20]
	.loc	6 78 24                         @ D:/keil_1/keilpacks/ARM/CMSIS-DSP/1.16.2/Source/SVMFunctions\arm_svm_rbf_init_f16.c:78:24
	str	r0, [r1, #12]
	.loc	6 79 24 is_stmt 1               @ D:/keil_1/keilpacks/ARM/CMSIS-DSP/1.16.2/Source/SVMFunctions\arm_svm_rbf_init_f16.c:79:24
	ldr	r0, [sp, #32]
	.loc	6 79 4 is_stmt 0                @ D:/keil_1/keilpacks/ARM/CMSIS-DSP/1.16.2/Source/SVMFunctions\arm_svm_rbf_init_f16.c:79:4
	ldr	r1, [sp, #20]
	.loc	6 79 22                         @ D:/keil_1/keilpacks/ARM/CMSIS-DSP/1.16.2/Source/SVMFunctions\arm_svm_rbf_init_f16.c:79:22
	str	r0, [r1, #16]
	.loc	6 80 17 is_stmt 1               @ D:/keil_1/keilpacks/ARM/CMSIS-DSP/1.16.2/Source/SVMFunctions\arm_svm_rbf_init_f16.c:80:17
	ldr	r0, [sp, #36]
	.loc	6 80 4 is_stmt 0                @ D:/keil_1/keilpacks/ARM/CMSIS-DSP/1.16.2/Source/SVMFunctions\arm_svm_rbf_init_f16.c:80:4
	ldr	r1, [sp, #20]
	.loc	6 80 15                         @ D:/keil_1/keilpacks/ARM/CMSIS-DSP/1.16.2/Source/SVMFunctions\arm_svm_rbf_init_f16.c:80:15
	str	r0, [r1, #20]
	.loc	6 81 15 is_stmt 1               @ D:/keil_1/keilpacks/ARM/CMSIS-DSP/1.16.2/Source/SVMFunctions\arm_svm_rbf_init_f16.c:81:15
	ldrh.w	r0, [sp, #2]
	.loc	6 81 4 is_stmt 0                @ D:/keil_1/keilpacks/ARM/CMSIS-DSP/1.16.2/Source/SVMFunctions\arm_svm_rbf_init_f16.c:81:4
	ldr	r1, [sp, #20]
	.loc	6 81 13                         @ D:/keil_1/keilpacks/ARM/CMSIS-DSP/1.16.2/Source/SVMFunctions\arm_svm_rbf_init_f16.c:81:13
	strh	r0, [r1, #24]
	.loc	6 82 1 epilogue_begin is_stmt 1 @ D:/keil_1/keilpacks/ARM/CMSIS-DSP/1.16.2/Source/SVMFunctions\arm_svm_rbf_init_f16.c:82:1
	add	sp, #24
	pop	{r4, pc}
.Ltmp37:
.Lfunc_end5:
	.size	arm_svm_rbf_init_f16, .Lfunc_end5-arm_svm_rbf_init_f16
	.cfi_endproc
	.cantunwind
	.fnend
                                        @ -- End function
	.section	.text.arm_svm_rbf_predict_f16,"ax",%progbits
	.hidden	arm_svm_rbf_predict_f16         @ -- Begin function arm_svm_rbf_predict_f16
	.globl	arm_svm_rbf_predict_f16
	.p2align	3
	.type	arm_svm_rbf_predict_f16,%function
	.code	16                              @ @arm_svm_rbf_predict_f16
	.thumb_func
arm_svm_rbf_predict_f16:
.Lfunc_begin6:
	.file	7 "D:/keil_1/keilpacks/ARM/CMSIS-DSP/1.16.2/Source/SVMFunctions" "arm_svm_rbf_predict_f16.c"
	.loc	7 325 0                         @ D:/keil_1/keilpacks/ARM/CMSIS-DSP/1.16.2/Source/SVMFunctions\arm_svm_rbf_predict_f16.c:325:0
	.fnstart
	.cfi_startproc
@ %bb.0:
	.save	{r7, lr}
	push	{r7, lr}
	.cfi_def_cfa_offset 8
	.cfi_offset lr, -4
	.cfi_offset r7, -8
	.pad	#32
	sub	sp, #32
	.cfi_def_cfa_offset 40
	str	r0, [sp, #28]
	str	r1, [sp, #24]
	str	r2, [sp, #20]
.Ltmp38:
	.loc	7 326 18 prologue_end           @ D:/keil_1/keilpacks/ARM/CMSIS-DSP/1.16.2/Source/SVMFunctions\arm_svm_rbf_predict_f16.c:326:18
	ldr	r0, [sp, #28]
	.loc	7 326 21 is_stmt 0              @ D:/keil_1/keilpacks/ARM/CMSIS-DSP/1.16.2/Source/SVMFunctions\arm_svm_rbf_predict_f16.c:326:21
	ldrh	r0, [r0, #8]
	.loc	7 326 14                        @ D:/keil_1/keilpacks/ARM/CMSIS-DSP/1.16.2/Source/SVMFunctions\arm_svm_rbf_predict_f16.c:326:14
	strh.w	r0, [sp, #18]
	movs	r0, #0
	.loc	7 327 14 is_stmt 1              @ D:/keil_1/keilpacks/ARM/CMSIS-DSP/1.16.2/Source/SVMFunctions\arm_svm_rbf_predict_f16.c:327:14
	strh.w	r0, [sp, #16]
	.loc	7 329 33                        @ D:/keil_1/keilpacks/ARM/CMSIS-DSP/1.16.2/Source/SVMFunctions\arm_svm_rbf_predict_f16.c:329:33
	ldr	r1, [sp, #28]
	.loc	7 329 36 is_stmt 0              @ D:/keil_1/keilpacks/ARM/CMSIS-DSP/1.16.2/Source/SVMFunctions\arm_svm_rbf_predict_f16.c:329:36
	ldr	r1, [r1, #16]
	.loc	7 329 22                        @ D:/keil_1/keilpacks/ARM/CMSIS-DSP/1.16.2/Source/SVMFunctions\arm_svm_rbf_predict_f16.c:329:22
	str	r1, [sp, #4]
.Ltmp39:
	.loc	7 331 10 is_stmt 1              @ D:/keil_1/keilpacks/ARM/CMSIS-DSP/1.16.2/Source/SVMFunctions\arm_svm_rbf_predict_f16.c:331:10
	str	r0, [sp, #12]
	.loc	7 331 9 is_stmt 0               @ D:/keil_1/keilpacks/ARM/CMSIS-DSP/1.16.2/Source/SVMFunctions\arm_svm_rbf_predict_f16.c:331:9
	b	.LBB6_1
.LBB6_1:                                @ =>This Loop Header: Depth=1
                                        @     Child Loop BB6_3 Depth 2
.Ltmp40:
	.loc	7 331 14                        @ D:/keil_1/keilpacks/ARM/CMSIS-DSP/1.16.2/Source/SVMFunctions\arm_svm_rbf_predict_f16.c:331:14
	ldr	r0, [sp, #12]
	.loc	7 331 18                        @ D:/keil_1/keilpacks/ARM/CMSIS-DSP/1.16.2/Source/SVMFunctions\arm_svm_rbf_predict_f16.c:331:18
	ldr	r1, [sp, #28]
	.loc	7 331 21                        @ D:/keil_1/keilpacks/ARM/CMSIS-DSP/1.16.2/Source/SVMFunctions\arm_svm_rbf_predict_f16.c:331:21
	ldr	r1, [r1]
.Ltmp41:
	.loc	7 331 5                         @ D:/keil_1/keilpacks/ARM/CMSIS-DSP/1.16.2/Source/SVMFunctions\arm_svm_rbf_predict_f16.c:331:5
	cmp	r0, r1
	bhs	.LBB6_8
	b	.LBB6_2
.LBB6_2:                                @   in Loop: Header=BB6_1 Depth=1
	.loc	7 0 5                           @ D:/keil_1/keilpacks/ARM/CMSIS-DSP/1.16.2/Source/SVMFunctions\arm_svm_rbf_predict_f16.c:0:5
	movs	r0, #0
.Ltmp42:
	.loc	7 333 12 is_stmt 1              @ D:/keil_1/keilpacks/ARM/CMSIS-DSP/1.16.2/Source/SVMFunctions\arm_svm_rbf_predict_f16.c:333:12
	strh.w	r0, [sp, #16]
.Ltmp43:
	.loc	7 334 14                        @ D:/keil_1/keilpacks/ARM/CMSIS-DSP/1.16.2/Source/SVMFunctions\arm_svm_rbf_predict_f16.c:334:14
	str	r0, [sp, #8]
	.loc	7 334 13 is_stmt 0              @ D:/keil_1/keilpacks/ARM/CMSIS-DSP/1.16.2/Source/SVMFunctions\arm_svm_rbf_predict_f16.c:334:13
	b	.LBB6_3
.LBB6_3:                                @   Parent Loop BB6_1 Depth=1
                                        @ =>  This Inner Loop Header: Depth=2
.Ltmp44:
	.loc	7 334 18                        @ D:/keil_1/keilpacks/ARM/CMSIS-DSP/1.16.2/Source/SVMFunctions\arm_svm_rbf_predict_f16.c:334:18
	ldr	r0, [sp, #8]
	.loc	7 334 22                        @ D:/keil_1/keilpacks/ARM/CMSIS-DSP/1.16.2/Source/SVMFunctions\arm_svm_rbf_predict_f16.c:334:22
	ldr	r1, [sp, #28]
	.loc	7 334 25                        @ D:/keil_1/keilpacks/ARM/CMSIS-DSP/1.16.2/Source/SVMFunctions\arm_svm_rbf_predict_f16.c:334:25
	ldr	r1, [r1, #4]
.Ltmp45:
	.loc	7 334 9                         @ D:/keil_1/keilpacks/ARM/CMSIS-DSP/1.16.2/Source/SVMFunctions\arm_svm_rbf_predict_f16.c:334:9
	cmp	r0, r1
	bhs	.LBB6_6
	b	.LBB6_4
.LBB6_4:                                @   in Loop: Header=BB6_3 Depth=2
.Ltmp46:
	.loc	7 336 19 is_stmt 1              @ D:/keil_1/keilpacks/ARM/CMSIS-DSP/1.16.2/Source/SVMFunctions\arm_svm_rbf_predict_f16.c:336:19
	ldrh.w	r0, [sp, #16]
	.loc	7 336 23 is_stmt 0              @ D:/keil_1/keilpacks/ARM/CMSIS-DSP/1.16.2/Source/SVMFunctions\arm_svm_rbf_predict_f16.c:336:23
	vmov	s0, r0
	vcvtb.f32.f16	s2, s0
	.loc	7 336 25                        @ D:/keil_1/keilpacks/ARM/CMSIS-DSP/1.16.2/Source/SVMFunctions\arm_svm_rbf_predict_f16.c:336:25
	ldr	r0, [sp, #24]
	ldr	r1, [sp, #8]
	ldrh.w	r0, [r0, r1, lsl #1]
	.loc	7 336 23                        @ D:/keil_1/keilpacks/ARM/CMSIS-DSP/1.16.2/Source/SVMFunctions\arm_svm_rbf_predict_f16.c:336:23
	vmov	s0, r0
	vcvtb.f32.f16	s0, s0
	.loc	7 336 25                        @ D:/keil_1/keilpacks/ARM/CMSIS-DSP/1.16.2/Source/SVMFunctions\arm_svm_rbf_predict_f16.c:336:25
	ldr	r0, [sp, #4]
	ldrh	r0, [r0]
	.loc	7 336 23                        @ D:/keil_1/keilpacks/ARM/CMSIS-DSP/1.16.2/Source/SVMFunctions\arm_svm_rbf_predict_f16.c:336:23
	vmov	s4, r0
	vcvtb.f32.f16	s4, s4
	vsub.f32	s0, s0, s4
	vfma.f32	s2, s0, s0
                                        @ implicit-def: $s0
	vcvtb.f16.f32	s0, s2
	vmov	r0, s0
	.loc	7 336 17                        @ D:/keil_1/keilpacks/ARM/CMSIS-DSP/1.16.2/Source/SVMFunctions\arm_svm_rbf_predict_f16.c:336:17
	strh.w	r0, [sp, #16]
	.loc	7 337 21 is_stmt 1              @ D:/keil_1/keilpacks/ARM/CMSIS-DSP/1.16.2/Source/SVMFunctions\arm_svm_rbf_predict_f16.c:337:21
	ldr	r0, [sp, #4]
	adds	r0, #2
	str	r0, [sp, #4]
	.loc	7 338 9                         @ D:/keil_1/keilpacks/ARM/CMSIS-DSP/1.16.2/Source/SVMFunctions\arm_svm_rbf_predict_f16.c:338:9
	b	.LBB6_5
.Ltmp47:
.LBB6_5:                                @   in Loop: Header=BB6_3 Depth=2
	.loc	7 334 43                        @ D:/keil_1/keilpacks/ARM/CMSIS-DSP/1.16.2/Source/SVMFunctions\arm_svm_rbf_predict_f16.c:334:43
	ldr	r0, [sp, #8]
	adds	r0, #1
	str	r0, [sp, #8]
	.loc	7 334 9 is_stmt 0               @ D:/keil_1/keilpacks/ARM/CMSIS-DSP/1.16.2/Source/SVMFunctions\arm_svm_rbf_predict_f16.c:334:9
	b	.LBB6_3
.Ltmp48:
.LBB6_6:                                @   in Loop: Header=BB6_1 Depth=1
	.loc	7 339 26 is_stmt 1              @ D:/keil_1/keilpacks/ARM/CMSIS-DSP/1.16.2/Source/SVMFunctions\arm_svm_rbf_predict_f16.c:339:26
	ldr	r0, [sp, #28]
	.loc	7 339 29 is_stmt 0              @ D:/keil_1/keilpacks/ARM/CMSIS-DSP/1.16.2/Source/SVMFunctions\arm_svm_rbf_predict_f16.c:339:29
	ldr	r1, [r0, #12]
	.loc	7 339 46                        @ D:/keil_1/keilpacks/ARM/CMSIS-DSP/1.16.2/Source/SVMFunctions\arm_svm_rbf_predict_f16.c:339:46
	ldr	r2, [sp, #12]
	.loc	7 339 26                        @ D:/keil_1/keilpacks/ARM/CMSIS-DSP/1.16.2/Source/SVMFunctions\arm_svm_rbf_predict_f16.c:339:26
	ldrh.w	r1, [r1, r2, lsl #1]
	.loc	7 339 13                        @ D:/keil_1/keilpacks/ARM/CMSIS-DSP/1.16.2/Source/SVMFunctions\arm_svm_rbf_predict_f16.c:339:13
	vmov	s0, r1
	vcvtb.f32.f16	s0, s0
	vstr	s0, [sp]                        @ 4-byte Spill
	.loc	7 339 92                        @ D:/keil_1/keilpacks/ARM/CMSIS-DSP/1.16.2/Source/SVMFunctions\arm_svm_rbf_predict_f16.c:339:92
	ldrh	r0, [r0, #24]
	.loc	7 339 98                        @ D:/keil_1/keilpacks/ARM/CMSIS-DSP/1.16.2/Source/SVMFunctions\arm_svm_rbf_predict_f16.c:339:98
	vmov	s0, r0
	vcvtb.f32.f16	s0, s0
	.loc	7 339 110                       @ D:/keil_1/keilpacks/ARM/CMSIS-DSP/1.16.2/Source/SVMFunctions\arm_svm_rbf_predict_f16.c:339:110
	ldrh.w	r0, [sp, #16]
	.loc	7 339 98                        @ D:/keil_1/keilpacks/ARM/CMSIS-DSP/1.16.2/Source/SVMFunctions\arm_svm_rbf_predict_f16.c:339:98
	vmov	s2, r0
	vcvtb.f32.f16	s2, s2
	vnmul.f32	s2, s0, s2
                                        @ implicit-def: $s0
	vcvtb.f16.f32	s0, s2
	vmov	r0, s0
	.loc	7 339 66                        @ D:/keil_1/keilpacks/ARM/CMSIS-DSP/1.16.2/Source/SVMFunctions\arm_svm_rbf_predict_f16.c:339:66
	vmov	s0, r0
	vcvtb.f32.f16	s0, s0
	.loc	7 339 61                        @ D:/keil_1/keilpacks/ARM/CMSIS-DSP/1.16.2/Source/SVMFunctions\arm_svm_rbf_predict_f16.c:339:61
	bl	__hardfp_expf
	vmov.f32	s4, s0
	.loc	7 339 98                        @ D:/keil_1/keilpacks/ARM/CMSIS-DSP/1.16.2/Source/SVMFunctions\arm_svm_rbf_predict_f16.c:339:98
	vldr	s0, [sp]                        @ 4-byte Reload
                                        @ implicit-def: $s2
	.loc	7 339 51                        @ D:/keil_1/keilpacks/ARM/CMSIS-DSP/1.16.2/Source/SVMFunctions\arm_svm_rbf_predict_f16.c:339:51
	vcvtb.f16.f32	s2, s4
	vmov	r0, s2
	.loc	7 339 13                        @ D:/keil_1/keilpacks/ARM/CMSIS-DSP/1.16.2/Source/SVMFunctions\arm_svm_rbf_predict_f16.c:339:13
	vmov	s2, r0
	vcvtb.f32.f16	s4, s2
	ldrh.w	r0, [sp, #18]
	vmov	s2, r0
	vcvtb.f32.f16	s2, s2
	vfma.f32	s2, s0, s4
                                        @ implicit-def: $s0
	vcvtb.f16.f32	s0, s2
	vmov	r0, s0
	strh.w	r0, [sp, #18]
	.loc	7 340 5 is_stmt 1               @ D:/keil_1/keilpacks/ARM/CMSIS-DSP/1.16.2/Source/SVMFunctions\arm_svm_rbf_predict_f16.c:340:5
	b	.LBB6_7
.Ltmp49:
.LBB6_7:                                @   in Loop: Header=BB6_1 Depth=1
	.loc	7 331 42                        @ D:/keil_1/keilpacks/ARM/CMSIS-DSP/1.16.2/Source/SVMFunctions\arm_svm_rbf_predict_f16.c:331:42
	ldr	r0, [sp, #12]
	adds	r0, #1
	str	r0, [sp, #12]
	.loc	7 331 5 is_stmt 0               @ D:/keil_1/keilpacks/ARM/CMSIS-DSP/1.16.2/Source/SVMFunctions\arm_svm_rbf_predict_f16.c:331:5
	b	.LBB6_1
.Ltmp50:
.LBB6_8:
	.loc	7 341 14 is_stmt 1              @ D:/keil_1/keilpacks/ARM/CMSIS-DSP/1.16.2/Source/SVMFunctions\arm_svm_rbf_predict_f16.c:341:14
	ldr	r0, [sp, #28]
	.loc	7 341 17 is_stmt 0              @ D:/keil_1/keilpacks/ARM/CMSIS-DSP/1.16.2/Source/SVMFunctions\arm_svm_rbf_predict_f16.c:341:17
	ldr	r0, [r0, #20]
	.loc	7 341 25                        @ D:/keil_1/keilpacks/ARM/CMSIS-DSP/1.16.2/Source/SVMFunctions\arm_svm_rbf_predict_f16.c:341:25
	ldrh.w	r1, [sp, #18]
	vmov	s0, r1
	vcvtb.f32.f16	s0, s0
	movs	r1, #0
	vcmp.f32	s0, #0
	vmrs	APSR_nzcv, fpscr
	it	gt
	movgt	r1, #1
	.loc	7 341 14                        @ D:/keil_1/keilpacks/ARM/CMSIS-DSP/1.16.2/Source/SVMFunctions\arm_svm_rbf_predict_f16.c:341:14
	ldr.w	r0, [r0, r1, lsl #2]
	.loc	7 341 6                         @ D:/keil_1/keilpacks/ARM/CMSIS-DSP/1.16.2/Source/SVMFunctions\arm_svm_rbf_predict_f16.c:341:6
	ldr	r1, [sp, #20]
	.loc	7 341 13                        @ D:/keil_1/keilpacks/ARM/CMSIS-DSP/1.16.2/Source/SVMFunctions\arm_svm_rbf_predict_f16.c:341:13
	str	r0, [r1]
	.loc	7 342 1 epilogue_begin is_stmt 1 @ D:/keil_1/keilpacks/ARM/CMSIS-DSP/1.16.2/Source/SVMFunctions\arm_svm_rbf_predict_f16.c:342:1
	add	sp, #32
	pop	{r7, pc}
.Ltmp51:
.Lfunc_end6:
	.size	arm_svm_rbf_predict_f16, .Lfunc_end6-arm_svm_rbf_predict_f16
	.cfi_endproc
	.cantunwind
	.fnend
                                        @ -- End function
	.section	.text.arm_svm_sigmoid_init_f16,"ax",%progbits
	.hidden	arm_svm_sigmoid_init_f16        @ -- Begin function arm_svm_sigmoid_init_f16
	.globl	arm_svm_sigmoid_init_f16
	.p2align	3
	.type	arm_svm_sigmoid_init_f16,%function
	.code	16                              @ @arm_svm_sigmoid_init_f16
	.thumb_func
arm_svm_sigmoid_init_f16:
.Lfunc_begin7:
	.file	8 "D:/keil_1/keilpacks/ARM/CMSIS-DSP/1.16.2/Source/SVMFunctions" "arm_svm_sigmoid_init_f16.c"
	.loc	8 75 0                          @ D:/keil_1/keilpacks/ARM/CMSIS-DSP/1.16.2/Source/SVMFunctions\arm_svm_sigmoid_init_f16.c:75:0
	.fnstart
	.cfi_startproc
@ %bb.0:
	.save	{r4, r5, r7, lr}
	push	{r4, r5, r7, lr}
	.cfi_def_cfa_offset 16
	.cfi_offset lr, -4
	.cfi_offset r7, -8
	.cfi_offset r5, -12
	.cfi_offset r4, -16
	.pad	#24
	sub	sp, #24
	.cfi_def_cfa_offset 40
	mov	r12, r2
	mov	lr, r1
	mov	r4, r0
	vmov	r0, s2
	vmov	r1, s1
	vmov	r2, s0
	ldr	r5, [sp, #44]
	ldr	r5, [sp, #40]
	str	r4, [sp, #20]
	str.w	lr, [sp, #16]
	str.w	r12, [sp, #12]
	strh.w	r2, [sp, #10]
	str	r3, [sp, #4]
	strh.w	r1, [sp, #2]
	strh.w	r0, [sp]
.Ltmp52:
	.loc	8 76 28 prologue_end            @ D:/keil_1/keilpacks/ARM/CMSIS-DSP/1.16.2/Source/SVMFunctions\arm_svm_sigmoid_init_f16.c:76:28
	ldr	r0, [sp, #16]
	.loc	8 76 4 is_stmt 0                @ D:/keil_1/keilpacks/ARM/CMSIS-DSP/1.16.2/Source/SVMFunctions\arm_svm_sigmoid_init_f16.c:76:4
	ldr	r1, [sp, #20]
	.loc	8 76 26                         @ D:/keil_1/keilpacks/ARM/CMSIS-DSP/1.16.2/Source/SVMFunctions\arm_svm_sigmoid_init_f16.c:76:26
	str	r0, [r1]
	.loc	8 77 25 is_stmt 1               @ D:/keil_1/keilpacks/ARM/CMSIS-DSP/1.16.2/Source/SVMFunctions\arm_svm_sigmoid_init_f16.c:77:25
	ldr	r0, [sp, #12]
	.loc	8 77 4 is_stmt 0                @ D:/keil_1/keilpacks/ARM/CMSIS-DSP/1.16.2/Source/SVMFunctions\arm_svm_sigmoid_init_f16.c:77:4
	ldr	r1, [sp, #20]
	.loc	8 77 23                         @ D:/keil_1/keilpacks/ARM/CMSIS-DSP/1.16.2/Source/SVMFunctions\arm_svm_sigmoid_init_f16.c:77:23
	str	r0, [r1, #4]
	.loc	8 78 19 is_stmt 1               @ D:/keil_1/keilpacks/ARM/CMSIS-DSP/1.16.2/Source/SVMFunctions\arm_svm_sigmoid_init_f16.c:78:19
	ldrh.w	r0, [sp, #10]
	.loc	8 78 4 is_stmt 0                @ D:/keil_1/keilpacks/ARM/CMSIS-DSP/1.16.2/Source/SVMFunctions\arm_svm_sigmoid_init_f16.c:78:4
	ldr	r1, [sp, #20]
	.loc	8 78 17                         @ D:/keil_1/keilpacks/ARM/CMSIS-DSP/1.16.2/Source/SVMFunctions\arm_svm_sigmoid_init_f16.c:78:17
	strh	r0, [r1, #8]
	.loc	8 79 26 is_stmt 1               @ D:/keil_1/keilpacks/ARM/CMSIS-DSP/1.16.2/Source/SVMFunctions\arm_svm_sigmoid_init_f16.c:79:26
	ldr	r0, [sp, #4]
	.loc	8 79 4 is_stmt 0                @ D:/keil_1/keilpacks/ARM/CMSIS-DSP/1.16.2/Source/SVMFunctions\arm_svm_sigmoid_init_f16.c:79:4
	ldr	r1, [sp, #20]
	.loc	8 79 24                         @ D:/keil_1/keilpacks/ARM/CMSIS-DSP/1.16.2/Source/SVMFunctions\arm_svm_sigmoid_init_f16.c:79:24
	str	r0, [r1, #12]
	.loc	8 80 24 is_stmt 1               @ D:/keil_1/keilpacks/ARM/CMSIS-DSP/1.16.2/Source/SVMFunctions\arm_svm_sigmoid_init_f16.c:80:24
	ldr	r0, [sp, #40]
	.loc	8 80 4 is_stmt 0                @ D:/keil_1/keilpacks/ARM/CMSIS-DSP/1.16.2/Source/SVMFunctions\arm_svm_sigmoid_init_f16.c:80:4
	ldr	r1, [sp, #20]
	.loc	8 80 22                         @ D:/keil_1/keilpacks/ARM/CMSIS-DSP/1.16.2/Source/SVMFunctions\arm_svm_sigmoid_init_f16.c:80:22
	str	r0, [r1, #16]
	.loc	8 81 17 is_stmt 1               @ D:/keil_1/keilpacks/ARM/CMSIS-DSP/1.16.2/Source/SVMFunctions\arm_svm_sigmoid_init_f16.c:81:17
	ldr	r0, [sp, #44]
	.loc	8 81 4 is_stmt 0                @ D:/keil_1/keilpacks/ARM/CMSIS-DSP/1.16.2/Source/SVMFunctions\arm_svm_sigmoid_init_f16.c:81:4
	ldr	r1, [sp, #20]
	.loc	8 81 15                         @ D:/keil_1/keilpacks/ARM/CMSIS-DSP/1.16.2/Source/SVMFunctions\arm_svm_sigmoid_init_f16.c:81:15
	str	r0, [r1, #20]
	.loc	8 82 15 is_stmt 1               @ D:/keil_1/keilpacks/ARM/CMSIS-DSP/1.16.2/Source/SVMFunctions\arm_svm_sigmoid_init_f16.c:82:15
	ldrh.w	r0, [sp, #2]
	.loc	8 82 4 is_stmt 0                @ D:/keil_1/keilpacks/ARM/CMSIS-DSP/1.16.2/Source/SVMFunctions\arm_svm_sigmoid_init_f16.c:82:4
	ldr	r1, [sp, #20]
	.loc	8 82 13                         @ D:/keil_1/keilpacks/ARM/CMSIS-DSP/1.16.2/Source/SVMFunctions\arm_svm_sigmoid_init_f16.c:82:13
	strh	r0, [r1, #24]
	.loc	8 83 15 is_stmt 1               @ D:/keil_1/keilpacks/ARM/CMSIS-DSP/1.16.2/Source/SVMFunctions\arm_svm_sigmoid_init_f16.c:83:15
	ldrh.w	r0, [sp]
	.loc	8 83 4 is_stmt 0                @ D:/keil_1/keilpacks/ARM/CMSIS-DSP/1.16.2/Source/SVMFunctions\arm_svm_sigmoid_init_f16.c:83:4
	ldr	r1, [sp, #20]
	.loc	8 83 13                         @ D:/keil_1/keilpacks/ARM/CMSIS-DSP/1.16.2/Source/SVMFunctions\arm_svm_sigmoid_init_f16.c:83:13
	strh	r0, [r1, #26]
	.loc	8 84 1 epilogue_begin is_stmt 1 @ D:/keil_1/keilpacks/ARM/CMSIS-DSP/1.16.2/Source/SVMFunctions\arm_svm_sigmoid_init_f16.c:84:1
	add	sp, #24
	pop	{r4, r5, r7, pc}
.Ltmp53:
.Lfunc_end7:
	.size	arm_svm_sigmoid_init_f16, .Lfunc_end7-arm_svm_sigmoid_init_f16
	.cfi_endproc
	.cantunwind
	.fnend
                                        @ -- End function
	.section	.text.arm_svm_sigmoid_predict_f16,"ax",%progbits
	.hidden	arm_svm_sigmoid_predict_f16     @ -- Begin function arm_svm_sigmoid_predict_f16
	.globl	arm_svm_sigmoid_predict_f16
	.p2align	3
	.type	arm_svm_sigmoid_predict_f16,%function
	.code	16                              @ @arm_svm_sigmoid_predict_f16
	.thumb_func
arm_svm_sigmoid_predict_f16:
.Lfunc_begin8:
	.file	9 "D:/keil_1/keilpacks/ARM/CMSIS-DSP/1.16.2/Source/SVMFunctions" "arm_svm_sigmoid_predict_f16.c"
	.loc	9 307 0                         @ D:/keil_1/keilpacks/ARM/CMSIS-DSP/1.16.2/Source/SVMFunctions\arm_svm_sigmoid_predict_f16.c:307:0
	.fnstart
	.cfi_startproc
@ %bb.0:
	.save	{r7, lr}
	push	{r7, lr}
	.cfi_def_cfa_offset 8
	.cfi_offset lr, -4
	.cfi_offset r7, -8
	.pad	#32
	sub	sp, #32
	.cfi_def_cfa_offset 40
	str	r0, [sp, #28]
	str	r1, [sp, #24]
	str	r2, [sp, #20]
.Ltmp54:
	.loc	9 308 18 prologue_end           @ D:/keil_1/keilpacks/ARM/CMSIS-DSP/1.16.2/Source/SVMFunctions\arm_svm_sigmoid_predict_f16.c:308:18
	ldr	r0, [sp, #28]
	.loc	9 308 21 is_stmt 0              @ D:/keil_1/keilpacks/ARM/CMSIS-DSP/1.16.2/Source/SVMFunctions\arm_svm_sigmoid_predict_f16.c:308:21
	ldrh	r0, [r0, #8]
	.loc	9 308 14                        @ D:/keil_1/keilpacks/ARM/CMSIS-DSP/1.16.2/Source/SVMFunctions\arm_svm_sigmoid_predict_f16.c:308:14
	strh.w	r0, [sp, #18]
	movs	r0, #0
	.loc	9 309 14 is_stmt 1              @ D:/keil_1/keilpacks/ARM/CMSIS-DSP/1.16.2/Source/SVMFunctions\arm_svm_sigmoid_predict_f16.c:309:14
	strh.w	r0, [sp, #16]
	.loc	9 311 33                        @ D:/keil_1/keilpacks/ARM/CMSIS-DSP/1.16.2/Source/SVMFunctions\arm_svm_sigmoid_predict_f16.c:311:33
	ldr	r1, [sp, #28]
	.loc	9 311 36 is_stmt 0              @ D:/keil_1/keilpacks/ARM/CMSIS-DSP/1.16.2/Source/SVMFunctions\arm_svm_sigmoid_predict_f16.c:311:36
	ldr	r1, [r1, #16]
	.loc	9 311 22                        @ D:/keil_1/keilpacks/ARM/CMSIS-DSP/1.16.2/Source/SVMFunctions\arm_svm_sigmoid_predict_f16.c:311:22
	str	r1, [sp, #4]
.Ltmp55:
	.loc	9 313 10 is_stmt 1              @ D:/keil_1/keilpacks/ARM/CMSIS-DSP/1.16.2/Source/SVMFunctions\arm_svm_sigmoid_predict_f16.c:313:10
	str	r0, [sp, #12]
	.loc	9 313 9 is_stmt 0               @ D:/keil_1/keilpacks/ARM/CMSIS-DSP/1.16.2/Source/SVMFunctions\arm_svm_sigmoid_predict_f16.c:313:9
	b	.LBB8_1
.LBB8_1:                                @ =>This Loop Header: Depth=1
                                        @     Child Loop BB8_3 Depth 2
.Ltmp56:
	.loc	9 313 14                        @ D:/keil_1/keilpacks/ARM/CMSIS-DSP/1.16.2/Source/SVMFunctions\arm_svm_sigmoid_predict_f16.c:313:14
	ldr	r0, [sp, #12]
	.loc	9 313 18                        @ D:/keil_1/keilpacks/ARM/CMSIS-DSP/1.16.2/Source/SVMFunctions\arm_svm_sigmoid_predict_f16.c:313:18
	ldr	r1, [sp, #28]
	.loc	9 313 21                        @ D:/keil_1/keilpacks/ARM/CMSIS-DSP/1.16.2/Source/SVMFunctions\arm_svm_sigmoid_predict_f16.c:313:21
	ldr	r1, [r1]
.Ltmp57:
	.loc	9 313 5                         @ D:/keil_1/keilpacks/ARM/CMSIS-DSP/1.16.2/Source/SVMFunctions\arm_svm_sigmoid_predict_f16.c:313:5
	cmp	r0, r1
	bhs	.LBB8_8
	b	.LBB8_2
.LBB8_2:                                @   in Loop: Header=BB8_1 Depth=1
	.loc	9 0 5                           @ D:/keil_1/keilpacks/ARM/CMSIS-DSP/1.16.2/Source/SVMFunctions\arm_svm_sigmoid_predict_f16.c:0:5
	movs	r0, #0
.Ltmp58:
	.loc	9 315 12 is_stmt 1              @ D:/keil_1/keilpacks/ARM/CMSIS-DSP/1.16.2/Source/SVMFunctions\arm_svm_sigmoid_predict_f16.c:315:12
	strh.w	r0, [sp, #16]
.Ltmp59:
	.loc	9 316 14                        @ D:/keil_1/keilpacks/ARM/CMSIS-DSP/1.16.2/Source/SVMFunctions\arm_svm_sigmoid_predict_f16.c:316:14
	str	r0, [sp, #8]
	.loc	9 316 13 is_stmt 0              @ D:/keil_1/keilpacks/ARM/CMSIS-DSP/1.16.2/Source/SVMFunctions\arm_svm_sigmoid_predict_f16.c:316:13
	b	.LBB8_3
.LBB8_3:                                @   Parent Loop BB8_1 Depth=1
                                        @ =>  This Inner Loop Header: Depth=2
.Ltmp60:
	.loc	9 316 18                        @ D:/keil_1/keilpacks/ARM/CMSIS-DSP/1.16.2/Source/SVMFunctions\arm_svm_sigmoid_predict_f16.c:316:18
	ldr	r0, [sp, #8]
	.loc	9 316 22                        @ D:/keil_1/keilpacks/ARM/CMSIS-DSP/1.16.2/Source/SVMFunctions\arm_svm_sigmoid_predict_f16.c:316:22
	ldr	r1, [sp, #28]
	.loc	9 316 25                        @ D:/keil_1/keilpacks/ARM/CMSIS-DSP/1.16.2/Source/SVMFunctions\arm_svm_sigmoid_predict_f16.c:316:25
	ldr	r1, [r1, #4]
.Ltmp61:
	.loc	9 316 9                         @ D:/keil_1/keilpacks/ARM/CMSIS-DSP/1.16.2/Source/SVMFunctions\arm_svm_sigmoid_predict_f16.c:316:9
	cmp	r0, r1
	bhs	.LBB8_6
	b	.LBB8_4
.LBB8_4:                                @   in Loop: Header=BB8_3 Depth=2
.Ltmp62:
	.loc	9 318 29 is_stmt 1              @ D:/keil_1/keilpacks/ARM/CMSIS-DSP/1.16.2/Source/SVMFunctions\arm_svm_sigmoid_predict_f16.c:318:29
	ldrh.w	r0, [sp, #16]
	.loc	9 318 33 is_stmt 0              @ D:/keil_1/keilpacks/ARM/CMSIS-DSP/1.16.2/Source/SVMFunctions\arm_svm_sigmoid_predict_f16.c:318:33
	vmov	s0, r0
	vcvtb.f32.f16	s2, s0
	.loc	9 318 45                        @ D:/keil_1/keilpacks/ARM/CMSIS-DSP/1.16.2/Source/SVMFunctions\arm_svm_sigmoid_predict_f16.c:318:45
	ldr	r0, [sp, #24]
	.loc	9 318 48                        @ D:/keil_1/keilpacks/ARM/CMSIS-DSP/1.16.2/Source/SVMFunctions\arm_svm_sigmoid_predict_f16.c:318:48
	ldr	r1, [sp, #8]
	.loc	9 318 45                        @ D:/keil_1/keilpacks/ARM/CMSIS-DSP/1.16.2/Source/SVMFunctions\arm_svm_sigmoid_predict_f16.c:318:45
	ldrh.w	r0, [r0, r1, lsl #1]
	.loc	9 318 33                        @ D:/keil_1/keilpacks/ARM/CMSIS-DSP/1.16.2/Source/SVMFunctions\arm_svm_sigmoid_predict_f16.c:318:33
	vmov	s0, r0
	vcvtb.f32.f16	s0, s0
	.loc	9 318 72                        @ D:/keil_1/keilpacks/ARM/CMSIS-DSP/1.16.2/Source/SVMFunctions\arm_svm_sigmoid_predict_f16.c:318:72
	ldr	r0, [sp, #4]
	adds	r1, r0, #2
	str	r1, [sp, #4]
	.loc	9 318 63                        @ D:/keil_1/keilpacks/ARM/CMSIS-DSP/1.16.2/Source/SVMFunctions\arm_svm_sigmoid_predict_f16.c:318:63
	ldrh	r0, [r0]
	.loc	9 318 33                        @ D:/keil_1/keilpacks/ARM/CMSIS-DSP/1.16.2/Source/SVMFunctions\arm_svm_sigmoid_predict_f16.c:318:33
	vmov	s4, r0
	vcvtb.f32.f16	s4, s4
	vfma.f32	s2, s0, s4
                                        @ implicit-def: $s0
	vcvtb.f16.f32	s0, s2
	vmov	r0, s0
	.loc	9 318 17                        @ D:/keil_1/keilpacks/ARM/CMSIS-DSP/1.16.2/Source/SVMFunctions\arm_svm_sigmoid_predict_f16.c:318:17
	strh.w	r0, [sp, #16]
	.loc	9 319 9 is_stmt 1               @ D:/keil_1/keilpacks/ARM/CMSIS-DSP/1.16.2/Source/SVMFunctions\arm_svm_sigmoid_predict_f16.c:319:9
	b	.LBB8_5
.Ltmp63:
.LBB8_5:                                @   in Loop: Header=BB8_3 Depth=2
	.loc	9 316 43                        @ D:/keil_1/keilpacks/ARM/CMSIS-DSP/1.16.2/Source/SVMFunctions\arm_svm_sigmoid_predict_f16.c:316:43
	ldr	r0, [sp, #8]
	adds	r0, #1
	str	r0, [sp, #8]
	.loc	9 316 9 is_stmt 0               @ D:/keil_1/keilpacks/ARM/CMSIS-DSP/1.16.2/Source/SVMFunctions\arm_svm_sigmoid_predict_f16.c:316:9
	b	.LBB8_3
.Ltmp64:
.LBB8_6:                                @   in Loop: Header=BB8_1 Depth=1
	.loc	9 320 26 is_stmt 1              @ D:/keil_1/keilpacks/ARM/CMSIS-DSP/1.16.2/Source/SVMFunctions\arm_svm_sigmoid_predict_f16.c:320:26
	ldr	r0, [sp, #28]
	.loc	9 320 29 is_stmt 0              @ D:/keil_1/keilpacks/ARM/CMSIS-DSP/1.16.2/Source/SVMFunctions\arm_svm_sigmoid_predict_f16.c:320:29
	ldr	r1, [r0, #12]
	.loc	9 320 46                        @ D:/keil_1/keilpacks/ARM/CMSIS-DSP/1.16.2/Source/SVMFunctions\arm_svm_sigmoid_predict_f16.c:320:46
	ldr	r2, [sp, #12]
	.loc	9 320 26                        @ D:/keil_1/keilpacks/ARM/CMSIS-DSP/1.16.2/Source/SVMFunctions\arm_svm_sigmoid_predict_f16.c:320:26
	ldrh.w	r1, [r1, r2, lsl #1]
	.loc	9 320 13                        @ D:/keil_1/keilpacks/ARM/CMSIS-DSP/1.16.2/Source/SVMFunctions\arm_svm_sigmoid_predict_f16.c:320:13
	vmov	s0, r1
	vcvtb.f32.f16	s0, s0
	vstr	s0, [sp]                        @ 4-byte Spill
	.loc	9 320 92                        @ D:/keil_1/keilpacks/ARM/CMSIS-DSP/1.16.2/Source/SVMFunctions\arm_svm_sigmoid_predict_f16.c:320:92
	ldrh	r1, [r0, #26]
	.loc	9 320 114                       @ D:/keil_1/keilpacks/ARM/CMSIS-DSP/1.16.2/Source/SVMFunctions\arm_svm_sigmoid_predict_f16.c:320:114
	vmov	s0, r1
	vcvtb.f32.f16	s0, s0
	.loc	9 320 110                       @ D:/keil_1/keilpacks/ARM/CMSIS-DSP/1.16.2/Source/SVMFunctions\arm_svm_sigmoid_predict_f16.c:320:110
	ldrh.w	r1, [sp, #16]
	.loc	9 320 114                       @ D:/keil_1/keilpacks/ARM/CMSIS-DSP/1.16.2/Source/SVMFunctions\arm_svm_sigmoid_predict_f16.c:320:114
	vmov	s2, r1
	vcvtb.f32.f16	s4, s2
	.loc	9 320 129                       @ D:/keil_1/keilpacks/ARM/CMSIS-DSP/1.16.2/Source/SVMFunctions\arm_svm_sigmoid_predict_f16.c:320:129
	ldrh	r0, [r0, #24]
	.loc	9 320 114                       @ D:/keil_1/keilpacks/ARM/CMSIS-DSP/1.16.2/Source/SVMFunctions\arm_svm_sigmoid_predict_f16.c:320:114
	vmov	s2, r0
	vcvtb.f32.f16	s2, s2
	vfma.f32	s2, s0, s4
                                        @ implicit-def: $s0
	vcvtb.f16.f32	s0, s2
	vmov	r0, s0
	.loc	9 320 67                        @ D:/keil_1/keilpacks/ARM/CMSIS-DSP/1.16.2/Source/SVMFunctions\arm_svm_sigmoid_predict_f16.c:320:67
	vmov	s0, r0
	vcvtb.f32.f16	s0, s0
	.loc	9 320 61                        @ D:/keil_1/keilpacks/ARM/CMSIS-DSP/1.16.2/Source/SVMFunctions\arm_svm_sigmoid_predict_f16.c:320:61
	bl	__hardfp_tanhf
	vmov.f32	s4, s0
	.loc	9 320 114                       @ D:/keil_1/keilpacks/ARM/CMSIS-DSP/1.16.2/Source/SVMFunctions\arm_svm_sigmoid_predict_f16.c:320:114
	vldr	s0, [sp]                        @ 4-byte Reload
                                        @ implicit-def: $s2
	.loc	9 320 51                        @ D:/keil_1/keilpacks/ARM/CMSIS-DSP/1.16.2/Source/SVMFunctions\arm_svm_sigmoid_predict_f16.c:320:51
	vcvtb.f16.f32	s2, s4
	vmov	r0, s2
	.loc	9 320 13                        @ D:/keil_1/keilpacks/ARM/CMSIS-DSP/1.16.2/Source/SVMFunctions\arm_svm_sigmoid_predict_f16.c:320:13
	vmov	s2, r0
	vcvtb.f32.f16	s4, s2
	ldrh.w	r0, [sp, #18]
	vmov	s2, r0
	vcvtb.f32.f16	s2, s2
	vfma.f32	s2, s0, s4
                                        @ implicit-def: $s0
	vcvtb.f16.f32	s0, s2
	vmov	r0, s0
	strh.w	r0, [sp, #18]
	.loc	9 321 5 is_stmt 1               @ D:/keil_1/keilpacks/ARM/CMSIS-DSP/1.16.2/Source/SVMFunctions\arm_svm_sigmoid_predict_f16.c:321:5
	b	.LBB8_7
.Ltmp65:
.LBB8_7:                                @   in Loop: Header=BB8_1 Depth=1
	.loc	9 313 42                        @ D:/keil_1/keilpacks/ARM/CMSIS-DSP/1.16.2/Source/SVMFunctions\arm_svm_sigmoid_predict_f16.c:313:42
	ldr	r0, [sp, #12]
	adds	r0, #1
	str	r0, [sp, #12]
	.loc	9 313 5 is_stmt 0               @ D:/keil_1/keilpacks/ARM/CMSIS-DSP/1.16.2/Source/SVMFunctions\arm_svm_sigmoid_predict_f16.c:313:5
	b	.LBB8_1
.Ltmp66:
.LBB8_8:
	.loc	9 322 14 is_stmt 1              @ D:/keil_1/keilpacks/ARM/CMSIS-DSP/1.16.2/Source/SVMFunctions\arm_svm_sigmoid_predict_f16.c:322:14
	ldr	r0, [sp, #28]
	.loc	9 322 17 is_stmt 0              @ D:/keil_1/keilpacks/ARM/CMSIS-DSP/1.16.2/Source/SVMFunctions\arm_svm_sigmoid_predict_f16.c:322:17
	ldr	r0, [r0, #20]
	.loc	9 322 25                        @ D:/keil_1/keilpacks/ARM/CMSIS-DSP/1.16.2/Source/SVMFunctions\arm_svm_sigmoid_predict_f16.c:322:25
	ldrh.w	r1, [sp, #18]
	vmov	s0, r1
	vcvtb.f32.f16	s0, s0
	movs	r1, #0
	vcmp.f32	s0, #0
	vmrs	APSR_nzcv, fpscr
	it	gt
	movgt	r1, #1
	.loc	9 322 14                        @ D:/keil_1/keilpacks/ARM/CMSIS-DSP/1.16.2/Source/SVMFunctions\arm_svm_sigmoid_predict_f16.c:322:14
	ldr.w	r0, [r0, r1, lsl #2]
	.loc	9 322 6                         @ D:/keil_1/keilpacks/ARM/CMSIS-DSP/1.16.2/Source/SVMFunctions\arm_svm_sigmoid_predict_f16.c:322:6
	ldr	r1, [sp, #20]
	.loc	9 322 13                        @ D:/keil_1/keilpacks/ARM/CMSIS-DSP/1.16.2/Source/SVMFunctions\arm_svm_sigmoid_predict_f16.c:322:13
	str	r0, [r1]
	.loc	9 323 1 epilogue_begin is_stmt 1 @ D:/keil_1/keilpacks/ARM/CMSIS-DSP/1.16.2/Source/SVMFunctions\arm_svm_sigmoid_predict_f16.c:323:1
	add	sp, #32
	pop	{r7, pc}
.Ltmp67:
.Lfunc_end8:
	.size	arm_svm_sigmoid_predict_f16, .Lfunc_end8-arm_svm_sigmoid_predict_f16
	.cfi_endproc
	.cantunwind
	.fnend
                                        @ -- End function
	.file	10 "D:/keil_1/keilpacks/ARM/CMSIS-DSP/1.16.2/Include" "arm_math_types_f16.h"
	.file	11 "D:\\keil_1\\keil\\ARM\\ARMCLANG\\bin\\..\\include" "stdint.h"
	.file	12 "D:/keil_1/keilpacks/ARM/CMSIS-DSP/1.16.2/Include\\dsp" "svm_functions_f16.h"
	.section	.debug_abbrev,"",%progbits
	.byte	1                               @ Abbreviation Code
	.byte	17                              @ DW_TAG_compile_unit
	.byte	1                               @ DW_CHILDREN_yes
	.byte	37                              @ DW_AT_producer
	.byte	14                              @ DW_FORM_strp
	.byte	19                              @ DW_AT_language
	.byte	5                               @ DW_FORM_data2
	.byte	3                               @ DW_AT_name
	.byte	14                              @ DW_FORM_strp
	.byte	16                              @ DW_AT_stmt_list
	.byte	23                              @ DW_FORM_sec_offset
	.byte	27                              @ DW_AT_comp_dir
	.byte	14                              @ DW_FORM_strp
	.byte	17                              @ DW_AT_low_pc
	.byte	1                               @ DW_FORM_addr
	.byte	85                              @ DW_AT_ranges
	.byte	23                              @ DW_FORM_sec_offset
	.byte	0                               @ EOM(1)
	.byte	0                               @ EOM(2)
	.byte	2                               @ Abbreviation Code
	.byte	36                              @ DW_TAG_base_type
	.byte	0                               @ DW_CHILDREN_no
	.byte	3                               @ DW_AT_name
	.byte	14                              @ DW_FORM_strp
	.byte	62                              @ DW_AT_encoding
	.byte	11                              @ DW_FORM_data1
	.byte	11                              @ DW_AT_byte_size
	.byte	11                              @ DW_FORM_data1
	.byte	0                               @ EOM(1)
	.byte	0                               @ EOM(2)
	.byte	3                               @ Abbreviation Code
	.byte	22                              @ DW_TAG_typedef
	.byte	0                               @ DW_CHILDREN_no
	.byte	73                              @ DW_AT_type
	.byte	19                              @ DW_FORM_ref4
	.byte	3                               @ DW_AT_name
	.byte	14                              @ DW_FORM_strp
	.byte	58                              @ DW_AT_decl_file
	.byte	11                              @ DW_FORM_data1
	.byte	59                              @ DW_AT_decl_line
	.byte	5                               @ DW_FORM_data2
	.byte	0                               @ EOM(1)
	.byte	0                               @ EOM(2)
	.byte	4                               @ Abbreviation Code
	.byte	46                              @ DW_TAG_subprogram
	.byte	1                               @ DW_CHILDREN_yes
	.byte	17                              @ DW_AT_low_pc
	.byte	1                               @ DW_FORM_addr
	.byte	18                              @ DW_AT_high_pc
	.byte	6                               @ DW_FORM_data4
	.byte	64                              @ DW_AT_frame_base
	.byte	24                              @ DW_FORM_exprloc
	.byte	3                               @ DW_AT_name
	.byte	14                              @ DW_FORM_strp
	.byte	58                              @ DW_AT_decl_file
	.byte	11                              @ DW_FORM_data1
	.byte	59                              @ DW_AT_decl_line
	.byte	11                              @ DW_FORM_data1
	.byte	39                              @ DW_AT_prototyped
	.byte	25                              @ DW_FORM_flag_present
	.byte	63                              @ DW_AT_external
	.byte	25                              @ DW_FORM_flag_present
	.byte	0                               @ EOM(1)
	.byte	0                               @ EOM(2)
	.byte	5                               @ Abbreviation Code
	.byte	5                               @ DW_TAG_formal_parameter
	.byte	0                               @ DW_CHILDREN_no
	.byte	2                               @ DW_AT_location
	.byte	24                              @ DW_FORM_exprloc
	.byte	3                               @ DW_AT_name
	.byte	14                              @ DW_FORM_strp
	.byte	58                              @ DW_AT_decl_file
	.byte	11                              @ DW_FORM_data1
	.byte	59                              @ DW_AT_decl_line
	.byte	11                              @ DW_FORM_data1
	.byte	73                              @ DW_AT_type
	.byte	19                              @ DW_FORM_ref4
	.byte	0                               @ EOM(1)
	.byte	0                               @ EOM(2)
	.byte	6                               @ Abbreviation Code
	.byte	46                              @ DW_TAG_subprogram
	.byte	1                               @ DW_CHILDREN_yes
	.byte	17                              @ DW_AT_low_pc
	.byte	1                               @ DW_FORM_addr
	.byte	18                              @ DW_AT_high_pc
	.byte	6                               @ DW_FORM_data4
	.byte	64                              @ DW_AT_frame_base
	.byte	24                              @ DW_FORM_exprloc
	.byte	3                               @ DW_AT_name
	.byte	14                              @ DW_FORM_strp
	.byte	58                              @ DW_AT_decl_file
	.byte	11                              @ DW_FORM_data1
	.byte	59                              @ DW_AT_decl_line
	.byte	5                               @ DW_FORM_data2
	.byte	39                              @ DW_AT_prototyped
	.byte	25                              @ DW_FORM_flag_present
	.byte	63                              @ DW_AT_external
	.byte	25                              @ DW_FORM_flag_present
	.byte	0                               @ EOM(1)
	.byte	0                               @ EOM(2)
	.byte	7                               @ Abbreviation Code
	.byte	5                               @ DW_TAG_formal_parameter
	.byte	0                               @ DW_CHILDREN_no
	.byte	2                               @ DW_AT_location
	.byte	24                              @ DW_FORM_exprloc
	.byte	3                               @ DW_AT_name
	.byte	14                              @ DW_FORM_strp
	.byte	58                              @ DW_AT_decl_file
	.byte	11                              @ DW_FORM_data1
	.byte	59                              @ DW_AT_decl_line
	.byte	5                               @ DW_FORM_data2
	.byte	73                              @ DW_AT_type
	.byte	19                              @ DW_FORM_ref4
	.byte	0                               @ EOM(1)
	.byte	0                               @ EOM(2)
	.byte	8                               @ Abbreviation Code
	.byte	52                              @ DW_TAG_variable
	.byte	0                               @ DW_CHILDREN_no
	.byte	2                               @ DW_AT_location
	.byte	24                              @ DW_FORM_exprloc
	.byte	3                               @ DW_AT_name
	.byte	14                              @ DW_FORM_strp
	.byte	58                              @ DW_AT_decl_file
	.byte	11                              @ DW_FORM_data1
	.byte	59                              @ DW_AT_decl_line
	.byte	5                               @ DW_FORM_data2
	.byte	73                              @ DW_AT_type
	.byte	19                              @ DW_FORM_ref4
	.byte	0                               @ EOM(1)
	.byte	0                               @ EOM(2)
	.byte	9                               @ Abbreviation Code
	.byte	46                              @ DW_TAG_subprogram
	.byte	1                               @ DW_CHILDREN_yes
	.byte	17                              @ DW_AT_low_pc
	.byte	1                               @ DW_FORM_addr
	.byte	18                              @ DW_AT_high_pc
	.byte	6                               @ DW_FORM_data4
	.byte	64                              @ DW_AT_frame_base
	.byte	24                              @ DW_FORM_exprloc
	.byte	3                               @ DW_AT_name
	.byte	14                              @ DW_FORM_strp
	.byte	58                              @ DW_AT_decl_file
	.byte	11                              @ DW_FORM_data1
	.byte	59                              @ DW_AT_decl_line
	.byte	11                              @ DW_FORM_data1
	.byte	39                              @ DW_AT_prototyped
	.byte	25                              @ DW_FORM_flag_present
	.byte	73                              @ DW_AT_type
	.byte	19                              @ DW_FORM_ref4
	.byte	0                               @ EOM(1)
	.byte	0                               @ EOM(2)
	.byte	10                              @ Abbreviation Code
	.byte	52                              @ DW_TAG_variable
	.byte	0                               @ DW_CHILDREN_no
	.byte	2                               @ DW_AT_location
	.byte	24                              @ DW_FORM_exprloc
	.byte	3                               @ DW_AT_name
	.byte	14                              @ DW_FORM_strp
	.byte	58                              @ DW_AT_decl_file
	.byte	11                              @ DW_FORM_data1
	.byte	59                              @ DW_AT_decl_line
	.byte	11                              @ DW_FORM_data1
	.byte	73                              @ DW_AT_type
	.byte	19                              @ DW_FORM_ref4
	.byte	0                               @ EOM(1)
	.byte	0                               @ EOM(2)
	.byte	11                              @ Abbreviation Code
	.byte	22                              @ DW_TAG_typedef
	.byte	0                               @ DW_CHILDREN_no
	.byte	73                              @ DW_AT_type
	.byte	19                              @ DW_FORM_ref4
	.byte	3                               @ DW_AT_name
	.byte	14                              @ DW_FORM_strp
	.byte	58                              @ DW_AT_decl_file
	.byte	11                              @ DW_FORM_data1
	.byte	59                              @ DW_AT_decl_line
	.byte	11                              @ DW_FORM_data1
	.byte	0                               @ EOM(1)
	.byte	0                               @ EOM(2)
	.byte	12                              @ Abbreviation Code
	.byte	15                              @ DW_TAG_pointer_type
	.byte	0                               @ DW_CHILDREN_no
	.byte	73                              @ DW_AT_type
	.byte	19                              @ DW_FORM_ref4
	.byte	0                               @ EOM(1)
	.byte	0                               @ EOM(2)
	.byte	13                              @ Abbreviation Code
	.byte	19                              @ DW_TAG_structure_type
	.byte	1                               @ DW_CHILDREN_yes
	.byte	11                              @ DW_AT_byte_size
	.byte	11                              @ DW_FORM_data1
	.byte	58                              @ DW_AT_decl_file
	.byte	11                              @ DW_FORM_data1
	.byte	59                              @ DW_AT_decl_line
	.byte	11                              @ DW_FORM_data1
	.byte	0                               @ EOM(1)
	.byte	0                               @ EOM(2)
	.byte	14                              @ Abbreviation Code
	.byte	13                              @ DW_TAG_member
	.byte	0                               @ DW_CHILDREN_no
	.byte	3                               @ DW_AT_name
	.byte	14                              @ DW_FORM_strp
	.byte	73                              @ DW_AT_type
	.byte	19                              @ DW_FORM_ref4
	.byte	58                              @ DW_AT_decl_file
	.byte	11                              @ DW_FORM_data1
	.byte	59                              @ DW_AT_decl_line
	.byte	11                              @ DW_FORM_data1
	.byte	56                              @ DW_AT_data_member_location
	.byte	11                              @ DW_FORM_data1
	.byte	0                               @ EOM(1)
	.byte	0                               @ EOM(2)
	.byte	15                              @ Abbreviation Code
	.byte	38                              @ DW_TAG_const_type
	.byte	0                               @ DW_CHILDREN_no
	.byte	73                              @ DW_AT_type
	.byte	19                              @ DW_FORM_ref4
	.byte	0                               @ EOM(1)
	.byte	0                               @ EOM(2)
	.byte	0                               @ EOM(3)
	.section	.debug_info,"",%progbits
.Lcu_begin0:
	.long	.Ldebug_info_end0-.Ldebug_info_start0 @ Length of Unit
.Ldebug_info_start0:
	.short	4                               @ DWARF version number
	.long	.debug_abbrev                   @ Offset Into Abbrev. Section
	.byte	4                               @ Address Size (in bytes)
	.byte	1                               @ Abbrev [1] 0xb:0x6f9 DW_TAG_compile_unit
	.long	.Linfo_string0                  @ DW_AT_producer
	.short	12                              @ DW_AT_language
	.long	.Linfo_string1                  @ DW_AT_name
	.long	.Lline_table_start0             @ DW_AT_stmt_list
	.long	.Linfo_string2                  @ DW_AT_comp_dir
	.long	0                               @ DW_AT_low_pc
	.long	.Ldebug_ranges0                 @ DW_AT_ranges
	.byte	2                               @ Abbrev [2] 0x26:0x7 DW_TAG_base_type
	.long	.Linfo_string3                  @ DW_AT_name
	.byte	4                               @ DW_AT_encoding
	.byte	2                               @ DW_AT_byte_size
	.byte	3                               @ Abbrev [3] 0x2d:0xc DW_TAG_typedef
	.long	57                              @ DW_AT_type
	.long	.Linfo_string5                  @ DW_AT_name
	.byte	1                               @ DW_AT_decl_file
	.short	334                             @ DW_AT_decl_line
	.byte	2                               @ Abbrev [2] 0x39:0x7 DW_TAG_base_type
	.long	.Linfo_string4                  @ DW_AT_name
	.byte	4                               @ DW_AT_encoding
	.byte	4                               @ DW_AT_byte_size
	.byte	4                               @ Abbrev [4] 0x40:0x74 DW_TAG_subprogram
	.long	.Lfunc_begin0                   @ DW_AT_low_pc
	.long	.Lfunc_end0-.Lfunc_begin0       @ DW_AT_high_pc
	.byte	1                               @ DW_AT_frame_base
	.byte	93
	.long	.Linfo_string6                  @ DW_AT_name
	.byte	2                               @ DW_AT_decl_file
	.byte	65                              @ DW_AT_decl_line
                                        @ DW_AT_prototyped
                                        @ DW_AT_external
	.byte	5                               @ Abbrev [5] 0x51:0xe DW_TAG_formal_parameter
	.byte	2                               @ DW_AT_location
	.byte	145
	.byte	16
	.long	.Linfo_string17                 @ DW_AT_name
	.byte	2                               @ DW_AT_decl_file
	.byte	65                              @ DW_AT_decl_line
	.long	1250                            @ DW_AT_type
	.byte	5                               @ Abbrev [5] 0x5f:0xe DW_TAG_formal_parameter
	.byte	2                               @ DW_AT_location
	.byte	145
	.byte	12
	.long	.Linfo_string18                 @ DW_AT_name
	.byte	2                               @ DW_AT_decl_file
	.byte	66                              @ DW_AT_decl_line
	.long	1343                            @ DW_AT_type
	.byte	5                               @ Abbrev [5] 0x6d:0xe DW_TAG_formal_parameter
	.byte	2                               @ DW_AT_location
	.byte	145
	.byte	8
	.long	.Linfo_string21                 @ DW_AT_name
	.byte	2                               @ DW_AT_decl_file
	.byte	67                              @ DW_AT_decl_line
	.long	1343                            @ DW_AT_type
	.byte	5                               @ Abbrev [5] 0x7b:0xe DW_TAG_formal_parameter
	.byte	2                               @ DW_AT_location
	.byte	145
	.byte	6
	.long	.Linfo_string22                 @ DW_AT_name
	.byte	2                               @ DW_AT_decl_file
	.byte	68                              @ DW_AT_decl_line
	.long	1232                            @ DW_AT_type
	.byte	5                               @ Abbrev [5] 0x89:0xe DW_TAG_formal_parameter
	.byte	2                               @ DW_AT_location
	.byte	145
	.byte	0
	.long	.Linfo_string23                 @ DW_AT_name
	.byte	2                               @ DW_AT_decl_file
	.byte	69                              @ DW_AT_decl_line
	.long	1361                            @ DW_AT_type
	.byte	5                               @ Abbrev [5] 0x97:0xe DW_TAG_formal_parameter
	.byte	2                               @ DW_AT_location
	.byte	145
	.byte	28
	.long	.Linfo_string24                 @ DW_AT_name
	.byte	2                               @ DW_AT_decl_file
	.byte	70                              @ DW_AT_decl_line
	.long	1361                            @ DW_AT_type
	.byte	5                               @ Abbrev [5] 0xa5:0xe DW_TAG_formal_parameter
	.byte	2                               @ DW_AT_location
	.byte	145
	.byte	32
	.long	.Linfo_string25                 @ DW_AT_name
	.byte	2                               @ DW_AT_decl_file
	.byte	71                              @ DW_AT_decl_line
	.long	1371                            @ DW_AT_type
	.byte	0                               @ End Of Children Mark
	.byte	6                               @ Abbrev [6] 0xb4:0x8b DW_TAG_subprogram
	.long	.Lfunc_begin1                   @ DW_AT_low_pc
	.long	.Lfunc_end1-.Lfunc_begin1       @ DW_AT_high_pc
	.byte	1                               @ DW_AT_frame_base
	.byte	93
	.long	.Linfo_string7                  @ DW_AT_name
	.byte	3                               @ DW_AT_decl_file
	.short	285                             @ DW_AT_decl_line
                                        @ DW_AT_prototyped
                                        @ DW_AT_external
	.byte	7                               @ Abbrev [7] 0xc6:0xf DW_TAG_formal_parameter
	.byte	2                               @ DW_AT_location
	.byte	145
	.byte	24
	.long	.Linfo_string17                 @ DW_AT_name
	.byte	3                               @ DW_AT_decl_file
	.short	286                             @ DW_AT_decl_line
	.long	1399                            @ DW_AT_type
	.byte	7                               @ Abbrev [7] 0xd5:0xf DW_TAG_formal_parameter
	.byte	2                               @ DW_AT_location
	.byte	145
	.byte	20
	.long	.Linfo_string29                 @ DW_AT_name
	.byte	3                               @ DW_AT_decl_file
	.short	287                             @ DW_AT_decl_line
	.long	1361                            @ DW_AT_type
	.byte	7                               @ Abbrev [7] 0xe4:0xf DW_TAG_formal_parameter
	.byte	2                               @ DW_AT_location
	.byte	145
	.byte	16
	.long	.Linfo_string30                 @ DW_AT_name
	.byte	3                               @ DW_AT_decl_file
	.short	288                             @ DW_AT_decl_line
	.long	1409                            @ DW_AT_type
	.byte	8                               @ Abbrev [8] 0xf3:0xf DW_TAG_variable
	.byte	2                               @ DW_AT_location
	.byte	145
	.byte	14
	.long	.Linfo_string31                 @ DW_AT_name
	.byte	3                               @ DW_AT_decl_file
	.short	290                             @ DW_AT_decl_line
	.long	38                              @ DW_AT_type
	.byte	8                               @ Abbrev [8] 0x102:0xf DW_TAG_variable
	.byte	2                               @ DW_AT_location
	.byte	145
	.byte	12
	.long	.Linfo_string32                 @ DW_AT_name
	.byte	3                               @ DW_AT_decl_file
	.short	291                             @ DW_AT_decl_line
	.long	38                              @ DW_AT_type
	.byte	8                               @ Abbrev [8] 0x111:0xf DW_TAG_variable
	.byte	2                               @ DW_AT_location
	.byte	145
	.byte	8
	.long	.Linfo_string33                 @ DW_AT_name
	.byte	3                               @ DW_AT_decl_file
	.short	292                             @ DW_AT_decl_line
	.long	1343                            @ DW_AT_type
	.byte	8                               @ Abbrev [8] 0x120:0xf DW_TAG_variable
	.byte	2                               @ DW_AT_location
	.byte	145
	.byte	4
	.long	.Linfo_string34                 @ DW_AT_name
	.byte	3                               @ DW_AT_decl_file
	.short	292                             @ DW_AT_decl_line
	.long	1343                            @ DW_AT_type
	.byte	8                               @ Abbrev [8] 0x12f:0xf DW_TAG_variable
	.byte	2                               @ DW_AT_location
	.byte	145
	.byte	0
	.long	.Linfo_string35                 @ DW_AT_name
	.byte	3                               @ DW_AT_decl_file
	.short	293                             @ DW_AT_decl_line
	.long	1361                            @ DW_AT_type
	.byte	0                               @ End Of Children Mark
	.byte	4                               @ Abbrev [4] 0x13f:0x9e DW_TAG_subprogram
	.long	.Lfunc_begin2                   @ DW_AT_low_pc
	.long	.Lfunc_end2-.Lfunc_begin2       @ DW_AT_high_pc
	.byte	1                               @ DW_AT_frame_base
	.byte	93
	.long	.Linfo_string8                  @ DW_AT_name
	.byte	4                               @ DW_AT_decl_file
	.byte	67                              @ DW_AT_decl_line
                                        @ DW_AT_prototyped
                                        @ DW_AT_external
	.byte	5                               @ Abbrev [5] 0x150:0xe DW_TAG_formal_parameter
	.byte	2                               @ DW_AT_location
	.byte	145
	.byte	20
	.long	.Linfo_string17                 @ DW_AT_name
	.byte	4                               @ DW_AT_decl_file
	.byte	67                              @ DW_AT_decl_line
	.long	1414                            @ DW_AT_type
	.byte	5                               @ Abbrev [5] 0x15e:0xe DW_TAG_formal_parameter
	.byte	2                               @ DW_AT_location
	.byte	145
	.byte	16
	.long	.Linfo_string18                 @ DW_AT_name
	.byte	4                               @ DW_AT_decl_file
	.byte	68                              @ DW_AT_decl_line
	.long	1343                            @ DW_AT_type
	.byte	5                               @ Abbrev [5] 0x16c:0xe DW_TAG_formal_parameter
	.byte	2                               @ DW_AT_location
	.byte	145
	.byte	12
	.long	.Linfo_string21                 @ DW_AT_name
	.byte	4                               @ DW_AT_decl_file
	.byte	69                              @ DW_AT_decl_line
	.long	1343                            @ DW_AT_type
	.byte	5                               @ Abbrev [5] 0x17a:0xe DW_TAG_formal_parameter
	.byte	2                               @ DW_AT_location
	.byte	145
	.byte	10
	.long	.Linfo_string22                 @ DW_AT_name
	.byte	4                               @ DW_AT_decl_file
	.byte	70                              @ DW_AT_decl_line
	.long	1232                            @ DW_AT_type
	.byte	5                               @ Abbrev [5] 0x188:0xe DW_TAG_formal_parameter
	.byte	2                               @ DW_AT_location
	.byte	145
	.byte	4
	.long	.Linfo_string23                 @ DW_AT_name
	.byte	4                               @ DW_AT_decl_file
	.byte	71                              @ DW_AT_decl_line
	.long	1361                            @ DW_AT_type
	.byte	5                               @ Abbrev [5] 0x196:0xe DW_TAG_formal_parameter
	.byte	2                               @ DW_AT_location
	.byte	145
	.byte	40
	.long	.Linfo_string24                 @ DW_AT_name
	.byte	4                               @ DW_AT_decl_file
	.byte	72                              @ DW_AT_decl_line
	.long	1361                            @ DW_AT_type
	.byte	5                               @ Abbrev [5] 0x1a4:0xe DW_TAG_formal_parameter
	.byte	2                               @ DW_AT_location
	.byte	145
	.byte	44
	.long	.Linfo_string25                 @ DW_AT_name
	.byte	4                               @ DW_AT_decl_file
	.byte	73                              @ DW_AT_decl_line
	.long	1371                            @ DW_AT_type
	.byte	5                               @ Abbrev [5] 0x1b2:0xe DW_TAG_formal_parameter
	.byte	2                               @ DW_AT_location
	.byte	145
	.byte	48
	.long	.Linfo_string36                 @ DW_AT_name
	.byte	4                               @ DW_AT_decl_file
	.byte	74                              @ DW_AT_decl_line
	.long	1381                            @ DW_AT_type
	.byte	5                               @ Abbrev [5] 0x1c0:0xe DW_TAG_formal_parameter
	.byte	2                               @ DW_AT_location
	.byte	145
	.byte	2
	.long	.Linfo_string37                 @ DW_AT_name
	.byte	4                               @ DW_AT_decl_file
	.byte	75                              @ DW_AT_decl_line
	.long	1232                            @ DW_AT_type
	.byte	5                               @ Abbrev [5] 0x1ce:0xe DW_TAG_formal_parameter
	.byte	2                               @ DW_AT_location
	.byte	145
	.byte	0
	.long	.Linfo_string38                 @ DW_AT_name
	.byte	4                               @ DW_AT_decl_file
	.byte	76                              @ DW_AT_decl_line
	.long	1232                            @ DW_AT_type
	.byte	0                               @ End Of Children Mark
	.byte	6                               @ Abbrev [6] 0x1dd:0x8b DW_TAG_subprogram
	.long	.Lfunc_begin3                   @ DW_AT_low_pc
	.long	.Lfunc_end3-.Lfunc_begin3       @ DW_AT_high_pc
	.byte	1                               @ DW_AT_frame_base
	.byte	93
	.long	.Linfo_string9                  @ DW_AT_name
	.byte	5                               @ DW_AT_decl_file
	.short	337                             @ DW_AT_decl_line
                                        @ DW_AT_prototyped
                                        @ DW_AT_external
	.byte	7                               @ Abbrev [7] 0x1ef:0xf DW_TAG_formal_parameter
	.byte	2                               @ DW_AT_location
	.byte	145
	.byte	28
	.long	.Linfo_string17                 @ DW_AT_name
	.byte	5                               @ DW_AT_decl_file
	.short	338                             @ DW_AT_decl_line
	.long	1543                            @ DW_AT_type
	.byte	7                               @ Abbrev [7] 0x1fe:0xf DW_TAG_formal_parameter
	.byte	2                               @ DW_AT_location
	.byte	145
	.byte	24
	.long	.Linfo_string29                 @ DW_AT_name
	.byte	5                               @ DW_AT_decl_file
	.short	339                             @ DW_AT_decl_line
	.long	1361                            @ DW_AT_type
	.byte	7                               @ Abbrev [7] 0x20d:0xf DW_TAG_formal_parameter
	.byte	2                               @ DW_AT_location
	.byte	145
	.byte	20
	.long	.Linfo_string30                 @ DW_AT_name
	.byte	5                               @ DW_AT_decl_file
	.short	340                             @ DW_AT_decl_line
	.long	1409                            @ DW_AT_type
	.byte	8                               @ Abbrev [8] 0x21c:0xf DW_TAG_variable
	.byte	2                               @ DW_AT_location
	.byte	145
	.byte	18
	.long	.Linfo_string31                 @ DW_AT_name
	.byte	5                               @ DW_AT_decl_file
	.short	342                             @ DW_AT_decl_line
	.long	38                              @ DW_AT_type
	.byte	8                               @ Abbrev [8] 0x22b:0xf DW_TAG_variable
	.byte	2                               @ DW_AT_location
	.byte	145
	.byte	16
	.long	.Linfo_string32                 @ DW_AT_name
	.byte	5                               @ DW_AT_decl_file
	.short	343                             @ DW_AT_decl_line
	.long	38                              @ DW_AT_type
	.byte	8                               @ Abbrev [8] 0x23a:0xf DW_TAG_variable
	.byte	2                               @ DW_AT_location
	.byte	145
	.byte	12
	.long	.Linfo_string33                 @ DW_AT_name
	.byte	5                               @ DW_AT_decl_file
	.short	344                             @ DW_AT_decl_line
	.long	1343                            @ DW_AT_type
	.byte	8                               @ Abbrev [8] 0x249:0xf DW_TAG_variable
	.byte	2                               @ DW_AT_location
	.byte	145
	.byte	8
	.long	.Linfo_string34                 @ DW_AT_name
	.byte	5                               @ DW_AT_decl_file
	.short	344                             @ DW_AT_decl_line
	.long	1343                            @ DW_AT_type
	.byte	8                               @ Abbrev [8] 0x258:0xf DW_TAG_variable
	.byte	2                               @ DW_AT_location
	.byte	145
	.byte	4
	.long	.Linfo_string35                 @ DW_AT_name
	.byte	5                               @ DW_AT_decl_file
	.short	345                             @ DW_AT_decl_line
	.long	1361                            @ DW_AT_type
	.byte	0                               @ End Of Children Mark
	.byte	9                               @ Abbrev [9] 0x268:0x40 DW_TAG_subprogram
	.long	.Lfunc_begin4                   @ DW_AT_low_pc
	.long	.Lfunc_end4-.Lfunc_begin4       @ DW_AT_high_pc
	.byte	1                               @ DW_AT_frame_base
	.byte	93
	.long	.Linfo_string10                 @ DW_AT_name
	.byte	5                               @ DW_AT_decl_file
	.byte	46                              @ DW_AT_decl_line
                                        @ DW_AT_prototyped
	.long	1232                            @ DW_AT_type
	.byte	5                               @ Abbrev [5] 0x27d:0xe DW_TAG_formal_parameter
	.byte	2                               @ DW_AT_location
	.byte	145
	.byte	10
	.long	.Linfo_string40                 @ DW_AT_name
	.byte	5                               @ DW_AT_decl_file
	.byte	46                              @ DW_AT_decl_line
	.long	1232                            @ DW_AT_type
	.byte	5                               @ Abbrev [5] 0x28b:0xe DW_TAG_formal_parameter
	.byte	2                               @ DW_AT_location
	.byte	145
	.byte	4
	.long	.Linfo_string41                 @ DW_AT_name
	.byte	5                               @ DW_AT_decl_file
	.byte	46                              @ DW_AT_decl_line
	.long	1381                            @ DW_AT_type
	.byte	10                              @ Abbrev [10] 0x299:0xe DW_TAG_variable
	.byte	2                               @ DW_AT_location
	.byte	145
	.byte	2
	.long	.Linfo_string42                 @ DW_AT_name
	.byte	5                               @ DW_AT_decl_file
	.byte	48                              @ DW_AT_decl_line
	.long	1232                            @ DW_AT_type
	.byte	0                               @ End Of Children Mark
	.byte	4                               @ Abbrev [4] 0x2a8:0x82 DW_TAG_subprogram
	.long	.Lfunc_begin5                   @ DW_AT_low_pc
	.long	.Lfunc_end5-.Lfunc_begin5       @ DW_AT_high_pc
	.byte	1                               @ DW_AT_frame_base
	.byte	93
	.long	.Linfo_string13                 @ DW_AT_name
	.byte	6                               @ DW_AT_decl_file
	.byte	65                              @ DW_AT_decl_line
                                        @ DW_AT_prototyped
                                        @ DW_AT_external
	.byte	5                               @ Abbrev [5] 0x2b9:0xe DW_TAG_formal_parameter
	.byte	2                               @ DW_AT_location
	.byte	145
	.byte	20
	.long	.Linfo_string17                 @ DW_AT_name
	.byte	6                               @ DW_AT_decl_file
	.byte	65                              @ DW_AT_decl_line
	.long	1553                            @ DW_AT_type
	.byte	5                               @ Abbrev [5] 0x2c7:0xe DW_TAG_formal_parameter
	.byte	2                               @ DW_AT_location
	.byte	145
	.byte	16
	.long	.Linfo_string18                 @ DW_AT_name
	.byte	6                               @ DW_AT_decl_file
	.byte	66                              @ DW_AT_decl_line
	.long	1343                            @ DW_AT_type
	.byte	5                               @ Abbrev [5] 0x2d5:0xe DW_TAG_formal_parameter
	.byte	2                               @ DW_AT_location
	.byte	145
	.byte	12
	.long	.Linfo_string21                 @ DW_AT_name
	.byte	6                               @ DW_AT_decl_file
	.byte	67                              @ DW_AT_decl_line
	.long	1343                            @ DW_AT_type
	.byte	5                               @ Abbrev [5] 0x2e3:0xe DW_TAG_formal_parameter
	.byte	2                               @ DW_AT_location
	.byte	145
	.byte	10
	.long	.Linfo_string22                 @ DW_AT_name
	.byte	6                               @ DW_AT_decl_file
	.byte	68                              @ DW_AT_decl_line
	.long	1232                            @ DW_AT_type
	.byte	5                               @ Abbrev [5] 0x2f1:0xe DW_TAG_formal_parameter
	.byte	2                               @ DW_AT_location
	.byte	145
	.byte	4
	.long	.Linfo_string23                 @ DW_AT_name
	.byte	6                               @ DW_AT_decl_file
	.byte	69                              @ DW_AT_decl_line
	.long	1361                            @ DW_AT_type
	.byte	5                               @ Abbrev [5] 0x2ff:0xe DW_TAG_formal_parameter
	.byte	2                               @ DW_AT_location
	.byte	145
	.byte	32
	.long	.Linfo_string24                 @ DW_AT_name
	.byte	6                               @ DW_AT_decl_file
	.byte	70                              @ DW_AT_decl_line
	.long	1361                            @ DW_AT_type
	.byte	5                               @ Abbrev [5] 0x30d:0xe DW_TAG_formal_parameter
	.byte	2                               @ DW_AT_location
	.byte	145
	.byte	36
	.long	.Linfo_string25                 @ DW_AT_name
	.byte	6                               @ DW_AT_decl_file
	.byte	71                              @ DW_AT_decl_line
	.long	1371                            @ DW_AT_type
	.byte	5                               @ Abbrev [5] 0x31b:0xe DW_TAG_formal_parameter
	.byte	2                               @ DW_AT_location
	.byte	145
	.byte	2
	.long	.Linfo_string38                 @ DW_AT_name
	.byte	6                               @ DW_AT_decl_file
	.byte	72                              @ DW_AT_decl_line
	.long	1232                            @ DW_AT_type
	.byte	0                               @ End Of Children Mark
	.byte	6                               @ Abbrev [6] 0x32a:0x8b DW_TAG_subprogram
	.long	.Lfunc_begin6                   @ DW_AT_low_pc
	.long	.Lfunc_end6-.Lfunc_begin6       @ DW_AT_high_pc
	.byte	1                               @ DW_AT_frame_base
	.byte	93
	.long	.Linfo_string14                 @ DW_AT_name
	.byte	7                               @ DW_AT_decl_file
	.short	321                             @ DW_AT_decl_line
                                        @ DW_AT_prototyped
                                        @ DW_AT_external
	.byte	7                               @ Abbrev [7] 0x33c:0xf DW_TAG_formal_parameter
	.byte	2                               @ DW_AT_location
	.byte	145
	.byte	28
	.long	.Linfo_string17                 @ DW_AT_name
	.byte	7                               @ DW_AT_decl_file
	.short	322                             @ DW_AT_decl_line
	.long	1658                            @ DW_AT_type
	.byte	7                               @ Abbrev [7] 0x34b:0xf DW_TAG_formal_parameter
	.byte	2                               @ DW_AT_location
	.byte	145
	.byte	24
	.long	.Linfo_string29                 @ DW_AT_name
	.byte	7                               @ DW_AT_decl_file
	.short	323                             @ DW_AT_decl_line
	.long	1361                            @ DW_AT_type
	.byte	7                               @ Abbrev [7] 0x35a:0xf DW_TAG_formal_parameter
	.byte	2                               @ DW_AT_location
	.byte	145
	.byte	20
	.long	.Linfo_string30                 @ DW_AT_name
	.byte	7                               @ DW_AT_decl_file
	.short	324                             @ DW_AT_decl_line
	.long	1409                            @ DW_AT_type
	.byte	8                               @ Abbrev [8] 0x369:0xf DW_TAG_variable
	.byte	2                               @ DW_AT_location
	.byte	145
	.byte	18
	.long	.Linfo_string31                 @ DW_AT_name
	.byte	7                               @ DW_AT_decl_file
	.short	326                             @ DW_AT_decl_line
	.long	38                              @ DW_AT_type
	.byte	8                               @ Abbrev [8] 0x378:0xf DW_TAG_variable
	.byte	2                               @ DW_AT_location
	.byte	145
	.byte	16
	.long	.Linfo_string32                 @ DW_AT_name
	.byte	7                               @ DW_AT_decl_file
	.short	327                             @ DW_AT_decl_line
	.long	38                              @ DW_AT_type
	.byte	8                               @ Abbrev [8] 0x387:0xf DW_TAG_variable
	.byte	2                               @ DW_AT_location
	.byte	145
	.byte	12
	.long	.Linfo_string33                 @ DW_AT_name
	.byte	7                               @ DW_AT_decl_file
	.short	328                             @ DW_AT_decl_line
	.long	1343                            @ DW_AT_type
	.byte	8                               @ Abbrev [8] 0x396:0xf DW_TAG_variable
	.byte	2                               @ DW_AT_location
	.byte	145
	.byte	8
	.long	.Linfo_string34                 @ DW_AT_name
	.byte	7                               @ DW_AT_decl_file
	.short	328                             @ DW_AT_decl_line
	.long	1343                            @ DW_AT_type
	.byte	8                               @ Abbrev [8] 0x3a5:0xf DW_TAG_variable
	.byte	2                               @ DW_AT_location
	.byte	145
	.byte	4
	.long	.Linfo_string35                 @ DW_AT_name
	.byte	7                               @ DW_AT_decl_file
	.short	329                             @ DW_AT_decl_line
	.long	1361                            @ DW_AT_type
	.byte	0                               @ End Of Children Mark
	.byte	4                               @ Abbrev [4] 0x3b5:0x90 DW_TAG_subprogram
	.long	.Lfunc_begin7                   @ DW_AT_low_pc
	.long	.Lfunc_end7-.Lfunc_begin7       @ DW_AT_high_pc
	.byte	1                               @ DW_AT_frame_base
	.byte	93
	.long	.Linfo_string15                 @ DW_AT_name
	.byte	8                               @ DW_AT_decl_file
	.byte	65                              @ DW_AT_decl_line
                                        @ DW_AT_prototyped
                                        @ DW_AT_external
	.byte	5                               @ Abbrev [5] 0x3c6:0xe DW_TAG_formal_parameter
	.byte	2                               @ DW_AT_location
	.byte	145
	.byte	20
	.long	.Linfo_string17                 @ DW_AT_name
	.byte	8                               @ DW_AT_decl_file
	.byte	65                              @ DW_AT_decl_line
	.long	1668                            @ DW_AT_type
	.byte	5                               @ Abbrev [5] 0x3d4:0xe DW_TAG_formal_parameter
	.byte	2                               @ DW_AT_location
	.byte	145
	.byte	16
	.long	.Linfo_string18                 @ DW_AT_name
	.byte	8                               @ DW_AT_decl_file
	.byte	66                              @ DW_AT_decl_line
	.long	1343                            @ DW_AT_type
	.byte	5                               @ Abbrev [5] 0x3e2:0xe DW_TAG_formal_parameter
	.byte	2                               @ DW_AT_location
	.byte	145
	.byte	12
	.long	.Linfo_string21                 @ DW_AT_name
	.byte	8                               @ DW_AT_decl_file
	.byte	67                              @ DW_AT_decl_line
	.long	1343                            @ DW_AT_type
	.byte	5                               @ Abbrev [5] 0x3f0:0xe DW_TAG_formal_parameter
	.byte	2                               @ DW_AT_location
	.byte	145
	.byte	10
	.long	.Linfo_string22                 @ DW_AT_name
	.byte	8                               @ DW_AT_decl_file
	.byte	68                              @ DW_AT_decl_line
	.long	1232                            @ DW_AT_type
	.byte	5                               @ Abbrev [5] 0x3fe:0xe DW_TAG_formal_parameter
	.byte	2                               @ DW_AT_location
	.byte	145
	.byte	4
	.long	.Linfo_string23                 @ DW_AT_name
	.byte	8                               @ DW_AT_decl_file
	.byte	69                              @ DW_AT_decl_line
	.long	1361                            @ DW_AT_type
	.byte	5                               @ Abbrev [5] 0x40c:0xe DW_TAG_formal_parameter
	.byte	2                               @ DW_AT_location
	.byte	145
	.byte	40
	.long	.Linfo_string24                 @ DW_AT_name
	.byte	8                               @ DW_AT_decl_file
	.byte	70                              @ DW_AT_decl_line
	.long	1361                            @ DW_AT_type
	.byte	5                               @ Abbrev [5] 0x41a:0xe DW_TAG_formal_parameter
	.byte	2                               @ DW_AT_location
	.byte	145
	.byte	44
	.long	.Linfo_string25                 @ DW_AT_name
	.byte	8                               @ DW_AT_decl_file
	.byte	71                              @ DW_AT_decl_line
	.long	1371                            @ DW_AT_type
	.byte	5                               @ Abbrev [5] 0x428:0xe DW_TAG_formal_parameter
	.byte	2                               @ DW_AT_location
	.byte	145
	.byte	2
	.long	.Linfo_string37                 @ DW_AT_name
	.byte	8                               @ DW_AT_decl_file
	.byte	72                              @ DW_AT_decl_line
	.long	1232                            @ DW_AT_type
	.byte	5                               @ Abbrev [5] 0x436:0xe DW_TAG_formal_parameter
	.byte	2                               @ DW_AT_location
	.byte	145
	.byte	0
	.long	.Linfo_string38                 @ DW_AT_name
	.byte	8                               @ DW_AT_decl_file
	.byte	73                              @ DW_AT_decl_line
	.long	1232                            @ DW_AT_type
	.byte	0                               @ End Of Children Mark
	.byte	6                               @ Abbrev [6] 0x445:0x8b DW_TAG_subprogram
	.long	.Lfunc_begin8                   @ DW_AT_low_pc
	.long	.Lfunc_end8-.Lfunc_begin8       @ DW_AT_high_pc
	.byte	1                               @ DW_AT_frame_base
	.byte	93
	.long	.Linfo_string16                 @ DW_AT_name
	.byte	9                               @ DW_AT_decl_file
	.short	303                             @ DW_AT_decl_line
                                        @ DW_AT_prototyped
                                        @ DW_AT_external
	.byte	7                               @ Abbrev [7] 0x457:0xf DW_TAG_formal_parameter
	.byte	2                               @ DW_AT_location
	.byte	145
	.byte	28
	.long	.Linfo_string17                 @ DW_AT_name
	.byte	9                               @ DW_AT_decl_file
	.short	304                             @ DW_AT_decl_line
	.long	1785                            @ DW_AT_type
	.byte	7                               @ Abbrev [7] 0x466:0xf DW_TAG_formal_parameter
	.byte	2                               @ DW_AT_location
	.byte	145
	.byte	24
	.long	.Linfo_string29                 @ DW_AT_name
	.byte	9                               @ DW_AT_decl_file
	.short	305                             @ DW_AT_decl_line
	.long	1361                            @ DW_AT_type
	.byte	7                               @ Abbrev [7] 0x475:0xf DW_TAG_formal_parameter
	.byte	2                               @ DW_AT_location
	.byte	145
	.byte	20
	.long	.Linfo_string30                 @ DW_AT_name
	.byte	9                               @ DW_AT_decl_file
	.short	306                             @ DW_AT_decl_line
	.long	1409                            @ DW_AT_type
	.byte	8                               @ Abbrev [8] 0x484:0xf DW_TAG_variable
	.byte	2                               @ DW_AT_location
	.byte	145
	.byte	18
	.long	.Linfo_string31                 @ DW_AT_name
	.byte	9                               @ DW_AT_decl_file
	.short	308                             @ DW_AT_decl_line
	.long	38                              @ DW_AT_type
	.byte	8                               @ Abbrev [8] 0x493:0xf DW_TAG_variable
	.byte	2                               @ DW_AT_location
	.byte	145
	.byte	16
	.long	.Linfo_string32                 @ DW_AT_name
	.byte	9                               @ DW_AT_decl_file
	.short	309                             @ DW_AT_decl_line
	.long	38                              @ DW_AT_type
	.byte	8                               @ Abbrev [8] 0x4a2:0xf DW_TAG_variable
	.byte	2                               @ DW_AT_location
	.byte	145
	.byte	12
	.long	.Linfo_string33                 @ DW_AT_name
	.byte	9                               @ DW_AT_decl_file
	.short	310                             @ DW_AT_decl_line
	.long	1343                            @ DW_AT_type
	.byte	8                               @ Abbrev [8] 0x4b1:0xf DW_TAG_variable
	.byte	2                               @ DW_AT_location
	.byte	145
	.byte	8
	.long	.Linfo_string34                 @ DW_AT_name
	.byte	9                               @ DW_AT_decl_file
	.short	310                             @ DW_AT_decl_line
	.long	1343                            @ DW_AT_type
	.byte	8                               @ Abbrev [8] 0x4c0:0xf DW_TAG_variable
	.byte	2                               @ DW_AT_location
	.byte	145
	.byte	4
	.long	.Linfo_string35                 @ DW_AT_name
	.byte	9                               @ DW_AT_decl_file
	.short	311                             @ DW_AT_decl_line
	.long	1361                            @ DW_AT_type
	.byte	0                               @ End Of Children Mark
	.byte	11                              @ Abbrev [11] 0x4d0:0xb DW_TAG_typedef
	.long	1243                            @ DW_AT_type
	.long	.Linfo_string12                 @ DW_AT_name
	.byte	10                              @ DW_AT_decl_file
	.byte	58                              @ DW_AT_decl_line
	.byte	2                               @ Abbrev [2] 0x4db:0x7 DW_TAG_base_type
	.long	.Linfo_string11                 @ DW_AT_name
	.byte	4                               @ DW_AT_encoding
	.byte	2                               @ DW_AT_byte_size
	.byte	12                              @ Abbrev [12] 0x4e2:0x5 DW_TAG_pointer_type
	.long	1255                            @ DW_AT_type
	.byte	11                              @ Abbrev [11] 0x4e7:0xb DW_TAG_typedef
	.long	1266                            @ DW_AT_type
	.long	.Linfo_string28                 @ DW_AT_name
	.byte	12                              @ DW_AT_decl_file
	.byte	74                              @ DW_AT_decl_line
	.byte	13                              @ Abbrev [13] 0x4f2:0x4d DW_TAG_structure_type
	.byte	24                              @ DW_AT_byte_size
	.byte	12                              @ DW_AT_decl_file
	.byte	66                              @ DW_AT_decl_line
	.byte	14                              @ Abbrev [14] 0x4f6:0xc DW_TAG_member
	.long	.Linfo_string18                 @ DW_AT_name
	.long	1343                            @ DW_AT_type
	.byte	12                              @ DW_AT_decl_file
	.byte	68                              @ DW_AT_decl_line
	.byte	0                               @ DW_AT_data_member_location
	.byte	14                              @ Abbrev [14] 0x502:0xc DW_TAG_member
	.long	.Linfo_string21                 @ DW_AT_name
	.long	1343                            @ DW_AT_type
	.byte	12                              @ DW_AT_decl_file
	.byte	69                              @ DW_AT_decl_line
	.byte	4                               @ DW_AT_data_member_location
	.byte	14                              @ Abbrev [14] 0x50e:0xc DW_TAG_member
	.long	.Linfo_string22                 @ DW_AT_name
	.long	1232                            @ DW_AT_type
	.byte	12                              @ DW_AT_decl_file
	.byte	70                              @ DW_AT_decl_line
	.byte	8                               @ DW_AT_data_member_location
	.byte	14                              @ Abbrev [14] 0x51a:0xc DW_TAG_member
	.long	.Linfo_string23                 @ DW_AT_name
	.long	1361                            @ DW_AT_type
	.byte	12                              @ DW_AT_decl_file
	.byte	71                              @ DW_AT_decl_line
	.byte	12                              @ DW_AT_data_member_location
	.byte	14                              @ Abbrev [14] 0x526:0xc DW_TAG_member
	.long	.Linfo_string24                 @ DW_AT_name
	.long	1361                            @ DW_AT_type
	.byte	12                              @ DW_AT_decl_file
	.byte	72                              @ DW_AT_decl_line
	.byte	16                              @ DW_AT_data_member_location
	.byte	14                              @ Abbrev [14] 0x532:0xc DW_TAG_member
	.long	.Linfo_string25                 @ DW_AT_name
	.long	1371                            @ DW_AT_type
	.byte	12                              @ DW_AT_decl_file
	.byte	73                              @ DW_AT_decl_line
	.byte	20                              @ DW_AT_data_member_location
	.byte	0                               @ End Of Children Mark
	.byte	11                              @ Abbrev [11] 0x53f:0xb DW_TAG_typedef
	.long	1354                            @ DW_AT_type
	.long	.Linfo_string20                 @ DW_AT_name
	.byte	11                              @ DW_AT_decl_file
	.byte	64                              @ DW_AT_decl_line
	.byte	2                               @ Abbrev [2] 0x54a:0x7 DW_TAG_base_type
	.long	.Linfo_string19                 @ DW_AT_name
	.byte	7                               @ DW_AT_encoding
	.byte	4                               @ DW_AT_byte_size
	.byte	12                              @ Abbrev [12] 0x551:0x5 DW_TAG_pointer_type
	.long	1366                            @ DW_AT_type
	.byte	15                              @ Abbrev [15] 0x556:0x5 DW_TAG_const_type
	.long	1232                            @ DW_AT_type
	.byte	12                              @ Abbrev [12] 0x55b:0x5 DW_TAG_pointer_type
	.long	1376                            @ DW_AT_type
	.byte	15                              @ Abbrev [15] 0x560:0x5 DW_TAG_const_type
	.long	1381                            @ DW_AT_type
	.byte	11                              @ Abbrev [11] 0x565:0xb DW_TAG_typedef
	.long	1392                            @ DW_AT_type
	.long	.Linfo_string27                 @ DW_AT_name
	.byte	11                              @ DW_AT_decl_file
	.byte	58                              @ DW_AT_decl_line
	.byte	2                               @ Abbrev [2] 0x570:0x7 DW_TAG_base_type
	.long	.Linfo_string26                 @ DW_AT_name
	.byte	5                               @ DW_AT_encoding
	.byte	4                               @ DW_AT_byte_size
	.byte	12                              @ Abbrev [12] 0x577:0x5 DW_TAG_pointer_type
	.long	1404                            @ DW_AT_type
	.byte	15                              @ Abbrev [15] 0x57c:0x5 DW_TAG_const_type
	.long	1255                            @ DW_AT_type
	.byte	12                              @ Abbrev [12] 0x581:0x5 DW_TAG_pointer_type
	.long	1381                            @ DW_AT_type
	.byte	12                              @ Abbrev [12] 0x586:0x5 DW_TAG_pointer_type
	.long	1419                            @ DW_AT_type
	.byte	11                              @ Abbrev [11] 0x58b:0xb DW_TAG_typedef
	.long	1430                            @ DW_AT_type
	.long	.Linfo_string39                 @ DW_AT_name
	.byte	12                              @ DW_AT_decl_file
	.byte	91                              @ DW_AT_decl_line
	.byte	13                              @ Abbrev [13] 0x596:0x71 DW_TAG_structure_type
	.byte	32                              @ DW_AT_byte_size
	.byte	12                              @ DW_AT_decl_file
	.byte	80                              @ DW_AT_decl_line
	.byte	14                              @ Abbrev [14] 0x59a:0xc DW_TAG_member
	.long	.Linfo_string18                 @ DW_AT_name
	.long	1343                            @ DW_AT_type
	.byte	12                              @ DW_AT_decl_file
	.byte	82                              @ DW_AT_decl_line
	.byte	0                               @ DW_AT_data_member_location
	.byte	14                              @ Abbrev [14] 0x5a6:0xc DW_TAG_member
	.long	.Linfo_string21                 @ DW_AT_name
	.long	1343                            @ DW_AT_type
	.byte	12                              @ DW_AT_decl_file
	.byte	83                              @ DW_AT_decl_line
	.byte	4                               @ DW_AT_data_member_location
	.byte	14                              @ Abbrev [14] 0x5b2:0xc DW_TAG_member
	.long	.Linfo_string22                 @ DW_AT_name
	.long	1232                            @ DW_AT_type
	.byte	12                              @ DW_AT_decl_file
	.byte	84                              @ DW_AT_decl_line
	.byte	8                               @ DW_AT_data_member_location
	.byte	14                              @ Abbrev [14] 0x5be:0xc DW_TAG_member
	.long	.Linfo_string23                 @ DW_AT_name
	.long	1361                            @ DW_AT_type
	.byte	12                              @ DW_AT_decl_file
	.byte	85                              @ DW_AT_decl_line
	.byte	12                              @ DW_AT_data_member_location
	.byte	14                              @ Abbrev [14] 0x5ca:0xc DW_TAG_member
	.long	.Linfo_string24                 @ DW_AT_name
	.long	1361                            @ DW_AT_type
	.byte	12                              @ DW_AT_decl_file
	.byte	86                              @ DW_AT_decl_line
	.byte	16                              @ DW_AT_data_member_location
	.byte	14                              @ Abbrev [14] 0x5d6:0xc DW_TAG_member
	.long	.Linfo_string25                 @ DW_AT_name
	.long	1371                            @ DW_AT_type
	.byte	12                              @ DW_AT_decl_file
	.byte	87                              @ DW_AT_decl_line
	.byte	20                              @ DW_AT_data_member_location
	.byte	14                              @ Abbrev [14] 0x5e2:0xc DW_TAG_member
	.long	.Linfo_string36                 @ DW_AT_name
	.long	1381                            @ DW_AT_type
	.byte	12                              @ DW_AT_decl_file
	.byte	88                              @ DW_AT_decl_line
	.byte	24                              @ DW_AT_data_member_location
	.byte	14                              @ Abbrev [14] 0x5ee:0xc DW_TAG_member
	.long	.Linfo_string37                 @ DW_AT_name
	.long	1232                            @ DW_AT_type
	.byte	12                              @ DW_AT_decl_file
	.byte	89                              @ DW_AT_decl_line
	.byte	28                              @ DW_AT_data_member_location
	.byte	14                              @ Abbrev [14] 0x5fa:0xc DW_TAG_member
	.long	.Linfo_string38                 @ DW_AT_name
	.long	1232                            @ DW_AT_type
	.byte	12                              @ DW_AT_decl_file
	.byte	90                              @ DW_AT_decl_line
	.byte	30                              @ DW_AT_data_member_location
	.byte	0                               @ End Of Children Mark
	.byte	12                              @ Abbrev [12] 0x607:0x5 DW_TAG_pointer_type
	.long	1548                            @ DW_AT_type
	.byte	15                              @ Abbrev [15] 0x60c:0x5 DW_TAG_const_type
	.long	1419                            @ DW_AT_type
	.byte	12                              @ Abbrev [12] 0x611:0x5 DW_TAG_pointer_type
	.long	1558                            @ DW_AT_type
	.byte	11                              @ Abbrev [11] 0x616:0xb DW_TAG_typedef
	.long	1569                            @ DW_AT_type
	.long	.Linfo_string43                 @ DW_AT_name
	.byte	12                              @ DW_AT_decl_file
	.byte	106                             @ DW_AT_decl_line
	.byte	13                              @ Abbrev [13] 0x621:0x59 DW_TAG_structure_type
	.byte	28                              @ DW_AT_byte_size
	.byte	12                              @ DW_AT_decl_file
	.byte	97                              @ DW_AT_decl_line
	.byte	14                              @ Abbrev [14] 0x625:0xc DW_TAG_member
	.long	.Linfo_string18                 @ DW_AT_name
	.long	1343                            @ DW_AT_type
	.byte	12                              @ DW_AT_decl_file
	.byte	99                              @ DW_AT_decl_line
	.byte	0                               @ DW_AT_data_member_location
	.byte	14                              @ Abbrev [14] 0x631:0xc DW_TAG_member
	.long	.Linfo_string21                 @ DW_AT_name
	.long	1343                            @ DW_AT_type
	.byte	12                              @ DW_AT_decl_file
	.byte	100                             @ DW_AT_decl_line
	.byte	4                               @ DW_AT_data_member_location
	.byte	14                              @ Abbrev [14] 0x63d:0xc DW_TAG_member
	.long	.Linfo_string22                 @ DW_AT_name
	.long	1232                            @ DW_AT_type
	.byte	12                              @ DW_AT_decl_file
	.byte	101                             @ DW_AT_decl_line
	.byte	8                               @ DW_AT_data_member_location
	.byte	14                              @ Abbrev [14] 0x649:0xc DW_TAG_member
	.long	.Linfo_string23                 @ DW_AT_name
	.long	1361                            @ DW_AT_type
	.byte	12                              @ DW_AT_decl_file
	.byte	102                             @ DW_AT_decl_line
	.byte	12                              @ DW_AT_data_member_location
	.byte	14                              @ Abbrev [14] 0x655:0xc DW_TAG_member
	.long	.Linfo_string24                 @ DW_AT_name
	.long	1361                            @ DW_AT_type
	.byte	12                              @ DW_AT_decl_file
	.byte	103                             @ DW_AT_decl_line
	.byte	16                              @ DW_AT_data_member_location
	.byte	14                              @ Abbrev [14] 0x661:0xc DW_TAG_member
	.long	.Linfo_string25                 @ DW_AT_name
	.long	1371                            @ DW_AT_type
	.byte	12                              @ DW_AT_decl_file
	.byte	104                             @ DW_AT_decl_line
	.byte	20                              @ DW_AT_data_member_location
	.byte	14                              @ Abbrev [14] 0x66d:0xc DW_TAG_member
	.long	.Linfo_string38                 @ DW_AT_name
	.long	1232                            @ DW_AT_type
	.byte	12                              @ DW_AT_decl_file
	.byte	105                             @ DW_AT_decl_line
	.byte	24                              @ DW_AT_data_member_location
	.byte	0                               @ End Of Children Mark
	.byte	12                              @ Abbrev [12] 0x67a:0x5 DW_TAG_pointer_type
	.long	1663                            @ DW_AT_type
	.byte	15                              @ Abbrev [15] 0x67f:0x5 DW_TAG_const_type
	.long	1558                            @ DW_AT_type
	.byte	12                              @ Abbrev [12] 0x684:0x5 DW_TAG_pointer_type
	.long	1673                            @ DW_AT_type
	.byte	11                              @ Abbrev [11] 0x689:0xb DW_TAG_typedef
	.long	1684                            @ DW_AT_type
	.long	.Linfo_string44                 @ DW_AT_name
	.byte	12                              @ DW_AT_decl_file
	.byte	122                             @ DW_AT_decl_line
	.byte	13                              @ Abbrev [13] 0x694:0x65 DW_TAG_structure_type
	.byte	28                              @ DW_AT_byte_size
	.byte	12                              @ DW_AT_decl_file
	.byte	112                             @ DW_AT_decl_line
	.byte	14                              @ Abbrev [14] 0x698:0xc DW_TAG_member
	.long	.Linfo_string18                 @ DW_AT_name
	.long	1343                            @ DW_AT_type
	.byte	12                              @ DW_AT_decl_file
	.byte	114                             @ DW_AT_decl_line
	.byte	0                               @ DW_AT_data_member_location
	.byte	14                              @ Abbrev [14] 0x6a4:0xc DW_TAG_member
	.long	.Linfo_string21                 @ DW_AT_name
	.long	1343                            @ DW_AT_type
	.byte	12                              @ DW_AT_decl_file
	.byte	115                             @ DW_AT_decl_line
	.byte	4                               @ DW_AT_data_member_location
	.byte	14                              @ Abbrev [14] 0x6b0:0xc DW_TAG_member
	.long	.Linfo_string22                 @ DW_AT_name
	.long	1232                            @ DW_AT_type
	.byte	12                              @ DW_AT_decl_file
	.byte	116                             @ DW_AT_decl_line
	.byte	8                               @ DW_AT_data_member_location
	.byte	14                              @ Abbrev [14] 0x6bc:0xc DW_TAG_member
	.long	.Linfo_string23                 @ DW_AT_name
	.long	1361                            @ DW_AT_type
	.byte	12                              @ DW_AT_decl_file
	.byte	117                             @ DW_AT_decl_line
	.byte	12                              @ DW_AT_data_member_location
	.byte	14                              @ Abbrev [14] 0x6c8:0xc DW_TAG_member
	.long	.Linfo_string24                 @ DW_AT_name
	.long	1361                            @ DW_AT_type
	.byte	12                              @ DW_AT_decl_file
	.byte	118                             @ DW_AT_decl_line
	.byte	16                              @ DW_AT_data_member_location
	.byte	14                              @ Abbrev [14] 0x6d4:0xc DW_TAG_member
	.long	.Linfo_string25                 @ DW_AT_name
	.long	1371                            @ DW_AT_type
	.byte	12                              @ DW_AT_decl_file
	.byte	119                             @ DW_AT_decl_line
	.byte	20                              @ DW_AT_data_member_location
	.byte	14                              @ Abbrev [14] 0x6e0:0xc DW_TAG_member
	.long	.Linfo_string37                 @ DW_AT_name
	.long	1232                            @ DW_AT_type
	.byte	12                              @ DW_AT_decl_file
	.byte	120                             @ DW_AT_decl_line
	.byte	24                              @ DW_AT_data_member_location
	.byte	14                              @ Abbrev [14] 0x6ec:0xc DW_TAG_member
	.long	.Linfo_string38                 @ DW_AT_name
	.long	1232                            @ DW_AT_type
	.byte	12                              @ DW_AT_decl_file
	.byte	121                             @ DW_AT_decl_line
	.byte	26                              @ DW_AT_data_member_location
	.byte	0                               @ End Of Children Mark
	.byte	12                              @ Abbrev [12] 0x6f9:0x5 DW_TAG_pointer_type
	.long	1790                            @ DW_AT_type
	.byte	15                              @ Abbrev [15] 0x6fe:0x5 DW_TAG_const_type
	.long	1673                            @ DW_AT_type
	.byte	0                               @ End Of Children Mark
.Ldebug_info_end0:
	.section	.debug_ranges,"",%progbits
.Ldebug_ranges0:
	.long	.Lfunc_begin0
	.long	.Lfunc_end0
	.long	.Lfunc_begin1
	.long	.Lfunc_end1
	.long	.Lfunc_begin2
	.long	.Lfunc_end2
	.long	.Lfunc_begin3
	.long	.Lfunc_end3
	.long	.Lfunc_begin4
	.long	.Lfunc_end4
	.long	.Lfunc_begin5
	.long	.Lfunc_end5
	.long	.Lfunc_begin6
	.long	.Lfunc_end6
	.long	.Lfunc_begin7
	.long	.Lfunc_end7
	.long	.Lfunc_begin8
	.long	.Lfunc_end8
	.long	0
	.long	0
	.section	.debug_str,"MS",%progbits,1
.Linfo_string0:
	.asciz	"Component: Arm Compiler for Embedded 6.24 Tool: armclang [5f371800]" @ string offset=0
.Linfo_string1:
	.asciz	"D:/keil_1/keilpacks/ARM/CMSIS-DSP/1.16.2/Source/SVMFunctions\\SVMFunctionsF16.c" @ string offset=68
.Linfo_string2:
	.asciz	"D:\\RM_projects\\h7_final_4\\MDK-ARM" @ string offset=147
.Linfo_string3:
	.asciz	"_Float16"                      @ string offset=181
.Linfo_string4:
	.asciz	"float"                         @ string offset=190
.Linfo_string5:
	.asciz	"float32_t"                     @ string offset=196
.Linfo_string6:
	.asciz	"arm_svm_linear_init_f16"       @ string offset=206
.Linfo_string7:
	.asciz	"arm_svm_linear_predict_f16"    @ string offset=230
.Linfo_string8:
	.asciz	"arm_svm_polynomial_init_f16"   @ string offset=257
.Linfo_string9:
	.asciz	"arm_svm_polynomial_predict_f16" @ string offset=285
.Linfo_string10:
	.asciz	"arm_exponent_f16"              @ string offset=316
.Linfo_string11:
	.asciz	"__fp16"                        @ string offset=333
.Linfo_string12:
	.asciz	"float16_t"                     @ string offset=340
.Linfo_string13:
	.asciz	"arm_svm_rbf_init_f16"          @ string offset=350
.Linfo_string14:
	.asciz	"arm_svm_rbf_predict_f16"       @ string offset=371
.Linfo_string15:
	.asciz	"arm_svm_sigmoid_init_f16"      @ string offset=395
.Linfo_string16:
	.asciz	"arm_svm_sigmoid_predict_f16"   @ string offset=420
.Linfo_string17:
	.asciz	"S"                             @ string offset=448
.Linfo_string18:
	.asciz	"nbOfSupportVectors"            @ string offset=450
.Linfo_string19:
	.asciz	"unsigned int"                  @ string offset=469
.Linfo_string20:
	.asciz	"uint32_t"                      @ string offset=482
.Linfo_string21:
	.asciz	"vectorDimension"               @ string offset=491
.Linfo_string22:
	.asciz	"intercept"                     @ string offset=507
.Linfo_string23:
	.asciz	"dualCoefficients"              @ string offset=517
.Linfo_string24:
	.asciz	"supportVectors"                @ string offset=534
.Linfo_string25:
	.asciz	"classes"                       @ string offset=549
.Linfo_string26:
	.asciz	"int"                           @ string offset=557
.Linfo_string27:
	.asciz	"int32_t"                       @ string offset=561
.Linfo_string28:
	.asciz	"arm_svm_linear_instance_f16"   @ string offset=569
.Linfo_string29:
	.asciz	"in"                            @ string offset=597
.Linfo_string30:
	.asciz	"pResult"                       @ string offset=600
.Linfo_string31:
	.asciz	"sum"                           @ string offset=608
.Linfo_string32:
	.asciz	"dot"                           @ string offset=612
.Linfo_string33:
	.asciz	"i"                             @ string offset=616
.Linfo_string34:
	.asciz	"j"                             @ string offset=618
.Linfo_string35:
	.asciz	"pSupport"                      @ string offset=620
.Linfo_string36:
	.asciz	"degree"                        @ string offset=629
.Linfo_string37:
	.asciz	"coef0"                         @ string offset=636
.Linfo_string38:
	.asciz	"gamma"                         @ string offset=642
.Linfo_string39:
	.asciz	"arm_svm_polynomial_instance_f16" @ string offset=648
.Linfo_string40:
	.asciz	"x"                             @ string offset=680
.Linfo_string41:
	.asciz	"nb"                            @ string offset=682
.Linfo_string42:
	.asciz	"r"                             @ string offset=685
.Linfo_string43:
	.asciz	"arm_svm_rbf_instance_f16"      @ string offset=687
.Linfo_string44:
	.asciz	"arm_svm_sigmoid_instance_f16"  @ string offset=712
	.ident	"Component: Arm Compiler for Embedded 6.24 Tool: armclang [5f371800]"
	.section	".note.GNU-stack","",%progbits
	.eabi_attribute	30, 6	@ Tag_ABI_optimization_goals
	.ARM_attribute	16, 1	@ Tag_AV_eba
	.section	.debug_line,"",%progbits
.Lline_table_start0:
