	.text
	.syntax unified
	.eabi_attribute	67, "2.09"	@ Tag_conformance
	.cpu	cortex-m7
	.eabi_attribute	6, 13	@ Tag_CPU_arch
	.eabi_attribute	7, 77	@ Tag_CPU_arch_profile
	.eabi_attribute	8, 0	@ Tag_ARM_ISA_use
	.eabi_attribute	9, 2	@ Tag_THUMB_ISA_use
	.fpu	fpv5-d16
	.eabi_attribute	36, 1	@ Tag_FP_HP_extension
	.eabi_attribute	34, 1	@ Tag_CPU_unaligned_access
	.eabi_attribute	17, 1	@ Tag_ABI_PCS_GOT_use
	.eabi_attribute	20, 2	@ Tag_ABI_FP_denormal
	.eabi_attribute	21, 0	@ Tag_ABI_FP_exceptions
	.eabi_attribute	23, 1	@ Tag_ABI_FP_number_model
	.eabi_attribute	24, 1	@ Tag_ABI_align_needed
	.eabi_attribute	25, 1	@ Tag_ABI_align_preserved
	.eabi_attribute	28, 1	@ Tag_ABI_VFP_args
	.eabi_attribute	38, 1	@ Tag_ABI_FP_16bit_format
	.eabi_attribute	18, 2	@ Tag_ABI_PCS_wchar_t
	.eabi_attribute	26, 1	@ Tag_ABI_enum_size
	.eabi_attribute	14, 0	@ Tag_ABI_PCS_R9_use
	.file	"system_stm32h7xx.c"
	.file	1 "D:\\keil_1\\keil\\ARM\\ARMCLANG\\bin\\..\\include" "stdint.h"
	.file	2 "D:\\RM_projects\\h7_final_4\\MDK-ARM" "../Core/Src/system_stm32h7xx.c"
	.file	3 "D:\\RM_projects\\h7_final_4\\MDK-ARM" "../Drivers/CMSIS/Include\\core_cm7.h"
	.file	4 "D:\\RM_projects\\h7_final_4\\MDK-ARM" "../Drivers/CMSIS/Device/ST/STM32H7xx/Include\\stm32h723xx.h"
	.file	5 "D:\\keil_1\\keil\\ARM\\ARMCLANG\\bin\\..\\include" "math.h"
	.section	.text.SystemInit,"ax",%progbits
	.hidden	SystemInit                      @ -- Begin function SystemInit
	.globl	SystemInit
	.p2align	3
	.type	SystemInit,%function
	.code	16                              @ @SystemInit
	.thumb_func
SystemInit:
.Lfunc_begin0:
	.loc	2 179 0                         @ ../Core/Src/system_stm32h7xx.c:179:0
	.fnstart
	.cfi_sections .debug_frame
	.cfi_startproc
@ %bb.0:
	movw	r1, #60808
	movt	r1, #57344
.Ltmp0:
	.loc	2 186 16 prologue_end           @ ../Core/Src/system_stm32h7xx.c:186:16
	ldr	r0, [r1]
	orr	r0, r0, #15728640
	str	r0, [r1]
	movw	r0, #8192
	movt	r0, #20992
.Ltmp1:
	.loc	2 191 32                        @ ../Core/Src/system_stm32h7xx.c:191:32
	ldr	r0, [r0]
	and	r0, r0, #15
.Ltmp2:
	.loc	2 191 6 is_stmt 0               @ ../Core/Src/system_stm32h7xx.c:191:6
	cmp	r0, #6
	bhi	.LBB0_2
	b	.LBB0_1
.LBB0_1:
	.loc	2 0 6                           @ ../Core/Src/system_stm32h7xx.c:0:6
	movw	r1, #8192
	movt	r1, #20992
.Ltmp3:
	.loc	2 194 5 is_stmt 1               @ ../Core/Src/system_stm32h7xx.c:194:5
	ldr	r0, [r1]
	movs	r2, #7
	bfi	r0, r2, #0, #4
	str	r0, [r1]
	.loc	2 195 3                         @ ../Core/Src/system_stm32h7xx.c:195:3
	b	.LBB0_2
.Ltmp4:
.LBB0_2:
	.loc	2 0 3 is_stmt 0                 @ ../Core/Src/system_stm32h7xx.c:0:3
	movw	r1, #17408
	movt	r1, #22530
	.loc	2 198 11 is_stmt 1              @ ../Core/Src/system_stm32h7xx.c:198:11
	ldr	r0, [r1]
	orr	r0, r0, #1
	str	r0, [r1]
	movw	r2, #17424
	movt	r2, #22530
	movs	r0, #0
	.loc	2 201 13                        @ ../Core/Src/system_stm32h7xx.c:201:13
	str	r0, [r2]
	.loc	2 204 11                        @ ../Core/Src/system_stm32h7xx.c:204:11
	ldr	r0, [r1]
	movw	r2, #60799
	movt	r2, #60150
	ands	r0, r2
	str	r0, [r1]
	movw	r0, #8192
	movt	r0, #20992
.Ltmp5:
	.loc	2 207 32                        @ ../Core/Src/system_stm32h7xx.c:207:32
	ldr	r0, [r0]
	and	r0, r0, #15
.Ltmp6:
	.loc	2 207 6 is_stmt 0               @ ../Core/Src/system_stm32h7xx.c:207:6
	cmp	r0, #8
	blo	.LBB0_4
	b	.LBB0_3
.LBB0_3:
	.loc	2 0 6                           @ ../Core/Src/system_stm32h7xx.c:0:6
	movw	r1, #8192
	movt	r1, #20992
.Ltmp7:
	.loc	2 210 5 is_stmt 1               @ ../Core/Src/system_stm32h7xx.c:210:5
	ldr	r0, [r1]
	movs	r2, #7
	bfi	r0, r2, #0, #4
	str	r0, [r1]
	.loc	2 211 3                         @ ../Core/Src/system_stm32h7xx.c:211:3
	b	.LBB0_4
.Ltmp8:
.LBB0_4:
	.loc	2 0 3 is_stmt 0                 @ ../Core/Src/system_stm32h7xx.c:0:3
	movw	r1, #17432
	movt	r1, #22530
	movs	r0, #0
	.loc	2 215 15 is_stmt 1              @ ../Core/Src/system_stm32h7xx.c:215:15
	str	r0, [r1]
	movw	r1, #17436
	movt	r1, #22530
	.loc	2 218 15                        @ ../Core/Src/system_stm32h7xx.c:218:15
	str	r0, [r1]
	movw	r1, #17440
	movt	r1, #22530
	.loc	2 221 15                        @ ../Core/Src/system_stm32h7xx.c:221:15
	str	r0, [r1]
	movw	r2, #17448
	movt	r2, #22530
	movw	r1, #512
	movt	r1, #514
	.loc	2 233 18                        @ ../Core/Src/system_stm32h7xx.c:233:18
	str	r1, [r2]
	movw	r2, #17452
	movt	r2, #22530
	movs	r1, #0
	movt	r1, #511
	.loc	2 236 16                        @ ../Core/Src/system_stm32h7xx.c:236:16
	str	r1, [r2]
	movw	r2, #17456
	movt	r2, #22530
	movw	r1, #640
	movt	r1, #257
	.loc	2 238 17                        @ ../Core/Src/system_stm32h7xx.c:238:17
	str	r1, [r2]
	movw	r2, #17460
	movt	r2, #22530
	.loc	2 240 18                        @ ../Core/Src/system_stm32h7xx.c:240:18
	str	r0, [r2]
	movw	r2, #17464
	movt	r2, #22530
	.loc	2 243 17                        @ ../Core/Src/system_stm32h7xx.c:243:17
	str	r1, [r2]
	movw	r2, #17468
	movt	r2, #22530
	.loc	2 247 18                        @ ../Core/Src/system_stm32h7xx.c:247:18
	str	r0, [r2]
	movw	r2, #17472
	movt	r2, #22530
	.loc	2 249 17                        @ ../Core/Src/system_stm32h7xx.c:249:17
	str	r1, [r2]
	movw	r1, #17476
	movt	r1, #22530
	.loc	2 252 18                        @ ../Core/Src/system_stm32h7xx.c:252:18
	str	r0, [r1]
	movw	r2, #17408
	movt	r2, #22530
	.loc	2 255 11                        @ ../Core/Src/system_stm32h7xx.c:255:11
	ldr	r1, [r2]
	bic	r1, r1, #262144
	str	r1, [r2]
	movw	r1, #17504
	movt	r1, #22530
	.loc	2 258 13                        @ ../Core/Src/system_stm32h7xx.c:258:13
	str	r0, [r1]
	movw	r0, #17620
	movt	r0, #22530
.Ltmp9:
	.loc	2 291 6                         @ ../Core/Src/system_stm32h7xx.c:291:6
	ldr	r0, [r0]
.Ltmp10:
	.loc	2 291 6 is_stmt 0               @ ../Core/Src/system_stm32h7xx.c:291:6
	lsls	r0, r0, #19
	cmp	r0, #0
	bmi	.LBB0_6
	b	.LBB0_5
.LBB0_5:
	.loc	2 0 6                           @ ../Core/Src/system_stm32h7xx.c:0:6
	movw	r1, #17620
	movt	r1, #22530
.Ltmp11:
	.loc	2 294 5 is_stmt 1               @ ../Core/Src/system_stm32h7xx.c:294:5
	ldr	r0, [r1]
	orr	r0, r0, #4096
	str	r0, [r1]
	movw	r2, #16384
	movt	r2, #20992
	movw	r0, #12498
	.loc	2 301 26                        @ ../Core/Src/system_stm32h7xx.c:301:26
	str	r0, [r2]
	.loc	2 304 5                         @ ../Core/Src/system_stm32h7xx.c:304:5
	ldr	r0, [r1]
	bic	r0, r0, #4096
	str	r0, [r1]
	.loc	2 305 3                         @ ../Core/Src/system_stm32h7xx.c:305:3
	b	.LBB0_6
.Ltmp12:
.LBB0_6:
	.loc	2 313 1                         @ ../Core/Src/system_stm32h7xx.c:313:1
	bx	lr
.Ltmp13:
.Lfunc_end0:
	.size	SystemInit, .Lfunc_end0-SystemInit
	.cfi_endproc
	.cantunwind
	.fnend
                                        @ -- End function
	.section	.text.SystemCoreClockUpdate,"ax",%progbits
	.hidden	SystemCoreClockUpdate           @ -- Begin function SystemCoreClockUpdate
	.globl	SystemCoreClockUpdate
	.p2align	3
	.type	SystemCoreClockUpdate,%function
	.code	16                              @ @SystemCoreClockUpdate
	.thumb_func
SystemCoreClockUpdate:
.Lfunc_begin1:
	.loc	2 353 0                         @ ../Core/Src/system_stm32h7xx.c:353:0
	.fnstart
	.cfi_startproc
@ %bb.0:
	.pad	#44
	sub	sp, #44
	.cfi_def_cfa_offset 44
	movw	r0, #17424
	movt	r0, #22530
.Ltmp14:
	.loc	2 361 16 prologue_end           @ ../Core/Src/system_stm32h7xx.c:361:16
	ldr	r0, [r0]
	.loc	2 361 21 is_stmt 0              @ ../Core/Src/system_stm32h7xx.c:361:21
	and	r0, r0, #56
	.loc	2 361 3                         @ ../Core/Src/system_stm32h7xx.c:361:3
	mov	r1, r0
	str	r1, [sp, #4]                    @ 4-byte Spill
	cmp	r0, #24
	bhi.w	.LBB1_17
@ %bb.1:
	ldr	r1, [sp, #4]                    @ 4-byte Reload
.LCPI1_3:
	tbh	[pc, r1, lsl #1]
@ %bb.2:
	.loc	2 0 3                           @ ../Core/Src/system_stm32h7xx.c:0:3
.LJTI1_0:
	.short	(.LBB1_3-(.LCPI1_3+4))/2
	.short	(.LBB1_17-(.LCPI1_3+4))/2
	.short	(.LBB1_17-(.LCPI1_3+4))/2
	.short	(.LBB1_17-(.LCPI1_3+4))/2
	.short	(.LBB1_17-(.LCPI1_3+4))/2
	.short	(.LBB1_17-(.LCPI1_3+4))/2
	.short	(.LBB1_17-(.LCPI1_3+4))/2
	.short	(.LBB1_17-(.LCPI1_3+4))/2
	.short	(.LBB1_4-(.LCPI1_3+4))/2
	.short	(.LBB1_17-(.LCPI1_3+4))/2
	.short	(.LBB1_17-(.LCPI1_3+4))/2
	.short	(.LBB1_17-(.LCPI1_3+4))/2
	.short	(.LBB1_17-(.LCPI1_3+4))/2
	.short	(.LBB1_17-(.LCPI1_3+4))/2
	.short	(.LBB1_17-(.LCPI1_3+4))/2
	.short	(.LBB1_17-(.LCPI1_3+4))/2
	.short	(.LBB1_5-(.LCPI1_3+4))/2
	.short	(.LBB1_17-(.LCPI1_3+4))/2
	.short	(.LBB1_17-(.LCPI1_3+4))/2
	.short	(.LBB1_17-(.LCPI1_3+4))/2
	.short	(.LBB1_17-(.LCPI1_3+4))/2
	.short	(.LBB1_17-(.LCPI1_3+4))/2
	.short	(.LBB1_17-(.LCPI1_3+4))/2
	.short	(.LBB1_17-(.LCPI1_3+4))/2
	.short	(.LBB1_6-(.LCPI1_3+4))/2
	.p2align	1
.LBB1_3:
	movw	r0, #17408
	movt	r0, #22530
.Ltmp15:
	.loc	2 364 59 is_stmt 1              @ ../Core/Src/system_stm32h7xx.c:364:59
	ldr	r0, [r0]
	.loc	2 364 78 is_stmt 0              @ ../Core/Src/system_stm32h7xx.c:364:78
	ubfx	r1, r0, #3, #2
	movw	r0, #36864
	movt	r0, #976
	.loc	2 364 49                        @ ../Core/Src/system_stm32h7xx.c:364:49
	lsrs	r0, r1
	.loc	2 364 25                        @ ../Core/Src/system_stm32h7xx.c:364:25
	str	r0, [sp, #16]
	.loc	2 365 5 is_stmt 1               @ ../Core/Src/system_stm32h7xx.c:365:5
	b	.LBB1_18
.LBB1_4:
	.loc	2 0 5 is_stmt 0                 @ ../Core/Src/system_stm32h7xx.c:0:5
	movw	r0, #2304
	movt	r0, #61
	.loc	2 368 25 is_stmt 1              @ ../Core/Src/system_stm32h7xx.c:368:25
	str	r0, [sp, #16]
	.loc	2 369 5                         @ ../Core/Src/system_stm32h7xx.c:369:5
	b	.LBB1_18
.LBB1_5:
	.loc	2 0 5 is_stmt 0                 @ ../Core/Src/system_stm32h7xx.c:0:5
	movw	r0, #13824
	movt	r0, #366
	.loc	2 372 25 is_stmt 1              @ ../Core/Src/system_stm32h7xx.c:372:25
	str	r0, [sp, #16]
	.loc	2 373 5                         @ ../Core/Src/system_stm32h7xx.c:373:5
	b	.LBB1_18
.LBB1_6:
	.loc	2 0 5 is_stmt 0                 @ ../Core/Src/system_stm32h7xx.c:0:5
	movw	r0, #17448
	movt	r0, #22530
	.loc	2 380 23 is_stmt 1              @ ../Core/Src/system_stm32h7xx.c:380:23
	ldr	r1, [r0]
	.loc	2 380 33 is_stmt 0              @ ../Core/Src/system_stm32h7xx.c:380:33
	and	r1, r1, #3
	.loc	2 380 15                        @ ../Core/Src/system_stm32h7xx.c:380:15
	str	r1, [sp, #36]
	.loc	2 381 19 is_stmt 1              @ ../Core/Src/system_stm32h7xx.c:381:19
	ldr	r0, [r0]
	.loc	2 381 51 is_stmt 0              @ ../Core/Src/system_stm32h7xx.c:381:51
	ubfx	r0, r0, #4, #6
	.loc	2 381 10                        @ ../Core/Src/system_stm32h7xx.c:381:10
	str	r0, [sp, #32]
	movw	r0, #17452
	movt	r0, #22530
	.loc	2 382 24 is_stmt 1              @ ../Core/Src/system_stm32h7xx.c:382:24
	ldr	r0, [r0]
	.loc	2 382 32 is_stmt 0              @ ../Core/Src/system_stm32h7xx.c:382:32
	and	r0, r0, #1
	.loc	2 382 15                        @ ../Core/Src/system_stm32h7xx.c:382:15
	str	r0, [sp, #28]
	.loc	2 383 34 is_stmt 1              @ ../Core/Src/system_stm32h7xx.c:383:34
	ldr	r0, [sp, #28]
	movw	r1, #17460
	movt	r1, #22530
	.loc	2 383 52 is_stmt 0              @ ../Core/Src/system_stm32h7xx.c:383:52
	ldr	r1, [r1]
	.loc	2 383 62                        @ ../Core/Src/system_stm32h7xx.c:383:62
	uxth	r1, r1
	.loc	2 383 85                        @ ../Core/Src/system_stm32h7xx.c:383:85
	lsrs	r1, r1, #3
	.loc	2 383 43                        @ ../Core/Src/system_stm32h7xx.c:383:43
	muls	r0, r1, r0
	.loc	2 383 14                        @ ../Core/Src/system_stm32h7xx.c:383:14
	vmov	s0, r0
	vcvt.f32.u32	s0, s0
	.loc	2 383 12                        @ ../Core/Src/system_stm32h7xx.c:383:12
	vstr	s0, [sp, #12]
.Ltmp16:
	.loc	2 385 9 is_stmt 1               @ ../Core/Src/system_stm32h7xx.c:385:9
	ldr	r0, [sp, #32]
.Ltmp17:
	.loc	2 385 9 is_stmt 0               @ ../Core/Src/system_stm32h7xx.c:385:9
	cmp	r0, #0
	beq.w	.LBB1_15
	b	.LBB1_7
.LBB1_7:
.Ltmp18:
	.loc	2 387 15 is_stmt 1              @ ../Core/Src/system_stm32h7xx.c:387:15
	ldr	r0, [sp, #36]
	.loc	2 387 7 is_stmt 0               @ ../Core/Src/system_stm32h7xx.c:387:7
	str	r0, [sp]                        @ 4-byte Spill
	cbz	r0, .LBB1_10
	b	.LBB1_8
.LBB1_8:
	ldr	r0, [sp]                        @ 4-byte Reload
	cmp	r0, #1
	beq	.LBB1_11
	b	.LBB1_9
.LBB1_9:
	ldr	r0, [sp]                        @ 4-byte Reload
	cmp	r0, #2
	beq	.LBB1_12
	b	.LBB1_13
.LBB1_10:
	.loc	2 0 7                           @ ../Core/Src/system_stm32h7xx.c:0:7
	movw	r0, #17408
	movt	r0, #22530
.Ltmp19:
	.loc	2 391 41 is_stmt 1              @ ../Core/Src/system_stm32h7xx.c:391:41
	ldr	r0, [r0]
	.loc	2 391 60 is_stmt 0              @ ../Core/Src/system_stm32h7xx.c:391:60
	ubfx	r1, r0, #3, #2
	movw	r0, #36864
	movt	r0, #976
	.loc	2 391 31                        @ ../Core/Src/system_stm32h7xx.c:391:31
	lsrs	r0, r1
	.loc	2 391 18                        @ ../Core/Src/system_stm32h7xx.c:391:18
	str	r0, [sp, #24]
	.loc	2 392 20 is_stmt 1              @ ../Core/Src/system_stm32h7xx.c:392:20
	vldr	s0, [sp, #24]
	vcvt.f32.u32	s0, s0
	.loc	2 392 40 is_stmt 0              @ ../Core/Src/system_stm32h7xx.c:392:40
	vldr	s2, [sp, #32]
	vcvt.f32.u32	s2, s2
	.loc	2 392 38                        @ ../Core/Src/system_stm32h7xx.c:392:38
	vdiv.f32	s0, s0, s2
	movw	r0, #17456
	movt	r0, #22530
	.loc	2 392 83                        @ ../Core/Src/system_stm32h7xx.c:392:83
	ldr	r0, [r0]
	.loc	2 392 92                        @ ../Core/Src/system_stm32h7xx.c:392:92
	bfc	r0, #9, #23
	.loc	2 392 58                        @ ../Core/Src/system_stm32h7xx.c:392:58
	vmov	s2, r0
	vcvt.f32.u32	s2, s2
	.loc	2 392 114                       @ ../Core/Src/system_stm32h7xx.c:392:114
	vldr	s4, [sp, #12]
	vldr	s6, .LCPI1_1
	.loc	2 392 111                       @ ../Core/Src/system_stm32h7xx.c:392:111
	vmla.f32	s2, s4, s6
	vmov.f32	s4, #1.000000e+00
	.loc	2 392 138                       @ ../Core/Src/system_stm32h7xx.c:392:138
	vadd.f32	s2, s2, s4
	.loc	2 392 55                        @ ../Core/Src/system_stm32h7xx.c:392:55
	vmul.f32	s0, s0, s2
	.loc	2 392 16                        @ ../Core/Src/system_stm32h7xx.c:392:16
	vstr	s0, [sp, #8]
	.loc	2 394 9 is_stmt 1               @ ../Core/Src/system_stm32h7xx.c:394:9
	b	.LBB1_14
.LBB1_11:
	.loc	2 397 42                        @ ../Core/Src/system_stm32h7xx.c:397:42
	vldr	s0, [sp, #32]
	vcvt.f32.u32	s2, s0
	vldr	s0, .LCPI1_2
	.loc	2 397 40 is_stmt 0              @ ../Core/Src/system_stm32h7xx.c:397:40
	vdiv.f32	s0, s0, s2
	movw	r0, #17456
	movt	r0, #22530
	.loc	2 397 85                        @ ../Core/Src/system_stm32h7xx.c:397:85
	ldr	r0, [r0]
	.loc	2 397 94                        @ ../Core/Src/system_stm32h7xx.c:397:94
	bfc	r0, #9, #23
	.loc	2 397 60                        @ ../Core/Src/system_stm32h7xx.c:397:60
	vmov	s2, r0
	vcvt.f32.u32	s2, s2
	.loc	2 397 116                       @ ../Core/Src/system_stm32h7xx.c:397:116
	vldr	s4, [sp, #12]
	vldr	s6, .LCPI1_1
	.loc	2 397 113                       @ ../Core/Src/system_stm32h7xx.c:397:113
	vmla.f32	s2, s4, s6
	vmov.f32	s4, #1.000000e+00
	.loc	2 397 140                       @ ../Core/Src/system_stm32h7xx.c:397:140
	vadd.f32	s2, s2, s4
	.loc	2 397 57                        @ ../Core/Src/system_stm32h7xx.c:397:57
	vmul.f32	s0, s0, s2
	.loc	2 397 18                        @ ../Core/Src/system_stm32h7xx.c:397:18
	vstr	s0, [sp, #8]
	.loc	2 398 9 is_stmt 1               @ ../Core/Src/system_stm32h7xx.c:398:9
	b	.LBB1_14
.LBB1_12:
	.loc	2 401 42                        @ ../Core/Src/system_stm32h7xx.c:401:42
	vldr	s0, [sp, #32]
	vcvt.f32.u32	s2, s0
	vldr	s0, .LCPI1_0
	.loc	2 401 40 is_stmt 0              @ ../Core/Src/system_stm32h7xx.c:401:40
	vdiv.f32	s0, s0, s2
	movw	r0, #17456
	movt	r0, #22530
	.loc	2 401 85                        @ ../Core/Src/system_stm32h7xx.c:401:85
	ldr	r0, [r0]
	.loc	2 401 94                        @ ../Core/Src/system_stm32h7xx.c:401:94
	bfc	r0, #9, #23
	.loc	2 401 60                        @ ../Core/Src/system_stm32h7xx.c:401:60
	vmov	s2, r0
	vcvt.f32.u32	s2, s2
	.loc	2 401 116                       @ ../Core/Src/system_stm32h7xx.c:401:116
	vldr	s4, [sp, #12]
	vldr	s6, .LCPI1_1
	.loc	2 401 113                       @ ../Core/Src/system_stm32h7xx.c:401:113
	vmla.f32	s2, s4, s6
	vmov.f32	s4, #1.000000e+00
	.loc	2 401 140                       @ ../Core/Src/system_stm32h7xx.c:401:140
	vadd.f32	s2, s2, s4
	.loc	2 401 57                        @ ../Core/Src/system_stm32h7xx.c:401:57
	vmul.f32	s0, s0, s2
	.loc	2 401 18                        @ ../Core/Src/system_stm32h7xx.c:401:18
	vstr	s0, [sp, #8]
	.loc	2 402 9 is_stmt 1               @ ../Core/Src/system_stm32h7xx.c:402:9
	b	.LBB1_14
.LBB1_13:
	.loc	2 0 9 is_stmt 0                 @ ../Core/Src/system_stm32h7xx.c:0:9
	movw	r0, #17408
	movt	r0, #22530
	.loc	2 405 43 is_stmt 1              @ ../Core/Src/system_stm32h7xx.c:405:43
	ldr	r0, [r0]
	.loc	2 405 62 is_stmt 0              @ ../Core/Src/system_stm32h7xx.c:405:62
	ubfx	r1, r0, #3, #2
	movw	r0, #36864
	movt	r0, #976
	.loc	2 405 33                        @ ../Core/Src/system_stm32h7xx.c:405:33
	lsrs	r0, r1
	.loc	2 405 20                        @ ../Core/Src/system_stm32h7xx.c:405:20
	str	r0, [sp, #24]
	.loc	2 406 21 is_stmt 1              @ ../Core/Src/system_stm32h7xx.c:406:21
	vldr	s0, [sp, #24]
	vcvt.f32.u32	s0, s0
	.loc	2 406 41 is_stmt 0              @ ../Core/Src/system_stm32h7xx.c:406:41
	vldr	s2, [sp, #32]
	vcvt.f32.u32	s2, s2
	.loc	2 406 39                        @ ../Core/Src/system_stm32h7xx.c:406:39
	vdiv.f32	s0, s0, s2
	movw	r0, #17456
	movt	r0, #22530
	.loc	2 406 84                        @ ../Core/Src/system_stm32h7xx.c:406:84
	ldr	r0, [r0]
	.loc	2 406 93                        @ ../Core/Src/system_stm32h7xx.c:406:93
	bfc	r0, #9, #23
	.loc	2 406 59                        @ ../Core/Src/system_stm32h7xx.c:406:59
	vmov	s2, r0
	vcvt.f32.u32	s2, s2
	.loc	2 406 115                       @ ../Core/Src/system_stm32h7xx.c:406:115
	vldr	s4, [sp, #12]
	vldr	s6, .LCPI1_1
	.loc	2 406 112                       @ ../Core/Src/system_stm32h7xx.c:406:112
	vmla.f32	s2, s4, s6
	vmov.f32	s4, #1.000000e+00
	.loc	2 406 139                       @ ../Core/Src/system_stm32h7xx.c:406:139
	vadd.f32	s2, s2, s4
	.loc	2 406 56                        @ ../Core/Src/system_stm32h7xx.c:406:56
	vmul.f32	s0, s0, s2
	.loc	2 406 18                        @ ../Core/Src/system_stm32h7xx.c:406:18
	vstr	s0, [sp, #8]
	.loc	2 407 9 is_stmt 1               @ ../Core/Src/system_stm32h7xx.c:407:9
	b	.LBB1_14
.Ltmp20:
.LBB1_14:
	.loc	2 0 9 is_stmt 0                 @ ../Core/Src/system_stm32h7xx.c:0:9
	movw	r0, #17456
	movt	r0, #22530
	.loc	2 409 22 is_stmt 1              @ ../Core/Src/system_stm32h7xx.c:409:22
	ldr	r0, [r0]
	.loc	2 409 31 is_stmt 0              @ ../Core/Src/system_stm32h7xx.c:409:31
	uxth	r1, r0
	movs	r0, #1
	.loc	2 409 55                        @ ../Core/Src/system_stm32h7xx.c:409:55
	add.w	r0, r0, r1, lsr #9
	.loc	2 409 12                        @ ../Core/Src/system_stm32h7xx.c:409:12
	str	r0, [sp, #40]
	.loc	2 410 50 is_stmt 1              @ ../Core/Src/system_stm32h7xx.c:410:50
	vldr	s0, [sp, #8]
	.loc	2 410 57 is_stmt 0              @ ../Core/Src/system_stm32h7xx.c:410:57
	vldr	s2, [sp, #40]
	vcvt.f32.u32	s2, s2
	.loc	2 410 56                        @ ../Core/Src/system_stm32h7xx.c:410:56
	vdiv.f32	s0, s0, s2
	.loc	2 410 27                        @ ../Core/Src/system_stm32h7xx.c:410:27
	vcvt.u32.f32	s0, s0
	vstr	s0, [sp, #16]
	.loc	2 411 5 is_stmt 1               @ ../Core/Src/system_stm32h7xx.c:411:5
	b	.LBB1_16
.Ltmp21:
.LBB1_15:
	.loc	2 0 5 is_stmt 0                 @ ../Core/Src/system_stm32h7xx.c:0:5
	movs	r0, #0
.Ltmp22:
	.loc	2 414 27 is_stmt 1              @ ../Core/Src/system_stm32h7xx.c:414:27
	str	r0, [sp, #16]
	b	.LBB1_16
.Ltmp23:
.LBB1_16:
	.loc	2 416 5                         @ ../Core/Src/system_stm32h7xx.c:416:5
	b	.LBB1_18
.LBB1_17:
	.loc	2 0 5 is_stmt 0                 @ ../Core/Src/system_stm32h7xx.c:0:5
	movw	r0, #17408
	movt	r0, #22530
	.loc	2 419 59 is_stmt 1              @ ../Core/Src/system_stm32h7xx.c:419:59
	ldr	r0, [r0]
	.loc	2 419 78 is_stmt 0              @ ../Core/Src/system_stm32h7xx.c:419:78
	ubfx	r1, r0, #3, #2
	movw	r0, #36864
	movt	r0, #976
	.loc	2 419 49                        @ ../Core/Src/system_stm32h7xx.c:419:49
	lsrs	r0, r1
	.loc	2 419 25                        @ ../Core/Src/system_stm32h7xx.c:419:25
	str	r0, [sp, #16]
	.loc	2 420 5 is_stmt 1               @ ../Core/Src/system_stm32h7xx.c:420:5
	b	.LBB1_18
.Ltmp24:
.LBB1_18:
	.loc	2 0 5 is_stmt 0                 @ ../Core/Src/system_stm32h7xx.c:0:5
	movw	r2, #17432
	movt	r2, #22530
	.loc	2 425 32 is_stmt 1              @ ../Core/Src/system_stm32h7xx.c:425:32
	ldr	r0, [r2]
	.loc	2 425 59 is_stmt 0              @ ../Core/Src/system_stm32h7xx.c:425:59
	ubfx	r0, r0, #8, #4
	.loc	2 425 9                         @ ../Core/Src/system_stm32h7xx.c:425:9
	movw	r1, :lower16:D1CorePrescTable
	movt	r1, :upper16:D1CorePrescTable
	ldrb	r0, [r1, r0]
	.loc	2 425 7                         @ ../Core/Src/system_stm32h7xx.c:425:7
	str	r0, [sp, #20]
	.loc	2 428 27 is_stmt 1              @ ../Core/Src/system_stm32h7xx.c:428:27
	ldr	r3, [sp, #20]
	.loc	2 428 23 is_stmt 0              @ ../Core/Src/system_stm32h7xx.c:428:23
	ldr	r0, [sp, #16]
	lsrs	r0, r3
	str	r0, [sp, #16]
	.loc	2 431 20 is_stmt 1              @ ../Core/Src/system_stm32h7xx.c:431:20
	ldr	r0, [sp, #16]
	.loc	2 431 68 is_stmt 0              @ ../Core/Src/system_stm32h7xx.c:431:68
	ldr	r2, [r2]
	.loc	2 431 75                        @ ../Core/Src/system_stm32h7xx.c:431:75
	and	r2, r2, #15
	.loc	2 431 44                        @ ../Core/Src/system_stm32h7xx.c:431:44
	ldrb	r1, [r1, r2]
	.loc	2 431 118                       @ ../Core/Src/system_stm32h7xx.c:431:118
	and	r1, r1, #31
	.loc	2 431 40                        @ ../Core/Src/system_stm32h7xx.c:431:40
	lsrs	r0, r1
	.loc	2 431 17                        @ ../Core/Src/system_stm32h7xx.c:431:17
	movw	r1, :lower16:SystemD2Clock
	movt	r1, :upper16:SystemD2Clock
	str	r0, [r1]
	.loc	2 447 21 is_stmt 1              @ ../Core/Src/system_stm32h7xx.c:447:21
	ldr	r0, [sp, #16]
	.loc	2 447 19 is_stmt 0              @ ../Core/Src/system_stm32h7xx.c:447:19
	movw	r1, :lower16:SystemCoreClock
	movt	r1, :upper16:SystemCoreClock
	str	r0, [r1]
	.loc	2 449 1 epilogue_begin is_stmt 1 @ ../Core/Src/system_stm32h7xx.c:449:1
	add	sp, #44
	bx	lr
.Ltmp25:
	.loc	2 0 1 is_stmt 0                 @ :0:1
.Ltmp26:
	.p2align	2
@ %bb.19:
.LCPI1_0:
	.long	0x4bb71b00                      @ float 2.4E+7
.LCPI1_1:
	.long	0x39000000                      @ float 1.22070313E-4
.LCPI1_2:
	.long	0x4a742400                      @ float 4.0E+6
.Lfunc_end1:
	.size	SystemCoreClockUpdate, .Lfunc_end1-SystemCoreClockUpdate
	.cfi_endproc
	.cantunwind
	.fnend
                                        @ -- End function
	.section	.text.ExitRun0Mode,"ax",%progbits
	.hidden	ExitRun0Mode                    @ -- Begin function ExitRun0Mode
	.globl	ExitRun0Mode
	.p2align	3
	.type	ExitRun0Mode,%function
	.code	16                              @ @ExitRun0Mode
	.thumb_func
ExitRun0Mode:
.Lfunc_begin2:
	.loc	2 475 0 is_stmt 1               @ ../Core/Src/system_stm32h7xx.c:475:0
	.fnstart
	.cfi_startproc
@ %bb.0:
	movw	r1, #18444
	movt	r1, #22530
.Ltmp27:
	.loc	2 482 14 prologue_end           @ ../Core/Src/system_stm32h7xx.c:482:14
	ldr	r0, [r1]
	orr	r0, r0, #2
	str	r0, [r1]
	.loc	2 485 3                         @ ../Core/Src/system_stm32h7xx.c:485:3
	b	.LBB2_1
.LBB2_1:                                @ =>This Inner Loop Header: Depth=1
	.loc	2 0 3 is_stmt 0                 @ ../Core/Src/system_stm32h7xx.c:0:3
	movw	r0, #18436
	movt	r0, #22530
	.loc	2 485 16                        @ ../Core/Src/system_stm32h7xx.c:485:16
	ldr	r0, [r0]
	.loc	2 485 3                         @ ../Core/Src/system_stm32h7xx.c:485:3
	lsls	r0, r0, #18
	cmp	r0, #0
	bmi	.LBB2_3
	b	.LBB2_2
.LBB2_2:                                @   in Loop: Header=BB2_1 Depth=1
	b	.LBB2_1
.LBB2_3:
	.loc	2 542 1 is_stmt 1               @ ../Core/Src/system_stm32h7xx.c:542:1
	bx	lr
.Ltmp28:
.Lfunc_end2:
	.size	ExitRun0Mode, .Lfunc_end2-ExitRun0Mode
	.cfi_endproc
	.cantunwind
	.fnend
                                        @ -- End function
	.hidden	SystemCoreClock                 @ @SystemCoreClock
	.type	SystemCoreClock,%object
	.section	.data.SystemCoreClock,"aw",%progbits
	.globl	SystemCoreClock
	.p2align	2, 0x0
SystemCoreClock:
	.long	64000000                        @ 0x3d09000
	.size	SystemCoreClock, 4

	.hidden	SystemD2Clock                   @ @SystemD2Clock
	.type	SystemD2Clock,%object
	.section	.data.SystemD2Clock,"aw",%progbits
	.globl	SystemD2Clock
	.p2align	2, 0x0
SystemD2Clock:
	.long	64000000                        @ 0x3d09000
	.size	SystemD2Clock, 4

	.hidden	D1CorePrescTable                @ @D1CorePrescTable
	.type	D1CorePrescTable,%object
	.section	.rodata.D1CorePrescTable,"a",%progbits
	.globl	D1CorePrescTable
D1CorePrescTable:
	.ascii	"\000\000\000\000\001\002\003\004\001\002\003\004\006\007\b\t"
	.size	D1CorePrescTable, 16

	.section	.debug_abbrev,"",%progbits
	.byte	1                               @ Abbreviation Code
	.byte	17                              @ DW_TAG_compile_unit
	.byte	1                               @ DW_CHILDREN_yes
	.byte	37                              @ DW_AT_producer
	.byte	14                              @ DW_FORM_strp
	.byte	19                              @ DW_AT_language
	.byte	5                               @ DW_FORM_data2
	.byte	3                               @ DW_AT_name
	.byte	14                              @ DW_FORM_strp
	.byte	16                              @ DW_AT_stmt_list
	.byte	23                              @ DW_FORM_sec_offset
	.byte	27                              @ DW_AT_comp_dir
	.byte	14                              @ DW_FORM_strp
	.byte	17                              @ DW_AT_low_pc
	.byte	1                               @ DW_FORM_addr
	.byte	85                              @ DW_AT_ranges
	.byte	23                              @ DW_FORM_sec_offset
	.byte	0                               @ EOM(1)
	.byte	0                               @ EOM(2)
	.byte	2                               @ Abbreviation Code
	.byte	52                              @ DW_TAG_variable
	.byte	0                               @ DW_CHILDREN_no
	.byte	3                               @ DW_AT_name
	.byte	14                              @ DW_FORM_strp
	.byte	73                              @ DW_AT_type
	.byte	19                              @ DW_FORM_ref4
	.byte	63                              @ DW_AT_external
	.byte	25                              @ DW_FORM_flag_present
	.byte	58                              @ DW_AT_decl_file
	.byte	11                              @ DW_FORM_data1
	.byte	59                              @ DW_AT_decl_line
	.byte	11                              @ DW_FORM_data1
	.byte	2                               @ DW_AT_location
	.byte	24                              @ DW_FORM_exprloc
	.byte	0                               @ EOM(1)
	.byte	0                               @ EOM(2)
	.byte	3                               @ Abbreviation Code
	.byte	22                              @ DW_TAG_typedef
	.byte	0                               @ DW_CHILDREN_no
	.byte	73                              @ DW_AT_type
	.byte	19                              @ DW_FORM_ref4
	.byte	3                               @ DW_AT_name
	.byte	14                              @ DW_FORM_strp
	.byte	58                              @ DW_AT_decl_file
	.byte	11                              @ DW_FORM_data1
	.byte	59                              @ DW_AT_decl_line
	.byte	11                              @ DW_FORM_data1
	.byte	0                               @ EOM(1)
	.byte	0                               @ EOM(2)
	.byte	4                               @ Abbreviation Code
	.byte	36                              @ DW_TAG_base_type
	.byte	0                               @ DW_CHILDREN_no
	.byte	3                               @ DW_AT_name
	.byte	14                              @ DW_FORM_strp
	.byte	62                              @ DW_AT_encoding
	.byte	11                              @ DW_FORM_data1
	.byte	11                              @ DW_AT_byte_size
	.byte	11                              @ DW_FORM_data1
	.byte	0                               @ EOM(1)
	.byte	0                               @ EOM(2)
	.byte	5                               @ Abbreviation Code
	.byte	1                               @ DW_TAG_array_type
	.byte	1                               @ DW_CHILDREN_yes
	.byte	73                              @ DW_AT_type
	.byte	19                              @ DW_FORM_ref4
	.byte	0                               @ EOM(1)
	.byte	0                               @ EOM(2)
	.byte	6                               @ Abbreviation Code
	.byte	33                              @ DW_TAG_subrange_type
	.byte	0                               @ DW_CHILDREN_no
	.byte	73                              @ DW_AT_type
	.byte	19                              @ DW_FORM_ref4
	.byte	55                              @ DW_AT_count
	.byte	11                              @ DW_FORM_data1
	.byte	0                               @ EOM(1)
	.byte	0                               @ EOM(2)
	.byte	7                               @ Abbreviation Code
	.byte	38                              @ DW_TAG_const_type
	.byte	0                               @ DW_CHILDREN_no
	.byte	73                              @ DW_AT_type
	.byte	19                              @ DW_FORM_ref4
	.byte	0                               @ EOM(1)
	.byte	0                               @ EOM(2)
	.byte	8                               @ Abbreviation Code
	.byte	36                              @ DW_TAG_base_type
	.byte	0                               @ DW_CHILDREN_no
	.byte	3                               @ DW_AT_name
	.byte	14                              @ DW_FORM_strp
	.byte	11                              @ DW_AT_byte_size
	.byte	11                              @ DW_FORM_data1
	.byte	62                              @ DW_AT_encoding
	.byte	11                              @ DW_FORM_data1
	.byte	0                               @ EOM(1)
	.byte	0                               @ EOM(2)
	.byte	9                               @ Abbreviation Code
	.byte	15                              @ DW_TAG_pointer_type
	.byte	0                               @ DW_CHILDREN_no
	.byte	73                              @ DW_AT_type
	.byte	19                              @ DW_FORM_ref4
	.byte	0                               @ EOM(1)
	.byte	0                               @ EOM(2)
	.byte	10                              @ Abbreviation Code
	.byte	22                              @ DW_TAG_typedef
	.byte	0                               @ DW_CHILDREN_no
	.byte	73                              @ DW_AT_type
	.byte	19                              @ DW_FORM_ref4
	.byte	3                               @ DW_AT_name
	.byte	14                              @ DW_FORM_strp
	.byte	58                              @ DW_AT_decl_file
	.byte	11                              @ DW_FORM_data1
	.byte	59                              @ DW_AT_decl_line
	.byte	5                               @ DW_FORM_data2
	.byte	0                               @ EOM(1)
	.byte	0                               @ EOM(2)
	.byte	11                              @ Abbreviation Code
	.byte	19                              @ DW_TAG_structure_type
	.byte	1                               @ DW_CHILDREN_yes
	.byte	11                              @ DW_AT_byte_size
	.byte	5                               @ DW_FORM_data2
	.byte	58                              @ DW_AT_decl_file
	.byte	11                              @ DW_FORM_data1
	.byte	59                              @ DW_AT_decl_line
	.byte	5                               @ DW_FORM_data2
	.byte	0                               @ EOM(1)
	.byte	0                               @ EOM(2)
	.byte	12                              @ Abbreviation Code
	.byte	13                              @ DW_TAG_member
	.byte	0                               @ DW_CHILDREN_no
	.byte	3                               @ DW_AT_name
	.byte	14                              @ DW_FORM_strp
	.byte	73                              @ DW_AT_type
	.byte	19                              @ DW_FORM_ref4
	.byte	58                              @ DW_AT_decl_file
	.byte	11                              @ DW_FORM_data1
	.byte	59                              @ DW_AT_decl_line
	.byte	5                               @ DW_FORM_data2
	.byte	56                              @ DW_AT_data_member_location
	.byte	11                              @ DW_FORM_data1
	.byte	0                               @ EOM(1)
	.byte	0                               @ EOM(2)
	.byte	13                              @ Abbreviation Code
	.byte	13                              @ DW_TAG_member
	.byte	0                               @ DW_CHILDREN_no
	.byte	3                               @ DW_AT_name
	.byte	14                              @ DW_FORM_strp
	.byte	73                              @ DW_AT_type
	.byte	19                              @ DW_FORM_ref4
	.byte	58                              @ DW_AT_decl_file
	.byte	11                              @ DW_FORM_data1
	.byte	59                              @ DW_AT_decl_line
	.byte	5                               @ DW_FORM_data2
	.byte	56                              @ DW_AT_data_member_location
	.byte	5                               @ DW_FORM_data2
	.byte	0                               @ EOM(1)
	.byte	0                               @ EOM(2)
	.byte	14                              @ Abbreviation Code
	.byte	53                              @ DW_TAG_volatile_type
	.byte	0                               @ DW_CHILDREN_no
	.byte	73                              @ DW_AT_type
	.byte	19                              @ DW_FORM_ref4
	.byte	0                               @ EOM(1)
	.byte	0                               @ EOM(2)
	.byte	15                              @ Abbreviation Code
	.byte	19                              @ DW_TAG_structure_type
	.byte	1                               @ DW_CHILDREN_yes
	.byte	11                              @ DW_AT_byte_size
	.byte	11                              @ DW_FORM_data1
	.byte	58                              @ DW_AT_decl_file
	.byte	11                              @ DW_FORM_data1
	.byte	59                              @ DW_AT_decl_line
	.byte	5                               @ DW_FORM_data2
	.byte	0                               @ EOM(1)
	.byte	0                               @ EOM(2)
	.byte	16                              @ Abbreviation Code
	.byte	46                              @ DW_TAG_subprogram
	.byte	0                               @ DW_CHILDREN_no
	.byte	17                              @ DW_AT_low_pc
	.byte	1                               @ DW_FORM_addr
	.byte	18                              @ DW_AT_high_pc
	.byte	6                               @ DW_FORM_data4
	.byte	64                              @ DW_AT_frame_base
	.byte	24                              @ DW_FORM_exprloc
	.byte	3                               @ DW_AT_name
	.byte	14                              @ DW_FORM_strp
	.byte	58                              @ DW_AT_decl_file
	.byte	11                              @ DW_FORM_data1
	.byte	59                              @ DW_AT_decl_line
	.byte	11                              @ DW_FORM_data1
	.byte	39                              @ DW_AT_prototyped
	.byte	25                              @ DW_FORM_flag_present
	.byte	63                              @ DW_AT_external
	.byte	25                              @ DW_FORM_flag_present
	.byte	0                               @ EOM(1)
	.byte	0                               @ EOM(2)
	.byte	17                              @ Abbreviation Code
	.byte	46                              @ DW_TAG_subprogram
	.byte	1                               @ DW_CHILDREN_yes
	.byte	17                              @ DW_AT_low_pc
	.byte	1                               @ DW_FORM_addr
	.byte	18                              @ DW_AT_high_pc
	.byte	6                               @ DW_FORM_data4
	.byte	64                              @ DW_AT_frame_base
	.byte	24                              @ DW_FORM_exprloc
	.byte	3                               @ DW_AT_name
	.byte	14                              @ DW_FORM_strp
	.byte	58                              @ DW_AT_decl_file
	.byte	11                              @ DW_FORM_data1
	.byte	59                              @ DW_AT_decl_line
	.byte	5                               @ DW_FORM_data2
	.byte	39                              @ DW_AT_prototyped
	.byte	25                              @ DW_FORM_flag_present
	.byte	63                              @ DW_AT_external
	.byte	25                              @ DW_FORM_flag_present
	.byte	0                               @ EOM(1)
	.byte	0                               @ EOM(2)
	.byte	18                              @ Abbreviation Code
	.byte	52                              @ DW_TAG_variable
	.byte	0                               @ DW_CHILDREN_no
	.byte	2                               @ DW_AT_location
	.byte	24                              @ DW_FORM_exprloc
	.byte	3                               @ DW_AT_name
	.byte	14                              @ DW_FORM_strp
	.byte	58                              @ DW_AT_decl_file
	.byte	11                              @ DW_FORM_data1
	.byte	59                              @ DW_AT_decl_line
	.byte	5                               @ DW_FORM_data2
	.byte	73                              @ DW_AT_type
	.byte	19                              @ DW_FORM_ref4
	.byte	0                               @ EOM(1)
	.byte	0                               @ EOM(2)
	.byte	19                              @ Abbreviation Code
	.byte	46                              @ DW_TAG_subprogram
	.byte	0                               @ DW_CHILDREN_no
	.byte	17                              @ DW_AT_low_pc
	.byte	1                               @ DW_FORM_addr
	.byte	18                              @ DW_AT_high_pc
	.byte	6                               @ DW_FORM_data4
	.byte	64                              @ DW_AT_frame_base
	.byte	24                              @ DW_FORM_exprloc
	.byte	3                               @ DW_AT_name
	.byte	14                              @ DW_FORM_strp
	.byte	58                              @ DW_AT_decl_file
	.byte	11                              @ DW_FORM_data1
	.byte	59                              @ DW_AT_decl_line
	.byte	5                               @ DW_FORM_data2
	.byte	39                              @ DW_AT_prototyped
	.byte	25                              @ DW_FORM_flag_present
	.byte	63                              @ DW_AT_external
	.byte	25                              @ DW_FORM_flag_present
	.byte	0                               @ EOM(1)
	.byte	0                               @ EOM(2)
	.byte	0                               @ EOM(3)
	.section	.debug_info,"",%progbits
.Lcu_begin0:
	.long	.Ldebug_info_end0-.Ldebug_info_start0 @ Length of Unit
.Ldebug_info_start0:
	.short	4                               @ DWARF version number
	.long	.debug_abbrev                   @ Offset Into Abbrev. Section
	.byte	4                               @ Address Size (in bytes)
	.byte	1                               @ Abbrev [1] 0xb:0xa7c DW_TAG_compile_unit
	.long	.Linfo_string0                  @ DW_AT_producer
	.short	12                              @ DW_AT_language
	.long	.Linfo_string1                  @ DW_AT_name
	.long	.Lline_table_start0             @ DW_AT_stmt_list
	.long	.Linfo_string2                  @ DW_AT_comp_dir
	.long	0                               @ DW_AT_low_pc
	.long	.Ldebug_ranges0                 @ DW_AT_ranges
	.byte	2                               @ Abbrev [2] 0x26:0x11 DW_TAG_variable
	.long	.Linfo_string3                  @ DW_AT_name
	.long	55                              @ DW_AT_type
                                        @ DW_AT_external
	.byte	2                               @ DW_AT_decl_file
	.byte	151                             @ DW_AT_decl_line
	.byte	5                               @ DW_AT_location
	.byte	3
	.long	SystemCoreClock
	.byte	3                               @ Abbrev [3] 0x37:0xb DW_TAG_typedef
	.long	66                              @ DW_AT_type
	.long	.Linfo_string5                  @ DW_AT_name
	.byte	1                               @ DW_AT_decl_file
	.byte	64                              @ DW_AT_decl_line
	.byte	4                               @ Abbrev [4] 0x42:0x7 DW_TAG_base_type
	.long	.Linfo_string4                  @ DW_AT_name
	.byte	7                               @ DW_AT_encoding
	.byte	4                               @ DW_AT_byte_size
	.byte	2                               @ Abbrev [2] 0x49:0x11 DW_TAG_variable
	.long	.Linfo_string6                  @ DW_AT_name
	.long	55                              @ DW_AT_type
                                        @ DW_AT_external
	.byte	2                               @ DW_AT_decl_file
	.byte	152                             @ DW_AT_decl_line
	.byte	5                               @ DW_AT_location
	.byte	3
	.long	SystemD2Clock
	.byte	2                               @ Abbrev [2] 0x5a:0x11 DW_TAG_variable
	.long	.Linfo_string7                  @ DW_AT_name
	.long	107                             @ DW_AT_type
                                        @ DW_AT_external
	.byte	2                               @ DW_AT_decl_file
	.byte	153                             @ DW_AT_decl_line
	.byte	5                               @ DW_AT_location
	.byte	3
	.long	D1CorePrescTable
	.byte	5                               @ Abbrev [5] 0x6b:0xc DW_TAG_array_type
	.long	119                             @ DW_AT_type
	.byte	6                               @ Abbrev [6] 0x70:0x6 DW_TAG_subrange_type
	.long	142                             @ DW_AT_type
	.byte	16                              @ DW_AT_count
	.byte	0                               @ End Of Children Mark
	.byte	7                               @ Abbrev [7] 0x77:0x5 DW_TAG_const_type
	.long	124                             @ DW_AT_type
	.byte	3                               @ Abbrev [3] 0x7c:0xb DW_TAG_typedef
	.long	135                             @ DW_AT_type
	.long	.Linfo_string9                  @ DW_AT_name
	.byte	1                               @ DW_AT_decl_file
	.byte	62                              @ DW_AT_decl_line
	.byte	4                               @ Abbrev [4] 0x87:0x7 DW_TAG_base_type
	.long	.Linfo_string8                  @ DW_AT_name
	.byte	8                               @ DW_AT_encoding
	.byte	1                               @ DW_AT_byte_size
	.byte	8                               @ Abbrev [8] 0x8e:0x7 DW_TAG_base_type
	.long	.Linfo_string10                 @ DW_AT_name
	.byte	8                               @ DW_AT_byte_size
	.byte	7                               @ DW_AT_encoding
	.byte	9                               @ Abbrev [9] 0x95:0x5 DW_TAG_pointer_type
	.long	154                             @ DW_AT_type
	.byte	10                              @ Abbrev [10] 0x9a:0xc DW_TAG_typedef
	.long	166                             @ DW_AT_type
	.long	.Linfo_string62                 @ DW_AT_name
	.byte	3                               @ DW_AT_decl_file
	.short	513                             @ DW_AT_decl_line
	.byte	11                              @ Abbrev [11] 0xa6:0x2b7 DW_TAG_structure_type
	.short	684                             @ DW_AT_byte_size
	.byte	3                               @ DW_AT_decl_file
	.short	460                             @ DW_AT_decl_line
	.byte	12                              @ Abbrev [12] 0xac:0xd DW_TAG_member
	.long	.Linfo_string11                 @ DW_AT_name
	.long	861                             @ DW_AT_type
	.byte	3                               @ DW_AT_decl_file
	.short	462                             @ DW_AT_decl_line
	.byte	0                               @ DW_AT_data_member_location
	.byte	12                              @ Abbrev [12] 0xb9:0xd DW_TAG_member
	.long	.Linfo_string12                 @ DW_AT_name
	.long	866                             @ DW_AT_type
	.byte	3                               @ DW_AT_decl_file
	.short	463                             @ DW_AT_decl_line
	.byte	4                               @ DW_AT_data_member_location
	.byte	12                              @ Abbrev [12] 0xc6:0xd DW_TAG_member
	.long	.Linfo_string13                 @ DW_AT_name
	.long	866                             @ DW_AT_type
	.byte	3                               @ DW_AT_decl_file
	.short	464                             @ DW_AT_decl_line
	.byte	8                               @ DW_AT_data_member_location
	.byte	12                              @ Abbrev [12] 0xd3:0xd DW_TAG_member
	.long	.Linfo_string14                 @ DW_AT_name
	.long	866                             @ DW_AT_type
	.byte	3                               @ DW_AT_decl_file
	.short	465                             @ DW_AT_decl_line
	.byte	12                              @ DW_AT_data_member_location
	.byte	12                              @ Abbrev [12] 0xe0:0xd DW_TAG_member
	.long	.Linfo_string15                 @ DW_AT_name
	.long	866                             @ DW_AT_type
	.byte	3                               @ DW_AT_decl_file
	.short	466                             @ DW_AT_decl_line
	.byte	16                              @ DW_AT_data_member_location
	.byte	12                              @ Abbrev [12] 0xed:0xd DW_TAG_member
	.long	.Linfo_string16                 @ DW_AT_name
	.long	866                             @ DW_AT_type
	.byte	3                               @ DW_AT_decl_file
	.short	467                             @ DW_AT_decl_line
	.byte	20                              @ DW_AT_data_member_location
	.byte	12                              @ Abbrev [12] 0xfa:0xd DW_TAG_member
	.long	.Linfo_string17                 @ DW_AT_name
	.long	871                             @ DW_AT_type
	.byte	3                               @ DW_AT_decl_file
	.short	468                             @ DW_AT_decl_line
	.byte	24                              @ DW_AT_data_member_location
	.byte	12                              @ Abbrev [12] 0x107:0xd DW_TAG_member
	.long	.Linfo_string18                 @ DW_AT_name
	.long	866                             @ DW_AT_type
	.byte	3                               @ DW_AT_decl_file
	.short	469                             @ DW_AT_decl_line
	.byte	36                              @ DW_AT_data_member_location
	.byte	12                              @ Abbrev [12] 0x114:0xd DW_TAG_member
	.long	.Linfo_string19                 @ DW_AT_name
	.long	866                             @ DW_AT_type
	.byte	3                               @ DW_AT_decl_file
	.short	470                             @ DW_AT_decl_line
	.byte	40                              @ DW_AT_data_member_location
	.byte	12                              @ Abbrev [12] 0x121:0xd DW_TAG_member
	.long	.Linfo_string20                 @ DW_AT_name
	.long	866                             @ DW_AT_type
	.byte	3                               @ DW_AT_decl_file
	.short	471                             @ DW_AT_decl_line
	.byte	44                              @ DW_AT_data_member_location
	.byte	12                              @ Abbrev [12] 0x12e:0xd DW_TAG_member
	.long	.Linfo_string21                 @ DW_AT_name
	.long	866                             @ DW_AT_type
	.byte	3                               @ DW_AT_decl_file
	.short	472                             @ DW_AT_decl_line
	.byte	48                              @ DW_AT_data_member_location
	.byte	12                              @ Abbrev [12] 0x13b:0xd DW_TAG_member
	.long	.Linfo_string22                 @ DW_AT_name
	.long	866                             @ DW_AT_type
	.byte	3                               @ DW_AT_decl_file
	.short	473                             @ DW_AT_decl_line
	.byte	52                              @ DW_AT_data_member_location
	.byte	12                              @ Abbrev [12] 0x148:0xd DW_TAG_member
	.long	.Linfo_string23                 @ DW_AT_name
	.long	866                             @ DW_AT_type
	.byte	3                               @ DW_AT_decl_file
	.short	474                             @ DW_AT_decl_line
	.byte	56                              @ DW_AT_data_member_location
	.byte	12                              @ Abbrev [12] 0x155:0xd DW_TAG_member
	.long	.Linfo_string24                 @ DW_AT_name
	.long	866                             @ DW_AT_type
	.byte	3                               @ DW_AT_decl_file
	.short	475                             @ DW_AT_decl_line
	.byte	60                              @ DW_AT_data_member_location
	.byte	12                              @ Abbrev [12] 0x162:0xd DW_TAG_member
	.long	.Linfo_string25                 @ DW_AT_name
	.long	888                             @ DW_AT_type
	.byte	3                               @ DW_AT_decl_file
	.short	476                             @ DW_AT_decl_line
	.byte	64                              @ DW_AT_data_member_location
	.byte	12                              @ Abbrev [12] 0x16f:0xd DW_TAG_member
	.long	.Linfo_string26                 @ DW_AT_name
	.long	861                             @ DW_AT_type
	.byte	3                               @ DW_AT_decl_file
	.short	477                             @ DW_AT_decl_line
	.byte	72                              @ DW_AT_data_member_location
	.byte	12                              @ Abbrev [12] 0x17c:0xd DW_TAG_member
	.long	.Linfo_string27                 @ DW_AT_name
	.long	861                             @ DW_AT_type
	.byte	3                               @ DW_AT_decl_file
	.short	478                             @ DW_AT_decl_line
	.byte	76                              @ DW_AT_data_member_location
	.byte	12                              @ Abbrev [12] 0x189:0xd DW_TAG_member
	.long	.Linfo_string28                 @ DW_AT_name
	.long	900                             @ DW_AT_type
	.byte	3                               @ DW_AT_decl_file
	.short	479                             @ DW_AT_decl_line
	.byte	80                              @ DW_AT_data_member_location
	.byte	12                              @ Abbrev [12] 0x196:0xd DW_TAG_member
	.long	.Linfo_string29                 @ DW_AT_name
	.long	912                             @ DW_AT_type
	.byte	3                               @ DW_AT_decl_file
	.short	480                             @ DW_AT_decl_line
	.byte	96                              @ DW_AT_data_member_location
	.byte	12                              @ Abbrev [12] 0x1a3:0xd DW_TAG_member
	.long	.Linfo_string30                 @ DW_AT_name
	.long	924                             @ DW_AT_type
	.byte	3                               @ DW_AT_decl_file
	.short	481                             @ DW_AT_decl_line
	.byte	116                             @ DW_AT_data_member_location
	.byte	12                              @ Abbrev [12] 0x1b0:0xd DW_TAG_member
	.long	.Linfo_string31                 @ DW_AT_name
	.long	861                             @ DW_AT_type
	.byte	3                               @ DW_AT_decl_file
	.short	482                             @ DW_AT_decl_line
	.byte	120                             @ DW_AT_data_member_location
	.byte	12                              @ Abbrev [12] 0x1bd:0xd DW_TAG_member
	.long	.Linfo_string32                 @ DW_AT_name
	.long	861                             @ DW_AT_type
	.byte	3                               @ DW_AT_decl_file
	.short	483                             @ DW_AT_decl_line
	.byte	124                             @ DW_AT_data_member_location
	.byte	12                              @ Abbrev [12] 0x1ca:0xd DW_TAG_member
	.long	.Linfo_string33                 @ DW_AT_name
	.long	861                             @ DW_AT_type
	.byte	3                               @ DW_AT_decl_file
	.short	484                             @ DW_AT_decl_line
	.byte	128                             @ DW_AT_data_member_location
	.byte	12                              @ Abbrev [12] 0x1d7:0xd DW_TAG_member
	.long	.Linfo_string34                 @ DW_AT_name
	.long	866                             @ DW_AT_type
	.byte	3                               @ DW_AT_decl_file
	.short	485                             @ DW_AT_decl_line
	.byte	132                             @ DW_AT_data_member_location
	.byte	12                              @ Abbrev [12] 0x1e4:0xd DW_TAG_member
	.long	.Linfo_string35                 @ DW_AT_name
	.long	866                             @ DW_AT_type
	.byte	3                               @ DW_AT_decl_file
	.short	486                             @ DW_AT_decl_line
	.byte	136                             @ DW_AT_data_member_location
	.byte	12                              @ Abbrev [12] 0x1f1:0xd DW_TAG_member
	.long	.Linfo_string36                 @ DW_AT_name
	.long	936                             @ DW_AT_type
	.byte	3                               @ DW_AT_decl_file
	.short	487                             @ DW_AT_decl_line
	.byte	140                             @ DW_AT_data_member_location
	.byte	13                              @ Abbrev [13] 0x1fe:0xe DW_TAG_member
	.long	.Linfo_string37                 @ DW_AT_name
	.long	866                             @ DW_AT_type
	.byte	3                               @ DW_AT_decl_file
	.short	488                             @ DW_AT_decl_line
	.short	512                             @ DW_AT_data_member_location
	.byte	13                              @ Abbrev [13] 0x20c:0xe DW_TAG_member
	.long	.Linfo_string38                 @ DW_AT_name
	.long	948                             @ DW_AT_type
	.byte	3                               @ DW_AT_decl_file
	.short	489                             @ DW_AT_decl_line
	.short	516                             @ DW_AT_data_member_location
	.byte	13                              @ Abbrev [13] 0x21a:0xe DW_TAG_member
	.long	.Linfo_string39                 @ DW_AT_name
	.long	861                             @ DW_AT_type
	.byte	3                               @ DW_AT_decl_file
	.short	490                             @ DW_AT_decl_line
	.short	576                             @ DW_AT_data_member_location
	.byte	13                              @ Abbrev [13] 0x228:0xe DW_TAG_member
	.long	.Linfo_string40                 @ DW_AT_name
	.long	861                             @ DW_AT_type
	.byte	3                               @ DW_AT_decl_file
	.short	491                             @ DW_AT_decl_line
	.short	580                             @ DW_AT_data_member_location
	.byte	13                              @ Abbrev [13] 0x236:0xe DW_TAG_member
	.long	.Linfo_string41                 @ DW_AT_name
	.long	861                             @ DW_AT_type
	.byte	3                               @ DW_AT_decl_file
	.short	492                             @ DW_AT_decl_line
	.short	584                             @ DW_AT_data_member_location
	.byte	13                              @ Abbrev [13] 0x244:0xe DW_TAG_member
	.long	.Linfo_string42                 @ DW_AT_name
	.long	924                             @ DW_AT_type
	.byte	3                               @ DW_AT_decl_file
	.short	493                             @ DW_AT_decl_line
	.short	588                             @ DW_AT_data_member_location
	.byte	13                              @ Abbrev [13] 0x252:0xe DW_TAG_member
	.long	.Linfo_string43                 @ DW_AT_name
	.long	866                             @ DW_AT_type
	.byte	3                               @ DW_AT_decl_file
	.short	494                             @ DW_AT_decl_line
	.short	592                             @ DW_AT_data_member_location
	.byte	13                              @ Abbrev [13] 0x260:0xe DW_TAG_member
	.long	.Linfo_string44                 @ DW_AT_name
	.long	924                             @ DW_AT_type
	.byte	3                               @ DW_AT_decl_file
	.short	495                             @ DW_AT_decl_line
	.short	596                             @ DW_AT_data_member_location
	.byte	13                              @ Abbrev [13] 0x26e:0xe DW_TAG_member
	.long	.Linfo_string45                 @ DW_AT_name
	.long	866                             @ DW_AT_type
	.byte	3                               @ DW_AT_decl_file
	.short	496                             @ DW_AT_decl_line
	.short	600                             @ DW_AT_data_member_location
	.byte	13                              @ Abbrev [13] 0x27c:0xe DW_TAG_member
	.long	.Linfo_string46                 @ DW_AT_name
	.long	866                             @ DW_AT_type
	.byte	3                               @ DW_AT_decl_file
	.short	497                             @ DW_AT_decl_line
	.short	604                             @ DW_AT_data_member_location
	.byte	13                              @ Abbrev [13] 0x28a:0xe DW_TAG_member
	.long	.Linfo_string47                 @ DW_AT_name
	.long	866                             @ DW_AT_type
	.byte	3                               @ DW_AT_decl_file
	.short	498                             @ DW_AT_decl_line
	.short	608                             @ DW_AT_data_member_location
	.byte	13                              @ Abbrev [13] 0x298:0xe DW_TAG_member
	.long	.Linfo_string48                 @ DW_AT_name
	.long	866                             @ DW_AT_type
	.byte	3                               @ DW_AT_decl_file
	.short	499                             @ DW_AT_decl_line
	.short	612                             @ DW_AT_data_member_location
	.byte	13                              @ Abbrev [13] 0x2a6:0xe DW_TAG_member
	.long	.Linfo_string49                 @ DW_AT_name
	.long	866                             @ DW_AT_type
	.byte	3                               @ DW_AT_decl_file
	.short	500                             @ DW_AT_decl_line
	.short	616                             @ DW_AT_data_member_location
	.byte	13                              @ Abbrev [13] 0x2b4:0xe DW_TAG_member
	.long	.Linfo_string50                 @ DW_AT_name
	.long	866                             @ DW_AT_type
	.byte	3                               @ DW_AT_decl_file
	.short	501                             @ DW_AT_decl_line
	.short	620                             @ DW_AT_data_member_location
	.byte	13                              @ Abbrev [13] 0x2c2:0xe DW_TAG_member
	.long	.Linfo_string51                 @ DW_AT_name
	.long	866                             @ DW_AT_type
	.byte	3                               @ DW_AT_decl_file
	.short	502                             @ DW_AT_decl_line
	.short	624                             @ DW_AT_data_member_location
	.byte	13                              @ Abbrev [13] 0x2d0:0xe DW_TAG_member
	.long	.Linfo_string52                 @ DW_AT_name
	.long	866                             @ DW_AT_type
	.byte	3                               @ DW_AT_decl_file
	.short	503                             @ DW_AT_decl_line
	.short	628                             @ DW_AT_data_member_location
	.byte	13                              @ Abbrev [13] 0x2de:0xe DW_TAG_member
	.long	.Linfo_string53                 @ DW_AT_name
	.long	866                             @ DW_AT_type
	.byte	3                               @ DW_AT_decl_file
	.short	504                             @ DW_AT_decl_line
	.short	632                             @ DW_AT_data_member_location
	.byte	13                              @ Abbrev [13] 0x2ec:0xe DW_TAG_member
	.long	.Linfo_string54                 @ DW_AT_name
	.long	960                             @ DW_AT_type
	.byte	3                               @ DW_AT_decl_file
	.short	505                             @ DW_AT_decl_line
	.short	636                             @ DW_AT_data_member_location
	.byte	13                              @ Abbrev [13] 0x2fa:0xe DW_TAG_member
	.long	.Linfo_string55                 @ DW_AT_name
	.long	866                             @ DW_AT_type
	.byte	3                               @ DW_AT_decl_file
	.short	506                             @ DW_AT_decl_line
	.short	656                             @ DW_AT_data_member_location
	.byte	13                              @ Abbrev [13] 0x308:0xe DW_TAG_member
	.long	.Linfo_string56                 @ DW_AT_name
	.long	866                             @ DW_AT_type
	.byte	3                               @ DW_AT_decl_file
	.short	507                             @ DW_AT_decl_line
	.short	660                             @ DW_AT_data_member_location
	.byte	13                              @ Abbrev [13] 0x316:0xe DW_TAG_member
	.long	.Linfo_string57                 @ DW_AT_name
	.long	866                             @ DW_AT_type
	.byte	3                               @ DW_AT_decl_file
	.short	508                             @ DW_AT_decl_line
	.short	664                             @ DW_AT_data_member_location
	.byte	13                              @ Abbrev [13] 0x324:0xe DW_TAG_member
	.long	.Linfo_string58                 @ DW_AT_name
	.long	866                             @ DW_AT_type
	.byte	3                               @ DW_AT_decl_file
	.short	509                             @ DW_AT_decl_line
	.short	668                             @ DW_AT_data_member_location
	.byte	13                              @ Abbrev [13] 0x332:0xe DW_TAG_member
	.long	.Linfo_string59                 @ DW_AT_name
	.long	866                             @ DW_AT_type
	.byte	3                               @ DW_AT_decl_file
	.short	510                             @ DW_AT_decl_line
	.short	672                             @ DW_AT_data_member_location
	.byte	13                              @ Abbrev [13] 0x340:0xe DW_TAG_member
	.long	.Linfo_string60                 @ DW_AT_name
	.long	924                             @ DW_AT_type
	.byte	3                               @ DW_AT_decl_file
	.short	511                             @ DW_AT_decl_line
	.short	676                             @ DW_AT_data_member_location
	.byte	13                              @ Abbrev [13] 0x34e:0xe DW_TAG_member
	.long	.Linfo_string61                 @ DW_AT_name
	.long	866                             @ DW_AT_type
	.byte	3                               @ DW_AT_decl_file
	.short	512                             @ DW_AT_decl_line
	.short	680                             @ DW_AT_data_member_location
	.byte	0                               @ End Of Children Mark
	.byte	7                               @ Abbrev [7] 0x35d:0x5 DW_TAG_const_type
	.long	866                             @ DW_AT_type
	.byte	14                              @ Abbrev [14] 0x362:0x5 DW_TAG_volatile_type
	.long	55                              @ DW_AT_type
	.byte	5                               @ Abbrev [5] 0x367:0xc DW_TAG_array_type
	.long	883                             @ DW_AT_type
	.byte	6                               @ Abbrev [6] 0x36c:0x6 DW_TAG_subrange_type
	.long	142                             @ DW_AT_type
	.byte	12                              @ DW_AT_count
	.byte	0                               @ End Of Children Mark
	.byte	14                              @ Abbrev [14] 0x373:0x5 DW_TAG_volatile_type
	.long	124                             @ DW_AT_type
	.byte	5                               @ Abbrev [5] 0x378:0xc DW_TAG_array_type
	.long	861                             @ DW_AT_type
	.byte	6                               @ Abbrev [6] 0x37d:0x6 DW_TAG_subrange_type
	.long	142                             @ DW_AT_type
	.byte	2                               @ DW_AT_count
	.byte	0                               @ End Of Children Mark
	.byte	5                               @ Abbrev [5] 0x384:0xc DW_TAG_array_type
	.long	861                             @ DW_AT_type
	.byte	6                               @ Abbrev [6] 0x389:0x6 DW_TAG_subrange_type
	.long	142                             @ DW_AT_type
	.byte	4                               @ DW_AT_count
	.byte	0                               @ End Of Children Mark
	.byte	5                               @ Abbrev [5] 0x390:0xc DW_TAG_array_type
	.long	861                             @ DW_AT_type
	.byte	6                               @ Abbrev [6] 0x395:0x6 DW_TAG_subrange_type
	.long	142                             @ DW_AT_type
	.byte	5                               @ DW_AT_count
	.byte	0                               @ End Of Children Mark
	.byte	5                               @ Abbrev [5] 0x39c:0xc DW_TAG_array_type
	.long	55                              @ DW_AT_type
	.byte	6                               @ Abbrev [6] 0x3a1:0x6 DW_TAG_subrange_type
	.long	142                             @ DW_AT_type
	.byte	1                               @ DW_AT_count
	.byte	0                               @ End Of Children Mark
	.byte	5                               @ Abbrev [5] 0x3a8:0xc DW_TAG_array_type
	.long	55                              @ DW_AT_type
	.byte	6                               @ Abbrev [6] 0x3ad:0x6 DW_TAG_subrange_type
	.long	142                             @ DW_AT_type
	.byte	93                              @ DW_AT_count
	.byte	0                               @ End Of Children Mark
	.byte	5                               @ Abbrev [5] 0x3b4:0xc DW_TAG_array_type
	.long	55                              @ DW_AT_type
	.byte	6                               @ Abbrev [6] 0x3b9:0x6 DW_TAG_subrange_type
	.long	142                             @ DW_AT_type
	.byte	15                              @ DW_AT_count
	.byte	0                               @ End Of Children Mark
	.byte	5                               @ Abbrev [5] 0x3c0:0xc DW_TAG_array_type
	.long	55                              @ DW_AT_type
	.byte	6                               @ Abbrev [6] 0x3c5:0x6 DW_TAG_subrange_type
	.long	142                             @ DW_AT_type
	.byte	5                               @ DW_AT_count
	.byte	0                               @ End Of Children Mark
	.byte	9                               @ Abbrev [9] 0x3cc:0x5 DW_TAG_pointer_type
	.long	977                             @ DW_AT_type
	.byte	10                              @ Abbrev [10] 0x3d1:0xc DW_TAG_typedef
	.long	989                             @ DW_AT_type
	.long	.Linfo_string89                 @ DW_AT_name
	.byte	4                               @ DW_AT_decl_file
	.short	984                             @ DW_AT_decl_line
	.byte	15                              @ Abbrev [15] 0x3dd:0x165 DW_TAG_structure_type
	.byte	120                             @ DW_AT_byte_size
	.byte	4                               @ DW_AT_decl_file
	.short	955                             @ DW_AT_decl_line
	.byte	12                              @ Abbrev [12] 0x3e2:0xd DW_TAG_member
	.long	.Linfo_string63                 @ DW_AT_name
	.long	866                             @ DW_AT_type
	.byte	4                               @ DW_AT_decl_file
	.short	957                             @ DW_AT_decl_line
	.byte	0                               @ DW_AT_data_member_location
	.byte	12                              @ Abbrev [12] 0x3ef:0xd DW_TAG_member
	.long	.Linfo_string64                 @ DW_AT_name
	.long	866                             @ DW_AT_type
	.byte	4                               @ DW_AT_decl_file
	.short	958                             @ DW_AT_decl_line
	.byte	4                               @ DW_AT_data_member_location
	.byte	12                              @ Abbrev [12] 0x3fc:0xd DW_TAG_member
	.long	.Linfo_string65                 @ DW_AT_name
	.long	866                             @ DW_AT_type
	.byte	4                               @ DW_AT_decl_file
	.short	959                             @ DW_AT_decl_line
	.byte	8                               @ DW_AT_data_member_location
	.byte	12                              @ Abbrev [12] 0x409:0xd DW_TAG_member
	.long	.Linfo_string66                 @ DW_AT_name
	.long	866                             @ DW_AT_type
	.byte	4                               @ DW_AT_decl_file
	.short	960                             @ DW_AT_decl_line
	.byte	12                              @ DW_AT_data_member_location
	.byte	12                              @ Abbrev [12] 0x416:0xd DW_TAG_member
	.long	.Linfo_string67                 @ DW_AT_name
	.long	866                             @ DW_AT_type
	.byte	4                               @ DW_AT_decl_file
	.short	961                             @ DW_AT_decl_line
	.byte	16                              @ DW_AT_data_member_location
	.byte	12                              @ Abbrev [12] 0x423:0xd DW_TAG_member
	.long	.Linfo_string68                 @ DW_AT_name
	.long	866                             @ DW_AT_type
	.byte	4                               @ DW_AT_decl_file
	.short	962                             @ DW_AT_decl_line
	.byte	20                              @ DW_AT_data_member_location
	.byte	12                              @ Abbrev [12] 0x430:0xd DW_TAG_member
	.long	.Linfo_string69                 @ DW_AT_name
	.long	866                             @ DW_AT_type
	.byte	4                               @ DW_AT_decl_file
	.short	963                             @ DW_AT_decl_line
	.byte	24                              @ DW_AT_data_member_location
	.byte	12                              @ Abbrev [12] 0x43d:0xd DW_TAG_member
	.long	.Linfo_string70                 @ DW_AT_name
	.long	866                             @ DW_AT_type
	.byte	4                               @ DW_AT_decl_file
	.short	964                             @ DW_AT_decl_line
	.byte	28                              @ DW_AT_data_member_location
	.byte	12                              @ Abbrev [12] 0x44a:0xd DW_TAG_member
	.long	.Linfo_string71                 @ DW_AT_name
	.long	866                             @ DW_AT_type
	.byte	4                               @ DW_AT_decl_file
	.short	965                             @ DW_AT_decl_line
	.byte	32                              @ DW_AT_data_member_location
	.byte	12                              @ Abbrev [12] 0x457:0xd DW_TAG_member
	.long	.Linfo_string72                 @ DW_AT_name
	.long	866                             @ DW_AT_type
	.byte	4                               @ DW_AT_decl_file
	.short	966                             @ DW_AT_decl_line
	.byte	36                              @ DW_AT_data_member_location
	.byte	12                              @ Abbrev [12] 0x464:0xd DW_TAG_member
	.long	.Linfo_string73                 @ DW_AT_name
	.long	866                             @ DW_AT_type
	.byte	4                               @ DW_AT_decl_file
	.short	967                             @ DW_AT_decl_line
	.byte	40                              @ DW_AT_data_member_location
	.byte	12                              @ Abbrev [12] 0x471:0xd DW_TAG_member
	.long	.Linfo_string74                 @ DW_AT_name
	.long	866                             @ DW_AT_type
	.byte	4                               @ DW_AT_decl_file
	.short	968                             @ DW_AT_decl_line
	.byte	44                              @ DW_AT_data_member_location
	.byte	12                              @ Abbrev [12] 0x47e:0xd DW_TAG_member
	.long	.Linfo_string75                 @ DW_AT_name
	.long	866                             @ DW_AT_type
	.byte	4                               @ DW_AT_decl_file
	.short	969                             @ DW_AT_decl_line
	.byte	48                              @ DW_AT_data_member_location
	.byte	12                              @ Abbrev [12] 0x48b:0xd DW_TAG_member
	.long	.Linfo_string76                 @ DW_AT_name
	.long	866                             @ DW_AT_type
	.byte	4                               @ DW_AT_decl_file
	.short	970                             @ DW_AT_decl_line
	.byte	52                              @ DW_AT_data_member_location
	.byte	12                              @ Abbrev [12] 0x498:0xd DW_TAG_member
	.long	.Linfo_string77                 @ DW_AT_name
	.long	866                             @ DW_AT_type
	.byte	4                               @ DW_AT_decl_file
	.short	971                             @ DW_AT_decl_line
	.byte	56                              @ DW_AT_data_member_location
	.byte	12                              @ Abbrev [12] 0x4a5:0xd DW_TAG_member
	.long	.Linfo_string78                 @ DW_AT_name
	.long	866                             @ DW_AT_type
	.byte	4                               @ DW_AT_decl_file
	.short	972                             @ DW_AT_decl_line
	.byte	60                              @ DW_AT_data_member_location
	.byte	12                              @ Abbrev [12] 0x4b2:0xd DW_TAG_member
	.long	.Linfo_string79                 @ DW_AT_name
	.long	866                             @ DW_AT_type
	.byte	4                               @ DW_AT_decl_file
	.short	973                             @ DW_AT_decl_line
	.byte	64                              @ DW_AT_data_member_location
	.byte	12                              @ Abbrev [12] 0x4bf:0xd DW_TAG_member
	.long	.Linfo_string80                 @ DW_AT_name
	.long	866                             @ DW_AT_type
	.byte	4                               @ DW_AT_decl_file
	.short	974                             @ DW_AT_decl_line
	.byte	68                              @ DW_AT_data_member_location
	.byte	12                              @ Abbrev [12] 0x4cc:0xd DW_TAG_member
	.long	.Linfo_string30                 @ DW_AT_name
	.long	1346                            @ DW_AT_type
	.byte	4                               @ DW_AT_decl_file
	.short	975                             @ DW_AT_decl_line
	.byte	72                              @ DW_AT_data_member_location
	.byte	12                              @ Abbrev [12] 0x4d9:0xd DW_TAG_member
	.long	.Linfo_string81                 @ DW_AT_name
	.long	866                             @ DW_AT_type
	.byte	4                               @ DW_AT_decl_file
	.short	976                             @ DW_AT_decl_line
	.byte	80                              @ DW_AT_data_member_location
	.byte	12                              @ Abbrev [12] 0x4e6:0xd DW_TAG_member
	.long	.Linfo_string82                 @ DW_AT_name
	.long	866                             @ DW_AT_type
	.byte	4                               @ DW_AT_decl_file
	.short	977                             @ DW_AT_decl_line
	.byte	84                              @ DW_AT_data_member_location
	.byte	12                              @ Abbrev [12] 0x4f3:0xd DW_TAG_member
	.long	.Linfo_string83                 @ DW_AT_name
	.long	866                             @ DW_AT_type
	.byte	4                               @ DW_AT_decl_file
	.short	978                             @ DW_AT_decl_line
	.byte	88                              @ DW_AT_data_member_location
	.byte	12                              @ Abbrev [12] 0x500:0xd DW_TAG_member
	.long	.Linfo_string84                 @ DW_AT_name
	.long	866                             @ DW_AT_type
	.byte	4                               @ DW_AT_decl_file
	.short	979                             @ DW_AT_decl_line
	.byte	92                              @ DW_AT_data_member_location
	.byte	12                              @ Abbrev [12] 0x50d:0xd DW_TAG_member
	.long	.Linfo_string85                 @ DW_AT_name
	.long	866                             @ DW_AT_type
	.byte	4                               @ DW_AT_decl_file
	.short	980                             @ DW_AT_decl_line
	.byte	96                              @ DW_AT_data_member_location
	.byte	12                              @ Abbrev [12] 0x51a:0xd DW_TAG_member
	.long	.Linfo_string86                 @ DW_AT_name
	.long	1358                            @ DW_AT_type
	.byte	4                               @ DW_AT_decl_file
	.short	981                             @ DW_AT_decl_line
	.byte	100                             @ DW_AT_data_member_location
	.byte	12                              @ Abbrev [12] 0x527:0xd DW_TAG_member
	.long	.Linfo_string87                 @ DW_AT_name
	.long	866                             @ DW_AT_type
	.byte	4                               @ DW_AT_decl_file
	.short	982                             @ DW_AT_decl_line
	.byte	112                             @ DW_AT_data_member_location
	.byte	12                              @ Abbrev [12] 0x534:0xd DW_TAG_member
	.long	.Linfo_string88                 @ DW_AT_name
	.long	866                             @ DW_AT_type
	.byte	4                               @ DW_AT_decl_file
	.short	983                             @ DW_AT_decl_line
	.byte	116                             @ DW_AT_data_member_location
	.byte	0                               @ End Of Children Mark
	.byte	5                               @ Abbrev [5] 0x542:0xc DW_TAG_array_type
	.long	55                              @ DW_AT_type
	.byte	6                               @ Abbrev [6] 0x547:0x6 DW_TAG_subrange_type
	.long	142                             @ DW_AT_type
	.byte	2                               @ DW_AT_count
	.byte	0                               @ End Of Children Mark
	.byte	5                               @ Abbrev [5] 0x54e:0xc DW_TAG_array_type
	.long	55                              @ DW_AT_type
	.byte	6                               @ Abbrev [6] 0x553:0x6 DW_TAG_subrange_type
	.long	142                             @ DW_AT_type
	.byte	3                               @ DW_AT_count
	.byte	0                               @ End Of Children Mark
	.byte	9                               @ Abbrev [9] 0x55a:0x5 DW_TAG_pointer_type
	.long	1375                            @ DW_AT_type
	.byte	10                              @ Abbrev [10] 0x55f:0xc DW_TAG_typedef
	.long	1387                            @ DW_AT_type
	.long	.Linfo_string150                @ DW_AT_name
	.byte	4                               @ DW_AT_decl_file
	.short	1300                            @ DW_AT_decl_line
	.byte	11                              @ Abbrev [11] 0x56b:0x35d DW_TAG_structure_type
	.short	304                             @ DW_AT_byte_size
	.byte	4                               @ DW_AT_decl_file
	.short	1232                            @ DW_AT_decl_line
	.byte	12                              @ Abbrev [12] 0x571:0xd DW_TAG_member
	.long	.Linfo_string90                 @ DW_AT_name
	.long	866                             @ DW_AT_type
	.byte	4                               @ DW_AT_decl_file
	.short	1234                            @ DW_AT_decl_line
	.byte	0                               @ DW_AT_data_member_location
	.byte	12                              @ Abbrev [12] 0x57e:0xd DW_TAG_member
	.long	.Linfo_string91                 @ DW_AT_name
	.long	866                             @ DW_AT_type
	.byte	4                               @ DW_AT_decl_file
	.short	1235                            @ DW_AT_decl_line
	.byte	4                               @ DW_AT_data_member_location
	.byte	12                              @ Abbrev [12] 0x58b:0xd DW_TAG_member
	.long	.Linfo_string92                 @ DW_AT_name
	.long	866                             @ DW_AT_type
	.byte	4                               @ DW_AT_decl_file
	.short	1236                            @ DW_AT_decl_line
	.byte	8                               @ DW_AT_data_member_location
	.byte	12                              @ Abbrev [12] 0x598:0xd DW_TAG_member
	.long	.Linfo_string93                 @ DW_AT_name
	.long	866                             @ DW_AT_type
	.byte	4                               @ DW_AT_decl_file
	.short	1237                            @ DW_AT_decl_line
	.byte	12                              @ DW_AT_data_member_location
	.byte	12                              @ Abbrev [12] 0x5a5:0xd DW_TAG_member
	.long	.Linfo_string94                 @ DW_AT_name
	.long	866                             @ DW_AT_type
	.byte	4                               @ DW_AT_decl_file
	.short	1238                            @ DW_AT_decl_line
	.byte	16                              @ DW_AT_data_member_location
	.byte	12                              @ Abbrev [12] 0x5b2:0xd DW_TAG_member
	.long	.Linfo_string95                 @ DW_AT_name
	.long	55                              @ DW_AT_type
	.byte	4                               @ DW_AT_decl_file
	.short	1239                            @ DW_AT_decl_line
	.byte	20                              @ DW_AT_data_member_location
	.byte	12                              @ Abbrev [12] 0x5bf:0xd DW_TAG_member
	.long	.Linfo_string96                 @ DW_AT_name
	.long	866                             @ DW_AT_type
	.byte	4                               @ DW_AT_decl_file
	.short	1240                            @ DW_AT_decl_line
	.byte	24                              @ DW_AT_data_member_location
	.byte	12                              @ Abbrev [12] 0x5cc:0xd DW_TAG_member
	.long	.Linfo_string97                 @ DW_AT_name
	.long	866                             @ DW_AT_type
	.byte	4                               @ DW_AT_decl_file
	.short	1241                            @ DW_AT_decl_line
	.byte	28                              @ DW_AT_data_member_location
	.byte	12                              @ Abbrev [12] 0x5d9:0xd DW_TAG_member
	.long	.Linfo_string98                 @ DW_AT_name
	.long	866                             @ DW_AT_type
	.byte	4                               @ DW_AT_decl_file
	.short	1242                            @ DW_AT_decl_line
	.byte	32                              @ DW_AT_data_member_location
	.byte	12                              @ Abbrev [12] 0x5e6:0xd DW_TAG_member
	.long	.Linfo_string99                 @ DW_AT_name
	.long	55                              @ DW_AT_type
	.byte	4                               @ DW_AT_decl_file
	.short	1243                            @ DW_AT_decl_line
	.byte	36                              @ DW_AT_data_member_location
	.byte	12                              @ Abbrev [12] 0x5f3:0xd DW_TAG_member
	.long	.Linfo_string100                @ DW_AT_name
	.long	866                             @ DW_AT_type
	.byte	4                               @ DW_AT_decl_file
	.short	1244                            @ DW_AT_decl_line
	.byte	40                              @ DW_AT_data_member_location
	.byte	12                              @ Abbrev [12] 0x600:0xd DW_TAG_member
	.long	.Linfo_string101                @ DW_AT_name
	.long	866                             @ DW_AT_type
	.byte	4                               @ DW_AT_decl_file
	.short	1245                            @ DW_AT_decl_line
	.byte	44                              @ DW_AT_data_member_location
	.byte	12                              @ Abbrev [12] 0x60d:0xd DW_TAG_member
	.long	.Linfo_string102                @ DW_AT_name
	.long	866                             @ DW_AT_type
	.byte	4                               @ DW_AT_decl_file
	.short	1246                            @ DW_AT_decl_line
	.byte	48                              @ DW_AT_data_member_location
	.byte	12                              @ Abbrev [12] 0x61a:0xd DW_TAG_member
	.long	.Linfo_string103                @ DW_AT_name
	.long	866                             @ DW_AT_type
	.byte	4                               @ DW_AT_decl_file
	.short	1247                            @ DW_AT_decl_line
	.byte	52                              @ DW_AT_data_member_location
	.byte	12                              @ Abbrev [12] 0x627:0xd DW_TAG_member
	.long	.Linfo_string104                @ DW_AT_name
	.long	866                             @ DW_AT_type
	.byte	4                               @ DW_AT_decl_file
	.short	1248                            @ DW_AT_decl_line
	.byte	56                              @ DW_AT_data_member_location
	.byte	12                              @ Abbrev [12] 0x634:0xd DW_TAG_member
	.long	.Linfo_string105                @ DW_AT_name
	.long	866                             @ DW_AT_type
	.byte	4                               @ DW_AT_decl_file
	.short	1249                            @ DW_AT_decl_line
	.byte	60                              @ DW_AT_data_member_location
	.byte	12                              @ Abbrev [12] 0x641:0xd DW_TAG_member
	.long	.Linfo_string106                @ DW_AT_name
	.long	866                             @ DW_AT_type
	.byte	4                               @ DW_AT_decl_file
	.short	1250                            @ DW_AT_decl_line
	.byte	64                              @ DW_AT_data_member_location
	.byte	12                              @ Abbrev [12] 0x64e:0xd DW_TAG_member
	.long	.Linfo_string107                @ DW_AT_name
	.long	866                             @ DW_AT_type
	.byte	4                               @ DW_AT_decl_file
	.short	1251                            @ DW_AT_decl_line
	.byte	68                              @ DW_AT_data_member_location
	.byte	12                              @ Abbrev [12] 0x65b:0xd DW_TAG_member
	.long	.Linfo_string36                 @ DW_AT_name
	.long	55                              @ DW_AT_type
	.byte	4                               @ DW_AT_decl_file
	.short	1252                            @ DW_AT_decl_line
	.byte	72                              @ DW_AT_data_member_location
	.byte	12                              @ Abbrev [12] 0x668:0xd DW_TAG_member
	.long	.Linfo_string108                @ DW_AT_name
	.long	866                             @ DW_AT_type
	.byte	4                               @ DW_AT_decl_file
	.short	1253                            @ DW_AT_decl_line
	.byte	76                              @ DW_AT_data_member_location
	.byte	12                              @ Abbrev [12] 0x675:0xd DW_TAG_member
	.long	.Linfo_string109                @ DW_AT_name
	.long	866                             @ DW_AT_type
	.byte	4                               @ DW_AT_decl_file
	.short	1254                            @ DW_AT_decl_line
	.byte	80                              @ DW_AT_data_member_location
	.byte	12                              @ Abbrev [12] 0x682:0xd DW_TAG_member
	.long	.Linfo_string110                @ DW_AT_name
	.long	866                             @ DW_AT_type
	.byte	4                               @ DW_AT_decl_file
	.short	1255                            @ DW_AT_decl_line
	.byte	84                              @ DW_AT_data_member_location
	.byte	12                              @ Abbrev [12] 0x68f:0xd DW_TAG_member
	.long	.Linfo_string111                @ DW_AT_name
	.long	866                             @ DW_AT_type
	.byte	4                               @ DW_AT_decl_file
	.short	1256                            @ DW_AT_decl_line
	.byte	88                              @ DW_AT_data_member_location
	.byte	12                              @ Abbrev [12] 0x69c:0xd DW_TAG_member
	.long	.Linfo_string38                 @ DW_AT_name
	.long	55                              @ DW_AT_type
	.byte	4                               @ DW_AT_decl_file
	.short	1257                            @ DW_AT_decl_line
	.byte	92                              @ DW_AT_data_member_location
	.byte	12                              @ Abbrev [12] 0x6a9:0xd DW_TAG_member
	.long	.Linfo_string112                @ DW_AT_name
	.long	866                             @ DW_AT_type
	.byte	4                               @ DW_AT_decl_file
	.short	1258                            @ DW_AT_decl_line
	.byte	96                              @ DW_AT_data_member_location
	.byte	12                              @ Abbrev [12] 0x6b6:0xd DW_TAG_member
	.long	.Linfo_string113                @ DW_AT_name
	.long	866                             @ DW_AT_type
	.byte	4                               @ DW_AT_decl_file
	.short	1259                            @ DW_AT_decl_line
	.byte	100                             @ DW_AT_data_member_location
	.byte	12                              @ Abbrev [12] 0x6c3:0xd DW_TAG_member
	.long	.Linfo_string114                @ DW_AT_name
	.long	866                             @ DW_AT_type
	.byte	4                               @ DW_AT_decl_file
	.short	1260                            @ DW_AT_decl_line
	.byte	104                             @ DW_AT_data_member_location
	.byte	12                              @ Abbrev [12] 0x6d0:0xd DW_TAG_member
	.long	.Linfo_string42                 @ DW_AT_name
	.long	55                              @ DW_AT_type
	.byte	4                               @ DW_AT_decl_file
	.short	1261                            @ DW_AT_decl_line
	.byte	108                             @ DW_AT_data_member_location
	.byte	12                              @ Abbrev [12] 0x6dd:0xd DW_TAG_member
	.long	.Linfo_string115                @ DW_AT_name
	.long	866                             @ DW_AT_type
	.byte	4                               @ DW_AT_decl_file
	.short	1262                            @ DW_AT_decl_line
	.byte	112                             @ DW_AT_data_member_location
	.byte	12                              @ Abbrev [12] 0x6ea:0xd DW_TAG_member
	.long	.Linfo_string116                @ DW_AT_name
	.long	866                             @ DW_AT_type
	.byte	4                               @ DW_AT_decl_file
	.short	1263                            @ DW_AT_decl_line
	.byte	116                             @ DW_AT_data_member_location
	.byte	12                              @ Abbrev [12] 0x6f7:0xd DW_TAG_member
	.long	.Linfo_string44                 @ DW_AT_name
	.long	55                              @ DW_AT_type
	.byte	4                               @ DW_AT_decl_file
	.short	1264                            @ DW_AT_decl_line
	.byte	120                             @ DW_AT_data_member_location
	.byte	12                              @ Abbrev [12] 0x704:0xd DW_TAG_member
	.long	.Linfo_string117                @ DW_AT_name
	.long	866                             @ DW_AT_type
	.byte	4                               @ DW_AT_decl_file
	.short	1265                            @ DW_AT_decl_line
	.byte	124                             @ DW_AT_data_member_location
	.byte	12                              @ Abbrev [12] 0x711:0xd DW_TAG_member
	.long	.Linfo_string118                @ DW_AT_name
	.long	866                             @ DW_AT_type
	.byte	4                               @ DW_AT_decl_file
	.short	1266                            @ DW_AT_decl_line
	.byte	128                             @ DW_AT_data_member_location
	.byte	12                              @ Abbrev [12] 0x71e:0xd DW_TAG_member
	.long	.Linfo_string119                @ DW_AT_name
	.long	866                             @ DW_AT_type
	.byte	4                               @ DW_AT_decl_file
	.short	1267                            @ DW_AT_decl_line
	.byte	132                             @ DW_AT_data_member_location
	.byte	12                              @ Abbrev [12] 0x72b:0xd DW_TAG_member
	.long	.Linfo_string120                @ DW_AT_name
	.long	866                             @ DW_AT_type
	.byte	4                               @ DW_AT_decl_file
	.short	1268                            @ DW_AT_decl_line
	.byte	136                             @ DW_AT_data_member_location
	.byte	12                              @ Abbrev [12] 0x738:0xd DW_TAG_member
	.long	.Linfo_string121                @ DW_AT_name
	.long	866                             @ DW_AT_type
	.byte	4                               @ DW_AT_decl_file
	.short	1269                            @ DW_AT_decl_line
	.byte	140                             @ DW_AT_data_member_location
	.byte	12                              @ Abbrev [12] 0x745:0xd DW_TAG_member
	.long	.Linfo_string122                @ DW_AT_name
	.long	866                             @ DW_AT_type
	.byte	4                               @ DW_AT_decl_file
	.short	1270                            @ DW_AT_decl_line
	.byte	144                             @ DW_AT_data_member_location
	.byte	12                              @ Abbrev [12] 0x752:0xd DW_TAG_member
	.long	.Linfo_string123                @ DW_AT_name
	.long	866                             @ DW_AT_type
	.byte	4                               @ DW_AT_decl_file
	.short	1271                            @ DW_AT_decl_line
	.byte	148                             @ DW_AT_data_member_location
	.byte	12                              @ Abbrev [12] 0x75f:0xd DW_TAG_member
	.long	.Linfo_string124                @ DW_AT_name
	.long	866                             @ DW_AT_type
	.byte	4                               @ DW_AT_decl_file
	.short	1272                            @ DW_AT_decl_line
	.byte	152                             @ DW_AT_data_member_location
	.byte	12                              @ Abbrev [12] 0x76c:0xd DW_TAG_member
	.long	.Linfo_string125                @ DW_AT_name
	.long	866                             @ DW_AT_type
	.byte	4                               @ DW_AT_decl_file
	.short	1273                            @ DW_AT_decl_line
	.byte	156                             @ DW_AT_data_member_location
	.byte	12                              @ Abbrev [12] 0x779:0xd DW_TAG_member
	.long	.Linfo_string126                @ DW_AT_name
	.long	866                             @ DW_AT_type
	.byte	4                               @ DW_AT_decl_file
	.short	1274                            @ DW_AT_decl_line
	.byte	160                             @ DW_AT_data_member_location
	.byte	12                              @ Abbrev [12] 0x786:0xd DW_TAG_member
	.long	.Linfo_string60                 @ DW_AT_name
	.long	55                              @ DW_AT_type
	.byte	4                               @ DW_AT_decl_file
	.short	1275                            @ DW_AT_decl_line
	.byte	164                             @ DW_AT_data_member_location
	.byte	12                              @ Abbrev [12] 0x793:0xd DW_TAG_member
	.long	.Linfo_string127                @ DW_AT_name
	.long	866                             @ DW_AT_type
	.byte	4                               @ DW_AT_decl_file
	.short	1276                            @ DW_AT_decl_line
	.byte	168                             @ DW_AT_data_member_location
	.byte	12                              @ Abbrev [12] 0x7a0:0xd DW_TAG_member
	.long	.Linfo_string128                @ DW_AT_name
	.long	2248                            @ DW_AT_type
	.byte	4                               @ DW_AT_decl_file
	.short	1277                            @ DW_AT_decl_line
	.byte	172                             @ DW_AT_data_member_location
	.byte	12                              @ Abbrev [12] 0x7ad:0xd DW_TAG_member
	.long	.Linfo_string129                @ DW_AT_name
	.long	866                             @ DW_AT_type
	.byte	4                               @ DW_AT_decl_file
	.short	1278                            @ DW_AT_decl_line
	.byte	208                             @ DW_AT_data_member_location
	.byte	12                              @ Abbrev [12] 0x7ba:0xd DW_TAG_member
	.long	.Linfo_string130                @ DW_AT_name
	.long	866                             @ DW_AT_type
	.byte	4                               @ DW_AT_decl_file
	.short	1279                            @ DW_AT_decl_line
	.byte	212                             @ DW_AT_data_member_location
	.byte	12                              @ Abbrev [12] 0x7c7:0xd DW_TAG_member
	.long	.Linfo_string131                @ DW_AT_name
	.long	866                             @ DW_AT_type
	.byte	4                               @ DW_AT_decl_file
	.short	1280                            @ DW_AT_decl_line
	.byte	216                             @ DW_AT_data_member_location
	.byte	12                              @ Abbrev [12] 0x7d4:0xd DW_TAG_member
	.long	.Linfo_string132                @ DW_AT_name
	.long	866                             @ DW_AT_type
	.byte	4                               @ DW_AT_decl_file
	.short	1281                            @ DW_AT_decl_line
	.byte	220                             @ DW_AT_data_member_location
	.byte	12                              @ Abbrev [12] 0x7e1:0xd DW_TAG_member
	.long	.Linfo_string133                @ DW_AT_name
	.long	866                             @ DW_AT_type
	.byte	4                               @ DW_AT_decl_file
	.short	1282                            @ DW_AT_decl_line
	.byte	224                             @ DW_AT_data_member_location
	.byte	12                              @ Abbrev [12] 0x7ee:0xd DW_TAG_member
	.long	.Linfo_string134                @ DW_AT_name
	.long	866                             @ DW_AT_type
	.byte	4                               @ DW_AT_decl_file
	.short	1283                            @ DW_AT_decl_line
	.byte	228                             @ DW_AT_data_member_location
	.byte	12                              @ Abbrev [12] 0x7fb:0xd DW_TAG_member
	.long	.Linfo_string135                @ DW_AT_name
	.long	866                             @ DW_AT_type
	.byte	4                               @ DW_AT_decl_file
	.short	1284                            @ DW_AT_decl_line
	.byte	232                             @ DW_AT_data_member_location
	.byte	12                              @ Abbrev [12] 0x808:0xd DW_TAG_member
	.long	.Linfo_string136                @ DW_AT_name
	.long	866                             @ DW_AT_type
	.byte	4                               @ DW_AT_decl_file
	.short	1285                            @ DW_AT_decl_line
	.byte	236                             @ DW_AT_data_member_location
	.byte	12                              @ Abbrev [12] 0x815:0xd DW_TAG_member
	.long	.Linfo_string137                @ DW_AT_name
	.long	866                             @ DW_AT_type
	.byte	4                               @ DW_AT_decl_file
	.short	1286                            @ DW_AT_decl_line
	.byte	240                             @ DW_AT_data_member_location
	.byte	12                              @ Abbrev [12] 0x822:0xd DW_TAG_member
	.long	.Linfo_string138                @ DW_AT_name
	.long	866                             @ DW_AT_type
	.byte	4                               @ DW_AT_decl_file
	.short	1287                            @ DW_AT_decl_line
	.byte	244                             @ DW_AT_data_member_location
	.byte	12                              @ Abbrev [12] 0x82f:0xd DW_TAG_member
	.long	.Linfo_string139                @ DW_AT_name
	.long	55                              @ DW_AT_type
	.byte	4                               @ DW_AT_decl_file
	.short	1288                            @ DW_AT_decl_line
	.byte	248                             @ DW_AT_data_member_location
	.byte	12                              @ Abbrev [12] 0x83c:0xd DW_TAG_member
	.long	.Linfo_string140                @ DW_AT_name
	.long	866                             @ DW_AT_type
	.byte	4                               @ DW_AT_decl_file
	.short	1289                            @ DW_AT_decl_line
	.byte	252                             @ DW_AT_data_member_location
	.byte	13                              @ Abbrev [13] 0x849:0xe DW_TAG_member
	.long	.Linfo_string141                @ DW_AT_name
	.long	866                             @ DW_AT_type
	.byte	4                               @ DW_AT_decl_file
	.short	1290                            @ DW_AT_decl_line
	.short	256                             @ DW_AT_data_member_location
	.byte	13                              @ Abbrev [13] 0x857:0xe DW_TAG_member
	.long	.Linfo_string142                @ DW_AT_name
	.long	866                             @ DW_AT_type
	.byte	4                               @ DW_AT_decl_file
	.short	1291                            @ DW_AT_decl_line
	.short	260                             @ DW_AT_data_member_location
	.byte	13                              @ Abbrev [13] 0x865:0xe DW_TAG_member
	.long	.Linfo_string143                @ DW_AT_name
	.long	866                             @ DW_AT_type
	.byte	4                               @ DW_AT_decl_file
	.short	1292                            @ DW_AT_decl_line
	.short	264                             @ DW_AT_data_member_location
	.byte	13                              @ Abbrev [13] 0x873:0xe DW_TAG_member
	.long	.Linfo_string144                @ DW_AT_name
	.long	866                             @ DW_AT_type
	.byte	4                               @ DW_AT_decl_file
	.short	1293                            @ DW_AT_decl_line
	.short	268                             @ DW_AT_data_member_location
	.byte	13                              @ Abbrev [13] 0x881:0xe DW_TAG_member
	.long	.Linfo_string145                @ DW_AT_name
	.long	866                             @ DW_AT_type
	.byte	4                               @ DW_AT_decl_file
	.short	1294                            @ DW_AT_decl_line
	.short	272                             @ DW_AT_data_member_location
	.byte	13                              @ Abbrev [13] 0x88f:0xe DW_TAG_member
	.long	.Linfo_string146                @ DW_AT_name
	.long	866                             @ DW_AT_type
	.byte	4                               @ DW_AT_decl_file
	.short	1295                            @ DW_AT_decl_line
	.short	276                             @ DW_AT_data_member_location
	.byte	13                              @ Abbrev [13] 0x89d:0xe DW_TAG_member
	.long	.Linfo_string147                @ DW_AT_name
	.long	866                             @ DW_AT_type
	.byte	4                               @ DW_AT_decl_file
	.short	1296                            @ DW_AT_decl_line
	.short	280                             @ DW_AT_data_member_location
	.byte	13                              @ Abbrev [13] 0x8ab:0xe DW_TAG_member
	.long	.Linfo_string148                @ DW_AT_name
	.long	866                             @ DW_AT_type
	.byte	4                               @ DW_AT_decl_file
	.short	1297                            @ DW_AT_decl_line
	.short	284                             @ DW_AT_data_member_location
	.byte	13                              @ Abbrev [13] 0x8b9:0xe DW_TAG_member
	.long	.Linfo_string149                @ DW_AT_name
	.long	2260                            @ DW_AT_type
	.byte	4                               @ DW_AT_decl_file
	.short	1298                            @ DW_AT_decl_line
	.short	288                             @ DW_AT_data_member_location
	.byte	0                               @ End Of Children Mark
	.byte	5                               @ Abbrev [5] 0x8c8:0xc DW_TAG_array_type
	.long	55                              @ DW_AT_type
	.byte	6                               @ Abbrev [6] 0x8cd:0x6 DW_TAG_subrange_type
	.long	142                             @ DW_AT_type
	.byte	9                               @ DW_AT_count
	.byte	0                               @ End Of Children Mark
	.byte	5                               @ Abbrev [5] 0x8d4:0xc DW_TAG_array_type
	.long	55                              @ DW_AT_type
	.byte	6                               @ Abbrev [6] 0x8d9:0x6 DW_TAG_subrange_type
	.long	142                             @ DW_AT_type
	.byte	4                               @ DW_AT_count
	.byte	0                               @ End Of Children Mark
	.byte	9                               @ Abbrev [9] 0x8e0:0x5 DW_TAG_pointer_type
	.long	2277                            @ DW_AT_type
	.byte	10                              @ Abbrev [10] 0x8e5:0xc DW_TAG_typedef
	.long	2289                            @ DW_AT_type
	.long	.Linfo_string152                @ DW_AT_name
	.byte	4                               @ DW_AT_decl_file
	.short	1008                            @ DW_AT_decl_line
	.byte	15                              @ Abbrev [15] 0x8f1:0x13 DW_TAG_structure_type
	.byte	32                              @ DW_AT_byte_size
	.byte	4                               @ DW_AT_decl_file
	.short	1005                            @ DW_AT_decl_line
	.byte	12                              @ Abbrev [12] 0x8f6:0xd DW_TAG_member
	.long	.Linfo_string151                @ DW_AT_name
	.long	2308                            @ DW_AT_type
	.byte	4                               @ DW_AT_decl_file
	.short	1007                            @ DW_AT_decl_line
	.byte	0                               @ DW_AT_data_member_location
	.byte	0                               @ End Of Children Mark
	.byte	5                               @ Abbrev [5] 0x904:0xc DW_TAG_array_type
	.long	866                             @ DW_AT_type
	.byte	6                               @ Abbrev [6] 0x909:0x6 DW_TAG_subrange_type
	.long	142                             @ DW_AT_type
	.byte	8                               @ DW_AT_count
	.byte	0                               @ End Of Children Mark
	.byte	10                              @ Abbrev [10] 0x910:0xc DW_TAG_typedef
	.long	2332                            @ DW_AT_type
	.long	.Linfo_string154                @ DW_AT_name
	.byte	5                               @ DW_AT_decl_file
	.short	266                             @ DW_AT_decl_line
	.byte	4                               @ Abbrev [4] 0x91c:0x7 DW_TAG_base_type
	.long	.Linfo_string153                @ DW_AT_name
	.byte	4                               @ DW_AT_encoding
	.byte	4                               @ DW_AT_byte_size
	.byte	9                               @ Abbrev [9] 0x923:0x5 DW_TAG_pointer_type
	.long	2344                            @ DW_AT_type
	.byte	10                              @ Abbrev [10] 0x928:0xc DW_TAG_typedef
	.long	2356                            @ DW_AT_type
	.long	.Linfo_string163                @ DW_AT_name
	.byte	4                               @ DW_AT_decl_file
	.short	1226                            @ DW_AT_decl_line
	.byte	15                              @ Abbrev [15] 0x934:0x95 DW_TAG_structure_type
	.byte	44                              @ DW_AT_byte_size
	.byte	4                               @ DW_AT_decl_file
	.short	1213                            @ DW_AT_decl_line
	.byte	12                              @ Abbrev [12] 0x939:0xd DW_TAG_member
	.long	.Linfo_string66                 @ DW_AT_name
	.long	866                             @ DW_AT_type
	.byte	4                               @ DW_AT_decl_file
	.short	1215                            @ DW_AT_decl_line
	.byte	0                               @ DW_AT_data_member_location
	.byte	12                              @ Abbrev [12] 0x946:0xd DW_TAG_member
	.long	.Linfo_string155                @ DW_AT_name
	.long	866                             @ DW_AT_type
	.byte	4                               @ DW_AT_decl_file
	.short	1216                            @ DW_AT_decl_line
	.byte	4                               @ DW_AT_data_member_location
	.byte	12                              @ Abbrev [12] 0x953:0xd DW_TAG_member
	.long	.Linfo_string156                @ DW_AT_name
	.long	866                             @ DW_AT_type
	.byte	4                               @ DW_AT_decl_file
	.short	1217                            @ DW_AT_decl_line
	.byte	8                               @ DW_AT_data_member_location
	.byte	12                              @ Abbrev [12] 0x960:0xd DW_TAG_member
	.long	.Linfo_string157                @ DW_AT_name
	.long	866                             @ DW_AT_type
	.byte	4                               @ DW_AT_decl_file
	.short	1218                            @ DW_AT_decl_line
	.byte	12                              @ DW_AT_data_member_location
	.byte	12                              @ Abbrev [12] 0x96d:0xd DW_TAG_member
	.long	.Linfo_string158                @ DW_AT_name
	.long	866                             @ DW_AT_type
	.byte	4                               @ DW_AT_decl_file
	.short	1219                            @ DW_AT_decl_line
	.byte	16                              @ DW_AT_data_member_location
	.byte	12                              @ Abbrev [12] 0x97a:0xd DW_TAG_member
	.long	.Linfo_string30                 @ DW_AT_name
	.long	55                              @ DW_AT_type
	.byte	4                               @ DW_AT_decl_file
	.short	1220                            @ DW_AT_decl_line
	.byte	20                              @ DW_AT_data_member_location
	.byte	12                              @ Abbrev [12] 0x987:0xd DW_TAG_member
	.long	.Linfo_string159                @ DW_AT_name
	.long	866                             @ DW_AT_type
	.byte	4                               @ DW_AT_decl_file
	.short	1221                            @ DW_AT_decl_line
	.byte	24                              @ DW_AT_data_member_location
	.byte	12                              @ Abbrev [12] 0x994:0xd DW_TAG_member
	.long	.Linfo_string95                 @ DW_AT_name
	.long	55                              @ DW_AT_type
	.byte	4                               @ DW_AT_decl_file
	.short	1222                            @ DW_AT_decl_line
	.byte	28                              @ DW_AT_data_member_location
	.byte	12                              @ Abbrev [12] 0x9a1:0xd DW_TAG_member
	.long	.Linfo_string160                @ DW_AT_name
	.long	866                             @ DW_AT_type
	.byte	4                               @ DW_AT_decl_file
	.short	1223                            @ DW_AT_decl_line
	.byte	32                              @ DW_AT_data_member_location
	.byte	12                              @ Abbrev [12] 0x9ae:0xd DW_TAG_member
	.long	.Linfo_string161                @ DW_AT_name
	.long	866                             @ DW_AT_type
	.byte	4                               @ DW_AT_decl_file
	.short	1224                            @ DW_AT_decl_line
	.byte	36                              @ DW_AT_data_member_location
	.byte	12                              @ Abbrev [12] 0x9bb:0xd DW_TAG_member
	.long	.Linfo_string162                @ DW_AT_name
	.long	866                             @ DW_AT_type
	.byte	4                               @ DW_AT_decl_file
	.short	1225                            @ DW_AT_decl_line
	.byte	40                              @ DW_AT_data_member_location
	.byte	0                               @ End Of Children Mark
	.byte	16                              @ Abbrev [16] 0x9c9:0x11 DW_TAG_subprogram
	.long	.Lfunc_begin0                   @ DW_AT_low_pc
	.long	.Lfunc_end0-.Lfunc_begin0       @ DW_AT_high_pc
	.byte	1                               @ DW_AT_frame_base
	.byte	93
	.long	.Linfo_string164                @ DW_AT_name
	.byte	2                               @ DW_AT_decl_file
	.byte	178                             @ DW_AT_decl_line
                                        @ DW_AT_prototyped
                                        @ DW_AT_external
	.byte	17                              @ Abbrev [17] 0x9da:0x9a DW_TAG_subprogram
	.long	.Lfunc_begin1                   @ DW_AT_low_pc
	.long	.Lfunc_end1-.Lfunc_begin1       @ DW_AT_high_pc
	.byte	1                               @ DW_AT_frame_base
	.byte	93
	.long	.Linfo_string165                @ DW_AT_name
	.byte	2                               @ DW_AT_decl_file
	.short	352                             @ DW_AT_decl_line
                                        @ DW_AT_prototyped
                                        @ DW_AT_external
	.byte	18                              @ Abbrev [18] 0x9ec:0xf DW_TAG_variable
	.byte	2                               @ DW_AT_location
	.byte	145
	.byte	40
	.long	.Linfo_string167                @ DW_AT_name
	.byte	2                               @ DW_AT_decl_file
	.short	354                             @ DW_AT_decl_line
	.long	55                              @ DW_AT_type
	.byte	18                              @ Abbrev [18] 0x9fb:0xf DW_TAG_variable
	.byte	2                               @ DW_AT_location
	.byte	145
	.byte	36
	.long	.Linfo_string168                @ DW_AT_name
	.byte	2                               @ DW_AT_decl_file
	.short	354                             @ DW_AT_decl_line
	.long	55                              @ DW_AT_type
	.byte	18                              @ Abbrev [18] 0xa0a:0xf DW_TAG_variable
	.byte	2                               @ DW_AT_location
	.byte	145
	.byte	32
	.long	.Linfo_string169                @ DW_AT_name
	.byte	2                               @ DW_AT_decl_file
	.short	354                             @ DW_AT_decl_line
	.long	55                              @ DW_AT_type
	.byte	18                              @ Abbrev [18] 0xa19:0xf DW_TAG_variable
	.byte	2                               @ DW_AT_location
	.byte	145
	.byte	28
	.long	.Linfo_string170                @ DW_AT_name
	.byte	2                               @ DW_AT_decl_file
	.short	354                             @ DW_AT_decl_line
	.long	55                              @ DW_AT_type
	.byte	18                              @ Abbrev [18] 0xa28:0xf DW_TAG_variable
	.byte	2                               @ DW_AT_location
	.byte	145
	.byte	24
	.long	.Linfo_string171                @ DW_AT_name
	.byte	2                               @ DW_AT_decl_file
	.short	354                             @ DW_AT_decl_line
	.long	55                              @ DW_AT_type
	.byte	18                              @ Abbrev [18] 0xa37:0xf DW_TAG_variable
	.byte	2                               @ DW_AT_location
	.byte	145
	.byte	20
	.long	.Linfo_string172                @ DW_AT_name
	.byte	2                               @ DW_AT_decl_file
	.short	354                             @ DW_AT_decl_line
	.long	55                              @ DW_AT_type
	.byte	18                              @ Abbrev [18] 0xa46:0xf DW_TAG_variable
	.byte	2                               @ DW_AT_location
	.byte	145
	.byte	16
	.long	.Linfo_string173                @ DW_AT_name
	.byte	2                               @ DW_AT_decl_file
	.short	355                             @ DW_AT_decl_line
	.long	55                              @ DW_AT_type
	.byte	18                              @ Abbrev [18] 0xa55:0xf DW_TAG_variable
	.byte	2                               @ DW_AT_location
	.byte	145
	.byte	12
	.long	.Linfo_string174                @ DW_AT_name
	.byte	2                               @ DW_AT_decl_file
	.short	356                             @ DW_AT_decl_line
	.long	2320                            @ DW_AT_type
	.byte	18                              @ Abbrev [18] 0xa64:0xf DW_TAG_variable
	.byte	2                               @ DW_AT_location
	.byte	145
	.byte	8
	.long	.Linfo_string175                @ DW_AT_name
	.byte	2                               @ DW_AT_decl_file
	.short	356                             @ DW_AT_decl_line
	.long	2320                            @ DW_AT_type
	.byte	0                               @ End Of Children Mark
	.byte	19                              @ Abbrev [19] 0xa74:0x12 DW_TAG_subprogram
	.long	.Lfunc_begin2                   @ DW_AT_low_pc
	.long	.Lfunc_end2-.Lfunc_begin2       @ DW_AT_high_pc
	.byte	1                               @ DW_AT_frame_base
	.byte	93
	.long	.Linfo_string166                @ DW_AT_name
	.byte	2                               @ DW_AT_decl_file
	.short	474                             @ DW_AT_decl_line
                                        @ DW_AT_prototyped
                                        @ DW_AT_external
	.byte	0                               @ End Of Children Mark
.Ldebug_info_end0:
	.section	.debug_ranges,"",%progbits
.Ldebug_ranges0:
	.long	.Lfunc_begin0
	.long	.Lfunc_end0
	.long	.Lfunc_begin1
	.long	.Lfunc_end1
	.long	.Lfunc_begin2
	.long	.Lfunc_end2
	.long	0
	.long	0
	.section	.debug_str,"MS",%progbits,1
.Linfo_string0:
	.asciz	"Component: Arm Compiler for Embedded 6.24 Tool: armclang [5f371800]" @ string offset=0
.Linfo_string1:
	.asciz	"../Core/Src\\system_stm32h7xx.c" @ string offset=68
.Linfo_string2:
	.asciz	"D:\\RM_projects\\h7_final_4\\MDK-ARM" @ string offset=99
.Linfo_string3:
	.asciz	"SystemCoreClock"               @ string offset=133
.Linfo_string4:
	.asciz	"unsigned int"                  @ string offset=149
.Linfo_string5:
	.asciz	"uint32_t"                      @ string offset=162
.Linfo_string6:
	.asciz	"SystemD2Clock"                 @ string offset=171
.Linfo_string7:
	.asciz	"D1CorePrescTable"              @ string offset=185
.Linfo_string8:
	.asciz	"unsigned char"                 @ string offset=202
.Linfo_string9:
	.asciz	"uint8_t"                       @ string offset=216
.Linfo_string10:
	.asciz	"__ARRAY_SIZE_TYPE__"           @ string offset=224
.Linfo_string11:
	.asciz	"CPUID"                         @ string offset=244
.Linfo_string12:
	.asciz	"ICSR"                          @ string offset=250
.Linfo_string13:
	.asciz	"VTOR"                          @ string offset=255
.Linfo_string14:
	.asciz	"AIRCR"                         @ string offset=260
.Linfo_string15:
	.asciz	"SCR"                           @ string offset=266
.Linfo_string16:
	.asciz	"CCR"                           @ string offset=270
.Linfo_string17:
	.asciz	"SHPR"                          @ string offset=274
.Linfo_string18:
	.asciz	"SHCSR"                         @ string offset=279
.Linfo_string19:
	.asciz	"CFSR"                          @ string offset=285
.Linfo_string20:
	.asciz	"HFSR"                          @ string offset=290
.Linfo_string21:
	.asciz	"DFSR"                          @ string offset=295
.Linfo_string22:
	.asciz	"MMFAR"                         @ string offset=300
.Linfo_string23:
	.asciz	"BFAR"                          @ string offset=306
.Linfo_string24:
	.asciz	"AFSR"                          @ string offset=311
.Linfo_string25:
	.asciz	"ID_PFR"                        @ string offset=316
.Linfo_string26:
	.asciz	"ID_DFR"                        @ string offset=323
.Linfo_string27:
	.asciz	"ID_AFR"                        @ string offset=330
.Linfo_string28:
	.asciz	"ID_MFR"                        @ string offset=337
.Linfo_string29:
	.asciz	"ID_ISAR"                       @ string offset=344
.Linfo_string30:
	.asciz	"RESERVED0"                     @ string offset=352
.Linfo_string31:
	.asciz	"CLIDR"                         @ string offset=362
.Linfo_string32:
	.asciz	"CTR"                           @ string offset=368
.Linfo_string33:
	.asciz	"CCSIDR"                        @ string offset=372
.Linfo_string34:
	.asciz	"CSSELR"                        @ string offset=379
.Linfo_string35:
	.asciz	"CPACR"                         @ string offset=386
.Linfo_string36:
	.asciz	"RESERVED3"                     @ string offset=392
.Linfo_string37:
	.asciz	"STIR"                          @ string offset=402
.Linfo_string38:
	.asciz	"RESERVED4"                     @ string offset=407
.Linfo_string39:
	.asciz	"MVFR0"                         @ string offset=417
.Linfo_string40:
	.asciz	"MVFR1"                         @ string offset=423
.Linfo_string41:
	.asciz	"MVFR2"                         @ string offset=429
.Linfo_string42:
	.asciz	"RESERVED5"                     @ string offset=435
.Linfo_string43:
	.asciz	"ICIALLU"                       @ string offset=445
.Linfo_string44:
	.asciz	"RESERVED6"                     @ string offset=453
.Linfo_string45:
	.asciz	"ICIMVAU"                       @ string offset=463
.Linfo_string46:
	.asciz	"DCIMVAC"                       @ string offset=471
.Linfo_string47:
	.asciz	"DCISW"                         @ string offset=479
.Linfo_string48:
	.asciz	"DCCMVAU"                       @ string offset=485
.Linfo_string49:
	.asciz	"DCCMVAC"                       @ string offset=493
.Linfo_string50:
	.asciz	"DCCSW"                         @ string offset=501
.Linfo_string51:
	.asciz	"DCCIMVAC"                      @ string offset=507
.Linfo_string52:
	.asciz	"DCCISW"                        @ string offset=516
.Linfo_string53:
	.asciz	"BPIALL"                        @ string offset=523
.Linfo_string54:
	.asciz	"RESERVED7"                     @ string offset=530
.Linfo_string55:
	.asciz	"ITCMCR"                        @ string offset=540
.Linfo_string56:
	.asciz	"DTCMCR"                        @ string offset=547
.Linfo_string57:
	.asciz	"AHBPCR"                        @ string offset=554
.Linfo_string58:
	.asciz	"CACR"                          @ string offset=561
.Linfo_string59:
	.asciz	"AHBSCR"                        @ string offset=566
.Linfo_string60:
	.asciz	"RESERVED8"                     @ string offset=573
.Linfo_string61:
	.asciz	"ABFSR"                         @ string offset=583
.Linfo_string62:
	.asciz	"SCB_Type"                      @ string offset=589
.Linfo_string63:
	.asciz	"ACR"                           @ string offset=598
.Linfo_string64:
	.asciz	"KEYR1"                         @ string offset=602
.Linfo_string65:
	.asciz	"OPTKEYR"                       @ string offset=608
.Linfo_string66:
	.asciz	"CR1"                           @ string offset=616
.Linfo_string67:
	.asciz	"SR1"                           @ string offset=620
.Linfo_string68:
	.asciz	"CCR1"                          @ string offset=624
.Linfo_string69:
	.asciz	"OPTCR"                         @ string offset=629
.Linfo_string70:
	.asciz	"OPTSR_CUR"                     @ string offset=635
.Linfo_string71:
	.asciz	"OPTSR_PRG"                     @ string offset=645
.Linfo_string72:
	.asciz	"OPTCCR"                        @ string offset=655
.Linfo_string73:
	.asciz	"PRAR_CUR1"                     @ string offset=662
.Linfo_string74:
	.asciz	"PRAR_PRG1"                     @ string offset=672
.Linfo_string75:
	.asciz	"SCAR_CUR1"                     @ string offset=682
.Linfo_string76:
	.asciz	"SCAR_PRG1"                     @ string offset=692
.Linfo_string77:
	.asciz	"WPSN_CUR1"                     @ string offset=702
.Linfo_string78:
	.asciz	"WPSN_PRG1"                     @ string offset=712
.Linfo_string79:
	.asciz	"BOOT_CUR"                      @ string offset=722
.Linfo_string80:
	.asciz	"BOOT_PRG"                      @ string offset=731
.Linfo_string81:
	.asciz	"CRCCR1"                        @ string offset=740
.Linfo_string82:
	.asciz	"CRCSADD1"                      @ string offset=747
.Linfo_string83:
	.asciz	"CRCEADD1"                      @ string offset=756
.Linfo_string84:
	.asciz	"CRCDATA"                       @ string offset=765
.Linfo_string85:
	.asciz	"ECC_FA1"                       @ string offset=773
.Linfo_string86:
	.asciz	"RESERVED"                      @ string offset=781
.Linfo_string87:
	.asciz	"OPTSR2_CUR"                    @ string offset=790
.Linfo_string88:
	.asciz	"OPTSR2_PRG"                    @ string offset=801
.Linfo_string89:
	.asciz	"FLASH_TypeDef"                 @ string offset=812
.Linfo_string90:
	.asciz	"CR"                            @ string offset=826
.Linfo_string91:
	.asciz	"HSICFGR"                       @ string offset=829
.Linfo_string92:
	.asciz	"CRRCR"                         @ string offset=837
.Linfo_string93:
	.asciz	"CSICFGR"                       @ string offset=843
.Linfo_string94:
	.asciz	"CFGR"                          @ string offset=851
.Linfo_string95:
	.asciz	"RESERVED1"                     @ string offset=856
.Linfo_string96:
	.asciz	"D1CFGR"                        @ string offset=866
.Linfo_string97:
	.asciz	"D2CFGR"                        @ string offset=873
.Linfo_string98:
	.asciz	"D3CFGR"                        @ string offset=880
.Linfo_string99:
	.asciz	"RESERVED2"                     @ string offset=887
.Linfo_string100:
	.asciz	"PLLCKSELR"                     @ string offset=897
.Linfo_string101:
	.asciz	"PLLCFGR"                       @ string offset=907
.Linfo_string102:
	.asciz	"PLL1DIVR"                      @ string offset=915
.Linfo_string103:
	.asciz	"PLL1FRACR"                     @ string offset=924
.Linfo_string104:
	.asciz	"PLL2DIVR"                      @ string offset=934
.Linfo_string105:
	.asciz	"PLL2FRACR"                     @ string offset=943
.Linfo_string106:
	.asciz	"PLL3DIVR"                      @ string offset=953
.Linfo_string107:
	.asciz	"PLL3FRACR"                     @ string offset=962
.Linfo_string108:
	.asciz	"D1CCIPR"                       @ string offset=972
.Linfo_string109:
	.asciz	"D2CCIP1R"                      @ string offset=980
.Linfo_string110:
	.asciz	"D2CCIP2R"                      @ string offset=989
.Linfo_string111:
	.asciz	"D3CCIPR"                       @ string offset=998
.Linfo_string112:
	.asciz	"CIER"                          @ string offset=1006
.Linfo_string113:
	.asciz	"CIFR"                          @ string offset=1011
.Linfo_string114:
	.asciz	"CICR"                          @ string offset=1016
.Linfo_string115:
	.asciz	"BDCR"                          @ string offset=1021
.Linfo_string116:
	.asciz	"CSR"                           @ string offset=1026
.Linfo_string117:
	.asciz	"AHB3RSTR"                      @ string offset=1030
.Linfo_string118:
	.asciz	"AHB1RSTR"                      @ string offset=1039
.Linfo_string119:
	.asciz	"AHB2RSTR"                      @ string offset=1048
.Linfo_string120:
	.asciz	"AHB4RSTR"                      @ string offset=1057
.Linfo_string121:
	.asciz	"APB3RSTR"                      @ string offset=1066
.Linfo_string122:
	.asciz	"APB1LRSTR"                     @ string offset=1075
.Linfo_string123:
	.asciz	"APB1HRSTR"                     @ string offset=1085
.Linfo_string124:
	.asciz	"APB2RSTR"                      @ string offset=1095
.Linfo_string125:
	.asciz	"APB4RSTR"                      @ string offset=1104
.Linfo_string126:
	.asciz	"GCR"                           @ string offset=1113
.Linfo_string127:
	.asciz	"D3AMR"                         @ string offset=1117
.Linfo_string128:
	.asciz	"RESERVED11"                    @ string offset=1123
.Linfo_string129:
	.asciz	"RSR"                           @ string offset=1134
.Linfo_string130:
	.asciz	"AHB3ENR"                       @ string offset=1138
.Linfo_string131:
	.asciz	"AHB1ENR"                       @ string offset=1146
.Linfo_string132:
	.asciz	"AHB2ENR"                       @ string offset=1154
.Linfo_string133:
	.asciz	"AHB4ENR"                       @ string offset=1162
.Linfo_string134:
	.asciz	"APB3ENR"                       @ string offset=1170
.Linfo_string135:
	.asciz	"APB1LENR"                      @ string offset=1178
.Linfo_string136:
	.asciz	"APB1HENR"                      @ string offset=1187
.Linfo_string137:
	.asciz	"APB2ENR"                       @ string offset=1196
.Linfo_string138:
	.asciz	"APB4ENR"                       @ string offset=1204
.Linfo_string139:
	.asciz	"RESERVED12"                    @ string offset=1212
.Linfo_string140:
	.asciz	"AHB3LPENR"                     @ string offset=1223
.Linfo_string141:
	.asciz	"AHB1LPENR"                     @ string offset=1233
.Linfo_string142:
	.asciz	"AHB2LPENR"                     @ string offset=1243
.Linfo_string143:
	.asciz	"AHB4LPENR"                     @ string offset=1253
.Linfo_string144:
	.asciz	"APB3LPENR"                     @ string offset=1263
.Linfo_string145:
	.asciz	"APB1LLPENR"                    @ string offset=1273
.Linfo_string146:
	.asciz	"APB1HLPENR"                    @ string offset=1284
.Linfo_string147:
	.asciz	"APB2LPENR"                     @ string offset=1295
.Linfo_string148:
	.asciz	"APB4LPENR"                     @ string offset=1305
.Linfo_string149:
	.asciz	"RESERVED13"                    @ string offset=1315
.Linfo_string150:
	.asciz	"RCC_TypeDef"                   @ string offset=1326
.Linfo_string151:
	.asciz	"BTCR"                          @ string offset=1338
.Linfo_string152:
	.asciz	"FMC_Bank1_TypeDef"             @ string offset=1343
.Linfo_string153:
	.asciz	"float"                         @ string offset=1361
.Linfo_string154:
	.asciz	"float_t"                       @ string offset=1367
.Linfo_string155:
	.asciz	"CSR1"                          @ string offset=1375
.Linfo_string156:
	.asciz	"CR2"                           @ string offset=1380
.Linfo_string157:
	.asciz	"CR3"                           @ string offset=1384
.Linfo_string158:
	.asciz	"CPUCR"                         @ string offset=1388
.Linfo_string159:
	.asciz	"D3CR"                          @ string offset=1394
.Linfo_string160:
	.asciz	"WKUPCR"                        @ string offset=1399
.Linfo_string161:
	.asciz	"WKUPFR"                        @ string offset=1406
.Linfo_string162:
	.asciz	"WKUPEPR"                       @ string offset=1413
.Linfo_string163:
	.asciz	"PWR_TypeDef"                   @ string offset=1421
.Linfo_string164:
	.asciz	"SystemInit"                    @ string offset=1433
.Linfo_string165:
	.asciz	"SystemCoreClockUpdate"         @ string offset=1444
.Linfo_string166:
	.asciz	"ExitRun0Mode"                  @ string offset=1466
.Linfo_string167:
	.asciz	"pllp"                          @ string offset=1479
.Linfo_string168:
	.asciz	"pllsource"                     @ string offset=1484
.Linfo_string169:
	.asciz	"pllm"                          @ string offset=1494
.Linfo_string170:
	.asciz	"pllfracen"                     @ string offset=1499
.Linfo_string171:
	.asciz	"hsivalue"                      @ string offset=1509
.Linfo_string172:
	.asciz	"tmp"                           @ string offset=1518
.Linfo_string173:
	.asciz	"common_system_clock"           @ string offset=1522
.Linfo_string174:
	.asciz	"fracn1"                        @ string offset=1542
.Linfo_string175:
	.asciz	"pllvco"                        @ string offset=1549
	.ident	"Component: Arm Compiler for Embedded 6.24 Tool: armclang [5f371800]"
	.section	".note.GNU-stack","",%progbits
	.eabi_attribute	30, 6	@ Tag_ABI_optimization_goals
	.ARM_attribute	16, 1	@ Tag_AV_eba
	.section	.debug_line,"",%progbits
.Lline_table_start0:
